timestamp,frame,scenario,detection,confidence,model_xmin,model_ymin,model_xmax,model_ymax,camera_xmin,camera_ymin,camera_xmax,camera_ymax,center_x,center_y,bottom_center_x,bottom_center_y,normalized_center_x,normalized_center_y,normalized_bottom_center_x,normalized_bottom_center_y,box_width_px,box_height_px,size_class
2026-08-12T15:18:53.302,1,unlabeled,1,0.2363237887620926,33.26327705383301,112.01049506664276,151.36618995666504,240.0,66.52655410766602,224.02099013328552,302.7323799133301,480.0,184.62946701049805,352.01049506664276,184.62946701049805,480.0,0.2884835422039032,0.7333551980555058,0.2884835422039032,1.0,118.10291290283203,127.98950493335724,regular_ge32
2026-08-12T15:18:53.969,2,unlabeled,1,0.40887001156806946,102.39105939865112,129.28316283226013,179.96715784072876,239.2528383731842,204.78211879730225,258.56632566452026,359.9343156814575,478.5056767463684,282.3582172393799,368.53600120544434,282.3582172393799,478.5056767463684,0.44118471443653107,0.7677833358446757,0.44118471443653107,0.9968868265549342,77.57609844207764,109.96967554092407,regular_ge32
2026-08-12T15:18:54.134,3,unlabeled,1,0.43337342143058777,107.80678486824036,136.2607762813568,185.382883310318,238.29992508888245,215.6135697364807,272.5215525627136,370.765766620636,476.5998501777649,293.18966817855835,374.56070137023926,293.18966817855835,476.5998501777649,0.4581088565289974,0.7803347945213318,0.4581088565289974,0.9929163545370102,77.57609844207764,102.03914880752563,regular_ge32
2026-08-12T15:18:54.230,4,unlabeled,1,0.2880568504333496,148.30588388442993,143.8499813079834,186.09090852737427,240.0,296.61176776885986,287.6999626159668,372.18181705474854,480.0,334.3967924118042,383.8499813079834,334.3967924118042,480.0,0.5224949881434441,0.7996874610582988,0.5224949881434441,1.0,37.785024642944336,96.1500186920166,regular_ge32
2026-08-12T15:18:54.314,5,unlabeled,1,0.4498997628688812,119.71838474273682,150.69142889976501,189.69031810760498,239.26861357688904,239.43676948547363,301.38285779953003,379.38063621520996,478.5372271537781,309.4087028503418,389.96004247665405,309.4087028503418,478.5372271537781,0.48345109820365906,0.8124167551596959,0.48345109820365906,0.996952556570371,69.97193336486816,88.57718467712402,regular_ge32
2026-08-12T15:18:54.392,6,unlabeled,1,0.4832499325275421,118.67425727844238,153.85346841812134,190.4956512451172,238.71886205673218,237.34851455688477,307.7069368362427,380.9913024902344,477.43772411346436,309.16990852355957,392.5723304748535,309.16990852355957,477.43772411346436,0.48307798206806185,0.8178590218226115,0.48307798206806185,0.9946619252363841,71.8213939666748,84.86539363861084,regular_ge32
2026-08-12T15:18:54.486,7,unlabeled,1,0.4169939160346985,116.73461055755615,155.42762064933777,190.43993091583252,238.463769197464,233.4692211151123,310.85524129867554,380.87986183166504,476.927538394928,307.1745414733887,393.89138984680176,307.1745414733887,476.927538394928,0.4799602210521698,0.820607062180837,0.4799602210521698,0.9935990383227666,73.70532035827637,83.03614854812622,regular_ge32
2026-08-12T15:18:54.568,8,unlabeled,1,0.4832499325275421,110.06699872016907,154.3992257118225,185.6906111240387,239.26461935043335,220.13399744033813,308.798451423645,371.3812222480774,478.5292387008667,295.75760984420776,393.66384506225586,295.75760984420776,478.5292387008667,0.4621212653815746,0.8201330105463663,0.4621212653815746,0.9969359139601389,75.62361240386963,84.86539363861084,regular_ge32
2026-08-12T15:18:54.696,9,unlabeled,1,0.4498997628688812,113.51376390457153,155.10304641723633,183.4856972694397,239.96844005584717,227.02752780914307,310.20609283447266,366.9713945388794,479.93688011169434,296.99946117401123,395.0714864730835,296.99946117401123,479.93688011169434,0.46406165808439254,0.823065596818924,0.46406165808439254,0.9998685002326966,69.97193336486816,84.86539363861084,regular_ge32
2026-08-12T15:18:54.778,10,unlabeled,1,0.3690716028213501,114.20733547210693,156.89861488342285,178.83826351165771,240.0,228.41467094421387,313.7972297668457,357.67652702331543,480.0,293.04559898376465,396.89861488342285,293.04559898376465,480.0,0.45788374841213225,0.8268721143404643,0.45788374841213225,1.0,64.63092803955078,83.10138511657715,regular_ge32
2026-08-12T15:18:54.868,11,unlabeled,1,0.4169939160346985,108.42803907394409,161.3486578464508,174.80472993850708,240.0,216.85607814788818,322.6973156929016,349.60945987701416,480.0,283.2327690124512,401.3486578464508,283.2327690124512,480.0,0.44255120158195493,0.8361430371801059,0.44255120158195493,1.0,66.37669086456299,78.6513421535492,regular_ge32
2026-08-12T15:18:54.948,12,unlabeled,1,0.4916226267814636,109.23213768005371,161.74071145057678,173.8630657196045,240.0,218.46427536010742,323.48142290115356,347.726131439209,480.0,283.0952033996582,401.7407114505768,283.0952033996582,480.0,0.44233625531196596,0.8369598155220349,0.44233625531196596,1.0,64.63092803955078,78.25928854942322,regular_ge32
2026-08-12T15:18:55.023,13,unlabeled,1,0.5501002073287964,106.42289066314697,164.22232723236084,174.5799150466919,240.0,212.84578132629395,328.4446544647217,349.1598300933838,480.0,281.00280570983887,404.22232723236084,281.00280570983887,480.0,0.43906688392162324,0.8421298484007518,0.43906688392162324,1.0,68.15702438354492,75.77767276763916,regular_ge32
2026-08-12T15:18:55.115,14,unlabeled,1,0.5417929887771606,102.64760875701904,164.10080647468567,176.3529291152954,240.0,205.2952175140381,328.20161294937134,352.7058582305908,480.0,279.00053787231445,404.10080647468567,279.00053787231445,480.0,0.43593834042549134,0.8418766801555951,0.43593834042549134,1.0,73.70532035827637,75.89919352531433,regular_ge32
2026-08-12T15:18:55.202,15,unlabeled,1,0.5501002073287964,103.16921043395996,165.38684272766113,176.87453079223633,240.0,206.33842086791992,330.77368545532227,353.74906158447266,480.0,280.0437412261963,405.38684272766113,280.0437412261963,480.0,0.4375683456659317,0.844555922349294,0.4375683456659317,1.0,73.70532035827637,74.61315727233887,regular_ge32
2026-08-12T15:18:55.299,16,unlabeled,1,0.4748867154121399,102.96112298965454,168.03919219970703,180.53722143173218,240.0,205.92224597930908,336.07838439941406,361.07444286346436,480.0,283.4983444213867,408.03919219970703,283.4983444213867,480.0,0.44296616315841675,0.8500816504160563,0.44296616315841675,1.0,77.57609844207764,71.96080780029297,regular_ge32
2026-08-12T15:18:55.380,17,unlabeled,1,0.40887001156806946,108.53078532218933,167.387619972229,186.10688376426697,240.0,217.06157064437866,334.775239944458,372.21376752853394,480.0,294.6376690864563,407.387619972229,294.6376690864563,480.0,0.460371357947588,0.8487242082754771,0.460371357947588,1.0,77.57609844207764,72.612380027771,regular_ge32
2026-08-12T15:18:55.483,18,unlabeled,1,0.4498997628688812,108.29784727096558,165.44134497642517,187.86043500900269,240.0,216.59569454193115,330.88268995285034,375.72087001800537,480.0,296.15828227996826,405.44134497642517,296.15828227996826,480.0,0.4627473160624504,0.8446694687008858,0.4627473160624504,1.0,79.56258773803711,74.55865502357483,regular_ge32
2026-08-12T15:18:55.641,20,unlabeled,1,0.31630825996398926,116.94365406036377,163.01104354858398,176.5440788269043,240.0,233.88730812072754,326.02208709716797,353.0881576538086,480.0,293.48773288726807,403.011043548584,293.48773288726807,480.0,0.45857458263635636,0.8396063407262166,0.45857458263635636,1.0,59.60042476654053,76.98895645141602,regular_ge32
2026-08-12T15:18:56.203,26,unlabeled,1,0.20742715895175934,124.91482830047607,162.44482135772705,171.2434539794922,238.35880374908447,249.82965660095215,324.8896427154541,342.4869079589844,476.71760749816895,296.15828227996826,400.8036251068115,296.15828227996826,476.71760749816895,0.4627473160624504,0.8350075523058573,0.4627473160624504,0.993161682287852,46.32862567901611,75.91398239135742,regular_ge32
2026-08-12T15:18:56.372,28,unlabeled,1,0.30910593271255493,121.67161178588867,179.30482602119446,172.12760162353516,240.0,243.34322357177734,358.6096520423889,344.2552032470703,480.0,293.7992134094238,419.30482602119446,293.7992134094238,480.0,0.4590612709522247,0.8735517208774884,0.4590612709522247,1.0,50.455989837646484,60.69517397880554,regular_ge32
2026-08-12T15:18:56.455,29,unlabeled,1,0.20742715895175934,123.06345415115356,166.62112283706665,170.73575925827026,240.0,246.12690830230713,333.2422456741333,341.4715185165405,480.0,293.7992134094238,406.62112283706665,293.7992134094238,480.0,0.4590612709522247,0.8471273392438888,0.4590612709522247,1.0,47.6723051071167,73.37887716293335,regular_ge32
2026-08-12T15:18:56.531,30,unlabeled,1,0.3384403884410858,120.90588665008545,174.9082441329956,174.27625274658203,237.63562870025635,241.8117733001709,349.8164882659912,348.55250549316406,475.2712574005127,295.1821393966675,412.54387283325195,295.1821393966675,475.2712574005127,0.4612220928072929,0.8594664017359416,0.4612220928072929,0.9901484529177348,53.37036609649658,62.72738456726074,regular_ge32
2026-08-12T15:18:56.623,31,unlabeled,1,0.400795578956604,118.066077709198,176.45723807811737,176.05821180343628,240.0,236.132155418396,352.91447615623474,352.11642360687256,480.0,294.1242895126343,416.45723807811737,294.1242895126343,480.0,0.4595692023634911,0.8676192459960779,0.4595692023634911,1.0,57.99213409423828,63.54276192188263,regular_ge32
2026-08-12T15:18:56.703,32,unlabeled,1,0.31630825996398926,121.81454753875732,177.79840552806854,175.1849136352539,240.0,243.62909507751465,355.5968110561371,350.3698272705078,480.0,296.99946117401123,417.79840552806854,296.99946117401123,480.0,0.46406165808439254,0.8704133448501428,0.46406165808439254,1.0,53.37036609649658,62.20159447193146,regular_ge32
2026-08-12T15:18:56.791,33,unlabeled,1,0.2363237887620926,124.98563385009766,177.12897264957428,176.88231563568115,240.0,249.9712677001953,354.25794529914856,353.7646312713623,480.0,301.8679494857788,417.1289726495743,301.8679494857788,480.0,0.4716686710715294,0.8690186930199464,0.4716686710715294,1.0,51.896681785583496,62.87102735042572,regular_ge32
2026-08-12T15:18:56.873,34,unlabeled,1,0.23032912611961365,126.63796710968018,177.8727399110794,177.09395694732666,240.0,253.27593421936035,355.7454798221588,354.1879138946533,480.0,303.73192405700684,417.8727399110794,303.73192405700684,480.0,0.4745811313390732,0.8705682081480821,0.4745811313390732,1.0,50.455989837646484,62.12726008892059,regular_ge32
2026-08-12T15:18:56.962,35,unlabeled,1,0.2549463212490082,124.51321315765381,177.79840552806854,177.8835792541504,240.0,249.02642631530762,355.5968110561371,355.7671585083008,480.0,302.3967924118042,417.79840552806854,302.3967924118042,480.0,0.47249498814344404,0.8704133448501428,0.47249498814344404,1.0,53.37036609649658,62.20159447193146,regular_ge32
2026-08-12T15:18:57.051,36,unlabeled,1,0.22444185614585876,114.24628162384033,178.76256144046783,186.06767559051514,239.9496785402298,228.49256324768066,357.52512288093567,372.1353511810303,479.8993570804596,300.31395721435547,418.71223998069763,300.31395721435547,479.8993570804596,0.46924055814743043,0.8723171666264534,0.46924055814743043,0.9997903272509575,71.8213939666748,61.18711709976196,regular_ge32
2026-08-12T15:18:57.132,37,unlabeled,1,0.3019951581954956,114.07496547698975,179.18968331813812,184.0468988418579,238.86162412166595,228.1499309539795,358.37936663627625,368.0937976837158,477.7232482433319,298.12186431884766,418.0513074398041,298.12186431884766,477.7232482433319,0.46581541299819945,0.8709402238329251,0.46581541299819945,0.9952567671736081,69.97193336486816,59.67194080352783,regular_ge32
2026-08-12T15:18:57.218,38,unlabeled,1,0.39277467131614685,114.78978395462036,177.0901929140091,181.16647481918335,240.0,229.57956790924072,354.1803858280182,362.3329496383667,480.0,295.9562587738037,417.0901929140091,295.9562587738037,480.0,0.4624316543340683,0.8689379019041856,0.4624316543340683,1.0,66.37669086456299,62.909807085990906,regular_ge32
2026-08-12T15:18:57.308,39,unlabeled,1,0.37690892815589905,119.57225966453552,177.79840552806854,175.99010157585144,240.0,239.14451932907104,355.5968110561371,351.9802031517029,480.0,295.56236124038696,417.79840552806854,295.56236124038696,480.0,0.46181618943810465,0.8704133448501428,0.46181618943810465,1.0,56.41784191131592,62.20159447193146,regular_ge32
2026-08-12T15:18:57.394,40,unlabeled,1,0.37690892815589905,121.83283972740173,178.56853926181793,173.72952151298523,239.7556563615799,243.66567945480347,357.13707852363586,347.45904302597046,479.5113127231598,295.56236124038696,418.3241956233978,295.56236124038696,479.5113127231598,0.46181618943810465,0.8715087408820789,0.46181618943810465,0.998981901506583,51.896681785583496,61.18711709976196,regular_ge32
2026-08-12T15:18:57.485,41,unlabeled,1,0.3848111629486084,120.74316120147705,177.9115196466446,175.62049007415771,240.0,241.4863224029541,355.8230392932892,351.24098014831543,480.0,296.36365127563477,417.9115196466446,296.36365127563477,480.0,0.4630682051181793,0.8706489992638429,0.4630682051181793,1.0,54.877328872680664,62.08848035335541,regular_ge32
2026-08-12T15:18:57.569,42,unlabeled,1,0.36130279302597046,121.7069582939148,178.76256144046783,175.07732439041138,239.9496785402298,243.4139165878296,357.52512288093567,350.15464878082275,479.8993570804596,296.7842826843262,418.71223998069763,296.7842826843262,479.8993570804596,0.46372544169425967,0.8723171666264534,0.46372544169425967,0.9997903272509575,53.37036609649658,61.18711709976196,regular_ge32
2026-08-12T15:18:57.646,43,unlabeled,1,0.3848111629486084,120.18322038650513,177.99242770671844,176.60106229782104,240.0,240.36644077301025,355.9848554134369,353.2021245956421,480.0,296.7842826843262,417.99242770671844,296.7842826843262,480.0,0.46372544169425967,0.87081755772233,0.46372544169425967,1.0,56.41784191131592,62.007572293281555,regular_ge32
2026-08-12T15:18:57.730,44,unlabeled,1,0.36130279302597046,117.03988647460938,177.99242770671844,179.95957469940186,240.0,234.07977294921875,355.9848554134369,359.9191493988037,480.0,296.99946117401123,417.99242770671844,296.99946117401123,480.0,0.46406165808439254,0.87081755772233,0.46406165808439254,1.0,62.91968822479248,62.007572293281555,regular_ge32
2026-08-12T15:18:57.814,45,unlabeled,1,0.3384403884410858,115.64357709884644,177.8727399110794,182.02026796340942,240.0,231.28715419769287,355.7454798221588,364.04053592681885,480.0,297.66384506225586,417.8727399110794,297.66384506225586,480.0,0.46509975790977476,0.8705682081480821,0.46509975790977476,1.0,66.37669086456299,62.12726008892059,regular_ge32
2026-08-12T15:18:57.889,46,unlabeled,1,0.33097806572914124,120.35676622390747,178.72154104709625,179.957190990448,239.90865814685822,240.71353244781494,357.4430820941925,359.914381980896,479.81731629371643,300.31395721435547,418.63019919395447,300.31395721435547,479.81731629371643,0.46924055814743043,0.8721462483207385,0.46924055814743043,0.9996194089452426,59.60042476654053,61.18711709976196,regular_ge32
2026-08-12T15:18:57.980,47,unlabeled,1,0.3690716028213501,120.10493326187134,177.05249619483948,179.70535802841187,240.0,240.20986652374268,354.10499238967896,359.41071605682373,480.0,299.8102912902832,417.0524961948395,299.8102912902832,480.0,0.4684535801410675,0.8688593670725823,0.4684535801410675,1.0,59.60042476654053,62.94750380516052,regular_ge32
2026-08-12T15:18:58.063,48,unlabeled,1,0.35360580682754517,122.37574911117554,177.63025856018066,175.74611520767212,240.0,244.75149822235107,355.2605171203613,351.49223041534424,480.0,298.12186431884766,417.63025856018066,298.12186431884766,480.0,0.46581541299819945,0.870063038667043,0.46581541299819945,1.0,53.37036609649658,62.369741439819336,regular_ge32
2026-08-12T15:18:58.146,49,unlabeled,1,0.37690892815589905,120.6404767036438,177.7628024816513,175.51780557632446,240.0,241.2809534072876,355.5256049633026,351.0356111526489,480.0,296.15828227996826,417.7628024816513,296.15828227996826,480.0,0.4627473160624504,0.8703391718367736,0.4627473160624504,1.0,54.877328872680664,62.237197518348694,regular_ge32
2026-08-12T15:18:58.224,50,unlabeled,1,0.35360580682754517,120.29080963134766,177.56958085298538,176.70865154266357,240.0,240.5816192626953,355.13916170597076,353.41730308532715,480.0,296.99946117401123,417.5695808529854,296.99946117401123,480.0,0.46406165808439254,0.8699366267770529,0.46406165808439254,1.0,56.41784191131592,62.43041914701462,regular_ge32
2026-08-12T15:18:58.322,51,unlabeled,1,0.3019951581954956,103.55626964569092,178.03460586071014,177.26159000396729,240.0,207.11253929138184,356.0692117214203,354.52318000793457,480.0,280.8178596496582,418.03460586071014,280.8178596496582,480.0,0.43877790570259095,0.8709054288764795,0.43877790570259095,1.0,73.70532035827637,61.965394139289856,regular_ge32
2026-08-12T15:18:58.406,52,unlabeled,1,0.3384403884410858,102.71025371551514,185.5032606124878,133.35083198547363,236.62102890014648,205.42050743103027,371.0065212249756,266.70166397094727,473.24205780029297,236.06108570098877,422.1242895126343,236.06108570098877,473.24205780029297,0.36884544640779493,0.8794256031513215,0.36884544640779493,0.9859209537506104,30.640578269958496,51.11776828765869,regular_ge32
2026-08-12T15:18:58.406,52,unlabeled,2,0.3384403884410858,130.221764087677,177.9115196466446,172.707435131073,240.0,260.443528175354,355.8230392932892,345.414870262146,480.0,302.92919921875,417.9115196466446,302.92919921875,480.0,0.4733268737792969,0.8706489992638429,0.4733268737792969,1.0,42.485671043395996,62.08848035335541,regular_ge32
2026-08-12T15:18:58.482,53,unlabeled,1,0.36130279302597046,131.63498735427856,177.99242770671844,172.90101385116577,240.0,263.26997470855713,355.9848554134369,345.80202770233154,480.0,304.53600120544434,417.99242770671844,304.53600120544434,480.0,0.47583750188350676,0.87081755772233,0.47583750188350676,1.0,41.26602649688721,62.007572293281555,regular_ge32
2026-08-12T15:18:58.482,53,unlabeled,2,0.24242530763149261,102.3290765285492,174.57295942306519,126.30378603935242,234.24490022659302,204.6581530570984,349.14591884613037,252.60757207870483,468.48980045318604,228.6328625679016,408.8178596496582,228.6328625679016,468.48980045318604,0.35723884776234627,0.8517038742701213,0.35723884776234627,0.9760204176108043,23.974709510803223,59.67194080352783,regular_ge32
2026-08-12T15:18:58.578,54,unlabeled,1,0.3384403884410858,126.96645736694336,172.3627688884735,174.63876247406006,239.85872769355774,253.93291473388672,344.725537776947,349.2775249481201,479.7174553871155,301.6052198410034,412.22149658203125,301.6052198410034,479.7174553871155,0.47125815600156784,0.8587947845458984,0.47125815600156784,0.9994113653898239,47.6723051071167,67.49595880508423,regular_ge32
2026-08-12T15:18:58.578,54,unlabeled,2,0.30910593271255493,102.30419635772705,169.18185901641846,127.03284025192261,233.47433757781982,204.6083927154541,338.3637180328369,254.06568050384521,466.94867515563965,229.33703660964966,402.6561965942383,229.33703660964966,466.94867515563965,0.3583391197025776,0.8388670762379964,0.3583391197025776,0.9728097399075826,24.728643894195557,64.29247856140137,regular_ge32
2026-08-12T15:18:58.578,54,unlabeled,3,0.21299070119857788,136.4254777431488,219.52519631385803,161.92971634864807,240.0,272.8509554862976,439.05039262771606,323.85943269729614,480.0,298.3551940917969,459.52519631385803,298.3551940917969,480.0,0.46617999076843264,0.9573441589872043,0.46617999076843264,1.0,25.504238605499268,20.474803686141968,small_16_32
2026-08-12T15:18:58.668,55,unlabeled,1,0.5083773732185364,105.34396195411682,165.1859953403473,127.87385725975037,232.68195414543152,210.68792390823364,330.3719906806946,255.74771451950073,465.36390829086304,233.2178192138672,397.8679494857788,233.2178192138672,465.36390829086304,0.3644028425216675,0.8288915614287059,0.3644028425216675,0.9695081422726314,22.529895305633545,67.49595880508423,regular_ge32
2026-08-12T15:18:58.668,55,unlabeled,2,0.3690716028213501,127.77611684799194,172.53614044189453,172.79267263412476,238.41826057434082,255.5522336959839,345.07228088378906,345.5853452682495,476.83652114868164,300.5687894821167,410.95440101623535,300.5687894821167,476.83652114868164,0.4696387335658073,0.856155002117157,0.4696387335658073,0.9934094190597534,45.01655578613281,65.88212013244629,regular_ge32
2026-08-12T15:18:58.668,55,unlabeled,3,0.23032912611961365,135.11915349960327,218.88383650779724,163.95233297348022,240.0,270.23830699920654,437.7676730155945,327.90466594696045,480.0,299.0714864730835,458.88383650779724,299.0714864730835,480.0,0.467299197614193,0.9560079927245776,0.467299197614193,1.0,28.833179473876953,21.11616349220276,small_16_32
2026-08-12T15:18:58.753,56,unlabeled,1,0.40887001156806946,106.83208179473877,171.10056495666504,127.99801063537598,233.82794952392578,213.66416358947754,342.2011299133301,255.99602127075195,467.65589904785156,234.83009243011475,404.9285144805908,234.83009243011475,467.65589904785156,0.36692201942205427,0.8436010718345642,0.36692201942205427,0.9742831230163574,21.165928840637207,62.72738456726074,regular_ge32
2026-08-12T15:18:58.753,56,unlabeled,2,0.35360580682754517,129.82309103012085,172.99563884735107,172.30876207351685,238.87775897979736,259.6461820602417,345.99127769470215,344.6175241470337,477.7555179595947,302.1318531036377,411.87339782714844,302.1318531036377,477.7555179595947,0.4720810204744339,0.8580695788065592,0.4720810204744339,0.9953239957491556,42.485671043395996,65.88212013244629,regular_ge32
2026-08-12T15:18:58.848,57,unlabeled,1,0.400795578956604,106.27079558372498,171.46161937713623,128.80069088935852,235.7540979385376,212.54159116744995,342.92323875427246,257.60138177871704,471.5081958770752,235.0714864730835,407.2157173156738,235.0714864730835,471.5081958770752,0.36729919761419294,0.8483660777409872,0.36729919761419294,0.9823087414105733,22.529895305633545,64.29247856140137,regular_ge32
2026-08-12T15:18:58.848,57,unlabeled,2,0.35360580682754517,132.4727702140808,177.97804427146912,174.9584412574768,240.0,264.9455404281616,355.95608854293823,349.9168825149536,480.0,307.4312114715576,417.9780442714691,307.4312114715576,480.0,0.4803612679243088,0.8707875922322273,0.4803612679243088,1.0,42.485671043395996,62.021955728530884,regular_ge32
2026-08-12T15:18:58.950,58,unlabeled,1,0.3384403884410858,129.08990955352783,177.33998823165894,174.10646533966064,240.0,258.17981910705566,354.67997646331787,348.2129306793213,480.0,303.1963748931885,417.33998823165894,303.1963748931885,480.0,0.473744335770607,0.8694583088159561,0.473744335770607,1.0,45.01655578613281,62.660011768341064,regular_ge32
2026-08-12T15:18:58.950,58,unlabeled,2,0.23032912611961365,104.07508111000061,175.1018853187561,135.65684294700623,234.77382612228394,208.15016222000122,350.2037706375122,271.31368589401245,469.54765224456787,239.73192405700684,409.87571144104004,239.73192405700684,469.54765224456787,0.37458113133907317,0.8539077321688334,0.37458113133907317,0.9782242755095164,31.581761837005615,59.67194080352783,regular_ge32
2026-08-12T15:18:59.044,59,unlabeled,1,0.36130279302597046,130.02712154388428,177.16886031627655,175.0436773300171,240.0,260.05424308776855,354.3377206325531,350.0873546600342,480.0,305.07079887390137,417.16886031627655,305.07079887390137,480.0,0.4766731232404709,0.8691017923255762,0.4766731232404709,1.0,45.01655578613281,62.83113968372345,regular_ge32
2026-08-12T15:18:59.044,59,unlabeled,2,0.218662291765213,103.57174491882324,173.13771057128906,141.35676956176758,235.8650951385498,207.14348983764648,346.2754211425781,282.71353912353516,471.7301902770996,244.92851448059082,409.00280570983887,244.92851448059082,471.7301902770996,0.38270080387592315,0.8520891785621643,0.38270080387592315,0.9827712297439575,37.785024642944336,62.72738456726074,regular_ge32
2026-08-12T15:18:59.140,60,unlabeled,1,0.36130279302597046,123.25567865371704,172.93692088127136,179.67352056503296,240.0,246.51135730743408,345.8738417625427,359.3470411300659,480.0,302.92919921875,412.93692088127136,302.92919921875,480.0,0.4733268737792969,0.860285251835982,0.4733268737792969,1.0,56.41784191131592,67.06307911872864,regular_ge32
2026-08-12T15:18:59.140,60,unlabeled,2,0.24242530763149261,107.42643165588379,174.17489504814148,136.25961112976074,235.36201214790344,214.85286331176758,348.34979009628296,272.5192222595215,470.7240242958069,243.68604278564453,409.5369071960449,243.68604278564453,470.7240242958069,0.3807594418525696,0.8532018899917603,0.3807594418525696,0.9806750506162644,28.833179473876953,61.18711709976196,regular_ge32
2026-08-12T15:18:59.232,61,unlabeled,1,0.36130279302597046,124.69537353515625,172.81036162376404,179.5727024078369,240.0,249.3907470703125,345.6207232475281,359.1454048156738,480.0,304.26807594299316,412.81036162376404,304.26807594299316,480.0,0.4754188686609268,0.8600215867161751,0.4754188686609268,1.0,54.877328872680664,67.18963837623596,regular_ge32
2026-08-12T15:18:59.232,61,unlabeled,2,0.2949781119823456,108.11187291145325,173.31747245788574,136.07783579826355,236.04485702514648,216.2237458229065,346.6349449157715,272.1556715965271,472.08971405029297,244.1897087097168,409.3623294830322,244.1897087097168,472.08971405029297,0.3815464198589325,0.8528381864229838,0.3815464198589325,0.983520237604777,27.965962886810303,62.72738456726074,regular_ge32
2026-08-12T15:18:59.312,62,unlabeled,1,0.37690892815589905,126.50400400161743,173.3818588256836,176.95999383926392,239.26397895812988,253.00800800323486,346.7637176513672,353.91998767852783,478.52795791625977,303.46399784088135,412.6458377838135,303.46399784088135,478.52795791625977,0.4741624966263771,0.8596788287162781,0.4741624966263771,0.9969332456588745,50.455989837646484,65.88212013244629,regular_ge32
2026-08-12T15:18:59.312,62,unlabeled,2,0.34598395228385925,107.60198211669922,171.46786975860596,137.3265323638916,237.34998989105225,215.20396423339844,342.9357395172119,274.6530647277832,474.6999797821045,244.92851448059082,408.8178596496582,244.92851448059082,474.6999797821045,0.38270080387592315,0.8517038742701213,0.38270080387592315,0.9889582912127177,29.724550247192383,65.88212013244629,regular_ge32
2026-08-12T15:18:59.404,63,unlabeled,1,0.3690716028213501,130.53396034240723,177.25205886363983,174.2696647644043,240.0,261.06792068481445,354.50411772727966,348.5393295288086,480.0,304.8036251068115,417.25205886363983,304.8036251068115,480.0,0.476255664229393,0.869275122632583,0.476255664229393,1.0,43.73570442199707,62.74794113636017,regular_ge32
2026-08-12T15:18:59.404,63,unlabeled,2,0.30910593271255493,107.76689839363098,173.4047613143921,134.8892982006073,236.13214588165283,215.53379678726196,346.8095226287842,269.7785964012146,472.26429176330566,242.65619659423828,409.5369071960449,242.65619659423828,472.26429176330566,0.3791503071784973,0.8532018899917603,0.3791503071784973,0.9838839411735535,27.12239980697632,62.72738456726074,regular_ge32
2026-08-12T15:18:59.493,64,unlabeled,1,0.40887001156806946,123.83250379562378,177.66196143627167,175.72918558120728,240.0,247.66500759124756,355.32392287254333,351.45837116241455,480.0,299.56168937683105,417.66196143627167,299.56168937683105,480.0,0.46806513965129853,0.870129086325566,0.46806513965129853,1.0,51.896681785583496,62.33803856372833,regular_ge32
2026-08-12T15:18:59.579,65,unlabeled,1,0.34598395228385925,120.10493326187134,178.49834370613098,179.70535802841187,239.68546080589294,240.20986652374268,356.99668741226196,359.41071605682373,479.3709216117859,299.8102912902832,418.1838045120239,299.8102912902832,479.3709216117859,0.4684535801410675,0.8712162594000499,0.4684535801410675,0.998689420024554,59.60042476654053,61.18711709976196,regular_ge32
2026-08-12T15:18:59.678,66,unlabeled,1,0.36130279302597046,97.03499794006348,178.2153958082199,168.85639190673828,240.0,194.06999588012695,356.4307916164398,337.71278381347656,480.0,265.89138984680176,418.2153958082199,265.89138984680176,480.0,0.41545529663562775,0.8712820746004581,0.41545529663562775,1.0,71.8213939666748,61.78460419178009,regular_ge32
2026-08-12T15:18:59.754,67,unlabeled,1,0.30910593271255493,126.96645736694336,177.45851469039917,174.63876247406006,240.0,253.93291473388672,354.91702938079834,349.2775249481201,480.0,301.6052198410034,417.45851469039917,301.6052198410034,480.0,0.47125815600156784,0.8697052389383316,0.47125815600156784,1.0,47.6723051071167,62.54148530960083,regular_ge32
2026-08-12T15:18:59.849,68,unlabeled,1,0.3019951581954956,121.97638177871704,176.67596769332886,176.8537106513977,240.0,243.95276355743408,353.3519353866577,353.7074213027954,480.0,298.83009243011475,416.67596769332886,298.83009243011475,480.0,0.4669220194220543,0.8680749326944351,0.4669220194220543,1.0,54.877328872680664,63.32403230667114,regular_ge32
2026-08-12T15:18:59.938,69,unlabeled,1,0.32359981536865234,122.21902847290039,176.94566297531128,177.09635734558105,240.0,244.43805694580078,353.89132595062256,354.1927146911621,480.0,299.31538581848145,416.9456629753113,299.31538581848145,480.0,0.46768029034137726,0.8686367978652318,0.46768029034137726,1.0,54.877328872680664,63.05433702468872,regular_ge32
2026-08-12T15:19:00.017,70,unlabeled,1,0.33097806572914124,120.73677396774292,177.59947264194489,177.15461587905884,240.0,241.47354793548584,355.19894528388977,354.3092317581177,480.0,297.89138984680176,417.5994726419449,297.89138984680176,480.0,0.46545529663562774,0.8699989013373852,0.46545529663562774,1.0,56.41784191131592,62.400527358055115,regular_ge32
2026-08-12T15:19:00.099,71,unlabeled,1,0.31630825996398926,123.59921169281006,176.84771156311035,176.96957778930664,240.0,247.19842338562012,353.6954231262207,353.9391555786133,480.0,300.5687894821167,416.84771156311035,300.5687894821167,480.0,0.4696387335658073,0.8684327324231466,0.4696387335658073,1.0,53.37036609649658,63.15228843688965,regular_ge32
2026-08-12T15:19:00.198,72,unlabeled,1,0.31630825996398926,119.98063230514526,176.70250248908997,179.5810570716858,240.0,239.96126461029053,353.40500497817993,359.1621141433716,480.0,299.56168937683105,416.70250248908997,299.56168937683105,480.0,0.46806513965129853,0.8681302135189374,0.46806513965129853,1.0,59.60042476654053,63.297497510910034,regular_ge32
2026-08-12T15:19:00.277,73,unlabeled,1,0.30910593271255493,117.95520210266113,176.6009971499443,180.8748903274536,240.0,235.91040420532227,353.2019942998886,361.7497806549072,480.0,298.83009243011475,416.6009971499443,298.83009243011475,480.0,0.4669220194220543,0.867918744062384,0.4669220194220543,1.0,62.91968822479248,63.399002850055695,regular_ge32
2026-08-12T15:19:00.374,74,unlabeled,1,0.31630825996398926,113.50434923171997,169.97401475906372,185.32574319839478,240.0,227.00869846343994,339.94802951812744,370.65148639678955,480.0,298.83009243011475,409.9740147590637,298.83009243011475,480.0,0.4669220194220543,0.8541125307480494,0.4669220194220543,1.0,71.8213939666748,70.02598524093628,regular_ge32
2026-08-12T15:19:00.461,75,unlabeled,1,0.33097806572914124,113.26690006256104,169.97401475906372,185.08829402923584,240.0,226.53380012512207,339.94802951812744,370.1765880584717,480.0,298.3551940917969,409.9740147590637,298.3551940917969,480.0,0.46617999076843264,0.8541125307480494,0.46617999076843264,1.0,71.8213939666748,70.02598524093628,regular_ge32
2026-08-12T15:19:00.548,76,unlabeled,1,0.400795578956604,113.43173456192017,169.7085518836975,187.13705492019653,240.0,226.86346912384033,339.417103767395,374.27410984039307,480.0,300.5687894821167,409.7085518836975,300.5687894821167,480.0,0.4696387335658073,0.8535594830910365,0.4696387335658073,1.0,73.70532035827637,70.29144811630249,regular_ge32
2026-08-12T15:19:00.635,77,unlabeled,1,0.39277467131614685,114.11984586715698,169.67085695266724,185.9412398338318,240.0,228.23969173431396,339.3417139053345,371.8824796676636,480.0,300.06108570098877,409.67085695266724,300.06108570098877,480.0,0.46884544640779496,0.8534809519847234,0.46884544640779496,1.0,71.8213939666748,70.32914304733276,regular_ge32
2026-08-12T15:19:00.723,78,unlabeled,1,0.4665374755859375,113.56006908416748,168.65646028518677,187.26538944244385,240.0,227.12013816833496,337.31292057037354,374.5307788848877,480.0,300.8254585266113,408.65646028518677,300.8254585266113,480.0,0.4700397789478302,0.8513676255941391,0.4700397789478302,1.0,73.70532035827637,71.34353971481323,regular_ge32
2026-08-12T15:19:00.805,79,unlabeled,1,0.4665374755859375,110.40698480606079,168.78300523757935,191.9898076057434,240.0,220.81396961212158,337.5660104751587,383.9796152114868,480.0,302.3967924118042,408.78300523757935,302.3967924118042,480.0,0.47249498814344404,0.8516312609116237,0.47249498814344404,1.0,81.58282279968262,71.21699476242065,regular_ge32
2026-08-12T15:19:00.897,80,unlabeled,1,0.4748867154121399,111.49634552001953,168.65646028518677,189.07244396209717,240.0,222.99269104003906,337.31292057037354,378.14488792419434,480.0,300.5687894821167,408.65646028518677,300.5687894821167,480.0,0.4696387335658073,0.8513676255941391,0.4696387335658073,1.0,77.57609844207764,71.34353971481323,regular_ge32
2026-08-12T15:19:00.977,81,unlabeled,1,0.4832499325275421,111.88385343551636,167.44817543029785,189.459951877594,240.0,223.76770687103271,334.8963508605957,378.919903755188,480.0,301.34380531311035,407.44817543029785,301.34380531311035,480.0,0.4708496958017349,0.8488503654797872,0.4708496958017349,1.0,77.57609844207764,72.55182456970215,regular_ge32
2026-08-12T15:19:01.071,82,unlabeled,1,0.4832499325275421,112.14592552185059,166.49950313568115,189.72202396392822,240.0,224.29185104370117,332.9990062713623,379.44404792785645,480.0,301.8679494857788,406.49950313568115,301.8679494857788,480.0,0.4716686710715294,0.8468739648660024,0.4716686710715294,1.0,77.57609844207764,73.50049686431885,regular_ge32
2026-08-12T15:19:01.149,83,unlabeled,1,0.4832499325275421,113.25412034988403,165.68779873847961,188.87773275375366,240.0,226.50824069976807,331.37559747695923,377.7554655075073,480.0,302.1318531036377,405.6877987384796,302.1318531036377,480.0,0.4720810204744339,0.8451829140384992,0.4720810204744339,1.0,75.62361240386963,74.31220126152039,regular_ge32
2026-08-12T15:19:01.243,84,unlabeled,1,0.4916226267814636,117.11988401412964,167.1434030532837,185.27690839767456,240.0,234.23976802825928,334.2868061065674,370.5538167953491,480.0,302.3967924118042,407.1434030532837,302.3967924118042,480.0,0.47249498814344404,0.8482154230276744,0.47249498814344404,1.0,68.15702438354492,72.85659694671631,regular_ge32
2026-08-12T15:19:01.330,85,unlabeled,1,0.4665374755859375,114.50203227996826,167.1434030532837,186.32342624664307,240.0,229.00406455993652,334.2868061065674,372.64685249328613,480.0,300.8254585266113,407.1434030532837,300.8254585266113,480.0,0.4700397789478302,0.8482154230276744,0.4700397789478302,1.0,71.8213939666748,72.85659694671631,regular_ge32
2026-08-12T15:19:01.415,86,unlabeled,1,0.4832499325275421,114.11984586715698,165.93647575378418,185.9412398338318,240.0,228.23969173431396,331.87295150756836,371.8824796676636,480.0,300.06108570098877,405.9364757537842,300.06108570098877,480.0,0.46884544640779496,0.845700991153717,0.46884544640779496,1.0,71.8213939666748,74.06352424621582,regular_ge32
2026-08-12T15:19:01.490,87,unlabeled,1,0.4665374755859375,111.11709642410278,165.93647575378418,188.69319486618042,240.0,222.23419284820557,331.87295150756836,377.38638973236084,480.0,299.8102912902832,405.9364757537842,299.8102912902832,480.0,0.4684535801410675,0.845700991153717,0.4684535801410675,1.0,77.57609844207764,74.06352424621582,regular_ge32
2026-08-12T15:19:01.581,88,unlabeled,1,0.4665374755859375,109.99955081939697,165.96386814117432,189.56213855743408,240.0,219.99910163879395,331.92773628234863,379.12427711486816,480.0,299.56168937683105,405.9638681411743,299.56168937683105,480.0,0.46806513965129853,0.8457580586274465,0.46806513965129853,1.0,79.56258773803711,74.03613185882568,regular_ge32
2026-08-12T15:19:01.666,89,unlabeled,1,0.2613641023635864,121.60098218917847,160.5767800807953,174.97134828567505,240.0,243.20196437835693,321.1535601615906,349.9426965713501,480.0,296.5723304748535,400.5767800807953,296.5723304748535,480.0,0.46339426636695863,0.8345349585016568,0.46339426636695863,1.0,53.37036609649658,79.42321991920471,regular_ge32
2026-08-12T15:19:01.751,90,unlabeled,1,0.4832499325275421,109.5143551826477,165.66942501068115,189.07694292068481,240.0,219.0287103652954,331.3388500213623,378.15388584136963,480.0,298.5912981033325,405.66942501068115,298.5912981033325,480.0,0.46654890328645704,0.845144635438919,0.46654890328645704,1.0,79.56258773803711,74.33057498931885,regular_ge32
2026-08-12T15:19:01.832,91,unlabeled,1,0.34598395228385925,116.40418577194214,148.80268168449402,181.03511381149292,240.0,232.80837154388428,297.60536336898804,362.07022762298584,480.0,297.43929958343506,388.802681684494,297.43929958343506,480.0,0.4647489055991173,0.8100055868426959,0.4647489055991173,1.0,64.63092803955078,91.19731831550598,regular_ge32
2026-08-12T15:19:01.910,92,unlabeled,1,0.3384403884410858,109.67013931274414,146.353266954422,183.3754596710205,240.0,219.34027862548828,292.706533908844,366.750919342041,480.0,293.04559898376465,386.353266954422,293.04559898376465,480.0,0.45788374841213225,0.8049026394883791,0.45788374841213225,1.0,73.70532035827637,93.646733045578,regular_ge32
2026-08-12T15:19:02.003,93,unlabeled,1,0.4498997628688812,104.59070587158203,125.94756889343262,176.41209983825684,239.9203805923462,209.18141174316406,251.89513778686523,352.8241996765137,479.8407611846924,281.00280570983887,365.8679494857788,281.00280570983887,479.8407611846924,0.43906688392162324,0.7622248947620391,0.43906688392162324,0.9996682524681091,71.8213939666748,113.97281169891357,regular_ge32
2026-08-12T15:19:02.087,94,unlabeled,1,0.33097806572914124,102.95288515090942,111.60637998580933,165.8725733757019,235.62638902664185,205.90577030181885,223.21275997161865,331.7451467514038,471.2527780532837,268.8254585266113,347.2327690124512,268.8254585266113,471.2527780532837,0.4200397789478302,0.7234016021092733,0.4200397789478302,0.981776620944341,62.91968822479248,124.02000904083252,regular_ge32
2026-08-12T15:19:02.176,95,unlabeled,1,0.4169939160346985,103.21346712112427,70.7168402671814,169.59015798568726,200.74715757369995,206.42693424224854,141.4336805343628,339.1803159713745,401.4943151473999,272.8036251068115,271.46399784088135,272.8036251068115,401.4943151473999,0.426255664229393,0.5655499955018362,0.426255664229393,0.8364464898904165,66.37669086456299,130.03031730651855,regular_ge32
2026-08-12T15:19:02.264,96,unlabeled,1,0.6230911016464233,227.02404057979584,205.97859543561935,237.5119606256485,231.899540245533,454.0480811595917,411.9571908712387,475.023921251297,463.799080491066,464.53600120544434,437.87813568115234,464.53600120544434,463.799080491066,0.7258375018835068,0.9122461160024007,0.7258375018835068,0.9662480843563874,10.487920045852661,25.920944809913635,small_16_32
2026-08-12T15:19:02.264,96,unlabeled,2,0.5666266083717346,207.04111874103546,208.90016776323318,215.95607459545135,228.02834671735764,414.0822374820709,417.80033552646637,431.9121491909027,456.05669343471527,422.9971933364868,436.9285144805908,422.9971933364868,456.05669343471527,0.6609331145882607,0.9102677385012309,0.6609331145882607,0.9501181113223235,8.914955854415894,19.12817895412445,small_16_32
2026-08-12T15:19:02.264,96,unlabeled,3,0.558379590511322,241.78462672233582,200.8369441628456,251.2992136478424,225.99314826726913,483.56925344467163,401.6738883256912,502.5984272956848,451.98629653453827,493.0838403701782,426.83009243011475,493.0838403701782,451.98629653453827,0.7704435005784035,0.8892293592294057,0.7704435005784035,0.941638117780288,9.514586925506592,25.156204104423523,small_16_32
2026-08-12T15:19:02.264,96,unlabeled,4,0.400795578956604,199.90428739786148,212.0295536518097,208.53335374593735,228.40808749198914,399.80857479572296,424.0591073036194,417.0667074918747,456.81617498397827,408.4376411437988,440.4376411437988,408.4376411437988,456.81617498397827,0.6381838142871856,0.9175784190495809,0.6381838142871856,0.9517003645499548,8.629066348075867,16.378533840179443,small_16_32
2026-08-12T15:19:02.264,96,unlabeled,5,0.3848111629486084,258.9233829975128,200.6261951327324,269.0766170024872,225.03764992952347,517.8467659950256,401.2523902654648,538.1532340049744,450.07529985904694,528.0,425.66384506225586,528.0,450.07529985904694,0.825,0.886799677213033,0.825,0.9376568747063477,10.153234004974365,24.411454796791077,small_16_32
2026-08-12T15:19:02.264,96,unlabeled,6,0.36130279302597046,271.7571849822998,196.892760515213,283.3143014907837,225.23152899742126,543.5143699645996,393.785521030426,566.6286029815674,450.46305799484253,555.0714864730835,422.1242895126343,555.0714864730835,450.46305799484253,0.8672991976141929,0.8794256031513215,0.8672991976141929,0.938464704155922,11.557116508483887,28.338768482208252,small_16_32
2026-08-12T15:19:02.264,96,unlabeled,7,0.30910593271255493,302.1003496646881,174.5168217420578,320.0,232.69889557361603,604.2006993293762,349.0336434841156,640.0,465.39779114723206,622.1003496646881,407.2157173156738,622.1003496646881,465.39779114723206,0.9720317963510752,0.8483660777409872,0.9720317963510752,0.9695787315567335,17.89965033531189,58.18207383155823,regular_ge32
2026-08-12T15:19:02.264,96,unlabeled,8,0.24863308668136597,159.92480945587158,206.2548378109932,173.94314002990723,232.96087950468063,319.84961891174316,412.5096756219864,347.88628005981445,465.92175900936127,333.8679494857788,439.2157173156738,333.8679494857788,465.92175900936127,0.5216686710715294,0.9150327444076538,0.5216686710715294,0.9706703312695026,14.018330574035645,26.70604169368744,small_16_32
2026-08-12T15:19:02.264,96,unlabeled,9,0.2363237887620926,116.98741436004639,58.90816640853882,185.1444387435913,240.0,233.97482872009277,117.81633281707764,370.2888774871826,480.0,302.1318531036377,298.9081664085388,302.1318531036377,480.0,0.4720810204744339,0.6227253466844559,0.4720810204744339,1.0,68.15702438354492,181.09183359146118,regular_ge32
2026-08-12T15:19:02.359,97,unlabeled,1,0.4832499325275421,229.04763090610504,209.33594793081284,239.88088357448578,233.02226930856705,458.0952618122101,418.67189586162567,479.76176714897156,466.0445386171341,468.9285144805908,442.3582172393799,468.9285144805908,466.0445386171341,0.7327008038759232,0.9215796192487081,0.7327008038759232,0.9709261221190294,10.833252668380737,23.68632137775421,small_16_32
2026-08-12T15:19:02.359,97,unlabeled,2,0.37690892815589905,208.74324822425842,211.0414920449257,218.57213759422302,229.58797496557236,417.48649644851685,422.0829840898514,437.14427518844604,459.1759499311447,427.31538581848145,440.62946701049805,427.31538581848145,459.1759499311447,0.6676802903413772,0.9179780562718709,0.6676802903413772,0.9566165623565515,9.8288893699646,18.546482920646667,small_16_32
2026-08-12T15:19:02.359,97,unlabeled,3,0.3690716028213501,238.18640851974487,203.9596732854843,249.3759527206421,231.4715381860733,476.37281703948975,407.9193465709686,498.7519054412842,462.9430763721466,487.56236124038696,435.4312114715576,487.56236124038696,462.9430763721466,0.7618161894381046,0.9071483572324117,0.7618161894381046,0.9644647424419721,11.189544200897217,27.51186490058899,small_16_32
2026-08-12T15:19:02.359,97,unlabeled,4,0.30910593271255493,304.3051908016205,179.12228059768677,320.0,230.24004888534546,608.610381603241,358.24456119537354,640.0,460.4800977706909,624.3051908016205,409.3623294830322,624.3051908016205,460.4800977706909,0.975476860627532,0.8528381864229838,0.975476860627532,0.9593335370222728,15.694809198379517,51.11776828765869,regular_ge32
2026-08-12T15:19:02.359,97,unlabeled,5,0.30910593271255493,196.75802421569824,213.5505686402321,205.11012268066406,226.691821038723,393.5160484313965,427.1011372804642,410.2202453613281,453.383642077446,401.8681468963623,440.2423896789551,401.8681468963623,453.383642077446,0.6279189795255661,0.9171716451644898,0.6279189795255661,0.9445492543280125,8.35209846496582,13.141252398490906,tiny_lt16
2026-08-12T15:19:02.359,97,unlabeled,6,0.2949781119823456,256.9908347129822,195.8043624162674,271.0091652870178,230.55083167552948,513.9816694259644,391.6087248325348,542.0183305740356,461.10166335105896,528.0,426.3551940917969,528.0,461.10166335105896,0.825,0.8882399876912435,0.825,0.9606284653147061,14.018330574035645,34.746469259262085,regular_ge32
2026-08-12T15:19:02.359,97,unlabeled,7,0.28123316168785095,269.01522302627563,189.4381433725357,290.18115186691284,231.75152480602264,538.0304460525513,378.8762867450714,580.3623037338257,463.5030496120453,559.1963748931885,421.18966817855835,559.1963748931885,463.5030496120453,0.873744335770607,0.8774784753719965,0.873744335770607,0.9656313533584276,21.165928840637207,42.31338143348694,regular_ge32
2026-08-12T15:19:02.359,97,unlabeled,8,0.26788532733917236,106.52705037593842,62.21915626525879,184.10314881801605,182.2191562652588,213.05410075187683,124.43831253051758,368.2062976360321,364.4383125305176,290.63019919395447,244.43831253051758,290.63019919395447,364.4383125305176,0.45410968624055387,0.5092464844385783,0.45410968624055387,0.7592464844385783,77.57609844207764,120.0,regular_ge32
2026-08-12T15:19:02.359,97,unlabeled,9,0.2613641023635864,161.36658227443695,208.295660674572,174.0974155664444,234.21660548448563,322.7331645488739,416.591321349144,348.1948311328888,468.43321096897125,335.46399784088135,442.5122661590576,335.46399784088135,468.43321096897125,0.5241624966263772,0.9219005544980367,0.5241624966263772,0.9759025228520234,12.730833292007446,25.920944809913635,small_16_32
2026-08-12T15:19:02.359,97,unlabeled,10,0.21299070119857788,178.53926587104797,227.09530583024025,189.7288100719452,240.0,357.07853174209595,454.1906116604805,379.4576201438904,480.0,368.26807594299316,467.09530583024025,368.26807594299316,480.0,0.5754188686609268,0.9731152204796671,0.5754188686609268,1.0,11.189544200897217,12.90469416975975,tiny_lt16
2026-08-12T15:19:02.448,98,unlabeled,1,0.40887001156806946,112.33286786079407,63.34289741516113,182.30480122566223,214.7657127380371,224.66573572158813,126.68579483032227,364.60960245132446,429.5314254760742,294.6376690864563,278.10861015319824,294.6376690864563,429.5314254760742,0.460371357947588,0.579392937819163,0.460371357947588,0.894857136408488,69.97193336486816,151.42281532287598,regular_ge32
2026-08-12T15:19:02.448,98,unlabeled,2,0.218662291765213,241.39264726638794,226.1066693663597,255.41097784042358,240.0,482.7852945327759,452.2133387327194,510.82195568084717,480.0,496.8036251068115,466.1066693663597,496.8036251068115,480.0,0.776255664229393,0.9710555611799161,0.776255664229393,1.0,14.018330574035645,13.89333063364029,tiny_lt16
2026-08-12T15:19:02.448,98,unlabeled,3,0.21299070119857788,226.6224900484085,229.16161340475082,241.5672186613083,240.0,453.244980096817,458.32322680950165,483.1344373226166,480.0,468.1897087097168,469.1616134047508,468.1897087097168,480.0,0.7315464198589325,0.9774200279265642,0.7315464198589325,1.0,14.94472861289978,10.838386595249176,tiny_lt16
2026-08-12T15:19:02.523,99,unlabeled,1,0.33097806572914124,225.7022498846054,227.11708176136017,238.02967417240143,240.0,451.4044997692108,454.23416352272034,476.05934834480286,480.0,463.73192405700684,467.11708176136017,463.73192405700684,480.0,0.7245811313390732,0.9731605870028337,0.7245811313390732,1.0,12.32742428779602,12.882918238639832,tiny_lt16
2026-08-12T15:19:02.523,99,unlabeled,2,0.26788532733917236,119.08307409286499,55.29891538619995,177.07520818710327,212.2627739906311,238.16614818572998,110.5978307723999,354.15041637420654,424.5255479812622,296.15828227996826,267.56168937683105,296.15828227996826,424.5255479812622,0.4627473160624504,0.5574201862017314,0.4627473160624504,0.884428224960963,57.99213409423828,156.96385860443115,regular_ge32
2026-08-12T15:19:02.523,99,unlabeled,3,0.24863308668136597,214.42843663692474,229.52683255076408,226.75586092472076,240.0,428.8568732738495,459.05366510152817,453.5117218494415,480.0,441.1842975616455,469.5268325507641,441.1842975616455,480.0,0.6893504649400711,0.9781809011474252,0.6893504649400711,1.0,12.32742428779602,10.473167449235916,tiny_lt16
2026-08-12T15:19:02.618,100,unlabeled,1,0.37690892815589905,241.2732493877411,216.96873831748962,250.78783631324768,238.59362292289734,482.5464987754822,433.93747663497925,501.57567262649536,477.1872458457947,492.06108570098877,455.56236124038696,492.06108570098877,477.1872458457947,0.768845446407795,0.9490882525841395,0.768845446407795,0.9941400955120723,9.514586925506592,21.624884605407715,small_16_32
2026-08-12T15:19:02.618,100,unlabeled,2,0.35360580682754517,117.59876704216003,64.13033151626587,175.59090113639832,206.00152158737183,235.19753408432007,128.26066303253174,351.18180227279663,412.00304317474365,293.18966817855835,270.1318531036377,293.18966817855835,412.00304317474365,0.4581088565289974,0.5627746939659118,0.4581088565289974,0.8583396732807159,57.99213409423828,141.87119007110596,regular_ge32
2026-08-12T15:19:02.618,100,unlabeled,3,0.32359981536865234,229.6544622182846,221.96313804388046,241.98188650608063,240.0,459.3089244365692,443.9262760877609,483.96377301216125,480.0,471.63634872436523,461.96313804388046,471.63634872436523,480.0,0.7369317948818207,0.9624232042580843,0.7369317948818207,1.0,12.32742428779602,18.036861956119537,small_16_32
2026-08-12T15:19:02.618,100,unlabeled,4,0.2949781119823456,213.44843018054962,226.2749903202057,226.59531104564667,240.0,426.89686036109924,452.5499806404114,453.19062209129333,480.0,440.0437412261963,466.2749903202057,440.0437412261963,480.0,0.6875683456659317,0.9714062298337619,0.6875683456659317,1.0,13.146880865097046,13.725009679794312,tiny_lt16
2026-08-12T15:19:02.618,100,unlabeled,5,0.28123316168785095,264.39998865127563,118.2761607170105,320.0,240.0,528.7999773025513,236.552321434021,640.0,480.0,584.3999886512756,358.2761607170105,584.3999886512756,480.0,0.9131249822676182,0.7464086681604385,0.9131249822676182,1.0,55.600011348724365,121.7238392829895,regular_ge32
2026-08-12T15:19:02.618,100,unlabeled,6,0.22444185614585876,195.14216530323029,228.28080216050148,208.28904616832733,240.0,390.28433060646057,456.56160432100296,416.57809233665466,480.0,403.4312114715576,468.2808021605015,403.4312114715576,480.0,0.6303612679243088,0.9755850045010448,0.6303612679243088,1.0,13.146880865097046,11.71919783949852,tiny_lt16
2026-08-12T15:19:02.618,100,unlabeled,7,0.20742715895175934,176.66118562221527,229.02552807331085,187.14910566806793,240.0,353.32237124443054,458.0510561466217,374.29821133613586,480.0,363.8102912902832,469.02552807331085,363.8102912902832,480.0,0.5684535801410675,0.9771365168193976,0.5684535801410675,1.0,10.487920045852661,10.974471926689148,tiny_lt16
2026-08-12T15:19:02.706,101,unlabeled,1,0.4498997628688812,112.07617807388306,62.445340156555176,182.04811143875122,210.09066104888916,224.1523561477661,124.89068031311035,364.09622287750244,420.1813220977783,294.1242895126343,272.53600120544434,294.1242895126343,420.1813220977783,0.4595692023634911,0.5677833358446757,0.4595692023634911,0.8753777543703715,69.97193336486816,147.64532089233398,regular_ge32
2026-08-12T15:19:02.706,101,unlabeled,2,0.3384403884410858,227.22924184799194,225.39800381660461,239.16553926467896,240.0,454.4584836959839,450.79600763320923,478.3310785293579,480.0,466.3947811126709,465.3980038166046,466.3947811126709,480.0,0.7287418454885483,0.9695791746179263,0.7287418454885483,1.0,11.936297416687012,14.601996183395386,tiny_lt16
2026-08-12T15:19:02.706,101,unlabeled,3,0.2549463212490082,214.53325414657593,228.7183691561222,226.46955156326294,240.0,429.06650829315186,457.4367383122444,452.9391031265259,480.0,441.00280570983887,468.7183691561222,441.00280570983887,480.0,0.6890668839216232,0.9764966024085879,0.6890668839216232,1.0,11.936297416687012,11.281630843877792,tiny_lt16
2026-08-12T15:19:02.706,101,unlabeled,4,0.2549463212490082,242.56865680217743,220.34105616807938,255.29949009418488,239.46923512220383,485.13731360435486,440.68211233615875,510.59898018836975,478.93847024440765,497.8681468963623,459.8102912902832,497.8681468963623,478.93847024440765,0.7779189795255661,0.9579381068547567,0.7779189795255661,0.9977884796758493,12.730833292007446,19.12817895412445,small_16_32
2026-08-12T15:19:02.706,101,unlabeled,5,0.20742715895175934,194.03639590740204,229.4512444138527,206.76722919940948,240.0,388.0727918148041,458.9024888277054,413.53445839881897,480.0,400.8036251068115,469.4512444138527,400.8036251068115,480.0,0.626255664229393,0.9780234258621932,0.626255664229393,1.0,12.730833292007446,10.548755586147308,tiny_lt16
2026-08-12T15:19:02.797,102,unlabeled,1,0.30910593271255493,107.62655735015869,65.7479829788208,187.1891450881958,238.2520170211792,215.25311470031738,131.4959659576416,374.3782901763916,476.5040340423584,294.8157024383545,304.0,294.8157024383545,476.5040340423584,0.4606495350599289,0.6333333333333333,0.4606495350599289,0.9927167375882466,79.56258773803711,172.5040340423584,regular_ge32
2026-08-12T15:19:02.797,102,unlabeled,2,0.2949781119823456,225.11609816551208,227.24972009658813,234.94498753547668,240.0,450.23219633102417,454.49944019317627,469.88997507095337,480.0,460.06108570098877,467.24972009658813,460.06108570098877,480.0,0.7188454464077949,0.9734369168678919,0.7188454464077949,1.0,9.8288893699646,12.750279903411865,tiny_lt16
2026-08-12T15:19:02.797,102,unlabeled,3,0.24863308668136597,247.16356587409973,220.29373162984848,256.6781527996063,240.0,494.32713174819946,440.58746325969696,513.3563055992126,480.0,503.84171867370605,460.2937316298485,503.84171867370605,480.0,0.7872526854276657,0.958945274228851,0.7872526854276657,1.0,9.514586925506592,19.70626837015152,small_16_32
2026-08-12T15:19:02.797,102,unlabeled,4,0.21299070119857788,214.0130865573883,229.22453904151917,225.20263075828552,240.0,428.0261731147766,458.44907808303833,450.40526151657104,480.0,439.2157173156738,469.22453904151917,439.2157173156738,480.0,0.6862745583057404,0.9775511230031649,0.6862745583057404,1.0,11.189544200897217,10.775460958480835,tiny_lt16
2026-08-12T15:19:02.886,103,unlabeled,1,0.35360580682754517,112.82109451293945,66.69117283821106,180.97811889648438,182.67115664482117,225.6421890258789,133.38234567642212,361.95623779296875,365.34231328964233,293.7992134094238,249.36232948303223,293.7992134094238,365.34231328964233,0.4590612709522247,0.5195048530896504,0.4590612709522247,0.7611298193534215,68.15702438354492,115.97998380661011,regular_ge32
2026-08-12T15:19:02.886,103,unlabeled,2,0.2019716501235962,265.36683917045593,119.5416944026947,315.8228290081024,190.33644127845764,530.7336783409119,239.0833888053894,631.6456580162048,380.6728825569153,581.1896681785583,309.87813568115234,581.1896681785583,380.6728825569153,0.9081088565289974,0.6455794493357341,0.9081088565289974,0.7930685053269069,50.455989837646484,70.79474687576294,regular_ge32
2026-08-12T15:19:02.977,104,unlabeled,1,0.32359981536865234,110.16632318496704,70.06047487258911,185.78993558883667,204.0715765953064,220.33264636993408,140.12094974517822,371.57987117767334,408.1431531906128,295.9562587738037,274.1320514678955,295.9562587738037,408.1431531906128,0.4624316543340683,0.5711084405581156,0.4624316543340683,0.8502982358137766,75.62361240386963,134.01110172271729,regular_ge32
2026-08-12T15:19:02.977,104,unlabeled,2,0.2880568504333496,242.97470545768738,216.16757893562317,252.48929238319397,237.79246354103088,485.94941091537476,432.33515787124634,504.97858476638794,475.58492708206177,495.46399784088135,453.96004247665405,495.46399784088135,475.58492708206177,0.7741624966263772,0.9457500884930293,0.7741624966263772,0.9908019314209621,9.514586925506592,21.624884605407715,small_16_32
2026-08-12T15:19:02.977,104,unlabeled,3,0.28123316168785095,212.68362402915955,223.95310181379318,227.1580946445465,240.0,425.3672480583191,447.90620362758636,454.316189289093,480.0,439.84171867370605,463.9531018137932,439.84171867370605,480.0,0.6872526854276657,0.9665689621120691,0.6872526854276657,1.0,14.474470615386963,16.046898186206818,small_16_32
2026-08-12T15:19:02.977,104,unlabeled,4,0.2363237887620926,255.50001776218414,216.98876184225082,271.42918145656586,240.0,511.0000355243683,433.97752368450165,542.8583629131317,480.0,526.92919921875,456.9887618422508,526.92919921875,480.0,0.8233268737792969,0.9520599205046892,0.8233268737792969,1.0,15.929163694381714,23.011238157749176,small_16_32
2026-08-12T15:19:02.977,104,unlabeled,5,0.21299070119857788,195.58516764640808,225.63569539785385,210.05963826179504,240.0,391.17033529281616,451.2713907957077,420.1192765235901,480.0,405.6448059082031,465.63569539785385,405.6448059082031,480.0,0.6338200092315673,0.9700743654121955,0.6338200092315673,1.0,14.474470615386963,14.364304602146149,tiny_lt16
2026-08-12T15:19:02.977,104,unlabeled,6,0.2019716501235962,283.959755897522,201.08824920654297,300.4038953781128,234.85066604614258,567.919511795044,402.17649841308594,600.8077907562256,469.70133209228516,584.3636512756348,435.93891525268555,584.3636512756348,469.70133209228516,0.9130682051181793,0.9082060734430949,0.9130682051181793,0.9785444418589274,16.44413948059082,33.76241683959961,regular_ge32
2026-08-12T15:19:02.977,104,unlabeled,7,0.2019716501235962,222.96230280399323,221.9434586763382,236.10918366909027,239.9244908094406,445.92460560798645,443.8869173526764,472.21836733818054,479.8489816188812,459.0714864730835,461.8679494857788,459.0714864730835,479.8489816188812,0.7172991976141929,0.9622248947620392,0.7172991976141929,0.9996853783726692,13.146880865097046,17.981032133102417,small_16_32
2026-08-12T15:19:03.065,105,unlabeled,1,0.3848111629486084,112.0930347442627,69.98797512054443,185.79835510253906,202.01202487945557,224.1860694885254,139.97595024108887,371.5967102050781,404.02404975891113,297.89138984680176,272.0,297.89138984680176,404.02404975891113,0.46545529663562774,0.5666666666666667,0.46545529663562774,0.8417167703310648,73.70532035827637,132.02404975891113,regular_ge32
2026-08-12T15:19:03.065,105,unlabeled,2,0.24863308668136597,212.58093905448914,226.13263940811157,227.0554096698761,240.0,425.16187810897827,452.26527881622314,454.1108193397522,480.0,439.63634872436523,466.1326394081116,439.63634872436523,480.0,0.6869317948818207,0.9711096654335658,0.6869317948818207,1.0,14.474470615386963,13.867360591888428,tiny_lt16
2026-08-12T15:19:03.151,106,unlabeled,1,0.39277467131614685,112.32493686676025,68.14495372772217,186.03025722503662,200.1690034866333,224.6498737335205,136.28990745544434,372.06051445007324,400.3380069732666,298.3551940917969,268.31395721435547,298.3551940917969,400.3380069732666,0.46617999076843264,0.5589874108632406,0.46617999076843264,0.8340375145276387,73.70532035827637,132.02404975891113,regular_ge32
2026-08-12T15:19:03.151,106,unlabeled,2,0.2549463212490082,212.81989634037018,225.76567643880844,226.39582097530365,240.0,425.63979268074036,451.5313528776169,452.7916419506073,480.0,439.2157173156738,465.76567643880844,439.2157173156738,480.0,0.6862745583057404,0.9703451592475176,0.6862745583057404,1.0,13.575924634933472,14.234323561191559,tiny_lt16
2026-08-12T15:19:03.151,106,unlabeled,3,0.2549463212490082,245.0135651230812,218.70488792657852,253.64263147115707,237.2513708472252,490.0271302461624,437.40977585315704,507.28526294231415,474.5027416944504,498.6561965942383,455.9562587738037,498.6561965942383,474.5027416944504,0.7791503071784973,0.9499088724454244,0.7791503071784973,0.988547378530105,8.629066348075867,18.546482920646667,small_16_32
2026-08-12T15:19:03.151,106,unlabeled,4,0.22444185614585876,254.68946588039398,217.57969903945923,272.77453196048737,239.20458364486694,509.37893176078796,435.15939807891846,545.5490639209747,478.4091672897339,527.4639978408813,456.7842826843262,527.4639978408813,478.4091672897339,0.8241624966263771,0.9516339222590129,0.8241624966263771,0.9966857651869456,18.085066080093384,21.624884605407715,small_16_32
2026-08-12T15:19:03.151,106,unlabeled,5,0.2019716501235962,222.58705353736877,225.77838242053986,233.776597738266,240.0,445.17410707473755,451.5567648410797,467.553195476532,480.0,456.36365127563477,465.77838242053986,456.36365127563477,480.0,0.7130682051181794,0.9703716300427914,0.7130682051181794,1.0,11.189544200897217,14.221617579460144,tiny_lt16
2026-08-12T15:19:03.235,107,unlabeled,1,0.31630825996398926,107.35934066772461,69.85393714904785,190.99585342407227,201.87798690795898,214.71868133544922,139.7078742980957,381.99170684814453,403.75597381591797,298.3551940917969,271.73192405700684,298.3551940917969,403.75597381591797,0.46617999076843264,0.5661081751187642,0.46617999076843264,0.8411582787831624,83.63651275634766,132.02404975891113,regular_ge32
2026-08-12T15:19:03.235,107,unlabeled,2,0.28123316168785095,212.0572887659073,224.48536270856857,227.986452460289,240.0,424.1145775318146,448.97072541713715,455.972904920578,480.0,440.0437412261963,464.4853627085686,440.0437412261963,480.0,0.6875683456659317,0.9676778389761845,0.6875683456659317,1.0,15.929163694381714,15.514637291431427,tiny_lt16
2026-08-12T15:19:03.235,107,unlabeled,3,0.27450883388519287,244.62345719337463,218.50793915987015,252.44734168052673,237.05442208051682,489.24691438674927,437.0158783197403,504.89468336105347,474.10884416103363,497.07079887390137,455.56236124038696,497.07079887390137,474.10884416103363,0.7766731232404709,0.9490882525841395,0.7766731232404709,0.9877267586688201,7.8238844871521,18.546482920646667,small_16_32
2026-08-12T15:19:03.235,107,unlabeled,4,0.24863308668136597,194.62037241458893,224.48536270856857,210.54953610897064,240.0,389.24074482917786,448.97072541713715,421.0990722179413,480.0,405.16990852355957,464.4853627085686,405.16990852355957,480.0,0.6330779820680619,0.9676778389761845,0.6330779820680619,1.0,15.929163694381714,15.514637291431427,tiny_lt16
2026-08-12T15:19:03.235,107,unlabeled,5,0.218662291765213,255.4616104364395,217.90720748901367,270.4063390493393,239.5320920944214,510.923220872879,435.81441497802734,540.8126780986786,479.0641841888428,525.8679494857788,457.43929958343506,525.8679494857788,479.0641841888428,0.8216686710715294,0.9529985407988231,0.8216686710715294,0.9980503837267558,14.94472861289978,21.624884605407715,small_16_32
2026-08-12T15:19:03.235,107,unlabeled,6,0.20742715895175934,281.84167218208313,200.60327279567719,301.72068905830383,232.46752607822418,563.6833443641663,401.20654559135437,603.4413781166077,464.93505215644836,583.562361240387,433.07079887390137,583.562361240387,464.93505215644836,0.9118161894381046,0.9022308309872945,0.9118161894381046,0.9686146919926008,19.879016876220703,31.864253282546997,small_16_32
2026-08-12T15:19:03.319,108,unlabeled,1,0.36130279302597046,104.68749618530273,73.68486070632935,192.53032302856445,239.49943685531616,209.37499237060547,147.3697214126587,385.0606460571289,478.9988737106323,297.2178192138672,313.1842975616455,297.2178192138672,478.9988737106323,0.46440284252166747,0.6524672865867615,0.46440284252166747,0.997914320230484,87.84282684326172,165.81457614898682,regular_ge32
2026-08-12T15:19:03.319,108,unlabeled,2,0.26788532733917236,211.996750831604,224.0866886973381,228.44089031219482,240.0,423.993501663208,448.1733773946762,456.88178062438965,480.0,440.4376411437988,464.0866886973381,440.4376411437988,480.0,0.6881838142871857,0.9668472681194544,0.6881838142871857,1.0,16.44413948059082,15.913311302661896,tiny_lt16
2026-08-12T15:19:03.319,108,unlabeled,3,0.24863308668136597,193.872784614563,223.55128926038742,210.3169240951538,240.0,387.745569229126,447.10257852077484,420.6338481903076,480.0,404.1897087097168,463.5512892603874,404.1897087097168,480.0,0.6315464198589325,0.9657318526258071,0.6315464198589325,1.0,16.44413948059082,16.44871073961258,small_16_32
2026-08-12T15:19:03.319,108,unlabeled,4,0.2363237887620926,244.4898703098297,218.8753361105919,252.3137547969818,236.3068032860756,488.9797406196594,437.7506722211838,504.6275095939636,472.6136065721512,496.8036251068115,455.1821393966675,496.8036251068115,472.6136065721512,0.776255664229393,0.9482961237430573,0.776255664229393,0.9846116803586483,7.8238844871521,17.431467175483704,small_16_32
2026-08-12T15:19:03.319,108,unlabeled,5,0.2019716501235962,255.10924196243286,218.22124141454697,271.5533814430237,238.5630412697792,510.2184839248657,436.44248282909393,543.1067628860474,477.1260825395584,526.6626234054565,456.7842826843262,526.6626234054565,477.1260825395584,0.8229103490710259,0.9516339222590129,0.8229103490710259,0.9940126719574134,16.44413948059082,20.34179985523224,small_16_32
2026-08-12T15:19:03.410,109,unlabeled,1,0.441620409488678,103.22457098960876,71.06182193756104,191.06739783287048,238.5829839706421,206.44914197921753,142.12364387512207,382.13479566574097,477.1659679412842,294.29196882247925,309.6448059082031,294.29196882247925,477.1659679412842,0.45983120128512384,0.6450933456420899,0.45983120128512384,0.9940957665443421,87.84282684326172,167.52116203308105,regular_ge32
2026-08-12T15:19:03.410,109,unlabeled,2,0.2880568504333496,194.96029233932495,224.33077728748322,208.9786229133606,240.0,389.9205846786499,448.66155457496643,417.9572458267212,480.0,403.93891525268555,464.3307772874832,403.93891525268555,480.0,0.6311545550823212,0.96735578601559,0.6311545550823212,1.0,14.018330574035645,15.669222712516785,tiny_lt16
2026-08-12T15:19:03.410,109,unlabeled,3,0.26788532733917236,212.88395953178406,224.47942090034485,227.35843014717102,240.0,425.7679190635681,448.9588418006897,454.71686029434204,480.0,440.2423896789551,464.47942090034485,440.2423896789551,480.0,0.6878787338733673,0.9676654602090518,0.6878787338733673,1.0,14.474470615386963,15.520579099655151,tiny_lt16
2026-08-12T15:19:03.410,109,unlabeled,4,0.2019716501235962,310.42365193367004,194.8711256980896,320.0,216.49601030349731,620.8473038673401,389.7422513961792,640.0,432.99202060699463,630.42365193367,411.3671360015869,630.42365193367,432.99202060699463,0.9850369561463594,0.8570148666699727,0.9850369561463594,0.9020667095979055,9.576348066329956,21.624884605407715,small_16_32
2026-08-12T15:19:03.499,110,unlabeled,1,0.441620409488678,105.73138809204102,67.76420545578003,187.31421089172363,238.63057565689087,211.46277618408203,135.52841091156006,374.62842178344727,477.26115131378174,293.04559898376465,306.3947811126709,293.04559898376465,477.26115131378174,0.45788374841213225,0.6383224606513977,0.45788374841213225,0.9942940652370453,81.58282279968262,170.86637020111084,regular_ge32
2026-08-12T15:19:03.499,110,unlabeled,2,0.2613641023635864,194.35003542900085,223.14947670698166,208.82450604438782,240.0,388.7000708580017,446.2989534139633,417.64901208877563,480.0,403.1745414733887,463.14947670698166,403.1745414733887,480.0,0.6299602210521698,0.9648947431395452,0.6299602210521698,1.0,14.474470615386963,16.85052329301834,small_16_32
2026-08-12T15:19:03.499,110,unlabeled,3,0.2549463212490082,211.996750831604,223.95310181379318,228.44089031219482,240.0,423.993501663208,447.90620362758636,456.88178062438965,480.0,440.4376411437988,463.9531018137932,440.4376411437988,480.0,0.6881838142871857,0.9665689621120691,0.6881838142871857,1.0,16.44413948059082,16.046898186206818,small_16_32
2026-08-12T15:19:03.499,110,unlabeled,4,0.23032912611961365,244.88285738229752,219.06544703245163,253.51192373037338,236.49691420793533,489.76571476459503,438.13089406490326,507.02384746074677,472.99382841587067,498.3947811126709,455.56236124038696,498.3947811126709,472.99382841587067,0.7787418454885483,0.9490882525841395,0.7787418454885483,0.9854038091997306,8.629066348075867,17.431467175483704,small_16_32
2026-08-12T15:19:03.499,110,unlabeled,5,0.2019716501235962,279.22674775123596,200.86947667598724,303.9553916454315,232.73372995853424,558.4534955024719,401.7389533519745,607.910783290863,465.4674599170685,583.1821393966675,433.6032066345215,583.1821393966675,465.4674599170685,0.9112220928072929,0.9033400138219198,0.9112220928072929,0.969723874827226,24.728643894195557,31.864253282546997,small_16_32
2026-08-12T15:19:03.591,111,unlabeled,1,0.4916226267814636,111.68037271499634,70.45857524871826,183.50176668167114,237.97973728179932,223.36074542999268,140.91715049743652,367.0035333633423,475.95947456359863,295.1821393966675,308.4383125305176,295.1821393966675,475.95947456359863,0.4612220928072929,0.6425798177719116,0.4612220928072929,0.9915822386741638,71.8213939666748,167.52116203308105,regular_ge32
2026-08-12T15:19:03.591,111,unlabeled,2,0.2613641023635864,194.706440448761,223.26117289066315,208.72477102279663,239.13561952114105,389.412880897522,446.5223457813263,417.44954204559326,478.2712390422821,403.4312114715576,462.3967924118042,403.4312114715576,478.2712390422821,0.6303612679243088,0.9633266508579255,0.6303612679243088,0.9963984146714211,14.018330574035645,15.874446630477905,tiny_lt16
2026-08-12T15:19:03.591,111,unlabeled,3,0.2363237887620926,213.3055682182312,225.24167054891586,227.32389879226685,240.0,426.6111364364624,450.4833410978317,454.6477975845337,480.0,440.62946701049805,465.24167054891586,440.62946701049805,480.0,0.6884835422039032,0.9692534803102414,0.6884835422039032,1.0,14.018330574035645,14.758329451084137,tiny_lt16
2026-08-12T15:19:03.680,112,unlabeled,1,0.4169939160346985,111.3291654586792,71.17848682403564,185.03448581695557,238.6996488571167,222.6583309173584,142.3569736480713,370.06897163391113,477.3992977142334,296.36365127563477,309.87813568115234,296.36365127563477,477.3992977142334,0.4630682051181793,0.6455794493357341,0.4630682051181793,0.9945818702379863,73.70532035827637,167.52116203308105,regular_ge32
2026-08-12T15:19:03.680,112,unlabeled,2,0.2613641023635864,195.0138303041458,223.79477560520172,208.16071116924286,239.66922223567963,390.0276606082916,447.58955121040344,416.3214223384857,479.33844447135925,403.1745414733887,463.46399784088135,403.1745414733887,479.33844447135925,0.6299602210521698,0.9655499955018362,0.6299602210521698,0.9986217593153318,13.146880865097046,15.874446630477905,tiny_lt16
2026-08-12T15:19:03.680,112,unlabeled,3,0.24863308668136597,213.43085825443268,224.8643800020218,227.00678288936615,240.0,426.86171650886536,449.7287600040436,454.0135657787323,480.0,440.4376411437988,464.8643800020218,440.4376411437988,480.0,0.6881838142871857,0.9684674583375454,0.6881838142871857,1.0,13.575924634933472,15.13561999797821,tiny_lt16
2026-08-12T15:19:03.680,112,unlabeled,4,0.21299070119857788,245.1297928094864,219.99255871772766,254.04474866390228,236.3710925579071,490.2595856189728,439.9851174354553,508.08949732780457,472.7421851158142,499.1745414733887,456.36365127563477,499.1745414733887,472.7421851158142,0.7799602210521698,0.950757606824239,0.7799602210521698,0.9848795523246129,8.914955854415894,16.378533840179443,small_16_32
2026-08-12T15:19:03.680,112,unlabeled,5,0.2019716501235962,280.42031836509705,201.45931351184845,302.9502136707306,232.40883338451385,560.8406367301941,402.9186270236969,605.9004273414612,464.8176667690277,583.3705320358276,433.8681468963623,583.3705320358276,464.8176667690277,0.9115164563059807,0.9038919727007548,0.9115164563059807,0.9683701391021411,22.529895305633545,30.949519872665405,small_16_32
2026-08-12T15:19:03.770,113,unlabeled,1,0.34598395228385925,123.13797092437744,67.76881980895996,181.13010501861572,199.7928695678711,246.27594184875488,135.53763961791992,362.26021003723145,399.5857391357422,304.26807594299316,267.56168937683105,304.26807594299316,399.5857391357422,0.4754188686609268,0.5574201862017314,0.4754188686609268,0.8324702898661296,57.99213409423828,132.02404975891113,regular_ge32
2026-08-12T15:19:03.770,113,unlabeled,2,0.31630825996398926,195.35018908977509,225.08076810836792,208.08102238178253,239.99003076553345,390.70037817955017,450.16153621673584,416.16204476356506,479.9800615310669,403.4312114715576,465.07079887390137,403.4312114715576,479.9800615310669,0.6303612679243088,0.9688974976539612,0.6303612679243088,0.999958461523056,12.730833292007446,14.909262657165527,tiny_lt16
2026-08-12T15:19:03.770,113,unlabeled,3,0.2613641023635864,213.65645396709442,225.4794421195984,226.38728725910187,240.0,427.31290793418884,450.9588842391968,452.77457451820374,480.0,440.0437412261963,465.4794421195984,440.0437412261963,480.0,0.6875683456659317,0.9697488377491633,0.6875683456659317,1.0,12.730833292007446,14.520557880401611,tiny_lt16
2026-08-12T15:19:03.770,113,unlabeled,4,0.20742715895175934,280.16020250320435,201.85333836078644,303.4021587371826,232.80285823345184,560.3204050064087,403.7066767215729,606.8043174743652,465.6057164669037,583.562361240387,434.6561965942383,583.562361240387,465.6057164669037,0.9118161894381046,0.905533742904663,0.9118161894381046,0.9700119093060493,23.24195623397827,30.949519872665405,small_16_32
2026-08-12T15:19:03.770,113,unlabeled,5,0.2019716501235962,310.95654129981995,195.06036561727524,320.0,216.03483778238297,621.9130825996399,390.1207312345505,640.0,432.06967556476593,630.95654129982,411.0952033996582,630.95654129982,432.06967556476593,0.9858695957809687,0.8564483404159546,0.9858695957809687,0.9001451574265957,9.043458700180054,20.974472165107727,small_16_32
2026-08-12T15:19:03.860,114,unlabeled,1,0.3384403884410858,108.29784727096558,67.8953218460083,187.86043500900269,233.70989799499512,216.59569454193115,135.7906436920166,375.72087001800537,467.41979598999023,296.15828227996826,301.6052198410034,296.15828227996826,467.41979598999023,0.4627473160624504,0.6283442080020905,0.4627473160624504,0.973791241645813,79.56258773803711,165.81457614898682,regular_ge32
2026-08-12T15:19:03.860,114,unlabeled,2,0.28123316168785095,194.5781054496765,223.81073307991028,208.59643602371216,240.0,389.156210899353,447.62146615982056,417.1928720474243,480.0,403.1745414733887,463.8107330799103,403.1745414733887,480.0,0.6299602210521698,0.9662723605831464,0.6299602210521698,1.0,14.018330574035645,16.18926692008972,small_16_32
2026-08-12T15:19:03.860,114,unlabeled,3,0.2549463212490082,212.74645626544952,224.61233639717102,227.6911848783493,240.0,425.49291253089905,449.22467279434204,455.3823697566986,480.0,440.4376411437988,464.612336397171,440.4376411437988,480.0,0.6881838142871857,0.9679423674941063,0.6881838142871857,1.0,14.94472861289978,15.38766360282898,tiny_lt16
2026-08-12T15:19:03.860,114,unlabeled,4,0.22444185614585876,245.28203010559082,219.8898742198944,253.63412857055664,236.26840806007385,490.56406021118164,439.7797484397888,507.2682571411133,472.5368161201477,498.91615867614746,456.15828227996826,498.91615867614746,472.5368161201477,0.7795564979314804,0.9503297547499339,0.7795564979314804,0.9844517002503077,8.35209846496582,16.378533840179443,small_16_32
2026-08-12T15:19:03.860,114,unlabeled,5,0.2019716501235962,279.13427472114563,200.86947667598724,303.8629186153412,232.73372995853424,558.2685494422913,401.7389533519745,607.7258372306824,465.4674599170685,582.9971933364868,433.6032066345215,582.9971933364868,465.4674599170685,0.9109331145882607,0.9033400138219198,0.9109331145882607,0.969723874827226,24.728643894195557,31.864253282546997,small_16_32
2026-08-12T15:19:03.949,115,unlabeled,1,0.400795578956604,110.74769401550293,72.5541524887085,188.32379245758057,240.0,221.49538803100586,145.108304977417,376.64758491516113,480.0,299.0714864730835,312.5541524887085,299.0714864730835,480.0,0.467299197614193,0.651154484351476,0.467299197614193,1.0,77.57609844207764,167.4458475112915,regular_ge32
2026-08-12T15:19:03.949,115,unlabeled,2,0.27450883388519287,194.35003542900085,224.19681465625763,208.82450604438782,240.0,388.7000708580017,448.39362931251526,417.64901208877563,480.0,403.1745414733887,464.19681465625763,403.1745414733887,480.0,0.6299602210521698,0.9670766972005367,0.6299602210521698,1.0,14.474470615386963,15.80318534374237,tiny_lt16
2026-08-12T15:19:03.949,115,unlabeled,3,0.24242530763149261,79.91364002227783,41.23421597480774,149.885573387146,82.39221262931824,159.82728004455566,82.46843194961548,299.771146774292,164.78442525863647,229.79921340942383,123.62642860412598,229.79921340942383,164.78442525863647,0.35906127095222473,0.2575550595919291,0.35906127095222473,0.34330088595549263,69.97193336486816,41.1579966545105,regular_ge32
2026-08-12T15:19:03.949,115,unlabeled,4,0.24242530763149261,212.54950630664825,224.73146450519562,227.49423491954803,240.0,425.0990126132965,449.46292901039124,454.98846983909607,480.0,440.0437412261963,464.7314645051956,440.0437412261963,480.0,0.6875683456659317,0.9681905510524909,0.6875683456659317,1.0,14.94472861289978,15.268535494804382,tiny_lt16
2026-08-12T15:19:03.949,115,unlabeled,5,0.21299070119857788,280.6138572692871,200.79324066638947,303.14375257492065,231.74276053905487,561.2277145385742,401.58648133277893,606.2875051498413,463.48552107810974,583.7576098442078,432.53600120544434,583.7576098442078,463.48552107810974,0.9121212653815747,0.901116669178009,0.9121212653815747,0.9655948355793953,22.529895305633545,30.949519872665405,small_16_32
2026-08-12T15:19:03.949,115,unlabeled,6,0.20742715895175934,244.44009709358215,219.3324698805809,253.95468401908875,236.22989135980606,488.8801941871643,438.6649397611618,507.9093680381775,472.4597827196121,498.3947811126709,455.56236124038696,498.3947811126709,472.4597827196121,0.7787418454885483,0.9490882525841395,0.7787418454885483,0.984291213999192,9.514586925506592,16.89742147922516,small_16_32
2026-08-12T15:19:03.949,115,unlabeled,7,0.2019716501235962,310.95654129981995,194.8711256980896,320.0,216.49601030349731,621.9130825996399,389.7422513961792,640.0,432.99202060699463,630.95654129982,411.3671360015869,630.95654129982,432.99202060699463,0.9858695957809687,0.8570148666699727,0.9858695957809687,0.9020667095979055,9.043458700180054,21.624884605407715,small_16_32
2026-08-12T15:19:04.033,116,unlabeled,1,0.3848111629486084,110.9285204410553,69.50588274002075,184.63384079933167,240.0,221.8570408821106,139.0117654800415,369.26768159866333,480.0,295.56236124038696,309.50588274002075,295.56236124038696,480.0,0.46181618943810465,0.6448039223750432,0.46181618943810465,1.0,73.70532035827637,170.49411725997925,regular_ge32
2026-08-12T15:19:04.033,116,unlabeled,2,0.2880568504333496,195.47760474681854,224.19681465625763,208.208438038826,240.0,390.9552094936371,448.39362931251526,416.416876077652,480.0,403.68604278564453,464.19681465625763,403.68604278564453,480.0,0.6307594418525696,0.9670766972005367,0.6307594418525696,1.0,12.730833292007446,15.80318534374237,tiny_lt16
2026-08-12T15:19:04.033,116,unlabeled,3,0.2613641023635864,213.8534039258957,224.4645892381668,226.58423721790314,240.0,427.7068078517914,448.9291784763336,453.1684744358063,480.0,440.4376411437988,464.4645892381668,440.4376411437988,480.0,0.6881838142871857,0.9676345609128475,0.6881838142871857,1.0,12.730833292007446,15.535410761833191,tiny_lt16
2026-08-12T15:19:04.033,116,unlabeled,4,0.2019716501235962,281.0591068267822,202.03740119934082,302.8971519470215,232.0946502685547,562.1182136535645,404.07480239868164,605.794303894043,464.1893005371094,583.9562587738037,434.1320514678955,583.9562587738037,464.1893005371094,0.9124316543340683,0.904441773891449,0.9124316543340683,0.9670610427856445,21.838045120239258,30.057249069213867,small_16_32
2026-08-12T15:19:04.112,117,unlabeled,1,0.40887001156806946,112.07617807388306,69.18637132644653,182.04811143875122,201.21042108535767,224.1523561477661,138.37274265289307,364.09622287750244,402.42084217071533,294.1242895126343,270.3967924118042,294.1242895126343,402.42084217071533,0.4595692023634911,0.5633266508579254,0.4595692023634911,0.8383767545223236,69.97193336486816,132.02404975891113,regular_ge32
2026-08-12T15:19:04.112,117,unlabeled,2,0.28123316168785095,195.42355859279633,224.4416350722313,207.75098288059235,239.82644087076187,390.84711718559265,448.8832701444626,415.5019657611847,479.65288174152374,403.1745414733887,464.26807594299316,403.1745414733887,479.65288174152374,0.6299602210521698,0.9672251582145691,0.6299602210521698,0.9992768369615078,12.32742428779602,15.384805798530579,tiny_lt16
2026-08-12T15:19:04.112,117,unlabeled,3,0.2549463212490082,213.7412930727005,225.74275922775269,226.88817393779755,240.0,427.482586145401,451.48551845550537,453.7763478755951,480.0,440.62946701049805,465.7427592277527,440.62946701049805,480.0,0.6884835422039032,0.9702974150578181,0.6884835422039032,1.0,13.146880865097046,14.257240772247314,tiny_lt16
2026-08-12T15:19:04.112,117,unlabeled,4,0.21299070119857788,280.6138572692871,202.11251080036163,303.14375257492065,233.06203067302704,561.2277145385742,404.22502160072327,606.2875051498413,466.1240613460541,583.7576098442078,435.1745414733887,583.7576098442078,466.1240613460541,0.9121212653815747,0.9066136280695597,0.9121212653815747,0.971091794470946,22.529895305633545,30.949519872665405,small_16_32
2026-08-12T15:19:04.112,117,unlabeled,5,0.2019716501235962,310.42365193367004,194.66650795936584,320.0,216.95992064476013,620.8473038673401,389.3330159187317,640.0,433.91984128952026,630.42365193367,411.626428604126,630.42365193367,433.91984128952026,0.9850369561463594,0.8575550595919291,0.9850369561463594,0.9039996693531672,9.576348066329956,22.293412685394287,small_16_32
2026-08-12T15:19:04.205,118,unlabeled,1,0.4832499325275421,110.12736105918884,70.40256643295288,183.8326814174652,192.4131360054016,220.25472211837769,140.80513286590576,367.6653628349304,384.8262720108032,293.96004247665405,262.8157024383545,293.96004247665405,384.8262720108032,0.45931256636977197,0.5475327134132385,0.45931256636977197,0.8017214000225067,73.70532035827637,122.01056957244873,regular_ge32
2026-08-12T15:19:04.205,118,unlabeled,2,0.24242530763149261,212.78463530540466,225.1288024187088,227.25910592079163,240.0,425.5692706108093,450.2576048374176,454.51821184158325,480.0,440.0437412261963,465.1288024187088,440.0437412261963,480.0,0.6875683456659317,0.96901833837231,0.6875683456659317,1.0,14.474470615386963,14.871197581291199,tiny_lt16
2026-08-12T15:19:04.205,118,unlabeled,3,0.2363237887620926,244.3441253900528,219.36340755224228,253.2590812444687,236.79487472772598,488.6882507801056,438.72681510448456,506.5181624889374,473.58974945545197,497.6032066345215,456.15828227996826,497.6032066345215,473.58974945545197,0.7775050103664398,0.9503297547499339,0.7775050103664398,0.9866453113655249,8.914955854415894,17.431467175483704,small_16_32
2026-08-12T15:19:04.205,118,unlabeled,4,0.218662291765213,195.05505907535553,224.33077728748322,208.630983710289,240.0,390.11011815071106,448.66155457496643,417.261967420578,480.0,403.68604278564453,464.3307772874832,403.68604278564453,480.0,0.6307594418525696,0.96735578601559,0.6307594418525696,1.0,13.575924634933472,15.669222712516785,tiny_lt16
2026-08-12T15:19:04.205,118,unlabeled,5,0.21299070119857788,263.6540515422821,197.18881213665009,299.26210713386536,232.9430409669876,527.3081030845642,394.37762427330017,598.5242142677307,465.8860819339752,562.9161586761475,430.1318531036377,562.9161586761475,465.8860819339752,0.8795564979314804,0.8961080272992452,0.8795564979314804,0.9705960040291151,35.60805559158325,35.754228830337524,regular_ge32
2026-08-12T15:19:04.205,118,unlabeled,6,0.2019716501235962,266.65081000328064,119.83929133415222,317.1067998409271,187.33525013923645,533.3016200065613,239.67858266830444,634.2135996818542,374.6705002784729,583.7576098442078,307.1745414733887,583.7576098442078,374.6705002784729,0.9121212653815747,0.6399469614028931,0.9121212653815747,0.7805635422468186,50.455989837646484,67.49595880508423,regular_ge32
2026-08-12T15:19:04.295,119,unlabeled,1,0.32359981536865234,106.02948069572449,66.67010736465454,187.6123034954071,196.7004246711731,212.05896139144897,133.34021472930908,375.2246069908142,393.4008493423462,293.6417841911316,263.37053203582764,293.6417841911316,393.4008493423462,0.4588152877986431,0.5486886084079743,0.4588152877986431,0.8195851027965546,81.58282279968262,130.03031730651855,regular_ge32
2026-08-12T15:19:04.295,119,unlabeled,2,0.218662291765213,212.20611214637756,225.2140564918518,227.6356065273285,240.0,424.4122242927551,450.4281129837036,455.271213054657,480.0,439.84171867370605,465.2140564918518,439.84171867370605,480.0,0.6872526854276657,0.9691959510246912,0.6872526854276657,1.0,15.429494380950928,14.785943508148193,tiny_lt16
2026-08-12T15:19:04.389,120,unlabeled,1,0.441620409488678,114.69045948982239,68.86521077156067,181.06715035438538,194.8923990726471,229.38091897964478,137.73042154312134,362.13430070877075,389.7847981452942,295.75760984420776,263.75760984420776,295.75760984420776,389.7847981452942,0.4621212653815746,0.5494950205087662,0.4621212653815746,0.8120516628026963,66.37669086456299,126.02718830108643,regular_ge32
2026-08-12T15:19:04.389,120,unlabeled,2,0.27450883388519287,0.0,0.0,141.59928226470947,187.98871755599976,0.0,0.0,283.19856452941895,375.9774351119995,141.59928226470947,187.98871755599976,141.59928226470947,375.9774351119995,0.22124887853860856,0.3916431615749995,0.22124887853860856,0.783286323149999,141.59928226470947,187.98871755599976,regular_ge32
2026-08-12T15:19:04.389,120,unlabeled,3,0.24242530763149261,212.0572887659073,224.74480652809143,227.986452460289,240.0,424.1145775318146,449.48961305618286,455.972904920578,480.0,440.0437412261963,464.74480652809143,440.0437412261963,480.0,0.6875683456659317,0.9682183469335238,0.6875683456659317,1.0,15.929163694381714,15.25519347190857,tiny_lt16
2026-08-12T15:19:04.469,121,unlabeled,1,0.36130279302597046,7.186595439910889,14.3713698387146,132.87449026107788,194.69942903518677,14.373190879821777,28.7427396774292,265.74898052215576,389.39885807037354,140.06108570098877,209.07079887390137,140.06108570098877,389.39885807037354,0.21884544640779496,0.43556416432062783,0.21884544640779496,0.8112476209799449,125.68789482116699,180.32805919647217,regular_ge32
2026-08-12T15:19:04.469,121,unlabeled,2,0.2949781119823456,117.41584587097168,69.58106517791748,187.38777923583984,193.60107421875,234.83169174194336,139.16213035583496,374.7755584716797,387.2021484375,304.8036251068115,263.1821393966675,304.8036251068115,387.2021484375,0.476255664229393,0.5482961237430573,0.476255664229393,0.806671142578125,69.97193336486816,124.02000904083252,regular_ge32
2026-08-12T15:19:04.469,121,unlabeled,3,0.2549463212490082,211.16002440452576,224.74480652809143,228.6816942691803,240.0,422.3200488090515,449.48961305618286,457.3633885383606,480.0,439.84171867370605,464.74480652809143,439.84171867370605,480.0,0.6872526854276657,0.9682183469335238,0.6872526854276657,1.0,17.52166986465454,15.25519347190857,tiny_lt16
2026-08-12T15:19:04.469,121,unlabeled,4,0.218662291765213,192.52474880218506,223.5283618569374,212.40376567840576,240.0,385.0494976043701,447.0567237138748,424.8075313568115,480.0,404.9285144805908,463.5283618569374,404.9285144805908,480.0,0.6327008038759232,0.965684087201953,0.6327008038759232,1.0,19.879016876220703,16.47163814306259,small_16_32
2026-08-12T15:19:04.469,121,unlabeled,5,0.21299070119857788,244.4870701432228,220.05101984739304,253.11613649129868,236.9484413266182,488.9741402864456,440.1020396947861,506.23227298259735,473.8968826532364,497.6032066345215,456.99946117401123,497.6032066345215,473.8968826532364,0.7775050103664398,0.9520822107791901,0.7775050103664398,0.9872851721942425,8.629066348075867,16.89742147922516,small_16_32
2026-08-12T15:19:04.564,122,unlabeled,1,0.4498997628688812,10.215014457702637,19.55162763595581,138.46959972381592,181.88767194747925,20.430028915405273,39.10325527191162,276.93919944763184,363.7753438949585,148.68461418151855,201.43929958343506,148.68461418151855,363.7753438949585,0.23231970965862275,0.4196652074654897,0.23231970965862275,0.7578652997811636,128.25458526611328,162.33604431152344,regular_ge32
2026-08-12T15:19:04.564,122,unlabeled,2,0.3848111629486084,126.63468551635742,70.59890508651733,187.8775806427002,194.61891412734985,253.26937103271484,141.19781017303467,375.7551612854004,389.2378282546997,314.5122661590576,265.2178192138672,314.5122661590576,389.2378282546997,0.4914254158735275,0.5525371233622233,0.4914254158735275,0.810912142197291,61.24289512634277,124.02000904083252,regular_ge32
2026-08-12T15:19:04.564,122,unlabeled,3,0.24242530763149261,210.87832629680634,224.3502921462059,228.96339237689972,240.0,421.75665259361267,448.7005842924118,457.92678475379944,480.0,439.84171867370605,464.3502921462059,439.84171867370605,480.0,0.6872526854276657,0.9673964419712623,0.6872526854276657,1.0,18.085066080093384,15.649707853794098,tiny_lt16
2026-08-12T15:19:04.564,122,unlabeled,4,0.20742715895175934,192.52474880218506,223.92414909601212,212.40376567840576,240.0,385.0494976043701,447.84829819202423,424.8075313568115,480.0,404.9285144805908,463.9241490960121,404.9285144805908,480.0,0.6327008038759232,0.9665086439500252,0.6327008038759232,1.0,19.879016876220703,16.075850903987885,small_16_32
2026-08-12T15:19:04.564,122,unlabeled,5,0.20742715895175934,243.32519555091858,219.67640775442123,253.47842955589294,237.10787492990494,486.65039110183716,439.35281550884247,506.9568591117859,474.2157498598099,496.8036251068115,456.7842826843262,496.8036251068115,474.2157498598099,0.776255664229393,0.9516339222590129,0.776255664229393,0.9879494788746039,10.153234004974365,17.431467175483704,small_16_32
2026-08-12T15:19:04.655,123,unlabeled,1,0.28123316168785095,126.55766105651855,63.63541889190674,187.80055618286133,211.28073978424072,253.1153221130371,127.27083778381348,375.60111236572266,422.56147956848145,314.3582172393799,274.91615867614746,314.3582172393799,422.56147956848145,0.49118471443653106,0.5727419972419738,0.49118471443653106,0.8803364157676696,61.24289512634277,147.64532089233398,regular_ge32
2026-08-12T15:19:04.655,123,unlabeled,2,0.26788532733917236,38.443185806274414,25.259397506713867,141.99512672424316,192.78055953979492,76.88637161254883,50.518795013427734,283.9902534484863,385.56111907958984,180.43831253051758,218.0399570465088,180.43831253051758,385.56111907958984,0.2819348633289337,0.45424991051355995,0.2819348633289337,0.8032523314158122,103.55194091796875,167.52116203308105,regular_ge32
2026-08-12T15:19:04.655,123,unlabeled,3,0.2363237887620926,211.05733942985535,223.6860789656639,228.5790092945099,240.0,422.1146788597107,447.3721579313278,457.1580185890198,480.0,439.63634872436523,463.6860789656639,439.63634872436523,480.0,0.6869317948818207,0.9660126645117998,0.6869317948818207,1.0,17.52166986465454,16.31392103433609,small_16_32
2026-08-12T15:19:04.655,123,unlabeled,4,0.2019716501235962,192.02994918823242,224.07550966739655,211.90896606445312,240.0,384.05989837646484,448.1510193347931,423.81793212890625,480.0,403.93891525268555,464.07550966739655,403.93891525268555,480.0,0.6311545550823212,0.9668239784737428,0.6311545550823212,1.0,19.879016876220703,15.924490332603455,tiny_lt16
2026-08-12T15:19:04.735,124,unlabeled,1,0.3690716028213501,137.4405233860016,69.16823148727417,187.89651322364807,195.1954197883606,274.8810467720032,138.33646297454834,375.79302644729614,390.3908395767212,325.33703660964966,264.36365127563477,325.33703660964966,390.3908395767212,0.5083391197025776,0.5507576068242391,0.5083391197025776,0.8133142491181692,50.455989837646484,126.02718830108643,regular_ge32
2026-08-12T15:19:04.735,124,unlabeled,2,0.28123316168785095,53.30323266983032,36.69198417663574,147.6962285041809,195.46629810333252,106.60646533966064,73.38396835327148,295.3924570083618,390.93259620666504,200.99946117401123,232.15828227996826,200.99946117401123,390.93259620666504,0.31406165808439257,0.4836630880832672,0.31406165808439257,0.8144429087638855,94.39299583435059,158.77431392669678,regular_ge32
2026-08-12T15:19:04.735,124,unlabeled,3,0.24863308668136597,209.33789491653442,223.67817175388336,230.50382375717163,240.0,418.67578983306885,447.3563435077667,461.00764751434326,480.0,439.84171867370605,463.67817175388336,439.84171867370605,480.0,0.6872526854276657,0.9659961911539237,0.6872526854276657,1.0,21.165928840637207,16.321828246116638,small_16_32
2026-08-12T15:19:04.735,124,unlabeled,4,0.2019716501235962,279.13427472114563,199.92039489746094,303.8629186153412,233.68281173706055,558.2685494422913,399.8407897949219,607.7258372306824,467.3656234741211,582.9971933364868,433.6032066345215,582.9971933364868,467.3656234741211,0.9109331145882607,0.9033400138219198,0.9109331145882607,0.9736783822377523,24.728643894195557,33.76241683959961,regular_ge32
2026-08-12T15:19:04.837,125,unlabeled,1,0.4251631200313568,65.34598875045776,48.61371660232544,142.9220871925354,184.60410261154175,130.69197750091553,97.22743320465088,285.8441743850708,369.2082052230835,208.26807594299316,233.2178192138672,208.26807594299316,369.2082052230835,0.32541886866092684,0.4858704566955566,0.32541886866092684,0.7691837608814239,77.57609844207764,135.9903860092163,regular_ge32
2026-08-12T15:19:04.837,125,unlabeled,2,0.30910593271255493,144.43184804916382,65.17162656784058,192.10415315628052,195.20194387435913,288.86369609832764,130.34325313568115,384.20830631256104,390.40388774871826,336.53600120544434,260.3735704421997,336.53600120544434,390.40388774871826,0.5258375018835068,0.5424449384212494,0.5258375018835068,0.8133414328098297,47.6723051071167,130.03031730651855,regular_ge32
2026-08-12T15:19:04.837,125,unlabeled,3,0.2549463212490082,210.48954558372498,222.99475914239883,229.7528440952301,240.0,420.97909116744995,445.98951828479767,459.5056881904602,480.0,440.2423896789551,462.99475914239883,440.2423896789551,480.0,0.6878787338733673,0.9645724148799976,0.6878787338733673,1.0,19.263298511505127,17.005240857601166,small_16_32
2026-08-12T15:19:04.837,125,unlabeled,4,0.2363237887620926,279.7868731021881,200.18481731414795,303.0288293361664,233.94723415374756,559.5737462043762,400.3696346282959,606.0576586723328,467.8944683074951,582.8157024383545,434.1320514678955,582.8157024383545,467.8944683074951,0.9106495350599288,0.904441773891449,0.9106495350599288,0.9747801423072815,23.24195623397827,33.76241683959961,regular_ge32
2026-08-12T15:19:04.837,125,unlabeled,5,0.23032912611961365,191.90338039398193,222.4047536253929,213.7414255142212,240.0,383.80676078796387,444.8095072507858,427.4828510284424,480.0,405.6448059082031,462.4047536253929,405.6448059082031,480.0,0.6338200092315673,0.9633432367195686,0.6338200092315673,1.0,21.838045120239258,17.595246374607086,small_16_32
2026-08-12T15:19:04.837,125,unlabeled,6,0.218662291765213,243.52901917696,219.9434306025505,252.73905676603317,236.84085208177567,487.05803835392,439.886861205101,505.47811353206635,473.68170416355133,496.26807594299316,456.7842826843262,496.26807594299316,473.68170416355133,0.7754188686609268,0.9516339222590129,0.7754188686609268,0.9868368836740653,9.210037589073181,16.89742147922516,small_16_32
2026-08-12T15:19:04.931,126,unlabeled,1,0.3690716028213501,66.1026029586792,48.836729526519775,149.73911571502686,184.82711553573608,132.2052059173584,97.67345905303955,299.4782314300537,369.65423107147217,215.84171867370605,233.66384506225586,215.84171867370605,369.65423107147217,0.33725268542766573,0.486799677213033,0.33725268542766573,0.7701129813989004,83.63651275634766,135.9903860092163,regular_ge32
2026-08-12T15:19:04.931,126,unlabeled,2,0.30910593271255493,140.29333448410034,60.86055850982666,195.170663356781,190.89087581634521,280.5866689682007,121.72111701965332,390.341326713562,381.78175163269043,335.46399784088135,251.75143432617188,335.46399784088135,381.78175163269043,0.5241624966263772,0.5244821548461914,0.5241624966263772,0.7953786492347718,54.877328872680664,130.03031730651855,regular_ge32
2026-08-12T15:19:04.931,126,unlabeled,3,0.24863308668136597,266.4572710990906,121.07442355155945,316.91326093673706,188.57038235664368,532.9145421981812,242.1488471031189,633.8265218734741,377.14076471328735,583.3705320358276,309.6448059082031,583.3705320358276,377.14076471328735,0.9115164563059807,0.6450933456420899,0.9115164563059807,0.7857099264860153,50.455989837646484,67.49595880508423,regular_ge32
2026-08-12T15:19:04.931,126,unlabeled,4,0.24863308668136597,211.996750831604,224.35289257764816,228.44089031219482,240.0,423.993501663208,448.7057851552963,456.88178062438965,480.0,440.4376411437988,464.35289257764816,440.4376411437988,480.0,0.6881838142871857,0.967401859536767,0.6881838142871857,1.0,16.44413948059082,15.647107422351837,tiny_lt16
2026-08-12T15:19:04.931,126,unlabeled,5,0.20742715895175934,243.62095475196838,219.83745449781418,253.44984412193298,236.73487597703934,487.24190950393677,439.67490899562836,506.89968824386597,473.4697519540787,497.07079887390137,456.5723304748535,497.07079887390137,473.4697519540787,0.7766731232404709,0.9511923551559448,0.7766731232404709,0.9863953165709972,9.8288893699646,16.89742147922516,small_16_32
2026-08-12T15:19:04.931,126,unlabeled,6,0.2019716501235962,279.42049646377563,199.93383538722992,303.39520597457886,231.79808866977692,558.8409929275513,399.86767077445984,606.7904119491577,463.59617733955383,582.8157024383545,431.73192405700684,582.8157024383545,463.59617733955383,0.9106495350599288,0.8994415084520976,0.9106495350599288,0.9658253694574038,23.974709510803223,31.864253282546997,small_16_32
2026-08-12T15:19:05.019,127,unlabeled,1,0.36130279302597046,137.44877195358276,62.997700214385986,193.86661386489868,200.95855855941772,274.8975439071655,125.99540042877197,387.73322772979736,401.91711711883545,331.31538581848145,263.9562587738037,331.31538581848145,401.91711711883545,0.5176802903413773,0.5499088724454244,0.5176802903413773,0.8373273273309072,56.41784191131592,137.96085834503174,regular_ge32
2026-08-12T15:19:05.019,127,unlabeled,2,0.34598395228385925,65.2360486984253,51.14209222793579,148.87256145477295,240.0,130.4720973968506,102.28418445587158,297.7451229095459,480.0,214.10861015319824,291.1420922279358,214.10861015319824,480.0,0.33454470336437225,0.6065460254748662,0.33454470336437225,1.0,83.63651275634766,188.8579077720642,regular_ge32
2026-08-12T15:19:05.019,127,unlabeled,3,0.27450883388519287,212.15661299228668,223.14352190494537,228.0857766866684,240.0,424.31322598457336,446.28704380989075,456.1715533733368,480.0,440.2423896789551,463.1435219049454,440.2423896789551,480.0,0.6878787338733673,0.9648823373019695,0.6878787338733673,1.0,15.929163694381714,16.856478095054626,small_16_32
2026-08-12T15:19:05.019,127,unlabeled,4,0.2363237887620926,192.40279865264893,223.6860789656639,212.28181552886963,240.0,384.80559730529785,447.3721579313278,424.56363105773926,480.0,404.68461418151855,463.6860789656639,404.68461418151855,480.0,0.6323197096586227,0.9660126645117998,0.6323197096586227,1.0,19.879016876220703,16.31392103433609,small_16_32
2026-08-12T15:19:05.019,127,unlabeled,5,0.2019716501235962,280.16020250320435,200.86947667598724,303.4021587371826,232.73372995853424,560.3204050064087,401.7389533519745,606.8043174743652,465.4674599170685,583.562361240387,433.6032066345215,583.562361240387,465.4674599170685,0.9118161894381046,0.9033400138219198,0.9118161894381046,0.969723874827226,23.24195623397827,31.864253282546997,small_16_32
2026-08-12T15:19:05.110,128,unlabeled,1,0.31630825996398926,132.72409772872925,61.520670890808105,200.88112211227417,238.79328632354736,265.4481954574585,123.04134178161621,401.76224422454834,477.5865726470947,333.6052198410034,300.31395721435547,333.6052198410034,477.5865726470947,0.5212581560015679,0.6256540775299072,0.5212581560015679,0.994972026348114,68.15702438354492,177.27261543273926,regular_ge32
2026-08-12T15:19:05.110,128,unlabeled,2,0.30910593271255493,68.38769721984863,57.42034339904785,149.97052001953125,240.0,136.77539443969727,114.8406867980957,299.9410400390625,480.0,218.35821723937988,297.42034339904785,218.35821723937988,480.0,0.3411847144365311,0.619625715414683,0.3411847144365311,1.0,81.58282279968262,182.57965660095215,regular_ge32
2026-08-12T15:19:05.110,128,unlabeled,3,0.2549463212490082,213.11202955245972,224.17355912923813,227.13036012649536,239.5583649277687,426.22405910491943,448.34711825847626,454.2607202529907,479.1167298555374,440.2423896789551,463.73192405700684,440.2423896789551,479.1167298555374,0.6878787338733673,0.9661081751187642,0.6878787338733673,0.9981598538657029,14.018330574035645,15.384805798530579,tiny_lt16
2026-08-12T15:19:05.110,128,unlabeled,4,0.20742715895175934,193.02381348609924,221.45643490552902,213.53688788414001,238.35385638475418,386.0476269721985,442.91286981105804,427.07377576828003,476.70771276950836,406.56070137023926,459.8102912902832,406.56070137023926,476.70771276950836,0.6352510958909988,0.9579381068547567,0.6352510958909988,0.9931410682698091,20.51307439804077,16.89742147922516,small_16_32
2026-08-12T15:19:05.194,129,unlabeled,1,0.400795578956604,77.0878005027771,57.59076929092407,152.71141290664673,239.40869188308716,154.1756010055542,115.18153858184814,305.42282581329346,478.8173837661743,229.79921340942383,296.99946117401123,229.79921340942383,478.8173837661743,0.35906127095222473,0.6187488774458567,0.35906127095222473,0.9975362161795298,75.62361240386963,181.8179225921631,regular_ge32
2026-08-12T15:19:05.194,129,unlabeled,2,0.2613641023635864,213.17169451713562,224.57559770345688,227.64616513252258,239.96040350198746,426.34338903427124,449.15119540691376,455.29233026504517,479.9208070039749,440.8178596496582,464.53600120544434,440.8178596496582,479.9208070039749,0.6887779057025909,0.9677833358446757,0.6887779057025909,0.9998350145916144,14.474470615386963,15.384805798530579,tiny_lt16
2026-08-12T15:19:05.194,129,unlabeled,3,0.24242530763149261,193.97683954238892,222.3526532649994,210.9516749382019,238.73118710517883,387.95367908477783,444.7053065299988,421.9033498764038,477.46237421035767,404.9285144805908,461.0838403701782,404.9285144805908,477.46237421035767,0.6327008038759232,0.960591334104538,0.6327008038759232,0.9947132796049118,16.97483539581299,16.378533840179443,small_16_32
2026-08-12T15:19:05.194,129,unlabeled,4,0.2363237887620926,279.89145016670227,200.31618213653564,303.8661596775055,234.07859897613525,559.7829003334045,400.6323642730713,607.732319355011,468.1571979522705,583.7576098442078,434.3947811126709,583.7576098442078,468.1571979522705,0.9121212653815747,0.9049891273180644,0.9121212653815747,0.9753274957338969,23.974709510803223,33.76241683959961,regular_ge32
2026-08-12T15:19:05.194,129,unlabeled,5,0.218662291765213,132.3342170715332,57.3046350479126,200.49124145507812,217.86990642547607,264.6684341430664,114.6092700958252,400.98248291015625,435.73981285095215,332.8254585266113,275.1745414733887,332.8254585266113,435.73981285095215,0.5200397789478302,0.5732802947362264,0.5200397789478302,0.907791276772817,68.15702438354492,160.56527137756348,regular_ge32
2026-08-12T15:19:05.194,129,unlabeled,6,0.21299070119857788,311.0608808994293,195.06036561727524,320.0,216.03483778238297,622.1217617988586,390.1207312345505,640.0,432.06967556476593,631.0608808994293,411.0952033996582,631.0608808994293,432.06967556476593,0.9860326264053583,0.8564483404159546,0.9860326264053583,0.9001451574265957,8.939119100570679,20.974472165107727,small_16_32
2026-08-12T15:19:05.274,130,unlabeled,1,0.4498997628688812,84.22670078277588,61.82712411880493,150.60339164733887,234.33115816116333,168.45340156555176,123.65424823760986,301.20678329467773,468.66231632232666,234.83009243011475,296.15828227996826,234.83009243011475,468.66231632232666,0.36692201942205427,0.6169964214166005,0.36692201942205427,0.9763798256715138,66.37669086456299,172.5040340423584,regular_ge32
2026-08-12T15:19:05.274,130,unlabeled,2,0.23032912611961365,279.33147978782654,199.02857792377472,303.30618929862976,233.7750471830368,558.6629595756531,398.05715584754944,606.6123785972595,467.5500943660736,582.6376690864563,432.8036251068115,582.6376690864563,467.5500943660736,0.910371357947588,0.901674218972524,0.910371357947588,0.9740626965959867,23.974709510803223,34.746469259262085,regular_ge32
2026-08-12T15:19:05.274,130,unlabeled,3,0.218662291765213,245.02134132385254,221.15427827835083,253.37343978881836,236.06354093551636,490.0426826477051,442.30855655670166,506.7468795776367,472.1270818710327,498.3947811126709,457.2178192138672,498.3947811126709,472.1270818710327,0.7787418454885483,0.9525371233622233,0.7787418454885483,0.9835980872313181,8.35209846496582,14.909262657165527,tiny_lt16
2026-08-12T15:19:05.274,130,unlabeled,4,0.21299070119857788,269.1218523979187,121.94861507415771,315.4504780769348,186.24109363555908,538.2437047958374,243.89723014831543,630.9009561538696,372.48218727111816,584.5723304748535,308.1897087097168,584.5723304748535,372.48218727111816,0.9133942663669586,0.6420618931452433,0.9133942663669586,0.7760045568148295,46.32862567901611,64.29247856140137,regular_ge32
2026-08-12T15:19:05.274,130,unlabeled,5,0.20742715895175934,213.75577819347382,225.8020547926426,226.48661148548126,239.8011518418789,427.51155638694763,451.6041095852852,452.9732229709625,479.6023036837578,440.2423896789551,465.6032066345215,440.2423896789551,479.6023036837578,0.6878787338733673,0.9700066804885864,0.6878787338733673,0.9991714660078287,12.730833292007446,13.999097049236298,tiny_lt16
2026-08-12T15:19:05.366,131,unlabeled,1,0.4748867154121399,89.07555532455444,61.82712411880493,151.99524354934692,234.33115816116333,178.1511106491089,123.65424823760986,303.99048709869385,468.66231632232666,241.07079887390137,296.15828227996826,241.07079887390137,468.66231632232666,0.37667312324047086,0.6169964214166005,0.37667312324047086,0.9763798256715138,62.91968822479248,172.5040340423584,regular_ge32
2026-08-12T15:19:05.366,131,unlabeled,2,0.24242530763149261,212.15891218185425,226.15217366814613,226.1772427558899,239.71597322821617,424.3178243637085,452.30434733629227,452.3544855117798,479.43194645643234,438.33615493774414,465.8681468963623,438.33615493774414,479.43194645643234,0.6849002420902253,0.9705586393674215,0.6849002420902253,0.9988165551175674,14.018330574035645,13.563799560070038,tiny_lt16
2026-08-12T15:19:05.366,131,unlabeled,3,0.20742715895175934,132.03121519088745,47.27718734741211,207.65482759475708,200.56453132629395,264.0624303817749,94.55437469482422,415.30965518951416,401.1290626525879,339.68604278564453,247.84171867370605,339.68604278564453,401.1290626525879,0.5307594418525696,0.5163369139035543,0.5307594418525696,0.8356855471928915,75.62361240386963,153.28734397888184,regular_ge32
2026-08-12T15:19:05.460,132,unlabeled,1,0.4251631200313568,90.86989498138428,65.27453756332397,148.86202907562256,231.0891137123108,181.73978996276855,130.54907512664795,297.7240581512451,462.1782274246216,239.73192405700684,296.36365127563477,239.73192405700684,462.1782274246216,0.37458113133907317,0.6174242734909058,0.37458113133907317,0.9628713071346283,57.99213409423828,165.81457614898682,regular_ge32
2026-08-12T15:19:05.460,132,unlabeled,2,0.31630825996398926,123.22421550750732,45.673314571380615,222.1381139755249,187.54450464248657,246.44843101501465,91.34662914276123,444.2762279510498,375.08900928497314,345.3623294830322,233.2178192138672,345.3623294830322,375.08900928497314,0.5396286398172379,0.4858704566955566,0.5396286398172379,0.7814354360103607,98.91389846801758,141.87119007110596,regular_ge32
2026-08-12T15:19:05.460,132,unlabeled,3,0.2363237887620926,208.91154026985168,223.6860789656639,229.42461466789246,240.0,417.82308053970337,447.3721579313278,458.8492293357849,480.0,438.33615493774414,463.6860789656639,438.33615493774414,480.0,0.6849002420902253,0.9660126645117998,0.6849002420902253,1.0,20.51307439804077,16.31392103433609,small_16_32
2026-08-12T15:19:05.460,132,unlabeled,4,0.23032912611961365,279.3270218372345,200.70606231689453,304.83126044273376,234.46847915649414,558.654043674469,401.41212463378906,609.6625208854675,468.9369583129883,584.1582822799683,435.1745414733887,584.1582822799683,468.9369583129883,0.9127473160624504,0.9066136280695597,0.9127473160624504,0.9769519964853922,25.504238605499268,33.76241683959961,regular_ge32
2026-08-12T15:19:05.460,132,unlabeled,5,0.22444185614585876,148.27392315864563,47.02481138706207,187.19007468223572,84.86680376529694,296.54784631729126,94.04962277412415,374.38014936447144,169.73360753059387,335.46399784088135,131.891615152359,335.46399784088135,169.73360753059387,0.5241624966263772,0.2747741982340813,0.5241624966263772,0.3536116823554039,38.91615152359009,37.84199237823486,regular_ge32
2026-08-12T15:19:05.460,132,unlabeled,6,0.20742715895175934,268.04265236854553,119.52803230285645,315.71495747566223,188.66167640686035,536.0853047370911,239.0560646057129,631.4299149513245,377.3233528137207,583.7576098442078,308.1897087097168,583.7576098442078,377.3233528137207,0.9121212653815747,0.6420618931452433,0.9121212653815747,0.7860903183619181,47.6723051071167,69.1336441040039,regular_ge32
2026-08-12T15:19:05.460,132,unlabeled,7,0.20742715895175934,149.34577202796936,199.1974424123764,208.9461967945099,240.0,298.6915440559387,398.3948848247528,417.8923935890198,480.0,358.29196882247925,439.1974424123764,358.29196882247925,480.0,0.5598312012851239,0.9149946716924509,0.5598312012851239,1.0,59.60042476654053,40.802557587623596,regular_ge32
2026-08-12T15:19:05.538,133,unlabeled,1,0.5,91.84280967712402,63.51250982284546,153.0857048034668,234.3788800239563,183.68561935424805,127.02501964569092,306.1714096069336,468.7577600479126,244.92851448059082,297.89138984680176,244.92851448059082,468.7577600479126,0.38270080387592315,0.6206070621808369,0.38270080387592315,0.9765786667664845,61.24289512634277,170.86637020111084,regular_ge32
2026-08-12T15:19:05.538,133,unlabeled,2,0.24863308668136597,280.32612204551697,201.56856846809387,302.8560173511505,234.37034678459167,560.6522440910339,403.13713693618774,605.712034702301,468.74069356918335,583.1821393966675,435.93891525268555,583.1821393966675,468.74069356918335,0.9112220928072929,0.9082060734430949,0.9112220928072929,0.9765431116024653,22.529895305633545,32.8017783164978,regular_ge32
2026-08-12T15:19:05.538,133,unlabeled,3,0.24242530763149261,134.46119499206543,37.33205509185791,228.85419082641602,240.0,268.92238998413086,74.66411018371582,457.70838165283203,480.0,363.31538581848145,277.3320550918579,363.31538581848145,480.0,0.5676802903413772,0.577775114774704,0.5676802903413772,1.0,94.39299583435059,202.6679449081421,regular_ge32
2026-08-12T15:19:05.538,133,unlabeled,4,0.2019716501235962,310.1398603916168,195.38848108053207,319.9687497615814,216.3629532456398,620.2797207832336,390.77696216106415,639.9374995231628,432.7259064912796,630.1086101531982,411.7514343261719,630.1086101531982,432.7259064912796,0.9845447033643723,0.8578154881795247,0.9845447033643723,0.9015123051901658,9.8288893699646,20.974472165107727,small_16_32
2026-08-12T15:19:05.631,134,unlabeled,1,0.34598395228385925,82.95019721984863,62.72190475463867,166.5867099761963,236.83978462219238,165.90039443969727,125.44380950927734,333.1734199523926,473.67956924438477,249.53690719604492,299.56168937683105,249.53690719604492,473.67956924438477,0.3899014174938202,0.624086852868398,0.3899014174938202,0.9868324359258016,83.63651275634766,174.1178798675537,regular_ge32
2026-08-12T15:19:05.631,134,unlabeled,2,0.24863308668136597,153.4405233860016,31.264423847198486,203.89651322364807,90.93636465072632,306.8810467720032,62.52884769439697,407.79302644729614,181.87272930145264,357.33703660964966,122.2007884979248,357.33703660964966,181.87272930145264,0.5583391197025775,0.25458497603734337,0.5583391197025775,0.37890151937802635,50.455989837646484,59.67194080352783,regular_ge32
2026-08-12T15:19:05.631,134,unlabeled,3,0.24863308668136597,212.84236919879913,219.84140646457672,227.7870978116989,237.82243859767914,425.68473839759827,439.68281292915344,455.5741956233978,475.6448771953583,440.62946701049805,457.66384506225586,440.62946701049805,475.6448771953583,0.6884835422039032,0.9534663438796998,0.6884835422039032,0.9909268274903298,14.94472861289978,17.981032133102417,small_16_32
2026-08-12T15:19:05.631,134,unlabeled,4,0.21299070119857788,279.99077463150024,201.18638157844543,303.96548414230347,233.98815989494324,559.9815492630005,402.37276315689087,607.9309682846069,467.9763197898865,583.9562587738037,435.1745414733887,583.9562587738037,467.9763197898865,0.9124316543340683,0.9066136280695597,0.9124316543340683,0.9749506662289301,23.974709510803223,32.8017783164978,regular_ge32
2026-08-12T15:19:05.723,135,unlabeled,1,0.28123316168785095,97.36161625385284,60.66840934753418,161.99254429340363,190.69872665405273,194.7232325077057,121.33681869506836,323.98508858680725,381.39745330810547,259.35416054725647,251.3671360015869,259.35416054725647,381.39745330810547,0.4052408758550882,0.5236815333366394,0.4052408758550882,0.7945780277252197,64.63092803955078,130.03031730651855,regular_ge32
2026-08-12T15:19:05.723,135,unlabeled,2,0.24242530763149261,165.77354288101196,27.5753755569458,212.10216856002808,90.30276012420654,331.5470857620239,55.1507511138916,424.20433712005615,180.6055202484131,377.87571144104004,117.87813568115234,377.87571144104004,180.6055202484131,0.5904307991266251,0.24557944933573406,0.5904307991266251,0.37626150051752727,46.32862567901611,62.72738456726074,regular_ge32
2026-08-12T15:19:05.723,135,unlabeled,3,0.24242530763149261,151.22457098960876,31.476511001586914,239.06739783287048,200.68177127838135,302.44914197921753,62.95302200317383,478.13479566574097,401.3635425567627,390.29196882247925,232.15828227996826,390.29196882247925,401.3635425567627,0.6098312012851238,0.4836630880832672,0.6098312012851238,0.8361740469932556,87.84282684326172,169.20526027679443,regular_ge32
2026-08-12T15:19:05.799,136,unlabeled,1,0.28123316168785095,97.80029273033142,65.92463445663452,165.95731711387634,231.73921060562134,195.60058546066284,131.84926891326904,331.9146342277527,463.4784212112427,263.75760984420776,297.66384506225586,263.75760984420776,463.4784212112427,0.4121212653815746,0.6201330105463664,0.4121212653815746,0.9655800441900889,68.15702438354492,165.81457614898682,regular_ge32
2026-08-12T15:19:05.799,136,unlabeled,2,0.24242530763149261,177.7303352355957,201.29782438278198,221.46603965759277,239.13981676101685,355.4606704711914,402.59564876556396,442.93207931518555,478.2796335220337,399.1963748931885,440.4376411437988,399.1963748931885,478.2796335220337,0.623744335770607,0.9175784190495809,0.623744335770607,0.9964159031709036,43.73570442199707,37.84199237823486,regular_ge32
2026-08-12T15:19:05.886,137,unlabeled,1,0.2880568504333496,100.62470245361328,65.65446519851685,172.4460964202881,233.1756272315979,201.24940490722656,131.3089303970337,344.8921928405762,466.3512544631958,273.07079887390137,298.83009243011475,273.07079887390137,466.3512544631958,0.4266731232404709,0.6225626925627391,0.4266731232404709,0.9715651134649913,71.8213939666748,167.52116203308105,regular_ge32
2026-08-12T15:19:05.973,138,unlabeled,1,0.30910593271255493,268.2429885864258,126.67285513877869,315.9152936935425,236.64253067970276,536.4859771728516,253.34571027755737,631.830587387085,473.2850613594055,584.1582822799683,363.31538581848145,584.1582822799683,473.2850613594055,0.9127473160624504,0.756907053788503,0.9127473160624504,0.9860105444987615,47.6723051071167,109.96967554092407,regular_ge32
2026-08-12T15:19:05.973,138,unlabeled,2,0.24242530763149261,90.36356925964355,58.77154350280762,174.0000820159912,236.04415893554688,180.7271385192871,117.54308700561523,348.0001640319824,472.08831787109375,264.36365127563477,294.8157024383545,264.36365127563477,472.08831787109375,0.4130682051181793,0.6141993800799052,0.4130682051181793,0.9835173288981119,83.63651275634766,177.27261543273926,regular_ge32
2026-08-12T15:19:06.145,140,unlabeled,1,0.2019716501235962,78.31983375549316,52.1411566734314,170.49802589416504,230.9540467262268,156.63966751098633,104.2823133468628,340.9960517883301,461.9080934524536,248.8178596496582,283.0952033996582,248.8178596496582,461.9080934524536,0.38877790570259096,0.5897816737492879,0.38877790570259096,0.962308528025945,92.17819213867188,178.8128900527954,regular_ge32
2026-08-12T15:19:06.222,141,unlabeled,1,0.39277467131614685,88.77046775817871,54.27254104614258,160.59186172485352,228.3904209136963,177.54093551635742,108.54508209228516,321.18372344970703,456.7808418273926,249.36232948303223,282.66296195983887,249.36232948303223,456.7808418273926,0.38962863981723783,0.5888811707496643,0.38962863981723783,0.9516267538070678,71.8213939666748,174.1178798675537,regular_ge32
2026-08-12T15:19:06.222,141,unlabeled,2,0.2019716501235962,274.5225338935852,120.39362335205078,312.30755853652954,236.3736071586609,549.0450677871704,240.78724670410156,624.6151170730591,472.7472143173218,586.8300924301147,356.76723051071167,586.8300924301147,472.7472143173218,0.9169220194220543,0.7432650635639827,0.9169220194220543,0.9848900298277538,37.785024642944336,115.97998380661011,regular_ge32
2026-08-12T15:19:06.314,142,unlabeled,1,0.33097806572914124,93.19008016586304,47.17733430862427,170.76617860794067,234.69837713241577,186.38016033172607,94.35466861724854,341.53235721588135,469.39675426483154,263.9562587738037,281.87571144104004,263.9562587738037,469.39675426483154,0.4124316543340683,0.5872410655021667,0.4124316543340683,0.977909904718399,77.57609844207764,187.5210428237915,regular_ge32
2026-08-12T15:19:06.314,142,unlabeled,2,0.22444185614585876,75.09676480293274,197.74769163131714,91.54090428352356,235.589684009552,150.19352960586548,395.4953832626343,183.08180856704712,471.179368019104,166.6376690864563,433.33737564086914,166.6376690864563,471.179368019104,0.260371357947588,0.9027861992518107,0.260371357947588,0.9816236833731333,16.44413948059082,37.84199237823486,regular_ge32
2026-08-12T15:19:06.314,142,unlabeled,3,0.218662291765213,272.54458379745483,119.14598441123962,313.81061029434204,239.14598441123962,545.0891675949097,238.29196882247925,627.6212205886841,478.29196882247925,586.3551940917969,358.29196882247925,586.3551940917969,478.29196882247925,0.9161799907684326,0.7464416017134984,0.9161799907684326,0.9964416017134984,41.26602649688721,120.0,regular_ge32
2026-08-12T15:19:06.404,143,unlabeled,1,0.4251631200313568,92.46613836288452,59.04895830154419,176.10265111923218,236.32157373428345,184.93227672576904,118.09791660308838,352.20530223846436,472.6431474685669,268.5687894821167,295.37053203582764,268.5687894821167,472.6431474685669,0.41963873356580733,0.6153552750746409,0.41963873356580733,0.9846732238928477,83.63651275634766,177.27261543273926,regular_ge32
2026-08-12T15:19:06.404,143,unlabeled,2,0.218662291765213,79.82869124412537,223.8766803741455,94.30316185951233,238.78594303131104,159.65738248825073,447.753360748291,188.60632371902466,477.57188606262207,174.1318531036377,462.66262340545654,174.1318531036377,477.57188606262207,0.2720810204744339,0.9638804654280345,0.2720810204744339,0.9949414292971294,14.474470615386963,14.909262657165527,tiny_lt16
2026-08-12T15:19:06.488,144,unlabeled,1,0.33097806572914124,75.60163402557373,56.96984362602234,172.24008464813232,238.78776621818542,151.20326805114746,113.93968725204468,344.48016929626465,477.57553243637085,247.84171867370605,295.75760984420776,247.84171867370605,477.57553243637085,0.3872526854276657,0.6161616871754328,0.3872526854276657,0.9949490259091059,96.6384506225586,181.8179225921631,regular_ge32
2026-08-12T15:19:06.488,144,unlabeled,2,0.218662291765213,43.93344855308533,220.84693831205368,66.46334385871887,237.74435979127884,87.86689710617065,441.69387662410736,132.92668771743774,475.4887195825577,110.3967924118042,458.5912981033325,110.3967924118042,475.4887195825577,0.17249498814344405,0.955398537715276,0.17249498814344405,0.9906014991303285,22.529895305633545,16.89742147922516,small_16_32
2026-08-12T15:19:06.570,145,unlabeled,1,0.37690892815589905,84.03688049316406,61.68198251724243,163.59946823120117,237.38950395584106,168.07376098632812,123.36396503448486,327.19893646240234,474.77900791168213,247.63634872436523,299.0714864730835,247.63634872436523,474.77900791168213,0.38693179488182067,0.6230655968189239,0.38693179488182067,0.9891229331493377,79.56258773803711,175.70752143859863,regular_ge32
2026-08-12T15:19:06.650,146,unlabeled,1,0.39277467131614685,84.8198094367981,61.33320140838623,162.39590787887573,235.45108127593994,169.6396188735962,122.66640281677246,324.79181575775146,470.9021625518799,247.21571731567383,296.7842826843262,247.21571731567383,470.9021625518799,0.38627455830574037,0.6183005889256795,0.38627455830574037,0.9810461719830831,77.57609844207764,174.1178798675537,regular_ge32
2026-08-12T15:19:06.733,147,unlabeled,1,0.3019951581954956,72.03795433044434,64.97954416275024,157.7612590789795,235.84591436386108,144.07590866088867,129.9590883255005,315.522518157959,471.69182872772217,229.79921340942383,300.8254585266113,229.79921340942383,471.69182872772217,0.35906127095222473,0.6267197052637736,0.35906127095222473,0.9826913098494212,85.72330474853516,170.86637020111084,regular_ge32
2026-08-12T15:19:06.816,148,unlabeled,1,0.2363237887620926,94.90784358978271,65.86184501647949,170.53145599365234,240.0,189.81568717956543,131.72369003295898,341.0629119873047,480.0,265.43929958343506,305.8618450164795,265.43929958343506,480.0,0.41474890559911726,0.6372121771176656,0.41474890559911726,1.0,75.62361240386963,174.1381549835205,regular_ge32
2026-08-12T15:19:06.912,149,unlabeled,1,0.22444185614585876,255.7620348930359,193.7053964138031,303.4343400001526,234.8633930683136,511.5240697860718,387.4107928276062,606.8686800003052,469.7267861366272,559.1963748931885,428.5687894821167,559.1963748931885,469.7267861366272,0.873744335770607,0.8928516447544098,0.873744335770607,0.9785974711179733,47.6723051071167,41.1579966545105,regular_ge32
2026-08-12T15:19:06.912,149,unlabeled,2,0.2019716501235962,87.73579549789429,59.50546073913574,163.35940790176392,240.0,175.47159099578857,119.01092147827148,326.71881580352783,480.0,251.0952033996582,299.50546073913574,251.0952033996582,480.0,0.3923362553119659,0.6239697098731994,0.3923362553119659,1.0,75.62361240386963,180.49453926086426,regular_ge32
2026-08-12T15:19:07.000,150,unlabeled,1,0.24863308668136597,265.9734902381897,193.2560385465622,302.65597677230835,235.56941998004913,531.9469804763794,386.5120770931244,605.3119535446167,471.13883996009827,568.629467010498,428.8254585266113,568.629467010498,471.13883996009827,0.8884835422039032,0.8933863719304402,0.8884835422039032,0.9815392499168714,36.68248653411865,42.31338143348694,regular_ge32
2026-08-12T15:19:07.086,151,unlabeled,1,0.21299070119857788,210.86975359916687,219.84140646457672,230.133052110672,237.82243859767914,421.73950719833374,439.68281292915344,460.266104221344,475.6448771953583,441.00280570983887,457.66384506225586,441.00280570983887,475.6448771953583,0.6890668839216232,0.9534663438796998,0.6890668839216232,0.9909268274903298,19.263298511505127,17.981032133102417,small_16_32
2026-08-12T15:19:07.086,151,unlabeled,2,0.2019716501235962,238.06049156188965,216.53855967521667,257.93950843811035,238.83197236061096,476.1209831237793,433.07711935043335,515.8790168762207,477.6639447212219,496.0,455.37053203582764,496.0,477.6639447212219,0.775,0.9486886084079742,0.775,0.9951332181692123,19.879016876220703,22.293412685394287,small_16_32
2026-08-12T15:19:07.162,152,unlabeled,1,0.35360580682754517,193.5364282131195,222.35389918088913,212.79972672462463,239.2513206601143,387.072856426239,444.70779836177826,425.59945344924927,478.5026413202286,406.33615493774414,461.6052198410034,406.33615493774414,478.5026413202286,0.6349002420902252,0.9616775413354238,0.6349002420902252,0.9968805027504762,19.263298511505127,16.89742147922516,small_16_32
2026-08-12T15:19:07.162,152,unlabeled,2,0.26788532733917236,213.17169451713562,224.21254563331604,227.64616513252258,240.0,426.34338903427124,448.4250912666321,455.29233026504517,480.0,440.8178596496582,464.21254563331604,440.8178596496582,480.0,0.6887779057025909,0.9671094700694084,0.6887779057025909,1.0,14.474470615386963,15.78745436668396,tiny_lt16
2026-08-12T15:19:07.250,153,unlabeled,1,0.22444185614585876,213.9279624223709,227.14801305532455,227.07484328746796,238.72013384103775,427.8559248447418,454.2960261106491,454.1496865749359,477.4402676820755,441.00280570983887,465.8681468963623,441.00280570983887,477.4402676820755,0.6890668839216232,0.9705586393674215,0.6890668839216232,0.9946672243376573,13.146880865097046,11.572120785713196,tiny_lt16
2026-08-12T15:19:07.339,154,unlabeled,1,0.2549463212490082,121.7069582939148,58.44210863113403,175.07732439041138,240.0,243.4139165878296,116.88421726226807,350.15464878082275,480.0,296.7842826843262,298.44210863113403,296.7842826843262,480.0,0.46372544169425967,0.6217543929815292,0.46372544169425967,1.0,53.37036609649658,181.55789136886597,regular_ge32
2026-08-12T15:19:07.339,154,unlabeled,2,0.24242530763149261,193.45832133293152,225.1288024187088,210.97999119758606,240.0,386.91664266586304,450.2576048374176,421.9599823951721,480.0,404.4383125305176,465.1288024187088,404.4383125305176,480.0,0.6319348633289337,0.96901833837231,0.6319348633289337,1.0,17.52166986465454,14.871197581291199,tiny_lt16
2026-08-12T15:19:07.339,154,unlabeled,3,0.2363237887620926,277.4248697757721,198.80439972877502,305.3908326625824,235.59038138389587,554.8497395515442,397.60879945755005,610.7816653251648,471.18076276779175,582.8157024383545,434.3947811126709,582.8157024383545,471.18076276779175,0.9106495350599288,0.9049891273180644,0.9106495350599288,0.9816265890995661,27.965962886810303,36.78598165512085,regular_ge32
2026-08-12T15:19:07.339,154,unlabeled,4,0.23032912611961365,212.74645626544952,226.41549077630043,227.6911848783493,239.97929033637047,425.49291253089905,452.83098155260086,455.3823697566986,479.95858067274094,440.4376411437988,466.3947811126709,440.4376411437988,479.95858067274094,0.6881838142871857,0.971655793984731,0.6881838142871857,0.9999137097348769,14.94472861289978,13.563799560070038,tiny_lt16
2026-08-12T15:19:07.417,155,unlabeled,1,0.441620409488678,97.69497108459473,64.03238010406494,185.53779792785645,240.0,195.38994216918945,128.06476020812988,371.0755958557129,480.0,283.2327690124512,304.03238010406494,283.2327690124512,480.0,0.44255120158195493,0.6334007918834687,0.44255120158195493,1.0,87.84282684326172,175.96761989593506,regular_ge32
2026-08-12T15:19:07.417,155,unlabeled,2,0.23032912611961365,193.94351649284363,224.8643800020218,211.46518635749817,240.0,387.88703298568726,449.7287600040436,422.93037271499634,480.0,405.4087028503418,464.8643800020218,405.4087028503418,480.0,0.6334510982036591,0.9684674583375454,0.6334510982036591,1.0,17.52166986465454,15.13561999797821,tiny_lt16
2026-08-12T15:19:07.417,155,unlabeled,3,0.23032912611961365,211.79980087280273,225.84228879213333,228.24394035339355,240.0,423.59960174560547,451.68457758426666,456.4878807067871,480.0,440.0437412261963,465.84228879213333,440.0437412261963,480.0,0.6875683456659317,0.9705047683169444,0.6875683456659317,1.0,16.44413948059082,14.157711207866669,tiny_lt16
2026-08-12T15:19:07.510,156,unlabeled,1,0.37690892815589905,101.38630938529968,64.56108283996582,191.380921125412,240.0,202.77261877059937,129.12216567993164,382.761842250824,480.0,292.76723051071167,304.5610828399658,292.76723051071167,480.0,0.45744879767298696,0.6345022559165955,0.45744879767298696,1.0,89.9946117401123,175.43891716003418,regular_ge32
2026-08-12T15:19:07.510,156,unlabeled,2,0.2549463212490082,279.8776185512543,200.092343211174,303.11957478523254,235.84657204151154,559.7552371025085,400.184686422348,606.2391495704651,471.69314408302307,582.9971933364868,435.93891525268555,582.9971933364868,471.69314408302307,0.9109331145882607,0.9082060734430949,0.9109331145882607,0.9826940501729647,23.24195623397827,35.754228830337524,regular_ge32
2026-08-12T15:19:07.510,156,unlabeled,3,0.22444185614585876,212.15661299228668,225.31166249513626,228.0857766866684,239.7591363787651,424.31322598457336,450.6233249902725,456.1715533733368,479.5182727575302,440.2423896789551,465.07079887390137,440.2423896789551,479.5182727575302,0.6878787338733673,0.9688974976539612,0.6878787338733673,0.9989964015781879,15.929163694381714,14.447473883628845,tiny_lt16
2026-08-12T15:19:07.510,156,unlabeled,4,0.21299070119857788,192.15534591674805,223.92873871326447,212.03436279296875,239.80318534374237,384.3106918334961,447.85747742652893,424.0687255859375,479.60637068748474,404.1897087097168,463.73192405700684,404.1897087097168,479.60637068748474,0.6315464198589325,0.9661081751187642,0.6315464198589325,0.9991799389322599,19.879016876220703,15.874446630477905,tiny_lt16
2026-08-12T15:19:07.510,156,unlabeled,5,0.2019716501235962,310.6934139728546,195.12914842367172,320.0,216.10362058877945,621.3868279457092,390.25829684734344,640.0,432.2072411775589,630.6934139728546,411.2327690124512,630.6934139728546,432.2072411775589,0.9854584593325854,0.8567349354426066,0.9854584593325854,0.9004317524532477,9.306586027145386,20.974472165107727,small_16_32
2026-08-12T15:19:07.605,157,unlabeled,1,0.3690716028213501,108.50462508201599,71.15896368026733,184.12823748588562,240.0,217.00925016403198,142.31792736053467,368.25647497177124,480.0,292.6328625679016,311.15896368026733,292.6328625679016,480.0,0.45723884776234625,0.648247841000557,0.45723884776234625,1.0,75.62361240386963,168.84103631973267,regular_ge32
2026-08-12T15:19:07.605,157,unlabeled,2,0.23032912611961365,192.83260798454285,224.54536867141724,212.09590649604797,239.45463132858276,385.6652159690857,449.0907373428345,424.19181299209595,478.9092626571655,404.9285144805908,464.0,404.9285144805908,478.9092626571655,0.6327008038759232,0.9666666666666667,0.6327008038759232,0.9977276305357615,19.263298511505127,14.909262657165527,tiny_lt16
2026-08-12T15:19:07.605,157,unlabeled,3,0.21299070119857788,280.25782680511475,202.36826145648956,303.499783039093,233.31778132915497,560.5156536102295,404.7365229129791,606.999566078186,466.63556265830994,583.7576098442078,435.68604278564453,583.7576098442078,466.63556265830994,0.9121212653815747,0.9076792558034261,0.9121212653815747,0.9721574222048124,23.24195623397827,30.949519872665405,small_16_32
2026-08-12T15:19:07.605,157,unlabeled,4,0.21299070119857788,211.16002440452576,225.26845207810402,228.6816942691803,239.26754912734032,422.3200488090515,450.53690415620804,457.3633885383606,478.53509825468063,439.84171867370605,464.53600120544434,439.84171867370605,478.53509825468063,0.6872526854276657,0.9677833358446757,0.6872526854276657,0.996948121363918,17.52166986465454,13.999097049236298,tiny_lt16
2026-08-12T15:19:07.696,158,unlabeled,1,0.3690716028213501,112.8928382396698,82.76948833465576,182.86477160453796,230.41480922698975,225.7856764793396,165.53897666931152,365.7295432090759,460.8296184539795,295.75760984420776,313.1842975616455,295.75760984420776,460.8296184539795,0.4621212653815746,0.6524672865867615,0.4621212653815746,0.9600617051124573,69.97193336486816,147.64532089233398,regular_ge32
2026-08-12T15:19:07.696,158,unlabeled,2,0.2549463212490082,280.23364901542664,201.08824920654297,302.7635443210602,234.85066604614258,560.4672980308533,402.17649841308594,605.5270886421204,469.70133209228516,582.9971933364868,435.93891525268555,582.9971933364868,469.70133209228516,0.9109331145882607,0.9082060734430949,0.9109331145882607,0.9785444418589274,22.529895305633545,33.76241683959961,regular_ge32
2026-08-12T15:19:07.696,158,unlabeled,3,0.20742715895175934,192.40279865264893,224.70940965414047,212.28181552886963,240.0,384.80559730529785,449.41881930828094,424.56363105773926,480.0,404.68461418151855,464.7094096541405,404.68461418151855,480.0,0.6323197096586227,0.968144603446126,0.6323197096586227,1.0,19.879016876220703,15.290590345859528,tiny_lt16
2026-08-12T15:19:07.788,159,unlabeled,1,0.40887001156806946,111.60324001312256,85.48061156272888,187.2268524169922,238.76795554161072,223.20648002624512,170.96122312545776,374.4537048339844,477.53591108322144,298.83009243011475,324.2485671043396,298.83009243011475,477.53591108322144,0.4669220194220543,0.6755178481340408,0.4669220194220543,0.994866481423378,75.62361240386963,153.28734397888184,regular_ge32
2026-08-12T15:19:07.788,159,unlabeled,2,0.218662291765213,279.8776185512543,201.18638157844543,303.11957478523254,233.98815989494324,559.7552371025085,402.37276315689087,606.2391495704651,467.9763197898865,582.9971933364868,435.1745414733887,582.9971933364868,467.9763197898865,0.9109331145882607,0.9066136280695597,0.9109331145882607,0.9749506662289301,23.24195623397827,32.8017783164978,regular_ge32
2026-08-12T15:19:07.788,159,unlabeled,3,0.20742715895175934,209.7743263244629,224.59817612171173,229.6533432006836,240.0,419.5486526489258,449.19635224342346,459.3066864013672,480.0,439.4276695251465,464.59817612171173,439.4276695251465,480.0,0.6866057336330413,0.9679128669202328,0.6866057336330413,1.0,19.879016876220703,15.401823878288269,tiny_lt16
2026-08-12T15:19:07.788,159,unlabeled,4,0.2019716501235962,192.52474880218506,224.8133692741394,212.40376567840576,239.72263193130493,385.0494976043701,449.6267385482788,424.8075313568115,479.44526386260986,404.9285144805908,464.53600120544434,404.9285144805908,479.44526386260986,0.6327008038759232,0.9677833358446757,0.6327008038759232,0.9988442997137705,19.879016876220703,14.909262657165527,tiny_lt16
2026-08-12T15:19:07.876,160,unlabeled,1,0.4916226267814636,106.79965829849243,93.5456862449646,188.38248109817505,239.27977228164673,213.59931659698486,187.0913724899292,376.7649621963501,478.55954456329346,295.1821393966675,332.8254585266113,295.1821393966675,478.55954456329346,0.4612220928072929,0.6933863719304403,0.4612220928072929,0.996999051173528,81.58282279968262,145.73408603668213,regular_ge32
2026-08-12T15:19:07.876,160,unlabeled,2,0.24242530763149261,279.9700915813446,202.0633680820465,303.2120478153229,234.8651463985443,559.9401831626892,404.126736164093,606.4240956306458,469.7302927970886,583.1821393966675,436.9285144805908,583.1821393966675,469.7302927970886,0.9112220928072929,0.9102677385012309,0.9112220928072929,0.9786047766606013,23.24195623397827,32.8017783164978,regular_ge32
2026-08-12T15:19:07.876,160,unlabeled,3,0.22444185614585876,192.95330500602722,223.92873871326447,212.21660351753235,239.80318534374237,385.90661001205444,447.85747742652893,424.4332070350647,479.60637068748474,405.16990852355957,463.73192405700684,405.16990852355957,479.60637068748474,0.6330779820680619,0.9661081751187642,0.6330779820680619,0.9991799389322599,19.263298511505127,15.874446630477905,tiny_lt16
2026-08-12T15:19:07.876,160,unlabeled,4,0.21299070119857788,210.39022135734558,223.6766951084137,229.6535198688507,240.0,420.78044271469116,447.3533902168274,459.3070397377014,480.0,440.0437412261963,463.6766951084137,440.0437412261963,480.0,0.6875683456659317,0.9659931148091953,0.6875683456659317,1.0,19.263298511505127,16.323304891586304,small_16_32
2026-08-12T15:19:07.964,161,unlabeled,1,0.5083773732185364,107.28772974014282,93.28993558883667,188.87055253982544,239.0240216255188,214.57545948028564,186.57987117767334,377.7411050796509,478.0480432510376,296.15828227996826,332.31395721435547,296.15828227996826,478.0480432510376,0.4627473160624504,0.6923207441965739,0.4627473160624504,0.9959334234396616,81.58282279968262,145.73408603668213,regular_ge32
2026-08-12T15:19:07.964,161,unlabeled,2,0.23032912611961365,192.52474880218506,223.94477105140686,212.40376567840576,240.0,385.0494976043701,447.8895421028137,424.8075313568115,480.0,404.9285144805908,463.94477105140686,404.9285144805908,480.0,0.6327008038759232,0.9665516063570976,0.6327008038759232,1.0,19.879016876220703,16.05522894859314,small_16_32
2026-08-12T15:19:07.964,161,unlabeled,3,0.20742715895175934,210.1816864013672,223.41725128889084,230.0607032775879,240.0,420.3633728027344,446.8345025777817,460.1214065551758,480.0,440.2423896789551,463.41725128889084,440.2423896789551,480.0,0.6878787338733673,0.965452606851856,0.6878787338733673,1.0,19.879016876220703,16.58274871110916,small_16_32
2026-08-12T15:19:08.046,162,unlabeled,1,0.441620409488678,113.25412034988403,86.94387483596802,188.87773275375366,222.93426084518433,226.50824069976807,173.88774967193604,377.7554655075073,445.86852169036865,302.1318531036377,309.87813568115234,302.1318531036377,445.86852169036865,0.4720810204744339,0.6455794493357341,0.4720810204744339,0.9288927535216014,75.62361240386963,135.9903860092163,regular_ge32
2026-08-12T15:19:08.046,162,unlabeled,2,0.21299070119857788,279.89145016670227,202.2408457994461,303.8661596775055,233.1903656721115,559.7829003334045,404.4816915988922,607.732319355011,466.380731344223,583.7576098442078,435.4312114715576,583.7576098442078,466.380731344223,0.9121212653815747,0.9071483572324117,0.9121212653815747,0.971626523633798,23.974709510803223,30.949519872665405,small_16_32
2026-08-12T15:19:08.046,162,unlabeled,3,0.21299070119857788,192.83260798454285,224.87675881385803,212.09590649604797,240.0,385.6652159690857,449.75351762771606,424.19181299209595,480.0,404.9285144805908,464.87675881385803,404.9285144805908,480.0,0.6327008038759232,0.9684932475288709,0.6327008038759232,1.0,19.263298511505127,15.123241186141968,tiny_lt16
2026-08-12T15:19:08.126,163,unlabeled,1,0.4832499325275421,120.38574504852295,73.33981323242188,188.54276943206787,240.0,240.7714900970459,146.67962646484375,377.08553886413574,480.0,308.9285144805908,313.3398132324219,308.9285144805908,480.0,0.4827008038759232,0.6527912775675456,0.4827008038759232,1.0,68.15702438354492,166.66018676757812,regular_ge32
2026-08-12T15:19:08.126,163,unlabeled,2,0.2613641023635864,109.94268190860748,223.1287032365799,124.88741052150726,239.0031498670578,219.88536381721497,446.2574064731598,249.77482104301453,478.0062997341156,234.83009243011475,462.1318531036377,234.83009243011475,478.0062997341156,0.36692201942205427,0.9627746939659119,0.36692201942205427,0.9958464577794075,14.94472861289978,15.874446630477905,tiny_lt16
2026-08-12T15:19:08.126,163,unlabeled,3,0.24863308668136597,192.3284170627594,222.74470782279968,212.84149146080017,239.12324166297913,384.6568341255188,445.48941564559937,425.68298292160034,478.24648332595825,405.16990852355957,461.8679494857788,405.16990852355957,478.24648332595825,0.6330779820680619,0.9622248947620392,0.6330779820680619,0.996346840262413,20.51307439804077,16.378533840179443,small_16_32
2026-08-12T15:19:08.126,163,unlabeled,4,0.23032912611961365,75.90409398078918,222.99675142765045,95.16739249229431,238.87119805812836,151.80818796157837,445.9935028553009,190.33478498458862,477.7423961162567,171.0714864730835,461.8679494857788,171.0714864730835,477.7423961162567,0.26729919761419296,0.9622248947620392,0.26729919761419296,0.9952966585755348,19.263298511505127,15.874446630477905,tiny_lt16
2026-08-12T15:19:08.126,163,unlabeled,5,0.21299070119857788,261.26129031181335,197.2051966190338,295.82255005836487,233.99117827415466,522.5225806236267,394.4103932380676,591.6451001167297,467.9823565483093,557.0838403701782,431.1963748931885,557.0838403701782,467.9823565483093,0.8704435005784035,0.898325781027476,0.8704435005784035,0.9749632428089777,34.561259746551514,36.78598165512085,regular_ge32
2026-08-12T15:19:08.126,163,unlabeled,6,0.20742715895175934,209.10284805297852,222.74886602163315,230.94089317321777,240.0,418.20569610595703,445.4977320432663,461.88178634643555,480.0,440.0437412261963,462.74886602163315,440.0437412261963,480.0,0.6875683456659317,0.964060137545069,0.6875683456659317,1.0,21.838045120239258,17.251133978366852,small_16_32
2026-08-12T15:19:08.214,164,unlabeled,1,0.5083773732185364,118.14296627044678,64.14623928070068,184.51965713500977,239.85376071929932,236.28593254089355,128.29247856140137,369.03931427001953,479.70752143859863,302.66262340545654,304.0,302.66262340545654,479.70752143859863,0.47291034907102586,0.6333333333333333,0.47291034907102586,0.9993906696637471,66.37669086456299,175.70752143859863,regular_ge32
2026-08-12T15:19:08.214,164,unlabeled,2,0.218662291765213,208.7948122024536,223.41830438375473,230.63285732269287,240.0,417.5896244049072,446.83660876750946,461.26571464538574,480.0,439.4276695251465,463.41830438375473,439.4276695251465,480.0,0.6866057336330413,0.965454800799489,0.6866057336330413,1.0,21.838045120239258,16.58169561624527,small_16_32
2026-08-12T15:19:08.214,164,unlabeled,3,0.21299070119857788,190.6682481765747,222.21824115514755,212.50629329681396,239.64970833063126,381.3364963531494,444.4364823102951,425.01258659362793,479.2994166612625,403.1745414733887,461.8679494857788,403.1745414733887,479.2994166612625,0.6299602210521698,0.9622248947620392,0.6299602210521698,0.9985404513776303,21.838045120239258,17.431467175483704,small_16_32
2026-08-12T15:19:08.308,165,unlabeled,1,0.5167500376701355,110.47435903549194,60.65934133529663,186.09797143936157,237.9319567680359,220.9487180709839,121.31868267059326,372.19594287872314,475.8639135360718,296.5723304748535,298.5912981033325,296.5723304748535,475.8639135360718,0.46339426636695863,0.6220652043819428,0.46339426636695863,0.9913831532001496,75.62361240386963,177.27261543273926,regular_ge32
2026-08-12T15:19:08.308,165,unlabeled,2,0.22444185614585876,210.87832629680634,223.95310181379318,228.96339237689972,240.0,421.75665259361267,447.90620362758636,457.92678475379944,480.0,439.84171867370605,463.9531018137932,439.84171867370605,480.0,0.6872526854276657,0.9665689621120691,0.6872526854276657,1.0,18.085066080093384,16.046898186206818,small_16_32
2026-08-12T15:19:08.308,165,unlabeled,3,0.21299070119857788,279.88103675842285,201.26526391506195,302.4109320640564,233.12951719760895,559.7620735168457,402.5305278301239,604.8218641281128,466.2590343952179,582.2919688224792,434.3947811126709,582.2919688224792,466.2590343952179,0.9098312012851238,0.9049891273180644,0.9098312012851238,0.9713729883233706,22.529895305633545,31.864253282546997,small_16_32
2026-08-12T15:19:08.308,165,unlabeled,4,0.2019716501235962,243.0138303041458,219.08862507343292,256.16071116924286,237.06965720653534,486.0276606082916,438.17725014686584,512.3214223384857,474.1393144130707,499.1745414733887,456.15828227996826,499.1745414733887,474.1393144130707,0.7799602210521698,0.9503297547499339,0.7799602210521698,0.9877902383605639,13.146880865097046,17.981032133102417,small_16_32
2026-08-12T15:19:08.387,166,unlabeled,1,0.4832499325275421,107.68026781082153,67.33525371551514,193.4035725593567,239.83928775787354,215.36053562164307,134.67050743103027,386.8071451187134,479.67857551574707,301.0838403701782,307.1745414733887,301.0838403701782,479.67857551574707,0.47044350057840345,0.6399469614028931,0.47044350057840345,0.9993303656578064,85.72330474853516,172.5040340423584,regular_ge32
2026-08-12T15:19:08.387,166,unlabeled,2,0.218662291765213,207.7701132297516,223.15022844076157,231.01206946372986,240.0,415.5402264595032,446.30045688152313,462.0241389274597,480.0,438.78218269348145,463.15022844076157,438.78218269348145,480.0,0.6855971604585648,0.9648963092515866,0.6855971604585648,1.0,23.24195623397827,16.849771559238434,small_16_32
2026-08-12T15:19:08.387,166,unlabeled,3,0.2019716501235962,186.59580421447754,219.97165375947952,216.32035446166992,239.09983271360397,373.1916084289551,439.94330751895905,432.64070892333984,478.19966542720795,402.91615867614746,459.0714864730835,402.91615867614746,478.19966542720795,0.6295564979314804,0.9563989301522573,0.6295564979314804,0.9962493029733499,29.724550247192383,19.12817895412445,small_16_32
2026-08-12T15:19:08.488,167,unlabeled,1,0.5,111.4806547164917,63.21353578567505,197.20395946502686,185.22410535812378,222.9613094329834,126.4270715713501,394.4079189300537,370.44821071624756,308.68461418151855,248.43764114379883,308.68461418151855,370.44821071624756,0.48231970965862275,0.5175784190495809,0.48231970965862275,0.7717671056588491,85.72330474853516,122.01056957244873,regular_ge32
2026-08-12T15:19:08.488,167,unlabeled,2,0.24242530763149261,72.17399716377258,220.1846665740013,100.13996005058289,240.0,144.34799432754517,440.3693331480026,200.27992010116577,480.0,172.31395721435547,460.1846665740013,172.31395721435547,480.0,0.2692405581474304,0.9587180553625028,0.2692405581474304,1.0,27.965962886810303,19.815333425998688,small_16_32
2026-08-12T15:19:08.488,167,unlabeled,3,0.21299070119857788,186.33511543273926,219.91759771108627,216.05966567993164,239.64409166574478,372.6702308654785,439.83519542217255,432.1193313598633,479.28818333148956,402.3947811126709,459.56168937683105,402.3947811126709,479.28818333148956,0.6287418454885483,0.9574201862017314,0.6287418454885483,0.99851704860727,29.724550247192383,19.72649395465851,small_16_32
2026-08-12T15:19:08.488,167,unlabeled,4,0.21299070119857788,206.85573935508728,223.14352190494537,232.35997796058655,240.0,413.71147871017456,446.28704380989075,464.7199559211731,480.0,439.2157173156738,463.1435219049454,439.2157173156738,480.0,0.6862745583057404,0.9648823373019695,0.6862745583057404,1.0,25.504238605499268,16.856478095054626,small_16_32
2026-08-12T15:19:08.565,168,unlabeled,1,0.43337342143058777,106.56492137908936,66.94537353515625,205.47881984710693,239.44940757751465,213.1298427581787,133.8907470703125,410.95763969421387,478.8988151550293,312.0437412261963,306.3947811126709,312.0437412261963,478.8988151550293,0.4875683456659317,0.6383224606513977,0.4875683456659317,0.9977058649063111,98.91389846801758,172.5040340423584,regular_ge32
2026-08-12T15:19:08.565,168,unlabeled,2,0.2363237887620926,208.899151802063,223.12857109308243,230.73719692230225,240.0,417.798303604126,446.25714218616486,461.4743938446045,480.0,439.63634872436523,463.1285710930824,439.63634872436523,480.0,0.6869317948818207,0.964851189777255,0.6869317948818207,1.0,21.838045120239258,16.871428906917572,small_16_32
2026-08-12T15:19:08.565,168,unlabeled,3,0.218662291765213,262.46397280693054,197.8548845052719,298.0720283985138,233.60911333560944,524.9279456138611,395.7097690105438,596.1440567970276,467.2182266712189,560.5360012054443,431.46399784088135,560.5360012054443,467.2182266712189,0.8758375018835067,0.8988833288351695,0.8758375018835067,0.9733713055650394,35.60805559158325,35.754228830337524,regular_ge32
2026-08-12T15:19:08.565,168,unlabeled,4,0.2019716501235962,189.9662926197052,223.41129648685455,213.20824885368347,240.0,379.9325852394104,446.8225929737091,426.41649770736694,480.0,403.1745414733887,463.41129648685455,403.1745414733887,480.0,0.6299602210521698,0.9654402010142803,0.6299602210521698,1.0,23.24195623397827,16.588703513145447,small_16_32
2026-08-12T15:19:08.565,168,unlabeled,5,0.2019716501235962,242.16998279094696,219.06544703245163,254.9008160829544,236.49691420793533,484.3399655818939,438.13089406490326,509.8016321659088,472.99382841587067,497.07079887390137,455.56236124038696,497.07079887390137,472.99382841587067,0.7766731232404709,0.9490882525841395,0.7766731232404709,0.9854038091997306,12.730833292007446,17.431467175483704,small_16_32
2026-08-12T15:19:08.665,169,unlabeled,1,0.4748867154121399,106.49107265472412,66.54958629608154,207.70971584320068,239.05362033843994,212.98214530944824,133.0991725921631,415.41943168640137,478.1072406768799,314.2007884979248,305.6032066345215,314.2007884979248,478.1072406768799,0.49093873202800753,0.6366733471552531,0.49093873202800753,0.9960567514101665,101.21864318847656,172.5040340423584,regular_ge32
2026-08-12T15:19:08.665,169,unlabeled,2,0.2363237887620926,209.76533341407776,223.67817175388336,230.27840781211853,240.0,419.5306668281555,447.3563435077667,460.55681562423706,480.0,440.0437412261963,463.67817175388336,440.0437412261963,480.0,0.6875683456659317,0.9659961911539237,0.6875683456659317,1.0,20.51307439804077,16.321828246116638,small_16_32
2026-08-12T15:19:08.665,169,unlabeled,3,0.22444185614585876,192.41554629802704,224.219977080822,210.50061237812042,240.0,384.8310925960541,448.439954161644,421.00122475624084,480.0,402.91615867614746,464.219977080822,402.91615867614746,480.0,0.6295564979314804,0.9671249522517125,0.6295564979314804,1.0,18.085066080093384,15.780022919178009,tiny_lt16
2026-08-12T15:19:08.756,170,unlabeled,1,0.441620409488678,107.60163402557373,69.24039125442505,204.24008464813232,238.44565153121948,215.20326805114746,138.4807825088501,408.48016929626465,476.89130306243896,311.84171867370605,307.68604278564453,311.84171867370605,476.89130306243896,0.4872526854276657,0.6410125891367594,0.4872526854276657,0.9935235480467478,96.6384506225586,169.20526027679443,regular_ge32
2026-08-12T15:19:08.756,170,unlabeled,2,0.24863308668136597,189.70712018013,221.44124501943588,212.94907641410828,238.8727121949196,379.41424036026,442.88249003887177,425.89815282821655,477.7454243898392,402.6561965942383,460.31395721435547,402.6561965942383,477.7454243898392,0.6291503071784973,0.9589874108632406,0.6291503071784973,0.9953029674788316,23.24195623397827,17.431467175483704,small_16_32
2026-08-12T15:19:08.756,170,unlabeled,3,0.23032912611961365,207.24353671073914,223.27748453617096,231.9721806049347,240.0,414.48707342147827,446.5549690723419,463.9443612098694,480.0,439.2157173156738,463.27748453617096,439.2157173156738,480.0,0.6862745583057404,0.9651614261170228,0.6862745583057404,1.0,24.728643894195557,16.72251546382904,small_16_32
2026-08-12T15:19:08.756,170,unlabeled,4,0.20742715895175934,279.7868731021881,201.26526391506195,303.0288293361664,233.12951719760895,559.5737462043762,402.5305278301239,606.0576586723328,466.2590343952179,582.8157024383545,434.3947811126709,582.8157024383545,466.2590343952179,0.9106495350599288,0.9049891273180644,0.9106495350599288,0.9713729883233706,23.24195623397827,31.864253282546997,small_16_32
2026-08-12T15:19:08.846,171,unlabeled,1,0.3848111629486084,112.57998943328857,71.80217456817627,200.4228162765503,240.0,225.15997886657715,143.60434913635254,400.8456325531006,480.0,313.00280570983887,311.80217456817627,313.00280570983887,480.0,0.48906688392162323,0.6495878636837006,0.48906688392162323,1.0,87.84282684326172,168.19782543182373,regular_ge32
2026-08-12T15:19:08.846,171,unlabeled,2,0.2549463212490082,193.0523213148117,224.57559770345688,211.1373873949051,239.96040350198746,386.1046426296234,449.15119540691376,422.2747747898102,479.9208070039749,404.1897087097168,464.53600120544434,404.1897087097168,479.9208070039749,0.6315464198589325,0.9677833358446757,0.6315464198589325,0.9998350145916144,18.085066080093384,15.384805798530579,tiny_lt16
2026-08-12T15:19:08.846,171,unlabeled,3,0.23032912611961365,280.6138572692871,202.86754715442657,303.14375257492065,233.81706702709198,561.2277145385742,405.73509430885315,606.2875051498413,467.63413405418396,583.7576098442078,436.68461418151855,583.7576098442078,467.63413405418396,0.9121212653815747,0.9097596128781636,0.9121212653815747,0.9742377792795499,22.529895305633545,30.949519872665405,small_16_32
2026-08-12T15:19:08.846,171,unlabeled,4,0.23032912611961365,210.08218550682068,224.0866886973381,229.3454840183258,240.0,420.16437101364136,448.1733773946762,458.6909680366516,480.0,439.4276695251465,464.0866886973381,439.4276695251465,480.0,0.6866057336330413,0.9668472681194544,0.6866057336330413,1.0,19.263298511505127,15.913311302661896,tiny_lt16
2026-08-12T15:19:08.932,172,unlabeled,1,0.441620409488678,112.27787733078003,82.09907054901123,189.85397577285767,240.0,224.55575466156006,164.19814109802246,379.70795154571533,480.0,302.1318531036377,322.09907054901123,302.1318531036377,480.0,0.4720810204744339,0.6710397303104401,0.4720810204744339,1.0,77.57609844207764,157.90092945098877,regular_ge32
2026-08-12T15:19:08.932,172,unlabeled,2,0.22444185614585876,281.1023015975952,202.2408457994461,302.2682304382324,233.1903656721115,562.2046031951904,404.4816915988922,604.5364608764648,466.380731344223,583.3705320358276,435.4312114715576,583.3705320358276,466.380731344223,0.9115164563059807,0.9071483572324117,0.9115164563059807,0.971626523633798,21.165928840637207,30.949519872665405,small_16_32
2026-08-12T15:19:08.932,172,unlabeled,3,0.218662291765213,194.36288452148438,223.26117289066315,210.8070240020752,239.13561952114105,388.72576904296875,446.5223457813263,421.6140480041504,478.2712390422821,405.16990852355957,462.3967924118042,405.16990852355957,478.2712390422821,0.6330779820680619,0.9633266508579255,0.6330779820680619,0.9963984146714211,16.44413948059082,15.874446630477905,tiny_lt16
2026-08-12T15:19:08.932,172,unlabeled,4,0.20742715895175934,211.05733942985535,223.54273200035095,228.5790092945099,239.9212658405304,422.1146788597107,447.0854640007019,457.1580185890198,479.8425316810608,439.63634872436523,463.46399784088135,439.63634872436523,479.8425316810608,0.6869317948818207,0.9655499955018362,0.6869317948818207,0.99967194100221,17.52166986465454,16.378533840179443,small_16_32
2026-08-12T15:19:09.016,173,unlabeled,1,0.3384403884410858,108.86628150939941,85.13673079013824,190.44910430908203,238.42407476902008,217.73256301879883,170.2734615802765,380.89820861816406,476.84814953804016,299.31538581848145,323.5608055591583,299.31538581848145,476.84814953804016,0.46768029034137726,0.6740850115815799,0.46768029034137726,0.993433644870917,81.58282279968262,153.28734397888184,regular_ge32
2026-08-12T15:19:09.016,173,unlabeled,2,0.22444185614585876,280.5162329673767,201.91089475154877,303.04612827301025,233.77514803409576,561.0324659347534,403.82178950309753,606.0922565460205,467.5502960681915,583.562361240387,435.68604278564453,583.562361240387,467.5502960681915,0.9118161894381046,0.9076792558034261,0.9118161894381046,0.9740631168087324,22.529895305633545,31.864253282546997,small_16_32
2026-08-12T15:19:09.016,173,unlabeled,3,0.2019716501235962,244.67822802066803,219.14235895872116,255.51148068904877,236.03978043794632,489.35645604133606,438.2847179174423,511.02296137809753,472.07956087589264,500.1897087097168,455.1821393966675,500.1897087097168,472.07956087589264,0.7815464198589325,0.9482961237430573,0.7815464198589325,0.9834990851581097,10.833252668380737,16.89742147922516,small_16_32
2026-08-12T15:19:09.097,174,unlabeled,1,0.5251132845878601,105.73627948760986,94.4642686843872,193.57910633087158,240.0,211.47255897521973,188.9285373687744,387.15821266174316,480.0,299.31538581848145,334.4642686843872,299.31538581848145,480.0,0.46768029034137726,0.69680055975914,0.46768029034137726,1.0,87.84282684326172,145.5357313156128,regular_ge32
2026-08-12T15:19:09.097,174,unlabeled,2,0.218662291765213,208.0928566455841,223.92873871326447,231.33481287956238,239.80318534374237,416.1857132911682,447.85747742652893,462.66962575912476,479.60637068748474,439.4276695251465,463.73192405700684,439.4276695251465,479.60637068748474,0.6866057336330413,0.9661081751187642,0.6866057336330413,0.9991799389322599,23.24195623397827,15.874446630477905,tiny_lt16
2026-08-12T15:19:09.097,174,unlabeled,3,0.21299070119857788,195.05828094482422,224.73146450519562,211.50242042541504,240.0,390.11656188964844,449.46292901039124,423.0048408508301,480.0,406.56070137023926,464.7314645051956,406.56070137023926,480.0,0.6352510958909988,0.9681905510524909,0.6352510958909988,1.0,16.44413948059082,15.268535494804382,tiny_lt16
2026-08-12T15:19:09.199,175,unlabeled,1,0.5083773732185364,110.18174362182617,98.4410753250122,193.81825637817383,238.36254978179932,220.36348724365234,196.8821506500244,387.63651275634766,476.72509956359863,304.0,336.8036251068115,304.0,476.72509956359863,0.475,0.701674218972524,0.475,0.9931772907574972,83.63651275634766,139.9214744567871,regular_ge32
2026-08-12T15:19:09.199,175,unlabeled,2,0.20742715895175934,210.67130172252655,226.6761795580387,228.75636780261993,240.0,421.3426034450531,453.3523591160774,457.51273560523987,480.0,439.4276695251465,466.6761795580387,439.4276695251465,480.0,0.6866057336330413,0.972242040745914,0.6866057336330413,1.0,18.085066080093384,13.323820441961288,tiny_lt16
2026-08-12T15:19:09.277,176,unlabeled,1,0.5334624648094177,110.80677604675293,96.52900457382202,192.38959884643555,238.40019464492798,221.61355209350586,193.05800914764404,384.7791976928711,476.80038928985596,303.1963748931885,334.92919921875,303.1963748931885,476.80038928985596,0.473744335770607,0.6977691650390625,0.473744335770607,0.9933341443538666,81.58282279968262,141.87119007110596,regular_ge32
2026-08-12T15:19:09.377,177,unlabeled,1,0.3848111629486084,105.45941638946533,84.41767740249634,187.04223918914795,240.0,210.91883277893066,168.83535480499268,374.0844783782959,480.0,292.5016555786133,324.41767740249634,292.5016555786133,480.0,0.4570338368415833,0.6758701612552007,0.4570338368415833,1.0,81.58282279968262,155.58232259750366,regular_ge32
2026-08-12T15:19:09.468,178,unlabeled,1,0.34598395228385925,98.58390486240387,71.49715518951416,192.97690069675446,240.0,197.16780972480774,142.99431037902832,385.9538013935089,480.0,291.5608055591583,311.49715518951416,291.5608055591583,480.0,0.45556375868618487,0.6489524066448211,0.45556375868618487,1.0,94.39299583435059,168.50284481048584,regular_ge32
2026-08-12T15:19:09.468,178,unlabeled,2,0.218662291765213,0.9658950567245483,186.1627277135849,13.696728348731995,218.0269809961319,1.9317901134490967,372.3254554271698,27.39345669746399,436.0539619922638,14.662623405456543,404.1897087097168,14.662623405456543,436.0539619922638,0.02291034907102585,0.8420618931452434,0.02291034907102585,0.9084457541505496,12.730833292007446,31.864253282546997,small_16_32
2026-08-12T15:19:09.563,179,unlabeled,1,0.43337342143058777,94.20866870880127,71.00411605834961,188.60166454315186,240.0,188.41733741760254,142.00823211669922,377.2033290863037,480.0,282.8103332519531,311.0041160583496,282.8103332519531,480.0,0.44189114570617677,0.6479252417882283,0.44189114570617677,1.0,94.39299583435059,168.9958839416504,regular_ge32
2026-08-12T15:19:09.563,179,unlabeled,2,0.2019716501235962,225.85735774040222,226.61928445100784,236.0105917453766,240.0,451.71471548080444,453.2385689020157,472.0211834907532,480.0,461.8679494857788,466.61928445100784,461.8679494857788,480.0,0.7216686710715294,0.972123509272933,0.7216686710715294,1.0,10.153234004974365,13.380715548992157,tiny_lt16
2026-08-12T15:19:09.641,180,unlabeled,1,0.4832499325275421,96.02267265319824,66.52833080291748,186.01728439331055,240.0,192.04534530639648,133.05666160583496,372.0345687866211,480.0,282.0399570465088,306.5283308029175,282.0399570465088,480.0,0.44068743288517,0.6386006891727447,0.44068743288517,1.0,89.9946117401123,173.47166919708252,regular_ge32
2026-08-12T15:19:09.729,181,unlabeled,1,0.36130279302597046,90.36122512817383,70.8083176612854,189.2751235961914,236.62289381027222,180.72245025634766,141.6166353225708,378.5502471923828,473.24578762054443,279.63634872436523,307.4312114715576,279.63634872436523,473.24578762054443,0.43693179488182066,0.640481690565745,0.43693179488182066,0.9859287242094675,98.91389846801758,165.81457614898682,regular_ge32
2026-08-12T15:19:09.812,182,unlabeled,1,0.4665374755859375,97.5728349685669,73.5016417503357,181.20934772491455,239.3162178993225,195.1456699371338,147.0032835006714,362.4186954498291,478.632435798645,278.78218269348145,312.8178596496582,278.78218269348145,478.632435798645,0.4355971604585648,0.6517038742701212,0.4355971604585648,0.9971509079138438,83.63651275634766,165.81457614898682,regular_ge32
2026-08-12T15:19:09.812,182,unlabeled,2,0.218662291765213,210.01177203655243,225.10920041799545,228.0968381166458,240.0,420.02354407310486,450.2184008359909,456.1936762332916,480.0,438.10861015319824,465.10920041799545,438.10861015319824,480.0,0.6845447033643722,0.9689775008708239,0.6845447033643722,1.0,18.085066080093384,14.890799582004547,tiny_lt16
2026-08-12T15:19:09.812,182,unlabeled,3,0.21299070119857788,243.02404057979584,217.82201904058456,253.5119606256485,237.54851299524307,486.0480811595917,435.6440380811691,507.023921251297,475.09702599048615,496.53600120544434,455.37053203582764,496.53600120544434,475.09702599048615,0.7758375018835068,0.9486886084079742,0.7758375018835068,0.9897854708135128,10.487920045852661,19.72649395465851,small_16_32
2026-08-12T15:19:09.889,183,unlabeled,1,0.4169939160346985,97.51950550079346,69.70605564117432,173.1431179046631,195.73324394226074,195.0390110015869,139.41211128234863,346.2862358093262,391.4664878845215,270.66262340545654,265.43929958343506,270.66262340545654,391.4664878845215,0.42291034907102587,0.552998540798823,0.42291034907102587,0.8155551830927531,75.62361240386963,126.02718830108643,regular_ge32
2026-08-12T15:19:09.889,183,unlabeled,2,0.22444185614585876,211.01285123825073,225.00812363624573,227.98768663406372,240.0,422.02570247650146,450.01624727249146,455.97537326812744,480.0,439.00053787231445,465.0081236362457,439.00053787231445,480.0,0.6859383404254913,0.9687669242421786,0.6859383404254913,1.0,16.97483539581299,14.991876363754272,tiny_lt16
2026-08-12T15:19:09.889,183,unlabeled,3,0.2019716501235962,193.10602855682373,224.35289257764816,209.55016803741455,240.0,386.21205711364746,448.7057851552963,419.1003360748291,480.0,402.6561965942383,464.35289257764816,402.6561965942383,480.0,0.6291503071784973,0.967401859536767,0.6291503071784973,1.0,16.44413948059082,15.647107422351837,tiny_lt16
2026-08-12T15:19:09.985,184,unlabeled,1,0.37690892815589905,95.24249362945557,69.13597989082336,172.8185920715332,193.15598893165588,190.48498725891113,138.27195978164673,345.6371841430664,386.31197786331177,268.06108570098877,262.29196882247925,268.06108570098877,386.31197786331177,0.418845446407795,0.5464416017134984,0.418845446407795,0.8048166205485662,77.57609844207764,124.02000904083252,regular_ge32
2026-08-12T15:19:10.072,185,unlabeled,1,0.37690892815589905,93.38013982772827,76.03209781646729,177.01665258407593,236.59736919403076,186.76027965545654,152.06419563293457,354.03330516815186,473.1947383880615,270.3967924118042,312.62946701049805,270.3967924118042,473.1947383880615,0.42249498814344405,0.6513113896052043,0.42249498814344405,0.9858223716417949,83.63651275634766,160.56527137756348,regular_ge32
2026-08-12T15:19:10.072,185,unlabeled,2,0.24242530763149261,194.8699427843094,224.4416350722313,209.81467139720917,239.82644087076187,389.7398855686188,448.8832701444626,419.62934279441833,479.65288174152374,404.68461418151855,464.26807594299316,404.68461418151855,479.65288174152374,0.6323197096586227,0.9672251582145691,0.6323197096586227,0.9992768369615078,14.94472861289978,15.384805798530579,tiny_lt16
2026-08-12T15:19:10.072,185,unlabeled,3,0.23032912611961365,212.20611214637756,225.87346696853638,227.6356065273285,240.0,424.4122242927551,451.74693393707275,455.271213054657,480.0,439.84171867370605,465.8734669685364,439.84171867370605,480.0,0.6872526854276657,0.9705697228511174,0.6872526854276657,1.0,15.429494380950928,14.126533031463623,tiny_lt16
2026-08-12T15:19:10.072,185,unlabeled,4,0.21299070119857788,243.94433462619781,219.3324698805809,252.8592904806137,236.22989135980606,487.88866925239563,438.6649397611618,505.7185809612274,472.4597827196121,496.8036251068115,455.56236124038696,496.8036251068115,472.4597827196121,0.776255664229393,0.9490882525841395,0.776255664229393,0.984291213999192,8.914955854415894,16.89742147922516,small_16_32
2026-08-12T15:19:10.072,185,unlabeled,5,0.20742715895175934,0.1191169023513794,182.73977601528168,10.952369570732117,214.60402929782867,0.2382338047027588,365.47955203056335,21.904739141464233,429.20805859565735,11.071486473083496,397.34380531311035,11.071486473083496,429.20805859565735,0.017299197614192963,0.8277995944023132,0.017299197614192963,0.8941834554076195,10.833252668380737,31.864253282546997,small_16_32
2026-08-12T15:19:10.072,185,unlabeled,6,0.2019716501235962,170.8362718820572,224.69621616601944,188.92133796215057,240.0,341.6725437641144,449.3924323320389,377.84267592430115,480.0,359.75760984420776,464.69621616601944,359.75760984420776,480.0,0.5621212653815746,0.9681171170125406,0.5621212653815746,1.0,18.085066080093384,15.30378383398056,tiny_lt16
2026-08-12T15:19:10.161,186,unlabeled,1,0.441620409488678,93.27963829040527,75.59818744659424,172.84222602844238,195.59818744659424,186.55927658081055,151.19637489318848,345.68445205688477,391.1963748931885,266.12186431884766,271.1963748931885,266.12186431884766,391.1963748931885,0.41581541299819946,0.5649924476941427,0.41581541299819946,0.8149924476941427,79.56258773803711,120.0,regular_ge32
2026-08-12T15:19:10.161,186,unlabeled,2,0.24863308668136597,194.62037241458893,222.21824115514755,210.54953610897064,239.64970833063126,389.24074482917786,444.4364823102951,421.0990722179413,479.2994166612625,405.16990852355957,461.8679494857788,405.16990852355957,479.2994166612625,0.6330779820680619,0.9622248947620392,0.6330779820680619,0.9985404513776303,15.929163694381714,17.431467175483704,small_16_32
2026-08-12T15:19:10.161,186,unlabeled,3,0.218662291765213,211.12044095993042,223.8192898631096,228.0952763557434,240.0,422.24088191986084,447.6385797262192,456.1905527114868,480.0,439.2157173156738,463.8192898631096,439.2157173156738,480.0,0.6862745583057404,0.9662901872148116,0.6862745583057404,1.0,16.97483539581299,16.18071013689041,small_16_32
2026-08-12T15:19:10.255,187,unlabeled,1,0.36130279302597046,105.08956527709961,84.79798698425293,173.24658966064453,238.08533096313477,210.17913055419922,169.59597396850586,346.49317932128906,476.17066192626953,278.33615493774414,322.8833179473877,278.33615493774414,476.17066192626953,0.4349002420902252,0.6726735790570577,0.4349002420902252,0.9920222123463949,68.15702438354492,153.28734397888184,regular_ge32
2026-08-12T15:19:10.255,187,unlabeled,2,0.27450883388519287,194.87020707130432,222.9794997572899,210.29970145225525,238.36430555582047,389.74041414260864,445.9589995145798,420.5994029045105,476.72861111164093,405.16990852355957,461.34380531311035,405.16990852355957,476.72861111164093,0.6330779820680619,0.9611329277356465,0.6330779820680619,0.9931846064825852,15.429494380950928,15.384805798530579,tiny_lt16
2026-08-12T15:19:10.255,187,unlabeled,3,0.2363237887620926,211.43344163894653,223.8192898631096,228.40827703475952,240.0,422.86688327789307,447.6385797262192,456.81655406951904,480.0,439.84171867370605,463.8192898631096,439.84171867370605,480.0,0.6872526854276657,0.9662901872148116,0.6872526854276657,1.0,16.97483539581299,16.18071013689041,small_16_32
2026-08-12T15:19:10.340,188,unlabeled,1,0.400795578956604,104.77046775817871,85.2455792427063,176.59186172485352,238.53292322158813,209.54093551635742,170.4911584854126,353.18372344970703,477.06584644317627,281.3623294830322,323.77850246429443,281.3623294830322,477.06584644317627,0.4396286398172379,0.6745385468006134,0.4396286398172379,0.9938871800899506,71.8213939666748,153.28734397888184,regular_ge32
2026-08-12T15:19:10.340,188,unlabeled,2,0.24242530763149261,195.92990255355835,223.74376487731934,209.948233127594,238.65302753448486,391.8598051071167,447.4875297546387,419.896466255188,477.3060550689697,405.87813568115234,462.3967924118042,405.87813568115234,477.3060550689697,0.6341845870018006,0.9633266508579255,0.6341845870018006,0.9943876147270203,14.018330574035645,14.909262657165527,tiny_lt16
2026-08-12T15:19:10.340,188,unlabeled,3,0.218662291765213,280.4888286590576,202.2408457994461,302.3268737792969,233.1903656721115,560.9776573181152,404.4816915988922,604.6537475585938,466.380731344223,582.8157024383545,435.4312114715576,582.8157024383545,466.380731344223,0.9106495350599288,0.9071483572324117,0.9106495350599288,0.971626523633798,21.838045120239258,30.949519872665405,small_16_32
2026-08-12T15:19:10.420,189,unlabeled,1,0.4748867154121399,100.54006958007812,90.67707014083862,182.12289237976074,238.3223910331726,201.08013916015625,181.35414028167725,364.2457847595215,476.6447820663452,282.66296195983887,328.99946117401123,282.66296195983887,476.6447820663452,0.44166087806224824,0.6854155441125234,0.44166087806224824,0.9930099626382192,81.58282279968262,147.64532089233398,regular_ge32
2026-08-12T15:19:10.420,189,unlabeled,2,0.2019716501235962,193.5424212217331,222.9580979347229,211.62748730182648,237.86736059188843,387.0848424434662,445.9161958694458,423.25497460365295,475.73472118377686,405.16990852355957,460.8254585266113,405.16990852355957,475.73472118377686,0.6330779820680619,0.9600530385971069,0.6330779820680619,0.9911140024662017,18.085066080093384,14.909262657165527,tiny_lt16
2026-08-12T15:19:10.420,189,unlabeled,3,0.2019716501235962,209.76533341407776,224.77626305818558,230.27840781211853,239.22373694181442,419.5306668281555,449.55252611637115,460.55681562423706,478.44747388362885,440.0437412261963,464.0,440.0437412261963,478.44747388362885,0.6875683456659317,0.9666666666666667,0.6875683456659317,0.9967655705908934,20.51307439804077,14.447473883628845,tiny_lt16
2026-08-12T15:19:10.512,190,unlabeled,1,0.3690716028213501,101.42818641662598,91.90097045898438,183.0110092163086,240.0,202.85637283325195,183.80194091796875,366.0220184326172,480.0,284.43919563293457,331.9009704589844,284.43919563293457,480.0,0.44443624317646024,0.6914603551228841,0.44443624317646024,1.0,81.58282279968262,148.09902954101562,regular_ge32
2026-08-12T15:19:10.512,190,unlabeled,2,0.2019716501235962,263.520973443985,198.12288558483124,298.0822331905365,233.87711441516876,527.04194688797,396.2457711696625,596.164466381073,467.7542288303375,561.6032066345215,432.0,561.6032066345215,467.7542288303375,0.8775050103664398,0.9,0.8775050103664398,0.9744879767298699,34.561259746551514,35.754228830337524,regular_ge32
2026-08-12T15:19:10.599,191,unlabeled,1,0.3690716028213501,98.40150547027588,90.70132160186768,186.2443323135376,240.0,196.80301094055176,181.40264320373535,372.4886646270752,480.0,284.6458377838135,330.7013216018677,284.6458377838135,480.0,0.44475912153720853,0.6889610866705577,0.44475912153720853,1.0,87.84282684326172,149.29867839813232,regular_ge32
2026-08-12T15:19:10.599,191,unlabeled,2,0.21299070119857788,280.3125238418579,201.7834790945053,302.15056896209717,233.6477323770523,560.6250476837158,403.5669581890106,604.3011379241943,467.2954647541046,582.4630928039551,435.4312114715576,582.4630928039551,467.2954647541046,0.9100985825061798,0.9071483572324117,0.9100985825061798,0.973532218237718,21.838045120239258,31.864253282546997,small_16_32
2026-08-12T15:19:10.689,192,unlabeled,1,0.37690892815589905,97.8277587890625,90.28999996185303,185.67058563232422,239.83186435699463,195.655517578125,180.57999992370605,371.34117126464844,479.66372871398926,283.4983444213867,330.12186431884766,283.4983444213867,479.66372871398926,0.44296616315841675,0.6877538839975993,0.44296616315841675,0.999299434820811,87.84282684326172,149.5418643951416,regular_ge32
2026-08-12T15:19:10.689,192,unlabeled,2,0.2363237887620926,212.25423872470856,225.17807561159134,228.18340241909027,239.62554949522018,424.5084774494171,450.3561512231827,456.36680483818054,479.25109899044037,440.4376411437988,464.8036251068115,440.4376411437988,479.25109899044037,0.6881838142871857,0.9683408856391906,0.6881838142871857,0.9984397895634174,15.929163694381714,14.447473883628845,tiny_lt16
2026-08-12T15:19:10.689,192,unlabeled,3,0.218662291765213,243.51070713996887,218.02698022127151,253.02529406547546,237.15515917539597,487.02141427993774,436.05396044254303,506.0505881309509,474.31031835079193,496.53600120544434,455.1821393966675,496.53600120544434,474.31031835079193,0.7758375018835068,0.9482961237430573,0.7758375018835068,0.9881464965641499,9.514586925506592,19.12817895412445,small_16_32
2026-08-12T15:19:10.774,193,unlabeled,1,0.24863308668136597,95.96509552001953,84.888356924057,188.1432876586914,238.17570090293884,191.93019104003906,169.776713848114,376.2865753173828,476.3514018058777,284.10838317871094,323.06405782699585,284.10838317871094,476.3514018058777,0.44391934871673583,0.673050120472908,0.44391934871673583,0.9923987537622452,92.17819213867188,153.28734397888184,regular_ge32
2026-08-12T15:19:10.774,193,unlabeled,2,0.24242530763149261,194.00487577915192,224.219977080822,209.93403947353363,240.0,388.00975155830383,448.439954161644,419.86807894706726,480.0,403.93891525268555,464.219977080822,403.93891525268555,480.0,0.6311545550823212,0.9671249522517125,0.6311545550823212,1.0,15.929163694381714,15.780022919178009,tiny_lt16
2026-08-12T15:19:10.774,193,unlabeled,3,0.2363237887620926,210.5881279706955,223.54488337039948,229.25359070301056,240.0,421.176255941391,447.08976674079895,458.5071814060211,480.0,439.84171867370605,463.5448833703995,439.84171867370605,480.0,0.6872526854276657,0.9657185070216656,0.6872526854276657,1.0,18.665462732315063,16.455116629600525,small_16_32
2026-08-12T15:19:10.774,193,unlabeled,4,0.23032912611961365,77.82275724411011,223.71023780107498,91.84108781814575,238.15771168470383,155.64551448822021,447.42047560214996,183.6821756362915,476.31542336940765,169.66384506225586,461.8679494857788,169.66384506225586,476.31542336940765,0.2650997579097748,0.9622248947620392,0.2650997579097748,0.992323798686266,14.018330574035645,14.447473883628845,tiny_lt16
2026-08-12T15:19:10.774,193,unlabeled,5,0.2019716501235962,243.15785253047943,218.41733515262604,253.6457725763321,236.39836728572845,486.31570506095886,436.8346703052521,507.2915451526642,472.7967345714569,496.8036251068115,454.8157024383545,496.8036251068115,472.7967345714569,0.776255664229393,0.9475327134132385,0.776255664229393,0.9849931970238686,10.487920045852661,17.981032133102417,small_16_32
2026-08-12T15:19:10.861,194,unlabeled,1,0.34598395228385925,93.48466682434082,73.09343528747559,187.8776626586914,240.0,186.96933364868164,146.18687057495117,375.7553253173828,480.0,281.3623294830322,313.0934352874756,281.3623294830322,480.0,0.4396286398172379,0.6522779901822408,0.4396286398172379,1.0,94.39299583435059,166.9065647125244,regular_ge32
2026-08-12T15:19:10.861,194,unlabeled,2,0.27450883388519287,194.25457441806793,221.5514041185379,210.18373811244965,239.53243625164032,388.50914883613586,443.1028082370758,420.3674762248993,479.06487250328064,404.4383125305176,461.0838403701782,404.4383125305176,479.06487250328064,0.6319348633289337,0.960591334104538,0.6319348633289337,0.998051817715168,15.929163694381714,17.981032133102417,small_16_32
2026-08-12T15:19:10.861,194,unlabeled,3,0.24863308668136597,211.85359251499176,224.74867981672287,227.78275620937347,240.0,423.7071850299835,449.49735963344574,455.56551241874695,480.0,439.63634872436523,464.74867981672287,439.63634872436523,480.0,0.6869317948818207,0.9682264162848393,0.6869317948818207,1.0,15.929163694381714,15.25132018327713,tiny_lt16
2026-08-12T15:19:10.861,194,unlabeled,4,0.22444185614585876,76.49758005142212,223.5059933066368,92.94171953201294,238.8907991051674,152.99516010284424,447.0119866132736,185.88343906402588,477.7815982103348,169.43929958343506,462.3967924118042,169.43929958343506,477.7815982103348,0.2647489055991173,0.9633266508579255,0.2647489055991173,0.9953783296048642,16.44413948059082,15.384805798530579,tiny_lt16
2026-08-12T15:19:10.861,194,unlabeled,5,0.21299070119857788,245.3375608921051,219.6538463830948,254.8521478176117,235.5282930135727,490.6751217842102,439.3076927661896,509.7042956352234,471.0565860271454,500.1897087097168,455.1821393966675,500.1897087097168,471.0565860271454,0.7815464198589325,0.9482961237430573,0.7815464198589325,0.9813678875565529,9.514586925506592,15.874446630477905,tiny_lt16
2026-08-12T15:19:10.861,194,unlabeled,6,0.2019716501235962,265.77367520332336,198.40861248970032,300.3349349498749,235.19459414482117,531.5473504066467,396.81722497940063,600.6698698997498,470.38918828964233,566.1086101531982,433.6032066345215,566.1086101531982,470.38918828964233,0.8845447033643723,0.9033400138219198,0.8845447033643723,0.9799774756034215,34.561259746551514,36.78598165512085,regular_ge32
2026-08-12T15:19:10.938,195,unlabeled,1,0.2949781119823456,94.13498306274414,71.41924047470093,188.52797889709473,240.0,188.26996612548828,142.83848094940186,377.05595779418945,480.0,282.66296195983887,311.4192404747009,282.66296195983887,480.0,0.44166087806224824,0.6487900843222936,0.44166087806224824,1.0,94.39299583435059,168.58075952529907,regular_ge32
2026-08-12T15:19:10.938,195,unlabeled,2,0.23032912611961365,280.88944721221924,201.91089475154877,301.40252161026,233.77514803409576,561.7788944244385,403.82178950309753,602.80504322052,467.5502960681915,582.2919688224792,435.68604278564453,582.2919688224792,467.5502960681915,0.9098312012851238,0.9076792558034261,0.9098312012851238,0.9740631168087324,20.51307439804077,31.864253282546997,small_16_32
2026-08-12T15:19:10.938,195,unlabeled,3,0.21299070119857788,192.63672626018524,222.08687633275986,211.3021889925003,239.51834350824356,385.2734525203705,444.1737526655197,422.6043779850006,479.0366870164871,403.93891525268555,461.6052198410034,403.93891525268555,479.0366870164871,0.6311545550823212,0.9616775413354238,0.6311545550823212,0.9979930979510149,18.665462732315063,17.431467175483704,small_16_32
2026-08-12T15:19:10.938,195,unlabeled,4,0.21299070119857788,210.48544299602509,224.07873368263245,229.15090572834015,240.0,420.97088599205017,448.1574673652649,458.3018114566803,480.0,439.63634872436523,464.07873368263245,439.63634872436523,480.0,0.6869317948818207,0.9668306951721509,0.6869317948818207,1.0,18.665462732315063,15.921266317367554,tiny_lt16
2026-08-12T15:19:11.034,196,unlabeled,1,0.40887001156806946,102.20287013053894,67.47941946983337,190.04569697380066,177.44909501075745,204.40574026107788,134.95883893966675,380.0913939476013,354.8981900215149,292.2485671043396,244.92851448059082,292.2485671043396,354.8981900215149,0.45663838610053065,0.5102677385012309,0.45663838610053065,0.7393712292114893,87.84282684326172,109.96967554092407,regular_ge32
2026-08-12T15:19:11.034,196,unlabeled,2,0.24863308668136597,210.67130172252655,223.28426641225815,228.75636780261993,240.0,421.3426034450531,446.5685328245163,457.51273560523987,480.0,439.4276695251465,463.28426641225815,439.4276695251465,480.0,0.6866057336330413,0.9651755550255378,0.6866057336330413,1.0,18.085066080093384,16.715733587741852,small_16_32
2026-08-12T15:19:11.034,196,unlabeled,3,0.2363237887620926,192.40279865264893,221.76722222566605,212.28181552886963,240.0,384.80559730529785,443.5344444513321,424.56363105773926,480.0,404.68461418151855,461.76722222566605,404.68461418151855,480.0,0.6323197096586227,0.9620150463034709,0.6323197096586227,1.0,19.879016876220703,18.232777774333954,small_16_32
2026-08-12T15:19:11.034,196,unlabeled,4,0.21299070119857788,242.5781054496765,218.79066455364227,256.59643602371216,236.7716966867447,485.156210899353,437.58132910728455,513.1928720474243,473.5433933734894,499.1745414733887,455.56236124038696,499.1745414733887,473.5433933734894,0.7799602210521698,0.9490882525841395,0.7799602210521698,0.9865487361947696,14.018330574035645,17.981032133102417,small_16_32
2026-08-12T15:19:11.034,196,unlabeled,5,0.2019716501235962,263.9167606830597,198.25692355632782,298.4780204296112,234.01115238666534,527.8335213661194,396.51384711265564,596.9560408592224,468.0223047733307,562.3947811126709,432.26807594299316,562.3947811126709,468.0223047733307,0.8787418454885483,0.9005584915479025,0.8787418454885483,0.9750464682777723,34.561259746551514,35.754228830337524,regular_ge32
2026-08-12T15:19:11.123,197,unlabeled,1,0.34598395228385925,91.5565538406372,70.4516749382019,192.77519702911377,239.65693521499634,183.1131076812744,140.9033498764038,385.55039405822754,479.3138704299927,284.331750869751,310.10861015319824,284.331750869751,479.3138704299927,0.4442683607339859,0.6460596044858297,0.4442683607339859,0.9985705633958181,101.21864318847656,169.20526027679443,regular_ge32
2026-08-12T15:19:11.123,197,unlabeled,2,0.21299070119857788,74.59463262557983,222.99675142765045,95.76056146621704,238.87119805812836,149.18926525115967,445.9935028553009,191.52112293243408,477.7423961162567,170.35519409179688,461.8679494857788,170.35519409179688,477.7423961162567,0.26617999076843263,0.9622248947620392,0.26617999076843263,0.9952966585755348,21.165928840637207,15.874446630477905,tiny_lt16
2026-08-12T15:19:11.123,197,unlabeled,3,0.20742715895175934,207.8792908191681,224.07873368263245,231.12124705314636,240.0,415.7585816383362,448.1574673652649,462.2424941062927,480.0,439.00053787231445,464.07873368263245,439.00053787231445,480.0,0.6859383404254913,0.9668306951721509,0.6859383404254913,1.0,23.24195623397827,15.921266317367554,tiny_lt16
2026-08-12T15:19:11.200,198,unlabeled,1,0.3384403884410858,104.93665158748627,66.10567903518677,186.51947438716888,184.09510946273804,209.87330317497253,132.21135807037354,373.03894877433777,368.1902189254761,291.45612597465515,250.2007884979248,291.45612597465515,368.1902189254761,0.4554001968353987,0.52125164270401,0.4554001968353987,0.7670629560947418,81.58282279968262,117.98943042755127,regular_ge32
2026-08-12T15:19:11.200,198,unlabeled,2,0.24242530763149261,75.38691842556,221.26867872476578,94.05238115787506,239.81516164541245,150.77383685112,442.53735744953156,188.10476231575012,479.6303232908249,169.43929958343506,461.0838403701782,169.43929958343506,479.6303232908249,0.2647489055991173,0.960591334104538,0.2647489055991173,0.9992298401892186,18.665462732315063,18.546482920646667,small_16_32
2026-08-12T15:19:11.200,198,unlabeled,3,0.218662291765213,209.75944209098816,224.97628492116928,229.0227406024933,240.0,419.5188841819763,449.95256984233856,458.0454812049866,480.0,438.78218269348145,464.9762849211693,438.78218269348145,480.0,0.6855971604585648,0.9687005935857693,0.6855971604585648,1.0,19.263298511505127,15.023715078830719,tiny_lt16
2026-08-12T15:19:11.294,199,unlabeled,1,0.33097806572914124,110.79710340499878,65.94314050674438,186.4207158088684,183.93257093429565,221.59420680999756,131.88628101348877,372.8414316177368,367.8651418685913,297.2178192138672,249.87571144104004,297.2178192138672,367.8651418685913,0.46440284252166747,0.5205743988355,0.46440284252166747,0.7663857122262319,75.62361240386963,117.98943042755127,regular_ge32
2026-08-12T15:19:11.294,199,unlabeled,2,0.23032912611961365,209.66835021972656,225.97365361452103,229.54736709594727,240.0,419.3367004394531,451.94730722904205,459.09473419189453,480.0,439.2157173156738,465.973653614521,439.2157173156738,480.0,0.6862745583057404,0.9707784450302521,0.6862745583057404,1.0,19.879016876220703,14.026346385478973,tiny_lt16
2026-08-12T15:19:11.294,199,unlabeled,3,0.218662291765213,76.60985279083252,222.4755059480667,93.05399227142334,238.34995257854462,153.21970558166504,444.9510118961334,186.10798454284668,476.69990515708923,169.66384506225586,460.8254585266113,169.66384506225586,476.69990515708923,0.2650997579097748,0.9600530385971069,0.2650997579097748,0.9931248024106025,16.44413948059082,15.874446630477905,tiny_lt16
2026-08-12T15:19:11.294,199,unlabeled,4,0.21299070119857788,242.67322850227356,218.79066455364227,253.86277270317078,236.7716966867447,485.3464570045471,437.58132910728455,507.72554540634155,473.5433933734894,496.53600120544434,455.56236124038696,496.53600120544434,473.5433933734894,0.7758375018835068,0.9490882525841395,0.7758375018835068,0.9865487361947696,11.189544200897217,17.981032133102417,small_16_32
2026-08-12T15:19:11.294,199,unlabeled,5,0.20742715895175934,120.0308005809784,218.11526530981064,153.5724060535431,238.45706516504288,240.0616011619568,436.2305306196213,307.1448121070862,476.91413033008575,273.6032066345215,456.5723304748535,273.6032066345215,476.91413033008575,0.42750501036643984,0.9511923551559448,0.42750501036643984,0.9935711048543453,33.5416054725647,20.34179985523224,small_16_32
2026-08-12T15:19:11.383,200,unlabeled,1,0.3690716028213501,106.2820074558258,64.94106006622314,185.84459519386292,239.05893993377686,212.5640149116516,129.8821201324463,371.68919038772583,478.1178798675537,292.1266026496887,304.0,292.1266026496887,478.1178798675537,0.4564478166401386,0.6333333333333333,0.4564478166401386,0.9960789163907369,79.56258773803711,174.1178798675537,regular_ge32
2026-08-12T15:19:11.383,200,unlabeled,2,0.23032912611961365,212.24147045612335,224.97628492116928,227.18619906902313,240.0,424.4829409122467,449.95256984233856,454.37239813804626,480.0,439.4276695251465,464.9762849211693,439.4276695251465,480.0,0.6866057336330413,0.9687005935857693,0.6866057336330413,1.0,14.94472861289978,15.023715078830719,tiny_lt16
2026-08-12T15:19:11.383,200,unlabeled,3,0.22444185614585876,77.92629015445709,223.2172713279724,91.07317101955414,238.12653398513794,155.85258030891418,446.4345426559448,182.14634203910828,476.2530679702759,168.99946117401123,461.34380531311035,168.99946117401123,476.2530679702759,0.2640616580843925,0.9611329277356465,0.2640616580843925,0.9921938916047414,13.146880865097046,14.909262657165527,tiny_lt16
2026-08-12T15:19:11.383,200,unlabeled,4,0.20742715895175934,281.06229734420776,200.73656117916107,301.57537174224854,232.60081446170807,562.1245946884155,401.47312235832214,603.1507434844971,465.20162892341614,582.6376690864563,433.33737564086914,582.6376690864563,465.20162892341614,0.910371357947588,0.9027861992518107,0.910371357947588,0.9691700602571169,20.51307439804077,31.864253282546997,small_16_32
2026-08-12T15:19:11.383,200,unlabeled,5,0.20742715895175934,194.2421875,223.79477560520172,210.68632698059082,239.66922223567963,388.484375,447.58955121040344,421.37265396118164,479.33844447135925,404.9285144805908,463.46399784088135,404.9285144805908,479.33844447135925,0.6327008038759232,0.9655499955018362,0.6327008038759232,0.9986217593153318,16.44413948059082,15.874446630477905,tiny_lt16
2026-08-12T15:19:11.383,200,unlabeled,6,0.20742715895175934,244.07792150974274,219.06544703245163,252.99287736415863,236.49691420793533,488.1558430194855,438.13089406490326,505.98575472831726,472.99382841587067,497.07079887390137,455.56236124038696,497.07079887390137,472.99382841587067,0.7766731232404709,0.9490882525841395,0.7766731232404709,0.9854038091997306,8.914955854415894,17.431467175483704,small_16_32
2026-08-12T15:19:11.470,201,unlabeled,1,0.4748867154121399,108.13400137424469,69.96103858947754,183.75761377811432,240.0,216.26800274848938,139.92207717895508,367.51522755622864,480.0,291.891615152359,309.96103858947754,291.891615152359,480.0,0.456080648675561,0.6457521637280782,0.456080648675561,1.0,75.62361240386963,170.03896141052246,regular_ge32
2026-08-12T15:19:11.470,201,unlabeled,2,0.24863308668136597,243.9303806424141,219.08862507343292,253.14041823148727,237.06965720653534,487.8607612848282,438.17725014686584,506.28083646297455,474.1393144130707,497.07079887390137,456.15828227996826,497.07079887390137,474.1393144130707,0.7766731232404709,0.9503297547499339,0.7766731232404709,0.9877902383605639,9.210037589073181,17.981032133102417,small_16_32
2026-08-12T15:19:11.470,201,unlabeled,3,0.23032912611961365,211.05733942985535,224.8429965376854,228.5790092945099,240.0,422.1146788597107,449.6859930753708,457.1580185890198,480.0,439.63634872436523,464.8429965376854,439.63634872436523,480.0,0.6869317948818207,0.9684229094535113,0.6869317948818207,1.0,17.52166986465454,15.157003462314606,tiny_lt16
2026-08-12T15:19:11.470,201,unlabeled,4,0.22444185614585876,253.46987855434418,218.12167352437973,272.13534128665924,239.09614568948746,506.93975710868835,436.24334704875946,544.2706825733185,478.1922913789749,525.6052198410034,457.2178192138672,525.6052198410034,478.1922913789749,0.8212581560015678,0.9525371233622233,0.8212581560015678,0.9962339403728644,18.665462732315063,20.974472165107727,small_16_32
2026-08-12T15:19:11.559,202,unlabeled,1,0.43337342143058777,105.84613645076752,69.15988063812256,185.40872418880463,240.0,211.69227290153503,138.31976127624512,370.81744837760925,480.0,291.25486063957214,309.15988063812256,291.25486063957214,480.0,0.4550857197493315,0.6440830846627553,0.4550857197493315,1.0,79.56258773803711,170.84011936187744,regular_ge32
2026-08-12T15:19:11.559,202,unlabeled,2,0.218662291765213,208.4720687866211,223.55226701498032,230.31011390686035,240.0,416.9441375732422,447.10453402996063,460.6202278137207,480.0,438.78218269348145,463.5522670149803,438.78218269348145,480.0,0.6855971604585648,0.9657338896145423,0.6855971604585648,1.0,21.838045120239258,16.447732985019684,small_16_32
2026-08-12T15:19:11.559,202,unlabeled,3,0.21299070119857788,194.33498525619507,223.14204478263855,211.30982065200806,239.520578622818,388.66997051239014,446.2840895652771,422.6196413040161,479.041157245636,405.6448059082031,462.66262340545654,405.6448059082031,479.041157245636,0.6338200092315673,0.9638804654280345,0.6338200092315673,0.9980024109284084,16.97483539581299,16.378533840179443,small_16_32
2026-08-12T15:19:11.559,202,unlabeled,4,0.2019716501235962,74.57538533210754,222.86538660526276,95.08845973014832,238.73983323574066,149.1507706642151,445.7307732105255,190.17691946029663,477.4796664714813,169.66384506225586,461.6052198410034,169.66384506225586,477.4796664714813,0.2650997579097748,0.9616775413354238,0.2650997579097748,0.9947493051489195,20.51307439804077,15.874446630477905,tiny_lt16
2026-08-12T15:19:11.646,203,unlabeled,1,0.35360580682754517,97.25986278057098,69.34998989105225,193.89831340312958,240.0,194.51972556114197,138.6999797821045,387.79662680625916,480.0,291.15817618370056,309.34998989105225,291.15817618370056,480.0,0.4549346502870321,0.6444791456063589,0.4549346502870321,1.0,96.6384506225586,170.65001010894775,regular_ge32
2026-08-12T15:19:11.646,203,unlabeled,2,0.24863308668136597,194.74951004981995,223.1287032365799,210.17900443077087,239.0031498670578,389.4990200996399,446.2574064731598,420.35800886154175,478.0062997341156,404.9285144805908,462.1318531036377,404.9285144805908,478.0062997341156,0.6327008038759232,0.9627746939659119,0.6327008038759232,0.9958464577794075,15.429494380950928,15.874446630477905,tiny_lt16
2026-08-12T15:19:11.646,203,unlabeled,3,0.23032912611961365,210.3811033964157,224.07873368263245,229.04656612873077,240.0,420.7622067928314,448.1574673652649,458.09313225746155,480.0,439.4276695251465,464.07873368263245,439.4276695251465,480.0,0.6866057336330413,0.9668306951721509,0.6866057336330413,1.0,18.665462732315063,15.921266317367554,tiny_lt16
2026-08-12T15:19:11.726,204,unlabeled,1,0.3384403884410858,81.71699714660645,72.1602783203125,199.81991004943848,239.68144035339355,163.4339942932129,144.320556640625,399.63982009887695,479.3628807067871,281.5369071960449,311.84171867370605,281.5369071960449,479.3628807067871,0.43990141749382017,0.6496702472368876,0.43990141749382017,0.9986726681391398,118.10291290283203,167.52116203308105,regular_ge32
2026-08-12T15:19:11.726,204,unlabeled,2,0.2363237887620926,194.13027250766754,223.6766951084137,210.05943620204926,240.0,388.2605450153351,447.3533902168274,420.1188724040985,480.0,404.1897087097168,463.6766951084137,404.1897087097168,480.0,0.6315464198589325,0.9659931148091953,0.6315464198589325,1.0,15.929163694381714,16.323304891586304,small_16_32
2026-08-12T15:19:11.726,204,unlabeled,3,0.22444185614585876,281.3793261051178,201.00194680690765,301.2583429813385,232.86620008945465,562.7586522102356,402.0038936138153,602.516685962677,465.7324001789093,582.6376690864563,433.8681468963623,582.6376690864563,465.7324001789093,0.910371357947588,0.9038919727007548,0.910371357947588,0.9702758337060611,19.879016876220703,31.864253282546997,small_16_32
2026-08-12T15:19:11.726,204,unlabeled,4,0.218662291765213,78.0439602136612,224.5986389219761,91.61988484859467,238.5977359712124,156.0879204273224,449.1972778439522,183.23976969718933,477.1954719424248,169.66384506225586,463.1963748931885,169.66384506225586,477.1954719424248,0.2650997579097748,0.9649924476941426,0.2650997579097748,0.9941572332133849,13.575924634933472,13.999097049236298,tiny_lt16
2026-08-12T15:19:11.726,204,unlabeled,5,0.21299070119857788,211.3857889175415,224.9968501329422,227.82992839813232,240.0,422.771577835083,449.9937002658844,455.65985679626465,480.0,439.2157173156738,464.9968501329422,439.2157173156738,480.0,0.6862745583057404,0.9687434377769629,0.6862745583057404,1.0,16.44413948059082,15.0031498670578,tiny_lt16
2026-08-12T15:19:11.822,205,unlabeled,1,0.39277467131614685,74.08106708526611,74.05263328552246,204.91947078704834,240.0,148.16213417053223,148.10526657104492,409.8389415740967,480.0,279.00053787231445,314.05263328552246,279.00053787231445,480.0,0.43593834042549134,0.6542763193448384,0.43593834042549134,1.0,130.83840370178223,165.94736671447754,regular_ge32
2026-08-12T15:19:11.822,205,unlabeled,2,0.26788532733917236,194.13027250766754,224.21254563331604,210.05943620204926,240.0,388.2605450153351,448.4250912666321,420.1188724040985,480.0,404.1897087097168,464.21254563331604,404.1897087097168,480.0,0.6315464198589325,0.9671094700694084,0.6315464198589325,1.0,15.929163694381714,15.78745436668396,tiny_lt16
2026-08-12T15:19:11.822,205,unlabeled,3,0.24863308668136597,211.95627748966217,223.95295423269272,227.88544118404388,240.0,423.91255497932434,447.90590846538544,455.77088236808777,480.0,439.84171867370605,463.9529542326927,439.84171867370605,480.0,0.6872526854276657,0.9665686546514431,0.6872526854276657,1.0,15.929163694381714,16.04704576730728,small_16_32
2026-08-12T15:19:11.919,206,unlabeled,1,0.33097806572914124,103.08183526992798,84.160759806633,193.07644701004028,239.29536616802216,206.16367053985596,168.321519613266,386.15289402008057,478.5907323360443,296.15828227996826,323.45612597465515,296.15828227996826,478.5907323360443,0.4627473160624504,0.6738669291138649,0.4627473160624504,0.9970640257000923,89.9946117401123,155.13460636138916,regular_ge32
2026-08-12T15:19:11.919,206,unlabeled,2,0.23032912611961365,193.29977405071259,225.08076810836792,211.38484013080597,239.99003076553345,386.59954810142517,450.16153621673584,422.76968026161194,479.9800615310669,404.68461418151855,465.07079887390137,404.68461418151855,479.9800615310669,0.6323197096586227,0.9688974976539612,0.6323197096586227,0.999958461523056,18.085066080093384,14.909262657165527,tiny_lt16
2026-08-12T15:19:11.919,206,unlabeled,3,0.218662291765213,210.95299983024597,224.97628492116928,228.4746696949005,240.0,421.90599966049194,449.95256984233856,456.949339389801,480.0,439.4276695251465,464.9762849211693,439.4276695251465,480.0,0.6866057336330413,0.9687005935857693,0.6866057336330413,1.0,17.52166986465454,15.023715078830719,tiny_lt16
2026-08-12T15:19:12.010,207,unlabeled,1,0.32359981536865234,82.7034215927124,84.37850439548492,195.85727977752686,239.51311075687408,165.4068431854248,168.75700879096985,391.7145595550537,479.02622151374817,278.56070137023926,323.891615152359,278.56070137023926,479.02622151374817,0.43525109589099886,0.6747741982340812,0.43525109589099886,0.9979712948203087,113.15385818481445,155.13460636138916,regular_ge32
2026-08-12T15:19:12.010,207,unlabeled,2,0.23032912611961365,195.57578897476196,225.08076810836792,209.5941195487976,239.99003076553345,391.1515779495239,450.16153621673584,419.1882390975952,479.9800615310669,405.16990852355957,465.07079887390137,405.16990852355957,479.9800615310669,0.6330779820680619,0.9688974976539612,0.6330779820680619,0.999958461523056,14.018330574035645,14.909262657165527,tiny_lt16
2026-08-12T15:19:12.010,207,unlabeled,3,0.22444185614585876,212.20611214637756,224.33077728748322,227.6356065273285,240.0,424.4122242927551,448.66155457496643,455.271213054657,480.0,439.84171867370605,464.3307772874832,439.84171867370605,480.0,0.6872526854276657,0.96735578601559,0.6872526854276657,1.0,15.429494380950928,15.669222712516785,tiny_lt16
2026-08-12T15:19:12.010,207,unlabeled,4,0.218662291765213,281.33453249931335,201.45931351184845,301.8476068973541,232.40883338451385,562.6690649986267,402.9186270236969,603.6952137947083,464.8176667690277,583.1821393966675,433.8681468963623,583.1821393966675,464.8176667690277,0.9112220928072929,0.9038919727007548,0.9112220928072929,0.9683701391021411,20.51307439804077,30.949519872665405,small_16_32
2026-08-12T15:19:12.010,207,unlabeled,5,0.20742715895175934,243.98940873146057,219.16307133436203,254.14264273643494,236.59453850984573,487.97881746292114,438.32614266872406,508.2852854728699,473.18907701969147,498.1320514678955,455.75760984420776,498.1320514678955,473.18907701969147,0.7783313304185867,0.9494950205087662,0.7783313304185867,0.9858105771243573,10.153234004974365,17.431467175483704,small_16_32
2026-08-12T15:19:12.101,208,unlabeled,1,0.4251631200313568,100.22733521461487,88.6807336807251,192.40552735328674,240.0,200.45467042922974,177.3614673614502,384.8110547065735,480.0,292.6328625679016,328.6807336807251,292.6328625679016,480.0,0.45723884776234625,0.6847515285015107,0.45723884776234625,1.0,92.17819213867188,151.3192663192749,regular_ge32
2026-08-12T15:19:12.101,208,unlabeled,2,0.20742715895175934,209.98135089874268,224.06277668476105,229.86036777496338,239.93722331523895,419.96270179748535,448.1255533695221,459.72073554992676,479.8744466304779,439.84171867370605,464.0,439.84171867370605,479.8744466304779,0.6872526854276657,0.9666666666666667,0.6872526854276657,0.9997384304801623,19.879016876220703,15.874446630477905,tiny_lt16
2026-08-12T15:19:12.194,209,unlabeled,1,0.4498997628688812,104.03795433044434,89.10787272453308,189.7612590789795,238.64973711967468,208.07590866088867,178.21574544906616,379.522518157959,477.29947423934937,293.7992134094238,327.75760984420776,293.7992134094238,477.29947423934937,0.4590612709522247,0.6828283538420995,0.4590612709522247,0.9943739046653112,85.72330474853516,149.5418643951416,regular_ge32
2026-08-12T15:19:12.194,209,unlabeled,2,0.21299070119857788,77.35955822467804,223.5788729786873,92.30428683757782,238.02634686231613,154.71911644935608,447.1577459573746,184.60857367515564,476.05269372463226,169.66384506225586,461.6052198410034,169.66384506225586,476.05269372463226,0.2650997579097748,0.9616775413354238,0.2650997579097748,0.9917764452596506,14.94472861289978,14.447473883628845,tiny_lt16
2026-08-12T15:19:12.283,210,unlabeled,1,0.31630825996398926,100.58468270301819,82.50209426879883,194.97767853736877,240.0,201.16936540603638,165.00418853759766,389.95535707473755,480.0,295.56236124038696,322.5020942687988,295.56236124038696,480.0,0.46181618943810465,0.6718793630599975,0.46181618943810465,1.0,94.39299583435059,157.49790573120117,regular_ge32
2026-08-12T15:19:12.283,210,unlabeled,2,0.24242530763149261,194.00487577915192,224.33077728748322,209.93403947353363,240.0,388.00975155830383,448.66155457496643,419.86807894706726,480.0,403.93891525268555,464.3307772874832,403.93891525268555,480.0,0.6311545550823212,0.96735578601559,0.6311545550823212,1.0,15.929163694381714,15.669222712516785,tiny_lt16
2026-08-12T15:19:12.283,210,unlabeled,3,0.20742715895175934,209.33789491653442,224.73146450519562,230.50382375717163,240.0,418.67578983306885,449.46292901039124,461.00764751434326,480.0,439.84171867370605,464.7314645051956,439.84171867370605,480.0,0.6872526854276657,0.9681905510524909,0.6872526854276657,1.0,21.165928840637207,15.268535494804382,tiny_lt16
2026-08-12T15:19:12.283,210,unlabeled,4,0.2019716501235962,77.37167429924011,223.08728885650635,91.84614491462708,237.99655151367188,154.74334859848022,446.1745777130127,183.69228982925415,475.99310302734375,169.2178192138672,461.0838403701782,169.2178192138672,475.99310302734375,0.26440284252166746,0.960591334104538,0.26440284252166746,0.9916522979736329,14.474470615386963,14.909262657165527,tiny_lt16
2026-08-12T15:19:12.370,211,unlabeled,1,0.3384403884410858,101.91271090507507,71.15314960479736,189.7555377483368,240.0,203.82542181015015,142.30629920959473,379.5110754966736,480.0,291.66824865341187,311.15314960479736,291.66824865341187,480.0,0.45573163852095605,0.6482357283433279,0.45573163852095605,1.0,87.84282684326172,168.84685039520264,regular_ge32
2026-08-12T15:19:12.370,211,unlabeled,2,0.23032912611961365,195.08568906784058,223.63890880346298,209.10401964187622,239.02371460199356,390.17137813568115,447.27781760692596,418.20803928375244,478.0474292039871,404.1897087097168,462.66262340545654,404.1897087097168,478.0474292039871,0.6315464198589325,0.9638804654280345,0.6315464198589325,0.9959321441749732,14.018330574035645,15.384805798530579,tiny_lt16
2026-08-12T15:19:12.370,211,unlabeled,3,0.20742715895175934,280.22696185112,201.45931351184845,302.06500697135925,232.40883338451385,560.45392370224,402.9186270236969,604.1300139427185,464.8176667690277,582.2919688224792,433.8681468963623,582.2919688224792,464.8176667690277,0.9098312012851238,0.9038919727007548,0.9098312012851238,0.9683701391021411,21.838045120239258,30.949519872665405,small_16_32
2026-08-12T15:19:12.370,211,unlabeled,4,0.20742715895175934,211.85359251499176,224.59817612171173,227.78275620937347,240.0,423.7071850299835,449.19635224342346,455.56551241874695,480.0,439.63634872436523,464.59817612171173,439.63634872436523,480.0,0.6869317948818207,0.9679128669202328,0.6869317948818207,1.0,15.929163694381714,15.401823878288269,tiny_lt16
2026-08-12T15:19:12.461,212,unlabeled,1,0.2613641023635864,193.42172420024872,221.39866119623184,211.5067902803421,239.9451441168785,386.84344840049744,442.7973223924637,423.0135805606842,479.890288233757,404.9285144805908,461.34380531311035,404.9285144805908,479.890288233757,0.6327008038759232,0.9611329277356465,0.6327008038759232,0.9997714338203271,18.085066080093384,18.546482920646667,small_16_32
2026-08-12T15:19:12.461,212,unlabeled,2,0.2549463212490082,101.42818641662598,68.43091893196106,183.0110092163086,184.41090273857117,202.85637283325195,136.86183786392212,366.0220184326172,368.82180547714233,284.43919563293457,252.84182167053223,284.43919563293457,368.82180547714233,0.44443624317646024,0.5267537951469421,0.44443624317646024,0.7683787614107132,81.58282279968262,115.97998380661011,regular_ge32
2026-08-12T15:19:12.461,212,unlabeled,3,0.2549463212490082,211.33075666427612,223.41830438375473,228.3055920600891,240.0,422.66151332855225,446.83660876750946,456.6111841201782,480.0,439.63634872436523,463.41830438375473,439.63634872436523,480.0,0.6869317948818207,0.965454800799489,0.6869317948818207,1.0,16.97483539581299,16.58169561624527,small_16_32
2026-08-12T15:19:12.461,212,unlabeled,4,0.218662291765213,111.47601222991943,187.50204801559448,160.52398777008057,238.61981630325317,222.95202445983887,375.00409603118896,321.04797554016113,477.23963260650635,272.0,426.12186431884766,272.0,477.23963260650635,0.425,0.8877538839975992,0.425,0.9942492345968882,49.04797554016113,51.11776828765869,regular_ge32
2026-08-12T15:19:12.550,213,unlabeled,1,0.4169939160346985,101.14528751373291,65.74917221069336,182.72811031341553,185.74917221069336,202.29057502746582,131.49834442138672,365.45622062683105,371.4983444213867,283.87339782714844,251.49834442138672,283.87339782714844,371.4983444213867,0.4435521841049194,0.5239548842112224,0.4435521841049194,0.7739548842112224,81.58282279968262,120.0,regular_ge32
2026-08-12T15:19:12.550,213,unlabeled,2,0.2613641023635864,192.92692458629608,222.05807024240494,211.01199066638947,240.0,385.85384917259216,444.1161404848099,422.02398133277893,480.0,403.93891525268555,462.05807024240494,403.93891525268555,480.0,0.6311545550823212,0.9626209796716769,0.6311545550823212,1.0,18.085066080093384,17.941929757595062,small_16_32
2026-08-12T15:19:12.550,213,unlabeled,3,0.2363237887620926,211.27819919586182,223.94477105140686,227.72233867645264,240.0,422.55639839172363,447.8895421028137,455.4446773529053,480.0,439.00053787231445,463.94477105140686,439.00053787231445,480.0,0.6859383404254913,0.9665516063570976,0.6859383404254913,1.0,16.44413948059082,16.05522894859314,small_16_32
2026-08-12T15:19:12.550,213,unlabeled,4,0.218662291765213,114.16378545761108,188.34626150131226,160.4924111366272,239.46402978897095,228.32757091522217,376.6925230026245,320.9848222732544,478.9280595779419,274.6561965942383,427.8102912902832,274.6561965942383,478.9280595779419,0.42915030717849734,0.89127144018809,0.42915030717849734,0.997766790787379,46.32862567901611,51.11776828765869,regular_ge32
2026-08-12T15:19:12.628,214,unlabeled,1,0.4665374755859375,102.03192043304443,67.86761045455933,181.59450817108154,181.8404221534729,204.06384086608887,135.73522090911865,363.1890163421631,363.6808443069458,283.626428604126,249.70803260803223,283.626428604126,363.6808443069458,0.44316629469394686,0.5202250679334005,0.44316629469394686,0.7576684256394705,79.56258773803711,113.97281169891357,regular_ge32
2026-08-12T15:19:12.628,214,unlabeled,2,0.2949781119823456,193.4935359954834,222.74886602163315,209.93767547607422,240.0,386.9870719909668,445.4977320432663,419.87535095214844,480.0,403.4312114715576,462.74886602163315,403.4312114715576,480.0,0.6303612679243088,0.964060137545069,0.6303612679243088,1.0,16.44413948059082,17.251133978366852,small_16_32
2026-08-12T15:19:12.628,214,unlabeled,3,0.27450883388519287,212.44849503040314,224.21254563331604,227.39322364330292,240.0,424.8969900608063,448.4250912666321,454.78644728660583,480.0,439.84171867370605,464.21254563331604,439.84171867370605,480.0,0.6872526854276657,0.9671094700694084,0.6872526854276657,1.0,14.94472861289978,15.78745436668396,tiny_lt16
2026-08-12T15:19:12.628,214,unlabeled,4,0.218662291765213,244.01962876319885,219.23655527830124,253.84851813316345,236.1339767575264,488.0392575263977,438.4731105566025,507.6970362663269,472.2679535150528,497.8681468963623,455.37053203582764,497.8681468963623,472.2679535150528,0.7779189795255661,0.9486886084079742,0.7779189795255661,0.9838915698230266,9.8288893699646,16.89742147922516,small_16_32
2026-08-12T15:19:12.628,214,unlabeled,5,0.21299070119857788,280.5162329673767,202.5586462020874,303.04612827301025,232.61589527130127,561.0324659347534,405.1172924041748,606.0922565460205,465.23179054260254,583.562361240387,435.1745414733887,583.562361240387,465.23179054260254,0.9118161894381046,0.9066136280695597,0.9118161894381046,0.9692328969637553,22.529895305633545,30.057249069213867,small_16_32
2026-08-12T15:19:12.716,215,unlabeled,1,0.39277467131614685,103.97551965713501,69.69632697105408,181.55161809921265,179.66600251197815,207.95103931427002,139.39265394210815,363.1032361984253,359.3320050239563,285.52713775634766,249.36232948303223,285.52713775634766,359.3320050239563,0.4461361527442932,0.5195048530896504,0.4461361527442932,0.7486083437999089,77.57609844207764,109.96967554092407,regular_ge32
2026-08-12T15:19:12.716,215,unlabeled,2,0.2949781119823456,193.4935359954834,223.0094839334488,209.93767547607422,240.0,386.9870719909668,446.0189678668976,419.87535095214844,480.0,403.4312114715576,463.0094839334488,403.4312114715576,480.0,0.6303612679243088,0.9646030915280183,0.6303612679243088,1.0,16.44413948059082,16.99051606655121,small_16_32
2026-08-12T15:19:12.716,215,unlabeled,3,0.27450883388519287,212.68362402915955,224.0866886973381,227.1580946445465,240.0,425.3672480583191,448.1733773946762,454.316189289093,480.0,439.84171867370605,464.0866886973381,439.84171867370605,480.0,0.6872526854276657,0.9668472681194544,0.6872526854276657,1.0,14.474470615386963,15.913311302661896,tiny_lt16
2026-08-12T15:19:12.802,216,unlabeled,1,0.36130279302597046,95.72411823272705,67.07608127593994,187.90231037139893,239.58011531829834,191.4482364654541,134.15216255187988,375.80462074279785,479.1602306365967,283.626428604126,306.6561965942383,283.626428604126,479.1602306365967,0.44316629469394686,0.6388670762379964,0.44316629469394686,0.9982504804929098,92.17819213867188,172.5040340423584,regular_ge32
2026-08-12T15:19:12.802,216,unlabeled,2,0.32359981536865234,194.24324142932892,223.01626533269882,209.1879700422287,240.0,388.48648285865784,446.03253066539764,418.3759400844574,480.0,403.4312114715576,463.0162653326988,403.4312114715576,480.0,0.6303612679243088,0.9646172194431225,0.6303612679243088,1.0,14.94472861289978,16.983734667301178,small_16_32
2026-08-12T15:19:12.802,216,unlabeled,3,0.3019951581954956,213.1328970193863,224.35289257764816,226.70882165431976,240.0,426.2657940387726,448.7057851552963,453.4176433086395,480.0,439.84171867370605,464.35289257764816,439.84171867370605,480.0,0.6872526854276657,0.967401859536767,0.6872526854276657,1.0,13.575924634933472,15.647107422351837,tiny_lt16
2026-08-12T15:19:12.802,216,unlabeled,4,0.24863308668136597,245.65492445230484,219.84395730495453,254.2839908003807,235.71840393543243,491.3098489046097,439.68791460990906,508.5679816007614,471.43680787086487,499.93891525268555,455.56236124038696,499.93891525268555,471.43680787086487,0.7811545550823211,0.9490882525841395,0.7811545550823211,0.9821600163976352,8.629066348075867,15.874446630477905,tiny_lt16
2026-08-12T15:19:12.802,216,unlabeled,5,0.218662291765213,163.64327681064606,218.26833987236023,179.57244050502777,240.0,327.2865536212921,436.53667974472046,359.14488101005554,480.0,343.2157173156738,458.26833987236023,343.2157173156738,480.0,0.5362745583057403,0.9547257080674172,0.5362745583057403,1.0,15.929163694381714,21.73166012763977,small_16_32
2026-08-12T15:19:12.802,216,unlabeled,6,0.2019716501235962,252.6154317855835,218.01555794477463,273.7813606262207,237.74205189943314,505.230863571167,436.03111588954926,547.5627212524414,475.4841037988663,526.3967924118042,455.75760984420776,526.3967924118042,475.4841037988663,0.822494988143444,0.9494950205087662,0.822494988143444,0.9905918829143048,21.165928840637207,19.72649395465851,small_16_32
2026-08-12T15:19:12.887,217,unlabeled,1,0.43337342143058777,97.81951236724854,68.77481842041016,183.5428171157837,236.2959804534912,195.63902473449707,137.5496368408203,367.0856342315674,472.5919609069824,281.3623294830322,305.07079887390137,281.3623294830322,472.5919609069824,0.4396286398172379,0.6355641643206279,0.4396286398172379,0.9845665852228801,85.72330474853516,167.52116203308105,regular_ge32
2026-08-12T15:19:12.887,217,unlabeled,2,0.2949781119823456,194.1282742023468,222.4740835428238,209.55776858329773,240.0,388.2565484046936,444.9481670856476,419.11553716659546,480.0,403.68604278564453,462.4740835428238,403.68604278564453,480.0,0.6307594418525696,0.9634876740475495,0.6307594418525696,1.0,15.429494380950928,17.52591645717621,small_16_32
2026-08-12T15:19:12.887,217,unlabeled,3,0.2613641023635864,212.68362402915955,224.59817612171173,227.1580946445465,240.0,425.3672480583191,449.19635224342346,454.316189289093,480.0,439.84171867370605,464.59817612171173,439.84171867370605,480.0,0.6872526854276657,0.9679128669202328,0.6872526854276657,1.0,14.474470615386963,15.401823878288269,tiny_lt16
2026-08-12T15:19:12.887,217,unlabeled,4,0.2363237887620926,280.88944721221924,202.4294548034668,301.40252161026,232.48670387268066,561.7788944244385,404.8589096069336,602.80504322052,464.9734077453613,582.2919688224792,434.91615867614746,582.2919688224792,464.9734077453613,0.9098312012851238,0.9060753305753072,0.9098312012851238,0.9686945994695028,20.51307439804077,30.057249069213867,small_16_32
2026-08-12T15:19:12.887,217,unlabeled,5,0.22444185614585876,244.343310713768,219.78886246681213,254.83123075962067,236.16739630699158,488.686621427536,439.57772493362427,509.66246151924133,472.33479261398315,499.1745414733887,455.9562587738037,499.1745414733887,472.33479261398315,0.7799602210521698,0.9499088724454244,0.7799602210521698,0.9840308179457983,10.487920045852661,16.378533840179443,small_16_32
2026-08-12T15:19:12.965,218,unlabeled,1,0.4665374755859375,98.6831464767456,68.85544919967651,182.31965923309326,238.06070947647095,197.3662929534912,137.71089839935303,364.6393184661865,476.1214189529419,281.00280570983887,306.91615867614746,281.00280570983887,476.1214189529419,0.43906688392162324,0.6394086639086406,0.43906688392162324,0.991919622818629,83.63651275634766,169.20526027679443,regular_ge32
2026-08-12T15:19:12.965,218,unlabeled,2,0.2549463212490082,194.49709331989288,223.14947670698166,209.44182193279266,240.0,388.99418663978577,446.2989534139633,418.8836438655853,480.0,403.93891525268555,463.14947670698166,403.93891525268555,480.0,0.6311545550823212,0.9648947431395452,0.6311545550823212,1.0,14.94472861289978,16.85052329301834,small_16_32
2026-08-12T15:19:12.965,218,unlabeled,3,0.24242530763149261,212.47659945487976,224.34613251686096,226.95107007026672,240.0,424.9531989097595,448.6922650337219,453.90214014053345,480.0,439.4276695251465,464.34613251686096,439.4276695251465,480.0,0.6866057336330413,0.9673877760767937,0.6866057336330413,1.0,14.474470615386963,15.653867483139038,tiny_lt16
2026-08-12T15:19:12.965,218,unlabeled,4,0.2363237887620926,281.2920379638672,203.55632972717285,301.1710548400879,233.61357879638672,562.5840759277344,407.1126594543457,602.3421096801758,467.22715759277344,582.4630928039551,437.16990852355957,582.4630928039551,467.22715759277344,0.9100985825061798,0.9107706427574158,0.9100985825061798,0.9733899116516114,19.879016876220703,30.057249069213867,small_16_32
2026-08-12T15:19:12.965,218,unlabeled,5,0.21299070119857788,244.29897940158844,219.99255871772766,255.13223206996918,236.3710925579071,488.5979588031769,439.9851174354553,510.26446413993835,472.7421851158142,499.4312114715576,456.36365127563477,499.4312114715576,472.7421851158142,0.7803612679243088,0.950757606824239,0.7803612679243088,0.9848795523246129,10.833252668380737,16.378533840179443,small_16_32
2026-08-12T15:19:13.058,219,unlabeled,1,0.43337342143058777,99.70999145507812,67.79918241500854,181.29281425476074,237.00444269180298,199.41998291015625,135.5983648300171,362.5856285095215,474.00888538360596,281.00280570983887,304.8036251068115,281.00280570983887,474.00888538360596,0.43906688392162324,0.6350075523058574,0.43906688392162324,0.9875185112158458,81.58282279968262,169.20526027679443,regular_ge32
2026-08-12T15:19:13.058,219,unlabeled,2,0.2613641023635864,192.76212298870087,223.01626533269882,211.42758572101593,240.0,385.52424597740173,446.03253066539764,422.85517144203186,480.0,404.1897087097168,463.0162653326988,404.1897087097168,480.0,0.6315464198589325,0.9646172194431225,0.6315464198589325,1.0,18.665462732315063,16.983734667301178,small_16_32
2026-08-12T15:19:13.058,219,unlabeled,3,0.2549463212490082,211.85359251499176,223.81073307991028,227.78275620937347,240.0,423.7071850299835,447.62146615982056,455.56551241874695,480.0,439.63634872436523,463.8107330799103,439.63634872436523,480.0,0.6869317948818207,0.9662723605831464,0.6869317948818207,1.0,15.929163694381714,16.18926692008972,small_16_32
2026-08-12T15:19:13.058,219,unlabeled,4,0.2363237887620926,280.4888286590576,202.03733098506927,302.3268737792969,233.90158426761627,560.9776573181152,404.07466197013855,604.6537475585938,467.80316853523254,582.8157024383545,435.93891525268555,582.8157024383545,467.80316853523254,0.9106495350599288,0.9082060734430949,0.9106495350599288,0.9745899344484011,21.838045120239258,31.864253282546997,small_16_32
2026-08-12T15:19:13.147,220,unlabeled,1,0.39277467131614685,96.75975131988525,67.63284063339233,184.60257816314697,238.49921083450317,193.5195026397705,135.26568126678467,369.20515632629395,476.99842166900635,281.3623294830322,306.1320514678955,281.3623294830322,476.99842166900635,0.4396286398172379,0.6377751072247823,0.4396286398172379,0.9937467118104298,87.84282684326172,170.86637020111084,regular_ge32
2026-08-12T15:19:13.147,220,unlabeled,2,0.2880568504333496,193.872784614563,221.29387867450714,210.3169240951538,239.27491080760956,387.745569229126,442.5877573490143,420.6338481903076,478.5498216152191,404.1897087097168,460.5687894821167,404.1897087097168,478.5498216152191,0.6315464198589325,0.9595183114210765,0.6315464198589325,0.9969787950317065,16.44413948059082,17.981032133102417,small_16_32
2026-08-12T15:19:13.147,220,unlabeled,3,0.2549463212490082,281.6871852874756,202.2870296239853,300.9504837989807,234.1512829065323,563.3743705749512,404.5740592479706,601.9009675979614,468.3025658130646,582.6376690864563,436.4383125305176,582.6376690864563,468.3025658130646,0.910371357947588,0.9092464844385783,0.910371357947588,0.9756303454438845,19.263298511505127,31.864253282546997,small_16_32
2026-08-12T15:19:13.147,220,unlabeled,4,0.2549463212490082,211.74925291538239,223.81073307991028,227.6784166097641,240.0,423.49850583076477,447.62146615982056,455.3568332195282,480.0,439.4276695251465,463.8107330799103,439.4276695251465,480.0,0.6866057336330413,0.9662723605831464,0.6866057336330413,1.0,15.929163694381714,16.18926692008972,small_16_32
2026-08-12T15:19:13.147,220,unlabeled,5,0.24863308668136597,245.3375608921051,219.74804270267487,254.8521478176117,235.62248933315277,490.6751217842102,439.49608540534973,509.7042956352234,471.24497866630554,500.1897087097168,455.37053203582764,500.1897087097168,471.24497866630554,0.7815464198589325,0.9486886084079742,0.7815464198589325,0.9817603722214698,9.514586925506592,15.874446630477905,tiny_lt16
2026-08-12T15:19:13.147,220,unlabeled,6,0.2019716501235962,256.95477080345154,206.6529973745346,274.4764406681061,234.1648622751236,513.9095416069031,413.3059947490692,548.9528813362122,468.3297245502472,531.4312114715576,440.8178596496582,531.4312114715576,468.3297245502472,0.8303612679243088,0.9183705409367879,0.8303612679243088,0.9756869261463483,17.52166986465454,27.51186490058899,small_16_32
2026-08-12T15:19:13.230,221,unlabeled,1,0.30910593271255493,93.08594131469727,69.8616271018982,189.72439193725586,239.06688737869263,186.17188262939453,139.7232542037964,379.4487838745117,478.13377475738525,282.8103332519531,308.9285144805908,282.8103332519531,478.13377475738525,0.44189114570617677,0.6436010718345642,0.44189114570617677,0.9961120307445526,96.6384506225586,169.20526027679443,regular_ge32
2026-08-12T15:19:13.230,221,unlabeled,2,0.2613641023635864,194.37772524356842,222.613343000412,210.30688893795013,238.99187684059143,388.75545048713684,445.226686000824,420.61377787590027,477.98375368118286,404.68461418151855,461.6052198410034,404.68461418151855,477.98375368118286,0.6323197096586227,0.9616775413354238,0.6323197096586227,0.9957994868357977,15.929163694381714,16.378533840179443,small_16_32
2026-08-12T15:19:13.230,221,unlabeled,3,0.24863308668136597,281.2064759731293,202.86754715442657,301.08549284935,233.81706702709198,562.4129519462585,405.73509430885315,602.1709856987,467.63413405418396,582.2919688224792,436.68461418151855,582.2919688224792,467.63413405418396,0.9098312012851238,0.9097596128781636,0.9098312012851238,0.9742377792795499,19.879016876220703,30.949519872665405,small_16_32
2026-08-12T15:19:13.230,221,unlabeled,4,0.24863308668136597,244.97519624233246,219.23655527830124,255.46311628818512,236.1339767575264,489.9503924846649,438.4731105566025,510.92623257637024,472.2679535150528,500.4383125305176,455.37053203582764,500.4383125305176,472.2679535150528,0.7819348633289337,0.9486886084079742,0.7819348633289337,0.9838915698230266,10.487920045852661,16.89742147922516,small_16_32
2026-08-12T15:19:13.230,221,unlabeled,5,0.24242530763149261,211.49176502227783,224.07873368263245,227.93590450286865,240.0,422.98353004455566,448.1574673652649,455.8718090057373,480.0,439.4276695251465,464.07873368263245,439.4276695251465,480.0,0.6866057336330413,0.9668306951721509,0.6866057336330413,1.0,16.44413948059082,15.921266317367554,tiny_lt16
2026-08-12T15:19:13.230,221,unlabeled,6,0.2019716501235962,255.838317155838,205.81537300348282,276.3513915538788,235.00248664617538,511.676634311676,411.63074600696564,552.7027831077576,470.00497329235077,532.1897087097168,440.8178596496582,532.1897087097168,470.00497329235077,0.8315464198589325,0.9183705409367879,0.8315464198589325,0.9791770276923975,20.51307439804077,29.187113642692566,small_16_32
2026-08-12T15:19:13.310,222,unlabeled,1,0.31630825996398926,97.57002592086792,65.33314990997314,194.2084765434265,240.0,195.14005184173584,130.6662998199463,388.416953086853,480.0,291.77850246429443,305.33314990997314,291.77850246429443,480.0,0.45590391010046005,0.6361107289791107,0.45590391010046005,1.0,96.6384506225586,174.66685009002686,regular_ge32
2026-08-12T15:19:13.310,222,unlabeled,2,0.24242530763149261,194.49967539310455,223.01588886976242,210.42883908748627,239.91331034898758,388.9993507862091,446.03177773952484,420.85767817497253,479.82662069797516,404.9285144805908,462.92919921875,404.9285144805908,479.82662069797516,0.6327008038759232,0.9644358317057292,0.6327008038759232,0.9996387931207816,15.929163694381714,16.89742147922516,small_16_32
2026-08-12T15:19:13.310,222,unlabeled,3,0.23032912611961365,211.3857889175415,224.34613251686096,227.82992839813232,240.0,422.771577835083,448.6922650337219,455.65985679626465,480.0,439.2157173156738,464.34613251686096,439.2157173156738,480.0,0.6862745583057404,0.9673877760767937,0.6862745583057404,1.0,16.44413948059082,15.653867483139038,tiny_lt16
2026-08-12T15:19:13.310,222,unlabeled,4,0.2019716501235962,77.00490260124207,223.5788729786873,92.434396982193,238.02634686231613,154.00980520248413,447.1577459573746,184.868793964386,476.05269372463226,169.43929958343506,461.6052198410034,169.43929958343506,476.05269372463226,0.2647489055991173,0.9616775413354238,0.2647489055991173,0.9917764452596506,15.429494380950928,14.447473883628845,tiny_lt16
2026-08-12T15:19:13.406,223,unlabeled,1,0.34598395228385925,106.44013500213623,72.26083588600159,188.02295780181885,188.2408196926117,212.88027000427246,144.52167177200317,376.0459156036377,376.4816393852234,294.4630928039551,260.5016555786133,294.4630928039551,376.4816393852234,0.4600985825061798,0.5427117824554444,0.4600985825061798,0.7843367487192154,81.58282279968262,115.97998380661011,regular_ge32
2026-08-12T15:19:13.406,223,unlabeled,2,0.2613641023635864,195.1050717830658,223.8192898631096,209.57954239845276,240.0,390.2101435661316,447.6385797262192,419.1590847969055,480.0,404.68461418151855,463.8192898631096,404.68461418151855,480.0,0.6323197096586227,0.9662901872148116,0.6323197096586227,1.0,14.474470615386963,16.18071013689041,small_16_32
2026-08-12T15:19:13.406,223,unlabeled,3,0.2549463212490082,280.3970568180084,201.3147165775299,301.56298565864563,234.1164948940277,560.7941136360168,402.6294331550598,603.1259713172913,468.2329897880554,581.960042476654,435.4312114715576,581.960042476654,468.2329897880554,0.909312566369772,0.9071483572324117,0.909312566369772,0.9754853953917821,21.165928840637207,32.8017783164978,regular_ge32
2026-08-12T15:19:13.406,223,unlabeled,4,0.2549463212490082,212.8090090751648,224.47942090034485,226.82733964920044,240.0,425.6180181503296,448.9588418006897,453.6546792984009,480.0,439.63634872436523,464.47942090034485,439.63634872436523,480.0,0.6869317948818207,0.9676654602090518,0.6869317948818207,1.0,14.018330574035645,15.520579099655151,tiny_lt16
2026-08-12T15:19:13.406,223,unlabeled,5,0.24242530763149261,245.5498125553131,219.40180277824402,255.3787019252777,235.78033661842346,491.0996251106262,438.80360555648804,510.7574038505554,471.5606732368469,500.9285144805908,455.1821393966675,500.9285144805908,471.5606732368469,0.7827008038759231,0.9482961237430573,0.7827008038759231,0.9824180692434311,9.8288893699646,16.378533840179443,small_16_32
2026-08-12T15:19:13.406,223,unlabeled,6,0.2019716501235962,252.9418590068817,218.41403990983963,273.4549334049225,237.54221886396408,505.8837180137634,436.82807981967926,546.909866809845,475.08443772792816,526.3967924118042,455.9562587738037,526.3967924118042,475.08443772792816,0.822494988143444,0.9499088724454244,0.822494988143444,0.989759245266517,20.51307439804077,19.12817895412445,small_16_32
2026-08-12T15:19:13.483,224,unlabeled,1,0.45820698142051697,105.68034029006958,77.42632341384888,189.31685304641724,191.39913511276245,211.36068058013916,154.85264682769775,378.6337060928345,382.7982702255249,294.9971933364868,268.8254585266113,294.9971933364868,382.7982702255249,0.46093311458826064,0.560053038597107,0.46093311458826064,0.7974963963031769,83.63651275634766,113.97281169891357,regular_ge32
2026-08-12T15:19:13.483,224,unlabeled,2,0.2549463212490082,194.1282742023468,224.70940965414047,209.55776858329773,240.0,388.2565484046936,449.41881930828094,419.11553716659546,480.0,403.68604278564453,464.7094096541405,403.68604278564453,480.0,0.6307594418525696,0.968144603446126,0.6307594418525696,1.0,15.429494380950928,15.290590345859528,tiny_lt16
2026-08-12T15:19:13.483,224,unlabeled,3,0.2363237887620926,212.70466947555542,224.73146450519562,226.72300004959106,240.0,425.40933895111084,449.46292901039124,453.44600009918213,480.0,439.4276695251465,464.7314645051956,439.4276695251465,480.0,0.6866057336330413,0.9681905510524909,0.6866057336330413,1.0,14.018330574035645,15.268535494804382,tiny_lt16
2026-08-12T15:19:13.483,224,unlabeled,4,0.23032912611961365,280.80560755729675,203.87070041894913,301.3186819553375,233.0578140616417,561.6112151145935,407.74140083789825,602.637363910675,466.1156281232834,582.1242895126343,436.9285144805908,582.1242895126343,466.1156281232834,0.909569202363491,0.9102677385012309,0.909569202363491,0.9710742252568404,20.51307439804077,29.187113642692566,small_16_32
2026-08-12T15:19:13.483,224,unlabeled,5,0.20742715895175934,245.04763090610504,219.4959990978241,255.88088357448578,235.87453293800354,490.0952618122101,438.9919981956482,511.76176714897156,471.7490658760071,500.9285144805908,455.37053203582764,500.9285144805908,471.7490658760071,0.7827008038759231,0.9486886084079742,0.7827008038759231,0.982810553908348,10.833252668380737,16.378533840179443,small_16_32
2026-08-12T15:19:13.580,225,unlabeled,1,0.33097806572914124,104.20049238204956,80.94907593727112,189.92379713058472,196.92905974388123,208.40098476409912,161.89815187454224,379.84759426116943,393.85811948776245,294.1242895126343,277.87813568115234,294.1242895126343,393.85811948776245,0.4595692023634911,0.5789127826690674,0.4595692023634911,0.8205377489328385,85.72330474853516,115.97998380661011,regular_ge32
2026-08-12T15:19:13.580,225,unlabeled,2,0.2880568504333496,281.4304955005646,202.6528276205063,300.6937940120697,234.51708090305328,562.8609910011292,405.3056552410126,601.3875880241394,469.03416180610657,582.1242895126343,437.16990852355957,582.1242895126343,469.03416180610657,0.909569202363491,0.9107706427574158,0.909569202363491,0.9771545037627221,19.263298511505127,31.864253282546997,small_16_32
2026-08-12T15:19:13.580,225,unlabeled,3,0.24863308668136597,193.8784395456314,224.4416350722313,209.80760324001312,239.82644087076187,387.7568790912628,448.8832701444626,419.61520648002625,479.65288174152374,403.68604278564453,464.26807594299316,403.68604278564453,479.65288174152374,0.6307594418525696,0.9672251582145691,0.6307594418525696,0.9992768369615078,15.929163694381714,15.384805798530579,tiny_lt16
2026-08-12T15:19:13.580,225,unlabeled,4,0.218662291765213,211.74925291538239,224.73146450519562,227.6784166097641,240.0,423.49850583076477,449.46292901039124,455.3568332195282,480.0,439.4276695251465,464.7314645051956,439.4276695251465,480.0,0.6866057336330413,0.9681905510524909,0.6866057336330413,1.0,15.929163694381714,15.268535494804382,tiny_lt16
2026-08-12T15:19:13.580,225,unlabeled,5,0.21299070119857788,244.41365361213684,218.95914047956467,254.24254298210144,235.85656195878983,488.8273072242737,437.91828095912933,508.4850859642029,471.71312391757965,498.6561965942383,454.8157024383545,498.6561965942383,471.71312391757965,0.7791503071784973,0.9475327134132385,0.7791503071784973,0.9827356748282909,9.8288893699646,16.89742147922516,small_16_32
2026-08-12T15:19:13.580,225,unlabeled,6,0.20742715895175934,309.0241307616234,198.61516469717026,317.1079207062721,223.02661949396133,618.0482615232468,397.2303293943405,634.2158414125443,446.05323898792267,626.1320514678955,421.6417841911316,626.1320514678955,446.05323898792267,0.9783313304185868,0.8784203837315242,0.9783313304185868,0.9292775812248389,8.083789944648743,24.411454796791077,small_16_32
2026-08-12T15:19:13.580,225,unlabeled,7,0.2019716501235962,78.26863968372345,223.24157184362411,89.10189235210419,238.6263776421547,156.5372793674469,446.48314368724823,178.20378470420837,477.2527552843094,167.37053203582764,461.8679494857788,167.37053203582764,477.2527552843094,0.2615164563059807,0.9622248947620392,0.2615164563059807,0.9942765735089779,10.833252668380737,15.384805798530579,tiny_lt16
2026-08-12T15:19:13.660,226,unlabeled,1,0.3690716028213501,102.30304527282715,83.46387827396393,194.48123741149902,240.0,204.6060905456543,166.92775654792786,388.96247482299805,480.0,296.7842826843262,323.4638782739639,296.7842826843262,480.0,0.46372544169425967,0.6738830797374249,0.46372544169425967,1.0,92.17819213867188,156.53612172603607,regular_ge32
2026-08-12T15:19:13.660,226,unlabeled,2,0.2363237887620926,281.06229734420776,202.36826145648956,301.57537174224854,233.31778132915497,562.1245946884155,404.7365229129791,603.1507434844971,466.63556265830994,582.6376690864563,435.68604278564453,582.6376690864563,466.63556265830994,0.910371357947588,0.9076792558034261,0.910371357947588,0.9721574222048124,20.51307439804077,30.949519872665405,small_16_32
2026-08-12T15:19:13.660,226,unlabeled,3,0.23032912611961365,245.09834706783295,219.23655527830124,255.5862671136856,236.1339767575264,490.1966941356659,438.4731105566025,511.1725342273712,472.2679535150528,500.68461418151855,455.37053203582764,500.68461418151855,472.2679535150528,0.7823197096586227,0.9486886084079742,0.7823197096586227,0.9838915698230266,10.487920045852661,16.89742147922516,small_16_32
2026-08-12T15:19:13.660,226,unlabeled,4,0.22444185614585876,212.84236919879913,225.2140564918518,227.7870978116989,240.0,425.68473839759827,450.4281129837036,455.5741956233978,480.0,440.62946701049805,465.2140564918518,440.62946701049805,480.0,0.6884835422039032,0.9691959510246912,0.6884835422039032,1.0,14.94472861289978,14.785943508148193,tiny_lt16
2026-08-12T15:19:13.660,226,unlabeled,5,0.218662291765213,193.49349749088287,225.63569539785385,209.4226611852646,240.0,386.98699498176575,451.2713907957077,418.8453223705292,480.0,402.91615867614746,465.63569539785385,402.91615867614746,480.0,0.6295564979314804,0.9700743654121955,0.6295564979314804,1.0,15.929163694381714,14.364304602146149,tiny_lt16
2026-08-12T15:19:13.660,226,unlabeled,6,0.21299070119857788,76.30881631374359,223.61129522323608,91.25354492664337,238.5205578804016,152.61763262748718,447.22259044647217,182.50708985328674,477.0411157608032,167.56236124038696,462.1318531036377,167.56236124038696,477.0411157608032,0.26181618943810464,0.9627746939659119,0.26181618943810464,0.9938356578350067,14.94472861289978,14.909262657165527,tiny_lt16
2026-08-12T15:19:13.754,227,unlabeled,1,0.5251132845878601,105.1617648601532,88.91433382034302,188.79827761650085,238.45619821548462,210.3235297203064,177.82866764068604,377.5965552330017,476.91239643096924,293.96004247665405,327.37053203582764,293.96004247665405,476.91239643096924,0.45931256636977197,0.6820219417413076,0.45931256636977197,0.9935674925645193,83.63651275634766,149.5418643951416,regular_ge32
2026-08-12T15:19:13.754,227,unlabeled,2,0.23032912611961365,280.1431221961975,202.6200944185257,301.98116731643677,233.5696142911911,560.286244392395,405.2401888370514,603.9623346328735,467.1392285823822,582.1242895126343,436.1897087097168,582.1242895126343,467.1392285823822,0.909569202363491,0.90872855981191,0.909569202363491,0.9732067262132963,21.838045120239258,30.949519872665405,small_16_32
2026-08-12T15:19:13.754,227,unlabeled,3,0.218662291765213,213.2339082956314,225.75349965691566,226.80983293056488,239.3172992169857,426.4678165912628,451.50699931383133,453.61966586112976,478.6345984339714,440.0437412261963,465.07079887390137,440.0437412261963,478.6345984339714,0.6875683456659317,0.9688974976539612,0.6875683456659317,0.9971554134041071,13.575924634933472,13.563799560070038,tiny_lt16
2026-08-12T15:19:13.754,227,unlabeled,4,0.2019716501235962,194.00487577915192,226.5877222120762,209.93403947353363,240.0,388.00975155830383,453.1754444241524,419.86807894706726,480.0,403.93891525268555,466.5877222120762,403.93891525268555,480.0,0.6311545550823212,0.9720577546084921,0.6311545550823212,1.0,15.929163694381714,13.412277787923813,tiny_lt16
2026-08-12T15:19:13.845,228,unlabeled,1,0.5,104.20049238204956,88.1673972606659,189.92379713058472,239.59021258354187,208.40098476409912,176.3347945213318,379.84759426116943,479.18042516708374,294.1242895126343,327.75760984420776,294.1242895126343,479.18042516708374,0.4595692023634911,0.6828283538420995,0.4595692023634911,0.9982925524314245,85.72330474853516,151.42281532287598,regular_ge32
2026-08-12T15:19:13.845,228,unlabeled,2,0.27450883388519287,281.51433515548706,202.1627277135849,300.7776336669922,234.0269809961319,563.0286703109741,404.3254554271698,601.5552673339844,468.0539619922638,582.2919688224792,436.1897087097168,582.2919688224792,468.0539619922638,0.9098312012851238,0.90872855981191,0.9098312012851238,0.9751124208172163,19.263298511505127,31.864253282546997,small_16_32
2026-08-12T15:19:13.845,228,unlabeled,3,0.2019716501235962,211.85359251499176,224.57559770345688,227.78275620937347,239.96040350198746,423.7071850299835,449.15119540691376,455.56551241874695,479.9208070039749,439.63634872436523,464.53600120544434,439.63634872436523,479.9208070039749,0.6869317948818207,0.9677833358446757,0.6869317948818207,0.9998350145916144,15.929163694381714,15.384805798530579,tiny_lt16
2026-08-12T15:19:13.845,228,unlabeled,4,0.2019716501235962,244.37468552589417,219.59191370010376,255.56422972679138,235.9704475402832,488.74937105178833,439.1838274002075,511.12845945358276,471.9408950805664,499.93891525268555,455.56236124038696,499.93891525268555,471.9408950805664,0.7811545550823211,0.9490882525841395,0.7811545550823211,0.9832101980845134,11.189544200897217,16.378533840179443,small_16_32
2026-08-12T15:19:13.937,229,unlabeled,1,0.43337342143058777,102.67342066764832,82.86367082595825,190.51624751091003,240.0,205.34684133529663,165.7273416519165,381.03249502182007,480.0,293.18966817855835,322.86367082595825,293.18966817855835,480.0,0.4581088565289974,0.6726326475540797,0.4581088565289974,1.0,87.84282684326172,157.13632917404175,regular_ge32
2026-08-12T15:19:13.937,229,unlabeled,2,0.24242530763149261,76.92762851715088,223.54237166047096,93.90246391296387,237.54146870970726,153.85525703430176,447.0847433209419,187.80492782592773,475.0829374194145,170.83009243011475,461.0838403701782,170.83009243011475,475.0829374194145,0.2669220194220543,0.960591334104538,0.2669220194220543,0.9897561196237803,16.97483539581299,13.999097049236298,tiny_lt16
2026-08-12T15:19:13.937,229,unlabeled,3,0.22444185614585876,281.3793261051178,202.2408457994461,301.2583429813385,233.1903656721115,562.7586522102356,404.4816915988922,602.516685962677,466.380731344223,582.6376690864563,435.4312114715576,582.6376690864563,466.380731344223,0.910371357947588,0.9071483572324117,0.910371357947588,0.971626523633798,19.879016876220703,30.949519872665405,small_16_32
2026-08-12T15:19:13.937,229,unlabeled,4,0.21299070119857788,195.1125899553299,226.1978420317173,210.05731856822968,240.0,390.2251799106598,452.3956840634346,420.11463713645935,480.0,405.16990852355957,466.1978420317173,405.16990852355957,480.0,0.6330779820680619,0.9712455042327444,0.6330779820680619,1.0,14.94472861289978,13.8021579682827,tiny_lt16
2026-08-12T15:19:14.016,230,unlabeled,1,0.4498997628688812,100.73075711727142,71.62370014190674,190.72536885738373,240.0,201.46151423454285,143.24740028381348,381.45073771476746,480.0,291.45612597465515,311.62370014190674,291.45612597465515,480.0,0.4554001968353987,0.6492160419623058,0.4554001968353987,1.0,89.9946117401123,168.37629985809326,regular_ge32
2026-08-12T15:19:14.016,230,unlabeled,2,0.2363237887620926,194.38010716438293,224.947181224823,209.80960154533386,239.85644388198853,388.76021432876587,449.894362449646,419.6192030906677,479.71288776397705,404.1897087097168,464.8036251068115,404.1897087097168,479.71288776397705,0.6315464198589325,0.9683408856391906,0.6315464198589325,0.9994018495082855,15.429494380950928,14.909262657165527,tiny_lt16
2026-08-12T15:19:14.016,230,unlabeled,3,0.23032912611961365,280.22696185112,202.11251080036163,302.06500697135925,233.06203067302704,560.45392370224,404.22502160072327,604.1300139427185,466.1240613460541,582.2919688224792,435.1745414733887,582.2919688224792,466.1240613460541,0.9098312012851238,0.9066136280695597,0.9098312012851238,0.971091794470946,21.838045120239258,30.949519872665405,small_16_32
2026-08-12T15:19:14.016,230,unlabeled,4,0.218662291765213,212.58093905448914,224.06277668476105,227.0554096698761,239.93722331523895,425.16187810897827,448.1255533695221,454.1108193397522,479.8744466304779,439.63634872436523,464.0,439.63634872436523,479.8744466304779,0.6869317948818207,0.9666666666666667,0.6869317948818207,0.9997384304801623,14.474470615386963,15.874446630477905,tiny_lt16
2026-08-12T15:19:14.111,231,unlabeled,1,0.4665374755859375,100.03518748283386,69.66884231567383,192.21337962150574,240.0,200.07037496566772,139.33768463134766,384.4267592430115,480.0,292.2485671043396,309.6688423156738,292.2485671043396,480.0,0.45663838610053065,0.6451434214909871,0.45663838610053065,1.0,92.17819213867188,170.33115768432617,regular_ge32
2026-08-12T15:19:14.111,231,unlabeled,2,0.24863308668136597,281.3793261051178,203.55632972717285,301.2583429813385,233.61357879638672,562.7586522102356,407.1126594543457,602.516685962677,467.22715759277344,582.6376690864563,437.16990852355957,582.6376690864563,467.22715759277344,0.910371357947588,0.9107706427574158,0.910371357947588,0.9733899116516114,19.879016876220703,30.057249069213867,small_16_32
2026-08-12T15:19:14.111,231,unlabeled,3,0.24242530763149261,244.72549760341644,219.16307133436203,255.2134176492691,236.59453850984573,489.4509952068329,438.32614266872406,510.4268352985382,473.18907701969147,499.93891525268555,455.75760984420776,499.93891525268555,473.18907701969147,0.7811545550823211,0.9494950205087662,0.7811545550823211,0.9858105771243573,10.487920045852661,17.431467175483704,small_16_32
2026-08-12T15:19:14.111,231,unlabeled,4,0.2363237887620926,191.95562148094177,221.82618659734726,211.2189199924469,239.25765377283096,383.91124296188354,443.6523731946945,422.4378399848938,478.5153075456619,403.1745414733887,461.0838403701782,403.1745414733887,478.5153075456619,0.6299602210521698,0.960591334104538,0.6299602210521698,0.9969068907201291,19.263298511505127,17.431467175483704,small_16_32
2026-08-12T15:19:14.111,231,unlabeled,5,0.2363237887620926,211.43344163894653,223.95310181379318,228.40827703475952,240.0,422.86688327789307,447.90620362758636,456.81655406951904,480.0,439.84171867370605,463.9531018137932,439.84171867370605,480.0,0.6872526854276657,0.9665689621120691,0.6872526854276657,1.0,16.97483539581299,16.046898186206818,small_16_32
2026-08-12T15:19:14.189,232,unlabeled,1,0.40887001156806946,97.68903517723083,69.27116632461548,196.6029336452484,240.0,195.37807035446167,138.54233264923096,393.2058672904968,480.0,294.29196882247925,309.2711663246155,294.29196882247925,480.0,0.45983120128512384,0.6443149298429489,0.45983120128512384,1.0,98.91389846801758,170.72883367538452,regular_ge32
2026-08-12T15:19:14.189,232,unlabeled,2,0.24242530763149261,280.72348403930664,201.7834790945053,301.2365584373474,233.6477323770523,561.4469680786133,403.5669581890106,602.4731168746948,467.2954647541046,581.960042476654,435.4312114715576,581.960042476654,467.2954647541046,0.909312566369772,0.9071483572324117,0.909312566369772,0.973532218237718,20.51307439804077,31.864253282546997,small_16_32
2026-08-12T15:19:14.189,232,unlabeled,3,0.22444185614585876,192.0857698917389,222.07541048526764,212.59884428977966,240.0,384.1715397834778,444.1508209705353,425.1976885795593,480.0,404.68461418151855,462.07541048526764,404.68461418151855,480.0,0.6323197096586227,0.9626571051776409,0.6323197096586227,1.0,20.51307439804077,17.92458951473236,small_16_32
2026-08-12T15:19:14.189,232,unlabeled,4,0.22444185614585876,211.05828094482422,224.33077728748322,227.50242042541504,240.0,422.11656188964844,448.66155457496643,455.0048408508301,480.0,438.56070137023926,464.3307772874832,438.56070137023926,480.0,0.6852510958909989,0.96735578601559,0.6852510958909989,1.0,16.44413948059082,15.669222712516785,tiny_lt16
2026-08-12T15:19:14.283,233,unlabeled,1,0.33097806572914124,99.80015516281128,64.61109972000122,191.97834730148315,186.62166929244995,199.60031032562256,129.22219944000244,383.9566946029663,373.2433385848999,291.77850246429443,251.23276901245117,291.77850246429443,373.2433385848999,0.45590391010046005,0.5234016021092732,0.45590391010046005,0.7775902887185414,92.17819213867188,122.01056957244873,regular_ge32
2026-08-12T15:19:14.283,233,unlabeled,2,0.22444185614585876,193.42172420024872,223.14204478263855,211.5067902803421,239.520578622818,386.84344840049744,446.2840895652771,423.0135805606842,479.041157245636,404.9285144805908,462.66262340545654,404.9285144805908,479.041157245636,0.6327008038759232,0.9638804654280345,0.6327008038759232,0.9980024109284084,18.085066080093384,16.378533840179443,small_16_32
2026-08-12T15:19:14.283,233,unlabeled,3,0.22444185614585876,211.12044095993042,223.94477105140686,228.0952763557434,240.0,422.24088191986084,447.8895421028137,456.1905527114868,480.0,439.2157173156738,463.94477105140686,439.2157173156738,480.0,0.6862745583057404,0.9665516063570976,0.6862745583057404,1.0,16.97483539581299,16.05522894859314,small_16_32
2026-08-12T15:19:14.283,233,unlabeled,4,0.218662291765213,281.06229734420776,202.16876602172852,301.57537174224854,232.22601509094238,562.1245946884155,404.33753204345703,603.1507434844971,464.45203018188477,582.6376690864563,434.3947811126709,582.6376690864563,464.45203018188477,0.910371357947588,0.9049891273180644,0.910371357947588,0.9676083962122599,20.51307439804077,30.057249069213867,small_16_32
2026-08-12T15:19:14.375,234,unlabeled,1,0.30910593271255493,102.13229846954346,62.923104763031006,187.8556032180786,188.95029306411743,204.2645969390869,125.84620952606201,375.7112064361572,377.90058612823486,289.98790168762207,251.87339782714844,289.98790168762207,377.90058612823486,0.45310609638690946,0.524736245473226,0.45310609638690946,0.787292887767156,85.72330474853516,126.02718830108643,regular_ge32
2026-08-12T15:19:14.375,234,unlabeled,2,0.26788532733917236,192.3378083705902,222.2078801393509,211.60110688209534,240.0,384.6756167411804,444.4157602787018,423.2022137641907,480.0,403.93891525268555,462.2078801393509,403.93891525268555,480.0,0.6311545550823212,0.9629330836236477,0.6311545550823212,1.0,19.263298511505127,17.79211986064911,small_16_32
2026-08-12T15:19:14.375,234,unlabeled,3,0.2549463212490082,211.12044095993042,224.4645892381668,228.0952763557434,240.0,422.24088191986084,448.9291784763336,456.1905527114868,480.0,439.2157173156738,464.4645892381668,439.2157173156738,480.0,0.6862745583057404,0.9676345609128475,0.6862745583057404,1.0,16.97483539581299,15.535410761833191,tiny_lt16
2026-08-12T15:19:14.375,234,unlabeled,4,0.2363237887620926,281.06229734420776,202.11251080036163,301.57537174224854,233.06203067302704,562.1245946884155,404.22502160072327,603.1507434844971,466.1240613460541,582.6376690864563,435.1745414733887,582.6376690864563,466.1240613460541,0.910371357947588,0.9066136280695597,0.910371357947588,0.971091794470946,20.51307439804077,30.949519872665405,small_16_32
2026-08-12T15:19:14.375,234,unlabeled,5,0.22444185614585876,245.01823735237122,219.59191370010376,255.17147135734558,235.9704475402832,490.03647470474243,439.1838274002075,510.34294271469116,471.9408950805664,500.1897087097168,455.56236124038696,500.1897087097168,471.9408950805664,0.7815464198589325,0.9490882525841395,0.7815464198589325,0.9832101980845134,10.153234004974365,16.378533840179443,small_16_32
2026-08-12T15:19:14.375,234,unlabeled,6,0.2019716501235962,72.3088128566742,222.2078801393509,97.81305146217346,240.0,144.6176257133484,444.4157602787018,195.62610292434692,480.0,170.12186431884766,462.2078801393509,170.12186431884766,480.0,0.26581541299819944,0.9629330836236477,0.26581541299819944,1.0,25.504238605499268,17.79211986064911,small_16_32
2026-08-12T15:19:14.463,235,unlabeled,1,0.33097806572914124,94.67921924591064,68.59476041793823,189.07221508026123,237.80002069473267,189.3584384918213,137.18952083587646,378.14443016052246,475.60004138946533,283.7514343261719,306.3947811126709,283.7514343261719,475.60004138946533,0.44336161613464353,0.6383224606513977,0.44336161613464353,0.9908334195613862,94.39299583435059,169.20526027679443,regular_ge32
2026-08-12T15:19:14.463,235,unlabeled,2,0.2613641023635864,193.7317385673523,222.60767138004303,210.70657396316528,240.0,387.4634771347046,445.21534276008606,421.41314792633057,480.0,404.4383125305176,462.60767138004303,404.4383125305176,480.0,0.6319348633289337,0.9637659820417563,0.6319348633289337,1.0,16.97483539581299,17.39232861995697,small_16_32
2026-08-12T15:19:14.463,235,unlabeled,3,0.2549463212490082,212.58093905448914,224.07873368263245,227.0554096698761,240.0,425.16187810897827,448.1574673652649,454.1108193397522,480.0,439.63634872436523,464.07873368263245,439.63634872436523,480.0,0.6869317948818207,0.9668306951721509,0.6869317948818207,1.0,14.474470615386963,15.921266317367554,tiny_lt16
2026-08-12T15:19:14.463,235,unlabeled,4,0.2549463212490082,244.5528312921524,219.52941864728928,255.38608396053314,236.42684012651443,489.1056625843048,439.05883729457855,510.7721679210663,472.85368025302887,499.93891525268555,455.9562587738037,499.93891525268555,472.85368025302887,0.7811545550823211,0.9499088724454244,0.7811545550823211,0.9851118338604768,10.833252668380737,16.89742147922516,small_16_32
2026-08-12T15:19:14.463,235,unlabeled,5,0.23032912611961365,281.599897146225,203.19053173065186,300.8631956577301,233.24778079986572,563.19979429245,406.3810634613037,601.7263913154602,466.49556159973145,582.4630928039551,436.4383125305176,582.4630928039551,466.49556159973145,0.9100985825061798,0.9092464844385783,0.9100985825061798,0.9718657533327738,19.263298511505127,30.057249069213867,small_16_32
2026-08-12T15:19:14.463,235,unlabeled,6,0.2019716501235962,253.21501541137695,217.80722945928574,275.0530605316162,238.14902931451797,506.4300308227539,435.6144589185715,550.1061210632324,476.29805862903595,528.2680759429932,455.9562587738037,528.2680759429932,476.29805862903595,0.8254188686609268,0.9499088724454244,0.8254188686609268,0.9922876221438249,21.838045120239258,20.34179985523224,small_16_32
2026-08-12T15:19:14.555,236,unlabeled,1,0.40887001156806946,95.38810443878174,68.98464059829712,187.5662965774536,238.18990087509155,190.77620887756348,137.96928119659424,375.1325931549072,476.3798017501831,282.95440101623535,307.1745414733887,282.95440101623535,476.3798017501831,0.4421162515878677,0.6399469614028931,0.4421162515878677,0.9924579203128815,92.17819213867188,169.20526027679443,regular_ge32
2026-08-12T15:19:14.555,236,unlabeled,2,0.24863308668136597,193.85488939285278,222.350192964077,210.82972478866577,239.7816601395607,387.70977878570557,444.700385928154,421.65944957733154,479.5633202791214,404.68461418151855,462.1318531036377,404.68461418151855,479.5633202791214,0.6323197096586227,0.9627746939659119,0.6323197096586227,0.9990902505815029,16.97483539581299,17.431467175483704,small_16_32
2026-08-12T15:19:14.555,236,unlabeled,3,0.2363237887620926,280.47918033599854,202.68698120117188,301.64510917663574,232.74423027038574,560.9583606719971,405.37396240234375,603.2902183532715,465.4884605407715,582.1242895126343,435.4312114715576,582.1242895126343,465.4884605407715,0.909569202363491,0.9071483572324117,0.909569202363491,0.9697676261266073,21.165928840637207,30.057249069213867,small_16_32
2026-08-12T15:19:14.555,236,unlabeled,4,0.23032912611961365,210.73943400382996,223.685327231884,228.2611038684845,240.0,421.4788680076599,447.370654463768,456.522207736969,480.0,439.00053787231445,463.685327231884,439.00053787231445,480.0,0.6859383404254913,0.9660110983997583,0.6859383404254913,1.0,17.52166986465454,16.314672768115997,small_16_32
2026-08-12T15:19:14.555,236,unlabeled,5,0.23032912611961365,244.5528312921524,219.3324698805809,255.38608396053314,236.22989135980606,489.1056625843048,438.6649397611618,510.7721679210663,472.4597827196121,499.93891525268555,455.56236124038696,499.93891525268555,472.4597827196121,0.7811545550823211,0.9490882525841395,0.7811545550823211,0.984291213999192,10.833252668380737,16.89742147922516,small_16_32
2026-08-12T15:19:14.555,236,unlabeled,6,0.22444185614585876,77.27699995040894,223.5059933066368,91.29533052444458,238.8907991051674,154.55399990081787,447.0119866132736,182.59066104888916,477.7815982103348,168.57233047485352,462.3967924118042,168.57233047485352,477.7815982103348,0.2633942663669586,0.9633266508579255,0.2633942663669586,0.9953783296048642,14.018330574035645,15.384805798530579,tiny_lt16
2026-08-12T15:19:14.653,237,unlabeled,1,0.4748867154121399,99.28213787078857,70.93573331832886,182.91865062713623,236.75030946731567,198.56427574157715,141.87146663665771,365.83730125427246,473.50061893463135,282.2007884979248,307.68604278564453,282.2007884979248,473.50061893463135,0.4409387320280075,0.6410125891367594,0.4409387320280075,0.9864596227804819,83.63651275634766,165.81457614898682,regular_ge32
2026-08-12T15:19:14.653,237,unlabeled,2,0.27450883388519287,193.33401942253113,222.613343000412,210.85568928718567,238.99187684059143,386.66803884506226,445.226686000824,421.71137857437134,477.98375368118286,404.1897087097168,461.6052198410034,404.1897087097168,477.98375368118286,0.6315464198589325,0.9616775413354238,0.6315464198589325,0.9957994868357977,17.52166986465454,16.378533840179443,small_16_32
2026-08-12T15:19:14.653,237,unlabeled,3,0.24242530763149261,211.64327681064606,223.66096413135529,227.57244050502777,239.5354107618332,423.2865536212921,447.32192826271057,455.14488101005554,479.0708215236664,439.2157173156738,463.1963748931885,439.2157173156738,479.0708215236664,0.6862745583057404,0.9649924476941426,0.6862745583057404,0.9980642115076382,15.929163694381714,15.874446630477905,tiny_lt16
2026-08-12T15:19:14.653,237,unlabeled,4,0.218662291765213,279.5250062942505,201.85333836078644,302.76696252822876,232.80285823345184,559.050012588501,403.7066767215729,605.5339250564575,465.6057164669037,582.2919688224792,434.6561965942383,582.2919688224792,465.6057164669037,0.9098312012851238,0.905533742904663,0.9098312012851238,0.9700119093060493,23.24195623397827,30.949519872665405,small_16_32
2026-08-12T15:19:14.653,237,unlabeled,5,0.218662291765213,245.42786240577698,219.84395730495453,255.25675177574158,235.71840393543243,490.85572481155396,439.68791460990906,510.51350355148315,471.43680787086487,500.68461418151855,455.56236124038696,500.68461418151855,471.43680787086487,0.7823197096586227,0.9490882525841395,0.7823197096586227,0.9821600163976352,9.8288893699646,15.874446630477905,tiny_lt16
2026-08-12T15:19:14.653,237,unlabeled,6,0.2019716501235962,74.35237240791321,223.5059933066368,94.86544680595398,238.8907991051674,148.70474481582642,447.0119866132736,189.73089361190796,477.7815982103348,169.2178192138672,462.3967924118042,169.2178192138672,477.7815982103348,0.26440284252166746,0.9633266508579255,0.26440284252166746,0.9953783296048642,20.51307439804077,15.384805798530579,tiny_lt16
2026-08-12T15:19:14.730,238,unlabeled,1,0.5,103.28858804702759,72.66134262084961,178.91220045089722,236.7473602294922,206.57717609405518,145.32268524169922,357.82440090179443,473.4947204589844,282.2007884979248,309.4087028503418,282.2007884979248,473.4947204589844,0.4409387320280075,0.6446014642715454,0.4409387320280075,0.9864473342895508,75.62361240386963,164.08601760864258,regular_ge32
2026-08-12T15:19:14.730,238,unlabeled,2,0.2880568504333496,193.74738788604736,224.06277668476105,210.19152736663818,239.93722331523895,387.4947757720947,448.1255533695221,420.38305473327637,479.8744466304779,403.93891525268555,464.0,403.93891525268555,479.8744466304779,0.6311545550823212,0.9666666666666667,0.6311545550823212,0.9997384304801623,16.44413948059082,15.874446630477905,tiny_lt16
2026-08-12T15:19:14.730,238,unlabeled,3,0.2549463212490082,212.24147045612335,223.94477105140686,227.18619906902313,240.0,424.4829409122467,447.8895421028137,454.37239813804626,480.0,439.4276695251465,463.94477105140686,439.4276695251465,480.0,0.6866057336330413,0.9665516063570976,0.6866057336330413,1.0,14.94472861289978,16.05522894859314,small_16_32
2026-08-12T15:19:14.730,238,unlabeled,4,0.23032912611961365,244.59906136989594,219.52941864728928,255.0869814157486,236.42684012651443,489.19812273979187,439.05883729457855,510.1739628314972,472.85368025302887,499.68604278564453,455.9562587738037,499.68604278564453,472.85368025302887,0.7807594418525696,0.9499088724454244,0.7807594418525696,0.9851118338604768,10.487920045852661,16.89742147922516,small_16_32
2026-08-12T15:19:14.730,238,unlabeled,5,0.21299070119857788,266.0516002178192,198.14240860939026,299.5932056903839,234.9283902645111,532.1032004356384,396.2848172187805,599.1864113807678,469.8567805290222,565.6448059082031,433.07079887390137,565.6448059082031,469.8567805290222,0.8838200092315673,0.9022308309872945,0.8838200092315673,0.9788682927687963,33.5416054725647,36.78598165512085,regular_ge32
2026-08-12T15:19:14.730,238,unlabeled,6,0.2019716501235962,75.5663765668869,223.97465926408768,93.65144264698029,238.42213314771652,151.1327531337738,447.94931852817535,187.30288529396057,476.84426629543304,169.2178192138672,462.3967924118042,169.2178192138672,476.84426629543304,0.26440284252166746,0.9633266508579255,0.26440284252166746,0.9934255547821522,18.085066080093384,14.447473883628845,tiny_lt16
2026-08-12T15:19:14.824,239,unlabeled,1,0.5083773732185364,103.0422101020813,72.29929828643799,178.66582250595093,236.38531589508057,206.0844202041626,144.59859657287598,357.33164501190186,472.77063179016113,281.7080326080322,308.68461418151855,281.7080326080322,472.77063179016113,0.44016880095005034,0.643092946211497,0.44016880095005034,0.9849388162295024,75.62361240386963,164.08601760864258,regular_ge32
2026-08-12T15:19:14.824,239,unlabeled,2,0.26788532733917236,193.45832133293152,223.27533268928528,210.97999119758606,239.65386652946472,386.91664266586304,446.55066537857056,421.9599823951721,479.30773305892944,404.4383125305176,462.92919921875,404.4383125305176,479.30773305892944,0.6319348633289337,0.9644358317057292,0.6319348633289337,0.9985577772061031,17.52166986465454,16.378533840179443,small_16_32
2026-08-12T15:19:14.824,239,unlabeled,3,0.2363237887620926,280.73587012290955,201.65514409542084,301.90179896354675,233.51939737796783,561.4717402458191,403.3102881908417,603.8035979270935,467.03879475593567,582.6376690864563,435.1745414733887,582.6376690864563,467.03879475593567,0.910371357947588,0.9066136280695597,0.910371357947588,0.9729974890748659,21.165928840637207,31.864253282546997,small_16_32
2026-08-12T15:19:14.824,239,unlabeled,4,0.23032912611961365,211.3857889175415,224.19681465625763,227.82992839813232,240.0,422.771577835083,448.39362931251526,455.65985679626465,480.0,439.2157173156738,464.19681465625763,439.2157173156738,480.0,0.6862745583057404,0.9670766972005367,0.6862745583057404,1.0,16.44413948059082,15.80318534374237,tiny_lt16
2026-08-12T15:19:14.824,239,unlabeled,5,0.218662291765213,245.2656900882721,219.74804270267487,255.41892409324646,235.62248933315277,490.5313801765442,439.49608540534973,510.8378481864929,471.24497866630554,500.68461418151855,455.37053203582764,500.68461418151855,471.24497866630554,0.7823197096586227,0.9486886084079742,0.7823197096586227,0.9817603722214698,10.153234004974365,15.874446630477905,tiny_lt16
2026-08-12T15:19:14.912,240,unlabeled,1,0.5,99.03575992584229,71.40749645233154,182.67227268218994,238.9286584854126,198.07151985168457,142.8149929046631,365.3445453643799,477.8573169708252,281.7080326080322,310.33615493774414,281.7080326080322,477.8573169708252,0.44016880095005034,0.6465336561203003,0.44016880095005034,0.9955360770225525,83.63651275634766,167.52116203308105,regular_ge32
2026-08-12T15:19:14.912,240,unlabeled,2,0.24863308668136597,194.36288452148438,223.39408838748932,210.8070240020752,239.26853501796722,388.72576904296875,446.78817677497864,421.6140480041504,478.53707003593445,405.16990852355957,462.66262340545654,405.16990852355957,478.53707003593445,0.6330779820680619,0.9638804654280345,0.6330779820680619,0.9969522292415302,16.44413948059082,15.874446630477905,tiny_lt16
2026-08-12T15:19:14.912,240,unlabeled,3,0.218662291765213,279.88103675842285,202.11251080036163,302.4109320640564,233.06203067302704,559.7620735168457,404.22502160072327,604.8218641281128,466.1240613460541,582.2919688224792,435.1745414733887,582.2919688224792,466.1240613460541,0.9098312012851238,0.9066136280695597,0.9098312012851238,0.971091794470946,22.529895305633545,30.949519872665405,small_16_32
2026-08-12T15:19:14.912,240,unlabeled,4,0.218662291765213,210.67130172252655,223.2832881808281,228.75636780261993,240.0,421.3426034450531,446.5665763616562,457.51273560523987,480.0,439.4276695251465,463.2832881808281,439.4276695251465,480.0,0.6866057336330413,0.9651735170433918,0.6866057336330413,1.0,18.085066080093384,16.716711819171906,small_16_32
2026-08-12T15:19:15.001,241,unlabeled,1,0.37690892815589905,96.6862621307373,69.50588274002075,186.6808738708496,240.0,193.3725242614746,139.0117654800415,373.3617477416992,480.0,283.3671360015869,309.50588274002075,283.3671360015869,480.0,0.44276115000247956,0.6448039223750432,0.44276115000247956,1.0,89.9946117401123,170.49411725997925,regular_ge32
2026-08-12T15:19:15.001,241,unlabeled,2,0.20742715895175934,211.05733942985535,224.59817612171173,228.5790092945099,240.0,422.1146788597107,449.19635224342346,457.1580185890198,480.0,439.63634872436523,464.59817612171173,439.63634872436523,480.0,0.6869317948818207,0.9679128669202328,0.6869317948818207,1.0,17.52166986465454,15.401823878288269,tiny_lt16
2026-08-12T15:19:15.001,241,unlabeled,3,0.2019716501235962,280.64858198165894,201.59126579761505,301.81451082229614,232.54078567028046,561.2971639633179,403.1825315952301,603.6290216445923,465.0815713405609,582.4630928039551,434.1320514678955,582.4630928039551,465.0815713405609,0.9100985825061798,0.904441773891449,0.9100985825061798,0.9689199402928352,21.165928840637207,30.949519872665405,small_16_32
2026-08-12T15:19:15.001,241,unlabeled,4,0.2019716501235962,192.76212298870087,222.86538660526276,211.42758572101593,238.73983323574066,385.52424597740173,445.7307732105255,422.85517144203186,477.4796664714813,404.1897087097168,461.6052198410034,404.1897087097168,477.4796664714813,0.6315464198589325,0.9616775413354238,0.6315464198589325,0.9947493051489195,18.665462732315063,15.874446630477905,tiny_lt16
2026-08-12T15:19:15.082,242,unlabeled,1,0.4498997628688812,101.31912541389465,69.36682748794556,191.31373715400696,238.57208776474,202.6382508277893,138.7336549758911,382.6274743080139,477.14417552948,292.6328625679016,307.93891525268555,292.6328625679016,477.14417552948,0.45723884776234625,0.6415394067764282,0.45723884776234625,0.9940503656864166,89.9946117401123,169.20526027679443,regular_ge32
2026-08-12T15:19:15.082,242,unlabeled,2,0.2880568504333496,193.29977405071259,220.8837371468544,211.38484013080597,239.43022006750107,386.59954810142517,441.7674742937088,422.76968026161194,478.86044013500214,404.68461418151855,460.31395721435547,404.68461418151855,478.86044013500214,0.6323197096586227,0.9589874108632406,0.6323197096586227,0.9976259169479211,18.085066080093384,18.546482920646667,small_16_32
2026-08-12T15:19:15.082,242,unlabeled,3,0.2363237887620926,210.08218550682068,223.0094839334488,229.3454840183258,240.0,420.16437101364136,446.0189678668976,458.6909680366516,480.0,439.4276695251465,463.0094839334488,439.4276695251465,480.0,0.6866057336330413,0.9646030915280183,0.6866057336330413,1.0,19.263298511505127,16.99051606655121,small_16_32
2026-08-12T15:19:15.082,242,unlabeled,4,0.22444185614585876,245.1425392627716,219.23655527830124,255.29577326774597,236.1339767575264,490.2850785255432,438.4731105566025,510.59154653549194,472.2679535150528,500.4383125305176,455.37053203582764,500.4383125305176,472.2679535150528,0.7819348633289337,0.9486886084079742,0.7819348633289337,0.9838915698230266,10.153234004974365,16.89742147922516,small_16_32
2026-08-12T15:19:15.082,242,unlabeled,5,0.218662291765213,280.82488679885864,201.59126579761505,301.99081563949585,232.54078567028046,561.6497735977173,403.1825315952301,603.9816312789917,465.0815713405609,582.8157024383545,434.1320514678955,582.8157024383545,465.0815713405609,0.9106495350599288,0.904441773891449,0.9106495350599288,0.9689199402928352,21.165928840637207,30.949519872665405,small_16_32
2026-08-12T15:19:15.176,243,unlabeled,1,0.441620409488678,104.26041221618652,68.40983629226685,192.10323905944824,239.27620649337769,208.52082443237305,136.8196725845337,384.2064781188965,478.55241298675537,296.36365127563477,307.68604278564453,296.36365127563477,478.55241298675537,0.4630682051181793,0.6410125891367594,0.4630682051181793,0.996984193722407,87.84282684326172,170.86637020111084,regular_ge32
2026-08-12T15:19:15.176,243,unlabeled,2,0.2549463212490082,193.35560369491577,224.07873368263245,210.33043909072876,240.0,386.71120738983154,448.1574673652649,420.6608781814575,480.0,403.68604278564453,464.07873368263245,403.68604278564453,480.0,0.6307594418525696,0.9668306951721509,0.6307594418525696,1.0,16.97483539581299,15.921266317367554,tiny_lt16
2026-08-12T15:19:15.176,243,unlabeled,3,0.24242530763149261,212.78463530540466,224.61233639717102,227.25910592079163,240.0,425.5692706108093,449.22467279434204,454.51821184158325,480.0,440.0437412261963,464.612336397171,440.0437412261963,480.0,0.6875683456659317,0.9679423674941063,0.6875683456659317,1.0,14.474470615386963,15.38766360282898,tiny_lt16
2026-08-12T15:19:15.176,243,unlabeled,4,0.2363237887620926,244.343310713768,219.59191370010376,254.83123075962067,235.9704475402832,488.686621427536,439.1838274002075,509.66246151924133,471.9408950805664,499.1745414733887,455.56236124038696,499.1745414733887,471.9408950805664,0.7799602210521698,0.9490882525841395,0.7799602210521698,0.9832101980845134,10.487920045852661,16.378533840179443,small_16_32
2026-08-12T15:19:15.176,243,unlabeled,5,0.23032912611961365,280.3998119831085,202.11251080036163,302.2378571033478,233.06203067302704,560.799623966217,404.22502160072327,604.4757142066956,466.1240613460541,582.6376690864563,435.1745414733887,582.6376690864563,466.1240613460541,0.910371357947588,0.9066136280695597,0.910371357947588,0.971091794470946,21.838045120239258,30.949519872665405,small_16_32
2026-08-12T15:19:15.266,244,unlabeled,1,0.3384403884410858,114.15832614898682,74.00005531311035,199.88163089752197,236.3360996246338,228.31665229797363,148.0001106262207,399.76326179504395,472.6721992492676,314.0399570465088,310.33615493774414,314.0399570465088,472.6721992492676,0.49068743288516997,0.6465336561203003,0.49068743288516997,0.9847337484359742,85.72330474853516,162.33604431152344,regular_ge32
2026-08-12T15:19:15.266,244,unlabeled,2,0.2880568504333496,192.82643580436707,223.81108725070953,210.3481056690216,240.0,385.65287160873413,447.62217450141907,420.6962113380432,480.0,403.1745414733887,463.81108725070953,403.1745414733887,480.0,0.6299602210521698,0.9662730984389782,0.6299602210521698,1.0,17.52166986465454,16.188912749290466,small_16_32
2026-08-12T15:19:15.266,244,unlabeled,3,0.2549463212490082,211.36035990715027,224.35289257764816,228.8820297718048,240.0,422.72071981430054,448.7057851552963,457.7640595436096,480.0,440.2423896789551,464.35289257764816,440.2423896789551,480.0,0.6878787338733673,0.967401859536767,0.6878787338733673,1.0,17.52166986465454,15.647107422351837,tiny_lt16
2026-08-12T15:19:15.266,244,unlabeled,4,0.24863308668136597,280.16090202331543,201.7834790945053,301.32683086395264,233.6477323770523,560.3218040466309,403.5669581890106,602.6536617279053,467.2954647541046,581.4877328872681,435.4312114715576,581.4877328872681,467.2954647541046,0.9085745826363564,0.9071483572324117,0.9085745826363564,0.973532218237718,21.165928840637207,31.864253282546997,small_16_32
2026-08-12T15:19:15.266,244,unlabeled,5,0.2363237887620926,243.78076422214508,219.3324698805809,254.61401689052582,236.22989135980606,487.56152844429016,438.6649397611618,509.22803378105164,472.4597827196121,498.3947811126709,455.56236124038696,498.3947811126709,472.4597827196121,0.7787418454885483,0.9490882525841395,0.7787418454885483,0.984291213999192,10.833252668380737,16.89742147922516,small_16_32
2026-08-12T15:19:15.266,244,unlabeled,6,0.2019716501235962,73.56697487831116,222.07541048526764,96.0968701839447,240.0,147.13394975662231,444.1508209705353,192.1937403678894,480.0,169.66384506225586,462.07541048526764,169.66384506225586,480.0,0.2650997579097748,0.9626571051776409,0.2650997579097748,1.0,22.529895305633545,17.92458951473236,small_16_32
2026-08-12T15:19:15.358,245,unlabeled,1,0.32359981536865234,109.73496627807617,72.91088628768921,206.37341690063477,238.72546243667603,219.46993255615234,145.82177257537842,412.74683380126953,477.45092487335205,316.10838317871094,311.63634872436523,316.10838317871094,477.45092487335205,0.4939193487167358,0.6492423931757609,0.4939193487167358,0.9946894268194835,96.6384506225586,165.81457614898682,regular_ge32
2026-08-12T15:19:15.358,245,unlabeled,2,0.30910593271255493,112.45543432235718,224.46505108475685,126.47376489639282,238.46414813399315,224.91086864471436,448.9301021695137,252.94752979278564,476.9282962679863,238.92919921875,462.92919921875,238.92919921875,476.9282962679863,0.37332687377929685,0.9644358317057292,0.37332687377929685,0.9936006172249715,14.018330574035645,13.999097049236298,tiny_lt16
2026-08-12T15:19:15.358,245,unlabeled,3,0.2880568504333496,192.15485751628876,223.26215797662735,210.23992359638214,240.0,384.3097150325775,446.5243159532547,420.4798471927643,480.0,402.3947811126709,463.26215797662735,402.3947811126709,480.0,0.6287418454885483,0.9651294957846404,0.6287418454885483,1.0,18.085066080093384,16.73784202337265,small_16_32
2026-08-12T15:19:15.358,245,unlabeled,4,0.2549463212490082,280.80560755729675,202.9894973039627,301.3186819553375,233.9390171766281,561.6112151145935,405.9789946079254,602.637363910675,467.8780343532562,582.1242895126343,436.9285144805908,582.1242895126343,467.8780343532562,0.909569202363491,0.9102677385012309,0.909569202363491,0.9747459049026171,20.51307439804077,30.949519872665405,small_16_32
2026-08-12T15:19:15.358,245,unlabeled,5,0.2549463212490082,211.63377714157104,223.81966584920883,228.60861253738403,240.0,423.2675542831421,447.63933169841766,457.21722507476807,480.0,440.2423896789551,463.81966584920883,440.2423896789551,480.0,0.6878787338733673,0.9662909705191851,0.6878787338733673,1.0,16.97483539581299,16.180334150791168,small_16_32
2026-08-12T15:19:15.358,245,unlabeled,6,0.21299070119857788,244.63898873329163,220.28572648763657,254.792222738266,235.67053228616714,489.27797746658325,440.57145297527313,509.584445476532,471.3410645723343,499.4312114715576,455.9562587738037,499.4312114715576,471.3410645723343,0.7803612679243088,0.9499088724454244,0.7803612679243088,0.9819605511923631,10.153234004974365,15.384805798530579,tiny_lt16
2026-08-12T15:19:15.449,246,unlabeled,1,0.3384403884410858,115.85671150684357,70.58868551254272,208.03490364551544,240.0,231.71342301368713,141.17737102508545,416.0698072910309,480.0,323.891615152359,310.5886855125427,323.891615152359,480.0,0.5060806486755609,0.647059761484464,0.5060806486755609,1.0,92.17819213867188,169.41131448745728,regular_ge32
2026-08-12T15:19:15.449,246,unlabeled,2,0.28123316168785095,191.07156109809875,221.51276391744614,211.58463549613953,240.0,382.1431221961975,443.0255278348923,423.16927099227905,480.0,402.6561965942383,461.51276391744614,402.6561965942383,480.0,0.6291503071784973,0.9614849248280127,0.6291503071784973,1.0,20.51307439804077,18.487236082553864,small_16_32
2026-08-12T15:19:15.449,246,unlabeled,3,0.26788532733917236,112.03541815280914,223.2848462164402,127.96458184719086,237.2839432656765,224.0708363056183,446.5696924328804,255.9291636943817,474.567886531353,240.0,460.5687894821167,240.0,474.567886531353,0.375,0.9595183114210765,0.375,0.9886830969403188,15.929163694381714,13.999097049236298,tiny_lt16
2026-08-12T15:19:15.449,246,unlabeled,4,0.26788532733917236,211.79980087280273,222.86079651117325,228.24394035339355,240.0,423.59960174560547,445.7215930223465,456.4878807067871,480.0,440.0437412261963,462.86079651117325,440.0437412261963,480.0,0.6875683456659317,0.9642933260649442,0.6875683456659317,1.0,16.44413948059082,17.13920348882675,small_16_32
2026-08-12T15:19:15.449,246,unlabeled,5,0.23032912611961365,243.86330723762512,220.14191782474518,255.05285143852234,236.01636445522308,487.72661447525024,440.28383564949036,510.1057028770447,472.03272891044617,498.91615867614746,456.15828227996826,498.91615867614746,472.03272891044617,0.7795564979314804,0.9503297547499339,0.7795564979314804,0.9834015185634295,11.189544200897217,15.874446630477905,tiny_lt16
2026-08-12T15:19:15.449,246,unlabeled,6,0.22444185614585876,280.4888286590576,202.2408457994461,302.3268737792969,233.1903656721115,560.9776573181152,404.4816915988922,604.6537475585938,466.380731344223,582.8157024383545,435.4312114715576,582.8157024383545,466.380731344223,0.9106495350599288,0.9071483572324117,0.9106495350599288,0.971626523633798,21.838045120239258,30.949519872665405,small_16_32
2026-08-12T15:19:15.533,247,unlabeled,1,0.37690892815589905,125.27162337303162,71.79041087627411,198.97694373130798,187.77039468288422,250.54324674606323,143.58082175254822,397.95388746261597,375.54078936576843,324.2485671043396,259.5608055591583,324.2485671043396,375.54078936576843,0.5066383861005306,0.5407516782482465,0.5066383861005306,0.7823766445120176,73.70532035827637,115.97998380661011,regular_ge32
2026-08-12T15:19:15.533,247,unlabeled,2,0.27450883388519287,211.22641706466675,223.55226701498032,228.20125246047974,240.0,422.4528341293335,447.10453402996063,456.4025049209595,480.0,439.4276695251465,463.5522670149803,439.4276695251465,480.0,0.6866057336330413,0.9657338896145423,0.6866057336330413,1.0,16.97483539581299,16.447732985019684,small_16_32
2026-08-12T15:19:15.533,247,unlabeled,3,0.2549463212490082,191.56574130058289,221.2026795744896,210.829039812088,240.0,383.13148260116577,442.4053591489792,421.658079624176,480.0,402.3947811126709,461.2026795744896,402.3947811126709,480.0,0.6287418454885483,0.9608389157801867,0.6287418454885483,1.0,19.263298511505127,18.797320425510406,small_16_32
2026-08-12T15:19:15.533,247,unlabeled,4,0.23032912611961365,243.98940873146057,220.42417359352112,254.14264273643494,235.33343625068665,487.97881746292114,440.84834718704224,508.2852854728699,470.6668725013733,498.1320514678955,455.75760984420776,498.1320514678955,470.6668725013733,0.7783313304185867,0.9494950205087662,0.7783313304185867,0.9805559843778611,10.153234004974365,14.909262657165527,tiny_lt16
2026-08-12T15:19:15.533,247,unlabeled,5,0.22444185614585876,280.73587012290955,202.81439685821533,301.90179896354675,232.8716459274292,561.4717402458191,405.62879371643066,603.8035979270935,465.7432918548584,582.6376690864563,435.68604278564453,582.6376690864563,465.7432918548584,0.910371357947588,0.9076792558034261,0.910371357947588,0.9702985246976217,21.165928840637207,30.057249069213867,small_16_32
2026-08-12T15:19:15.614,248,unlabeled,1,0.3019951581954956,124.34607529640198,71.84413242340088,198.05139565467834,187.824116230011,248.69215059280396,143.68826484680176,396.1027913093567,375.648232460022,322.3974709510803,259.66824865341187,322.3974709510803,375.648232460022,0.503746048361063,0.5409755180279414,0.503746048361063,0.7826004842917125,73.70532035827637,115.97998380661011,regular_ge32
2026-08-12T15:19:15.614,248,unlabeled,2,0.2613641023635864,210.95299983024597,222.8754459619522,228.4746696949005,240.0,421.90599966049194,445.7508919239044,456.949339389801,480.0,439.4276695251465,462.8754459619522,439.4276695251465,480.0,0.6866057336330413,0.9643238457540672,0.6866057336330413,1.0,17.52166986465454,17.12455403804779,small_16_32
2026-08-12T15:19:15.614,248,unlabeled,3,0.24242530763149261,191.26005697250366,220.89502662420273,212.42598581314087,240.0,382.5201139450073,441.79005324840546,424.85197162628174,480.0,403.68604278564453,460.8950266242027,403.68604278564453,480.0,0.6307594418525696,0.9601979721337557,0.6307594418525696,1.0,21.165928840637207,19.10497337579727,small_16_32
2026-08-12T15:19:15.614,248,unlabeled,4,0.2363237887620926,243.78076422214508,219.84395730495453,254.61401689052582,235.71840393543243,487.56152844429016,439.68791460990906,509.22803378105164,471.43680787086487,498.3947811126709,455.56236124038696,498.3947811126709,471.43680787086487,0.7787418454885483,0.9490882525841395,0.7787418454885483,0.9821600163976352,10.833252668380737,15.874446630477905,tiny_lt16
2026-08-12T15:19:15.614,248,unlabeled,5,0.23032912611961365,107.9772093296051,221.34647631645203,131.21916556358337,237.72501015663147,215.9544186592102,442.69295263290405,262.43833112716675,475.45002031326294,239.19637489318848,459.0714864730835,239.19637489318848,475.45002031326294,0.373744335770607,0.9563989301522573,0.373744335770607,0.9905208756526311,23.24195623397827,16.378533840179443,small_16_32
2026-08-12T15:19:15.614,248,unlabeled,6,0.218662291765213,132.40788626670837,199.92240452766418,171.32403779029846,240.0,264.81577253341675,399.84480905532837,342.6480755805969,480.0,303.73192405700684,439.9224045276642,303.73192405700684,480.0,0.4745811313390732,0.9165050094326337,0.4745811313390732,1.0,38.91615152359009,40.077595472335815,regular_ge32
2026-08-12T15:19:15.614,248,unlabeled,7,0.21299070119857788,280.42031836509705,201.85333836078644,302.9502136707306,232.80285823345184,560.8406367301941,403.7066767215729,605.9004273414612,465.6057164669037,583.3705320358276,434.6561965942383,583.3705320358276,465.6057164669037,0.9115164563059807,0.905533742904663,0.9115164563059807,0.9700119093060493,22.529895305633545,30.949519872665405,small_16_32
2026-08-12T15:19:15.709,249,unlabeled,1,0.28123316168785095,115.43787670135498,76.73403787612915,199.07438945770264,235.50835180282593,230.87575340270996,153.4680757522583,398.1487789154053,471.01670360565186,314.5122661590576,312.2423896789551,314.5122661590576,471.01670360565186,0.4914254158735275,0.6505049784978231,0.4914254158735275,0.9812847991784414,83.63651275634766,158.77431392669678,regular_ge32
2026-08-12T15:19:15.709,249,unlabeled,2,0.2549463212490082,210.77564132213593,222.59272056818008,228.8607074022293,240.0,421.55128264427185,445.18544113636017,457.7214148044586,480.0,439.63634872436523,462.5927205681801,439.63634872436523,480.0,0.6869317948818207,0.9637348345170419,0.6869317948818207,1.0,18.085066080093384,17.407279431819916,small_16_32
2026-08-12T15:19:15.709,249,unlabeled,3,0.24242530763149261,243.2874674797058,219.3324698805809,254.8445839881897,236.22989135980606,486.5749349594116,438.6649397611618,509.6891679763794,472.4597827196121,498.1320514678955,455.56236124038696,498.1320514678955,472.4597827196121,0.7783313304185867,0.9490882525841395,0.7783313304185867,0.984291213999192,11.557116508483887,16.89742147922516,small_16_32
2026-08-12T15:19:15.709,249,unlabeled,4,0.23032912611961365,192.02994918823242,221.2447628378868,211.90896606445312,240.0,384.05989837646484,442.4895256757736,423.81793212890625,480.0,403.93891525268555,461.2447628378868,403.93891525268555,480.0,0.6311545550823212,0.9609265892455975,0.6311545550823212,1.0,19.879016876220703,18.75523716211319,small_16_32
2026-08-12T15:19:15.709,249,unlabeled,5,0.22444185614585876,109.08097743988037,221.468425989151,130.91902256011963,237.84695982933044,218.16195487976074,442.936851978302,261.83804512023926,475.6939196586609,240.0,459.31538581848145,240.0,475.6939196586609,0.375,0.956907053788503,0.375,0.9910289992888769,21.838045120239258,16.378533840179443,small_16_32
2026-08-12T15:19:15.709,249,unlabeled,6,0.21299070119857788,281.00810527801514,202.4294548034668,302.17403411865234,232.48670387268066,562.0162105560303,404.8589096069336,604.3480682373047,464.9734077453613,583.1821393966675,434.91615867614746,583.1821393966675,464.9734077453613,0.9112220928072929,0.9060753305753072,0.9112220928072929,0.9686945994695028,21.165928840637207,30.057249069213867,small_16_32
2026-08-12T15:19:15.799,250,unlabeled,1,0.32359981536865234,122.75931215286255,84.10977709293365,185.67900037765503,239.24438345432281,245.5186243057251,168.2195541858673,371.35800075531006,478.48876690864563,308.4383125305176,323.35416054725647,308.4383125305176,478.48876690864563,0.4819348633289337,0.6736545011401176,0.4819348633289337,0.996851597726345,62.91968822479248,155.13460636138916,regular_ge32
2026-08-12T15:19:15.799,250,unlabeled,2,0.2613641023635864,210.97933757305145,222.99475914239883,229.06440365314484,240.0,421.9586751461029,445.98951828479767,458.1288073062897,480.0,440.0437412261963,462.99475914239883,440.0437412261963,480.0,0.6875683456659317,0.9645724148799976,0.6875683456659317,1.0,18.085066080093384,17.005240857601166,small_16_32
2026-08-12T15:19:15.799,250,unlabeled,3,0.2549463212490082,281.06229734420776,202.86754715442657,301.57537174224854,233.81706702709198,562.1245946884155,405.73509430885315,603.1507434844971,467.63413405418396,582.6376690864563,436.68461418151855,582.6376690864563,467.63413405418396,0.910371357947588,0.9097596128781636,0.910371357947588,0.9742377792795499,20.51307439804077,30.949519872665405,small_16_32
2026-08-12T15:19:15.799,250,unlabeled,4,0.24863308668136597,244.67282605171204,219.40180277824402,254.50171542167664,235.78033661842346,489.3456521034241,438.80360555648804,509.00343084335327,471.5606732368469,499.1745414733887,455.1821393966675,499.1745414733887,471.5606732368469,0.7799602210521698,0.9482961237430573,0.7799602210521698,0.9824180692434311,9.8288893699646,16.378533840179443,small_16_32
2026-08-12T15:19:15.799,250,unlabeled,5,0.22444185614585876,108.68133306503296,221.72046959400177,132.65604257583618,237.59491622447968,217.36266613006592,443.44093918800354,265.31208515167236,475.18983244895935,241.33737564086914,459.31538581848145,241.33737564086914,475.18983244895935,0.37708964943885803,0.956907053788503,0.37708964943885803,0.9899788176019987,23.974709510803223,15.874446630477905,tiny_lt16
2026-08-12T15:19:15.799,250,unlabeled,6,0.21299070119857788,192.46320509910583,223.8939898610115,211.72650361061096,240.0,384.92641019821167,447.787979722023,423.4530072212219,480.0,404.1897087097168,463.8939898610115,404.1897087097168,480.0,0.6315464198589325,0.9664458122104407,0.6315464198589325,1.0,19.263298511505127,16.106010138988495,small_16_32
2026-08-12T15:19:15.799,250,unlabeled,7,0.2019716501235962,256.2113721370697,206.23954558372498,275.47467064857483,234.57831406593323,512.4227442741394,412.47909116744995,550.9493412971497,469.15662813186646,531.6860427856445,440.8178596496582,531.6860427856445,469.15662813186646,0.8307594418525696,0.9183705409367879,0.8307594418525696,0.9774096419413885,19.263298511505127,28.338768482208252,small_16_32
2026-08-12T15:19:15.888,251,unlabeled,1,0.4916226267814636,122.33524465560913,83.35219502449036,180.3273787498474,240.0,244.67048931121826,166.7043900489807,360.6547574996948,480.0,302.66262340545654,323.35219502449036,302.66262340545654,480.0,0.47291034907102586,0.6736504063010216,0.47291034907102586,1.0,57.99213409423828,156.64780497550964,regular_ge32
2026-08-12T15:19:15.888,251,unlabeled,2,0.24863308668136597,212.54950630664825,223.95310181379318,227.49423491954803,240.0,425.0990126132965,447.90620362758636,454.98846983909607,480.0,440.0437412261963,463.9531018137932,440.0437412261963,480.0,0.6875683456659317,0.9665689621120691,0.6875683456659317,1.0,14.94472861289978,16.046898186206818,small_16_32
2026-08-12T15:19:15.888,251,unlabeled,3,0.23032912611961365,280.7662434577942,202.41018044948578,302.60428857803345,234.27443373203278,561.5324869155884,404.82036089897156,605.2085771560669,468.54886746406555,583.3705320358276,436.68461418151855,583.3705320358276,468.54886746406555,0.9115164563059807,0.9097596128781636,0.9115164563059807,0.9761434738834699,21.838045120239258,31.864253282546997,small_16_32
2026-08-12T15:19:15.888,251,unlabeled,4,0.22444185614585876,194.12023735046387,223.67817175388336,210.5643768310547,240.0,388.24047470092773,447.3563435077667,421.1287536621094,480.0,404.68461418151855,463.67817175388336,404.68461418151855,480.0,0.6323197096586227,0.9659961911539237,0.6323197096586227,1.0,16.44413948059082,16.321828246116638,small_16_32
2026-08-12T15:19:15.888,251,unlabeled,5,0.218662291765213,108.51305985450745,221.5985199213028,131.75501608848572,237.4729665517807,217.0261197090149,443.1970398426056,263.51003217697144,474.9459331035614,240.26807594299316,459.0714864730835,240.26807594299316,474.9459331035614,0.37541886866092683,0.9563989301522573,0.37541886866092683,0.9894706939657529,23.24195623397827,15.874446630477905,tiny_lt16
2026-08-12T15:19:15.888,251,unlabeled,6,0.218662291765213,245.21216416358948,219.59191370010376,254.72675108909607,235.9704475402832,490.42432832717896,439.1838274002075,509.45350217819214,471.9408950805664,499.93891525268555,455.56236124038696,499.93891525268555,471.9408950805664,0.7811545550823211,0.9490882525841395,0.7811545550823211,0.9832101980845134,9.514586925506592,16.378533840179443,small_16_32
2026-08-12T15:19:15.973,252,unlabeled,1,0.5417929887771606,120.10493326187134,82.99645829200745,179.70535802841187,240.0,240.20986652374268,165.9929165840149,359.41071605682373,480.0,299.8102912902832,322.99645829200745,299.8102912902832,480.0,0.4684535801410675,0.6729092881083488,0.4684535801410675,1.0,59.60042476654053,157.00354170799255,regular_ge32
2026-08-12T15:19:15.973,252,unlabeled,2,0.2549463212490082,280.563019990921,201.8182671070099,301.7289488315582,234.6200454235077,561.126039981842,403.6365342140198,603.4578976631165,469.2400908470154,582.2919688224792,436.4383125305176,582.2919688224792,469.2400908470154,0.9098312012851238,0.9092464844385783,0.9098312012851238,0.9775835225979487,21.165928840637207,32.8017783164978,regular_ge32
2026-08-12T15:19:15.973,252,unlabeled,3,0.2363237887620926,194.49967539310455,222.8754459619522,210.42883908748627,240.0,388.9993507862091,445.7508919239044,420.85767817497253,480.0,404.9285144805908,462.8754459619522,404.9285144805908,480.0,0.6327008038759232,0.9643238457540672,0.6327008038759232,1.0,15.929163694381714,17.12455403804779,small_16_32
2026-08-12T15:19:15.973,252,unlabeled,4,0.2363237887620926,212.20611214637756,224.0858697295189,227.6356065273285,240.0,424.4122242927551,448.1717394590378,455.271213054657,480.0,439.84171867370605,464.0858697295189,439.84171867370605,480.0,0.6872526854276657,0.9668455619364977,0.6872526854276657,1.0,15.429494380950928,15.91413027048111,tiny_lt16
2026-08-12T15:19:15.973,252,unlabeled,5,0.23032912611961365,245.22029721736908,219.14235895872116,255.70821726322174,236.03978043794632,490.44059443473816,438.2847179174423,511.4164345264435,472.07956087589264,500.9285144805908,455.1821393966675,500.9285144805908,472.07956087589264,0.7827008038759231,0.9482961237430573,0.7827008038759231,0.9834990851581097,10.487920045852661,16.89742147922516,small_16_32
2026-08-12T15:19:16.062,253,unlabeled,1,0.5,119.409095287323,83.06524181365967,180.65199041366577,240.0,238.818190574646,166.13048362731934,361.30398082733154,480.0,300.06108570098877,323.06524181365967,300.06108570098877,480.0,0.46884544640779496,0.673052587111791,0.46884544640779496,1.0,61.24289512634277,156.93475818634033,regular_ge32
2026-08-12T15:19:16.062,253,unlabeled,2,0.28123316168785095,280.80560755729675,202.89027631282806,301.3186819553375,234.75452959537506,561.6112151145935,405.7805526256561,602.637363910675,469.5090591907501,582.1242895126343,437.6448059082031,582.1242895126343,469.5090591907501,0.909569202363491,0.9117600123087565,0.909569202363491,0.9781438733140627,20.51307439804077,31.864253282546997,small_16_32
2026-08-12T15:19:16.062,253,unlabeled,3,0.2363237887620926,194.49709331989288,223.55128926038742,209.44182193279266,240.0,388.99418663978577,447.10257852077484,418.8836438655853,480.0,403.93891525268555,463.5512892603874,403.93891525268555,480.0,0.6311545550823212,0.9657318526258071,0.6311545550823212,1.0,14.94472861289978,16.44871073961258,small_16_32
2026-08-12T15:19:16.062,253,unlabeled,4,0.22444185614585876,212.10342717170715,224.48536270856857,227.53292155265808,240.0,424.2068543434143,448.97072541713715,455.06584310531616,480.0,439.63634872436523,464.4853627085686,439.63634872436523,480.0,0.6869317948818207,0.9676778389761845,0.6869317948818207,1.0,15.429494380950928,15.514637291431427,tiny_lt16
2026-08-12T15:19:16.062,253,unlabeled,5,0.218662291765213,245.21216416358948,219.4959990978241,254.72675108909607,235.87453293800354,490.42432832717896,438.9919981956482,509.45350217819214,471.7490658760071,499.93891525268555,455.37053203582764,499.93891525268555,471.7490658760071,0.7811545550823211,0.9486886084079742,0.7811545550823211,0.982810553908348,9.514586925506592,16.378533840179443,small_16_32
2026-08-12T15:19:16.148,254,unlabeled,1,0.5,123.00393295288086,84.55698037147522,180.99606704711914,239.69158673286438,246.00786590576172,169.11396074295044,361.9921340942383,479.38317346572876,304.0,324.2485671043396,304.0,479.38317346572876,0.475,0.6755178481340408,0.475,0.9987149447202682,57.99213409423828,155.13460636138916,regular_ge32
2026-08-12T15:19:16.148,254,unlabeled,2,0.2363237887620926,212.78463530540466,225.00812363624573,227.25910592079163,240.0,425.5692706108093,450.01624727249146,454.51821184158325,480.0,440.0437412261963,465.0081236362457,440.0437412261963,480.0,0.6875683456659317,0.9687669242421786,0.6875683456659317,1.0,14.474470615386963,14.991876363754272,tiny_lt16
2026-08-12T15:19:16.148,254,unlabeled,3,0.218662291765213,244.67282605171204,219.40180277824402,254.50171542167664,235.78033661842346,489.3456521034241,438.80360555648804,509.00343084335327,471.5606732368469,499.1745414733887,455.1821393966675,499.1745414733887,471.5606732368469,0.7799602210521698,0.9482961237430573,0.7799602210521698,0.9824180692434311,9.8288893699646,16.378533840179443,small_16_32
2026-08-12T15:19:16.148,254,unlabeled,4,0.21299070119857788,280.0609986782074,202.2408457994461,301.89904379844666,233.1903656721115,560.1219973564148,404.4816915988922,603.7980875968933,466.380731344223,581.960042476654,435.4312114715576,581.960042476654,466.380731344223,0.909312566369772,0.9071483572324117,0.909312566369772,0.971626523633798,21.838045120239258,30.949519872665405,small_16_32
2026-08-12T15:19:16.148,254,unlabeled,5,0.21299070119857788,194.2547104358673,224.8643800020218,209.68420481681824,240.0,388.5094208717346,449.7287600040436,419.3684096336365,480.0,403.93891525268555,464.8643800020218,403.93891525268555,480.0,0.6311545550823212,0.9684674583375454,0.6311545550823212,1.0,15.429494380950928,15.13561999797821,tiny_lt16
2026-08-12T15:19:16.230,255,unlabeled,1,0.5167500376701355,126.148606300354,85.8791275024414,181.02593517303467,239.16647148132324,252.297212600708,171.7582550048828,362.05187034606934,478.3329429626465,307.1745414733887,325.04559898376465,307.1745414733887,478.3329429626465,0.4799602210521698,0.6771783312161763,0.4799602210521698,0.9965269645055135,54.877328872680664,153.28734397888184,regular_ge32
2026-08-12T15:19:16.230,255,unlabeled,2,0.26788532733917236,245.70696377754211,219.14235895872116,255.2215507030487,236.03978043794632,491.41392755508423,438.2847179174423,510.4431014060974,472.07956087589264,500.9285144805908,455.1821393966675,500.9285144805908,472.07956087589264,0.7827008038759231,0.9482961237430573,0.7827008038759231,0.9834990851581097,9.514586925506592,16.89742147922516,small_16_32
2026-08-12T15:19:16.230,255,unlabeled,3,0.2613641023635864,281.599897146225,202.9894973039627,300.8631956577301,233.9390171766281,563.19979429245,405.9789946079254,601.7263913154602,467.8780343532562,582.4630928039551,436.9285144805908,582.4630928039551,467.8780343532562,0.9100985825061798,0.9102677385012309,0.9100985825061798,0.9747459049026171,19.263298511505127,30.949519872665405,small_16_32
2026-08-12T15:19:16.230,255,unlabeled,4,0.24863308668136597,212.10342717170715,224.61731499433517,227.53292155265808,240.0,424.2068543434143,449.23462998867035,455.06584310531616,480.0,439.63634872436523,464.6173149943352,439.63634872436523,480.0,0.6869317948818207,0.9679527395715316,0.6869317948818207,1.0,15.429494380950928,15.382685005664825,tiny_lt16
2026-08-12T15:19:16.230,255,unlabeled,5,0.21299070119857788,193.85488939285278,223.41725128889084,210.82972478866577,240.0,387.70977878570557,446.8345025777817,421.65944957733154,480.0,404.68461418151855,463.41725128889084,404.68461418151855,480.0,0.6323197096586227,0.965452606851856,0.6323197096586227,1.0,16.97483539581299,16.58274871110916,small_16_32
2026-08-12T15:19:16.230,255,unlabeled,6,0.21299070119857788,254.72917938232422,218.41403990983963,274.6081962585449,237.54221886396408,509.45835876464844,436.82807981967926,549.2163925170898,475.08443772792816,529.3373756408691,455.9562587738037,529.3373756408691,475.08443772792816,0.827089649438858,0.9499088724454244,0.827089649438858,0.989759245266517,19.879016876220703,19.12817895412445,small_16_32
2026-08-12T15:19:16.311,256,unlabeled,1,0.4832499325275421,127.18217039108276,87.10948443412781,183.60001230239868,238.53229975700378,254.36434078216553,174.21896886825562,367.20002460479736,477.06459951400757,310.78218269348145,325.6417841911316,310.78218269348145,477.06459951400757,0.48559716045856477,0.6784203837315241,0.48559716045856477,0.9938845823208491,56.41784191131592,151.42281532287598,regular_ge32
2026-08-12T15:19:16.311,256,unlabeled,2,0.2613641023635864,211.74925291538239,224.4816569685936,227.6784166097641,240.0,423.49850583076477,448.9633139371872,455.3568332195282,480.0,439.4276695251465,464.4816569685936,439.4276695251465,480.0,0.6866057336330413,0.96767011868457,0.6866057336330413,1.0,15.929163694381714,15.518343031406403,tiny_lt16
2026-08-12T15:19:16.311,256,unlabeled,3,0.2549463212490082,244.85089433193207,218.96953243017197,255.33881437778473,236.40099960565567,489.70178866386414,437.93906486034393,510.67762875556946,472.80199921131134,500.1897087097168,455.37053203582764,500.1897087097168,472.80199921131134,0.7815464198589325,0.9486886084079742,0.7815464198589325,0.9850041650235652,10.487920045852661,17.431467175483704,small_16_32
2026-08-12T15:19:16.311,256,unlabeled,4,0.23032912611961365,281.00810527801514,202.86754715442657,302.17403411865234,233.81706702709198,562.0162105560303,405.73509430885315,604.3480682373047,467.63413405418396,583.1821393966675,436.68461418151855,583.1821393966675,467.63413405418396,0.9112220928072929,0.9097596128781636,0.9112220928072929,0.9742377792795499,21.165928840637207,30.949519872665405,small_16_32
2026-08-12T15:19:16.311,256,unlabeled,5,0.23032912611961365,194.0975365638733,223.54488337039948,211.07237195968628,240.0,388.1950731277466,447.08976674079895,422.14474391937256,480.0,405.16990852355957,463.5448833703995,405.16990852355957,480.0,0.6330779820680619,0.9657185070216656,0.6330779820680619,1.0,16.97483539581299,16.455116629600525,small_16_32
2026-08-12T15:19:16.311,256,unlabeled,6,0.2019716501235962,252.37902188301086,217.70790499448776,275.62097811698914,238.04970484972,504.75804376602173,435.4158099889755,551.2419562339783,476.09940969944,528.0,455.75760984420776,528.0,476.09940969944,0.825,0.9494950205087662,0.825,0.9918737702071667,23.24195623397827,20.34179985523224,small_16_32
2026-08-12T15:19:16.406,257,unlabeled,1,0.34598395228385925,126.60871744155884,88.54790234565735,186.20914220809937,238.08976674079895,253.21743488311768,177.0958046913147,372.41828441619873,476.1795334815979,312.8178596496582,326.6376690864563,312.8178596496582,476.1795334815979,0.48877790570259094,0.6804951439301173,0.48877790570259094,0.992040694753329,59.60042476654053,149.5418643951416,regular_ge32
2026-08-12T15:19:16.406,257,unlabeled,2,0.2613641023635864,211.22641706466675,223.94355738162994,228.20125246047974,240.0,422.4528341293335,447.8871147632599,456.4025049209595,480.0,439.4276695251465,463.94355738162994,439.4276695251465,480.0,0.6866057336330413,0.9665490778783957,0.6866057336330413,1.0,16.97483539581299,16.056442618370056,small_16_32
2026-08-12T15:19:16.406,257,unlabeled,3,0.2363237887620926,245.4898355603218,219.3093297481537,254.699873149395,235.68786358833313,490.9796711206436,438.6186594963074,509.39974629879,471.37572717666626,500.1897087097168,454.9971933364868,500.1897087097168,471.37572717666626,0.7815464198589325,0.9479108194510142,0.7815464198589325,0.982032764951388,9.210037589073181,16.378533840179443,small_16_32
2026-08-12T15:19:16.406,257,unlabeled,4,0.22444185614585876,192.7106578350067,222.3018725514412,211.97395634651184,240.0,385.4213156700134,444.6037451028824,423.9479126930237,480.0,404.68461418151855,462.3018725514412,404.68461418151855,480.0,0.6323197096586227,0.9631289011488359,0.6323197096586227,1.0,19.263298511505127,17.698127448558807,small_16_32
2026-08-12T15:19:16.406,257,unlabeled,5,0.21299070119857788,280.80560755729675,202.5586462020874,301.3186819553375,232.61589527130127,561.6112151145935,405.1172924041748,602.637363910675,465.23179054260254,582.1242895126343,435.1745414733887,582.1242895126343,465.23179054260254,0.909569202363491,0.9066136280695597,0.909569202363491,0.9692328969637553,20.51307439804077,30.057249069213867,small_16_32
2026-08-12T15:19:16.406,257,unlabeled,6,0.20742715895175934,253.6586790084839,218.21709114313126,273.5376958847046,237.3452700972557,507.3173580169678,436.4341822862625,547.0753917694092,474.6905401945114,527.1963748931885,455.56236124038696,527.1963748931885,474.6905401945114,0.823744335770607,0.9490882525841395,0.823744335770607,0.9889386254052321,19.879016876220703,19.12817895412445,small_16_32
2026-08-12T15:19:16.493,258,unlabeled,1,0.400795578956604,129.78726243972778,88.78832292556763,186.2051043510437,240.0,259.57452487945557,177.57664585113525,372.4102087020874,480.0,315.9923667907715,328.7883229255676,315.9923667907715,480.0,0.49373807311058043,0.6849756727615992,0.49373807311058043,1.0,56.41784191131592,151.21167707443237,regular_ge32
2026-08-12T15:19:16.493,258,unlabeled,2,0.26788532733917236,211.12044095993042,223.81108725070953,228.0952763557434,240.0,422.24088191986084,447.62217450141907,456.1905527114868,480.0,439.2157173156738,463.81108725070953,439.2157173156738,480.0,0.6862745583057404,0.9662730984389782,0.6862745583057404,1.0,16.97483539581299,16.188912749290466,small_16_32
2026-08-12T15:19:16.493,258,unlabeled,3,0.24242530763149261,244.8928406238556,219.23655527830124,255.04607462882996,236.1339767575264,489.7856812477112,438.4731105566025,510.0921492576599,472.2679535150528,499.93891525268555,455.37053203582764,499.93891525268555,472.2679535150528,0.7811545550823211,0.9486886084079742,0.7811545550823211,0.9838915698230266,10.153234004974365,16.89742147922516,small_16_32
2026-08-12T15:19:16.493,258,unlabeled,4,0.23032912611961365,193.37162005901337,222.034097969532,212.03708279132843,240.0,386.74324011802673,444.068195939064,424.07416558265686,480.0,405.4087028503418,462.034097969532,405.4087028503418,480.0,0.6334510982036591,0.9625710374365251,0.6334510982036591,1.0,18.665462732315063,17.965902030467987,small_16_32
2026-08-12T15:19:16.493,258,unlabeled,5,0.22444185614585876,281.06229734420776,202.11251080036163,301.57537174224854,233.06203067302704,562.1245946884155,404.22502160072327,603.1507434844971,466.1240613460541,582.6376690864563,435.1745414733887,582.6376690864563,466.1240613460541,0.910371357947588,0.9066136280695597,0.910371357947588,0.971091794470946,20.51307439804077,30.949519872665405,small_16_32
2026-08-12T15:19:16.493,258,unlabeled,6,0.20742715895175934,112.49476361274719,222.68140870332718,126.96923422813416,237.12888258695602,224.98952722549438,445.36281740665436,253.9384684562683,474.25776517391205,239.46399784088135,459.8102912902832,239.46399784088135,474.25776517391205,0.37416249662637713,0.9579381068547567,0.37416249662637713,0.9880370107789834,14.474470615386963,14.447473883628845,tiny_lt16
2026-08-12T15:19:16.493,258,unlabeled,7,0.2019716501235962,169.93929648399353,216.63447427749634,189.81831336021423,238.92788696289062,339.87859296798706,433.2689485549927,379.63662672042847,477.85577392578125,359.75760984420776,455.56236124038696,359.75760984420776,477.85577392578125,0.5621212653815746,0.9490882525841395,0.5621212653815746,0.9955328623453776,19.879016876220703,22.293412685394287,small_16_32
2026-08-12T15:19:16.584,259,unlabeled,1,0.4169939160346985,136.17594265937805,87.53815364837646,188.07262444496155,240.0,272.3518853187561,175.07630729675293,376.1452488899231,480.0,324.2485671043396,327.53815364837646,324.2485671043396,480.0,0.5066383861005306,0.6823711534341176,0.5066383861005306,1.0,51.896681785583496,152.46184635162354,regular_ge32
2026-08-12T15:19:16.584,259,unlabeled,2,0.2549463212490082,209.24373173713684,223.12857109308243,229.7568061351776,240.0,418.4874634742737,446.25714218616486,459.5136122703552,480.0,439.00053787231445,463.1285710930824,439.00053787231445,480.0,0.6859383404254913,0.964851189777255,0.6859383404254913,1.0,20.51307439804077,16.871428906917572,small_16_32
2026-08-12T15:19:16.584,259,unlabeled,3,0.24242530763149261,193.37162005901337,222.59272056818008,212.03708279132843,240.0,386.74324011802673,445.18544113636017,424.07416558265686,480.0,405.4087028503418,462.5927205681801,405.4087028503418,480.0,0.6334510982036591,0.9637348345170419,0.6334510982036591,1.0,18.665462732315063,17.407279431819916,small_16_32
2026-08-12T15:19:16.584,259,unlabeled,4,0.22444185614585876,280.9156322479248,202.81439685821533,302.081561088562,232.8716459274292,561.8312644958496,405.62879371643066,604.163122177124,465.7432918548584,582.9971933364868,435.68604278564453,582.9971933364868,465.7432918548584,0.9109331145882607,0.9076792558034261,0.9109331145882607,0.9702985246976217,21.165928840637207,30.057249069213867,small_16_32
2026-08-12T15:19:16.584,259,unlabeled,5,0.21299070119857788,112.72283363342285,223.24864307045937,126.7411642074585,236.8124426305294,225.4456672668457,446.49728614091873,253.482328414917,473.6248852610588,239.46399784088135,460.06108570098877,239.46399784088135,473.6248852610588,0.37416249662637713,0.9584605952103933,0.37416249662637713,0.9867185109605392,14.018330574035645,13.563799560070038,tiny_lt16
2026-08-12T15:19:16.584,259,unlabeled,6,0.2019716501235962,170.64273297786713,216.73209857940674,188.7277990579605,239.02551126480103,341.28546595573425,433.4641971588135,377.455598115921,478.05102252960205,359.37053203582764,455.75760984420776,359.37053203582764,478.05102252960205,0.5615164563059807,0.9494950205087662,0.5615164563059807,0.9959396302700043,18.085066080093384,22.293412685394287,small_16_32
2026-08-12T15:19:16.584,259,unlabeled,7,0.2019716501235962,244.80252993106842,218.78286308050156,255.63578259944916,236.21433025598526,489.60505986213684,437.5657261610031,511.2715651988983,472.4286605119705,500.4383125305176,454.9971933364868,500.4383125305176,472.4286605119705,0.7819348633289337,0.9479108194510142,0.7819348633289337,0.9842263760666052,10.833252668380737,17.431467175483704,small_16_32
2026-08-12T15:19:16.675,260,unlabeled,1,0.40887001156806946,133.46815931797028,86.12698030471802,189.8860012292862,240.0,266.93631863594055,172.25396060943604,379.7720024585724,480.0,323.35416054725647,326.126980304718,323.35416054725647,480.0,0.5052408758550883,0.6794312089681626,0.5052408758550883,1.0,56.41784191131592,153.87301969528198,regular_ge32
2026-08-12T15:19:16.675,260,unlabeled,2,0.2613641023635864,209.86861968040466,223.12857109308243,229.1319181919098,240.0,419.7372393608093,446.25714218616486,458.2638363838196,480.0,439.00053787231445,463.1285710930824,439.00053787231445,480.0,0.6859383404254913,0.964851189777255,0.6859383404254913,1.0,19.263298511505127,16.871428906917572,small_16_32
2026-08-12T15:19:16.675,260,unlabeled,3,0.218662291765213,192.83260798454285,222.86079651117325,212.09590649604797,240.0,385.6652159690857,445.7215930223465,424.19181299209595,480.0,404.9285144805908,462.86079651117325,404.9285144805908,480.0,0.6327008038759232,0.9642933260649442,0.6327008038759232,1.0,19.263298511505127,17.13920348882675,small_16_32
2026-08-12T15:19:16.675,260,unlabeled,4,0.218662291765213,244.29897940158844,219.4959990978241,255.13223206996918,235.87453293800354,488.5979588031769,438.9919981956482,510.26446413993835,471.7490658760071,499.4312114715576,455.37053203582764,499.4312114715576,471.7490658760071,0.7803612679243088,0.9486886084079742,0.7803612679243088,0.982810553908348,10.833252668380737,16.378533840179443,small_16_32
2026-08-12T15:19:16.675,260,unlabeled,5,0.20742715895175934,280.82488679885864,202.4294548034668,301.99081563949585,232.48670387268066,561.6497735977173,404.8589096069336,603.9816312789917,464.9734077453613,582.8157024383545,434.91615867614746,582.8157024383545,464.9734077453613,0.9106495350599288,0.9060753305753072,0.9106495350599288,0.9686945994695028,21.165928840637207,30.057249069213867,small_16_32
2026-08-12T15:19:16.763,261,unlabeled,1,0.4169939160346985,134.0933644771576,86.6145224571228,188.97069334983826,240.0,268.1867289543152,173.2290449142456,377.9413866996765,480.0,323.06405782699585,326.6145224571228,323.06405782699585,480.0,0.504787590354681,0.6804469217856725,0.504787590354681,1.0,54.877328872680664,153.3854775428772,regular_ge32
2026-08-12T15:19:16.763,261,unlabeled,2,0.26788532733917236,209.66835021972656,223.12857109308243,229.54736709594727,240.0,419.3367004394531,446.25714218616486,459.09473419189453,480.0,439.2157173156738,463.1285710930824,439.2157173156738,480.0,0.6862745583057404,0.964851189777255,0.6862745583057404,1.0,19.879016876220703,16.871428906917572,small_16_32
2026-08-12T15:19:16.763,261,unlabeled,3,0.2613641023635864,244.0841382741928,218.95914047956467,254.57205832004547,235.85656195878983,488.1682765483856,437.91828095912933,509.14411664009094,471.71312391757965,498.6561965942383,454.8157024383545,498.6561965942383,471.71312391757965,0.7791503071784973,0.9475327134132385,0.7791503071784973,0.9827356748282909,10.487920045852661,16.89742147922516,small_16_32
2026-08-12T15:19:16.763,261,unlabeled,4,0.23032912611961365,281.06229734420776,202.68698120117188,301.57537174224854,232.74423027038574,562.1245946884155,405.37396240234375,603.1507434844971,465.4884605407715,582.6376690864563,435.4312114715576,582.6376690864563,465.4884605407715,0.910371357947588,0.9071483572324117,0.910371357947588,0.9697676261266073,20.51307439804077,30.057249069213867,small_16_32
2026-08-12T15:19:16.763,261,unlabeled,5,0.21299070119857788,192.4478142261505,221.76722222566605,212.96088862419128,240.0,384.895628452301,443.5344444513321,425.92177724838257,480.0,405.4087028503418,461.76722222566605,405.4087028503418,480.0,0.6334510982036591,0.9620150463034709,0.6334510982036591,1.0,20.51307439804077,18.232777774333954,small_16_32
2026-08-12T15:19:16.763,261,unlabeled,6,0.20742715895175934,255.07156109809875,206.23954558372498,275.5846354961395,234.57831406593323,510.1431221961975,412.47909116744995,551.169270992279,469.15662813186646,530.6561965942383,440.8178596496582,530.6561965942383,469.15662813186646,0.8291503071784974,0.9183705409367879,0.8291503071784974,0.9774096419413885,20.51307439804077,28.338768482208252,small_16_32
2026-08-12T15:19:16.852,262,unlabeled,1,0.39277467131614685,128.57235765457153,88.30202293395996,188.17278242111206,240.0,257.14471530914307,176.60404586791992,376.3455648422241,480.0,316.7451400756836,328.30202293395996,316.7451400756836,480.0,0.4949142813682556,0.6839625477790833,0.4949142813682556,1.0,59.60042476654053,151.69797706604004,regular_ge32
2026-08-12T15:19:16.852,262,unlabeled,2,0.2613641023635864,209.66835021972656,223.67817175388336,229.54736709594727,240.0,419.3367004394531,447.3563435077667,459.09473419189453,480.0,439.2157173156738,463.67817175388336,439.2157173156738,480.0,0.6862745583057404,0.9659961911539237,0.6862745583057404,1.0,19.879016876220703,16.321828246116638,small_16_32
2026-08-12T15:19:16.852,262,unlabeled,3,0.23032912611961365,244.85089433193207,219.84395730495453,255.33881437778473,235.71840393543243,489.70178866386414,439.68791460990906,510.67762875556946,471.43680787086487,500.1897087097168,455.56236124038696,500.1897087097168,471.43680787086487,0.7815464198589325,0.9490882525841395,0.7815464198589325,0.9821600163976352,10.487920045852661,15.874446630477905,tiny_lt16
2026-08-12T15:19:16.852,262,unlabeled,4,0.22444185614585876,280.3970568180084,202.68698120117188,301.56298565864563,232.74423027038574,560.7941136360168,405.37396240234375,603.1259713172913,465.4884605407715,581.960042476654,435.4312114715576,581.960042476654,465.4884605407715,0.909312566369772,0.9071483572324117,0.909312566369772,0.9697676261266073,21.165928840637207,30.057249069213867,small_16_32
2026-08-12T15:19:16.852,262,unlabeled,5,0.218662291765213,192.27964782714844,222.07541048526764,212.15866470336914,240.0,384.5592956542969,444.1508209705353,424.3173294067383,480.0,404.4383125305176,462.07541048526764,404.4383125305176,480.0,0.6319348633289337,0.9626571051776409,0.6319348633289337,1.0,19.879016876220703,17.92458951473236,small_16_32
2026-08-12T15:19:16.933,263,unlabeled,1,0.4832499325275421,127.8833556175232,91.90097045898438,187.48378038406372,240.0,255.7667112350464,183.80194091796875,374.96756076812744,480.0,315.3671360015869,331.9009704589844,315.3671360015869,480.0,0.49276115000247955,0.6914603551228841,0.49276115000247955,1.0,59.60042476654053,148.09902954101562,regular_ge32
2026-08-12T15:19:16.933,263,unlabeled,2,0.2549463212490082,208.91730451583862,222.83772307634354,230.08323335647583,240.0,417.83460903167725,445.6754461526871,460.16646671295166,480.0,439.00053787231445,462.83772307634354,439.00053787231445,480.0,0.6859383404254913,0.964245256409049,0.6859383404254913,1.0,21.165928840637207,17.162276923656464,small_16_32
2026-08-12T15:19:16.933,263,unlabeled,3,0.24863308668136597,244.343310713768,219.04988592863083,254.83123075962067,235.947307407856,488.686621427536,438.09977185726166,509.66246151924133,471.894614815712,499.1745414733887,454.9971933364868,499.1745414733887,471.894614815712,0.7799602210521698,0.9479108194510142,0.7799602210521698,0.9831137808660666,10.487920045852661,16.89742147922516,small_16_32
2026-08-12T15:19:16.933,263,unlabeled,4,0.23032912611961365,281.15131402015686,202.94083309173584,301.66438841819763,232.9980821609497,562.3026280403137,405.8816661834717,603.3287768363953,465.9961643218994,582.8157024383545,435.93891525268555,582.8157024383545,465.9961643218994,0.9106495350599288,0.9082060734430949,0.9106495350599288,0.9708253423372905,20.51307439804077,30.057249069213867,small_16_32
2026-08-12T15:19:16.933,263,unlabeled,5,0.21299070119857788,191.26005697250366,221.92515474557877,212.42598581314087,240.0,382.5201139450073,443.85030949115753,424.85197162628174,480.0,403.68604278564453,461.92515474557877,403.68604278564453,480.0,0.6307594418525696,0.9623440723866225,0.6307594418525696,1.0,21.165928840637207,18.074845254421234,small_16_32
2026-08-12T15:19:17.012,264,unlabeled,1,0.5334624648094177,127.81294965744019,90.67707014083862,184.2307915687561,238.3223910331726,255.62589931488037,181.35414028167725,368.4615831375122,476.6447820663452,312.0437412261963,328.99946117401123,312.0437412261963,476.6447820663452,0.4875683456659317,0.6854155441125234,0.4875683456659317,0.9930099626382192,56.41784191131592,147.64532089233398,regular_ge32
2026-08-12T15:19:17.012,264,unlabeled,2,0.24863308668136597,208.4720687866211,222.70391112565994,230.31011390686035,240.0,416.9441375732422,445.4078222513199,460.6202278137207,480.0,438.78218269348145,462.70391112565994,438.78218269348145,480.0,0.6855971604585648,0.9639664815117915,0.6855971604585648,1.0,21.838045120239258,17.296088874340057,small_16_32
2026-08-12T15:19:17.012,264,unlabeled,3,0.23032912611961365,244.17064440250397,218.78286308050156,255.0038970708847,236.21433025598526,488.34128880500793,437.5657261610031,510.0077941417694,472.4286605119705,499.1745414733887,454.9971933364868,499.1745414733887,472.4286605119705,0.7799602210521698,0.9479108194510142,0.7799602210521698,0.9842263760666052,10.833252668380737,17.431467175483704,small_16_32
2026-08-12T15:19:17.012,264,unlabeled,4,0.20742715895175934,280.1429035663605,202.4294548034668,302.672798871994,232.48670387268066,560.285807132721,404.8589096069336,605.345597743988,464.9734077453613,582.8157024383545,434.91615867614746,582.8157024383545,464.9734077453613,0.9106495350599288,0.9060753305753072,0.9106495350599288,0.9686945994695028,22.529895305633545,30.057249069213867,small_16_32
2026-08-12T15:19:17.012,264,unlabeled,5,0.20742715895175934,190.704509973526,221.13948780298233,213.23440527915955,239.685970723629,381.409019947052,442.27897560596466,426.4688105583191,479.371941447258,403.93891525268555,460.8254585266113,403.93891525268555,479.371941447258,0.6311545550823212,0.9600530385971069,0.6311545550823212,0.9986915446817874,22.529895305633545,18.546482920646667,small_16_32
2026-08-12T15:19:17.103,265,unlabeled,1,0.5830061435699463,127.89468050003052,90.52471685409546,179.791362285614,240.0,255.78936100006104,181.04943370819092,359.582724571228,480.0,307.68604278564453,330.52471685409546,307.68604278564453,480.0,0.4807594418525696,0.6885931601126989,0.4807594418525696,1.0,51.896681785583496,149.47528314590454,regular_ge32
2026-08-12T15:19:17.103,265,unlabeled,2,0.22444185614585876,280.6430695056915,202.81439685821533,301.1561439037323,232.8716459274292,561.286139011383,405.62879371643066,602.3122878074646,465.7432918548584,581.7992134094238,435.68604278564453,581.7992134094238,465.7432918548584,0.9090612709522248,0.9076792558034261,0.9090612709522248,0.9702985246976217,20.51307439804077,30.057249069213867,small_16_32
2026-08-12T15:19:17.103,265,unlabeled,3,0.21299070119857788,208.58511304855347,223.41830438375473,229.75104188919067,240.0,417.17022609710693,446.83660876750946,459.50208377838135,480.0,438.33615493774414,463.41830438375473,438.33615493774414,480.0,0.6849002420902253,0.965454800799489,0.6849002420902253,1.0,21.165928840637207,16.58169561624527,small_16_32
2026-08-12T15:19:17.190,266,unlabeled,1,0.558379590511322,126.8073239326477,89.34952449798584,175.85529947280884,240.0,253.6146478652954,178.69904899597168,351.7105989456177,480.0,302.66262340545654,329.34952449798584,302.66262340545654,480.0,0.47291034907102586,0.6861448427041371,0.47291034907102586,1.0,49.04797554016113,150.65047550201416,regular_ge32
2026-08-12T15:19:17.190,266,unlabeled,2,0.24863308668136597,280.563019990921,202.86754715442657,301.7289488315582,233.81706702709198,561.126039981842,405.73509430885315,603.4578976631165,467.63413405418396,582.2919688224792,436.68461418151855,582.2919688224792,467.63413405418396,0.9098312012851238,0.9097596128781636,0.9098312012851238,0.9742377792795499,21.165928840637207,30.949519872665405,small_16_32
2026-08-12T15:19:17.190,266,unlabeled,3,0.23032912611961365,245.1804096698761,219.23655527830124,255.0092990398407,236.1339767575264,490.3608193397522,438.4731105566025,510.0185980796814,472.2679535150528,500.1897087097168,455.37053203582764,500.1897087097168,472.2679535150528,0.7815464198589325,0.9486886084079742,0.7815464198589325,0.9838915698230266,9.8288893699646,16.89742147922516,small_16_32
2026-08-12T15:19:17.190,266,unlabeled,4,0.22444185614585876,211.22641706466675,223.95295423269272,228.20125246047974,240.0,422.4528341293335,447.90590846538544,456.4025049209595,480.0,439.4276695251465,463.9529542326927,439.4276695251465,480.0,0.6866057336330413,0.9665686546514431,0.6866057336330413,1.0,16.97483539581299,16.04704576730728,small_16_32
2026-08-12T15:19:17.190,266,unlabeled,5,0.20742715895175934,193.872784614563,222.74968546628952,210.3169240951538,239.64710694551468,387.745569229126,445.49937093257904,420.6338481903076,479.29421389102936,404.1897087097168,462.3967924118042,404.1897087097168,479.29421389102936,0.6315464198589325,0.9633266508579255,0.6315464198589325,0.9985296122729779,16.44413948059082,16.89742147922516,small_16_32
2026-08-12T15:19:17.280,267,unlabeled,1,0.5911299586296082,125.57461500167847,90.88676071166992,176.03060483932495,240.0,251.14923000335693,181.77352142333984,352.0612096786499,480.0,301.6052198410034,330.8867607116699,301.6052198410034,480.0,0.47125815600156784,0.6893474181493123,0.47125815600156784,1.0,50.455989837646484,149.11323928833008,regular_ge32
2026-08-12T15:19:17.280,267,unlabeled,2,0.24863308668136597,280.47918033599854,202.81439685821533,301.64510917663574,232.8716459274292,560.9583606719971,405.62879371643066,603.2902183532715,465.7432918548584,582.1242895126343,435.68604278564453,582.1242895126343,465.7432918548584,0.909569202363491,0.9076792558034261,0.909569202363491,0.9702985246976217,21.165928840637207,30.057249069213867,small_16_32
2026-08-12T15:19:17.280,267,unlabeled,3,0.24242530763149261,245.70696377754211,219.04988592863083,255.2215507030487,235.947307407856,491.41392755508423,438.09977185726166,510.4431014060974,471.894614815712,500.9285144805908,454.9971933364868,500.9285144805908,471.894614815712,0.7827008038759231,0.9479108194510142,0.7827008038759231,0.9831137808660666,9.514586925506592,16.89742147922516,small_16_32
2026-08-12T15:19:17.280,267,unlabeled,4,0.22444185614585876,194.6275599002838,222.74470782279968,210.05705428123474,239.12324166297913,389.2551198005676,445.48941564559937,420.1141085624695,478.24648332595825,404.68461418151855,461.8679494857788,404.68461418151855,478.24648332595825,0.6323197096586227,0.9622248947620392,0.6323197096586227,0.996346840262413,15.429494380950928,16.378533840179443,small_16_32
2026-08-12T15:19:17.280,267,unlabeled,5,0.22444185614585876,212.20611214637756,224.0866886973381,227.6356065273285,240.0,424.4122242927551,448.1733773946762,455.271213054657,480.0,439.84171867370605,464.0866886973381,439.84171867370605,480.0,0.6872526854276657,0.9668472681194544,0.6872526854276657,1.0,15.429494380950928,15.913311302661896,tiny_lt16
2026-08-12T15:19:17.367,268,unlabeled,1,0.5911299586296082,124.64612865447998,91.00991249084473,178.01649475097656,240.0,249.29225730895996,182.01982498168945,356.0329895019531,480.0,302.66262340545654,331.0099124908447,302.66262340545654,480.0,0.47291034907102586,0.6896039843559265,0.47291034907102586,1.0,53.37036609649658,148.99008750915527,regular_ge32
2026-08-12T15:19:17.367,268,unlabeled,2,0.2613641023635864,280.88944721221924,202.6528276205063,301.40252161026,234.51708090305328,561.7788944244385,405.3056552410126,602.80504322052,469.03416180610657,582.2919688224792,437.16990852355957,582.2919688224792,469.03416180610657,0.9098312012851238,0.9107706427574158,0.9098312012851238,0.9771545037627221,20.51307439804077,31.864253282546997,small_16_32
2026-08-12T15:19:17.367,268,unlabeled,3,0.24863308668136597,194.2547104358673,221.70826786756516,209.68420481681824,238.6056893467903,388.5094208717346,443.4165357351303,419.3684096336365,477.2113786935806,403.93891525268555,460.31395721435547,403.93891525268555,477.2113786935806,0.6311545550823212,0.9589874108632406,0.6311545550823212,0.994190372278293,15.429494380950928,16.89742147922516,small_16_32
2026-08-12T15:19:17.367,268,unlabeled,4,0.22444185614585876,212.30712342262268,223.41830438375473,227.7366178035736,240.0,424.61424684524536,446.83660876750946,455.4732356071472,480.0,440.0437412261963,463.41830438375473,440.0437412261963,480.0,0.6875683456659317,0.965454800799489,0.6875683456659317,1.0,15.429494380950928,16.58169561624527,small_16_32
2026-08-12T15:19:17.367,268,unlabeled,5,0.21299070119857788,245.21216416358948,219.40180277824402,254.72675108909607,235.78033661842346,490.42432832717896,438.80360555648804,509.45350217819214,471.5606732368469,499.93891525268555,455.1821393966675,499.93891525268555,471.5606732368469,0.7811545550823211,0.9482961237430573,0.7811545550823211,0.9824180692434311,9.514586925506592,16.378533840179443,small_16_32
2026-08-12T15:19:17.455,269,unlabeled,1,0.5501002073287964,128.2300844192505,92.4286060333252,178.68607425689697,238.16269207000732,256.460168838501,184.8572120666504,357.37214851379395,476.32538414001465,306.91615867614746,330.5912981033325,306.91615867614746,476.32538414001465,0.4795564979314804,0.6887318710486094,0.4795564979314804,0.9923445502916972,50.455989837646484,145.73408603668213,regular_ge32
2026-08-12T15:19:17.455,269,unlabeled,2,0.2363237887620926,280.3125238418579,202.7443963289261,302.15056896209717,233.6939162015915,560.6250476837158,405.4887926578522,604.3011379241943,467.387832403183,582.4630928039551,436.4383125305176,582.4630928039551,467.387832403183,0.9100985825061798,0.9092464844385783,0.9100985825061798,0.9737246508399645,21.838045120239258,30.949519872665405,small_16_32
2026-08-12T15:19:17.455,269,unlabeled,3,0.2363237887620926,194.1282742023468,222.613343000412,209.55776858329773,238.99187684059143,388.2565484046936,445.226686000824,419.11553716659546,477.98375368118286,403.68604278564453,461.6052198410034,403.68604278564453,477.98375368118286,0.6307594418525696,0.9616775413354238,0.6307594418525696,0.9957994868357977,15.429494380950928,16.378533840179443,small_16_32
2026-08-12T15:19:17.455,269,unlabeled,4,0.23032912611961365,213.2339082956314,224.219977080822,226.80983293056488,240.0,426.4678165912628,448.439954161644,453.61966586112976,480.0,440.0437412261963,464.219977080822,440.0437412261963,480.0,0.6875683456659317,0.9671249522517125,0.6875683456659317,1.0,13.575924634933472,15.780022919178009,tiny_lt16
2026-08-12T15:19:17.455,269,unlabeled,5,0.23032912611961365,245.1804096698761,219.4959990978241,255.0092990398407,235.87453293800354,490.3608193397522,438.9919981956482,510.0185980796814,471.7490658760071,500.1897087097168,455.37053203582764,500.1897087097168,471.7490658760071,0.7815464198589325,0.9486886084079742,0.7815464198589325,0.982810553908348,9.8288893699646,16.378533840179443,small_16_32
2026-08-12T15:19:17.547,270,unlabeled,1,0.558379590511322,128.3592758178711,92.66870021820068,178.81526565551758,238.4027862548828,256.7185516357422,185.33740043640137,357.63053131103516,476.8055725097656,307.1745414733887,331.0714864730835,307.1745414733887,476.8055725097656,0.4799602210521698,0.6897322634855906,0.4799602210521698,0.9933449427286783,50.455989837646484,145.73408603668213,regular_ge32
2026-08-12T15:19:17.547,270,unlabeled,2,0.2363237887620926,280.73587012290955,201.91089475154877,301.90179896354675,233.77514803409576,561.4717402458191,403.82178950309753,603.8035979270935,467.5502960681915,582.6376690864563,435.68604278564453,582.6376690864563,467.5502960681915,0.910371357947588,0.9076792558034261,0.910371357947588,0.9740631168087324,21.165928840637207,31.864253282546997,small_16_32
2026-08-12T15:19:17.547,270,unlabeled,3,0.23032912611961365,212.34581005573273,223.95310181379318,227.2905386686325,240.0,424.69162011146545,447.90620362758636,454.581077337265,480.0,439.63634872436523,463.9531018137932,439.63634872436523,480.0,0.6869317948818207,0.9665689621120691,0.6869317948818207,1.0,14.94472861289978,16.046898186206818,small_16_32
2026-08-12T15:19:17.547,270,unlabeled,4,0.22444185614585876,193.872784614563,221.96401852369308,210.3169240951538,238.86144000291824,387.745569229126,443.92803704738617,420.6338481903076,477.7228800058365,404.1897087097168,460.8254585266113,404.1897087097168,477.7228800058365,0.6315464198589325,0.9600530385971069,0.6315464198589325,0.9952560000121593,16.44413948059082,16.89742147922516,small_16_32
2026-08-12T15:19:17.547,270,unlabeled,5,0.218662291765213,244.92857670783997,218.96953243017197,254.75746607780457,236.40099960565567,489.85715341567993,437.93906486034393,509.51493215560913,472.80199921131134,499.68604278564453,455.37053203582764,499.68604278564453,472.80199921131134,0.7807594418525696,0.9486886084079742,0.7807594418525696,0.9850041650235652,9.8288893699646,17.431467175483704,small_16_32
2026-08-12T15:19:17.629,271,unlabeled,1,0.5334624648094177,129.53363752365112,94.96955060958862,182.9040036201477,236.84074068069458,259.06727504730225,189.93910121917725,365.8080072402954,473.68148136138916,312.4376411437988,331.8102912902832,312.4376411437988,473.68148136138916,0.48818381428718566,0.6912714401880901,0.48818381428718566,0.9868364195028941,53.37036609649658,141.87119007110596,regular_ge32
2026-08-12T15:19:17.629,271,unlabeled,2,0.23032912611961365,211.01285123825073,224.61731499433517,227.98768663406372,240.0,422.02570247650146,449.23462998867035,455.97537326812744,480.0,439.00053787231445,464.6173149943352,439.00053787231445,480.0,0.6859383404254913,0.9679527395715316,0.6859383404254913,1.0,16.97483539581299,15.382685005664825,tiny_lt16
2026-08-12T15:19:17.629,271,unlabeled,3,0.23032912611961365,244.72549760341644,219.4300941824913,255.2134176492691,236.32751566171646,489.4509952068329,438.8601883649826,510.4268352985382,472.6550313234329,499.93891525268555,455.75760984420776,499.93891525268555,472.6550313234329,0.7811545550823211,0.9494950205087662,0.7811545550823211,0.9846979819238186,10.487920045852661,16.89742147922516,small_16_32
2026-08-12T15:19:17.629,271,unlabeled,4,0.22444185614585876,193.97683954238892,223.2832881808281,210.9516749382019,240.0,387.95367908477783,446.5665763616562,421.9033498764038,480.0,404.9285144805908,463.2832881808281,404.9285144805908,480.0,0.6327008038759232,0.9651735170433918,0.6327008038759232,1.0,16.97483539581299,16.716711819171906,small_16_32
2026-08-12T15:19:17.629,271,unlabeled,5,0.218662291765213,280.2379276752472,203.12204891443253,301.4038565158844,232.3091625571251,560.4758553504944,406.24409782886505,602.8077130317688,464.6183251142502,581.6417841911316,435.4312114715576,581.6417841911316,464.6183251142502,0.9088152877986431,0.9071483572324117,0.9088152877986431,0.9679548439880212,21.165928840637207,29.187113642692566,small_16_32
2026-08-12T15:19:17.720,272,unlabeled,1,0.3848111629486084,127.25426959991455,90.7862491607666,188.49716472625732,238.4315700531006,254.5085391998291,181.5724983215332,376.99432945251465,476.8631401062012,315.7514343261719,329.2178192138672,315.7514343261719,476.8631401062012,0.4933616161346436,0.6858704566955567,0.4933616161346436,0.9934648752212525,61.24289512634277,147.64532089233398,regular_ge32
2026-08-12T15:19:17.720,272,unlabeled,2,0.2613641023635864,212.20611214637756,223.81966584920883,227.6356065273285,240.0,424.4122242927551,447.63933169841766,455.271213054657,480.0,439.84171867370605,463.81966584920883,439.84171867370605,480.0,0.6872526854276657,0.9662909705191851,0.6872526854276657,1.0,15.429494380950928,16.180334150791168,small_16_32
2026-08-12T15:19:17.720,272,unlabeled,3,0.24242530763149261,193.29977405071259,223.41129648685455,211.38484013080597,240.0,386.59954810142517,446.8225929737091,422.76968026161194,480.0,404.68461418151855,463.41129648685455,404.68461418151855,480.0,0.6323197096586227,0.9654402010142803,0.6323197096586227,1.0,18.085066080093384,16.588703513145447,small_16_32
2026-08-12T15:19:17.720,272,unlabeled,4,0.2363237887620926,281.06229734420776,202.49469769001007,301.57537174224854,233.44421756267548,562.1245946884155,404.98939538002014,603.1507434844971,466.88843512535095,582.6376690864563,435.93891525268555,582.6376690864563,466.88843512535095,0.910371357947588,0.9082060734430949,0.910371357947588,0.9726842398444812,20.51307439804077,30.949519872665405,small_16_32
2026-08-12T15:19:17.720,272,unlabeled,5,0.2363237887620926,243.60261845588684,219.7331148982048,254.79216265678406,236.63053637742996,487.2052369117737,439.4662297964096,509.5843253135681,473.2610727548599,498.3947811126709,456.36365127563477,498.3947811126709,473.2610727548599,0.7787418454885483,0.950757606824239,0.7787418454885483,0.9859605682392915,11.189544200897217,16.89742147922516,small_16_32
2026-08-12T15:19:17.810,273,unlabeled,1,0.4169939160346985,133.91536259651184,84.92592191696167,190.33320450782776,240.0,267.8307251930237,169.85184383392334,380.6664090156555,480.0,324.2485671043396,324.92592191696167,324.2485671043396,480.0,0.5066383861005306,0.6769290039936702,0.5066383861005306,1.0,56.41784191131592,155.07407808303833,regular_ge32
2026-08-12T15:19:17.810,273,unlabeled,2,0.2949781119823456,192.2113721370697,223.94355738162994,211.47467064857483,240.0,384.4227442741394,447.8871147632599,422.94934129714966,480.0,403.68604278564453,463.94355738162994,403.68604278564453,480.0,0.6307594418525696,0.9665490778783957,0.6307594418525696,1.0,19.263298511505127,16.056442618370056,small_16_32
2026-08-12T15:19:17.810,273,unlabeled,3,0.24863308668136597,243.78076422214508,219.59191370010376,254.61401689052582,235.9704475402832,487.56152844429016,439.1838274002075,509.22803378105164,471.9408950805664,498.3947811126709,455.56236124038696,498.3947811126709,471.9408950805664,0.7787418454885483,0.9490882525841395,0.7787418454885483,0.9832101980845134,10.833252668380737,16.378533840179443,small_16_32
2026-08-12T15:19:17.810,273,unlabeled,4,0.24242530763149261,211.74925291538239,223.8192898631096,227.6784166097641,240.0,423.49850583076477,447.6385797262192,455.3568332195282,480.0,439.4276695251465,463.8192898631096,439.4276695251465,480.0,0.6866057336330413,0.9662901872148116,0.6866057336330413,1.0,15.929163694381714,16.18071013689041,small_16_32
2026-08-12T15:19:17.810,273,unlabeled,5,0.23032912611961365,280.6720471382141,202.5586462020874,302.51009225845337,232.61589527130127,561.3440942764282,405.1172924041748,605.0201845169067,465.23179054260254,583.1821393966675,435.1745414733887,583.1821393966675,465.23179054260254,0.9112220928072929,0.9066136280695597,0.9112220928072929,0.9692328969637553,21.838045120239258,30.057249069213867,small_16_32
2026-08-12T15:19:17.810,273,unlabeled,6,0.2019716501235962,253.0030529499054,218.1148824095726,275.53294825553894,237.8413763642311,506.0061058998108,436.2297648191452,551.0658965110779,475.6827527284622,528.5360012054443,455.9562587738037,528.5360012054443,475.6827527284622,0.8258375018835068,0.9499088724454244,0.8258375018835068,0.991005734850963,22.529895305633545,19.72649395465851,small_16_32
2026-08-12T15:19:17.893,274,unlabeled,1,0.4916226267814636,138.09707880020142,84.83690524101257,192.97440767288208,240.0,276.19415760040283,169.67381048202515,385.94881534576416,480.0,331.0714864730835,324.8369052410126,331.0714864730835,480.0,0.517299197614193,0.6767435525854428,0.517299197614193,1.0,54.877328872680664,155.16309475898743,regular_ge32
2026-08-12T15:19:17.893,274,unlabeled,2,0.23032912611961365,280.72348403930664,202.2408457994461,301.2365584373474,233.1903656721115,561.4469680786133,404.4816915988922,602.4731168746948,466.380731344223,581.960042476654,435.4312114715576,581.960042476654,466.380731344223,0.909312566369772,0.9071483572324117,0.909312566369772,0.971626523633798,20.51307439804077,30.949519872665405,small_16_32
2026-08-12T15:19:17.893,274,unlabeled,3,0.23032912611961365,211.79980087280273,223.95295423269272,228.24394035339355,240.0,423.59960174560547,447.90590846538544,456.4878807067871,480.0,440.0437412261963,463.9529542326927,440.0437412261963,480.0,0.6875683456659317,0.9665686546514431,0.6875683456659317,1.0,16.44413948059082,16.04704576730728,small_16_32
2026-08-12T15:19:17.893,274,unlabeled,4,0.23032912611961365,243.33930134773254,219.23655527830124,254.52884554862976,236.1339767575264,486.6786026954651,438.4731105566025,509.0576910972595,472.2679535150528,497.8681468963623,455.37053203582764,497.8681468963623,472.2679535150528,0.7779189795255661,0.9486886084079742,0.7779189795255661,0.9838915698230266,11.189544200897217,16.89742147922516,small_16_32
2026-08-12T15:19:17.893,274,unlabeled,5,0.218662291765213,190.4090757369995,222.83772307634354,212.24712085723877,240.0,380.818151473999,445.6754461526871,424.49424171447754,480.0,402.6561965942383,462.83772307634354,402.6561965942383,480.0,0.6291503071784973,0.964245256409049,0.6291503071784973,1.0,21.838045120239258,17.162276923656464,small_16_32
2026-08-12T15:19:17.998,275,unlabeled,1,0.4251631200313568,136.4841823577881,84.26193714141846,196.0846071243286,240.0,272.9683647155762,168.5238742828369,392.1692142486572,480.0,332.5687894821167,324.26193714141846,332.5687894821167,480.0,0.5196387335658074,0.6755457023779551,0.5196387335658074,1.0,59.60042476654053,155.73806285858154,regular_ge32
2026-08-12T15:19:17.998,275,unlabeled,2,0.23032912611961365,212.44849503040314,224.19681465625763,227.39322364330292,240.0,424.8969900608063,448.39362931251526,454.78644728660583,480.0,439.84171867370605,464.19681465625763,439.84171867370605,480.0,0.6872526854276657,0.9670766972005367,0.6872526854276657,1.0,14.94472861289978,15.80318534374237,tiny_lt16
2026-08-12T15:19:17.998,275,unlabeled,3,0.218662291765213,191.60134208202362,223.01626533269882,210.26680481433868,240.0,383.20268416404724,446.03253066539764,420.53360962867737,480.0,401.8681468963623,463.0162653326988,401.8681468963623,480.0,0.6279189795255661,0.9646172194431225,0.6279189795255661,1.0,18.665462732315063,16.983734667301178,small_16_32
2026-08-12T15:19:18.080,276,unlabeled,1,0.4832499325275421,139.2658133506775,84.33896279335022,198.86623811721802,240.0,278.531626701355,168.67792558670044,397.73247623443604,480.0,338.1320514678955,324.3389627933502,338.1320514678955,480.0,0.5283313304185867,0.6757061724861463,0.5283313304185867,1.0,59.60042476654053,155.66103720664978,regular_ge32
2026-08-12T15:19:18.080,276,unlabeled,2,0.2880568504333496,212.9365655183792,222.61721581220627,227.881294131279,239.51463729143143,425.8731310367584,445.23443162441254,455.762588262558,479.02927458286285,440.8178596496582,462.1318531036377,440.8178596496582,479.02927458286285,0.6887779057025909,0.9627746939659119,0.6887779057025909,0.9979776553809643,14.94472861289978,16.89742147922516,small_16_32
2026-08-12T15:19:18.080,276,unlabeled,3,0.2549463212490082,189.56674695014954,223.54273200035095,208.83004546165466,239.9212658405304,379.1334939002991,447.0854640007019,417.6600909233093,479.8425316810608,398.3967924118042,463.46399784088135,398.3967924118042,479.8425316810608,0.6224949881434441,0.9655499955018362,0.6224949881434441,0.99967194100221,19.263298511505127,16.378533840179443,small_16_32
2026-08-12T15:19:18.080,276,unlabeled,4,0.22444185614585876,243.09787702560425,219.26239579916,255.03417444229126,236.6938629746437,486.1957540512085,438.52479159832,510.0683488845825,473.3877259492874,498.1320514678955,455.9562587738037,498.1320514678955,473.3877259492874,0.7783313304185867,0.9499088724454244,0.7783313304185867,0.9862244290610155,11.936297416687012,17.431467175483704,small_16_32
2026-08-12T15:19:18.080,276,unlabeled,5,0.20742715895175934,264.2908265590668,198.92448890209198,299.89888215065,234.6787177324295,528.5816531181335,397.84897780418396,599.7977643013,469.357435464859,564.1897087097168,433.6032066345215,564.1897087097168,469.357435464859,0.8815464198589325,0.9033400138219198,0.8815464198589325,0.9778279905517896,35.60805559158325,35.754228830337524,regular_ge32
2026-08-12T15:19:18.179,277,unlabeled,1,0.3848111629486084,137.84234714508057,84.88509559631348,205.9993715286255,240.0,275.68469429016113,169.77019119262695,411.998743057251,480.0,343.84171867370605,324.8850955963135,343.84171867370605,480.0,0.5372526854276657,0.6768439491589864,0.5372526854276657,1.0,68.15702438354492,155.11490440368652,regular_ge32
2026-08-12T15:19:18.179,277,unlabeled,2,0.2613641023635864,193.48003828525543,225.4794421195984,207.0559629201889,240.0,386.96007657051086,450.9588842391968,414.1119258403778,480.0,400.53600120544434,465.4794421195984,400.53600120544434,480.0,0.6258375018835067,0.9697488377491633,0.6258375018835067,1.0,13.575924634933472,14.520557880401611,tiny_lt16
2026-08-12T15:19:18.179,277,unlabeled,3,0.2549463212490082,213.74568605422974,224.4416350722313,225.68198347091675,239.82644087076187,427.4913721084595,448.8832701444626,451.3639669418335,479.65288174152374,439.4276695251465,464.26807594299316,439.4276695251465,479.65288174152374,0.6866057336330413,0.9672251582145691,0.6866057336330413,0.9992768369615078,11.936297416687012,15.384805798530579,tiny_lt16
2026-08-12T15:19:18.179,277,unlabeled,4,0.23032912611961365,281.1023015975952,201.7834790945053,302.2682304382324,233.6477323770523,562.2046031951904,403.5669581890106,604.5364608764648,467.2954647541046,583.3705320358276,435.4312114715576,583.3705320358276,467.2954647541046,0.9115164563059807,0.9071483572324117,0.9115164563059807,0.973532218237718,21.165928840637207,31.864253282546997,small_16_32
2026-08-12T15:19:18.179,277,unlabeled,5,0.218662291765213,112.43719327449799,223.91883146762848,125.16802656650543,236.64995801448822,224.87438654899597,447.83766293525696,250.33605313301086,473.29991602897644,237.60521984100342,460.5687894821167,237.60521984100342,473.29991602897644,0.37125815600156786,0.9595183114210765,0.37125815600156786,0.9860414917270343,12.730833292007446,12.731126546859741,tiny_lt16
2026-08-12T15:19:18.179,277,unlabeled,6,0.20742715895175934,244.92857670783997,220.0409060716629,254.75746607780457,235.9153527021408,489.85715341567993,440.0818121433258,509.51493215560913,471.8307054042816,499.68604278564453,455.9562587738037,499.68604278564453,471.8307054042816,0.7807594418525696,0.9499088724454244,0.7807594418525696,0.9829806362589201,9.8288893699646,15.874446630477905,tiny_lt16
2026-08-12T15:19:18.258,278,unlabeled,1,0.4498997628688812,135.55626964569092,88.54790234565735,209.26159000396729,238.08976674079895,271.11253929138184,177.0958046913147,418.52318000793457,476.1795334815979,344.8178596496582,326.6376690864563,344.8178596496582,476.1795334815979,0.538777905702591,0.6804951439301173,0.538777905702591,0.992040694753329,73.70532035827637,149.5418643951416,regular_ge32
2026-08-12T15:19:18.258,278,unlabeled,2,0.24242530763149261,196.17064440250397,227.52422815561295,207.0038970708847,240.0,392.34128880500793,455.0484563112259,414.0077941417694,480.0,403.1745414733887,467.52422815561295,403.1745414733887,480.0,0.6299602210521698,0.9740088086575269,0.6299602210521698,1.0,10.833252668380737,12.475771844387054,tiny_lt16
2026-08-12T15:19:18.258,278,unlabeled,3,0.22444185614585876,281.1982161998749,201.65514409542084,302.3641450405121,233.51939737796783,562.3964323997498,403.3102881908417,604.7282900810242,467.03879475593567,583.562361240387,435.1745414733887,583.562361240387,467.03879475593567,0.9118161894381046,0.9066136280695597,0.9118161894381046,0.9729974890748659,21.165928840637207,31.864253282546997,small_16_32
2026-08-12T15:19:18.258,278,unlabeled,4,0.20742715895175934,245.00060141086578,219.6538463830948,253.91555726528168,235.5282930135727,490.00120282173157,439.3076927661896,507.83111453056335,471.0565860271454,498.91615867614746,455.1821393966675,498.91615867614746,471.0565860271454,0.7795564979314804,0.9482961237430573,0.7795564979314804,0.9813678875565529,8.914955854415894,15.874446630477905,tiny_lt16
2026-08-12T15:19:18.258,278,unlabeled,5,0.2019716501235962,214.2563089132309,227.2239541709423,224.74422895908356,239.1708269417286,428.5126178264618,454.4479083418846,449.4884579181671,478.3416538834572,439.00053787231445,466.3947811126709,439.00053787231445,478.3416538834572,0.6859383404254913,0.971655793984731,0.6859383404254913,0.9965451122572024,10.487920045852661,11.946872770786285,tiny_lt16
2026-08-12T15:19:18.357,279,unlabeled,1,0.39277467131614685,139.12638807296753,89.10787272453308,205.50307893753052,238.64973711967468,278.25277614593506,178.21574544906616,411.00615787506104,477.29947423934937,344.62946701049805,327.75760984420776,344.62946701049805,477.29947423934937,0.5384835422039032,0.6828283538420995,0.5384835422039032,0.9943739046653112,66.37669086456299,149.5418643951416,regular_ge32
2026-08-12T15:19:18.357,279,unlabeled,2,0.20742715895175934,194.8846389055252,225.84228879213333,208.03151977062225,240.0,389.7692778110504,451.68457758426666,416.0630395412445,480.0,402.91615867614746,465.84228879213333,402.91615867614746,480.0,0.6295564979314804,0.9705047683169444,0.6295564979314804,1.0,13.146880865097046,14.157711207866669,tiny_lt16
2026-08-12T15:19:18.447,280,unlabeled,1,0.4916226267814636,136.21049785614014,85.0708327293396,208.03189182281494,221.0612187385559,272.4209957122803,170.1416654586792,416.0637836456299,442.1224374771118,344.2423896789551,306.1320514678955,344.2423896789551,442.1224374771118,0.5378787338733673,0.6377751072247823,0.5378787338733673,0.9210884114106496,71.8213939666748,135.9903860092163,regular_ge32
2026-08-12T15:19:18.447,280,unlabeled,2,0.24242530763149261,196.59906136989594,226.54619851708412,207.0869814157486,240.0,393.19812273979187,453.09239703416824,414.1739628314972,480.0,403.68604278564453,466.5461985170841,403.68604278564453,480.0,0.6307594418525696,0.9719712469105919,0.6307594418525696,1.0,10.487920045852661,13.453801482915878,tiny_lt16
2026-08-12T15:19:18.447,280,unlabeled,3,0.2019716501235962,213.75714719295502,226.01970353722572,226.08457148075104,239.58350309729576,427.51429438591003,452.03940707445145,452.1691429615021,479.1670061945915,439.84171867370605,465.6032066345215,439.84171867370605,479.1670061945915,0.6872526854276657,0.9700066804885864,0.6872526854276657,0.9982645962387323,12.32742428779602,13.563799560070038,tiny_lt16
2026-08-12T15:19:18.543,281,unlabeled,1,0.441620409488678,129.50434923171997,73.82433557510376,201.32574319839478,225.24715089797974,259.00869846343994,147.64867115020752,402.65148639678955,450.4943017959595,330.83009243011475,299.0714864730835,330.83009243011475,450.4943017959595,0.5169220194220543,0.6230655968189239,0.5169220194220543,0.9385297954082489,71.8213939666748,151.42281532287598,regular_ge32
2026-08-12T15:19:18.543,281,unlabeled,2,0.2613641023635864,194.96592473983765,226.26097440719604,206.90222215652466,240.0,389.9318494796753,452.5219488143921,413.8044443130493,480.0,401.8681468963623,466.26097440719604,401.8681468963623,480.0,0.6279189795255661,0.9713770300149918,0.6279189795255661,1.0,11.936297416687012,13.739025592803955,tiny_lt16
2026-08-12T15:19:18.543,281,unlabeled,3,0.2363237887620926,213.0344182252884,225.934524923563,226.18129909038544,239.9336219727993,426.0688364505768,451.869049847126,452.3625981807709,479.8672439455986,439.2157173156738,465.8681468963623,439.2157173156738,479.8672439455986,0.6862745583057404,0.9705586393674215,0.6862745583057404,0.9997234248866638,13.146880865097046,13.999097049236298,tiny_lt16
2026-08-12T15:19:18.543,281,unlabeled,4,0.20742715895175934,281.15131402015686,201.72263062000275,301.66438841819763,232.67215049266815,562.3026280403137,403.4452612400055,603.3287768363953,465.3443009853363,582.8157024383545,434.3947811126709,582.8157024383545,465.3443009853363,0.9106495350599288,0.9049891273180644,0.9106495350599288,0.9694672937194506,20.51307439804077,30.949519872665405,small_16_32
2026-08-12T15:19:18.642,282,unlabeled,1,0.5083773732185364,120.056715965271,66.01598358154297,207.89954280853271,238.52001762390137,240.113431930542,132.03196716308594,415.79908561706543,477.04003524780273,327.9562587738037,304.53600120544434,327.9562587738037,477.04003524780273,0.5124316543340683,0.6344500025113423,0.5124316543340683,0.9938334067662556,87.84282684326172,172.5040340423584,regular_ge32
2026-08-12T15:19:18.642,282,unlabeled,2,0.2363237887620926,212.0572887659073,223.8192898631096,227.986452460289,240.0,424.1145775318146,447.6385797262192,455.972904920578,480.0,440.0437412261963,463.8192898631096,440.0437412261963,480.0,0.6875683456659317,0.9662901872148116,0.6875683456659317,1.0,15.929163694381714,16.18071013689041,small_16_32
2026-08-12T15:19:18.642,282,unlabeled,3,0.21299070119857788,192.01464760303497,223.6766951084137,205.59057223796844,240.0,384.02929520606995,447.3533902168274,411.1811444759369,480.0,397.6052198410034,463.6766951084137,397.6052198410034,480.0,0.6212581560015679,0.9659931148091953,0.6212581560015679,1.0,13.575924634933472,16.323304891586304,small_16_32
2026-08-12T15:19:18.642,282,unlabeled,4,0.20742715895175934,280.73587012290955,202.4294548034668,301.90179896354675,232.48670387268066,561.4717402458191,404.8589096069336,603.8035979270935,464.9734077453613,582.6376690864563,434.91615867614746,582.6376690864563,464.9734077453613,0.910371357947588,0.9060753305753072,0.910371357947588,0.9686945994695028,21.165928840637207,30.057249069213867,small_16_32
2026-08-12T15:19:18.642,282,unlabeled,5,0.2019716501235962,113.07713055610657,224.37091821432114,124.26667475700378,235.94303900003433,226.15426111221313,448.7418364286423,248.53334951400757,471.88607800006866,237.34380531311035,460.31395721435547,237.34380531311035,471.88607800006866,0.37084969580173494,0.9589874108632406,0.37084969580173494,0.9830959958334764,11.189544200897217,11.572120785713196,tiny_lt16
2026-08-12T15:19:18.719,283,unlabeled,1,0.4748867154121399,121.3277280330658,60.25124788284302,204.96424078941345,239.06413793563843,242.6554560661316,120.50249576568604,409.9284815788269,478.12827587127686,326.29196882247925,299.31538581848145,326.29196882247925,478.12827587127686,0.5098312012851238,0.6235737204551697,0.5098312012851238,0.9961005747318268,83.63651275634766,178.8128900527954,regular_ge32
2026-08-12T15:19:18.719,283,unlabeled,2,0.27450883388519287,213.07749819755554,220.8200096487999,227.5519688129425,238.2514768242836,426.1549963951111,441.6400192975998,455.103937625885,476.5029536485672,440.62946701049805,459.0714864730835,440.62946701049805,476.5029536485672,0.6884835422039032,0.9563989301522573,0.6884835422039032,0.9927144867678483,14.474470615386963,17.431467175483704,small_16_32
2026-08-12T15:19:18.719,283,unlabeled,3,0.2549463212490082,280.64858198165894,202.6528276205063,301.81451082229614,234.51708090305328,561.2971639633179,405.3056552410126,603.6290216445923,469.03416180610657,582.4630928039551,437.16990852355957,582.4630928039551,469.03416180610657,0.9100985825061798,0.9107706427574158,0.9100985825061798,0.9771545037627221,21.165928840637207,31.864253282546997,small_16_32
2026-08-12T15:19:18.719,283,unlabeled,4,0.2019716501235962,193.07799971103668,220.02240759134293,206.65392434597015,238.5688905119896,386.15599942207336,440.04481518268585,413.3078486919403,477.1377810239792,399.73192405700684,458.5912981033325,399.73192405700684,477.1377810239792,0.6245811313390732,0.955398537715276,0.6245811313390732,0.9940370437999566,13.575924634933472,18.546482920646667,small_16_32
2026-08-12T15:19:18.811,284,unlabeled,1,0.3848111629486084,119.80686593055725,56.4988899230957,205.5301706790924,238.3168125152588,239.6137318611145,112.9977798461914,411.0603413581848,476.6336250305176,325.33703660964966,294.8157024383545,325.33703660964966,476.6336250305176,0.5083391197025776,0.6141993800799052,0.5083391197025776,0.9929867188135783,85.72330474853516,181.8179225921631,regular_ge32
2026-08-12T15:19:18.811,284,unlabeled,2,0.2613641023635864,212.40644764900208,222.8824538588524,227.835942029953,240.0,424.81289529800415,445.7649077177048,455.671884059906,480.0,440.2423896789551,462.8824538588524,440.2423896789551,480.0,0.6878787338733673,0.9643384455392758,0.6878787338733673,1.0,15.429494380950928,17.117546141147614,small_16_32
2026-08-12T15:19:18.811,284,unlabeled,3,0.20742715895175934,244.1208336353302,219.8898742198944,255.31037783622742,236.26840806007385,488.2416672706604,439.7797484397888,510.62075567245483,472.5368161201477,499.4312114715576,456.15828227996826,499.4312114715576,472.5368161201477,0.7803612679243088,0.9503297547499339,0.7803612679243088,0.9844517002503077,11.189544200897217,16.378533840179443,small_16_32
2026-08-12T15:19:18.811,284,unlabeled,4,0.2019716501235962,112.96589505672455,223.7600204050541,125.696728348732,237.32381996512413,225.9317901134491,447.5200408101082,251.393456697464,474.64763993024826,238.66262340545654,461.0838403701782,238.66262340545654,474.64763993024826,0.3729103490710258,0.960591334104538,0.3729103490710258,0.9888492498546839,12.730833292007446,13.563799560070038,tiny_lt16
2026-08-12T15:19:18.902,285,unlabeled,1,0.3690716028213501,119.22457098960876,51.797059059143066,207.06739783287048,185.80816078186035,238.44914197921753,103.59411811828613,414.13479566574097,371.6163215637207,326.29196882247925,237.60521984100342,326.29196882247925,371.6163215637207,0.5098312012851238,0.4950108746687571,0.5098312012851238,0.7742006699244182,87.84282684326172,134.01110172271729,regular_ge32
2026-08-12T15:19:18.902,285,unlabeled,2,0.27450883388519287,194.12177920341492,224.8643800020218,204.27501320838928,240.0,388.24355840682983,449.7287600040436,408.55002641677856,480.0,398.3967924118042,464.8643800020218,398.3967924118042,480.0,0.6224949881434441,0.9684674583375454,0.6224949881434441,1.0,10.153234004974365,15.13561999797821,tiny_lt16
2026-08-12T15:19:18.902,285,unlabeled,3,0.2363237887620926,113.8196291923523,223.08728885650635,125.37674570083618,237.99655151367188,227.6392583847046,446.1745777130127,250.75349140167236,475.99310302734375,239.19637489318848,461.0838403701782,239.19637489318848,475.99310302734375,0.373744335770607,0.960591334104538,0.373744335770607,0.9916522979736329,11.557116508483887,14.909262657165527,tiny_lt16
2026-08-12T15:19:18.902,285,unlabeled,4,0.2363237887620926,243.98940873146057,219.04988592863083,254.14264273643494,235.947307407856,487.97881746292114,438.09977185726166,508.2852854728699,471.894614815712,498.1320514678955,454.9971933364868,498.1320514678955,471.894614815712,0.7783313304185867,0.9479108194510142,0.7783313304185867,0.9831137808660666,10.153234004974365,16.89742147922516,small_16_32
2026-08-12T15:19:18.902,285,unlabeled,5,0.23032912611961365,213.3332325220108,224.8643800020218,226.90915715694427,240.0,426.6664650440216,449.7287600040436,453.81831431388855,480.0,440.2423896789551,464.8643800020218,440.2423896789551,480.0,0.6878787338733673,0.9684674583375454,0.6878787338733673,1.0,13.575924634933472,15.13561999797821,tiny_lt16
2026-08-12T15:19:18.987,286,unlabeled,1,0.34598395228385925,123.9625883102417,51.236653327941895,207.59910106658936,191.158127784729,247.9251766204834,102.47330665588379,415.1982021331787,382.316255569458,331.56168937683105,242.3947811126709,331.56168937683105,382.316255569458,0.5180651396512985,0.5049891273180643,0.5180651396512985,0.7964921991030375,83.63651275634766,139.9214744567871,regular_ge32
2026-08-12T15:19:18.987,286,unlabeled,2,0.20742715895175934,114.78934502601624,224.10757476091385,124.9425790309906,238.5550486445427,229.57869005203247,448.2151495218277,249.8851580619812,477.1100972890854,239.73192405700684,462.66262340545654,239.73192405700684,477.1100972890854,0.37458113133907317,0.9638804654280345,0.37458113133907317,0.9939793693522613,10.153234004974365,14.447473883628845,tiny_lt16
2026-08-12T15:19:19.077,287,unlabeled,1,0.2549463212490082,123.88036155700684,45.396164894104004,216.0585536956787,224.2090549468994,247.76072311401367,90.79232978820801,432.1171073913574,448.4181098937988,339.93891525268555,269.6052198410034,339.93891525268555,448.4181098937988,0.5311545550823211,0.5616775413354238,0.5311545550823211,0.9342043956120809,92.17819213867188,178.8128900527954,regular_ge32
2026-08-12T15:19:19.077,287,unlabeled,2,0.2363237887620926,211.3857889175415,219.00669711828232,227.82992839813232,239.34849697351456,422.771577835083,438.01339423656464,455.65985679626465,478.6969939470291,439.2157173156738,458.3551940917969,439.2157173156738,478.6969939470291,0.6862745583057404,0.9549066543579101,0.6862745583057404,0.9972854040563106,16.44413948059082,20.34179985523224,small_16_32
2026-08-12T15:19:19.077,287,unlabeled,3,0.23032912611961365,194.18822526931763,219.97165375947952,208.20655584335327,239.09983271360397,388.37645053863525,439.94330751895905,416.41311168670654,478.19966542720795,402.3947811126709,459.0714864730835,402.3947811126709,478.19966542720795,0.6287418454885483,0.9563989301522573,0.6287418454885483,0.9962493029733499,14.018330574035645,19.12817895412445,small_16_32
2026-08-12T15:19:19.077,287,unlabeled,4,0.21299070119857788,280.73587012290955,203.06622982025146,301.90179896354675,233.12347888946533,561.4717402458191,406.13245964050293,603.8035979270935,466.24695777893066,582.6376690864563,436.1897087097168,582.6376690864563,466.24695777893066,0.910371357947588,0.90872855981191,0.910371357947588,0.9713478287061056,21.165928840637207,30.057249069213867,small_16_32
2026-08-12T15:19:19.077,287,unlabeled,5,0.21299070119857788,244.62438416481018,219.23655527830124,255.8139283657074,236.1339767575264,489.24876832962036,438.4731105566025,511.6278567314148,472.2679535150528,500.4383125305176,455.37053203582764,500.4383125305176,472.2679535150528,0.7819348633289337,0.9486886084079742,0.7819348633289337,0.9838915698230266,11.189544200897217,16.89742147922516,small_16_32
2026-08-12T15:19:19.077,287,unlabeled,6,0.2019716501235962,114.35547971725464,222.86538660526276,125.91259622573853,238.73983323574066,228.71095943450928,445.7307732105255,251.82519245147705,477.4796664714813,240.26807594299316,461.6052198410034,240.26807594299316,477.4796664714813,0.37541886866092683,0.9616775413354238,0.37541886866092683,0.9947493051489195,11.557116508483887,15.874446630477905,tiny_lt16
2026-08-12T15:19:19.162,288,unlabeled,1,0.34598395228385925,214.3426365852356,222.07541048526764,225.89975309371948,240.0,428.6852731704712,444.1508209705353,451.79950618743896,480.0,440.2423896789551,462.07541048526764,440.2423896789551,480.0,0.6878787338733673,0.9626571051776409,0.6878787338733673,1.0,11.557116508483887,17.92458951473236,small_16_32
2026-08-12T15:19:19.162,288,unlabeled,2,0.32359981536865234,117.01761531829834,30.419137001037598,225.3185396194458,212.23705959320068,234.03523063659668,60.838274002075195,450.6370792388916,424.47411918640137,342.33615493774414,242.65619659423828,342.33615493774414,424.47411918640137,0.5349002420902252,0.5055337429046631,0.5349002420902252,0.8843210816383362,108.30092430114746,181.8179225921631,regular_ge32
2026-08-12T15:19:19.162,288,unlabeled,3,0.2363237887620926,245.01823735237122,218.96953243017197,255.17147135734558,236.40099960565567,490.03647470474243,437.93906486034393,510.34294271469116,472.80199921131134,500.1897087097168,455.37053203582764,500.1897087097168,472.80199921131134,0.7815464198589325,0.9486886084079742,0.7815464198589325,0.9850041650235652,10.153234004974365,17.431467175483704,small_16_32
2026-08-12T15:19:19.162,288,unlabeled,4,0.22444185614585876,280.73587012290955,201.52595269680023,301.90179896354675,233.39020597934723,561.4717402458191,403.05190539360046,603.8035979270935,466.78041195869446,582.6376690864563,434.91615867614746,582.6376690864563,466.78041195869446,0.910371357947588,0.9060753305753072,0.910371357947588,0.9724591915806134,21.165928840637207,31.864253282546997,small_16_32
2026-08-12T15:19:19.241,289,unlabeled,1,0.2949781119823456,111.81576633453369,21.454317569732666,232.4266233444214,240.0,223.63153266906738,42.90863513946533,464.8532466888428,480.0,344.2423896789551,261.45431756973267,344.2423896789551,480.0,0.5378787338733673,0.544696494936943,0.5378787338733673,1.0,120.6108570098877,218.54568243026733,regular_ge32
2026-08-12T15:19:19.241,289,unlabeled,2,0.27450883388519287,213.08615636825562,223.94477105140686,225.02245378494263,240.0,426.17231273651123,447.8895421028137,450.04490756988525,480.0,438.10861015319824,463.94477105140686,438.10861015319824,480.0,0.6845447033643722,0.9665516063570976,0.6845447033643722,1.0,11.936297416687012,16.05522894859314,small_16_32
2026-08-12T15:19:19.241,289,unlabeled,3,0.2363237887620926,261.5247187614441,198.27569699287415,298.20720529556274,235.061678647995,523.0494375228882,396.5513939857483,596.4144105911255,470.12335729599,559.7319240570068,433.33737564086914,559.7319240570068,470.12335729599,0.8745811313390732,0.9027861992518107,0.8745811313390732,0.9794236610333125,36.68248653411865,36.78598165512085,regular_ge32
2026-08-12T15:19:19.241,289,unlabeled,4,0.2363237887620926,243.69011342525482,219.62643164396286,254.17803347110748,235.01123744249344,487.38022685050964,439.2528632879257,508.35606694221497,470.0224748849869,497.8681468963623,454.6376690864563,497.8681468963623,470.0224748849869,0.7779189795255661,0.947161810596784,0.7779189795255661,0.9792134893437227,10.487920045852661,15.384805798530579,tiny_lt16
2026-08-12T15:19:19.241,289,unlabeled,5,0.218662291765213,220.96896409988403,223.5059933066368,234.98729467391968,238.8907991051674,441.93792819976807,447.0119866132736,469.97458934783936,477.7815982103348,455.9562587738037,462.3967924118042,455.9562587738037,477.7815982103348,0.7124316543340683,0.9633266508579255,0.7124316543340683,0.9953783296048642,14.018330574035645,15.384805798530579,tiny_lt16
2026-08-12T15:19:19.241,289,unlabeled,6,0.21299070119857788,310.18291211128235,198.90070575475693,318.00679659843445,222.58702713251114,620.3658242225647,397.80141150951385,636.0135931968689,445.1740542650223,628.1897087097168,421.48773288726807,628.1897087097168,445.1740542650223,0.9815464198589325,0.8780994435151418,0.9815464198589325,0.9274459463854631,7.8238844871521,23.68632137775421,small_16_32
2026-08-12T15:19:19.241,289,unlabeled,7,0.2019716501235962,114.81755423545837,222.5571077466011,124.64644360542297,237.00458163022995,229.63510847091675,445.1142154932022,249.29288721084595,474.0091632604599,239.46399784088135,459.56168937683105,239.46399784088135,474.0091632604599,0.37416249662637713,0.9574201862017314,0.37416249662637713,0.9875190901259582,9.8288893699646,14.447473883628845,tiny_lt16
2026-08-12T15:19:19.337,290,unlabeled,1,0.31630825996398926,114.92338299751282,223.50249496102333,125.07661700248718,237.06629452109337,229.84676599502563,447.00498992204666,250.15323400497437,474.13258904218674,240.0,460.5687894821167,240.0,474.13258904218674,0.375,0.9595183114210765,0.375,0.9877762271712224,10.153234004974365,13.563799560070038,tiny_lt16
2026-08-12T15:19:19.337,290,unlabeled,2,0.2949781119823456,105.96213817596436,11.013567447662354,239.40019130706787,191.34162664413452,211.9242763519287,22.027134895324707,478.80038261413574,382.68325328826904,345.3623294830322,202.35519409179688,345.3623294830322,382.68325328826904,0.5396286398172379,0.42157332102457684,0.5396286398172379,0.7972567776838938,133.43805313110352,180.32805919647217,regular_ge32
2026-08-12T15:19:19.428,291,unlabeled,1,0.37690892815589905,114.48803889751434,223.41318073868752,124.975958943367,237.4122777879238,228.9760777950287,446.82636147737503,249.951917886734,474.8245555758476,239.46399784088135,460.8254585266113,239.46399784088135,474.8245555758476,0.37416249662637713,0.9600530385971069,0.37416249662637713,0.9892178241163492,10.487920045852661,13.999097049236298,tiny_lt16
2026-08-12T15:19:19.428,291,unlabeled,2,0.3019951581954956,82.24719524383545,0.0,255.62095165252686,197.60778331756592,164.4943904876709,0.0,511.2419033050537,395.21556663513184,337.8681468963623,197.60778331756592,337.8681468963623,395.21556663513184,0.5279189795255661,0.4116828819115957,0.5279189795255661,0.8233657638231914,173.3737564086914,197.60778331756592,regular_ge32
2026-08-12T15:19:19.428,291,unlabeled,3,0.27450883388519287,243.5576432943344,218.32831847667694,254.04556334018707,236.30935060977936,487.1152865886688,436.6566369533539,508.09112668037415,472.6187012195587,497.6032066345215,454.6376690864563,497.6032066345215,472.6187012195587,0.7775050103664398,0.947161810596784,0.7775050103664398,0.984622294207414,10.487920045852661,17.981032133102417,small_16_32
2026-08-12T15:19:19.428,291,unlabeled,4,0.22444185614585876,213.2096552848816,221.7926850914955,227.22798585891724,240.0,426.4193105697632,443.585370182991,454.4559717178345,480.0,440.4376411437988,461.7926850914955,440.4376411437988,480.0,0.6881838142871857,0.9620680939406157,0.6881838142871857,1.0,14.018330574035645,18.207314908504486,small_16_32
2026-08-12T15:19:19.428,291,unlabeled,5,0.218662291765213,280.3125238418579,202.03740119934082,302.15056896209717,232.0946502685547,560.6250476837158,404.07480239868164,604.3011379241943,464.1893005371094,582.4630928039551,434.1320514678955,582.4630928039551,464.1893005371094,0.9100985825061798,0.904441773891449,0.9100985825061798,0.9670610427856445,21.838045120239258,30.057249069213867,small_16_32
2026-08-12T15:19:19.428,291,unlabeled,6,0.20742715895175934,254.55999493598938,200.84592163562775,281.6823947429657,235.59239089488983,509.11998987197876,401.6918432712555,563.3647894859314,471.18478178977966,536.2423896789551,436.4383125305176,536.2423896789551,471.18478178977966,0.8378787338733673,0.9092464844385783,0.8378787338733673,0.9816349620620409,27.12239980697632,34.746469259262085,regular_ge32
2026-08-12T15:19:19.428,291,unlabeled,7,0.20742715895175934,225.8881652355194,221.60324615240097,235.717054605484,236.98805195093155,451.7763304710388,443.20649230480194,471.434109210968,473.9761039018631,461.6052198410034,458.5912981033325,461.6052198410034,473.9761039018631,0.7212581560015678,0.955398537715276,0.7212581560015678,0.9874502164622148,9.8288893699646,15.384805798530579,tiny_lt16
2026-08-12T15:19:19.512,292,unlabeled,1,0.3019951581954956,86.90726470947266,0.0,252.26727676391602,208.08044052124023,173.8145294189453,0.0,504.53455352783203,416.16088104248047,339.1745414733887,208.08044052124023,339.1745414733887,416.16088104248047,0.5299602210521698,0.4335009177525838,0.5299602210521698,0.8670018355051676,165.36001205444336,208.08044052124023,regular_ge32
2026-08-12T15:19:19.512,292,unlabeled,2,0.24863308668136597,244.54363465309143,218.43025082349777,254.37252402305603,235.86171799898148,489.08726930618286,436.86050164699554,508.74504804611206,471.72343599796295,498.91615867614746,454.29196882247925,498.91615867614746,471.72343599796295,0.7795564979314804,0.9464416017134984,0.7795564979314804,0.9827571583290895,9.8288893699646,17.431467175483704,small_16_32
2026-08-12T15:19:19.512,292,unlabeled,3,0.22444185614585876,115.39498120546341,224.1178424358368,124.60501879453659,236.4509470462799,230.78996241092682,448.2356848716736,249.21003758907318,472.9018940925598,240.0,460.5687894821167,240.0,472.9018940925598,0.375,0.9595183114210765,0.375,0.9852122793594996,9.210037589073181,12.333104610443115,tiny_lt16
2026-08-12T15:19:19.600,293,unlabeled,1,0.24242530763149261,103.88229990005493,0.0,261.2015404701233,217.26016902923584,207.76459980010986,0.0,522.4030809402466,434.5203380584717,365.0838403701782,217.26016902923584,365.0838403701782,434.5203380584717,0.5704435005784034,0.4526253521442413,0.5704435005784034,0.9052507042884826,157.31924057006836,217.26016902923584,regular_ge32
2026-08-12T15:19:19.600,293,unlabeled,2,0.2363237887620926,244.61954027414322,218.9567174911499,253.24860662221909,235.33525133132935,489.23908054828644,437.9134349822998,506.49721324443817,470.6705026626587,497.8681468963623,454.29196882247925,497.8681468963623,470.6705026626587,0.7779189795255661,0.9464416017134984,0.7779189795255661,0.9805635472138723,8.629066348075867,16.378533840179443,small_16_32
2026-08-12T15:19:19.688,294,unlabeled,1,0.27450883388519287,97.89116668701172,0.0,260.57192611694336,194.17939805984497,195.78233337402344,0.0,521.1438522338867,388.35879611968994,358.4630928039551,194.17939805984497,358.4630928039551,388.35879611968994,0.5600985825061798,0.40454041262467705,0.5600985825061798,0.8090808252493541,162.68075942993164,194.17939805984497,regular_ge32
2026-08-12T15:19:19.688,294,unlabeled,2,0.22444185614585876,244.4765955209732,219.4706279039383,253.3915513753891,235.3450745344162,488.9531910419464,438.9412558078766,506.7831027507782,470.6901490688324,497.8681468963623,454.8157024383545,497.8681468963623,470.6901490688324,0.7779189795255661,0.9475327134132385,0.7779189795255661,0.9806044772267342,8.914955854415894,15.874446630477905,tiny_lt16
2026-08-12T15:19:19.773,295,unlabeled,1,0.33097806572914124,97.47519874572754,0.0,246.76719093322754,187.29513216018677,194.95039749145508,0.0,493.5343818664551,374.59026432037354,344.2423896789551,187.29513216018677,344.2423896789551,374.59026432037354,0.5378787338733673,0.3901981920003891,0.5378787338733673,0.7803963840007782,149.2919921875,187.29513216018677,regular_ge32
2026-08-12T15:19:19.773,295,unlabeled,2,0.21299070119857788,114.6084486246109,223.53958237171173,123.5234044790268,236.27070891857147,229.2168972492218,447.07916474342346,247.0468089580536,472.54141783714294,238.1318531036377,459.8102912902832,238.1318531036377,472.54141783714294,0.3720810204744339,0.9579381068547567,0.3720810204744339,0.9844612871607145,8.914955854415894,12.731126546859741,tiny_lt16
2026-08-12T15:19:19.851,296,unlabeled,1,0.28123316168785095,100.93788051605225,82.5266683101654,151.39387035369873,180.65547108650208,201.8757610321045,165.0533366203308,302.78774070739746,361.31094217300415,252.33175086975098,263.1821393966675,252.33175086975098,361.31094217300415,0.3942683607339859,0.5482961237430573,0.3942683607339859,0.752731129527092,50.455989837646484,98.12880277633667,regular_ge32
2026-08-12T15:19:19.851,296,unlabeled,2,0.20742715895175934,113.23277080059052,224.23198372125626,125.96360409259796,237.37323611974716,226.46554160118103,448.4639674425125,251.92720818519592,474.7464722394943,239.19637489318848,461.6052198410034,239.19637489318848,474.7464722394943,0.373744335770607,0.9616775413354238,0.373744335770607,0.9890551504989465,12.730833292007446,13.141252398490906,tiny_lt16
2026-08-12T15:19:20.385,302,unlabeled,1,0.3019951581954956,223.77332377433777,1.0081236362457275,231.59720826148987,17.38665747642517,447.54664754867554,2.016247272491455,463.19441652297974,34.77331495285034,455.37053203582764,18.3947811126709,455.37053203582764,34.77331495285034,0.7115164563059807,0.0383224606513977,0.7115164563059807,0.07244440615177154,7.8238844871521,16.378533840179443,small_16_32
2026-08-12T15:19:20.460,303,unlabeled,1,0.2363237887620926,226.76071494817734,1.8430030047893524,234.84450489282608,12.024946480989456,453.5214298963547,3.686006009578705,469.68900978565216,24.049892961978912,461.6052198410034,13.867949485778809,461.6052198410034,24.049892961978912,0.7212581560015678,0.02889156142870585,0.7212581560015678,0.0501039436707894,8.083789944648743,10.181943476200104,tiny_lt16
2026-08-12T15:19:20.723,306,unlabeled,1,0.36130279302597046,231.0707734823227,217.3276967406273,241.55869352817535,237.66949659585953,462.1415469646454,434.6553934812546,483.1173870563507,475.33899319171906,472.62946701049805,454.9971933364868,472.62946701049805,475.33899319171906,0.7384835422039032,0.9479108194510142,0.7384835422039032,0.9902895691494147,10.487920045852661,20.34179985523224,small_16_32
2026-08-12T15:19:20.723,306,unlabeled,2,0.24863308668136597,239.04962956905365,205.90784603357315,251.7804628610611,235.09495967626572,478.0992591381073,411.8156920671463,503.5609257221222,470.18991935253143,490.83009243011475,441.00280570983887,490.83009243011475,470.18991935253143,0.7669220194220543,0.918755845228831,0.7669220194220543,0.9795623319844405,12.730833292007446,29.187113642692566,small_16_32
2026-08-12T15:19:20.723,306,unlabeled,3,0.21299070119857788,258.6203724145889,199.02857792377472,274.54953610897064,233.7750471830368,517.2407448291779,398.05715584754944,549.0990722179413,467.5500943660736,533.1699085235596,432.8036251068115,533.1699085235596,467.5500943660736,0.8330779820680618,0.901674218972524,0.8330779820680618,0.9740626965959867,15.929163694381714,34.746469259262085,regular_ge32
2026-08-12T15:19:20.801,307,unlabeled,1,0.21299070119857788,17.581314086914062,178.5280328989029,72.45864295959473,218.55580747127533,35.162628173828125,357.0560657978058,144.91728591918945,437.11161494255066,90.03995704650879,397.0838403701782,90.03995704650879,437.11161494255066,0.14068743288517,0.8272580007712046,0.14068743288517,0.9106491977969805,54.877328872680664,40.02777457237244,regular_ge32
2026-08-12T15:19:21.849,319,unlabeled,1,0.21299070119857788,51.91614294052124,8.96900749206543,277.5231566429138,234.96990776062012,103.83228588104248,17.93801498413086,555.0463132858276,469.93981552124023,329.43929958343506,243.93891525268555,329.43929958343506,469.93981552124023,0.5147489055991172,0.5082060734430949,0.5147489055991172,0.9790412823359171,225.60701370239258,226.0009002685547,regular_ge32
2026-08-12T15:19:21.943,320,unlabeled,1,0.2613641023635864,66.51548099517822,8.457629203796387,263.37590885162354,234.45852947235107,133.03096199035645,16.915258407592773,526.7518177032471,468.91705894470215,329.89138984680176,242.91615867614746,329.89138984680176,468.91705894470215,0.5154552966356277,0.5060753305753072,0.5154552966356277,0.9769105394681294,196.8604278564453,226.0009002685547,regular_ge32
2026-08-12T15:19:22.032,321,unlabeled,1,0.24242530763149261,88.40630626678467,27.719727277755737,245.72554683685303,234.91794180870056,176.81261253356934,55.439454555511475,491.45109367370605,469.8358836174011,334.1318531036377,262.6376690864563,334.1318531036377,469.8358836174011,0.5220810204744339,0.5471618105967839,0.5220810204744339,0.9788247575362523,157.31924057006836,207.19821453094482,regular_ge32
2026-08-12T15:19:22.108,322,unlabeled,1,0.2880568504333496,101.26159381866455,41.827106952667236,242.5801248550415,240.0,202.5231876373291,83.65421390533447,485.160249710083,480.0,343.84171867370605,281.82710695266724,343.84171867370605,480.0,0.5372526854276657,0.58713980615139,0.5372526854276657,1.0,141.31853103637695,198.17289304733276,regular_ge32
2026-08-12T15:19:22.203,323,unlabeled,1,0.26788532733917236,93.33974266052246,50.189711809158325,274.66025733947754,240.0,186.67948532104492,100.37942361831665,549.3205146789551,480.0,368.0,290.1897118091583,368.0,480.0,0.575,0.6045618996024131,0.575,1.0,181.32051467895508,189.81028819084167,regular_ge32
2026-08-12T15:19:22.290,324,unlabeled,1,0.32359981536865234,72.82026290893555,58.896902561187744,238.1802749633789,239.2249617576599,145.6405258178711,117.79380512237549,476.3605499267578,478.4499235153198,311.00053787231445,298.12186431884766,311.00053787231445,478.4499235153198,0.48593834042549133,0.6210872173309326,0.48593834042549133,0.9967706739902497,165.36001205444336,180.32805919647217,regular_ge32
2026-08-12T15:19:22.384,325,unlabeled,1,0.37690892815589905,79.93614387512207,72.04401540756226,234.57612228393555,240.0,159.87228775024414,144.0880308151245,469.1522445678711,480.0,314.5122661590576,312.04401540756226,314.5122661590576,480.0,0.4914254158735275,0.6500916987657547,0.4914254158735275,1.0,154.63997840881348,167.95598459243774,regular_ge32
2026-08-12T15:19:22.474,326,unlabeled,1,0.3384403884410858,75.75012445449829,81.07348430156708,227.71387338638306,240.0,151.50024890899658,162.14696860313416,455.4277467727661,480.0,303.46399784088135,321.0734843015671,303.46399784088135,480.0,0.4741624966263771,0.6689030922949314,0.4741624966263771,1.0,151.96374893188477,158.92651569843292,regular_ge32
2026-08-12T15:19:22.561,327,unlabeled,1,0.35360580682754517,79.28423023223877,97.16149520874023,202.42380237579346,240.0,158.56846046447754,194.32299041748047,404.8476047515869,480.0,281.7080326080322,337.16149520874023,281.7080326080322,480.0,0.44016880095005034,0.7024197816848755,0.44016880095005034,1.0,123.13957214355469,142.83850479125977,regular_ge32
2026-08-12T15:19:22.651,328,unlabeled,1,0.36130279302597046,70.86824417114258,109.03903293609619,204.3062973022461,239.06935024261475,141.73648834228516,218.07806587219238,408.6125946044922,478.1387004852295,275.1745414733887,348.10838317871094,275.1745414733887,478.1387004852295,0.4299602210521698,0.7252257982889811,0.4299602210521698,0.9961222926775615,133.43805313110352,130.03031730651855,regular_ge32
2026-08-12T15:19:22.726,329,unlabeled,1,0.34598395228385925,71.20401906967163,125.94756889343262,199.4586043357849,239.9203805923462,142.40803813934326,251.89513778686523,398.9172086715698,479.8407611846924,270.66262340545654,365.8679494857788,270.66262340545654,479.8407611846924,0.42291034907102587,0.7622248947620391,0.42291034907102587,0.9996682524681091,128.25458526611328,113.97281169891357,regular_ge32
2026-08-12T15:19:22.822,330,unlabeled,1,0.441620409488678,76.2549934387207,135.41448068618774,189.40885162353516,240.0,152.5099868774414,270.8289613723755,378.8177032470703,480.0,265.66384506225586,375.41448068618774,265.66384506225586,480.0,0.41509975790977477,0.7821135014295578,0.41509975790977477,1.0,113.15385818481445,104.58551931381226,regular_ge32
2026-08-12T15:19:22.897,331,unlabeled,1,0.31630825996398926,73.51187324523926,139.8974289894104,174.73051643371582,239.97596883773804,147.02374649047852,279.7948579788208,349.46103286743164,479.9519376754761,248.24238967895508,379.87339782714844,248.24238967895508,479.9519376754761,0.3878787338733673,0.7914029121398926,0.3878787338733673,0.9998998701572418,101.21864318847656,100.07853984832764,regular_ge32
2026-08-12T15:19:22.989,332,unlabeled,1,0.40887001156806946,65.01034164428711,136.18465948104858,178.16419982910156,240.0,130.02068328857422,272.36931896209717,356.3283996582031,480.0,243.17454147338867,376.1846594810486,243.17454147338867,480.0,0.3799602210521698,0.7837180405855179,0.3799602210521698,1.0,113.15385818481445,103.81534051895142,regular_ge32
2026-08-12T15:19:23.083,333,unlabeled,1,0.4498997628688812,61.25261688232422,134.1332232952118,184.3921890258789,240.0,122.50523376464844,268.2664465904236,368.7843780517578,480.0,245.64480590820312,374.1332232952118,245.64480590820312,480.0,0.3838200092315674,0.7794442151983579,0.3838200092315674,1.0,123.13957214355469,105.86677670478821,regular_ge32
2026-08-12T15:19:23.171,334,unlabeled,1,0.4748867154121399,60.54673099517822,133.18010592460632,178.64964389801025,240.0,121.09346199035645,266.36021184921265,357.2992877960205,480.0,239.19637489318848,373.1801059246063,239.19637489318848,480.0,0.373744335770607,0.7774585540095965,0.373744335770607,1.0,118.10291290283203,106.81989407539368,regular_ge32
2026-08-12T15:19:23.260,335,unlabeled,1,0.4748867154121399,61.48394298553467,135.0274214744568,179.5868558883667,240.0,122.96788597106934,270.0548429489136,359.1737117767334,480.0,241.07079887390137,375.0274214744568,241.07079887390137,480.0,0.37667312324047086,0.7813071280717849,0.37667312324047086,1.0,118.10291290283203,104.97257852554321,regular_ge32
2026-08-12T15:19:23.350,336,unlabeled,1,0.4498997628688812,64.5564022064209,135.85956716537476,182.65931510925293,240.0,129.1128044128418,271.7191343307495,365.31863021850586,480.0,247.21571731567383,375.85956716537476,247.21571731567383,480.0,0.38627455830574037,0.7830407649278641,0.38627455830574037,1.0,118.10291290283203,104.14043283462524,regular_ge32
2026-08-12T15:19:23.443,337,unlabeled,1,0.30910593271255493,76.60066795349121,138.21478724479675,189.75452613830566,240.0,153.20133590698242,276.4295744895935,379.5090522766113,480.0,266.3551940917969,378.21478724479675,266.3551940917969,480.0,0.4161799907684326,0.7879474734266599,0.4161799907684326,1.0,113.15385818481445,101.78521275520325,regular_ge32
2026-08-12T15:19:23.524,338,unlabeled,1,0.40887001156806946,93.00430965423584,141.35650944709778,178.727614402771,239.48531222343445,186.00861930847168,282.71301889419556,357.455228805542,478.9706244468689,271.73192405700684,380.8418216705322,271.73192405700684,478.9706244468689,0.42458113133907316,0.7934204618136088,0.42458113133907316,0.9978554675976435,85.72330474853516,98.12880277633667,regular_ge32
2026-08-12T15:19:23.602,339,unlabeled,1,0.40887001156806946,84.40042448043823,145.17974245548248,181.03887510299683,240.0,168.80084896087646,290.35948491096497,362.07775020599365,480.0,265.43929958343506,385.1797424554825,265.43929958343506,480.0,0.41474890559911726,0.8024577967822552,0.41474890559911726,1.0,96.6384506225586,94.82025754451752,regular_ge32
2026-08-12T15:19:23.691,340,unlabeled,1,0.5,92.58996486663818,146.49446976184845,182.5845766067505,240.0,185.17992973327637,292.9889395236969,365.169153213501,480.0,275.1745414733887,386.49446976184845,275.1745414733887,480.0,0.4299602210521698,0.805196812003851,0.4299602210521698,1.0,89.9946117401123,93.50553023815155,regular_ge32
2026-08-12T15:19:23.774,341,unlabeled,1,0.4665374755859375,92.27292346954346,147.26431941986084,188.91137409210205,239.61899852752686,184.5458469390869,294.5286388397217,377.8227481842041,479.2379970550537,281.1842975616455,386.8833179473877,281.1842975616455,479.2379970550537,0.43935046494007113,0.806006912390391,0.43935046494007113,0.9984124938646952,96.6384506225586,92.35467910766602,regular_ge32
2026-08-12T15:19:23.861,342,unlabeled,1,0.4498997628688812,106.02948069572449,162.62493920326233,187.6123034954071,240.0,212.05896139144897,325.24987840652466,375.2246069908142,480.0,293.6417841911316,402.62493920326233,293.6417841911316,480.0,0.4588152877986431,0.8388019566734631,0.4588152877986431,1.0,81.58282279968262,77.37506079673767,regular_ge32
2026-08-12T15:19:23.945,343,unlabeled,1,0.4498997628688812,108.04051113128662,166.16420364379883,189.62333393096924,240.0,216.08102226257324,332.32840728759766,379.2466678619385,480.0,297.66384506225586,406.1642036437988,297.66384506225586,480.0,0.46509975790977476,0.8461754242579143,0.46509975790977476,1.0,81.58282279968262,73.83579635620117,regular_ge32
2026-08-12T15:19:24.020,344,unlabeled,1,0.4251631200313568,107.0136661529541,164.59736561775208,190.65017890930176,240.0,214.0273323059082,329.19473123550415,381.3003578186035,480.0,297.66384506225586,404.5973656177521,297.66384506225586,480.0,0.46509975790977476,0.8429111783703168,0.46509975790977476,1.0,83.63651275634766,75.40263438224792,regular_ge32
2026-08-12T15:19:24.110,345,unlabeled,1,0.5,105.68034029006958,164.69156193733215,189.31685304641724,240.0,211.36068058013916,329.3831238746643,378.6337060928345,480.0,294.9971933364868,404.69156193733215,294.9971933364868,480.0,0.46093311458826064,0.8431074207027753,0.46093311458826064,1.0,83.63651275634766,75.30843806266785,regular_ge32
2026-08-12T15:19:24.193,346,unlabeled,1,0.5417929887771606,110.89060878753662,157.56730318069458,190.45319652557373,240.0,221.78121757507324,315.13460636138916,380.90639305114746,480.0,301.34380531311035,397.5673031806946,301.34380531311035,480.0,0.4708496958017349,0.8282652149597803,0.4708496958017349,1.0,79.56258773803711,82.43269681930542,regular_ge32
2026-08-12T15:19:24.283,347,unlabeled,1,0.5748369097709656,110.98136901855469,151.716623544693,196.70467376708984,240.0,221.96273803710938,303.433247089386,393.4093475341797,480.0,307.68604278564453,391.716623544693,307.68604278564453,480.0,0.4807594418525696,0.8160762990514437,0.4807594418525696,1.0,85.72330474853516,88.283376455307,regular_ge32
2026-08-12T15:19:24.368,348,unlabeled,1,0.5911299586296082,107.62650966644287,148.64822006225586,199.80470180511475,240.0,215.25301933288574,297.2964401245117,399.6094036102295,480.0,307.4312114715576,388.64822006225586,307.4312114715576,480.0,0.4803612679243088,0.8096837917963664,0.4803612679243088,1.0,92.17819213867188,91.35177993774414,regular_ge32
2026-08-12T15:19:24.456,349,unlabeled,1,0.5666266083717346,105.20531463623047,149.04886507987976,199.59831047058105,240.0,210.41062927246094,298.0977301597595,399.1966209411621,480.0,304.8036251068115,389.04886507987976,304.8036251068115,480.0,0.476255664229393,0.8105184689164162,0.476255664229393,1.0,94.39299583435059,90.95113492012024,regular_ge32
2026-08-12T15:19:24.548,350,unlabeled,1,0.5748369097709656,108.20427417755127,151.23770666122437,193.92757892608643,240.0,216.40854835510254,302.47541332244873,387.85515785217285,480.0,302.1318531036377,391.23770666122437,302.1318531036377,480.0,0.4720810204744339,0.8150785555442174,0.4720810204744339,1.0,85.72330474853516,88.76229333877563,regular_ge32
2026-08-12T15:19:24.633,351,unlabeled,1,0.5666266083717346,110.79710340499878,153.6165533065796,186.4207158088684,240.0,221.59420680999756,307.2331066131592,372.8414316177368,480.0,297.2178192138672,393.6165533065796,297.2178192138672,480.0,0.46440284252166747,0.8200344860553741,0.46440284252166747,1.0,75.62361240386963,86.38344669342041,regular_ge32
2026-08-12T15:19:24.714,352,unlabeled,1,0.5251132845878601,108.53078532218933,157.2845356464386,186.10688376426697,240.0,217.06157064437866,314.5690712928772,372.21376752853394,480.0,294.6376690864563,397.2845356464386,294.6376690864563,480.0,0.460371357947588,0.8276761159300804,0.460371357947588,1.0,77.57609844207764,82.7154643535614,regular_ge32
2026-08-12T15:19:24.805,353,unlabeled,1,0.5167500376701355,106.6711049079895,155.98003244400024,186.2336926460266,240.0,213.342209815979,311.9600648880005,372.4673852920532,480.0,292.9047975540161,395.98003244400024,292.9047975540161,480.0,0.4576637461781502,0.8249584009250005,0.4576637461781502,1.0,79.56258773803711,84.01996755599976,regular_ge32
2026-08-12T15:19:24.895,354,unlabeled,1,0.4251631200313568,105.61700427532196,158.98534083366394,185.17959201335907,240.0,211.23400855064392,317.9706816673279,370.35918402671814,480.0,290.79659628868103,398.98534083366394,290.79659628868103,480.0,0.4543696817010641,0.8312194600701333,0.4543696817010641,1.0,79.56258773803711,81.01465916633606,regular_ge32
2026-08-12T15:19:24.981,355,unlabeled,1,0.4916226267814636,103.06819915771484,158.50137662887573,176.7735195159912,240.0,206.1363983154297,317.00275325775146,353.5470390319824,480.0,279.84171867370605,398.50137662887573,279.84171867370605,480.0,0.4372526854276657,0.8302112013101578,0.4372526854276657,1.0,73.70532035827637,81.49862337112427,regular_ge32
2026-08-12T15:19:25.056,356,unlabeled,1,0.5251132845878601,96.53668689727783,159.28352904319763,178.11950969696045,240.0,193.07337379455566,318.56705808639526,356.2390193939209,480.0,274.6561965942383,399.28352904319763,274.6561965942383,480.0,0.42915030717849734,0.8318406855066617,0.42915030717849734,1.0,81.58282279968262,80.71647095680237,regular_ge32
2026-08-12T15:19:25.149,357,unlabeled,1,0.5666266083717346,96.20827198028564,162.0915048122406,169.913592338562,240.0,192.4165439605713,324.1830096244812,339.827184677124,480.0,266.12186431884766,402.0915048122406,266.12186431884766,480.0,0.41581541299819946,0.8376906350255012,0.41581541299819946,1.0,73.70532035827637,77.9084951877594,regular_ge32
2026-08-12T15:19:25.244,358,unlabeled,1,0.45820698142051697,89.1543961763382,169.1657476425171,170.7372189760208,240.0,178.3087923526764,338.3314952850342,341.4744379520416,480.0,259.891615152359,409.1657476425171,259.891615152359,480.0,0.40608064867556093,0.8524286409219106,0.40608064867556093,1.0,81.58282279968262,70.83425235748291,regular_ge32
2026-08-12T15:19:25.319,359,unlabeled,1,0.34598395228385925,89.04271292686462,169.63629817962646,170.62553572654724,240.0,178.08542585372925,339.27259635925293,341.2510714530945,480.0,259.66824865341187,409.63629817962646,259.66824865341187,480.0,0.40573163852095606,0.8534089545408885,0.40573163852095606,1.0,81.58282279968262,70.36370182037354,regular_ge32
2026-08-12T15:19:25.411,360,unlabeled,1,0.28123316168785095,80.48751640319824,168.7205023765564,168.33034324645996,240.0,160.97503280639648,337.4410047531128,336.6606864929199,480.0,248.8178596496582,408.7205023765564,248.8178596496582,480.0,0.38877790570259096,0.8515010466178258,0.38877790570259096,1.0,87.84282684326172,71.2794976234436,regular_ge32
2026-08-12T15:19:25.500,361,unlabeled,1,0.2949781119823456,81.01644229888916,168.523672580719,168.85926914215088,240.0,162.03288459777832,337.047345161438,337.71853828430176,480.0,249.87571144104004,408.523672580719,249.87571144104004,480.0,0.39043079912662504,0.8510909845431646,0.39043079912662504,1.0,87.84282684326172,71.476327419281,regular_ge32
2026-08-12T15:19:25.589,362,unlabeled,1,0.400795578956604,86.7174357175827,168.59085607528687,172.44074046611786,240.0,173.4348714351654,337.18171215057373,344.8814809322357,480.0,259.15817618370056,408.59085607528687,259.15817618370056,480.0,0.4049346502870321,0.8512309501568477,0.4049346502870321,1.0,85.72330474853516,71.40914392471313,regular_ge32
2026-08-12T15:19:25.678,363,unlabeled,1,0.43337342143058777,83.65894412994385,168.78055953979492,167.2954568862915,240.0,167.3178882598877,337.56111907958984,334.590913772583,480.0,250.95440101623535,408.7805595397949,250.95440101623535,480.0,0.3921162515878677,0.8516261657079061,0.3921162515878677,1.0,83.63651275634766,71.21944046020508,regular_ge32
2026-08-12T15:19:25.753,364,unlabeled,1,0.5251132845878601,85.0301251411438,166.16420364379883,162.60622358322144,240.0,170.0602502822876,332.32840728759766,325.21244716644287,480.0,247.63634872436523,406.1642036437988,247.63634872436523,480.0,0.38693179488182067,0.8461754242579143,0.38693179488182067,1.0,77.57609844207764,73.83579635620117,regular_ge32
2026-08-12T15:19:25.846,365,unlabeled,1,0.5167500376701355,83.49905681610107,167.40869092941284,163.06164455413818,240.0,166.99811363220215,334.8173818588257,326.12328910827637,480.0,246.56070137023926,407.40869092941284,246.56070137023926,480.0,0.3852510958909988,0.8487681061029434,0.3852510958909988,1.0,79.56258773803711,72.59130907058716,regular_ge32
2026-08-12T15:19:25.933,366,unlabeled,1,0.5083773732185364,85.23382139205933,166.06487941741943,162.80991983413696,240.0,170.46764278411865,332.12975883483887,325.6198396682739,480.0,248.0437412261963,406.06487941741943,248.0437412261963,480.0,0.3875683456659317,0.8459684987862904,0.3875683456659317,1.0,77.57609844207764,73.93512058258057,regular_ge32
2026-08-12T15:19:26.015,367,unlabeled,1,0.45820698142051697,85.62387275695801,164.3045027256012,165.18646049499512,240.0,171.24774551391602,328.6090054512024,330.37292098999023,480.0,250.81033325195312,404.3045027256012,250.81033325195312,480.0,0.3918911457061768,0.8423010473450024,0.3918911457061768,1.0,79.56258773803711,75.6954972743988,regular_ge32
2026-08-12T15:19:26.093,368,unlabeled,1,0.4169939160346985,84.7561902999878,164.20349144935608,166.3390130996704,240.0,169.5123805999756,328.40698289871216,332.6780261993408,480.0,251.0952033996582,404.2034914493561,251.0952033996582,480.0,0.3923362553119659,0.8420906071861585,0.3923362553119659,1.0,81.58282279968262,75.79650855064392,regular_ge32
2026-08-12T15:19:26.186,369,unlabeled,1,0.4832499325275421,92.30943763256073,164.62796306610107,166.0147579908371,240.0,184.61887526512146,329.25592613220215,332.0295159816742,480.0,258.3241956233978,404.6279630661011,258.3241956233978,480.0,0.4036315556615591,0.8429749230543773,0.4036315556615591,1.0,73.70532035827637,75.37203693389893,regular_ge32
2026-08-12T15:19:26.277,370,unlabeled,1,0.5167500376701355,94.5931214094162,165.0973138809204,164.56505477428436,240.0,189.1862428188324,330.1946277618408,329.1301095485687,480.0,259.15817618370056,405.0973138809204,259.15817618370056,480.0,0.4049346502870321,0.8439527372519176,0.4049346502870321,1.0,69.97193336486816,74.90268611907959,regular_ge32
2026-08-12T15:19:26.364,371,unlabeled,1,0.5334624648094177,93.41974020004272,167.84514379501343,169.04335260391235,240.0,186.83948040008545,335.69028759002686,338.0867052078247,480.0,262.4630928039551,407.8451437950134,262.4630928039551,480.0,0.4100985825061798,0.8496773829062779,0.4100985825061798,1.0,75.62361240386963,72.15485620498657,regular_ge32
2026-08-12T15:19:26.450,372,unlabeled,1,0.43337342143058777,95.64707040786743,171.07059741020203,169.3523907661438,240.0,191.29414081573486,342.14119482040405,338.7047815322876,480.0,264.99946117401123,411.070597410202,264.99946117401123,480.0,0.41406165808439255,0.8563970779379209,0.41406165808439255,1.0,73.70532035827637,68.92940258979797,regular_ge32
2026-08-12T15:19:26.534,373,unlabeled,1,0.3384403884410858,104.51430225372314,176.68637025356293,174.4862356185913,240.0,209.0286045074463,353.37274050712585,348.9724712371826,480.0,279.00053787231445,416.6863702535629,279.00053787231445,480.0,0.43593834042549134,0.8680966046949228,0.43593834042549134,1.0,69.97193336486816,63.31362974643707,regular_ge32
2026-08-12T15:19:26.612,374,unlabeled,1,0.33097806572914124,115.32436001300812,176.83934271335602,176.5672551393509,240.0,230.64872002601624,353.67868542671204,353.1345102787018,480.0,291.891615152359,416.839342713356,291.891615152359,480.0,0.456080648675561,0.8684152973194917,0.456080648675561,1.0,61.24289512634277,63.16065728664398,regular_ge32
2026-08-12T15:19:26.708,375,unlabeled,1,0.4251631200313568,112.7952139377594,176.29537212848663,182.76714730262756,240.0,225.5904278755188,352.59074425697327,365.5342946052551,480.0,295.56236124038696,416.29537212848663,295.56236124038696,480.0,0.46181618943810465,0.8672820252676805,0.46181618943810465,1.0,69.97193336486816,63.70462787151337,regular_ge32
2026-08-12T15:19:26.801,376,unlabeled,1,0.441620409488678,108.26952075958252,165.32385230064392,189.85234355926514,240.0,216.53904151916504,330.64770460128784,379.7046871185303,480.0,298.12186431884766,405.3238523006439,298.12186431884766,480.0,0.46581541299819945,0.8444246922930082,0.46581541299819945,1.0,81.58282279968262,74.67614769935608,regular_ge32
2026-08-12T15:19:26.887,377,unlabeled,1,0.5,121.77287101745605,160.15225744247437,193.59426498413086,240.0,243.5457420349121,320.30451488494873,387.1885299682617,480.0,315.3671360015869,400.15225744247437,315.3671360015869,480.0,0.49276115000247955,0.8336505363384883,0.49276115000247955,1.0,71.8213939666748,79.84774255752563,regular_ge32
2026-08-12T15:19:26.978,378,unlabeled,1,0.4498997628688812,122.65360975265503,160.18875670433044,200.22970819473267,240.0,245.30721950531006,320.3775134086609,400.45941638946533,480.0,322.8833179473877,400.18875670433044,322.8833179473877,480.0,0.5045051842927932,0.833726576467355,0.5045051842927932,1.0,77.57609844207764,79.81124329566956,regular_ge32
2026-08-12T15:19:27.073,379,unlabeled,1,0.5417929887771606,125.41974020004272,157.96911573410034,201.04335260391235,240.0,250.83948040008545,315.9382314682007,402.0867052078247,480.0,326.4630928039551,397.96911573410034,326.4630928039551,480.0,0.5100985825061798,0.8291023244460424,0.5100985825061798,1.0,75.62361240386963,82.03088426589966,regular_ge32
2026-08-12T15:19:27.157,380,unlabeled,1,0.5501002073287964,126.37001943588257,157.4452681541443,201.9936318397522,240.0,252.74003887176514,314.8905363082886,403.9872636795044,480.0,328.36365127563477,397.4452681541443,328.36365127563477,480.0,0.5130682051181793,0.8280109753211339,0.5130682051181793,1.0,75.62361240386963,82.55473184585571,regular_ge32
2026-08-12T15:19:27.231,381,unlabeled,1,0.5501002073287964,127.64707040786743,158.89540147781372,201.3523907661438,240.0,255.29414081573486,317.79080295562744,402.7047815322876,480.0,328.99946117401123,398.8954014778137,328.99946117401123,480.0,0.5140616580843925,0.8310320864121119,0.5140616580843925,1.0,73.70532035827637,81.10459852218628,regular_ge32
2026-08-12T15:19:27.325,382,unlabeled,1,0.5417929887771606,127.75624942779541,158.89540147781372,201.46156978607178,240.0,255.51249885559082,317.79080295562744,402.92313957214355,480.0,329.2178192138672,398.8954014778137,329.2178192138672,480.0,0.5144028425216675,0.8310320864121119,0.5144028425216675,1.0,73.70532035827637,81.10459852218628,regular_ge32
2026-08-12T15:19:27.413,383,unlabeled,1,0.5417929887771606,127.48384284973145,159.15457391738892,203.10745525360107,240.0,254.9676856994629,318.30914783477783,406.21491050720215,480.0,330.5912981033325,399.1545739173889,330.5912981033325,480.0,0.5165489032864571,0.8315720289945603,0.5165489032864571,1.0,75.62361240386963,80.84542608261108,regular_ge32
2026-08-12T15:19:27.496,384,unlabeled,1,0.5417929887771606,127.24912595748901,159.15457391738892,202.87273836135864,240.0,254.49825191497803,318.30914783477783,405.7454767227173,480.0,330.12186431884766,399.1545739173889,330.12186431884766,480.0,0.5158154129981994,0.8315720289945603,0.5158154129981994,1.0,75.62361240386963,80.84542608261108,regular_ge32
2026-08-12T15:19:27.576,385,unlabeled,1,0.5501002073287964,128.86009645462036,160.1975314617157,204.48370885849,240.0,257.7201929092407,320.3950629234314,408.96741771698,480.0,333.34380531311035,400.1975314617157,333.34380531311035,480.0,0.5208496958017349,0.8337448572119077,0.5208496958017349,1.0,75.62361240386963,79.8024685382843,regular_ge32
2026-08-12T15:19:27.665,386,unlabeled,1,0.558379590511322,128.47258853912354,159.53676080703735,204.09620094299316,240.0,256.94517707824707,319.0735216140747,408.1924018859863,480.0,332.5687894821167,399.53676080703735,332.5687894821167,480.0,0.5196387335658074,0.8323682516813278,0.5196387335658074,1.0,75.62361240386963,80.46323919296265,regular_ge32
2026-08-12T15:19:27.755,387,unlabeled,1,0.5666266083717346,129.1221685409546,160.32494711875916,204.74578094482422,240.0,258.2443370819092,320.6498942375183,409.49156188964844,480.0,333.8679494857788,400.32494711875916,333.8679494857788,480.0,0.5216686710715294,0.8340103064974149,0.5216686710715294,1.0,75.62361240386963,79.67505288124084,regular_ge32
2026-08-12T15:19:27.830,388,unlabeled,1,0.5501002073287964,127.36892938613892,159.53676080703735,204.94502782821655,240.0,254.73785877227783,319.0735216140747,409.8900556564331,480.0,332.31395721435547,399.53676080703735,332.31395721435547,480.0,0.5192405581474304,0.8323682516813278,0.5192405581474304,1.0,77.57609844207764,80.46323919296265,regular_ge32
2026-08-12T15:19:27.924,389,unlabeled,1,0.5501002073287964,128.47258853912354,161.6063096523285,204.09620094299316,240.0,256.94517707824707,323.212619304657,408.1924018859863,480.0,332.5687894821167,401.6063096523285,332.5687894821167,480.0,0.5196387335658074,0.8366798117756844,0.5196387335658074,1.0,75.62361240386963,78.39369034767151,regular_ge32
2026-08-12T15:19:28.010,390,unlabeled,1,0.5501002073287964,126.58033514022827,159.53676080703735,202.2039475440979,240.0,253.16067028045654,319.0735216140747,404.4078950881958,480.0,328.7842826843262,399.53676080703735,328.7842826843262,480.0,0.5137254416942596,0.8323682516813278,0.5137254416942596,1.0,75.62361240386963,80.46323919296265,regular_ge32
2026-08-12T15:19:28.085,391,unlabeled,1,0.5501002073287964,125.41974020004272,160.82423281669617,201.04335260391235,240.0,250.83948040008545,321.64846563339233,402.0867052078247,480.0,326.4630928039551,400.82423281669617,326.4630928039551,480.0,0.5100985825061798,0.8350504850347836,0.5100985825061798,1.0,75.62361240386963,79.17576718330383,regular_ge32
2026-08-12T15:19:28.169,392,unlabeled,1,0.5167500376701355,124.50462508201599,160.58454394340515,200.12823748588562,240.0,249.00925016403198,321.1690878868103,400.25647497177124,480.0,324.6328625679016,400.58454394340515,324.6328625679016,480.0,0.5072388477623463,0.8345511332154274,0.5072388477623463,1.0,75.62361240386963,79.41545605659485,regular_ge32
2026-08-12T15:19:28.255,393,unlabeled,1,0.400795578956604,121.3669376373291,159.67931628227234,195.07225799560547,240.0,242.7338752746582,319.3586325645447,390.14451599121094,480.0,316.43919563293457,399.67931628227234,316.43919563293457,480.0,0.4944362431764603,0.832665242254734,0.4944362431764603,1.0,73.70532035827637,80.32068371772766,regular_ge32
2026-08-12T15:19:28.330,394,unlabeled,1,0.4832499325275421,119.1260495185852,158.89540147781372,194.74966192245483,240.0,238.2520990371704,317.79080295562744,389.49932384490967,480.0,313.87571144104004,398.8954014778137,313.87571144104004,480.0,0.49043079912662507,0.8310320864121119,0.49043079912662507,1.0,75.62361240386963,81.10459852218628,regular_ge32
2026-08-12T15:19:28.425,395,unlabeled,1,0.5501002073287964,112.48670673370361,157.70134115219116,192.04929447174072,240.0,224.97341346740723,315.4026823043823,384.09858894348145,480.0,304.53600120544434,397.70134115219116,304.53600120544434,480.0,0.47583750188350676,0.8285444607337316,0.47583750188350676,1.0,79.56258773803711,82.29865884780884,regular_ge32
2026-08-12T15:19:28.513,396,unlabeled,1,0.5501002073287964,111.12546920776367,159.15061354637146,184.83078956604004,240.0,222.25093841552734,318.3012270927429,369.6615791320801,480.0,295.9562587738037,399.15061354637146,295.9562587738037,480.0,0.4624316543340683,0.8315637782216072,0.4624316543340683,1.0,73.70532035827637,80.84938645362854,regular_ge32
2026-08-12T15:19:28.587,397,unlabeled,1,0.5,108.0774450302124,161.0842354297638,183.70105743408203,240.0,216.1548900604248,322.1684708595276,367.40211486816406,480.0,291.77850246429443,401.0842354297638,291.77850246429443,480.0,0.45590391010046005,0.8355921571453412,0.45590391010046005,1.0,75.62361240386963,78.9157645702362,regular_ge32
2026-08-12T15:19:28.690,398,unlabeled,1,0.36130279302597046,104.95176267623901,158.76469373703003,180.57537508010864,240.0,209.90352535247803,317.52938747406006,361.1507501602173,480.0,285.52713775634766,398.76469373703003,285.52713775634766,480.0,0.4461361527442932,0.8307597786188126,0.4461361527442932,1.0,75.62361240386963,81.23530626296997,regular_ge32
2026-08-12T15:19:28.773,399,unlabeled,1,0.5417929887771606,95.64707040786743,157.96911573410034,169.3523907661438,240.0,191.29414081573486,315.9382314682007,338.7047815322876,480.0,264.99946117401123,397.96911573410034,264.99946117401123,480.0,0.41406165808439255,0.8291023244460424,0.41406165808439255,1.0,73.70532035827637,82.03088426589966,regular_ge32
2026-08-12T15:19:28.866,400,unlabeled,1,0.5083773732185364,94.75782132148743,160.6844446659088,166.57921528816223,240.0,189.51564264297485,321.3688893318176,333.15843057632446,480.0,261.33703660964966,400.6844446659088,261.33703660964966,480.0,0.4083391197025776,0.8347592597206434,0.4083391197025776,1.0,71.8213939666748,79.31555533409119,regular_ge32
2026-08-12T15:19:28.953,401,unlabeled,1,0.441620409488678,92.7264279127121,159.97063207626343,166.43174827098846,237.63458776474,185.4528558254242,319.94126415252686,332.86349654197693,475.26917552948,259.15817618370056,397.6052198410034,259.15817618370056,475.26917552948,0.4049346502870321,0.8283442080020904,0.4049346502870321,0.9901441156864166,73.70532035827637,77.66395568847656,regular_ge32
2026-08-12T15:19:29.042,402,unlabeled,1,0.3690716028213501,94.82574111223221,160.49933385849,162.98276549577713,238.16328954696655,189.65148222446442,320.99866771698,325.96553099155426,476.3265790939331,257.80850660800934,398.66262340545654,257.80850660800934,476.3265790939331,0.4028257915750146,0.8305471320947011,0.4028257915750146,0.9923470397790273,68.15702438354492,77.66395568847656,regular_ge32
2026-08-12T15:19:29.120,403,unlabeled,1,0.4498997628688812,90.34551429748535,160.32122683525085,160.31744766235352,240.0,180.6910285949707,320.6424536705017,320.63489532470703,480.0,250.66296195983887,400.32122683525085,250.66296195983887,480.0,0.39166087806224825,0.8340025559067726,0.39166087806224825,1.0,69.97193336486816,79.67877316474915,regular_ge32
2026-08-12T15:19:29.212,404,unlabeled,1,0.4748867154121399,87.73948860168457,159.92255282402039,161.44480895996094,240.0,175.47897720336914,319.84510564804077,322.8896179199219,480.0,249.1842975616455,399.9225528240204,249.1842975616455,480.0,0.3893504649400711,0.8331719850500424,0.3893504649400711,1.0,73.70532035827637,80.07744717597961,regular_ge32
2026-08-12T15:19:29.296,405,unlabeled,1,0.5251132845878601,85.2424988746643,157.16549062728882,160.86611127853394,240.0,170.4849977493286,314.33098125457764,321.73222255706787,480.0,246.10861015319824,397.1654906272888,246.10861015319824,480.0,0.38454470336437224,0.8274281054735184,0.38454470336437224,1.0,75.62361240386963,82.83450937271118,regular_ge32
2026-08-12T15:19:29.388,406,unlabeled,1,0.5501002073287964,83.25421953201294,160.95131993293762,158.87783193588257,240.0,166.50843906402588,321.90263986587524,317.75566387176514,480.0,242.1320514678955,400.9513199329376,242.1320514678955,480.0,0.37833133041858674,0.8353152498602867,0.37833133041858674,1.0,75.62361240386963,79.04868006706238,regular_ge32
2026-08-12T15:19:29.477,407,unlabeled,1,0.5666266083717346,84.21336555480957,166.9286584854126,157.91868591308594,239.40749645233154,168.42673110961914,333.8573169708252,315.8373718261719,478.8149929046631,242.1320514678955,406.33615493774414,242.1320514678955,478.8149929046631,0.37833133041858674,0.8465336561203003,0.37833133041858674,0.9975312352180481,73.70532035827637,72.47883796691895,regular_ge32
2026-08-12T15:19:29.568,408,unlabeled,1,0.5334624648094177,81.65279340744019,170.2016315460205,157.27640581130981,239.3352756500244,163.30558681488037,340.403263092041,314.55281162261963,478.6705513000488,238.92919921875,409.5369071960449,238.92919921875,478.6705513000488,0.37332687377929685,0.8532018899917603,0.37332687377929685,0.9972303152084351,75.62361240386963,69.1336441040039,regular_ge32
2026-08-12T15:19:29.644,409,unlabeled,1,0.4665374755859375,80.21873664855957,169.62260508537292,155.8423490524292,240.0,160.43747329711914,339.24521017074585,311.6846981048584,480.0,236.06108570098877,409.6226050853729,236.06108570098877,480.0,0.36884544640779493,0.8533804272611936,0.36884544640779493,1.0,75.62361240386963,70.37739491462708,regular_ge32
2026-08-12T15:19:29.737,410,unlabeled,1,0.5251132845878601,81.65279340744019,170.37103366851807,157.27640581130981,239.50467777252197,163.30558681488037,340.74206733703613,314.55281162261963,479.00935554504395,238.92919921875,409.87571144104004,238.92919921875,479.00935554504395,0.37332687377929685,0.8539077321688334,0.37332687377929685,0.9979361573855082,75.62361240386963,69.1336441040039,regular_ge32
2026-08-12T15:19:29.825,411,unlabeled,1,0.4916226267814636,88.08519554138184,161.8514106273651,161.7905158996582,240.0,176.17039108276367,323.7028212547302,323.5810317993164,480.0,249.87571144104004,401.8514106273651,249.87571144104004,480.0,0.39043079912662504,0.8371904388070106,0.39043079912662504,1.0,73.70532035827637,78.14858937263489,regular_ge32
2026-08-12T15:19:29.900,412,unlabeled,1,0.5,88.59070587158203,156.80219960212708,160.41209983825684,238.02789282798767,177.18141174316406,313.60439920425415,320.8241996765137,476.05578565597534,249.00280570983887,394.83009243011475,249.00280570983887,476.05578565597534,0.38906688392162325,0.8225626925627391,0.38906688392162325,0.991782886783282,71.8213939666748,81.2256932258606,regular_ge32
2026-08-12T15:19:29.999,413,unlabeled,1,0.45820698142051697,89.3669376373291,152.97515439987183,163.07225799560547,237.84054803848267,178.7338752746582,305.95030879974365,326.14451599121094,475.68109607696533,252.43919563293457,390.8157024383545,252.43919563293457,475.68109607696533,0.39443624317646026,0.8141993800799052,0.39443624317646026,0.9910022834936778,73.70532035827637,84.86539363861084,regular_ge32
2026-08-12T15:19:30.077,414,unlabeled,1,0.4169939160346985,90.5572738647461,153.47558736801147,162.3786678314209,240.0,181.1145477294922,306.95117473602295,324.7573356628418,480.0,252.935941696167,393.4755873680115,252.935941696167,480.0,0.39521240890026094,0.8197408070166906,0.39521240890026094,1.0,71.8213939666748,86.52441263198853,regular_ge32
2026-08-12T15:19:30.168,415,unlabeled,1,0.40887001156806946,90.51021385192871,156.1396186351776,162.33160781860352,239.17576718330383,181.02042770385742,312.2792372703552,324.66321563720703,478.35153436660767,252.84182167053223,395.31538581848145,252.84182167053223,478.35153436660767,0.3950653463602066,0.8235737204551696,0.3950653463602066,0.9965656965970993,71.8213939666748,83.03614854812622,regular_ge32
2026-08-12T15:19:30.257,416,unlabeled,1,0.5666266083717346,94.83260583877563,154.80064344406128,168.537926197052,240.0,189.66521167755127,309.60128688812256,337.075852394104,480.0,263.37053203582764,394.8006434440613,263.37053203582764,480.0,0.41151645630598066,0.822501340508461,0.41151645630598066,1.0,73.70532035827637,85.19935655593872,regular_ge32
2026-08-12T15:19:30.344,417,unlabeled,1,0.5666266083717346,104.51430225372314,153.9393138885498,174.4862356185913,240.0,209.0286045074463,307.8786277770996,348.9724712371826,480.0,279.00053787231445,393.9393138885498,279.00053787231445,480.0,0.43593834042549134,0.8207069039344788,0.43593834042549134,1.0,69.97193336486816,86.0606861114502,regular_ge32
2026-08-12T15:19:30.424,418,unlabeled,1,0.45820698142051697,110.37015330791473,157.04484629631042,180.3420866727829,238.27053952217102,220.74030661582947,314.08969259262085,360.6841733455658,476.54107904434204,290.71223998069763,395.31538581848145,290.71223998069763,476.54107904434204,0.45423787496984,0.8235737204551696,0.45423787496984,0.9927939146757125,69.97193336486816,81.2256932258606,regular_ge32
2026-08-12T15:19:30.515,419,unlabeled,1,0.558379590511322,111.32084941864014,158.4819257259369,183.14224338531494,240.0,222.64169883728027,316.9638514518738,366.2844867706299,480.0,294.4630928039551,398.4819257259369,294.4630928039551,480.0,0.4600985825061798,0.8301706785957018,0.4600985825061798,1.0,71.8213939666748,81.51807427406311,regular_ge32
2026-08-12T15:19:30.599,420,unlabeled,1,0.5417929887771606,111.62468004226685,158.23599100112915,189.20077848434448,240.0,223.2493600845337,316.4719820022583,378.40155696868896,480.0,300.8254585266113,398.23599100112915,300.8254585266113,480.0,0.4700397789478302,0.8296583145856857,0.4700397789478302,1.0,77.57609844207764,81.76400899887085,regular_ge32
2026-08-12T15:19:30.689,421,unlabeled,1,0.3848111629486084,122.60307598114014,161.76227641105652,194.42446994781494,240.0,245.20615196228027,323.52455282211304,388.8489398956299,480.0,317.0275459289551,401.7622764110565,317.0275459289551,480.0,0.49535554051399233,0.8370047425230344,0.49535554051399233,1.0,71.8213939666748,78.23772358894348,regular_ge32
2026-08-12T15:19:30.776,422,unlabeled,1,0.5,124.64059257507324,165.6508674621582,200.26420497894287,240.0,249.28118515014648,331.3017349243164,400.52840995788574,480.0,324.9047975540161,405.6508674621582,324.9047975540161,480.0,0.5076637461781501,0.8451059738794963,0.5076637461781501,1.0,75.62361240386963,74.3491325378418,regular_ge32
2026-08-12T15:19:30.864,423,unlabeled,1,0.5083773732185364,123.03959822654724,167.37448978424072,202.60218596458435,240.0,246.07919645309448,334.74897956848145,405.2043719291687,480.0,325.6417841911316,407.3744897842407,325.6417841911316,480.0,0.5088152877986432,0.8486968537171682,0.5088152877986432,1.0,79.56258773803711,72.62551021575928,regular_ge32
2026-08-12T15:19:30.950,424,unlabeled,1,0.5251132845878601,126.37001943588257,167.22202157974243,201.9936318397522,240.0,252.74003887176514,334.44404315948486,403.9872636795044,480.0,328.36365127563477,407.22202157974243,328.36365127563477,480.0,0.5130682051181793,0.8483792116244634,0.5130682051181793,1.0,75.62361240386963,72.77797842025757,regular_ge32
2026-08-12T15:19:31.034,425,unlabeled,1,0.5501002073287964,129.78638124465942,163.3871784210205,205.40999364852905,240.0,259.57276248931885,326.774356842041,410.8199872970581,480.0,335.1963748931885,403.3871784210205,335.1963748931885,480.0,0.523744335770607,0.8403899550437928,0.523744335770607,1.0,75.62361240386963,76.61282157897949,regular_ge32
2026-08-12T15:19:31.112,426,unlabeled,1,0.5334624648094177,127.13388872146606,156.89861488342285,202.7575011253357,240.0,254.26777744293213,313.7972297668457,405.5150022506714,480.0,329.89138984680176,396.89861488342285,329.89138984680176,480.0,0.5154552966356277,0.8268721143404643,0.5154552966356277,1.0,75.62361240386963,83.10138511657715,regular_ge32
2026-08-12T15:19:31.209,427,unlabeled,1,0.5501002073287964,129.819242477417,155.0563941001892,203.52456283569336,240.0,259.638484954834,310.1127882003784,407.0491256713867,480.0,333.34380531311035,395.0563941001892,333.34380531311035,480.0,0.5208496958017349,0.8230341543753942,0.5208496958017349,1.0,73.70532035827637,84.94360589981079,regular_ge32
2026-08-12T15:19:31.287,428,unlabeled,1,0.5501002073287964,129.56006908416748,154.67420768737793,203.26538944244385,240.0,259.12013816833496,309.34841537475586,406.5307788848877,480.0,332.8254585266113,394.67420768737793,332.8254585266113,480.0,0.5200397789478302,0.8222379326820374,0.5200397789478302,1.0,73.70532035827637,85.32579231262207,regular_ge32
2026-08-12T15:19:31.386,429,unlabeled,1,0.558379590511322,131.41534042358398,155.31556749343872,205.12066078186035,240.0,262.83068084716797,310.63113498687744,410.2413215637207,480.0,336.53600120544434,395.3155674934387,336.53600120544434,480.0,0.5258375018835068,0.823574098944664,0.5258375018835068,1.0,73.70532035827637,84.68443250656128,regular_ge32
2026-08-12T15:19:31.461,430,unlabeled,1,0.5666266083717346,132.08141326904297,155.18558502197266,205.78673362731934,240.0,264.16282653808594,310.3711700439453,411.5734672546387,480.0,337.8681468963623,395.18558502197266,337.8681468963623,480.0,0.5279189795255661,0.8233033021291097,0.5279189795255661,1.0,73.70532035827637,84.81441497802734,regular_ge32
2026-08-12T15:19:31.553,431,unlabeled,1,0.5748369097709656,134.553560256958,155.0563941001892,206.3749542236328,240.0,269.107120513916,310.1127882003784,412.7499084472656,480.0,340.9285144805908,395.0563941001892,340.9285144805908,480.0,0.5327008038759231,0.8230341543753942,0.5327008038759231,1.0,71.8213939666748,84.94360589981079,regular_ge32
2026-08-12T15:19:31.642,432,unlabeled,1,0.5666266083717346,134.3084592819214,156.50127792358398,206.1298532485962,240.0,268.6169185638428,313.00255584716797,412.2597064971924,480.0,340.4383125305176,396.501277923584,340.4383125305176,480.0,0.5319348633289337,0.8260443290074666,0.5319348633289337,1.0,71.8213939666748,83.49872207641602,regular_ge32
2026-08-12T15:19:31.720,433,unlabeled,1,0.599204421043396,131.68749046325684,156.76569938659668,203.50888442993164,240.0,263.3749809265137,313.53139877319336,407.0177688598633,480.0,335.1963748931885,396.7656993865967,335.1963748931885,480.0,0.523744335770607,0.8265952070554098,0.523744335770607,1.0,71.8213939666748,83.23430061340332,regular_ge32
2026-08-12T15:19:31.815,434,unlabeled,1,0.5830061435699463,127.12546920776367,156.89861488342285,200.83078956604004,240.0,254.25093841552734,313.7972297668457,401.6615791320801,480.0,327.9562587738037,396.89861488342285,327.9562587738037,480.0,0.5124316543340683,0.8268721143404643,0.5124316543340683,1.0,73.70532035827637,83.10138511657715,regular_ge32
2026-08-12T15:19:31.907,435,unlabeled,1,0.5666266083717346,126.54170179367065,158.08011317253113,198.36309576034546,240.0,253.0834035873413,316.16022634506226,396.7261915206909,480.0,324.9047975540161,398.0801131725311,324.9047975540161,480.0,0.5076637461781501,0.8293335691094399,0.5076637461781501,1.0,71.8213939666748,81.91988682746887,regular_ge32
2026-08-12T15:19:32.000,436,unlabeled,1,0.5,125.86970579624176,160.9000210762024,197.69109976291656,238.56397676467896,251.73941159248352,321.8000421524048,395.38219952583313,477.1279535293579,323.5608055591583,399.46399784088135,323.5608055591583,477.1279535293579,0.5055637586861849,0.8322166621685028,0.5055637586861849,0.9940165698528289,71.8213939666748,77.66395568847656,regular_ge32
2026-08-12T15:19:32.086,437,unlabeled,1,0.40887001156806946,121.7912187576294,161.8730170726776,195.49653911590576,240.0,243.5824375152588,323.7460341453552,390.9930782318115,480.0,317.28775787353516,401.8730170726776,317.28775787353516,480.0,0.4957621216773987,0.837235452234745,0.4957621216773987,1.0,73.70532035827637,78.12698292732239,regular_ge32
2026-08-12T15:19:32.174,438,unlabeled,1,0.5251132845878601,118.75519847869873,168.61459732055664,192.4605188369751,240.0,237.51039695739746,337.2291946411133,384.9210376739502,480.0,311.2157173156738,408.61459732055664,311.2157173156738,480.0,0.48627455830574035,0.851280411084493,0.48627455830574035,1.0,73.70532035827637,71.38540267944336,regular_ge32
2026-08-12T15:19:32.262,439,unlabeled,1,0.400795578956604,109.1137342453003,169.23020696640015,190.6965570449829,240.0,218.2274684906006,338.4604139328003,381.3931140899658,480.0,299.8102912902832,409.23020696640015,299.8102912902832,480.0,0.4684535801410675,0.8525629311800003,0.4684535801410675,1.0,81.58282279968262,70.76979303359985,regular_ge32
2026-08-12T15:19:32.355,440,unlabeled,1,0.441620409488678,105.80342268943787,168.31245470046997,187.38624548912048,240.0,211.60684537887573,336.62490940093994,374.77249097824097,480.0,293.18966817855835,408.31245470046997,293.18966817855835,480.0,0.4581088565289974,0.8506509472926458,0.4581088565289974,1.0,81.58282279968262,71.68754529953003,regular_ge32
2026-08-12T15:19:32.446,441,unlabeled,1,0.5,107.72022271156311,166.92915868759155,183.34383511543274,240.0,215.44044542312622,333.8583173751831,366.6876702308655,480.0,291.06405782699585,406.92915868759155,291.06405782699585,480.0,0.454787590354681,0.847769080599149,0.454787590354681,1.0,75.62361240386963,73.07084131240845,regular_ge32
2026-08-12T15:19:32.533,442,unlabeled,1,0.39277467131614685,107.50329339504242,162.49612045288086,183.12690579891205,240.0,215.00658679008484,324.9922409057617,366.2538115978241,480.0,290.63019919395447,402.49612045288086,290.63019919395447,480.0,0.45410968624055387,0.8385335842768351,0.45410968624055387,1.0,75.62361240386963,77.50387954711914,regular_ge32
2026-08-12T15:19:32.611,443,unlabeled,1,0.558379590511322,102.21142387390137,155.98003244400024,172.18335723876953,240.0,204.42284774780273,311.9600648880005,344.36671447753906,480.0,274.3947811126709,395.98003244400024,274.3947811126709,480.0,0.42874184548854827,0.8249584009250005,0.42874184548854827,1.0,69.97193336486816,84.01996755599976,regular_ge32
2026-08-12T15:19:32.708,444,unlabeled,1,0.5501002073287964,97.87379932403564,157.04484629631042,164.25049018859863,238.27053952217102,195.7475986480713,314.08969259262085,328.50098037719727,476.54107904434204,262.1242895126343,395.31538581848145,262.1242895126343,476.54107904434204,0.40956920236349104,0.8235737204551696,0.40956920236349104,0.9927939146757125,66.37669086456299,81.2256932258606,regular_ge32
2026-08-12T15:19:32.797,445,unlabeled,1,0.4169939160346985,94.9797842502594,158.70376539230347,163.13680863380432,236.36772108078003,189.9595685005188,317.40753078460693,326.27361726760864,472.73544216156006,258.1165928840637,395.0714864730835,258.1165928840637,472.73544216156006,0.40330717638134955,0.823065596818924,0.40330717638134955,0.9848655045032502,68.15702438354492,77.66395568847656,regular_ge32
2026-08-12T15:19:32.884,446,unlabeled,1,0.400795578956604,91.6706600189209,160.14859414100647,159.82768440246582,239.58332991600037,183.3413200378418,320.29718828201294,319.65536880493164,479.16665983200073,251.49834442138672,399.73192405700684,251.49834442138672,479.16665983200073,0.39296616315841676,0.8327748417854309,0.39296616315841676,0.9982638746500015,68.15702438354492,79.4347357749939,regular_ge32
2026-08-12T15:19:32.976,447,unlabeled,1,0.43337342143058777,91.02188205718994,160.81803154945374,159.17890644073486,240.0,182.04376411437988,321.63606309890747,318.3578128814697,480.0,250.2007884979248,400.81803154945374,250.2007884979248,480.0,0.3909387320280075,0.8350375657280286,0.3909387320280075,1.0,68.15702438354492,79.18196845054626,regular_ge32
2026-08-12T15:19:33.071,448,unlabeled,1,0.5,87.90747737884521,159.8808195590973,159.72887134552002,239.3155553340912,175.81495475769043,319.7616391181946,319.45774269104004,478.6311106681824,247.63634872436523,399.1963748931885,247.63634872436523,478.6311106681824,0.38693179488182067,0.8316591143608093,0.38693179488182067,0.9971481472253799,71.8213939666748,79.4347357749939,regular_ge32
2026-08-12T15:19:33.162,449,unlabeled,1,0.5251132845878601,87.02837085723877,159.3485586643219,158.84976482391357,238.7832944393158,174.05674171447754,318.6971173286438,317.69952964782715,477.5665888786316,245.87813568115234,398.1318531036377,245.87813568115234,477.5665888786316,0.3841845870018005,0.8294413606325786,0.3841845870018005,0.9949303934971492,71.8213939666748,79.4347357749939,regular_ge32
2026-08-12T15:19:33.250,450,unlabeled,1,0.5167500376701355,88.72786808013916,161.16802215576172,158.69980144500732,238.83197784423828,177.45573616027832,322.33604431152344,317.39960289001465,477.66395568847656,247.42766952514648,400.0,247.42766952514648,477.66395568847656,0.3866057336330414,0.8333333333333334,0.3866057336330414,0.9951332410176595,69.97193336486816,77.66395568847656,regular_ge32
2026-08-12T15:19:33.339,451,unlabeled,1,0.5167500376701355,86.91170597076416,161.03398418426514,158.73309993743896,238.6979398727417,173.82341194152832,322.0679683685303,317.46619987487793,477.3958797454834,245.64480590820312,399.73192405700684,245.64480590820312,477.3958797454834,0.3838200092315674,0.8327748417854309,0.3838200092315674,0.9945747494697571,71.8213939666748,77.66395568847656,regular_ge32
2026-08-12T15:19:33.419,452,unlabeled,1,0.5334624648094177,88.40512466430664,161.3020601272583,158.3770580291748,238.96601581573486,176.81024932861328,322.6041202545166,316.7541160583496,477.9320316314697,246.78218269348145,400.26807594299316,246.78218269348145,477.9320316314697,0.38559716045856474,0.8338918248812358,0.38559716045856474,0.995691732565562,69.97193336486816,77.66395568847656,regular_ge32
2026-08-12T15:19:33.515,453,unlabeled,1,0.5083773732185364,89.94335842132568,161.77500772476196,158.1003828048706,237.68899011611938,179.88671684265137,323.5500154495239,316.2007656097412,475.37798023223877,248.0437412261963,399.46399784088135,248.0437412261963,475.37798023223877,0.3875683456659317,0.8322166621685028,0.3875683456659317,0.9903707921504974,68.15702438354492,75.91398239135742,regular_ge32
2026-08-12T15:19:33.592,454,unlabeled,1,0.4916226267814636,89.32876682281494,162.31100940704346,159.3007001876831,238.22499179840088,178.65753364562988,324.6220188140869,318.6014003753662,476.44998359680176,248.62946701049805,400.53600120544434,248.62946701049805,476.44998359680176,0.3884835422039032,0.8344500025113424,0.3884835422039032,0.992604132493337,69.97193336486816,75.91398239135742,regular_ge32
2026-08-12T15:19:33.687,455,unlabeled,1,0.4748867154121399,88.59070587158203,163.10903453826904,160.41209983825684,239.02301692962646,177.18141174316406,326.2180690765381,320.8241996765137,478.04603385925293,249.00280570983887,402.1320514678955,249.00280570983887,478.04603385925293,0.38906688392162325,0.8377751072247823,0.38906688392162325,0.995929237206777,71.8213939666748,75.91398239135742,regular_ge32
2026-08-12T15:19:33.774,456,unlabeled,1,0.5417929887771606,88.83220767974854,163.50108814239502,158.8041410446167,239.41507053375244,177.66441535949707,327.00217628479004,317.6082820892334,478.8301410675049,247.63634872436523,402.91615867614746,247.63634872436523,478.8301410675049,0.38693179488182067,0.8394086639086406,0.38693179488182067,0.9975627938906352,69.97193336486816,75.91398239135742,regular_ge32
2026-08-12T15:19:33.864,457,unlabeled,1,0.5,90.60265254974365,164.10467863082886,158.75967693328857,238.29010248184204,181.2053050994873,328.2093572616577,317.51935386657715,476.5802049636841,249.36232948303223,402.3947811126709,249.36232948303223,476.5802049636841,0.38962863981723783,0.8383224606513977,0.38962863981723783,0.9928754270076752,68.15702438354492,74.18542385101318,regular_ge32
2026-08-12T15:19:33.949,458,unlabeled,1,0.4916226267814636,88.40403652191162,162.23404788970947,160.22543048858643,239.89800357818604,176.80807304382324,324.46809577941895,320.45086097717285,479.79600715637207,248.62946701049805,402.1320514678955,248.62946701049805,479.79600715637207,0.3884835422039032,0.8377751072247823,0.3884835422039032,0.9995750149091085,71.8213939666748,77.66395568847656,regular_ge32
2026-08-12T15:19:34.029,459,unlabeled,1,0.441620409488678,89.42296314239502,161.7034215927124,159.39489650726318,239.36737728118896,178.84592628479004,323.4068431854248,318.78979301452637,478.73475456237793,248.8178596496582,401.07079887390137,248.8178596496582,478.73475456237793,0.38877790570259096,0.8355641643206279,0.38877790570259096,0.997364072004954,69.97193336486816,77.66395568847656,regular_ge32
2026-08-12T15:19:34.123,460,unlabeled,1,0.3690716028213501,91.6744213104248,160.49933385849,167.29803371429443,238.16328954696655,183.3488426208496,320.99866771698,334.59606742858887,476.3265790939331,258.97245502471924,398.66262340545654,258.97245502471924,476.3265790939331,0.40464446097612383,0.8305471320947011,0.40464446097612383,0.9923470397790273,75.62361240386963,77.66395568847656,regular_ge32
2026-08-12T15:19:34.213,461,unlabeled,1,0.40887001156806946,92.64059257507324,159.25311541557312,168.26420497894287,240.0,185.28118515014648,318.50623083114624,336.52840995788574,480.0,260.9047975540161,399.2531154155731,260.9047975540161,480.0,0.40766374617815015,0.831777323782444,0.40766374617815015,1.0,75.62361240386963,80.74688458442688,regular_ge32
2026-08-12T15:19:34.300,462,unlabeled,1,0.4665374755859375,96.51262998580933,158.4819257259369,166.4845633506775,240.0,193.02525997161865,316.9638514518738,332.969126701355,480.0,262.9971933364868,398.4819257259369,262.9971933364868,480.0,0.41093311458826065,0.8301706785957018,0.41093311458826065,1.0,69.97193336486816,81.51807427406311,regular_ge32
2026-08-12T15:19:34.378,463,unlabeled,1,0.558379590511322,105.73966217041016,160.6844446659088,173.89668655395508,240.0,211.4793243408203,321.3688893318176,347.79337310791016,480.0,279.63634872436523,400.6844446659088,279.63634872436523,480.0,0.43693179488182066,0.8347592597206434,0.43693179488182066,1.0,68.15702438354492,79.31555533409119,regular_ge32
2026-08-12T15:19:34.469,464,unlabeled,1,0.39277467131614685,109.32542753219604,160.45317912101746,175.70211839675903,240.0,218.6508550643921,320.9063582420349,351.40423679351807,480.0,285.0275459289551,400.45317912101746,285.0275459289551,480.0,0.4453555405139923,0.8342774565021197,0.4453555405139923,1.0,66.37669086456299,79.54682087898254,regular_ge32
2026-08-12T15:19:34.564,465,unlabeled,1,0.5830061435699463,112.81547117233276,162.75529289245605,179.19216203689575,240.0,225.63094234466553,325.5105857849121,358.3843240737915,480.0,292.0076332092285,402.75529289245605,292.0076332092285,480.0,0.4562619268894196,0.8390735268592835,0.4562619268894196,1.0,66.37669086456299,77.24470710754395,regular_ge32
2026-08-12T15:19:34.644,466,unlabeled,1,0.5830061435699463,116.22334098815918,158.36890649795532,188.04473495483398,240.0,232.44668197631836,316.73781299591064,376.08946990966797,480.0,304.26807594299316,398.3689064979553,304.26807594299316,480.0,0.4754188686609268,0.8299352218707402,0.4754188686609268,1.0,71.8213939666748,81.63109350204468,regular_ge32
2026-08-12T15:19:34.735,467,unlabeled,1,0.5417929887771606,121.60618209838867,160.18875670433044,191.57811546325684,240.0,243.21236419677734,320.3775134086609,383.1562309265137,480.0,313.1842975616455,400.18875670433044,313.1842975616455,480.0,0.4893504649400711,0.833726576467355,0.4893504649400711,1.0,69.97193336486816,79.81124329566956,regular_ge32
2026-08-12T15:19:34.822,468,unlabeled,1,0.40887001156806946,125.14759945869446,161.8367099761963,196.96899342536926,239.50066566467285,250.29519891738892,323.6734199523926,393.9379868507385,479.0013313293457,322.1165928840637,401.33737564086914,322.1165928840637,479.0013313293457,0.5033071763813496,0.836119532585144,0.5033071763813496,0.9979194402694702,71.8213939666748,77.66395568847656,regular_ge32
2026-08-12T15:19:34.898,469,unlabeled,1,0.45820698142051697,125.97855424880981,160.14859414100647,197.79994821548462,239.58332991600037,251.95710849761963,320.29718828201294,395.59989643096924,479.16665983200073,323.77850246429443,399.73192405700684,323.77850246429443,479.16665983200073,0.5059039101004601,0.8327748417854309,0.5059039101004601,0.9982638746500015,71.8213939666748,79.4347357749939,regular_ge32
2026-08-12T15:19:34.996,470,unlabeled,1,0.45820698142051697,128.87495589256287,160.6844446659088,195.25164675712585,240.0,257.74991178512573,321.3688893318176,390.5032935142517,480.0,324.1266026496887,400.6844446659088,324.1266026496887,480.0,0.5064478166401386,0.8347592597206434,0.5064478166401386,1.0,66.37669086456299,79.31555533409119,regular_ge32
2026-08-12T15:19:35.072,471,unlabeled,1,0.45820698142051697,128.1082730293274,159.92255282402039,196.26529741287231,240.0,256.2165460586548,319.84510564804077,392.53059482574463,480.0,324.3735704421997,399.9225528240204,324.3735704421997,480.0,0.5068337038159371,0.8331719850500424,0.5068337038159371,1.0,68.15702438354492,80.07744717597961,regular_ge32
2026-08-12T15:19:35.167,472,unlabeled,1,0.5167500376701355,127.23528742790222,158.50137662887573,199.05668139457703,240.0,254.47057485580444,317.00275325775146,398.11336278915405,480.0,326.29196882247925,398.50137662887573,326.29196882247925,480.0,0.5098312012851238,0.8302112013101578,0.5098312012851238,1.0,71.8213939666748,81.49862337112427,regular_ge32
2026-08-12T15:19:35.252,473,unlabeled,1,0.5083773732185364,125.6867904663086,158.50137662887573,201.31040287017822,240.0,251.3735809326172,317.00275325775146,402.62080574035645,480.0,326.9971933364868,398.50137662887573,326.9971933364868,480.0,0.5109331145882606,0.8302112013101578,0.5109331145882606,1.0,75.62361240386963,81.49862337112427,regular_ge32
2026-08-12T15:19:35.334,474,unlabeled,1,0.5334624648094177,124.71054744720459,158.76469373703003,202.28664588928223,240.0,249.42109489440918,317.52938747406006,404.57329177856445,480.0,326.9971933364868,398.76469373703003,326.9971933364868,480.0,0.5109331145882606,0.8307597786188126,0.5109331145882606,1.0,77.57609844207764,81.23530626296997,regular_ge32
2026-08-12T15:19:35.412,475,unlabeled,1,0.5417929887771606,124.80302047729492,160.06919646263123,202.37911891937256,240.0,249.60604095458984,320.13839292526245,404.7582378387451,480.0,327.1821393966675,400.0691964626312,327.1821393966675,480.0,0.5112220928072929,0.8334774926304818,0.5112220928072929,1.0,77.57609844207764,79.93080353736877,regular_ge32
2026-08-12T15:19:35.505,476,unlabeled,1,0.5334624648094177,125.7116813659668,159.0253825187683,203.28777980804443,240.0,251.4233627319336,318.0507650375366,406.57555961608887,480.0,328.99946117401123,399.0253825187683,328.99946117401123,480.0,0.5140616580843925,0.8313028802474339,0.5140616580843925,1.0,77.57609844207764,80.97461748123169,regular_ge32
2026-08-12T15:19:35.589,477,unlabeled,1,0.5417929887771606,121.1617648601532,164.66829109191895,204.79827761650085,240.0,242.3235297203064,329.3365821838379,409.5965552330017,480.0,325.96004247665405,404.66829109191895,325.96004247665405,480.0,0.509312566369772,0.8430589397748312,0.509312566369772,1.0,83.63651275634766,75.33170890808105,regular_ge32
2026-08-12T15:19:35.677,478,unlabeled,1,0.400795578956604,122.98976922035217,173.78372859954834,204.5725920200348,239.66584873199463,245.97953844070435,347.5674571990967,409.1451840400696,479.33169746398926,327.56236124038696,413.44957733154297,327.56236124038696,479.33169746398926,0.5118161894381046,0.8613532861073812,0.5118161894381046,0.9986077030499776,81.58282279968262,65.88212013244629,regular_ge32
2026-08-12T15:19:35.760,479,unlabeled,1,0.37690892815589905,124.1968355178833,173.0155894756317,203.7594232559204,240.0,248.3936710357666,346.0311789512634,407.5188465118408,480.0,327.9562587738037,413.0155894756317,327.9562587738037,480.0,0.5124316543340683,0.8604491447408994,0.5124316543340683,1.0,79.56258773803711,66.98441052436829,regular_ge32
2026-08-12T15:19:35.840,480,unlabeled,1,0.4916226267814636,120.77657771110535,167.02848291397095,204.413090467453,240.0,241.5531554222107,334.0569658279419,408.826180934906,480.0,325.18966817855835,407.02848291397095,325.18966817855835,480.0,0.5081088565289974,0.8479760060707728,0.5081088565289974,1.0,83.63651275634766,72.97151708602905,regular_ge32
2026-08-12T15:19:35.929,481,unlabeled,1,0.4251631200313568,122.96257257461548,162.50178837776184,202.5251603126526,240.0,245.92514514923096,325.0035767555237,405.0503206253052,480.0,325.48773288726807,402.50178837776184,325.48773288726807,480.0,0.5085745826363564,0.8385453924536705,0.5085745826363564,1.0,79.56258773803711,77.49821162223816,regular_ge32
2026-08-12T15:19:36.015,482,unlabeled,1,0.4169939160346985,124.02231812477112,161.56983470916748,199.64593052864075,239.23379039764404,248.04463624954224,323.13966941833496,399.2918610572815,478.4675807952881,323.66824865341187,400.8036251068115,323.66824865341187,478.4675807952881,0.505731638520956,0.8350075523058573,0.505731638520956,0.9968074599901835,75.62361240386963,77.66395568847656,regular_ge32
2026-08-12T15:19:36.106,483,unlabeled,1,0.441620409488678,125.21064114570618,158.98534083366394,198.91596150398254,240.0,250.42128229141235,317.9706816673279,397.8319230079651,480.0,324.1266026496887,398.98534083366394,324.1266026496887,480.0,0.5064478166401386,0.8312194600701333,0.5064478166401386,1.0,73.70532035827637,81.01465916633606,regular_ge32
2026-08-12T15:19:36.184,484,unlabeled,1,0.37690892815589905,125.32573521137238,159.61394381523132,197.14712917804718,239.04867959022522,250.65147042274475,319.22788763046265,394.29425835609436,478.09735918045044,322.47286438941956,398.66262340545654,322.47286438941956,478.09735918045044,0.5038638506084681,0.8305471320947011,0.5038638506084681,0.9960361649592717,71.8213939666748,79.4347357749939,regular_ge32
2026-08-12T15:19:36.276,485,unlabeled,1,0.5334624648094177,122.8272476196289,159.78896594047546,192.79918098449707,240.0,245.6544952392578,319.5779318809509,385.59836196899414,480.0,315.626428604126,399.78896594047546,315.626428604126,480.0,0.49316629469394685,0.8328936790426572,0.49316629469394685,1.0,69.97193336486816,80.21103405952454,regular_ge32
2026-08-12T15:19:36.369,486,unlabeled,1,0.5748369097709656,114.0541558265686,157.56730318069458,189.67776823043823,240.0,228.1083116531372,315.13460636138916,379.35553646087646,480.0,303.73192405700684,397.5673031806946,303.73192405700684,480.0,0.4745811313390732,0.8282652149597803,0.4745811313390732,1.0,75.62361240386963,82.43269681930542,regular_ge32
2026-08-12T15:19:36.454,487,unlabeled,1,0.5083773732185364,109.6867904663086,158.4819257259369,185.31040287017822,240.0,219.3735809326172,316.9638514518738,370.62080574035645,480.0,294.9971933364868,398.4819257259369,294.9971933364868,480.0,0.46093311458826064,0.8301706785957018,0.46093311458826064,1.0,75.62361240386963,81.51807427406311,regular_ge32
2026-08-12T15:19:36.536,488,unlabeled,1,0.4251631200313568,108.34607529640198,159.92255282402039,182.05139565467834,240.0,216.69215059280396,319.84510564804077,364.1027913093567,480.0,290.3974709510803,399.9225528240204,290.3974709510803,480.0,0.453746048361063,0.8331719850500424,0.453746048361063,1.0,73.70532035827637,80.07744717597961,regular_ge32
2026-08-12T15:19:36.614,489,unlabeled,1,0.4832499325275421,106.41919994354248,160.32122683525085,176.39113330841064,240.0,212.83839988708496,320.6424536705017,352.7822666168213,480.0,282.8103332519531,400.32122683525085,282.8103332519531,480.0,0.44189114570617677,0.8340025559067726,0.44189114570617677,1.0,69.97193336486816,79.67877316474915,regular_ge32
2026-08-12T15:19:36.704,490,unlabeled,1,0.5334624648094177,99.67620801925659,158.74992632865906,177.25230646133423,240.0,199.35241603851318,317.4998526573181,354.50461292266846,480.0,276.9285144805908,398.74992632865906,276.9285144805908,480.0,0.43270080387592313,0.8307290131847064,0.43270080387592313,1.0,77.57609844207764,81.25007367134094,regular_ge32
2026-08-12T15:19:36.789,491,unlabeled,1,0.4832499325275421,97.12808585166931,161.3020601272583,163.5047767162323,238.96601581573486,194.25617170333862,322.6041202545166,327.0095534324646,477.9320316314697,260.6328625679016,400.26807594299316,260.6328625679016,477.9320316314697,0.40723884776234626,0.8338918248812358,0.40723884776234626,0.995691732565562,66.37669086456299,77.66395568847656,regular_ge32
2026-08-12T15:19:36.878,492,unlabeled,1,0.400795578956604,94.21276879310608,159.45241689682007,164.18470215797424,237.11637258529663,188.42553758621216,318.90483379364014,328.3694043159485,474.23274517059326,258.3974709510803,396.5687894821167,258.3974709510803,474.23274517059326,0.403746048361063,0.8261849780877432,0.403746048361063,0.9879848857720693,69.97193336486816,77.66395568847656,regular_ge32
2026-08-12T15:19:36.963,493,unlabeled,1,0.40887001156806946,91.85818672180176,160.95131993293762,160.01521110534668,240.0,183.71637344360352,321.90263986587524,320.03042221069336,480.0,251.87339782714844,400.9513199329376,251.87339782714844,480.0,0.39355218410491943,0.8353152498602867,0.39355218410491943,1.0,68.15702438354492,79.04868006706238,regular_ge32
2026-08-12T15:19:37.050,494,unlabeled,1,0.5,86.86117458343506,162.74688935279846,160.56649494171143,240.0,173.72234916687012,325.4937787055969,321.13298988342285,480.0,247.42766952514648,402.74688935279846,247.42766952514648,480.0,0.3866057336330414,0.8390560194849968,0.3866057336330414,1.0,73.70532035827637,77.25311064720154,regular_ge32
2026-08-12T15:19:37.135,495,unlabeled,1,0.5167500376701355,85.90202856063843,167.40869092941284,161.52564096450806,240.0,171.80405712127686,334.8173818588257,323.0512819290161,480.0,247.42766952514648,407.40869092941284,247.42766952514648,480.0,0.3866057336330414,0.8487681061029434,0.3866057336330414,1.0,75.62361240386963,72.59130907058716,regular_ge32
2026-08-12T15:19:37.210,496,unlabeled,1,0.4916226267814636,79.50984191894531,168.16342115402222,163.14635467529297,240.0,159.01968383789062,336.32684230804443,326.29270935058594,480.0,242.65619659423828,408.1634211540222,242.65619659423828,480.0,0.3791503071784973,0.8503404607375463,0.3791503071784973,1.0,83.63651275634766,71.83657884597778,regular_ge32
2026-08-12T15:19:37.297,497,unlabeled,1,0.4169939160346985,78.98334693908691,169.9801788330078,162.61985969543457,240.0,157.96669387817383,339.9603576660156,325.23971939086914,480.0,241.60320663452148,409.9801788330078,241.60320663452148,480.0,0.3775050103664398,0.8541253725687663,0.3775050103664398,1.0,83.63651275634766,70.01982116699219,regular_ge32
2026-08-12T15:19:37.385,498,unlabeled,1,0.4665374755859375,80.79585933685303,171.24639225006104,162.37868213653564,240.0,161.59171867370605,342.49278450012207,324.7573642730713,480.0,243.17454147338867,411.24639225006104,243.17454147338867,480.0,0.3799602210521698,0.8567633171876271,0.3799602210521698,1.0,81.58282279968262,68.75360774993896,regular_ge32
2026-08-12T15:19:37.462,499,unlabeled,1,0.5911299586296082,84.34473037719727,167.68144035339355,158.05005073547363,240.0,168.68946075439453,335.3628807067871,316.10010147094727,480.0,242.3947811126709,407.68144035339355,242.3947811126709,480.0,0.3787418454885483,0.8493363340695699,0.3787418454885483,1.0,73.70532035827637,72.31855964660645,regular_ge32
2026-08-12T15:19:37.551,500,unlabeled,1,0.5830061435699463,86.20164489746094,163.22169995307922,159.9069652557373,240.0,172.40328979492188,326.44339990615845,319.8139305114746,480.0,246.10861015319824,403.2216999530792,246.10861015319824,480.0,0.38454470336437224,0.8400452082355817,0.38454470336437224,1.0,73.70532035827637,76.77830004692078,regular_ge32
2026-08-12T15:19:37.638,501,unlabeled,1,0.5501002073287964,84.53050088882446,160.84523272514343,160.1541132926941,240.0,169.06100177764893,321.69046545028687,320.3082265853882,480.0,244.68461418151855,400.84523272514343,244.68461418151855,480.0,0.3823197096586227,0.8350942348440488,0.3823197096586227,1.0,75.62361240386963,79.15476727485657,regular_ge32
2026-08-12T15:19:37.720,502,unlabeled,1,0.5083773732185364,88.21049785614014,161.4800226688385,160.03189182281494,240.0,176.42099571228027,322.960045337677,320.0637836456299,480.0,248.24238967895508,401.4800226688385,248.24238967895508,480.0,0.3878787338733673,0.8364167138934135,0.3878787338733673,1.0,71.8213939666748,78.5199773311615,regular_ge32
2026-08-12T15:19:37.799,503,unlabeled,1,0.4748867154121399,93.79628896713257,161.3486578464508,156.71597719192505,240.0,187.59257793426514,322.6973156929016,313.4319543838501,480.0,250.51226615905762,401.3486578464508,250.51226615905762,480.0,0.3914254158735275,0.8361430371801059,0.3914254158735275,1.0,62.91968822479248,78.6513421535492,regular_ge32
2026-08-12T15:19:37.889,504,unlabeled,1,0.400795578956604,95.12772464752197,160.45317912101746,156.37061977386475,240.0,190.25544929504395,320.9063582420349,312.7412395477295,480.0,251.49834442138672,400.45317912101746,251.49834442138672,480.0,0.39296616315841676,0.8342774565021197,0.39296616315841676,1.0,61.24289512634277,79.54682087898254,regular_ge32
2026-08-12T15:19:37.974,505,unlabeled,1,0.3690716028213501,93.81770277023315,156.51246857643127,160.19439363479614,239.5486171245575,187.6354055404663,313.02493715286255,320.3887872695923,479.097234249115,254.0120964050293,396.06108570098877,254.0120964050293,479.097234249115,0.3968939006328583,0.82512726187706,0.3968939006328583,0.9981192380189896,66.37669086456299,83.03614854812622,regular_ge32
2026-08-12T15:19:38.063,506,unlabeled,1,0.4251631200313568,95.7018905878067,161.4360227584839,163.85891497135162,239.09997844696045,191.4037811756134,322.8720455169678,327.71782994270325,478.1999568939209,259.5608055591583,400.53600120544434,259.5608055591583,478.1999568939209,0.4055637586861849,0.8344500025113424,0.4055637586861849,0.9962499101956686,68.15702438354492,77.66395568847656,regular_ge32
2026-08-12T15:19:38.148,507,unlabeled,1,0.5,93.29109191894531,160.5767800807953,170.86719036102295,240.0,186.58218383789062,321.1535601615906,341.7343807220459,480.0,264.15828227996826,400.5767800807953,264.15828227996826,480.0,0.4127473160624504,0.8345349585016568,0.4127473160624504,1.0,77.57609844207764,79.42321991920471,regular_ge32
2026-08-12T15:19:38.228,508,unlabeled,1,0.5334624648094177,92.82761573791504,167.3162178993225,172.39020347595215,240.0,185.65523147583008,334.632435798645,344.7804069519043,480.0,265.2178192138672,407.3162178993225,265.2178192138672,480.0,0.4144028425216675,0.8485754539569219,0.4144028425216675,1.0,79.56258773803711,72.68378210067749,regular_ge32
2026-08-12T15:19:38.307,509,unlabeled,1,0.3384403884410858,95.57885551452637,171.40389037132263,183.4216823577881,240.0,191.15771102905273,342.80778074264526,366.8433647155762,480.0,279.00053787231445,411.40389037132263,279.00053787231445,480.0,0.43593834042549134,0.8570914382735888,0.43593834042549134,1.0,87.84282684326172,68.59610962867737,regular_ge32
2026-08-12T15:19:38.401,510,unlabeled,1,0.34598395228385925,114.60345721244812,175.96319323778152,177.5231454372406,240.0,229.20691442489624,351.92638647556305,355.0462908744812,480.0,292.1266026496887,415.9631932377815,292.1266026496887,480.0,0.4564478166401386,0.8665899859120448,0.4564478166401386,1.0,62.91968822479248,64.03680676221848,regular_ge32
2026-08-12T15:19:38.483,511,unlabeled,1,0.2880568504333496,112.24557971954346,175.87441229820251,182.21751308441162,237.06152939796448,224.4911594390869,351.74882459640503,364.43502616882324,474.12305879592896,294.4630928039551,412.935941696167,294.4630928039551,474.12305879592896,0.4600985825061798,0.8602832118670146,0.4600985825061798,0.9877563724915187,69.97193336486816,61.18711709976196,regular_ge32
2026-08-12T15:19:38.576,512,unlabeled,1,0.36130279302597046,116.6521863937378,172.2380485534668,176.25261116027832,238.1201686859131,233.3043727874756,344.4760971069336,352.50522232055664,476.2403373718262,292.9047975540161,410.3582172393799,292.9047975540161,476.2403373718262,0.4576637461781502,0.8549129525820415,0.4576637461781502,0.9921673695246379,59.60042476654053,65.88212013244629,regular_ge32
2026-08-12T15:19:38.669,513,unlabeled,1,0.5251132845878601,122.6016001701355,165.85543537139893,182.20202493667603,238.33427333831787,245.203200340271,331.71087074279785,364.40404987335205,476.66854667663574,304.8036251068115,404.1897087097168,304.8036251068115,476.66854667663574,0.476255664229393,0.8420618931452434,0.476255664229393,0.9930594722429912,59.60042476654053,72.47883796691895,regular_ge32
2026-08-12T15:19:38.756,514,unlabeled,1,0.400795578956604,134.10054636001587,160.58454394340515,181.77285146713257,240.0,268.20109272003174,321.1690878868103,363.54570293426514,480.0,315.87339782714844,400.58454394340515,315.87339782714844,480.0,0.4935521841049194,0.8345511332154274,0.4935521841049194,1.0,47.6723051071167,79.41545605659485,regular_ge32
2026-08-12T15:19:38.834,515,unlabeled,1,0.4169939160346985,139.15211844444275,160.81803154945374,185.48074412345886,240.0,278.3042368888855,321.63606309890747,370.9614882469177,480.0,324.6328625679016,400.81803154945374,324.6328625679016,480.0,0.5072388477623463,0.8350375657280286,0.5072388477623463,1.0,46.32862567901611,79.18196845054626,regular_ge32
2026-08-12T15:19:38.924,516,unlabeled,1,0.5167500376701355,139.89783191680908,162.10209560394287,186.2264575958252,239.76605129241943,279.79566383361816,324.20419120788574,372.4529151916504,479.53210258483887,326.1242895126343,401.8681468963623,326.1242895126343,479.53210258483887,0.509569202363491,0.8372253060340882,0.509569202363491,0.9990252137184144,46.32862567901611,77.66395568847656,regular_ge32
2026-08-12T15:19:39.014,517,unlabeled,1,0.5334624648094177,138.55138969421387,162.75529289245605,190.44807147979736,240.0,277.10277938842773,325.5105857849121,380.8961429595947,480.0,328.99946117401123,402.75529289245605,328.99946117401123,480.0,0.5140616580843925,0.8390735268592835,0.5140616580843925,1.0,51.896681785583496,77.24470710754395,regular_ge32
2026-08-12T15:19:39.090,518,unlabeled,1,0.4916226267814636,137.4595103263855,161.1027591228485,189.356192111969,240.0,274.919020652771,322.205518245697,378.712384223938,480.0,326.8157024383545,401.1027591228485,326.8157024383545,480.0,0.5106495350599289,0.8356307481726011,0.5106495350599289,1.0,51.896681785583496,78.89724087715149,regular_ge32
2026-08-12T15:19:39.188,519,unlabeled,1,0.4748867154121399,138.86989498138428,162.62610149383545,196.86202907562256,240.0,277.73978996276855,325.2522029876709,393.7240581512451,480.0,335.73192405700684,402.62610149383545,335.73192405700684,480.0,0.5245811313390731,0.8388043781121571,0.5245811313390731,1.0,57.99213409423828,77.37389850616455,regular_ge32
2026-08-12T15:19:39.276,520,unlabeled,1,0.5251132845878601,132.2058825492859,166.1028881072998,200.3629069328308,238.58172607421875,264.4117650985718,332.2057762145996,400.7258138656616,477.1634521484375,332.5687894821167,404.68461418151855,332.5687894821167,477.1634521484375,0.5196387335658074,0.843092946211497,0.5196387335658074,0.9940905253092448,68.15702438354492,72.47883796691895,regular_ge32
2026-08-12T15:19:39.368,521,unlabeled,1,0.400795578956604,132.62763595581055,173.3818588256836,212.19022369384766,239.26397895812988,265.2552719116211,346.7637176513672,424.3804473876953,478.52795791625977,344.8178596496582,412.6458377838135,344.8178596496582,478.52795791625977,0.538777905702591,0.8596788287162781,0.538777905702591,0.9969332456588745,79.56258773803711,65.88212013244629,regular_ge32
2026-08-12T15:19:39.465,522,unlabeled,1,0.36130279302597046,136.51111268997192,179.61632895469666,212.13472509384155,240.0,273.02222537994385,359.2326579093933,424.2694501876831,480.0,348.6458377838135,419.61632895469666,348.6458377838135,480.0,0.5447591215372085,0.8742006853222847,0.5447591215372085,1.0,75.62361240386963,60.383671045303345,regular_ge32
2026-08-12T15:19:39.546,523,unlabeled,1,0.4169939160346985,144.90150904655457,181.5882670879364,213.0585334300995,240.0,289.80301809310913,363.1765341758728,426.117066860199,480.0,357.96004247665405,421.5882670879364,357.96004247665405,480.0,0.559312566369772,0.8783088897665342,0.559312566369772,1.0,68.15702438354492,58.4117329120636,regular_ge32
2026-08-12T15:19:39.625,524,unlabeled,1,0.37690892815589905,138.94001376628876,175.01226603984833,216.5161122083664,240.0,277.8800275325775,350.02453207969666,433.0322244167328,480.0,355.45612597465515,415.0122660398483,355.45612597465515,480.0,0.5554001968353987,0.8646088875830173,0.5554001968353987,1.0,77.57609844207764,64.98773396015167,regular_ge32
2026-08-12T15:19:39.715,525,unlabeled,1,0.4748867154121399,135.96214640140533,171.1167459487915,219.598659157753,240.0,271.92429280281067,342.233491897583,439.197318315506,480.0,355.5608055591583,411.1167459487915,355.5608055591583,480.0,0.5555637586861849,0.856493220726649,0.5555637586861849,1.0,83.63651275634766,68.8832540512085,regular_ge32
2026-08-12T15:19:39.807,526,unlabeled,1,0.4665374755859375,137.84613645076752,160.41667008399963,217.40872418880463,239.85140585899353,275.69227290153503,320.83334016799927,434.81744837760925,479.70281171798706,355.25486063957214,400.26807594299316,355.25486063957214,479.70281171798706,0.5550857197493315,0.8338918248812358,0.5550857197493315,0.9993808577458064,79.56258773803711,79.4347357749939,regular_ge32
2026-08-12T15:19:39.900,527,unlabeled,1,0.5417929887771606,139.95581722259521,156.3870713710785,217.53191566467285,239.4232199192047,279.91163444519043,312.774142742157,435.0638313293457,478.8464398384094,357.48773288726807,395.8102912902832,357.48773288726807,478.8464398384094,0.5585745826363564,0.8246047735214234,0.5585745826363564,0.997596749663353,77.57609844207764,83.03614854812622,regular_ge32
2026-08-12T15:19:39.987,528,unlabeled,1,0.5501002073287964,140.897216796875,151.3966736793518,218.47331523895264,239.97385835647583,281.79443359375,302.7933473587036,436.9466304779053,479.94771671295166,359.37053203582764,391.37053203582764,359.37053203582764,479.94771671295166,0.5615164563059807,0.8153552750746409,0.5615164563059807,0.9998910764853159,77.57609844207764,88.57718467712402,regular_ge32
2026-08-12T15:19:40.081,529,unlabeled,1,0.5501002073287964,145.78638124465942,151.05709385871887,221.40999364852905,240.0,291.57276248931885,302.11418771743774,442.8199872970581,480.0,367.1963748931885,391.0570938587189,367.1963748931885,480.0,0.573744335770607,0.8147022788723309,0.573744335770607,1.0,75.62361240386963,88.94290614128113,regular_ge32
2026-08-12T15:19:40.171,530,unlabeled,1,0.5417929887771606,141.2910919189453,149.80078983306885,218.86719036102295,240.0,282.5821838378906,299.6015796661377,437.7343807220459,480.0,360.15828227996826,389.80078983306885,360.15828227996826,480.0,0.5627473160624504,0.8120849788188934,0.5627473160624504,1.0,77.57609844207764,90.19921016693115,regular_ge32
2026-08-12T15:19:40.256,531,unlabeled,1,0.5417929887771606,138.60232138633728,153.58935976028442,218.1649091243744,240.0,277.20464277267456,307.17871952056885,436.3298182487488,480.0,356.76723051071167,393.5893597602844,356.76723051071167,480.0,0.5574487976729869,0.8199778328339259,0.5574487976729869,1.0,79.56258773803711,86.41064023971558,regular_ge32
2026-08-12T15:19:40.346,532,unlabeled,1,0.4916226267814636,138.16451370716095,155.85169792175293,217.72710144519806,240.0,276.3290274143219,311.70339584350586,435.4542028903961,480.0,355.891615152359,395.85169792175293,355.891615152359,480.0,0.556080648675561,0.8246910373369852,0.556080648675561,1.0,79.56258773803711,84.14830207824707,regular_ge32
2026-08-12T15:19:40.435,533,unlabeled,1,0.4665374755859375,132.03688049316406,161.4360227584839,211.59946823120117,239.09997844696045,264.0737609863281,322.8720455169678,423.19893646240234,478.1999568939209,343.63634872436523,400.53600120544434,343.63634872436523,478.1999568939209,0.5369317948818206,0.8344500025113424,0.5369317948818206,0.9962499101956686,79.56258773803711,77.66395568847656,regular_ge32
2026-08-12T15:19:40.510,534,unlabeled,1,0.43337342143058777,129.00414657592773,168.86097526550293,212.6406593322754,240.0,258.00829315185547,337.72195053100586,425.2813186645508,480.0,341.6448059082031,408.86097526550293,341.6448059082031,480.0,0.5338200092315674,0.8517936984697978,0.5338200092315674,1.0,83.63651275634766,71.13902473449707,regular_ge32
2026-08-12T15:19:40.601,535,unlabeled,1,0.30910593271255493,129.92019271850586,176.15084218978882,205.5438051223755,240.0,259.8403854370117,352.30168437957764,411.087610244751,480.0,335.46399784088135,416.1508421897888,335.46399784088135,480.0,0.5241624966263772,0.8669809212287267,0.5241624966263772,1.0,75.62361240386963,63.84915781021118,regular_ge32
2026-08-12T15:19:40.695,536,unlabeled,1,0.441620409488678,128.20827198028564,178.75336742401123,201.913592338562,240.0,256.4165439605713,357.50673484802246,403.827184677124,480.0,330.12186431884766,418.75336742401123,330.12186431884766,480.0,0.5158154129981994,0.8724028488000234,0.5158154129981994,1.0,73.70532035827637,61.24663257598877,regular_ge32
2026-08-12T15:19:40.783,537,unlabeled,1,0.4748867154121399,128.51262998580933,179.26161193847656,198.4845633506775,240.0,257.02525997161865,358.5232238769531,396.969126701355,480.0,326.9971933364868,419.26161193847656,326.9971933364868,480.0,0.5109331145882606,0.8734616915384928,0.5109331145882606,1.0,69.97193336486816,60.73838806152344,regular_ge32
2026-08-12T15:19:40.875,538,unlabeled,1,0.3690716028213501,124.3579351902008,175.01226603984833,201.93403363227844,240.0,248.7158703804016,350.02453207969666,403.8680672645569,480.0,326.29196882247925,415.0122660398483,326.29196882247925,480.0,0.5098312012851238,0.8646088875830173,0.5098312012851238,1.0,77.57609844207764,64.98773396015167,regular_ge32
2026-08-12T15:19:40.959,539,unlabeled,1,0.45820698142051697,125.81585812568665,167.02848291397095,199.521178483963,240.0,251.6317162513733,334.0569658279419,399.042356967926,480.0,325.33703660964966,407.02848291397095,325.33703660964966,480.0,0.5083391197025776,0.8479760060707728,0.5083391197025776,1.0,73.70532035827637,72.97151708602905,regular_ge32
2026-08-12T15:19:41.048,540,unlabeled,1,0.400795578956604,128.13648653030396,158.1897633075714,187.73691129684448,239.415456533432,256.2729730606079,316.3795266151428,375.47382259368896,478.830913066864,315.87339782714844,397.6052198410034,315.87339782714844,478.830913066864,0.4935521841049194,0.8283442080020904,0.4935521841049194,0.9975644022226333,59.60042476654053,81.2256932258606,regular_ge32
2026-08-12T15:19:41.135,541,unlabeled,1,0.5167500376701355,131.08387088775635,153.25257444381714,180.13184642791748,239.96524477005005,262.1677417755127,306.5051488876343,360.26369285583496,479.9304895401001,311.2157173156738,393.2178192138672,311.2157173156738,479.9304895401001,0.48627455830574035,0.81920379002889,0.48627455830574035,0.9998551865418752,49.04797554016113,86.71267032623291,regular_ge32
2026-08-12T15:19:41.210,542,unlabeled,1,0.4916226267814636,130.38300371170044,150.9527542591095,178.05530881881714,240.0,260.7660074234009,301.905508518219,356.1106176376343,480.0,308.4383125305176,390.9527542591095,308.4383125305176,480.0,0.4819348633289337,0.8144849047064782,0.4819348633289337,1.0,47.6723051071167,89.0472457408905,regular_ge32
2026-08-12T15:19:41.302,543,unlabeled,1,0.4748867154121399,128.61502647399902,152.10354900360107,179.0710163116455,240.0,257.23005294799805,304.20709800720215,358.142032623291,480.0,307.68604278564453,392.1035490036011,307.68604278564453,480.0,0.4807594418525696,0.8168823937575023,0.4807594418525696,1.0,50.455989837646484,87.89645099639893,regular_ge32
2026-08-12T15:19:41.392,544,unlabeled,1,0.5251132845878601,128.39396619796753,152.32031726837158,180.29064798355103,240.0,256.78793239593506,304.64063453674316,360.58129596710205,480.0,308.68461418151855,392.3203172683716,308.68461418151855,480.0,0.48231970965862275,0.8173339943091075,0.48231970965862275,1.0,51.896681785583496,87.67968273162842,regular_ge32
2026-08-12T15:19:41.483,545,unlabeled,1,0.5251132845878601,126.148606300354,154.2869529724121,181.02593517303467,239.15234661102295,252.297212600708,308.5739059448242,362.05187034606934,478.3046932220459,307.1745414733887,393.43929958343506,307.1745414733887,478.3046932220459,0.4799602210521698,0.8196652074654897,0.4799602210521698,0.9964681108792622,54.877328872680664,84.86539363861084,regular_ge32
2026-08-12T15:19:41.571,546,unlabeled,1,0.5911299586296082,122.33382558822632,157.023845911026,181.93425035476685,240.0,244.66765117645264,314.047691822052,363.8685007095337,480.0,304.26807594299316,397.023845911026,304.26807594299316,480.0,0.4754188686609268,0.8271330123146375,0.4754188686609268,1.0,59.60042476654053,82.976154088974,regular_ge32
2026-08-12T15:19:41.658,547,unlabeled,1,0.5911299586296082,120.2199354171753,157.70134115219116,184.85086345672607,240.0,240.4398708343506,315.4026823043823,369.70172691345215,480.0,305.07079887390137,397.70134115219116,305.07079887390137,480.0,0.4766731232404709,0.8285444607337316,0.4766731232404709,1.0,64.63092803955078,82.29865884780884,regular_ge32
2026-08-12T15:19:41.745,548,unlabeled,1,0.45820698142051697,106.6711049079895,166.92915868759155,186.2336926460266,240.0,213.342209815979,333.8583173751831,372.4673852920532,480.0,292.9047975540161,406.92915868759155,292.9047975540161,480.0,0.4576637461781502,0.847769080599149,0.4576637461781502,1.0,79.56258773803711,73.07084131240845,regular_ge32
2026-08-12T15:19:41.823,549,unlabeled,1,0.3848111629486084,100.60541915893555,176.8930642604828,174.3107395172119,240.0,201.2108383178711,353.7861285209656,348.6214790344238,480.0,274.91615867614746,416.8930642604828,274.91615867614746,480.0,0.42955649793148043,0.8685272172093391,0.42955649793148043,1.0,73.70532035827637,63.10693573951721,regular_ge32
2026-08-12T15:19:41.914,550,unlabeled,1,0.3848111629486084,103.61325788497925,178.75336742401123,169.98994874954224,240.0,207.2265157699585,357.50673484802246,339.9798974990845,480.0,273.6032066345215,418.75336742401123,273.6032066345215,480.0,0.42750501036643984,0.8724028488000234,0.42750501036643984,1.0,66.37669086456299,61.24663257598877,regular_ge32
2026-08-12T15:19:42.002,551,unlabeled,1,0.4251631200313568,100.3342170715332,177.95854663848877,168.49124145507812,240.0,200.6684341430664,355.91709327697754,336.98248291015625,480.0,268.8254585266113,417.95854663848877,268.8254585266113,480.0,0.4200397789478302,0.8707469721635183,0.4200397789478302,1.0,68.15702438354492,62.04145336151123,regular_ge32
2026-08-12T15:19:42.095,552,unlabeled,1,0.4169939160346985,95.0261447429657,175.87945091724396,168.73146510124207,240.0,190.0522894859314,351.7589018344879,337.46293020248413,480.0,263.75760984420776,415.87945091724396,263.75760984420776,480.0,0.4121212653815746,0.8664155227442583,0.4121212653815746,1.0,73.70532035827637,64.12054908275604,regular_ge32
2026-08-12T15:19:42.184,553,unlabeled,1,0.4832499325275421,94.79710340499878,171.1167459487915,170.4207158088684,240.0,189.59420680999756,342.233491897583,340.8414316177368,480.0,265.2178192138672,411.1167459487915,265.2178192138672,480.0,0.4144028425216675,0.856493220726649,0.4144028425216675,1.0,75.62361240386963,68.8832540512085,regular_ge32
2026-08-12T15:19:42.278,554,unlabeled,1,0.45820698142051697,89.79779422283173,167.84514379501343,169.36038196086884,240.0,179.59558844566345,335.69028759002686,338.72076392173767,480.0,259.15817618370056,407.8451437950134,259.15817618370056,480.0,0.4049346502870321,0.8496773829062779,0.4049346502870321,1.0,79.56258773803711,72.15485620498657,regular_ge32
2026-08-12T15:19:42.368,555,unlabeled,1,0.4169939160346985,88.56470859050751,168.0076823234558,170.14753139019012,240.0,177.12941718101501,336.0153646469116,340.29506278038025,480.0,258.71223998069763,408.0076823234558,258.71223998069763,480.0,0.40423787496984004,0.850016004840533,0.40423787496984004,1.0,81.58282279968262,71.99231767654419,regular_ge32
2026-08-12T15:19:42.460,556,unlabeled,1,0.40887001156806946,87.53786361217499,167.9272665977478,171.17437636852264,240.0,175.07572722434998,335.8545331954956,342.3487527370453,480.0,258.71223998069763,407.9272665977478,258.71223998069763,480.0,0.40423787496984004,0.8498484720786412,0.40423787496984004,1.0,83.63651275634766,72.0727334022522,regular_ge32
2026-08-12T15:19:42.549,557,unlabeled,1,0.4498997628688812,89.94676911830902,168.4548897743225,169.50935685634613,240.0,179.89353823661804,336.909779548645,339.01871371269226,480.0,259.45612597465515,408.4548897743225,259.45612597465515,480.0,0.4054001968353987,0.8509476870298386,0.4054001968353987,1.0,79.56258773803711,71.54511022567749,regular_ge32
2026-08-12T15:19:42.632,558,unlabeled,1,0.45820698142051697,92.92774260044098,169.30818271636963,166.63306295871735,240.0,185.85548520088196,338.61636543273926,333.2661259174347,480.0,259.5608055591583,409.30818271636963,259.5608055591583,480.0,0.4055637586861849,0.8527253806591034,0.4055637586861849,1.0,73.70532035827637,70.69181728363037,regular_ge32
2026-08-12T15:19:42.712,559,unlabeled,1,0.4832499325275421,93.46377110481262,169.44414901733398,167.169091463089,240.0,186.92754220962524,338.88829803466797,334.338182926178,480.0,260.6328625679016,409.444149017334,260.6328625679016,480.0,0.40723884776234626,0.8530086437861125,0.40723884776234626,1.0,73.70532035827637,70.55585098266602,regular_ge32
2026-08-12T15:19:42.806,560,unlabeled,1,0.5666266083717346,96.32493686676025,166.63515758514404,170.03025722503662,240.0,192.6498737335205,333.2703151702881,340.06051445007324,480.0,266.3551940917969,406.63515758514404,266.3551940917969,480.0,0.4161799907684326,0.8471565783023834,0.4161799907684326,1.0,73.70532035827637,73.36484241485596,regular_ge32
2026-08-12T15:19:42.899,561,unlabeled,1,0.5083773732185364,107.66567087173462,169.1657476425171,174.0423617362976,240.0,215.33134174346924,338.3314952850342,348.0847234725952,480.0,281.7080326080322,409.1657476425171,281.7080326080322,480.0,0.44016880095005034,0.8524286409219106,0.44016880095005034,1.0,66.37669086456299,70.83425235748291,regular_ge32
2026-08-12T15:19:42.994,562,unlabeled,1,0.4251631200313568,104.78767669200897,168.86097526550293,186.3704994916916,240.0,209.57535338401794,337.72195053100586,372.7409989833832,480.0,291.15817618370056,408.86097526550293,291.15817618370056,480.0,0.4549346502870321,0.8517936984697978,0.4549346502870321,1.0,81.58282279968262,71.13902473449707,regular_ge32
2026-08-12T15:19:43.070,563,unlabeled,1,0.39277467131614685,111.77456903457642,174.3963428735733,183.59596300125122,240.0,223.54913806915283,348.7926857471466,367.19192600250244,480.0,295.37053203582764,414.3963428735733,295.37053203582764,480.0,0.4615164563059807,0.8633257143199444,0.4615164563059807,1.0,71.8213939666748,65.6036571264267,regular_ge32
2026-08-12T15:19:43.164,564,unlabeled,1,0.441620409488678,119.58957195281982,176.8930642604828,191.41096591949463,240.0,239.17914390563965,353.7861285209656,382.82193183898926,480.0,311.00053787231445,416.8930642604828,311.00053787231445,480.0,0.48593834042549133,0.8685272172093391,0.48593834042549133,1.0,71.8213939666748,63.10693573951721,regular_ge32
2026-08-12T15:19:43.252,565,unlabeled,1,0.36130279302597046,128.3907426595688,176.50284838676453,194.76743352413177,240.0,256.7814853191376,353.00569677352905,389.53486704826355,480.0,323.15817618370056,416.5028483867645,323.15817618370056,480.0,0.5049346502870321,0.8677142674724261,0.5049346502870321,1.0,66.37669086456299,63.497151613235474,regular_ge32
2026-08-12T15:19:43.331,566,unlabeled,1,0.40887001156806946,126.79443609714508,175.2135807275772,196.76636946201324,240.0,253.58887219429016,350.4271614551544,393.5327389240265,480.0,323.5608055591583,415.2135807275772,323.5608055591583,480.0,0.5055637586861849,0.8650282931824526,0.5055637586861849,1.0,69.97193336486816,64.78641927242279,regular_ge32
2026-08-12T15:19:43.425,567,unlabeled,1,0.39277467131614685,127.07733464241028,174.8748369216919,197.04926800727844,240.0,254.15466928482056,349.7496738433838,394.0985360145569,480.0,324.1266026496887,414.8748369216919,324.1266026496887,480.0,0.5064478166401386,0.8643225769201914,0.5064478166401386,1.0,69.97193336486816,65.1251630783081,regular_ge32
2026-08-12T15:19:43.513,568,unlabeled,1,0.5334624648094177,128.20827198028564,167.67574167251587,201.913592338562,240.0,256.4165439605713,335.35148334503174,403.827184677124,480.0,330.12186431884766,407.67574167251587,330.12186431884766,480.0,0.5158154129981994,0.8493244618177413,0.5158154129981994,1.0,73.70532035827637,72.32425832748413,regular_ge32
2026-08-12T15:19:43.603,569,unlabeled,1,0.5748369097709656,130.18819379806519,166.82814741134644,205.81180620193481,240.0,260.37638759613037,333.65629482269287,411.62361240386963,480.0,336.0,406.82814741134644,336.0,480.0,0.525,0.847558640440305,0.525,1.0,75.62361240386963,73.17185258865356,regular_ge32
2026-08-12T15:19:43.682,570,unlabeled,1,0.5666266083717346,136.97579288482666,167.97940158843994,205.13281726837158,240.0,273.9515857696533,335.9588031768799,410.26563453674316,480.0,342.10861015319824,407.97940158843994,342.10861015319824,480.0,0.5345447033643722,0.8499570866425832,0.5345447033643722,1.0,68.15702438354492,72.02059841156006,regular_ge32
2026-08-12T15:19:43.778,571,unlabeled,1,0.5083773732185364,135.73948860168457,168.0076823234558,209.44480895996094,240.0,271.47897720336914,336.0153646469116,418.8896179199219,480.0,345.1842975616455,408.0076823234558,345.1842975616455,480.0,0.5393504649400711,0.850016004840533,0.5393504649400711,1.0,73.70532035827637,71.99231767654419,regular_ge32
2026-08-12T15:19:43.869,572,unlabeled,1,0.4665374755859375,136.7637243270874,168.16342115402222,210.46904468536377,240.0,273.5274486541748,336.32684230804443,420.93808937072754,480.0,347.2327690124512,408.1634211540222,347.2327690124512,480.0,0.5425512015819549,0.8503404607375463,0.5425512015819549,1.0,73.70532035827637,71.83657884597778,regular_ge32
2026-08-12T15:19:43.963,573,unlabeled,1,0.43337342143058777,137.70568752288818,168.86097526550293,209.527081489563,240.0,275.41137504577637,337.72195053100586,419.054162979126,480.0,347.2327690124512,408.86097526550293,347.2327690124512,480.0,0.5425512015819549,0.8517936984697978,0.5425512015819549,1.0,71.8213939666748,71.13902473449707,regular_ge32
2026-08-12T15:19:44.048,574,unlabeled,1,0.4498997628688812,139.27525210380554,167.58845281600952,216.85135054588318,240.0,278.5505042076111,335.17690563201904,433.70270109176636,480.0,356.1266026496887,407.5884528160095,356.1266026496887,480.0,0.5564478166401386,0.8491426100333531,0.5564478166401386,1.0,77.57609844207764,72.41154718399048,regular_ge32
2026-08-12T15:19:44.127,575,unlabeled,1,0.4251631200313568,137.27188992500305,168.93968963623047,218.85471272468567,240.0,274.5437798500061,337.87937927246094,437.70942544937134,480.0,356.1266026496887,408.93968963623047,356.1266026496887,480.0,0.5564478166401386,0.8519576867421468,0.5564478166401386,1.0,81.58282279968262,71.06031036376953,regular_ge32
2026-08-12T15:19:44.226,576,unlabeled,1,0.4251631200313568,137.3328721523285,169.5097532272339,218.9156949520111,240.0,274.665744304657,339.0195064544678,437.8313899040222,480.0,356.2485671043396,409.5097532272339,356.2485671043396,480.0,0.5566383861005306,0.853145319223404,0.5566383861005306,1.0,81.58282279968262,70.49024677276611,regular_ge32
2026-08-12T15:19:44.313,577,unlabeled,1,0.4251631200313568,138.16451370716095,169.30818271636963,217.72710144519806,240.0,276.3290274143219,338.61636543273926,435.4542028903961,480.0,355.891615152359,409.30818271636963,355.891615152359,480.0,0.556080648675561,0.8527253806591034,0.556080648675561,1.0,79.56258773803711,70.69181728363037,regular_ge32
2026-08-12T15:19:44.406,578,unlabeled,1,0.40887001156806946,138.65360975265503,168.59085607528687,216.22970819473267,240.0,277.30721950531006,337.18171215057373,432.45941638946533,480.0,354.8833179473877,408.59085607528687,354.8833179473877,480.0,0.5545051842927933,0.8512309501568477,0.5545051842927933,1.0,77.57609844207764,71.40914392471313,regular_ge32
2026-08-12T15:19:44.485,579,unlabeled,1,0.3690716028213501,139.5864919424057,168.523672580719,215.21010434627533,240.0,279.1729838848114,337.047345161438,430.42020869255066,480.0,354.79659628868103,408.523672580719,354.79659628868103,480.0,0.5543696817010642,0.8510909845431646,0.5543696817010642,1.0,75.62361240386963,71.476327419281,regular_ge32
2026-08-12T15:19:44.580,580,unlabeled,1,0.31630825996398926,148.9898145198822,174.6319134235382,205.40765643119812,240.0,297.9796290397644,349.2638268470764,410.81531286239624,480.0,354.3974709510803,414.6319134235382,354.3974709510803,480.0,0.553746048361063,0.863816486299038,0.553746048361063,1.0,56.41784191131592,65.36808657646179,regular_ge32
2026-08-12T15:19:44.669,581,unlabeled,1,0.35360580682754517,144.16777455806732,174.27970683574677,210.5444654226303,240.0,288.33554911613464,348.55941367149353,421.0889308452606,480.0,354.71223998069763,414.27970683574677,354.71223998069763,480.0,0.55423787496984,0.8630827225744724,0.55423787496984,1.0,66.37669086456299,65.72029316425323,regular_ge32
2026-08-12T15:19:44.760,582,unlabeled,1,0.400795578956604,143.81073904037476,175.1974606513977,211.96776342391968,240.0,287.6214780807495,350.3949213027954,423.93552684783936,480.0,355.77850246429443,415.1974606513977,355.77850246429443,480.0,0.55590391010046,0.8649947096904119,0.55590391010046,1.0,68.15702438354492,64.8025393486023,regular_ge32
2026-08-12T15:19:44.846,583,unlabeled,1,0.3848111629486084,144.43908488750458,177.0242476463318,210.81577575206757,240.0,288.87816977500916,354.0484952926636,421.63155150413513,480.0,355.25486063957214,417.0242476463318,355.25486063957214,480.0,0.5550857197493315,0.8688005159298579,0.5550857197493315,1.0,66.37669086456299,62.97575235366821,regular_ge32
2026-08-12T15:19:44.928,584,unlabeled,1,0.39277467131614685,143.5489181280136,176.10169625282288,211.70594251155853,240.0,287.0978362560272,352.20339250564575,423.41188502311707,480.0,355.25486063957214,416.1016962528229,355.25486063957214,480.0,0.5550857197493315,0.8668785338600477,0.5550857197493315,1.0,68.15702438354492,63.898303747177124,regular_ge32
2026-08-12T15:19:45.008,585,unlabeled,1,0.3384403884410858,144.53971755504608,174.43675088882446,210.91640841960907,240.0,289.07943511009216,348.8735017776489,421.83281683921814,480.0,355.45612597465515,414.43675088882446,355.45612597465515,480.0,0.5554001968353987,0.8634098976850509,0.5554001968353987,1.0,66.37669086456299,65.56324911117554,regular_ge32
2026-08-12T15:19:45.099,586,unlabeled,1,0.4498997628688812,134.5029273033142,171.70511436462402,210.12653970718384,240.0,269.0058546066284,343.41022872924805,420.2530794143677,480.0,344.62946701049805,411.705114364624,344.62946701049805,480.0,0.5384835422039032,0.8577189882596333,0.5384835422039032,1.0,75.62361240386963,68.29488563537598,regular_ge32
2026-08-12T15:19:45.187,587,unlabeled,1,0.5666266083717346,131.8160276412964,168.529034614563,205.52134799957275,240.0,263.6320552825928,337.058069229126,411.0426959991455,480.0,337.33737564086914,408.529034614563,337.33737564086914,480.0,0.527089649438858,0.8511021554470062,0.527089649438858,1.0,73.70532035827637,71.47096538543701,regular_ge32
2026-08-12T15:19:45.271,588,unlabeled,1,0.5501002073287964,128.0930347442627,166.7241735458374,201.79835510253906,240.0,256.1860694885254,333.4483470916748,403.5967102050781,480.0,329.89138984680176,406.7241735458374,329.89138984680176,480.0,0.5154552966356277,0.8473420282204945,0.5154552966356277,1.0,73.70532035827637,73.2758264541626,regular_ge32
2026-08-12T15:19:45.354,589,unlabeled,1,0.5748369097709656,126.46617436408997,164.69156193733215,200.17149472236633,240.0,252.93234872817993,329.3831238746643,400.34298944473267,480.0,326.6376690864563,404.69156193733215,326.6376690864563,480.0,0.5103713579475879,0.8431074207027753,0.5103713579475879,1.0,73.70532035827637,75.30843806266785,regular_ge32
2026-08-12T15:19:45.434,590,unlabeled,1,0.4748867154121399,121.89578640460968,167.12610864639282,201.4583741426468,240.0,243.79157280921936,334.25221729278564,402.9167482852936,480.0,323.35416054725647,407.1261086463928,323.35416054725647,480.0,0.5052408758550883,0.8481793930133184,0.5052408758550883,1.0,79.56258773803711,72.87389135360718,regular_ge32
2026-08-12T15:19:45.531,591,unlabeled,1,0.40887001156806946,118.82833528518677,167.52020931243896,196.4044337272644,240.0,237.65667057037354,335.04041862487793,392.8088674545288,480.0,315.2327690124512,407.52020931243896,315.2327690124512,480.0,0.492551201581955,0.8490004360675811,0.492551201581955,1.0,77.57609844207764,72.47979068756104,regular_ge32
2026-08-12T15:19:45.623,592,unlabeled,1,0.5167500376701355,113.93431186676025,169.5097532272339,193.49689960479736,240.0,227.8686237335205,339.0195064544678,386.9937992095947,480.0,307.4312114715576,409.5097532272339,307.4312114715576,480.0,0.4803612679243088,0.853145319223404,0.4803612679243088,1.0,79.56258773803711,70.49024677276611,regular_ge32
2026-08-12T15:19:45.718,593,unlabeled,1,0.558379590511322,110.79710340499878,169.1657476425171,186.4207158088684,240.0,221.59420680999756,338.3314952850342,372.8414316177368,480.0,297.2178192138672,409.1657476425171,297.2178192138672,480.0,0.46440284252166747,0.8524286409219106,0.46440284252166747,1.0,75.62361240386963,70.83425235748291,regular_ge32
2026-08-12T15:19:45.795,594,unlabeled,1,0.40887001156806946,102.7657779455185,168.7205023765564,188.48908269405365,240.0,205.531555891037,337.4410047531128,376.9781653881073,480.0,291.25486063957214,408.7205023765564,291.25486063957214,480.0,0.4550857197493315,0.8515010466178258,0.4550857197493315,1.0,85.72330474853516,71.2794976234436,regular_ge32
2026-08-12T15:19:45.891,595,unlabeled,1,0.3848111629486084,101.15656185150146,171.75609683990479,180.71914958953857,240.0,202.31312370300293,343.51219367980957,361.43829917907715,480.0,281.87571144104004,411.7560968399048,281.87571144104004,480.0,0.4404307991266251,0.8578252017498016,0.4404307991266251,1.0,79.56258773803711,68.24390316009521,regular_ge32
2026-08-12T15:19:45.982,596,unlabeled,1,0.4251631200313568,103.21346712112427,178.23737597465515,169.59015798568726,240.0,206.42693424224854,356.4747519493103,339.1803159713745,480.0,272.8036251068115,418.23737597465515,272.8036251068115,480.0,0.426255664229393,0.8713278666138649,0.426255664229393,1.0,66.37669086456299,61.76262402534485,regular_ge32
2026-08-12T15:19:46.068,597,unlabeled,1,0.43337342143058777,98.07496547698975,176.49532270431519,168.0468988418579,240.0,196.1499309539795,352.99064540863037,336.0937976837158,480.0,266.12186431884766,416.4953227043152,266.12186431884766,480.0,0.41581541299819946,0.8676985889673233,0.41581541299819946,1.0,69.97193336486816,63.504677295684814,regular_ge32
2026-08-12T15:19:46.164,598,unlabeled,1,0.43337342143058777,98.86718273162842,177.84309029579163,167.02420711517334,240.0,197.73436546325684,355.68618059158325,334.0484142303467,480.0,265.89138984680176,417.8430902957916,265.89138984680176,480.0,0.41545529663562775,0.8705064381162325,0.41545529663562775,1.0,68.15702438354492,62.156909704208374,regular_ge32
2026-08-12T15:19:46.242,599,unlabeled,1,0.4169939160346985,97.24032235145569,176.1978281736374,165.3973467350006,240.0,194.48064470291138,352.3956563472748,330.7946934700012,480.0,262.6376690864563,416.1978281736374,262.6376690864563,480.0,0.41037135794758794,0.8670788086950779,0.41037135794758794,1.0,68.15702438354492,63.80217182636261,regular_ge32
2026-08-12T15:19:46.344,600,unlabeled,1,0.3690716028213501,94.64593648910522,174.78929793834686,168.3512568473816,240.0,189.29187297821045,349.5785958766937,336.7025136947632,480.0,262.9971933364868,414.78929793834686,262.9971933364868,480.0,0.41093311458826065,0.8641443707048893,0.41093311458826065,1.0,73.70532035827637,65.21070206165314,regular_ge32
2026-08-12T15:19:46.440,601,unlabeled,1,0.45820698142051697,92.03284287452698,170.76850199699402,169.60894131660461,240.0,184.06568574905396,341.53700399398804,339.21788263320923,480.0,261.6417841911316,410.768501996994,261.6417841911316,480.0,0.4088152877986431,0.8557677124937375,0.4088152877986431,1.0,77.57609844207764,69.23149800300598,regular_ge32
2026-08-12T15:19:46.532,602,unlabeled,1,0.4832499325275421,91.66434955596924,170.59880995750427,169.24044799804688,240.0,183.32869911193848,341.19761991500854,338.48089599609375,480.0,260.9047975540161,410.5988099575043,260.9047975540161,480.0,0.40766374617815015,0.8554141874114672,0.40766374617815015,1.0,77.57609844207764,69.40119004249573,regular_ge32
2026-08-12T15:19:46.631,603,unlabeled,1,0.5,92.80302047729492,169.5097532272339,170.37911891937256,240.0,185.60604095458984,339.0195064544678,340.7582378387451,480.0,263.1821393966675,409.5097532272339,263.1821393966675,480.0,0.41122209280729294,0.853145319223404,0.41122209280729294,1.0,77.57609844207764,70.49024677276611,regular_ge32
2026-08-12T15:19:46.718,604,unlabeled,1,0.5083773732185364,92.897216796875,169.3769655227661,170.47331523895264,240.0,185.79443359375,338.7539310455322,340.9466304779053,480.0,263.37053203582764,409.3769655227661,263.37053203582764,480.0,0.41151645630598066,0.8528686781724294,0.41151645630598066,1.0,77.57609844207764,70.62303447723389,regular_ge32
2026-08-12T15:19:46.798,605,unlabeled,1,0.4832499325275421,92.80302047729492,170.47834372520447,170.37911891937256,240.0,185.60604095458984,340.95668745040894,340.7582378387451,480.0,263.1821393966675,410.47834372520447,263.1821393966675,480.0,0.41122209280729294,0.855163216094176,0.41122209280729294,1.0,77.57609844207764,69.52165627479553,regular_ge32
2026-08-12T15:19:46.893,606,unlabeled,1,0.4665374755859375,92.19197201728821,170.76850199699402,169.76807045936584,240.0,184.38394403457642,341.53700399398804,339.5361409187317,480.0,261.96004247665405,410.768501996994,261.96004247665405,480.0,0.409312566369772,0.8557677124937375,0.409312566369772,1.0,77.57609844207764,69.23149800300598,regular_ge32
2026-08-12T15:19:46.983,607,unlabeled,1,0.4665374755859375,93.96937441825867,171.80574798583984,169.5929868221283,240.0,187.93874883651733,343.6114959716797,339.1859736442566,480.0,263.56236124038696,411.80574798583984,263.56236124038696,480.0,0.4118161894381046,0.8579286416371663,0.4118161894381046,1.0,75.62361240386963,68.19425201416016,regular_ge32
2026-08-12T15:19:47.070,608,unlabeled,1,0.4665374755859375,96.69821262359619,172.47161841392517,168.519606590271,239.9675772190094,193.39642524719238,344.94323682785034,337.039213180542,479.9351544380188,265.2178192138672,412.43919563293457,265.2178192138672,479.9351544380188,0.4144028425216675,0.8592483242352803,0.4144028425216675,0.9998649050792058,71.8213939666748,67.49595880508423,regular_ge32
2026-08-12T15:19:47.159,609,unlabeled,1,0.4748867154121399,96.21873664855957,173.11313152313232,171.8423490524292,238.9952516555786,192.43747329711914,346.22626304626465,343.6846981048584,477.9905033111572,268.06108570098877,412.10838317871094,268.06108570098877,477.9905033111572,0.418845446407795,0.8585591316223145,0.418845446407795,0.9958135485649109,75.62361240386963,65.88212013244629,regular_ge32
2026-08-12T15:19:47.235,610,unlabeled,1,0.4916226267814636,102.184157371521,173.11313152313232,174.0055513381958,238.9952516555786,204.368314743042,346.22626304626465,348.0111026763916,477.9905033111572,276.1897087097168,412.10838317871094,276.1897087097168,477.9905033111572,0.4315464198589325,0.8585591316223145,0.4315464198589325,0.9958135485649109,71.8213939666748,65.88212013244629,regular_ge32
2026-08-12T15:19:47.338,611,unlabeled,1,0.4169939160346985,104.40347290039062,171.59905338287354,178.108793258667,240.0,208.80694580078125,343.19810676574707,356.217586517334,480.0,282.5122661590576,411.59905338287354,282.5122661590576,480.0,0.4414254158735275,0.8574980278809865,0.4414254158735275,1.0,73.70532035827637,68.40094661712646,regular_ge32
