timestamp,frame,scenario,threshold,detections,capture_ms,preprocess_ms,inference_ms,postprocess_ms,total_ms,loop_fps,sensor_to_result_ms,temperature_c,system_cpu_percent,process_cpu_percent,process_rss_mib,cpu_frequency_mhz,sensor_timestamp_ns,frame_wall_clock_ns,frame_duration_us,exposure_us,analogue_gain,digital_gain,lux,colour_temperature
2026-08-12T15:18:53.302,1,unlabeled,0.2,1,3.219147999516281,11.543024000275182,62.240357000519,0.6672479994449532,77.71503699950699,12.86752266496822,126.234333,56.478,77.2,306.6,186.55078125,1800.0,4217492220000,1786515533176368384,33304,17271,2.0,1.001220464706421,1048.734130859375,5477
2026-08-12T15:18:53.969,2,unlabeled,0.2,1,3.5928939996665576,7.883850999860442,109.43116699945676,2.7378650001992355,123.75865000012709,8.080243279956376,160.353591,55.504,46.7,107.9,265.96484375,1800.0,4218125023000,1786515533809171456,33304,18700,2.0,1.0006860494613647,1042.1527099609375,5395
2026-08-12T15:18:54.134,3,unlabeled,0.2,1,3.0399799998122035,5.5626580005991855,90.18290600033652,0.7877680000092369,99.60758999932295,10.039395592311761,125.841005,57.939,89.2,255.9,266.0703125,1800.0,4218324850000,1786515534008998400,33304,17430,2.0,1.0015339851379395,1077.0072021484375,5376
2026-08-12T15:18:54.230,4,unlabeled,0.2,1,3.3130939991679043,4.198753000309807,69.38957000056689,0.7298230002561468,77.66738899954362,12.8754167338608,121.683847,57.452,86.5,291.7,267.19140625,1800.0,4218424767000,1786515534108915456,33304,17303,2.0,1.0005438327789307,1080.932861328125,5374
2026-08-12T15:18:54.314,5,unlabeled,0.2,1,3.661671999907412,6.0319970007185475,64.37080800060357,0.7519159998992109,74.85309700041398,13.359500676297595,105.508748,56.965,81.3,299.3,267.1953125,1800.0,4218524684000,1786515534208832256,33304,17144,2.0,1.0006389617919922,1089.153564453125,5371
2026-08-12T15:18:54.392,6,unlabeled,0.2,1,1.774020999619097,4.223900999932084,63.14438600020367,1.0622910003803554,70.24406199980149,14.236078773502962,116.565176,57.452,81.3,308.5,267.203125,1800.0,4218591292000,1786515534275440384,33304,16985,2.0,1.0009480714797974,1090.4171142578125,5370
2026-08-12T15:18:54.486,7,unlabeled,0.2,1,1.811187999919639,3.2789269998829695,77.22575400021015,0.7325269998545991,83.08147200023086,12.036377978440504,111.2568,58.426,83.3,285.8,267.20703125,1800.0,4218691209000,1786515534375357440,33304,16985,2.0,1.0009480714797974,1092.7882080078125,5369
2026-08-12T15:18:54.568,8,unlabeled,0.2,1,2.8409040005499264,5.237189999206748,63.597818000744155,0.7956939998621237,72.50377400032448,13.792385483209806,93.448108,58.426,82.4,304.6,267.22265625,1800.0,4218791126000,1786515534475274240,33304,16985,2.0,1.0009480714797974,1090.5250244140625,5367
2026-08-12T15:18:54.696,9,unlabeled,0.2,1,2.1485999996002647,3.5585420000643353,74.37092500003928,0.7583790002172464,80.87081599933299,12.365400146429186,121.182224,58.426,84.0,288.4,268.88671875,1800.0,4218891044000,1786515534575192320,33304,16985,2.0,1.0009480714797974,1089.6500244140625,5366
2026-08-12T15:18:54.778,10,unlabeled,0.2,1,1.7476869998063194,3.9227310007845517,61.61192400031723,0.7363049999185023,68.05003600038617,14.695069375045227,103.824968,58.426,77.4,305.1,269.8046875,1800.0,4218990964000,1786515534675112448,33304,16985,2.0,1.0009480714797974,1091.38720703125,5365
2026-08-12T15:18:54.868,11,unlabeled,0.2,1,1.731705000565853,3.2582410003669793,73.99690199963516,0.7720829999016132,79.78937699954258,12.532996717166156,126.838963,57.939,83.8,301.3,269.80859375,1800.0,4219057565000,1786515534741713408,33304,16985,2.0,1.0009480714797974,1097.451416015625,5365
2026-08-12T15:18:54.948,12,unlabeled,0.2,1,4.50912700034678,3.4650589996090275,62.71330700019462,0.8918630001062411,71.61420800002816,13.963709547686499,106.761141,59.887,84.4,300.6,269.81640625,1800.0,4219157484000,1786515534841632256,33304,16826,2.0,1.0011210441589355,1093.4696044921875,5365
2026-08-12T15:18:55.023,13,unlabeled,0.2,1,1.7780939997464884,3.523948999827553,61.17041900051845,0.7294719998753862,67.23430399961217,14.873359884944572,114.955406,57.939,75.9,306.7,269.83203125,1800.0,4219224092000,1786515534908240384,33304,16826,2.0,1.0011210441589355,1094.033203125,5366
2026-08-12T15:18:55.115,14,unlabeled,0.2,1,1.7055190000974108,3.9563610007462557,71.87284099927638,0.7367859998339554,78.32149000023492,12.767887842749168,107.613544,58.426,87.2,292.0,271.18359375,1800.0,4219324028000,1786515535008176384,33304,16826,2.0,1.0011210441589355,1093.21875,5366
2026-08-12T15:18:55.202,15,unlabeled,0.2,1,3.816212000856467,7.973870999194332,65.67917499978648,0.7254530000864179,78.2455079997817,12.780286377625538,127.881401,59.4,82.4,288.0,271.1875,1800.0,4219390622000,1786515535074770432,33304,16826,2.0,1.0011210441589355,1092.072509765625,5366
2026-08-12T15:18:55.299,16,unlabeled,0.2,1,3.295038000032946,9.052217000316887,64.7142759999042,0.7286569998541381,77.82855799996469,12.848754052470737,124.439957,59.4,81.6,310.9,271.1953125,1800.0,4219490538000,1786515535174686208,33304,16826,2.0,1.0011210441589355,1093.9952392578125,5367
2026-08-12T15:18:55.380,17,unlabeled,0.2,1,1.741039000080491,3.13120299961156,62.018706999879214,0.986400000329013,67.90664599975571,14.726099121485067,106.109015,58.426,78.8,318.7,271.19921875,1800.0,4219590450000,1786515535274598400,33304,16826,2.0,1.0011210441589355,1098.1463623046875,5368
2026-08-12T15:18:55.483,18,unlabeled,0.2,1,5.945477000750543,3.463762000137649,66.83592999979737,0.94208499922388,77.37668299978395,12.923789974336223,141.886996,59.4,85.4,293.0,271.20703125,1800.0,4219657060000,1786515535341208320,33304,16826,2.0,1.0011210441589355,1100.024169921875,5368
2026-08-12T15:18:55.557,19,unlabeled,0.2,0,1.869632999841997,3.648802000498108,61.43027399957646,0.24287300038849935,67.22293399980117,14.875875545732024,116.680795,59.4,80.0,294.3,271.2109375,1800.0,4219756977000,1786515535441125376,33304,16826,2.0,1.0011210441589355,1235.2711181640625,5368
2026-08-12T15:18:55.641,20,unlabeled,0.2,1,1.719685999887588,3.0843329996059765,68.93782499992085,0.7714350003880099,74.54438999957347,13.414825716673272,100.37045,58.913,90.6,311.0,271.22265625,1800.0,4219856892000,1786515535541040384,33304,15334,2.0,1.0014612674713135,1231.9691162109375,5368
2026-08-12T15:18:55.734,21,unlabeled,0.2,0,1.679629999671306,3.2710760006011697,73.44365499920968,0.23239199981617276,78.65945699995791,12.713029534395783,127.252541,59.4,81.1,288.9,271.7265625,1800.0,4219923507000,1786515535607655424,33304,14826,2.0,1.0005031824111938,1382.9207763671875,5368
2026-08-12T15:18:55.824,22,unlabeled,0.2,0,5.668695999702322,3.5065969996139756,63.244035999559856,0.24452199977531563,72.6952760005588,13.756052043771222,117.196433,57.939,72.2,289.2,272.1015625,1800.0,4220023419000,1786515535707567360,33304,13905,2.0,1.002158284187317,1541.7845458984375,5407
2026-08-12T15:18:55.934,23,unlabeled,0.2,0,1.7136489996119053,3.1171110003924696,64.1652129997965,0.22989199987932807,69.25543899978948,14.439299128593204,93.588023,59.887,80.5,273.8,272.32421875,1800.0,4220156639000,1786515535840787200,33304,11778,2.0,1.001847505569458,1581.147705078125,5543
2026-08-12T15:18:56.020,24,unlabeled,0.2,0,1.7009639996103942,3.235963999941305,68.81710099969496,0.23441000030288706,74.02056899991294,13.509758348401459,112.617423,58.913,83.3,315.1,272.33203125,1800.0,4220223249000,1786515535907397376,33304,11810,2.0,1.0011634826660156,1562.9107666015625,5602
2026-08-12T15:18:56.099,25,unlabeled,0.2,0,3.852155999993556,3.302890999293595,62.52702799974941,0.22927999998501036,69.94424399999843,14.297102131806906,125.367079,58.426,77.4,302.4,272.33984375,1800.0,4220289859000,1786515535974007296,33304,11651,2.0,1.0018277168273926,1540.796142578125,5654
2026-08-12T15:18:56.203,26,unlabeled,0.2,1,1.9192259996998473,5.290265999974508,65.54309999955876,0.7548240000687656,73.53960099953838,13.598115660245114,129.48306,60.374,81.4,278.8,272.3515625,1800.0,4220389775000,1786515536073923328,33304,11778,2.0,1.0021977424621582,1395.072998046875,5711
2026-08-12T15:18:56.284,27,unlabeled,0.2,0,3.151462999994692,3.2136679992618156,62.94258900015848,0.27024400060327025,69.60759200046596,14.366249014810137,110.501025,60.374,78.1,296.6,272.35546875,1800.0,4220489692000,1786515536173840384,33304,12540,2.0,1.001617193222046,1385.88671875,5753
2026-08-12T15:18:56.372,28,unlabeled,0.2,1,1.729167999656056,3.298667999843019,70.94890400003351,0.7658240001546801,76.77834200057987,13.024506311850907,132.316906,60.374,88.6,305.3,272.37109375,1800.0,4220556304000,1786515536240452352,33304,13016,2.0,1.000627875328064,1316.3697509765625,5778
2026-08-12T15:18:56.455,29,unlabeled,0.2,1,3.2117599994307966,3.39294700006576,62.43100800020329,0.5004129998269491,69.56899899978453,14.374218608537076,115.198959,60.374,85.3,313.5,272.375,1800.0,4220656219000,1786515536340367360,33304,13556,2.0,1.0018162727355957,1266.86083984375,5811
2026-08-12T15:18:56.531,30,unlabeled,0.2,1,1.6678900001352304,3.230778999750328,61.17288199948234,0.9357520002595265,67.03704299980018,14.917125744985213,91.503213,60.861,76.7,302.2,272.3828125,1800.0,4220756134000,1786515536440282368,33304,14255,2.0,1.0000720024108887,1199.4080810546875,5821
2026-08-12T15:18:56.623,31,unlabeled,0.2,1,1.7202609997184481,6.800950000069861,67.43002999974124,0.7510089999414049,76.7376570001943,13.031411683542384,116.912822,60.861,89.2,304.1,272.38671875,1800.0,4220822746000,1786515536506894336,33304,14699,2.0,1.0002812147140503,1172.670654296875,5828
2026-08-12T15:18:56.703,32,unlabeled,0.2,1,1.7016869996950845,3.311946000394528,61.97639200036065,0.9824189992286847,68.00553599987325,14.704685218595497,96.661751,60.374,78.1,313.9,272.3984375,1800.0,4220922660000,1786515536606808320,33304,15271,2.0,1.0010524988174438,1156.2745361328125,5836
2026-08-12T15:18:56.791,33,unlabeled,0.2,1,1.7283899996982655,3.186574999745062,70.86847800019314,0.5325989995981217,76.34735600004205,13.098030532968936,118.008672,60.374,88.2,284.0,272.40234375,1800.0,4220989280000,1786515536673428224,33304,15493,2.0,1.000486969947815,1146.463623046875,5841
2026-08-12T15:18:56.873,34,unlabeled,0.2,1,1.7840760001490708,3.2281300000249757,66.26546000006783,0.5020800008423976,71.80969199998799,13.925696826553263,100.061838,60.861,84.8,317.0,272.41015625,1800.0,4221089206000,1786515536773354240,33304,15683,2.0,1.0002751350402832,1123.4898681640625,5781
2026-08-12T15:18:56.962,35,unlabeled,0.2,1,2.358453999477206,3.7818410000909353,63.484631000392255,0.49689499974192586,70.17396900027961,14.250298426130286,122.59131,62.322,85.7,303.6,272.4140625,1800.0,4221155804000,1786515536839952384,33304,15874,2.0,1.0001429319381714,1114.9862060546875,5747
2026-08-12T15:18:57.051,36,unlabeled,0.2,1,2.985774999615387,3.682765000121435,63.00281200037716,0.5483770000864752,70.25498900020466,14.233864587141092,112.094428,61.835,83.8,301.8,272.421875,1800.0,4221255718000,1786515536939866368,33304,16033,2.0,1.0000945329666138,1107.9368896484375,5701
2026-08-12T15:18:57.132,37,unlabeled,0.2,1,1.5855369993005297,3.2287229996654787,64.69994199960638,0.5035980002503493,70.04685699939728,14.27615802959731,92.306141,61.348,87.5,311.3,272.42578125,1800.0,4221355632000,1786515537039780352,33304,16191,2.0,1.0006221532821655,1106.150390625,5661
2026-08-12T15:18:57.218,38,unlabeled,0.2,1,1.6752970004745293,3.1679999992775265,64.41177299984702,0.7297679994735518,70.01526300064143,14.282600066657448,111.866624,60.861,84.8,314.1,272.43359375,1800.0,4221422241000,1786515537106389248,33304,16191,2.0,1.0006221532821655,1107.12158203125,5636
2026-08-12T15:18:57.308,39,unlabeled,0.2,1,1.8033180003840243,3.8938789994062972,63.45229799990193,0.7690639995416859,69.95193000057043,14.295531231116074,101.760105,60.861,88.6,299.9,272.44140625,1800.0,4221522157000,1786515537206305280,33304,16191,2.0,1.0006221532821655,1108.8780517578125,5604
2026-08-12T15:18:57.394,40,unlabeled,0.2,1,1.8512630003897357,4.035251000459539,69.87676199969428,0.7452129993907874,76.54185899991717,13.064746702860747,121.709768,60.861,78.8,300.0,272.44921875,1800.0,4221588765000,1786515537272913408,33304,16191,2.0,1.0006221532821655,1109.9498291015625,5585
2026-08-12T15:18:57.485,41,unlabeled,0.2,1,1.6764640004112152,3.1796860002941685,66.19521900029213,0.7384900000033667,71.81806300013704,13.92407366929531,112.424529,61.348,83.8,299.0,272.453125,1800.0,4221688682000,1786515537372830208,33304,16191,2.0,1.0006221532821655,1109.5838623046875,5560
2026-08-12T15:18:57.569,42,unlabeled,0.2,1,1.689353000074334,3.2037410001066746,64.54023700007383,0.9441399997740518,70.4087679996519,14.202776563352792,96.867706,62.322,84.8,308.1,272.46875,1800.0,4221788598000,1786515537472746240,33304,16191,2.0,1.0006221532821655,1108.891357421875,5539
2026-08-12T15:18:57.646,43,unlabeled,0.2,1,1.6715009996914887,3.197371000169369,63.314629000160494,0.9408810001332313,69.15534700056014,14.460197849804734,107.354093,61.835,81.2,311.4,272.47265625,1800.0,4221855209000,1786515537539357440,33304,16191,2.0,1.0006221532821655,1108.9576416015625,5527
2026-08-12T15:18:57.730,44,unlabeled,0.2,1,3.635486999883142,3.180073999828892,64.09728700054984,0.722730999768828,71.66506100020342,13.953801002097263,124.54298,60.861,84.8,310.3,272.48046875,1800.0,4221921817000,1786515537605965312,33304,16191,2.0,1.0006221532821655,1108.8431396484375,5516
2026-08-12T15:18:57.814,45,unlabeled,0.2,1,1.7312790005235001,3.3605759999773,64.71314600003097,0.7492680006180308,70.58660399979999,14.166994065939672,108.24155,61.348,82.9,311.0,272.484375,1800.0,4222021734000,1786515537705882368,33304,16191,2.0,1.0006221532821655,1108.8914794921875,5501
2026-08-12T15:18:57.889,46,unlabeled,0.2,1,1.6928340000958997,3.5251519993835245,61.09427000046708,1.111939000111306,67.45799300006183,14.824040199344255,116.529507,61.835,76.7,306.9,272.49609375,1800.0,4222088344000,1786515537772492288,33304,16191,2.0,1.0006221532821655,1109.385498046875,5492
2026-08-12T15:18:57.980,47,unlabeled,0.2,1,1.7017420004776795,3.36072400023113,69.71287100077461,0.9852700004557846,75.79383199936274,13.193685734327403,107.860228,61.348,89.2,306.2,272.5,1800.0,4222188260000,1786515537872408320,33304,16191,2.0,1.0006221532821655,1110.24658203125,5480
2026-08-12T15:18:58.063,48,unlabeled,0.2,1,1.7520390001664055,3.1970010004442884,64.08112100052676,0.9351590006190236,69.99520800036407,14.286692311776523,90.81843,62.809,84.4,314.5,272.5078125,1800.0,4222288175000,1786515537972323328,33304,16191,2.0,1.0006221532821655,1110.7735595703125,5469
2026-08-12T15:18:58.146,49,unlabeled,0.2,1,1.7399839998688549,3.5259480000604526,64.73094300054072,0.9448629998587421,70.97755299946584,14.088961336938818,107.164032,62.322,84.8,301.3,272.51171875,1800.0,4222354786000,1786515538038934272,33304,16191,2.0,1.0006221532821655,1111.3333740234375,5462
2026-08-12T15:18:58.224,50,unlabeled,0.2,1,1.9304110001030494,3.350779999891529,63.85987799967552,1.0318829999960144,70.20950699916284,14.243085341874338,118.717961,62.809,87.1,316.6,272.52734375,1800.0,4222421395000,1786515538105543424,33304,16191,2.0,1.0006221532821655,1111.841064453125,5455
2026-08-12T15:18:58.322,51,unlabeled,0.2,1,1.7749469998307177,6.1900170003355015,66.37383200086333,1.068494000719511,75.44162300018797,13.255282166947923,116.984749,62.809,81.6,287.3,272.53125,1800.0,4222521313000,1786515538205461248,33304,16191,2.0,1.0006221532821655,1110.7236328125,5445
2026-08-12T15:18:58.406,52,unlabeled,0.2,2,1.7470949997004936,3.4991709999303566,65.30320899946673,1.1599019999266602,71.74350599962054,13.938543789667724,101.58436,61.835,87.9,296.0,272.54296875,1800.0,4222621228000,1786515538305376256,33304,16191,2.0,1.0006221532821655,1108.9036865234375,5437
2026-08-12T15:18:58.482,53,unlabeled,0.2,2,1.6930750007304596,3.1114439998418675,61.8764460004968,0.9394560001965147,67.65112499942916,14.781720185857044,110.521389,62.322,79.3,330.9,272.546875,1800.0,4222687837000,1786515538371985408,33304,16191,2.0,1.0006221532821655,1108.8177490234375,5432
2026-08-12T15:18:58.578,54,unlabeled,0.2,3,1.6972049998003058,10.095154999362421,67.68877400008932,1.3707940006497665,80.88735399996949,12.3628719515337,139.734594,62.809,85.0,292.2,272.5546875,1800.0,4222754456000,1786515538438604288,33304,16191,2.0,1.0006221532821655,1107.9537353515625,5426
2026-08-12T15:18:58.668,55,unlabeled,0.2,3,2.6360860001659603,7.237640999846917,64.05402800010052,1.4358869993884582,75.39640100003453,13.263232551372605,129.891731,62.322,85.7,310.9,272.5625,1800.0,4222854368000,1786515538538516224,33304,16191,2.0,1.0006221532821655,1108.299072265625,5418
2026-08-12T15:18:58.753,56,unlabeled,0.2,2,1.6593159998592455,3.1307210001614294,66.10940400059917,1.1949769996135728,72.12551100019482,13.864719793767547,114.743488,63.296,81.8,306.4,272.5703125,1800.0,4222954281000,1786515538638429440,33304,16191,2.0,1.0006221532821655,1108.7886962890625,5411
2026-08-12T15:18:58.848,57,unlabeled,0.2,2,3.194926999640302,3.9919539995025843,74.55031700010295,1.0336980003557983,82.81263599928934,12.075451867135126,109.921857,62.322,89.7,283.9,272.57421875,1800.0,4223054198000,1786515538738346240,33304,16191,2.0,1.0006221532821655,1109.474853515625,5405
2026-08-12T15:18:58.950,58,unlabeled,0.2,2,1.7949839993889327,3.1412029993589385,73.15998600006424,1.2559959995996905,79.40722499915864,12.59331251042453,112.047753,63.296,86.8,262.7,272.58203125,1800.0,4223154112000,1786515538838260224,33304,16191,2.0,1.0006221532821655,1109.7491455078125,5400
2026-08-12T15:18:59.044,59,unlabeled,0.2,2,2.2688600001856685,3.4972819994436577,70.24717399963265,1.0142340006495942,77.06569899983151,12.975941475625703,106.109389,62.809,92.1,299.3,272.58984375,1800.0,4223254029000,1786515538938177280,33304,16191,2.0,1.0006221532821655,1110.1971435546875,5395
2026-08-12T15:18:59.140,60,unlabeled,0.2,2,4.78211200061196,3.3711500000208616,71.52837400008139,1.020697000058135,80.73574199988798,12.386087936138464,135.734809,63.296,97.2,291.3,272.60546875,1800.0,4223320638000,1786515539004786432,33304,16191,2.0,1.0006221532821655,1109.473388671875,5392
2026-08-12T15:18:59.232,61,unlabeled,0.2,2,1.9287079994683154,3.2342419999622507,75.15345499996329,1.5359999997599516,81.88714399966557,12.211929139989106,127.720365,63.783,89.2,271.7,272.61328125,1800.0,4223420558000,1786515539104706304,33304,16191,2.0,1.0006221532821655,1109.5399169921875,5389
2026-08-12T15:18:59.312,62,unlabeled,0.2,2,1.7788169998311787,3.2689639992895536,62.14233900027466,0.9767710007508867,68.19816900042497,14.663150267183399,107.682261,64.27,78.8,313.5,272.62109375,1800.0,4223520472000,1786515539204620288,33304,16191,2.0,1.0006221532821655,1109.533447265625,5387
2026-08-12T15:18:59.404,63,unlabeled,0.2,2,1.7314460001216503,3.45074399956502,72.00693599952501,0.9809559996938333,78.20061900019937,12.787622563415393,133.633531,63.783,91.4,291.7,272.625,1800.0,4223587080000,1786515539271228416,33304,16191,2.0,1.0006221532821655,1110.0186767578125,5385
2026-08-12T15:18:59.493,64,unlabeled,0.2,1,6.191553999997268,5.1570420000643935,62.474009000652586,1.1476800000309595,75.00048900055845,13.333246400467523,122.533697,63.296,86.1,304.0,272.6328125,1800.0,4223686997000,1786515539371145216,33304,16191,2.0,1.0006221532821655,1110.400146484375,5383
2026-08-12T15:18:59.579,65,unlabeled,0.2,1,4.301198000575823,3.2039079997048248,63.508465999802866,0.7232859998111962,71.76506299947505,13.934356889052196,108.463461,63.783,81.8,302.6,272.63671875,1800.0,4223786914000,1786515539471062272,33304,16191,2.0,1.0006221532821655,1111.0289306640625,5379
2026-08-12T15:18:59.678,66,unlabeled,0.2,1,6.000126000799355,3.7517110004046117,71.2710749994585,1.370515999951749,82.42479900036415,12.13227101707075,140.643749,63.296,81.6,283.6,272.64453125,1800.0,4223853522000,1786515539537670400,33304,16191,2.0,1.0006221532821655,1111.424072265625,5377
2026-08-12T15:18:59.754,67,unlabeled,0.2,1,1.8303360002391855,3.6775240005226806,61.85851999998704,0.9851969998635468,68.38665299983404,14.622736398613144,116.675645,64.27,77.4,316.1,272.6484375,1800.0,4223953444000,1786515539637592320,33304,16191,2.0,1.0006221532821655,1113.9681396484375,5374
2026-08-12T15:18:59.849,68,unlabeled,0.2,1,1.759243000378774,5.103578999296587,74.63367099990137,0.9429370002180804,82.48802200068894,12.122972229733524,112.310296,63.296,84.2,282.6,272.65625,1800.0,4224053355000,1786515539737503232,33304,16191,2.0,1.0006221532821655,1114.037841796875,5372
2026-08-12T15:18:59.938,69,unlabeled,0.2,1,1.8750589997580391,3.948638999645482,65.76591900011408,0.9563630001139245,72.58027600073547,13.7778478548341,100.686748,62.809,82.9,305.8,272.66015625,1800.0,4224153270000,1786515539837418240,33304,16191,2.0,1.0006221532821655,1114.3751220703125,5370
2026-08-12T15:19:00.017,70,unlabeled,0.2,1,1.726204999613401,3.223593999791774,65.75969599998643,0.9687710007710848,71.70950599993375,13.945152543665882,113.942525,62.809,83.9,312.2,272.66796875,1800.0,4224219880000,1786515539904028416,33304,16191,2.0,1.0006221532821655,1113.84814453125,5369
2026-08-12T15:19:00.099,71,unlabeled,0.2,1,1.8252629997732583,3.1739810001454316,62.623566999718605,0.9403069998370484,68.59339600032399,14.578662937103692,128.727281,63.296,84.4,307.7,272.67578125,1800.0,4224286490000,1786515539970638336,33304,16191,2.0,1.0006221532821655,1113.1400146484375,5368
2026-08-12T15:19:00.198,72,unlabeled,0.2,1,2.379861000008532,5.710493000151473,70.05258000026515,0.9380850005982211,79.14918700043927,12.634368562679615,127.761564,63.296,84.6,283.1,272.68359375,1800.0,4224386408000,1786515540070556416,33304,16191,2.0,1.0006221532821655,1113.135498046875,5367
2026-08-12T15:19:00.277,73,unlabeled,0.2,1,1.7335200000161421,3.228685999602021,63.29396399996767,0.9806779999053106,69.27121900025668,14.436009852754209,106.791528,63.783,75.0,304.0,272.69140625,1800.0,4224486321000,1786515540170469376,33304,16191,2.0,1.0006221532821655,1112.94580078125,5367
2026-08-12T15:19:00.374,74,unlabeled,0.2,1,1.7732250007611583,3.490467000119679,75.89542599998822,0.7326200002353289,81.93707100053871,12.204488002670065,136.944316,63.783,86.8,279.0,272.69921875,1800.0,4224552931000,1786515540237079296,33304,16191,2.0,1.0006221532821655,1113.8385009765625,5367
2026-08-12T15:19:00.461,75,unlabeled,0.2,1,2.8091819995097467,3.6649509993367246,65.2274119993308,1.009325999802968,72.77196399991226,13.74155574530331,124.199913,64.27,80.0,298.3,272.703125,1800.0,4224652851000,1786515540336999424,33304,16191,2.0,1.0006221532821655,1114.2529296875,5367
2026-08-12T15:19:00.548,76,unlabeled,0.2,1,1.804096000341815,3.296445999694697,69.45940600053291,0.9836600002017803,75.57386700045754,13.23208722393345,111.687241,64.27,83.3,308.9,272.7109375,1800.0,4224752763000,1786515540436911360,33304,16191,2.0,1.0006221532821655,1114.9459228515625,5367
2026-08-12T15:19:00.635,77,unlabeled,0.2,1,3.745820999938587,3.269131000706693,64.4267920006314,0.7270450005307794,72.19964200066897,13.850484189253105,98.436145,64.757,82.4,299.7,272.71484375,1800.0,4224852680000,1786515540536828416,33304,16191,2.0,1.0006221532821655,1123.2391357421875,5368
2026-08-12T15:19:00.723,78,unlabeled,0.2,1,1.79798400040454,3.213167000467365,70.26539700018475,1.2253479999344563,76.53560099970491,13.065814953277176,119.947794,63.783,83.3,270.7,272.72265625,1800.0,4224919290000,1786515540603438336,33304,16191,2.0,1.0006221532821655,1119.6336669921875,5369
2026-08-12T15:19:00.805,79,unlabeled,0.2,1,1.6639630002828198,3.4242439996887697,61.548960999971314,0.9695119997559232,67.64092200046434,14.783949869771662,102.045143,64.27,76.7,309.0,272.73046875,1800.0,4225019207000,1786515540703355392,33304,16191,2.0,1.0006221532821655,1123.1534423828125,5370
2026-08-12T15:19:00.897,80,unlabeled,0.2,1,1.7471689998274087,3.423410999857879,74.51233600022533,0.7370639996224781,80.45433099960064,12.429411662188375,127.401782,64.27,83.3,282.7,272.73828125,1800.0,4225085817000,1786515540769965312,33304,16191,2.0,1.0006221532821655,1119.01220703125,5371
2026-08-12T15:19:00.977,81,unlabeled,0.2,1,1.7132980001406395,3.190537999216758,64.75966600009997,0.5024319998483406,70.19445200057817,14.246140136427924,107.276834,64.757,80.6,300.8,272.7421875,1800.0,4225185739000,1786515540869887232,33304,16191,2.0,1.0006221532821655,1120.4683837890625,5372
2026-08-12T15:19:01.071,82,unlabeled,0.2,1,1.7341319999104599,3.545634000147402,76.99671699992905,0.5020059998059878,82.81319199977588,12.075370793613489,135.27423,64.27,84.2,295.9,272.75390625,1800.0,4225252342000,1786515540936490240,33304,16191,2.0,1.0006221532821655,1120.1007080078125,5373
2026-08-12T15:19:01.149,83,unlabeled,0.2,1,1.686371000687359,3.5076899994237465,62.05170900011581,0.5027650004194584,67.77883100039617,14.75386909511843,112.69238,64.757,80.6,297.5,272.7578125,1800.0,4225352268000,1786515541036416256,33304,16191,2.0,1.0006221532821655,1118.0145263671875,5373
2026-08-12T15:19:01.243,84,unlabeled,0.2,1,1.874095999482961,4.852760999710881,72.42457099982857,0.503617000504164,79.70708300035767,12.545936475877717,107.571271,64.27,86.1,295.3,272.765625,1800.0,4225452175000,1786515541136323328,33304,16191,2.0,1.0006221532821655,1115.82275390625,5373
2026-08-12T15:19:01.330,85,unlabeled,0.2,1,2.7601070005403017,5.9036620004917495,63.175610000143934,0.7253969997691456,72.5956659998701,13.77492700462021,128.052375,63.783,82.4,298.7,272.76953125,1800.0,4225518791000,1786515541202939392,33304,16191,2.0,1.0006221532821655,1116.7093505859375,5373
2026-08-12T15:19:01.415,86,unlabeled,0.2,1,1.8999479998456081,3.457836999587016,70.45417799963616,0.5004130007364438,76.34709800004202,13.098074795186708,113.112698,65.244,85.3,305.8,272.78125,1800.0,4225618699000,1786515541302847232,33304,16191,2.0,1.0006221532821655,1120.1229248046875,5373
2026-08-12T15:19:01.490,87,unlabeled,0.2,1,1.5770739992149174,3.3755390004444052,61.103790000743174,0.7168970005295705,66.80654199954006,14.968593944091353,87.713004,65.731,78.6,294.7,272.78515625,1800.0,4225718618000,1786515541402766336,33304,16191,2.0,1.0006221532821655,1119.637939453125,5374
2026-08-12T15:19:01.581,88,unlabeled,0.2,1,1.6788530001576873,3.2600380000076257,70.80077400041773,0.9471220000705216,76.71723200019187,13.034881133322159,112.300708,63.783,86.8,307.5,272.79296875,1800.0,4225785228000,1786515541469376256,33304,16191,2.0,1.0006221532821655,1156.1370849609375,5374
2026-08-12T15:19:01.666,89,unlabeled,0.2,1,3.4054660000037984,3.282409000348707,64.68609100011236,0.7304159998966497,72.13349299945548,13.863185580206808,97.559976,64.757,84.4,293.6,272.796875,1800.0,4225885143000,1786515541569291264,33304,16001,2.0,1.0001583099365234,1223.54638671875,5375
2026-08-12T15:19:01.751,90,unlabeled,0.2,1,2.459788000123808,3.3937429998331936,63.1436659996325,0.938288999350334,69.96441299997969,14.292980632886756,115.178459,64.27,82.4,308.2,272.8046875,1800.0,4225951752000,1786515541635900416,33304,15429,2.0,1.000313639640808,1137.2744140625,5376
2026-08-12T15:19:01.832,91,unlabeled,0.2,1,1.673112000389665,3.2170929998756037,66.22429500021099,0.9841219998634188,72.12956799958192,13.863939958794655,96.906697,65.244,87.5,306.6,272.80859375,1800.0,4226051671000,1786515541735819264,33304,15556,2.0,1.0012462139129639,1201.216796875,5377
2026-08-12T15:19:01.910,92,unlabeled,0.2,1,1.6948900001807488,3.14868499935983,61.509275999924284,1.147642999967502,67.53112399928796,14.807986907052575,107.858564,64.757,77.4,296.6,272.81640625,1800.0,4226118283000,1786515541802431232,33304,15271,2.0,1.0002963542938232,1082.3963623046875,5379
2026-08-12T15:19:02.003,93,unlabeled,0.2,1,1.7307799998889095,4.642257999876165,71.00238699968031,0.7291750007425435,78.16458199977205,12.793518169174323,134.181988,64.27,89.2,301.2,272.8203125,1800.0,4226184891000,1786515541869039360,33304,15112,2.0,1.0011241436004639,1034.2490234375,5380
2026-08-12T15:19:02.087,94,unlabeled,0.2,1,2.04676399971504,4.2568649996610475,62.32458199974644,0.9574929999871529,69.63072300004569,14.36147661427189,118.068012,64.757,83.9,310.1,272.828125,1800.0,4226284807000,1786515541968955392,33304,15842,2.0,1.000046730041504,984.63427734375,5382
2026-08-12T15:19:02.176,95,unlabeled,0.2,1,1.679965000221273,3.400392000003194,70.34456600013073,0.9863269997367752,76.44728499963094,13.080909282845397,107.510316,65.244,83.8,291.1,272.83203125,1800.0,4226384721000,1786515542068869376,33304,16890,2.0,1.0007364749908447,1109.4703369140625,5380
2026-08-12T15:19:02.264,96,unlabeled,0.2,9,2.5544750005792594,3.6057639999853563,62.63562299955083,3.9446760001737857,72.78114900054788,13.73982155726165,128.596691,65.244,83.3,307.9,272.84765625,1800.0,4226451333000,1786515542135481344,33304,17779,2.0,1.0007790327072144,1125.4197998046875,5378
2026-08-12T15:19:02.359,97,unlabeled,0.2,10,1.7722610000419081,6.691504000627901,66.56742900031531,5.087245000140683,80.16014300028473,12.475027645552577,124.02824,65.244,86.1,301.9,272.859375,1800.0,4226551249000,1786515542235397376,33304,18985,2.0,1.000343918800354,1066.94970703125,5375
2026-08-12T15:19:02.448,98,unlabeled,0.2,3,3.477874000054726,3.4298370001124567,65.0590959994588,1.3636459998451755,73.36249000036332,13.630944096840873,112.741547,65.244,82.9,295.8,272.875,1800.0,4226651167000,1786515542335315200,33304,19938,2.0,1.000140905380249,1217.3084716796875,5372
2026-08-12T15:19:02.523,99,unlabeled,0.2,3,1.5691479993620305,3.1907219999993686,61.301126000216755,0.9913080002661445,67.0862679999118,14.906180203694067,88.064435,65.731,80.6,303.3,272.87890625,1800.0,4226751080000,1786515542435228416,33304,18573,2.0,1.0013861656188965,1173.334716796875,5460
2026-08-12T15:19:02.618,100,unlabeled,0.2,7,1.6915200003495556,3.209796000192,71.63452500026324,2.112801999828662,78.70342200021696,12.705927831158895,116.449518,65.731,86.1,296.7,272.890625,1800.0,4226817690000,1786515542501838336,33304,17906,2.0,1.0005494356155396,1176.2752685546875,5512
2026-08-12T15:19:02.706,101,unlabeled,0.2,5,2.6398460004202207,3.3993729994108435,64.1757889998189,1.5933699996821815,71.84495299952687,13.91886219212344,104.610534,65.731,82.9,295.3,272.89453125,1800.0,4226917603000,1786515542601751296,33304,17652,2.0,1.0009018182754517,1182.6597900390625,5581
2026-08-12T15:19:02.797,102,unlabeled,0.2,4,1.9267079997007386,3.2242600000245147,66.85956199999055,1.8351329999859445,73.88249599989649,13.535005639243712,128.822075,65.244,83.8,286.3,272.90234375,1800.0,4226984215000,1786515542668363264,33304,17874,2.0,1.000499963760376,1141.7105712890625,5621
2026-08-12T15:19:02.886,103,unlabeled,0.2,2,3.9522870001746924,4.358383999715443,63.64206100079173,1.1759400003938936,73.1712279994099,13.666573970961164,118.061141,64.757,80.6,291.3,272.90625,1800.0,4227084135000,1786515542768283392,33304,18033,2.0,1.0001405477523804,1131.72314453125,5657
2026-08-12T15:19:02.977,104,unlabeled,0.2,7,1.675575000263052,3.4262070003023837,69.84978099990258,2.060134999737784,77.07308800036117,12.974697471513196,108.977158,66.218,85.7,308.6,272.9140625,1800.0,4227184047000,1786515542868195328,33304,18033,2.0,1.0001405477523804,1102.78515625,5688
2026-08-12T15:19:03.065,105,unlabeled,0.2,2,3.4386879997327924,3.508449000037217,65.12130000010075,0.9680489993115771,73.0776540003717,13.684073656701045,97.063237,65.731,82.9,295.4,272.921875,1800.0,4227283962000,1786515542968110336,33304,18477,2.0,1.001550555229187,1090.884765625,5715
2026-08-12T15:19:03.151,106,unlabeled,0.2,5,2.8822740005125524,4.166216000157874,62.710014000003866,1.6206299997065798,71.41372599926399,14.002910309011272,116.306406,64.757,81.8,291.1,272.9296875,1800.0,4227350574000,1786515543034722304,33304,18636,2.0,1.0007095336914062,1075.075439453125,5725
2026-08-12T15:19:03.235,107,unlabeled,0.2,6,1.6630760001135059,3.167519000271568,68.50185900020733,2.045746000476356,75.41362500069226,13.26020331194556,100.982162,65.244,85.7,318.9,272.93359375,1800.0,4227450490000,1786515543134638336,33304,18827,2.0,1.001471996307373,1071.527587890625,5730
2026-08-12T15:19:03.319,108,unlabeled,0.2,5,1.9374860003154026,4.125530000237632,64.88385299962829,1.8800589996317285,72.86450299943681,13.724103765694103,118.696712,65.244,75.0,294.6,272.94140625,1800.0,4227517100000,1786515543201248256,33304,18827,2.0,1.001471996307373,1070.1820068359375,5733
2026-08-12T15:19:03.410,109,unlabeled,0.2,4,1.9927639996240032,3.3887250001498614,70.54347499979485,1.595648999682453,77.55726100003812,12.893699275938953,109.795858,64.757,88.9,287.5,274.79296875,1800.0,4227617016000,1786515543301164288,33304,18827,2.0,1.001471996307373,1064.0023193359375,5737
2026-08-12T15:19:03.499,110,unlabeled,0.2,5,2.03257900011522,3.219557000193163,64.22577199919033,1.591184999597317,71.10155600003054,14.064389814472843,98.514005,64.757,80.6,304.6,274.79296875,1800.0,4227716937000,1786515543401085440,33304,18827,2.0,1.001471996307373,1061.5845947265625,5741
2026-08-12T15:19:03.591,111,unlabeled,0.2,3,1.731705000565853,3.535986000315461,72.13856899943494,1.356589999886637,78.79403500010085,12.69131603678781,123.317523,65.244,82.4,295.5,274.79296875,1800.0,4227783541000,1786515543467689216,33304,18827,2.0,1.001471996307373,1053.5748291015625,5744
2026-08-12T15:19:03.680,112,unlabeled,0.2,5,2.7336610000929795,6.9734150001750095,64.43860800027323,1.8352990000494174,76.01266899928305,13.155701716110402,112.706766,66.218,85.7,291.1,274.79296875,1800.0,4227883456000,1786515543567604224,33304,19017,2.0,1.000900149345398,1032.880859375,5747
2026-08-12T15:19:03.770,113,unlabeled,0.2,5,1.9800230002147146,6.241461999707099,65.69312200008426,1.5870369998083333,75.53319999988162,13.239211366678061,103.406426,66.218,80.0,309.0,274.79296875,1800.0,4227983372000,1786515543667520256,33304,19430,2.0,1.0003477334976196,1005.124267578125,5750
2026-08-12T15:19:03.860,114,unlabeled,0.2,5,1.7225750007128227,3.340539999953762,69.31796099979692,1.6591489993516007,76.0717619996285,13.14548228822258,126.449459,67.192,86.5,312.4,274.80078125,1800.0,4228049983000,1786515543734131200,33304,19430,2.0,1.0003477334976196,994.03857421875,5723
2026-08-12T15:19:03.949,115,unlabeled,0.2,7,1.8500399992262828,7.159732000218355,62.99238700012211,2.297674999681476,74.33751999997185,13.452157134114492,115.56206,66.705,82.9,303.1,274.80078125,1800.0,4228149903000,1786515543834051328,33304,19430,2.0,1.0003477334976196,976.2590942382812,5688
2026-08-12T15:19:04.033,116,unlabeled,0.2,4,1.702482999462518,3.120147999652545,67.83590699978959,1.4192939997883514,74.11149900053715,13.493182751474938,99.315642,66.218,84.8,298.9,274.80078125,1800.0,4228249815000,1786515543933963264,33304,19620,2.0,1.0010302066802979,967.5286865234375,5658
2026-08-12T15:19:04.112,117,unlabeled,0.2,5,1.702113000646932,3.2283149994327687,61.55935200058593,1.8453370003044256,68.36931999987428,14.626443556873738,111.875423,64.757,81.3,315.9,274.80078125,1800.0,4228316426000,1786515544000574208,33304,19620,2.0,1.0010302066802979,965.9539184570312,5640
2026-08-12T15:19:04.205,118,unlabeled,0.2,6,1.6664450004100217,3.475743999842962,69.38420299957215,2.534325999477005,77.11883100000705,12.967001535590038,105.087405,66.218,89.5,289.9,274.80859375,1800.0,4228416340000,1786515544100488448,33304,19620,2.0,1.0010302066802979,965.0608520507812,5648
2026-08-12T15:19:04.295,119,unlabeled,0.2,2,2.2660640006506583,7.4817539998548455,63.994436000029964,1.3602199996967101,75.13397399998212,13.30955820332674,128.728618,66.218,83.3,321.2,274.80859375,1800.0,4228482950000,1786515544167098368,33304,19620,2.0,1.0010302066802979,954.21923828125,5652
2026-08-12T15:19:04.389,120,unlabeled,0.2,3,3.328908999719715,9.513852000054612,66.54552100008004,1.800964999347343,81.22489800007315,12.311495915933307,122.766645,66.218,85.7,287.1,274.80859375,1800.0,4228582867000,1786515544267015424,33304,19620,2.0,1.0010302066802979,935.1685180664062,5658
2026-08-12T15:19:04.469,121,unlabeled,0.2,5,2.021467999838933,3.2974650002870476,61.59561200001917,2.2533229994223802,69.2004230004386,14.450778718414218,102.098641,66.218,78.1,316.0,274.80859375,1800.0,4228682782000,1786515544366930432,33304,19874,2.0,1.0010943412780762,934.4475708007812,5654
2026-08-12T15:19:04.564,122,unlabeled,0.2,5,1.6435380002803868,3.3035760006896453,72.29455200013035,1.83252100032405,79.10676099982084,12.641144541390904,130.890025,66.705,87.2,293.5,274.80859375,1800.0,4228749392000,1786515544433540352,33304,20065,2.0,1.001290202140808,944.2318725585938,5639
2026-08-12T15:19:04.655,123,unlabeled,0.2,4,4.0943439998955,6.159591000141518,64.72962900079438,1.3704240000151913,76.39059999928577,13.090615861236195,121.906226,66.705,83.3,307.4,274.8125,1800.0,4228849308000,1786515544533456384,33304,20287,2.0,1.0000027418136597,953.387939453125,5620
2026-08-12T15:19:04.735,124,unlabeled,0.2,4,1.727928000036627,3.189926000231935,61.49247999928775,1.5797780006323592,68.02220499957912,14.701081801246923,101.754963,66.705,80.0,301.5,274.8125,1800.0,4228949224000,1786515544633372416,33304,20287,2.0,1.0000027418136597,957.6925659179688,5604
2026-08-12T15:19:04.837,125,unlabeled,0.2,6,1.6877799998837872,5.419877999884193,77.10325600055512,2.2743970002920832,86.56071899986273,11.552584261708661,137.756662,66.218,85.7,292.2,274.8125,1800.0,4229015836000,1786515544699984384,33304,20287,2.0,1.0000027418136597,959.02587890625,5593
2026-08-12T15:19:04.931,126,unlabeled,0.2,6,6.825301999924704,6.613873999413045,62.8673669998534,2.215489000263915,78.55525499962823,12.729893117968142,131.423855,66.705,83.8,309.9,274.8125,1800.0,4229115749000,1786515544799897344,33304,20287,2.0,1.0000027418136597,961.8135375976562,5575
2026-08-12T15:19:05.019,127,unlabeled,0.2,5,1.67055700057972,3.4350220003034337,67.55636699926981,2.9642389999935403,75.66164699983347,13.216735818640071,120.161778,67.192,85.7,302.5,274.81640625,1800.0,4229215667000,1786515544899815424,33304,20287,2.0,1.0000027418136597,969.8820190429688,5560
2026-08-12T15:19:05.110,128,unlabeled,0.2,4,6.568687999788381,3.936138000426581,63.26942699979554,2.0022459993924713,75.81470399964019,13.190053475705003,111.187291,66.218,82.4,299.0,274.81640625,1800.0,4229315583000,1786515544999731200,33304,20287,2.0,1.0000027418136597,983.5408935546875,5547
2026-08-12T15:19:05.194,129,unlabeled,0.2,6,1.7020570003296598,3.343984000821365,66.89213699974061,2.4521590003132587,74.42265100053191,13.436769404960497,128.546422,67.192,84.8,309.5,274.81640625,1800.0,4229382198000,1786515545066346240,33304,20287,2.0,1.0000027418136597,993.173828125,5538
2026-08-12T15:19:05.274,130,unlabeled,0.2,5,1.6695379999873694,3.201427000021795,61.77476199991361,1.999281999815139,68.6769349995302,14.560929371802057,108.584451,67.679,77.4,300.3,274.81640625,1800.0,4229482109000,1786515545166257408,33304,20287,2.0,1.0000027418136597,963.593017578125,5527
2026-08-12T15:19:05.366,131,unlabeled,0.2,3,1.731779000692768,3.2331679994968,72.31194100040739,1.384367999889946,78.69744100025855,12.706893480776772,133.327053,67.679,89.2,306.5,274.81640625,1800.0,4229548718000,1786515545232866304,33304,20287,2.0,1.0000027418136597,939.130615234375,5520
2026-08-12T15:19:05.460,132,unlabeled,0.2,7,3.06836999970983,10.413603999950283,63.96458400013216,2.9639790000146604,80.44461000008596,12.430913643548417,127.917889,66.705,84.6,296.3,274.82421875,1800.0,4229648634000,1786515545332782336,33304,20954,2.0,1.0006802082061768,922.8195190429688,5512
2026-08-12T15:19:05.538,133,unlabeled,0.2,4,1.6812419999041595,3.191241000422451,61.227662000419514,2.47108500025206,68.60534199950052,14.576124407444546,105.329418,67.192,80.0,310.3,274.828125,1800.0,4229748549000,1786515545432697344,33304,21176,2.0,1.001166820526123,918.4398803710938,5495
2026-08-12T15:19:05.631,134,unlabeled,0.2,4,1.6965570002867025,3.1238139999913983,73.25234099971567,2.2154520002004574,80.32216500032519,12.449863621031025,131.957198,66.218,90.0,299.8,274.828125,1800.0,4229815160000,1786515545499308288,33304,21366,2.0,1.0012286901474,920.3153076171875,5485
2026-08-12T15:19:05.723,135,unlabeled,0.2,3,2.9734049994658562,7.721646999925724,64.55388700032927,2.2161189999678754,77.50103899979877,12.903052822331794,123.987263,66.705,82.4,305.0,274.828125,1800.0,4229915076000,1786515545599224320,33304,21366,2.0,1.0012286901474,923.3714599609375,5472
2026-08-12T15:19:05.799,136,unlabeled,0.2,2,1.6685569999026484,3.211371000361396,61.975782999979856,1.1510139993333723,68.03800200032128,14.69766851759224,100.075519,67.192,77.4,315.7,274.828125,1800.0,4230014994000,1786515545699142400,33304,21366,2.0,1.0012286901474,945.333740234375,5461
2026-08-12T15:19:05.886,137,unlabeled,0.2,1,1.7182239998874138,3.1608700001015677,69.24296000033792,0.7584529994346667,74.91597100033687,13.348288577818785,120.842043,67.192,91.4,295.8,274.83203125,1800.0,4230081602000,1786515545765750272,33304,21366,2.0,1.0012286901474,929.8157348632812,5455
2026-08-12T15:19:05.973,138,unlabeled,0.2,2,2.144026000678423,3.3120759999292204,63.54452400046284,0.9473819991399068,69.97711700023501,14.290385812788509,107.997995,66.705,83.3,300.5,274.83203125,1800.0,4230181518000,1786515545865666304,33304,21652,2.0,1.0003005266189575,888.379150390625,5448
2026-08-12T15:19:06.061,139,unlabeled,0.2,0,1.7972060004467494,7.087083000442362,65.33939600012673,0.2355030001126579,74.51431899971794,13.42023940396993,129.496524,67.192,88.9,306.4,274.83203125,1800.0,4230248130000,1786515545932278272,33304,22382,2.0,1.0011811256408691,860.3654174804688,5443
2026-08-12T15:19:06.145,140,unlabeled,0.2,1,2.8268109999771696,3.3425580004404765,64.82600100025593,0.4998949998480384,71.52969099934126,13.980208582324359,113.558322,66.705,81.8,309.6,274.83203125,1800.0,4230348044000,1786515546032192256,33304,23525,2.0,1.001263976097107,816.5194091796875,5435
2026-08-12T15:19:06.222,141,unlabeled,0.2,2,1.5643520000594435,3.28218599952379,61.66555699928722,1.5698520001024008,68.1111330004569,14.681887614368298,89.947484,67.192,79.3,301.5,274.83203125,1800.0,4230447963000,1786515546132111360,33304,24637,2.0,1.0000211000442505,810.2900390625,5422
2026-08-12T15:19:06.314,142,unlabeled,0.2,3,1.6728900000089197,3.7570810000033816,69.21633100046165,1.93959599982918,76.63212199986447,13.049358074695734,115.281458,67.192,91.9,315.1,274.83203125,1800.0,4230514573000,1786515546198721280,33304,24859,2.0,1.0004324913024902,809.8982543945312,5415
2026-08-12T15:19:06.404,143,unlabeled,0.2,2,3.1263330001820577,5.28296899938141,64.13351199989847,0.9431219996258733,73.51912200010702,13.60190346123209,105.450018,67.192,83.3,288.7,274.8359375,1800.0,4230614486000,1786515546298634240,33304,24859,2.0,1.0004324913024902,803.3514404296875,5405
2026-08-12T15:19:06.488,144,unlabeled,0.2,2,2.208063000580296,3.4853369998018024,63.66004299979977,1.2841259995184373,70.6734969999161,14.149575759654105,123.475187,67.192,82.4,304.4,274.8359375,1800.0,4230681099000,1786515546365247232,33304,24859,2.0,1.0004324913024902,801.7179565429688,5398
2026-08-12T15:19:06.570,145,unlabeled,0.2,1,1.7875580006148084,3.231593999771576,65.84075400041911,0.731711999833351,71.62167400019825,13.962253940018659,105.211355,67.192,84.4,309.4,274.8359375,1800.0,4230781012000,1786515546465160448,33304,24605,2.0,1.000095248222351,762.5087890625,5387
2026-08-12T15:19:06.650,146,unlabeled,0.2,1,2.1274880000419216,3.2952609999483684,63.48867100041389,0.7562860000689398,69.69933700020192,14.347338770196666,118.704346,67.679,81.3,308.2,274.8359375,1800.0,4230847624000,1786515546531772416,33304,24605,2.0,1.000095248222351,734.921142578125,5381
2026-08-12T15:19:06.733,147,unlabeled,0.2,1,1.7304470002272865,3.2753349996710313,63.634173000536975,0.7233970000015688,69.39625900031388,14.409998671477046,101.570513,66.218,83.9,305.8,274.8359375,1800.0,4230947539000,1786515546631687424,33304,25525,2.0,1.0007728338241577,709.0758056640625,5373
2026-08-12T15:19:06.816,148,unlabeled,0.2,1,1.871596000455611,3.4255589998792857,62.93751700013672,0.564377000046079,68.83353000011994,14.527803528284219,118.221983,66.705,82.4,312.2,274.8359375,1800.0,4231014148000,1786515546698296320,33304,26287,2.0,1.0004829168319702,680.7427978515625,5368
2026-08-12T15:19:06.912,149,unlabeled,0.2,2,1.7403350002496154,3.899637999893457,73.34763800008659,1.1448659997768118,80.17218099939782,12.4731544974124,114.4905,66.705,86.5,291.1,274.8359375,1800.0,4231114065000,1786515546798213376,33304,27589,2.0,1.0002301931381226,633.0992431640625,5362
2026-08-12T15:19:07.000,150,unlabeled,0.2,1,3.1039440000313334,3.6533760003294447,66.29137100026128,0.7226930001706933,73.80684700001439,13.548878466516868,101.883839,67.679,82.9,286.3,274.8359375,1800.0,4231213982000,1786515546898130432,33304,29970,2.0,1.0134990215301514,643.9724731445312,5357
2026-08-12T15:19:07.086,151,unlabeled,0.2,2,3.108203999545367,3.8142109997352236,66.23838799987425,0.7155269995564595,73.91181200000574,13.529637184377544,122.098209,67.679,81.8,299.7,274.8359375,1800.0,4231280590000,1786515546964738304,33304,29970,2.0625,1.0246566534042358,604.0759887695312,5355
2026-08-12T15:19:07.162,152,unlabeled,0.2,2,1.7301869993389118,3.1756289999975706,62.70638499972847,0.7184900005086092,68.36096900042321,14.62823032824197,98.077415,67.679,76.7,303.0,274.8359375,1800.0,4231380507000,1786515547064655360,33304,29970,2.25,1.0095806121826172,538.859130859375,5337
2026-08-12T15:19:07.250,153,unlabeled,0.2,1,1.7978170008063898,3.23314900015248,70.14958299987484,0.5435249995571212,75.75596300011966,13.200281012841463,119.49801,68.166,88.9,305.9,274.83984375,1800.0,4231447117000,1786515547131265280,33304,29970,2.375,1.0170897245407104,548.6026000976562,5321
2026-08-12T15:19:07.339,154,unlabeled,0.2,4,2.852904000064882,3.434670000387996,65.19778399979259,1.8336520006414503,73.35273200078518,13.632757400082873,108.375168,67.192,86.1,293.5,274.84375,1800.0,4231547033000,1786515547231181312,33304,29970,2.3125,1.0044504404067993,658.67041015625,5302
2026-08-12T15:19:07.417,155,unlabeled,0.2,3,1.8965589997606003,3.1748519995744573,61.96239499968215,1.206828999784193,68.31307999982528,14.638485045653887,119.612792,67.192,76.7,318.0,274.84375,1800.0,4231613643000,1786515547297791232,33304,29970,2.125,1.0022401809692383,781.9649047851562,5290
2026-08-12T15:19:07.510,156,unlabeled,0.2,5,1.6600749995632214,3.215020000425284,70.68868099941028,1.8070950000037556,77.40329799980827,12.919346149856263,113.114283,66.218,89.2,291.5,274.84375,1800.0,4231713559000,1786515547397707264,33304,27145,2.0,1.0000314712524414,931.7476806640625,5274
2026-08-12T15:19:07.605,157,unlabeled,0.2,4,3.4303550000913674,9.195403999910923,66.48115100051655,1.6443899994555977,80.78296699932253,12.378847139996559,108.006094,66.705,83.3,295.3,274.84375,1800.0,4231813477000,1786515547497625344,33304,23716,2.0,1.0008667707443237,1010.4262084960938,5261
2026-08-12T15:19:07.696,158,unlabeled,0.2,3,1.7304279999734717,3.3347050002703327,63.61035800000536,1.403016999574902,70.11123100073746,14.263050095204884,98.699496,68.166,83.3,298.0,274.84375,1800.0,4231913393000,1786515547597541376,33304,20319,2.0,1.0003256797790527,1042.5665283203125,5250
2026-08-12T15:19:07.788,159,unlabeled,0.2,4,1.6769450003266684,3.2141490000867634,69.85422699926858,1.5004059996499564,76.28219199978048,13.109219514862364,124.1958,67.192,81.6,302.1,274.84765625,1800.0,4231980004000,1786515547664152320,33304,19366,2.0,1.0013855695724487,1052.6624755859375,5243
2026-08-12T15:19:07.876,160,unlabeled,0.2,4,3.5563199999160133,3.525912000441167,65.48575000033452,1.6309079992424813,74.23227900017082,13.471228601208631,112.401879,66.705,82.4,297.0,274.84765625,1800.0,4232079923000,1786515547764071424,33304,18954,2.0,1.0012253522872925,1065.2205810546875,5268
2026-08-12T15:19:07.964,161,unlabeled,0.2,3,2.665531000275223,3.3338350003759842,64.77985299989086,1.198087999910058,72.0082519992502,13.887297250465302,100.267925,67.192,82.4,296.2,274.8515625,1800.0,4232179837000,1786515547863985408,33304,18954,2.0,1.0012253522872925,1068.414794921875,5290
2026-08-12T15:19:08.046,162,unlabeled,0.2,3,1.6970199994830182,3.245019000132743,67.02843499988376,1.2825330004488933,73.28419399982522,13.64550724269936,116.092397,67.192,84.8,291.1,274.8515625,1800.0,4232246444000,1786515547930592256,33304,18763,2.0,1.0013887882232666,1072.256591796875,5303
2026-08-12T15:19:08.126,163,unlabeled,0.2,6,1.6710930003682734,3.2054820003395434,61.83039300049131,2.2653229998468305,69.00453300022491,14.491801574785539,96.21407,67.192,81.3,312.4,274.859375,1800.0,4232346359000,1786515548030507264,33304,18763,2.0,1.0013887882232666,1080.3914794921875,5322
2026-08-12T15:19:08.214,164,unlabeled,0.2,3,1.71968700033176,3.2277970003633527,68.69054699927801,0.9818640000958112,74.65733899971383,13.394530442664626,116.964258,67.679,88.2,308.9,274.859375,1800.0,4232412971000,1786515548097119232,33304,18541,2.0,1.0014220476150513,1086.494384765625,5335
2026-08-12T15:19:08.308,165,unlabeled,0.2,4,4.390310999951907,5.171265000171843,67.81150000006164,1.6681309998602956,79.07594700009213,12.646070492191955,111.565653,68.166,82.5,285.7,274.859375,1800.0,4232512890000,1786515548197038336,33304,18382,2.0,1.0004669427871704,1086.769287109375,5352
2026-08-12T15:19:08.387,166,unlabeled,0.2,3,1.7672989997663535,3.3776689997466747,62.8547759997673,1.2126619994887733,69.24670199987304,14.441120964892068,90.821843,67.192,80.0,315.7,274.859375,1800.0,4232612800000,1786515548296948224,33304,18223,2.0,1.0001342296600342,1090.9971923828125,5367
2026-08-12T15:19:08.488,167,unlabeled,0.2,4,1.7412240003977786,6.435446000068623,75.17875399935292,1.2518849998741644,84.64367899978242,11.814231278895267,125.296565,68.653,85.0,277.1,274.859375,1800.0,4232679412000,1786515548363560448,33304,18223,2.0,1.0001342296600342,1085.6959228515625,5391
2026-08-12T15:19:08.565,168,unlabeled,0.2,5,1.6977240002233884,3.244778999942355,61.57761200029199,1.8786519995046547,68.43113700051617,14.613230816148167,101.724377,67.192,77.4,314.4,274.859375,1800.0,4232779327000,1786515548463475200,33304,18223,2.0,1.0001342296600342,1082.9722900390625,5445
2026-08-12T15:19:08.665,169,unlabeled,0.2,3,1.6751299999668845,6.353723000756872,73.98735000060697,1.4170349995765719,83.49240700044902,11.977137034684148,134.97354,68.653,87.5,290.4,274.859375,1800.0,4232845937000,1786515548530085376,33304,18223,2.0,1.0001342296600342,1083.34423828125,5477
2026-08-12T15:19:08.756,170,unlabeled,0.2,4,1.9619490003606188,3.1434820002687047,71.32469000043784,1.6447970001536305,78.10532500025147,12.803224363982615,126.548428,69.14,79.4,306.0,274.859375,1800.0,4232945857000,1786515548630005248,33304,18223,2.0,1.0001342296600342,1085.80029296875,5519
2026-08-12T15:19:08.846,171,unlabeled,0.2,4,1.7108350002672523,3.2761489992481074,69.3750189993807,2.0414130003700848,76.43658300003153,13.082740760397249,116.432671,68.166,86.1,300.6,274.86328125,1800.0,4233045770000,1786515548729918208,33304,18223,2.0,1.0001342296600342,1087.2637939453125,5525
2026-08-12T15:19:08.932,172,unlabeled,0.2,4,1.7830389997470775,3.8686190000589704,63.54320900027233,1.4207390004230547,70.64795900078025,14.154690583332433,102.558519,69.627,83.3,290.6,274.86328125,1800.0,4233145699000,1786515548829847296,33304,18223,2.0,1.0001342296600342,1093.7669677734375,5518
2026-08-12T15:19:09.016,173,unlabeled,0.2,3,1.8352070001128595,3.4971889999724226,68.45000699922821,2.0238019997123047,75.8402980000028,13.185602197923366,120.474231,68.653,84.4,306.8,274.8671875,1800.0,4233212295000,1786515548896443392,33304,18223,2.0,1.0001342296600342,1086.384521484375,5513
2026-08-12T15:19:09.097,174,unlabeled,0.2,3,1.8952820000777137,3.3739470000000438,62.199748999773874,1.3660160002473276,68.8670869994894,14.520724537214914,100.941958,67.679,78.1,299.4,274.8671875,1800.0,4233312211000,1786515548996359424,33304,18223,2.0,1.0001342296600342,1089.4793701171875,5507
2026-08-12T15:19:09.199,175,unlabeled,0.2,2,1.7938179998964188,7.905408000624448,75.85690899941255,0.9384740005771164,86.5438870005164,11.554831134335727,136.122506,69.14,83.3,293.2,274.8671875,1800.0,4233378822000,1786515549062970368,33304,18223,2.0,1.0001342296600342,1106.1934814453125,5504
2026-08-12T15:19:09.277,176,unlabeled,0.2,1,1.8514479997975286,3.7103769991517765,63.86328699954902,0.9704550002425094,70.43260499995085,14.197969818107648,115.050776,68.653,74.2,291.6,274.8671875,1800.0,4233478737000,1786515549162885376,33304,18223,2.0,1.0001342296600342,1129.6546630859375,5499
2026-08-12T15:19:09.377,177,unlabeled,0.2,1,2.1433399997476954,6.5574840000408585,72.07834699966043,0.977363999481895,81.79464600016217,12.225739078301253,114.201293,68.653,85.0,294.4,274.8671875,1800.0,4233578660000,1786515549262808320,33304,18001,2.0,1.0003291368484497,1138.2901611328125,5495
2026-08-12T15:19:09.468,178,unlabeled,0.2,2,3.3503180002298905,10.210952999841538,64.60503699963738,1.1948109995501,79.40137800051161,12.594239863111149,106.120961,68.166,83.3,283.2,274.8671875,1800.0,4233678568000,1786515549362716416,33304,17557,2.0,1.0015037059783936,1153.052490234375,5508
2026-08-12T15:19:09.563,179,unlabeled,0.2,2,3.2330200001524645,11.147057000016503,65.59117800043168,0.9695859998828382,80.97721100057242,12.349153393205047,134.658968,67.679,81.1,304.7,274.87109375,1800.0,4233745179000,1786515549429327360,33304,17557,2.0,1.0015037059783936,1162.1192626953125,5538
2026-08-12T15:19:09.641,180,unlabeled,0.2,1,1.6741680001359782,3.4092440000677016,63.56591299936554,1.0919939995801542,69.79872700048873,14.326908855988133,112.299582,69.14,77.4,296.1,274.87109375,1800.0,4233845096000,1786515549529244416,33304,17366,2.0,1.001754641532898,1138.406494140625,5577
2026-08-12T15:19:09.729,181,unlabeled,0.2,1,1.9705049999174662,3.4204660005343612,65.73451300027955,0.5025800001021707,71.66026800041436,13.95473430261547,99.973442,67.679,82.9,297.4,274.87109375,1800.0,4233945010000,1786515549629158400,33304,17366,2.0,1.001754641532898,1113.06494140625,5610
2026-08-12T15:19:09.812,182,unlabeled,0.2,3,1.6709830006220727,3.216240999790898,66.0782390004897,1.0410860004412825,72.03851299982489,13.881463655453727,116.992333,68.166,84.4,298.8,274.87109375,1800.0,4234011621000,1786515549695769344,33304,17366,2.0,1.001754641532898,1111.5322265625,5633
2026-08-12T15:19:09.889,183,unlabeled,0.2,3,1.7010940000545816,3.1927970003380324,62.072321999949054,0.942399999985355,67.94087300022511,14.718680462005349,93.984736,67.679,76.7,312.3,274.87109375,1800.0,4234111538000,1786515549795686400,33304,17557,2.0,1.0005179643630981,1104.0272216796875,5668
2026-08-12T15:19:09.985,184,unlabeled,0.2,1,1.6859460001796833,3.7849889995413832,77.04055300018808,0.9408810001332313,83.49162900049123,11.977248641227451,123.219683,67.679,87.2,281.7,274.87109375,1800.0,4234178148000,1786515549862296320,33304,17747,2.0,1.0011961460113525,1084.1591796875,5689
2026-08-12T15:19:10.072,185,unlabeled,0.2,6,2.547362999393954,3.5755050002990174,64.72646500060364,2.0895620000374038,72.96993100044347,13.704274984087933,110.737345,67.679,82.4,308.8,274.875,1800.0,4234278064000,1786515549962212352,33304,17938,2.0,1.0008387565612793,1073.9254150390625,5716
2026-08-12T15:19:10.161,186,unlabeled,0.2,3,1.6940200002864003,3.46172499939712,68.28732099984336,1.3684790001207148,74.9540849992627,13.341501000376919,133.111267,67.679,88.2,303.3,274.875,1800.0,4234344674000,1786515550028822272,33304,17938,2.0,1.0008387565612793,1069.4390869140625,5728
2026-08-12T15:19:10.255,187,unlabeled,0.2,3,1.8502059992897557,4.547423000076378,71.12926100035111,1.4013319996593054,78.96153900037461,12.664393483962563,126.403658,67.679,81.6,300.4,274.875,1800.0,4234444591000,1786515550128739328,33304,18096,2.0,1.0014156103134155,1076.3553466796875,5738
2026-08-12T15:19:10.340,188,unlabeled,0.2,3,1.7682990001048893,3.301556999758759,69.29877699985809,1.2355339995338,75.63596299951314,13.221223877409175,111.690781,68.166,85.3,293.4,274.87890625,1800.0,4234544506000,1786515550228654336,33304,18096,2.0,1.0014156103134155,1081.22412109375,5746
2026-08-12T15:19:10.420,189,unlabeled,0.2,3,1.6818900003272574,3.391409999494499,62.028155000007246,1.3012190001973067,68.43684100022074,14.612012848412665,92.06628,68.653,78.8,311.5,274.87890625,1800.0,4234644423000,1786515550328571392,33304,18096,2.0,1.0014156103134155,1092.0372314453125,5754
2026-08-12T15:19:10.512,190,unlabeled,0.2,2,1.7484830004832475,3.2997789994624327,70.8421660001477,1.0021419993790914,76.93901499987987,12.997307022991668,117.468087,68.166,88.9,302.8,274.8828125,1800.0,4234711030000,1786515550395178240,33304,18096,2.0,1.0014156103134155,1091.9967041015625,5759
2026-08-12T15:19:10.599,191,unlabeled,0.2,2,3.267428000071959,3.483448000224598,63.96641799983627,0.9657889995651203,71.71388000006118,13.944301995640828,104.710396,68.166,82.9,311.2,274.8828125,1800.0,4234810962000,1786515550495110400,33304,18096,2.0,1.0014156103134155,1088.67822265625,5765
2026-08-12T15:19:10.689,192,unlabeled,0.2,3,1.7181690000143135,3.542096999808564,69.65072599996347,1.198236000163888,76.14624699999695,13.132623594699815,127.296591,68.166,86.1,302.9,274.8828125,1800.0,4234877557000,1786515550561705216,33304,18096,2.0,1.0014156103134155,1099.669189453125,5769
2026-08-12T15:19:10.774,193,unlabeled,0.2,5,3.3506500003568362,3.5547449997466174,63.96028899962403,1.8178919999627396,72.71927999954642,13.751511291176666,113.012216,69.627,85.3,292.0,274.88671875,1800.0,4234977476000,1786515550661624320,33304,18096,2.0,1.0014156103134155,1099.616455078125,5775
2026-08-12T15:19:10.861,194,unlabeled,0.2,6,2.7612919993771357,3.3703349999996135,64.3779040001391,2.1133760001248447,72.6593170002161,13.762859895820736,100.129892,68.166,85.3,310.2,274.890625,1800.0,4235077392000,1786515550761540352,33304,18096,2.0,1.0014156103134155,1087.501953125,5785
2026-08-12T15:19:10.938,195,unlabeled,0.2,4,1.6740200007916428,3.242630999920948,61.33803600005194,1.7865030004031723,68.07335500070621,14.69003547701778,110.175204,68.166,80.0,313.1,274.890625,1800.0,4235143999000,1786515550828147200,33304,18096,2.0,1.0014156103134155,1084.5950927734375,5790
2026-08-12T15:19:11.034,196,unlabeled,0.2,5,1.7383350004820386,6.259869999666989,69.55420599933859,1.9088740000370308,79.49658300003648,12.5791570186047,139.71713,68.166,86.5,301.6,274.890625,1800.0,4235210617000,1786515550894765312,33304,18096,2.0,1.0014156103134155,1083.253662109375,5796
2026-08-12T15:19:11.123,197,unlabeled,0.2,3,3.8044339999032672,3.264946000854252,64.65288900017185,1.35990499984473,73.11328600007982,13.67740467852735,95.590005,67.679,84.2,302.9,274.890625,1800.0,4235343834000,1786515551027982336,33304,18096,2.0,1.0014156103134155,1093.92138671875,5804
2026-08-12T15:19:11.200,198,unlabeled,0.2,3,1.6835570004332112,3.2575020004514954,61.31851700047264,1.620852000087325,67.91109400001005,14.72513460024443,105.90962,69.14,79.3,312.2,274.890625,1800.0,4235410441000,1786515551094589440,33304,18096,2.0,1.0014156103134155,1087.6646728515625,5808
2026-08-12T15:19:11.294,199,unlabeled,0.2,5,1.7171689996757777,3.5623379999378812,70.978187000037,1.8742809998002485,78.16784499937057,12.792984122922313,133.061445,69.14,89.2,298.4,274.89453125,1800.0,4235477052000,1786515551161200384,33304,18096,2.0,1.0014156103134155,1085.038330078125,5811
2026-08-12T15:19:11.383,200,unlabeled,0.2,6,3.4547440000096685,3.307500999653712,66.2082039998495,1.8363740000495454,74.84300899977825,13.361301387588023,122.46995,67.679,85.7,301.9,274.89453125,1800.0,4235576967000,1786515551261115392,33304,18096,2.0,1.0014156103134155,1079.9720458984375,5815
2026-08-12T15:19:11.470,201,unlabeled,0.2,4,3.10922200060304,3.6056720000487985,63.2268910003404,1.3890340005673352,71.36639400050626,14.012197393536601,109.107486,68.166,80.0,301.0,274.89453125,1800.0,4235676884000,1786515551361032448,33304,18096,2.0,1.0014156103134155,1087.672119140625,5820
2026-08-12T15:19:11.559,202,unlabeled,0.2,4,1.698816000498482,4.710741000053531,68.24489500013442,1.375627000015811,76.07043100051669,13.145712293824229,131.607082,68.653,88.2,302.9,274.89453125,1800.0,4235743493000,1786515551427641344,33304,18096,2.0,1.0014156103134155,1085.9505615234375,5826
2026-08-12T15:19:11.646,203,unlabeled,0.2,3,1.8646139997144928,3.4521329998824513,66.23872300042422,1.1876250000568689,72.91402400005609,13.714782769350801,118.980546,68.166,83.3,295.1,274.89453125,1800.0,4235843414000,1786515551527562240,33304,18096,2.0,1.0014156103134155,1091.7772216796875,5832
2026-08-12T15:19:11.726,204,unlabeled,0.2,5,1.7055390007953974,3.2708349999666098,62.19643499935046,2.073728000141273,69.27679599994008,14.4348477086161,98.625894,68.653,77.4,317.6,274.8984375,1800.0,4235943330000,1786515551627478272,33304,18096,2.0,1.0014156103134155,1087.698486328125,5838
2026-08-12T15:19:11.822,205,unlabeled,0.2,3,1.677667999501864,3.3580769995751325,74.65224800034775,1.1650139995253994,80.88700699954643,12.362924987515083,128.184968,68.653,87.2,280.7,274.8984375,1800.0,4236009935000,1786515551694083328,33304,18096,2.0,1.0014156103134155,1088.8355712890625,5843
2026-08-12T15:19:11.919,206,unlabeled,0.2,3,12.452924000172061,6.6612629998417106,62.26715799948579,1.5733330001239665,82.98532699973293,12.050323064982539,125.775146,69.627,79.5,297.4,274.8984375,1800.0,4236109853000,1786515551794001408,33304,18096,2.0,1.0014156103134155,1091.7723388671875,5850
2026-08-12T15:19:12.010,207,unlabeled,0.2,5,1.6995759997371351,3.2845380001162994,71.687177000058,1.7771689999790397,78.4827369998311,12.741655531230416,116.752188,68.166,83.3,286.0,274.90234375,1800.0,4236209768000,1786515551893916416,33304,18096,2.0,1.0014156103134155,1092.37744140625,5856
2026-08-12T15:19:12.101,208,unlabeled,0.2,2,4.412663000039174,4.939594999996189,64.68550099998538,0.9428260000277078,75.02736400056165,13.328470396381167,108.067129,68.166,81.1,296.0,274.90234375,1800.0,4236309688000,1786515551993836288,33304,18096,2.0,1.0014156103134155,1092.541015625,5861
2026-08-12T15:19:12.194,209,unlabeled,0.2,2,1.730001999931119,5.178598000384227,70.55714499983878,1.2216439999974682,78.75212899944017,12.698069407204327,134.118885,68.653,82.1,302.2,274.90234375,1800.0,4236376293000,1786515552060441344,33304,18096,2.0,1.0014156103134155,1088.6302490234375,5864
2026-08-12T15:19:12.283,210,unlabeled,0.2,4,3.723896000337845,4.3917000002693385,66.18377799986774,1.3892939996367204,75.72072400034813,13.206424175175643,122.733469,69.14,82.4,282.3,274.90234375,1800.0,4236476209000,1786515552160357376,33304,18096,2.0,1.0014156103134155,1088.7503662109375,5868
2026-08-12T15:19:12.370,211,unlabeled,0.2,4,2.0722649996969267,3.7828220001756563,64.52646199977607,1.637204999497044,72.0571990004828,13.87786388967603,110.199737,69.14,82.9,297.5,274.90234375,1800.0,4236576126000,1786515552260274432,33304,18096,2.0,1.0014156103134155,1087.2451171875,5872
2026-08-12T15:19:12.461,212,unlabeled,0.2,4,1.7697609991955687,6.425575999855937,67.42553299955034,2.037449999988894,77.7067850003732,12.868889119466175,134.963317,67.679,86.1,306.5,274.90234375,1800.0,4236642736000,1786515552326884352,33304,18096,2.0,1.0014156103134155,1084.076416015625,5874
2026-08-12T15:19:12.550,213,unlabeled,0.2,4,3.446077999797126,3.69985799989081,65.95770200055995,1.384535000397591,74.52044999990903,13.419135284357793,123.542003,67.679,83.8,293.4,274.90625,1800.0,4236742650000,1786515552426798336,33304,18096,2.0,1.0014156103134155,1082.973388671875,5874
2026-08-12T15:19:12.628,214,unlabeled,0.2,5,1.7094459999498213,3.21016799989593,62.623107000035816,1.872928999546275,69.44740899962198,14.399385296079846,101.403202,67.679,78.8,321.7,274.90625,1800.0,4236842572000,1786515552526720256,33304,18096,2.0,1.0014156103134155,1081.013427734375,5874
2026-08-12T15:19:12.716,215,unlabeled,0.2,3,2.0178759996269946,3.2828169996719225,65.19776699951763,1.1983659996985807,71.72793599966099,13.94156943265071,123.654567,67.192,84.8,292.7,274.90625,1800.0,4236909176000,1786515552593324288,33304,18096,2.0,1.0014156103134155,1079.4462890625,5874
2026-08-12T15:19:12.802,216,unlabeled,0.2,6,2.8254409999135532,3.4913370000140276,62.803775999782374,2.471807000802073,71.6252499996699,13.961556853269045,109.520396,67.192,81.8,303.1,274.90625,1800.0,4237009098000,1786515552693246208,33304,18096,2.0,1.0014156103134155,1073.4459228515625,5874
2026-08-12T15:19:12.887,217,unlabeled,0.2,5,1.680113000475103,3.3267609996983083,68.34585900014645,1.8445400000928203,75.231236000036,13.292351065447354,127.646476,69.627,85.3,306.7,274.91015625,1800.0,4237075708000,1786515552759856384,33304,18096,2.0,1.0014156103134155,1071.627197265625,5872
2026-08-12T15:19:12.965,218,unlabeled,0.2,5,1.6874080001798575,3.215518999240885,61.08977399981086,1.8448740001986152,67.86853799985693,14.734367786176684,105.865202,68.653,77.4,307.4,274.91015625,1800.0,4237175623000,1786515552859771392,33304,18096,2.0,1.0014156103134155,1074.65673828125,5870
2026-08-12T15:19:13.058,219,unlabeled,0.2,4,1.6911860002437606,3.112461999990046,72.82596699951682,1.5937970001687063,79.2541920000076,12.61762910913159,131.707589,68.653,88.6,292.1,274.91015625,1800.0,4237242230000,1786515552926378240,33304,18096,2.0,1.0014156103134155,1074.6341552734375,5869
2026-08-12T15:19:13.147,220,unlabeled,0.2,6,2.9635720002261223,5.998495999847364,62.88801699975011,2.7122910005346057,74.61448899994139,13.40222272380349,120.736934,68.653,83.3,301.1,274.91015625,1800.0,4237342150000,1786515553026298368,33304,18096,2.0,1.0014156103134155,1074.740966796875,5866
2026-08-12T15:19:13.230,221,unlabeled,0.2,6,1.673519000178203,3.2416129997727694,66.31704000028549,2.2513229996548034,73.51388300048711,13.60287280694143,104.410796,68.166,86.7,301.7,274.9140625,1800.0,4237442062000,1786515553126210304,33304,18096,2.0,1.0014156103134155,1074.9561767578125,5863
2026-08-12T15:19:13.310,222,unlabeled,0.2,4,1.7853910003395868,3.600746000302024,61.17492399971525,1.622019000024011,68.21841399960249,14.658798722670788,117.281348,69.14,78.8,314.3,274.9140625,1800.0,4237508672000,1786515553192820224,33304,18096,2.0,1.0014156103134155,1075.4486083984375,5861
2026-08-12T15:19:13.406,223,unlabeled,0.2,6,1.7205200001626508,4.8543350003456,71.75377000021399,2.2381190001397044,80.6201700006568,12.403843851877925,113.812086,69.627,89.2,290.4,274.91796875,1800.0,4237608587000,1786515553292735232,33304,18096,2.0,1.0014156103134155,1080.397705078125,5858
2026-08-12T15:19:13.483,224,unlabeled,0.2,5,1.591037999787659,3.1510919998254394,61.61128099938651,1.7999280007643392,68.18630299949291,14.665701996006982,90.913671,69.14,78.1,324.5,274.91796875,1800.0,4237708505000,1786515553392653312,33304,18096,2.0,1.0014156103134155,1083.1749267578125,5857
2026-08-12T15:19:13.580,225,unlabeled,0.2,7,1.6920010002650088,3.3426320005673915,73.34408500082645,2.388399000665231,80.80741399953695,12.375102116319802,121.142062,68.653,86.1,297.2,274.91796875,1800.0,4237775114000,1786515553459262208,33304,18096,2.0,1.0014156103134155,1083.6719970703125,5857
2026-08-12T15:19:13.660,226,unlabeled,0.2,6,1.6687970000930363,3.228853000109666,63.51198799984559,2.0633570002246415,70.50734800031933,14.1829189206701,101.145308,70.114,81.2,290.7,274.91796875,1800.0,4237875036000,1786515553559184384,33304,18096,2.0,1.0014156103134155,1083.2587890625,5858
2026-08-12T15:19:13.754,227,unlabeled,0.2,4,2.2708599999532453,3.2509269994989154,68.4159530001125,1.5897220000624657,75.5603699999483,13.234450810665487,128.265541,69.627,82.9,298.7,274.921875,1800.0,4237941647000,1786515553625795328,33304,18096,2.0,1.0014156103134155,1084.56787109375,5858
2026-08-12T15:19:13.845,228,unlabeled,0.2,4,3.8945830001466675,4.485497000132455,67.56173899975693,1.646389000597992,77.63028400040639,12.88157080547026,120.276354,68.166,81.1,302.6,274.921875,1800.0,4238041556000,1786515553725704448,33304,18096,2.0,1.0014156103134155,1086.19580078125,5856
2026-08-12T15:19:13.937,229,unlabeled,0.2,4,1.7564090003361343,3.4049099995172583,74.48767299956671,1.4160540004013455,81.09997300016403,12.330460331940893,111.566744,69.14,80.0,287.0,274.921875,1800.0,4238141472000,1786515553825620224,33304,18096,2.0,1.0014156103134155,1085.407958984375,5854
2026-08-12T15:19:14.016,230,unlabeled,0.2,4,1.6360560002794955,3.183611999702407,61.43125999915355,1.828409999689029,68.11317200026679,14.681448105163613,90.760296,67.192,78.1,316.1,274.921875,1800.0,4238241387000,1786515553925535232,33304,18096,2.0,1.0014156103134155,1087.20361328125,5852
2026-08-12T15:19:14.111,231,unlabeled,0.2,5,1.7136500000560773,3.2222970003203955,73.73783100047149,2.197433000219462,80.90402600009838,12.360324318085036,119.481517,68.166,87.2,301.1,274.9296875,1800.0,4238308007000,1786515553992155392,33304,18096,2.0,1.0014156103134155,1084.817138671875,5851
2026-08-12T15:19:14.189,232,unlabeled,0.2,4,1.6376860003219917,3.6159499995847,61.97815500036086,1.5862589998505428,68.88329200046428,14.517308493230258,97.707504,68.166,78.6,298.0,274.9296875,1800.0,4238407915000,1786515554092063232,33304,18096,2.0,1.0014156103134155,1081.2071533203125,5848
2026-08-12T15:19:14.283,233,unlabeled,0.2,4,1.6665009998177993,3.3511130004626466,74.51667299937981,1.5835739995964104,81.15106599962019,12.32269703030987,124.856691,68.653,87.5,287.4,274.9296875,1800.0,4238474525000,1786515554158673408,33304,18096,2.0,1.0014156103134155,1079.4249267578125,5845
2026-08-12T15:19:14.375,234,unlabeled,0.2,6,3.9489540004069568,6.114978999903542,64.77185499988991,2.623753000079887,77.49867100028496,12.903447079709574,116.572867,69.627,82.9,305.6,274.9296875,1800.0,4238574441000,1786515554258589440,33304,18096,2.0,1.0014156103134155,1077.600341796875,5842
2026-08-12T15:19:14.463,235,unlabeled,0.2,6,3.0993519994808594,3.568393999557884,64.45161100054975,2.064487999632547,73.21941699956369,13.657579382337323,104.566852,69.627,81.8,296.3,274.93359375,1800.0,4238674363000,1786515554358511360,33304,18096,2.0,1.0014156103134155,1073.183837890625,5839
2026-08-12T15:19:14.555,236,unlabeled,0.2,6,1.6842229997564573,3.197519000423199,71.70504799978517,2.0173570001134067,78.63635100056854,12.71676504919169,130.211768,68.653,84.2,303.4,274.93359375,1800.0,4238740965000,1786515554425113344,33304,18096,2.0,1.0014156103134155,1072.2486572265625,5836
2026-08-12T15:19:14.653,237,unlabeled,0.2,6,4.81970500004536,10.830516999703832,65.85568199989211,2.067339000859647,83.61531700029445,11.95953129014004,128.400286,69.14,81.6,285.5,274.93359375,1800.0,4238840886000,1786515554525034240,33304,18096,2.0,1.0014156103134155,1073.1397705078125,5831
2026-08-12T15:19:14.730,238,unlabeled,0.2,6,1.6687779998392216,3.2112600001710234,61.911505999887595,2.0098019995202776,68.83308699980262,14.527897027237316,105.930671,69.627,76.7,309.8,274.93359375,1800.0,4238940801000,1786515554624949248,33304,18096,2.0,1.0014156103134155,1072.7957763671875,5827
2026-08-12T15:19:14.824,239,unlabeled,0.2,5,1.6543530000490136,7.0962509998935275,66.05733299966232,1.8409849999443395,76.71401399966271,13.035427920697732,132.538799,68.653,91.9,310.9,274.9375,1800.0,4239007407000,1786515554691555328,33304,18096,2.0,1.0014156103134155,1072.7821044921875,5825
2026-08-12T15:19:14.912,240,unlabeled,0.2,4,1.8666329997358844,3.6483020003288402,65.71736600017175,1.5570180003123824,72.82807899991894,13.73096769449477,120.751465,69.14,80.0,292.8,274.9375,1800.0,4239107324000,1786515554791472384,33304,18096,2.0,1.0014156103134155,1075.9228515625,5823
2026-08-12T15:19:15.001,241,unlabeled,0.2,4,1.986819000194373,3.3335759999317816,71.42404399928637,1.431368999874394,78.2099569996717,12.786095765328161,109.734905,68.653,82.9,294.9,274.9375,1800.0,4239207240000,1786515554891388416,33304,18096,2.0,1.0014156103134155,1081.4923095703125,5821
2026-08-12T15:19:15.082,242,unlabeled,0.2,5,1.6941860003498732,3.181815999596438,62.22452800011524,1.806595999369165,68.93799700083036,14.505788440414868,91.30482,69.14,77.4,306.8,274.9375,1800.0,4239307155000,1786515554991303424,33304,18096,2.0,1.0014156103134155,1082.0123291015625,5819
2026-08-12T15:19:15.176,243,unlabeled,0.2,5,1.6887609999685083,3.219557000193163,74.21933600016928,1.6465200005768565,80.80841400078498,12.374948974871428,118.304927,69.627,84.2,288.1,274.9375,1800.0,4239373765000,1786515555057913344,33304,18096,2.0,1.0014156103134155,1083.14794921875,5820
2026-08-12T15:19:15.266,244,unlabeled,0.2,6,1.9064670004809159,7.114731999536161,63.92547499945067,2.0339499997135135,75.01855000009527,13.330036370987308,108.79025,69.14,82.9,299.0,274.9375,1800.0,4239473682000,1786515555157830400,33304,18096,2.0,1.0014156103134155,1088.4161376953125,5820
2026-08-12T15:19:15.358,245,unlabeled,0.2,6,1.6516860005140188,3.368724000210932,71.36745100069675,2.0369870007925783,78.45803500003967,12.745667158239362,134.365593,68.166,86.1,292.9,274.9375,1800.0,4239540290000,1786515555224438272,33304,18096,2.0,1.0014156103134155,1092.23046875,5820
2026-08-12T15:19:15.449,246,unlabeled,0.2,6,5.6279549999089795,3.9883620002001408,64.02625300052023,2.0846910001637298,75.75931799965474,13.199696438721338,124.842996,68.166,81.1,309.8,274.9375,1800.0,4239640206000,1786515555324354304,33304,18096,2.0,1.0014156103134155,1097.7498779296875,5821
2026-08-12T15:19:15.533,247,unlabeled,0.2,5,1.7136129999926197,3.1678889999966486,67.49672099977033,1.9904490000044461,74.40363499972591,13.440203559996549,109.21158,69.14,81.3,284.7,274.9375,1800.0,4239740123000,1786515555424271360,33304,18096,2.0,1.0014156103134155,1096.565185546875,5826
2026-08-12T15:19:15.614,248,unlabeled,0.2,7,1.771614000062982,3.115258999969228,62.13760199989338,2.5350109999635606,69.59381900014705,14.369092174664061,90.195626,67.679,78.8,306.0,274.94140625,1800.0,4239840046000,1786515555524194304,33304,18096,2.0,1.0014156103134155,1099.1295166015625,5831
2026-08-12T15:19:15.709,249,unlabeled,0.2,6,1.7023159998643678,3.339799000059429,73.49069800056895,2.5116590004472528,81.07919499980198,12.33362023392613,118.4987,68.166,86.5,284.9,274.94140625,1800.0,4239906652000,1786515555590800384,33304,18096,2.0,1.0014156103134155,1101.486328125,5833
2026-08-12T15:19:15.799,250,unlabeled,0.2,7,3.089980999902764,3.3182619999934104,65.69186600063404,2.4566210004195455,74.58910000059404,13.406784637326846,108.74439,69.627,82.9,312.7,274.9453125,1800.0,4240006569000,1786515555690717440,33304,18096,2.0,1.0014156103134155,1102.1923828125,5837
2026-08-12T15:19:15.888,251,unlabeled,0.2,6,1.6869830005816766,5.216561000452202,66.41083699923911,2.0810800006074714,75.45183199999883,13.253488662806962,130.967686,69.627,85.7,304.1,274.953125,1800.0,4240073175000,1786515555757323264,33304,18096,2.0,1.0014156103134155,1105.2681884765625,5840
2026-08-12T15:19:15.973,252,unlabeled,0.2,5,2.1591739996438264,3.3768729999792413,62.82290600029228,1.64720400061924,70.04039900039061,14.277474347260974,116.4025,70.114,84.4,304.5,274.953125,1800.0,4240173093000,1786515555857241344,33304,18096,2.0,1.0014156103134155,1105.07568359375,5843
2026-08-12T15:19:16.062,253,unlabeled,0.2,5,1.7250020000574295,3.4039109996228945,68.18369200027519,1.5955190001477604,74.94654899983288,13.342842510363349,105.511231,70.114,86.1,303.4,274.953125,1800.0,4240273007000,1786515555957155328,33304,18096,2.0,1.0014156103134155,1103.99609375,5845
2026-08-12T15:19:16.148,254,unlabeled,0.2,5,1.9297629996799515,3.304853999907209,62.889240000004065,1.8460030005371664,70.00475000040751,14.28474496365145,124.523819,70.114,85.7,327.0,274.953125,1800.0,4240339617000,1786515556023765248,33304,18096,2.0,1.0014156103134155,1103.8634033203125,5847
2026-08-12T15:19:16.230,255,unlabeled,0.2,6,1.7283170000155224,3.1987230004233425,65.72107099964342,2.3427129999618046,73.02326700028061,13.69426541811882,106.39438,69.627,84.4,293.3,274.953125,1800.0,4240439533000,1786515556123681280,33304,18096,2.0,1.0014156103134155,1104.987060546875,5849
2026-08-12T15:19:16.311,256,unlabeled,0.2,6,1.875967000160017,3.6011350002809195,62.18780600011087,2.161821000299824,69.86358199992537,14.313609056018173,121.076494,69.627,80.0,304.4,274.95703125,1800.0,4240506143000,1786515556190291456,33304,18096,2.0,1.0014156103134155,1105.59619140625,5850
2026-08-12T15:19:16.406,257,unlabeled,0.2,6,1.6800940002212883,3.1598890000168467,71.69165899995278,1.8938740004159627,78.46133099974395,12.745131738885023,116.778104,69.14,88.6,295.3,274.95703125,1800.0,4240606059000,1786515556290207232,33304,18096,2.0,1.0014156103134155,1107.5782470703125,5852
2026-08-12T15:19:16.493,258,unlabeled,0.2,7,1.850485000431945,3.330149999783316,63.15883600018424,2.3869719998401706,70.76037000024371,14.132204226695759,103.506703,71.088,82.9,300.3,274.95703125,1800.0,4240705975000,1786515556390123264,33304,18096,2.0,1.0014156103134155,1110.7073974609375,5858
2026-08-12T15:19:16.584,259,unlabeled,0.2,7,1.734945999487536,3.379040000254463,69.59655999980896,2.065394000055676,76.81336800033023,13.01856728890863,127.572123,69.14,84.2,308.7,274.95703125,1800.0,4240772586000,1786515556456734208,33304,18096,2.0,1.0014156103134155,1111.9656982421875,5863
2026-08-12T15:19:16.675,260,unlabeled,0.2,5,4.346255000200472,4.091882000466285,66.27363200004766,2.0316159998401417,76.78129299983993,13.024005730172904,119.190683,69.627,82.9,294.0,274.95703125,1800.0,4240872500000,1786515556556648448,33304,18096,2.0,1.0014156103134155,1112.34375,5870
2026-08-12T15:19:16.763,261,unlabeled,0.2,6,1.843502999690827,3.2578899999862188,64.57005599986587,2.661735000401677,72.36922299944126,13.818028694431618,107.193685,70.114,82.9,308.1,274.95703125,1800.0,4240972419000,1786515556656567296,33304,18096,2.0,1.0014156103134155,1110.95263671875,5876
2026-08-12T15:19:16.852,262,unlabeled,0.2,5,3.7082099997860496,3.4652070007723523,63.91477100078191,2.0022640001116088,73.12243500018667,13.675693376423354,128.933481,70.601,82.9,294.4,274.9609375,1800.0,4241039028000,1786515556723176448,33304,18096,2.0,1.0014156103134155,1110.9154052734375,5880
2026-08-12T15:19:16.933,263,unlabeled,0.2,5,1.8133359999410459,3.135889000077441,65.93423899994377,1.834503000281984,72.75095000022702,13.745524972483238,110.630322,69.627,87.1,306.2,274.9609375,1800.0,4241138946000,1786515556823094272,33304,18096,2.0,1.0014156103134155,1111.3585205078125,5887
2026-08-12T15:19:17.012,264,unlabeled,0.2,5,1.6361300004064105,3.199851999852399,61.299703999793564,1.6554820003875648,67.82326199936506,14.744203839817697,89.922784,69.627,77.4,313.0,274.96484375,1800.0,4241238861000,1786515556923009280,33304,18096,2.0,1.0014156103134155,1110.5277099609375,5892
2026-08-12T15:19:17.103,265,unlabeled,0.2,3,1.6664830000081565,3.9402689999405993,67.7576690004571,1.1572729999898002,74.56337799976609,13.411409552865711,114.284861,69.627,89.7,298.8,274.96484375,1800.0,4241305471000,1786515556989619200,33304,18096,2.0,1.0014156103134155,1110.4896240234375,5895
2026-08-12T15:19:17.190,266,unlabeled,0.2,5,2.0631359993785736,3.556024000317848,63.9102159993854,1.802205999410944,71.36815499961813,14.011851644551422,100.702346,70.114,84.4,301.5,274.96484375,1800.0,4241405387000,1786515557089535232,33304,18096,2.0,1.0014156103134155,1109.928466796875,5900
2026-08-12T15:19:17.280,267,unlabeled,0.2,5,1.7878170001495164,3.283187000306498,69.56600400008028,1.6151859999808948,76.28421299978072,13.108872211906736,124.407208,69.627,86.5,310.0,274.96484375,1800.0,4241471995000,1786515557156143360,33304,18096,2.0,1.0014156103134155,1109.2203369140625,5903
2026-08-12T15:19:17.367,268,unlabeled,0.2,5,2.745347000200127,3.7459699997270945,65.07252600022184,1.5854439998292946,73.19002900021587,13.663063311493572,111.621072,69.14,84.8,298.3,274.96484375,1800.0,4241571914000,1786515557256062208,33304,18096,2.0,1.0014156103134155,1109.3638916015625,5906
2026-08-12T15:19:17.455,269,unlabeled,0.2,5,2.9563859998233966,3.5382639998715604,63.27755999973306,1.6300939996654051,71.4342300007047,13.998891007716258,99.723263,69.627,83.3,306.0,274.96875,1800.0,4241671827000,1786515557355975424,33304,18096,2.0,1.0014156103134155,1110.3424072265625,5911
2026-08-12T15:19:17.547,270,unlabeled,0.2,5,1.817428000322252,3.2508349995623576,75.04245800009812,1.585074000104214,81.72846300021774,12.23563937568893,124.807669,69.627,86.5,292.6,274.96875,1800.0,4241738436000,1786515557422584320,33304,18096,2.0,1.0014156103134155,1110.286865234375,5915
2026-08-12T15:19:17.629,271,unlabeled,0.2,5,1.9288560006316402,3.3004469996740227,62.94075999994675,1.8588740003906423,70.06317700052023,14.272832646349663,107.033638,70.114,78.1,307.4,274.96875,1800.0,4241838356000,1786515557522504448,33304,18096,2.0,1.0014156103134155,1111.7452392578125,5921
2026-08-12T15:19:17.720,272,unlabeled,0.2,5,1.6159450005943654,3.3895400001711096,65.60421699941799,1.8009100003837375,72.47716799975024,13.797448597928746,97.767431,69.627,85.3,308.9,274.96875,1800.0,4241938269000,1786515557622417408,33304,18096,2.0,1.0014156103134155,1112.1317138671875,5926
2026-08-12T15:19:17.810,273,unlabeled,0.2,6,3.461225999672024,3.3865770001284545,67.61227799961489,2.5838830006250646,77.08166700012953,12.973253419627259,121.609486,69.14,80.6,284.9,274.97265625,1800.0,4242004882000,1786515557689030400,33304,18096,2.0,1.0014156103134155,1110.0618896484375,5929
2026-08-12T15:19:17.893,274,unlabeled,0.2,5,1.9126890001643915,3.3329280004181783,65.95637000009447,1.9634860000223853,73.20254800015391,13.660726673037358,104.198252,69.627,82.4,305.5,274.97265625,1800.0,4242104796000,1786515557788944384,33304,18096,2.0,1.0014156103134155,1110.736083984375,5933
2026-08-12T15:19:17.998,275,unlabeled,0.2,3,2.009505000387435,10.30658499985293,73.86764700004278,1.1673839999275515,87.38412200000312,11.443726584561487,143.335342,70.114,82.5,265.1,274.97265625,1800.0,4242171405000,1786515557855553280,33304,18096,2.0,1.0014156103134155,1111.7296142578125,5935
2026-08-12T15:19:18.080,276,unlabeled,0.2,5,5.096838000099524,3.337983999699645,62.00349000027927,1.6477229992233333,72.1210349993271,13.865580270850664,125.235367,70.601,76.5,305.6,274.97265625,1800.0,4242271321000,1786515557955469312,33304,18096,2.0,1.0014156103134155,1109.0750732421875,5938
2026-08-12T15:19:18.179,277,unlabeled,0.2,6,1.6989830000966322,4.296197999792639,74.66108399967197,1.6126300006362726,82.35772999978508,12.142151076803716,123.651327,69.14,83.3,294.3,274.9765625,1800.0,4242371237000,1786515558055385344,33304,18096,2.0,1.0014156103134155,1106.5552978515625,5941
2026-08-12T15:19:18.258,278,unlabeled,0.2,5,1.6516309997314238,3.1820739995964686,63.1042430004527,1.5969439991749823,69.56826399982674,14.374370474480871,103.204263,70.114,77.4,290.1,274.98046875,1800.0,4242471154000,1786515558155302400,33304,18096,2.0,1.0014156103134155,1111.6776123046875,5944
2026-08-12T15:19:18.357,279,unlabeled,0.2,2,1.650870999583276,3.5029860000577173,76.78744199984067,0.9847149995039217,82.96103300017421,12.053851836655651,135.083268,69.627,90.0,294.5,274.98046875,1800.0,4242537763000,1786515558221911296,33304,18096,2.0,1.0014156103134155,1116.1484375,5945
2026-08-12T15:19:18.447,280,unlabeled,0.2,3,4.038899999613932,6.8852100002914085,63.952030999644194,0.9487339993938804,75.86176400036493,13.181871172876887,125.555532,69.14,80.6,298.6,274.98046875,1800.0,4242637687000,1786515558321835264,33304,17938,2.0,1.0005909204483032,1117.073974609375,5947
2026-08-12T15:19:18.543,281,unlabeled,0.2,4,1.7978360001507099,6.622818999858282,72.06633100031468,1.3700909994440735,81.89076199960255,12.211389607106764,121.572789,69.14,84.2,301.7,274.98046875,1800.0,4242737595000,1786515558421743360,33304,17938,2.0,1.0005909204483032,1113.490478515625,5946
2026-08-12T15:19:18.642,282,unlabeled,0.2,5,3.144185000564903,9.413056000084907,71.73073400008434,1.432368999303435,85.76130700021167,11.660270056256627,120.666627,69.627,84.2,281.1,274.984375,1800.0,4242837511000,1786515558521659392,33304,17938,2.0,1.0005909204483032,1103.4056396484375,5945
2026-08-12T15:19:18.719,283,unlabeled,0.2,4,1.7208159997608163,3.2570940002187854,61.30936999943515,1.7908539994095918,68.11341400043602,14.681395943442192,97.924843,69.627,81.3,314.1,274.98828125,1800.0,4242937426000,1786515558621574400,33304,17938,2.0,1.0005909204483032,1095.1824951171875,5945
2026-08-12T15:19:18.811,284,unlabeled,0.2,4,1.678796999840415,3.2736120001573,71.99903299988364,1.812058000723482,78.79550200050289,12.691079752161713,122.831052,69.627,88.9,303.3,274.98828125,1800.0,4243004037000,1786515558688185344,33304,17938,2.0,1.0005909204483032,1092.16455078125,5942
2026-08-12T15:19:18.902,285,unlabeled,0.2,5,2.7307359996484593,8.431729000221821,63.107892000516586,1.808224999876984,76.11506399916834,13.138003799233832,114.568835,69.627,81.6,286.2,274.98828125,1800.0,4243103954000,1786515558788102400,33304,17938,2.0,1.0005909204483032,1088.08984375,5935
2026-08-12T15:19:18.987,286,unlabeled,0.2,2,1.6881680003280053,3.217409000171756,65.9138510000048,1.16247599999042,72.01927499954763,13.885171712798847,99.962442,70.114,87.9,316.3,274.98828125,1800.0,4243203872000,1786515558888020224,33304,17938,2.0,1.0005909204483032,1089.59375,5928
2026-08-12T15:19:19.077,287,unlabeled,0.2,6,4.010880999885558,5.627176999951189,63.340319999952044,1.8476140003258479,74.85953000013978,13.358352637241147,122.617488,70.114,83.8,302.8,274.9921875,1800.0,4243270478000,1786515558954626304,33304,17938,2.0,1.0005909204483032,1097.2763671875,5925
2026-08-12T15:19:19.162,288,unlabeled,0.2,4,1.6883899997992557,3.2859279999684077,67.09990200033644,1.5996860001905588,73.70662799985439,13.567300894594927,107.470537,69.627,84.4,294.8,274.9921875,1800.0,4243370396000,1786515559054544384,33304,17747,2.0,1.0008435249328613,1104.0194091796875,5917
2026-08-12T15:19:19.241,289,unlabeled,0.2,7,1.8572819999462808,3.262817000177165,61.2166109995087,2.9604979999930947,69.3320770005812,14.42333827661931,120.404862,70.601,78.8,323.8,274.9921875,1800.0,4243437004000,1786515559121152256,33304,17588,2.0,1.0005474090576172,1095.129638671875,5911
2026-08-12T15:19:19.337,290,unlabeled,0.2,2,1.7039089998434065,3.1457040004170267,76.46821599973919,0.9496220000073663,82.30115599963028,12.15049761882436,116.452363,70.114,86.1,283.6,274.9921875,1800.0,4243536921000,1786515559221069312,33304,17588,2.0,1.0005474090576172,1076.42626953125,5904
2026-08-12T15:19:19.428,291,unlabeled,0.2,7,3.6864509993392858,3.463115000158723,66.8281210000714,2.7763470006902935,76.78909100013698,13.02268313083972,107.596306,70.114,80.6,296.5,274.99609375,1800.0,4243636838000,1786515559320986368,33304,17588,2.0,1.0005474090576172,1073.2496337890625,5898
2026-08-12T15:19:19.512,292,unlabeled,0.2,3,1.7234460001418483,3.245278999202128,66.83832399994571,2.0318939996286645,73.87311200000113,13.53672497240924,124.754755,69.627,85.3,298.3,274.99609375,1800.0,4243703446000,1786515559387594240,33304,17588,2.0,1.0005474090576172,1070.2781982421875,5891
2026-08-12T15:19:19.600,293,unlabeled,0.2,2,2.7530320003279485,3.3390200005669612,65.33556700014742,1.4191469999786932,72.87954399998853,13.721271362512331,112.889972,69.627,82.9,306.8,274.99609375,1800.0,4243803364000,1786515559487512320,33304,17588,2.0,1.0005474090576172,1076.736083984375,5882
2026-08-12T15:19:19.688,294,unlabeled,0.2,2,1.9947079999838024,3.549263999957475,65.68408900056966,1.6416859998571454,72.90952600033052,13.715628874002922,134.428604,70.114,82.4,283.6,274.99609375,1800.0,4243869975000,1786515559554123264,33304,17588,2.0,1.0005474090576172,1077.67333984375,5876
2026-08-12T15:19:19.773,295,unlabeled,0.2,2,5.622159000267857,3.671061000204645,65.788182999313,1.1945329997615772,76.31025099999533,13.1043993027891,119.608722,69.627,82.4,293.8,274.99609375,1800.0,4243969888000,1786515559654036224,33304,17588,2.0,1.0005474090576172,1072.1109619140625,5869
2026-08-12T15:19:19.851,296,unlabeled,0.2,2,1.6822790003061527,3.1893340001261095,61.68585600062215,0.7288050001079682,67.31855300040479,14.854745912229975,97.59125,69.14,78.1,320.8,275.0,1800.0,4244069805000,1786515559753953280,33304,17747,2.0,1.0009989738464355,1028.0472412109375,5858
2026-08-12T15:19:19.943,297,unlabeled,0.2,0,1.7200019992742455,3.1774450008015265,75.32777699998405,0.2311689995622146,80.48618999964674,12.424491704780523,123.115694,70.601,86.1,282.1,275.0,1800.0,4244136415000,1786515559820563200,33304,18255,2.0,1.0000905990600586,980.361328125,5852
2026-08-12T15:19:20.035,298,unlabeled,0.2,0,2.507251000679389,9.600483999747667,66.44256100025814,0.23202099964692025,78.81679900037852,12.68765050957217,114.589864,69.627,82.4,293.6,275.00390625,1800.0,4244236332000,1786515559920480256,33304,19430,2.0,1.0001983642578125,940.4976196289062,5843
2026-08-12T15:19:20.116,299,unlabeled,0.2,0,1.7395770000803168,3.1885739999779616,67.10786599978746,0.26985499971488025,72.3422049995861,13.823189381713226,95.868628,70.114,75.0,297.8,275.00390625,1800.0,4244336247000,1786515560020395264,33304,20668,2.0,1.0005574226379395,877.1580810546875,5817
2026-08-12T15:19:20.211,300,unlabeled,0.2,0,1.6959089998636045,9.008494999761751,70.22605099973589,0.2343359992664773,81.20206799958396,12.314957298933859,124.817466,70.114,84.6,290.2,275.00390625,1800.0,4244402860000,1786515560087008256,33304,21747,2.0,1.000697135925293,814.20751953125,5778
2026-08-12T15:19:20.289,301,unlabeled,0.2,0,1.74557599984837,3.324242999951821,64.31475800036424,0.23298500036617042,69.64713599973038,14.35809219784531,102.801655,70.601,82.8,298.9,275.00390625,1800.0,4244502775000,1786515560186923264,33304,23938,2.0,1.0013036727905273,723.9492797851562,5726
2026-08-12T15:19:20.385,302,unlabeled,0.2,1,1.6922049999266164,3.4164290000262554,75.13460900008795,0.5034499999965192,80.77791499999876,12.379621335856656,132.161325,70.601,86.8,302.2,275.00390625,1800.0,4244569383000,1786515560253531392,33304,25335,2.0,1.0008972883224487,689.9126586914062,5696
2026-08-12T15:19:20.460,303,unlabeled,0.2,1,1.7343350000373903,3.2100750004246947,62.37755000074685,0.5058209999333485,67.85715200021514,14.736840119621135,107.518995,70.601,80.0,305.6,275.00390625,1800.0,4244669299000,1786515560353447424,33304,26668,2.0,1.0005416870117188,677.212646484375,5630
2026-08-12T15:19:20.554,304,unlabeled,0.2,0,1.7171869994854205,3.24501999966742,73.29001199923368,0.23772500026097987,78.51987000049121,12.735629847499036,134.672437,71.088,86.5,287.9,275.0078125,1800.0,4244735913000,1786515560420061440,33304,26922,2.0,1.0005334615707397,656.2210693359375,5560
2026-08-12T15:19:20.641,305,unlabeled,0.2,0,1.897577999443456,7.71040599920525,63.79225199998473,0.23585400049341843,73.67511000029481,13.573104946785943,121.633994,70.601,83.3,309.2,275.0078125,1800.0,4244835843000,1786515560519991296,33304,28065,2.0,1.0010439157485962,607.7391967773438,5467
2026-08-12T15:19:20.723,306,unlabeled,0.2,3,1.6593339996688883,3.297780000139028,65.18801000038366,1.3644789996760665,71.5407879997656,13.978040051827168,103.900442,70.601,87.5,305.8,275.0078125,1800.0,4244935744000,1786515560619892224,33304,29939,2.0,1.000749111175537,585.0950317382812,5388
2026-08-12T15:19:20.801,307,unlabeled,0.2,1,1.733761000650702,3.4697450000749086,62.01536099979421,0.5013760001020273,67.75211300009687,14.759687273496109,115.342933,70.114,76.7,307.4,275.0078125,1800.0,4245002353000,1786515560686501376,33304,29970,2.0625,1.0191766023635864,594.1400146484375,5314
2026-08-12T15:19:20.898,308,unlabeled,0.2,0,1.728686999740603,3.343114000017522,75.0488289995701,0.23392899947793921,80.38494699940202,12.440140067610407,111.819715,70.601,84.6,280.2,275.0078125,1800.0,4245102267000,1786515560786415360,33304,29970,2.125,1.0282303094863892,529.2052612304688,5180
2026-08-12T15:19:20.983,309,unlabeled,0.2,0,2.9499789998226333,3.361947000485088,65.5691250003656,0.23524300013377797,72.1474620004301,13.860501426842134,97.39487,70.114,82.9,304.1,275.0078125,1800.0,4245202187000,1786515560886335232,33304,29970,2.125,1.0282303094863892,476.3502197265625,5064
2026-08-12T15:19:21.073,310,unlabeled,0.2,0,1.8521880001571844,9.066736000022502,65.26982499963196,0.23083599990059156,76.4891250000801,13.073753948668557,120.766835,70.114,80.0,288.6,275.01171875,1800.0,4245268796000,1786515560952944384,33304,29970,2.25,1.0274254083633423,485.7272033691406,4997
2026-08-12T15:19:21.158,311,unlabeled,0.2,0,1.6620750002402929,3.1401289998029824,70.6068139998024,0.23274399973161053,75.67278199985594,13.21479101960205,105.207642,70.114,78.8,284.9,275.01171875,1800.0,4245368710000,1786515561052858368,33304,29970,2.375,1.0120023488998413,417.4564208984375,4870
2026-08-12T15:19:21.235,312,unlabeled,0.2,0,2.2532860002684174,3.859120000015537,61.1684260002221,0.24350300009245984,67.55605600028503,14.802521923360667,116.036567,70.601,77.4,309.8,275.01171875,1800.0,4245435319000,1786515561119467264,33304,29970,2.625,1.0077183246612549,395.21234130859375,4783
2026-08-12T15:19:21.332,313,unlabeled,0.2,0,1.7024090002450976,3.210722999938298,80.47733800049173,0.23548399985884316,85.65536200057977,11.67469235601656,113.456603,71.088,84.2,277.6,275.01171875,1800.0,4245535236000,1786515561219384320,33304,29970,3.0625,1.016983151435852,417.8074951171875,4670
2026-08-12T15:19:21.422,314,unlabeled,0.2,0,2.315564999662456,8.237170999564114,63.565120000021125,0.23542899998574285,74.38524799999868,13.443525791565792,102.928959,70.114,82.9,302.1,275.01171875,1800.0,4245635152000,1786515561319300352,33304,29970,3.0,1.0215741395950317,468.5749206542969,4572
2026-08-12T15:19:21.513,315,unlabeled,0.2,0,1.6892610001377761,3.221501000552962,73.76142500015703,0.22848399930808228,78.92963499944017,12.669512534893805,127.909439,70.114,81.6,294.8,275.01171875,1800.0,4245701761000,1786515561385909248,33304,29970,3.0,1.0042532682418823,527.4505615234375,4514
2026-08-12T15:19:21.602,316,unlabeled,0.2,0,5.285025999910431,4.245142999934615,66.15452100049879,0.24348500028281705,75.96567400014465,13.163840289208727,116.461654,70.114,82.4,293.8,275.015625,1800.0,4245801677000,1786515561485825280,33304,29970,2.4375,1.0243154764175415,540.8236694335938,4438
2026-08-12T15:19:21.688,317,unlabeled,0.2,0,2.233637999779603,7.738905999758572,63.07037399983528,0.23630000032426324,73.31075399997644,13.640563565889956,102.855585,70.114,82.9,312.9,275.015625,1800.0,4245901593000,1786515561585741312,33304,29970,2.375,1.0023789405822754,848.3649291992188,4373
2026-08-12T15:19:21.771,318,unlabeled,0.2,0,5.024095999942801,3.6669880000772537,66.02701900010288,0.24970699996629264,75.00132899986056,13.333097070878026,119.326213,72.062,84.8,285.8,275.015625,1800.0,4245968204000,1786515561652352256,33304,29970,2.0625,1.015210747718811,890.3861694335938,4334
2026-08-12T15:19:21.849,319,unlabeled,0.2,1,1.6594089993304806,3.3020199998645694,61.39866900048219,0.5044500003350549,66.89410299986775,14.949000811057694,96.922244,71.088,77.4,313.2,275.015625,1800.0,4246068120000,1786515561752268288,33304,26129,2.0,1.000572919845581,908.072021484375,4457
2026-08-12T15:19:21.943,320,unlabeled,0.2,1,1.6766310000093654,3.315816999929666,73.1157139998686,1.1463470000308007,79.29082400005427,12.611799821872397,124.27771,70.114,86.1,297.9,275.015625,1800.0,4246134730000,1786515561818878208,33304,23271,2.0,1.0003002882003784,931.1873779296875,4530
2026-08-12T15:19:22.032,321,unlabeled,0.2,1,3.365947000020242,7.550923000053444,63.855735000288405,0.9830479993979679,75.78922700031399,13.19448739061367,113.458866,70.114,84.2,291.9,275.01953125,1800.0,4246234648000,1786515561918796288,33304,20065,2.0,1.0005210638046265,958.3109130859375,4625
2026-08-12T15:19:22.108,322,unlabeled,0.2,1,1.8576330003270414,3.507115000502381,61.90915600018343,0.7203049999588984,68.02341399998113,14.70082051454044,122.635831,70.601,80.0,316.5,275.01953125,1800.0,4246301257000,1786515561985405440,33304,19176,2.0,1.0002256631851196,973.3714599609375,4681
2026-08-12T15:19:22.203,323,unlabeled,0.2,1,1.7650770005275263,6.357186000059301,70.76590899941948,0.9516039999653003,79.86999800050398,12.520345874976607,117.894709,70.114,83.8,294.0,275.0234375,1800.0,4246401174000,1786515562085322240,33304,18731,2.0,1.0004022121429443,989.7353515625,4774
2026-08-12T15:19:22.290,324,unlabeled,0.2,1,5.555675999858067,3.2697979995646165,62.76849999994738,0.729138000679086,72.35300200045458,13.82112659255959,105.056903,70.601,82.9,287.5,275.0234375,1800.0,4246501091000,1786515562185239296,33304,18287,2.0,1.001401424407959,1035.821533203125,4855
2026-08-12T15:19:22.384,325,unlabeled,0.2,1,1.7195200007336098,3.339576999678684,74.79279000017414,1.2172360002296045,81.11591999931989,12.328036222832516,132.294919,71.575,84.2,298.1,275.0234375,1800.0,4246567699000,1786515562251847424,33304,17779,2.0,1.001413345336914,1031.7628173828125,4902
2026-08-12T15:19:22.474,326,unlabeled,0.2,1,2.353138999751536,3.968732000430464,65.81144299980224,0.9310300001743599,73.09906699993007,13.680065164182691,122.695261,71.575,80.0,275.4,275.0234375,1800.0,4246667619000,1786515562351767296,33304,17493,2.0,1.001384973526001,1044.1507568359375,4968
2026-08-12T15:19:22.561,327,unlabeled,0.2,1,1.7132789998868247,4.3861809999725665,67.9565789996559,0.7634530002178508,74.88364300024841,13.354051164373542,110.212814,70.114,85.7,310.7,275.02734375,1800.0,4246767532000,1786515562451680256,33304,17334,2.0,1.000964641571045,1036.211181640625,5030
2026-08-12T15:19:22.651,328,unlabeled,0.2,1,2.144840000255499,7.716647000052035,64.7528389999934,0.7370270004685153,75.38175999980012,13.265808598826181,100.096487,70.601,86.5,300.5,275.02734375,1800.0,4246867445000,1786515562551593216,33304,17334,2.0,1.000964641571045,1030.9207763671875,5083
2026-08-12T15:19:22.726,329,unlabeled,0.2,1,1.7288899998675333,3.2880750004551373,61.47774399960326,0.7247490002555423,67.25305300005857,14.869213446698533,108.627618,71.088,79.3,306.3,275.02734375,1800.0,4246934056000,1786515562618204416,33304,17588,2.0,1.0006526708602905,1039.64599609375,5114
2026-08-12T15:19:22.822,330,unlabeled,0.2,1,1.6662420002830913,6.210110000210989,71.3010999998005,0.7320269996853312,79.99372200083599,12.500981014354469,137.322293,70.601,89.5,304.3,275.02734375,1800.0,4247000668000,1786515562684816384,33304,17588,2.0,1.0006526708602905,1051.3973388671875,5143
2026-08-12T15:19:22.897,331,unlabeled,0.2,1,1.6874459997779923,3.433781000239833,61.60802300018986,0.7223410002552555,67.48125899957813,14.818929208274724,112.488938,71.575,80.6,319.7,275.03515625,1800.0,4247100585000,1786515562784733440,33304,17080,2.0,1.001573920249939,1065.3623046875,5181
2026-08-12T15:19:22.989,332,unlabeled,0.2,1,1.668093999796838,3.9099910000004456,70.35229299981438,0.7256929993673111,76.69357099985064,13.038902569837928,104.986946,71.088,86.1,292.1,275.03515625,1800.0,4247200500000,1786515562884648448,33304,16763,2.0,1.00009024143219,1069.962158203125,5213
2026-08-12T15:19:23.083,333,unlabeled,0.2,1,5.52119500025583,7.392939000055776,65.87129500076117,0.9759189997566864,79.79190500009281,12.532599641515475,131.978261,70.114,81.1,309.7,275.0390625,1800.0,4247267110000,1786515562951258368,33304,16763,2.0,1.00009024143219,1071.8900146484375,5232
2026-08-12T15:19:23.171,334,unlabeled,0.2,1,1.700390000223706,4.3610330003502895,68.55099499989592,1.003956000204198,75.67807900068146,13.213866065376676,119.927586,70.114,86.5,293.3,275.0390625,1800.0,4247367025000,1786515563051173376,33304,16763,2.0,1.00009024143219,1073.860107421875,5258
2026-08-12T15:19:23.260,335,unlabeled,0.2,1,4.882927999460662,4.540812999948685,64.21818400031043,0.7265090007422259,74.40334200055077,13.440256487303992,108.946469,71.088,79.4,294.9,275.0390625,1800.0,4247466942000,1786515563151090432,33304,16763,2.0,1.00009024143219,1075.8768310546875,5281
2026-08-12T15:19:23.350,336,unlabeled,0.2,1,1.6806500007078284,4.57557200024894,70.8896520000053,0.7293609996850137,77.90714100065088,12.835793832963853,132.922895,70.601,85.7,298.1,275.0390625,1800.0,4247533552000,1786515563217700352,33304,16763,2.0,1.00009024143219,1077.4456787109375,5294
2026-08-12T15:19:23.443,337,unlabeled,0.2,1,5.260765999992145,4.60218399985024,67.33292399985658,1.1331239993523923,78.37633199960692,12.758953812804295,125.382128,70.114,77.1,270.8,275.0390625,1800.0,4247633470000,1786515563317618432,33304,16763,2.0,1.00009024143219,1079.7696533203125,5311
2026-08-12T15:19:23.524,338,unlabeled,0.2,1,1.8797820002873777,3.267594000135432,66.84197399954428,1.2282180005058763,73.25360499999078,13.651205288806276,107.438598,71.575,84.8,304.9,275.04296875,1800.0,4247733383000,1786515563417531392,33304,16763,2.0,1.00009024143219,1081.6368408203125,5325
2026-08-12T15:19:23.602,339,unlabeled,0.2,1,1.9241330001023016,3.758618000574643,61.08514700008527,0.9661039994171006,67.7643730005002,14.75701693561923,118.719005,71.088,77.4,318.1,275.04296875,1800.0,4247799993000,1786515563484141312,33304,16604,2.0,1.0001071691513062,1083.82861328125,5333
2026-08-12T15:19:23.691,340,unlabeled,0.2,1,1.6994269999486278,3.239557000597415,67.13894099993922,0.7452859999830252,72.85537799998565,13.72582268395062,107.490673,71.575,91.9,295.1,275.04296875,1800.0,4247899908000,1786515563584056320,33304,16604,2.0,1.0001071691513062,1104.7308349609375,5343
2026-08-12T15:19:23.774,341,unlabeled,0.2,1,1.9253740001659025,3.3057980008379673,62.83727899972291,0.7342870003412827,68.83197899969673,14.528130885273631,124.154083,71.088,84.4,311.8,275.04296875,1800.0,4247966519000,1786515563650667264,33304,16604,2.0,1.0001071691513062,1128.9449462890625,5349
2026-08-12T15:19:23.861,342,unlabeled,0.2,1,1.7062229999282863,3.4509669994804426,67.96022800062929,0.7229530001495732,73.87140799983172,13.537037225583653,110.813202,71.575,85.7,301.1,275.04296875,1800.0,4248066435000,1786515563750583296,33304,15937,2.0,1.0018160343170166,1149.4615478515625,5363
2026-08-12T15:19:23.945,343,unlabeled,0.2,1,3.3597060000829515,3.4460970000509406,64.01879300028668,0.9407330007888959,71.80134699956398,13.92731531911334,95.054386,71.575,84.8,308.9,275.04296875,1800.0,4248166351000,1786515563850499328,33304,15620,2.0,1.0010179281234741,1096.3677978515625,5374
2026-08-12T15:19:24.020,344,unlabeled,0.2,1,1.7214839999724063,3.161112000270805,61.33509400024195,0.9388069993292447,67.18594199992367,14.88406607443468,103.024587,70.601,80.0,321.6,275.04296875,1800.0,4248232961000,1786515563917109248,33304,15398,2.0,1.0009983777999878,1086.8787841796875,5381
2026-08-12T15:19:24.110,345,unlabeled,0.2,1,1.6613350007901317,6.358908000038355,65.8309440004814,0.7441569996444741,74.62875100009114,13.399661478975826,126.379676,72.062,91.2,300.2,275.04296875,1800.0,4248299571000,1786515563983719424,33304,15906,2.0,1.0009675025939941,1083.47412109375,5387
2026-08-12T15:19:24.193,346,unlabeled,0.2,1,1.9566900000427268,3.4824479998860625,64.07321900042007,0.7289529994523036,70.27838599969982,14.229125865301905,110.223601,70.601,82.4,310.4,275.046875,1800.0,4248399489000,1786515564083637248,33304,16064,2.0,1.0010722875595093,1088.82958984375,5393
2026-08-12T15:19:24.283,347,unlabeled,0.2,1,1.6658350004945532,3.5544130005291663,70.19823599966912,0.7237310001073638,76.17514100002154,13.127642257986988,132.883238,71.088,85.7,302.3,275.046875,1800.0,4248466099000,1786515564150247424,33304,16064,2.0,1.0010722875595093,1089.98095703125,5396
2026-08-12T15:19:24.368,348,unlabeled,0.2,1,3.348705999997037,3.3703910003168858,64.3742040001598,0.5753030000050785,71.70136500008084,13.946735881511774,118.356507,71.088,82.9,299.8,275.046875,1800.0,4248566015000,1786515564250163200,33304,16064,2.0,1.0010722875595093,1091.5361328125,5400
2026-08-12T15:19:24.456,349,unlabeled,0.2,1,1.8840219991034246,3.192408000359137,68.59836599960545,0.5076350007584551,74.21150599930115,13.47499941598567,106.692161,71.088,85.3,287.9,275.05078125,1800.0,4248665929000,1786515564350077440,33304,16064,2.0,1.0010722875595093,1090.5257568359375,5404
2026-08-12T15:19:24.548,350,unlabeled,0.2,1,5.053282000517356,3.290501000265067,68.52227200033667,0.5043759992986452,77.39983899955405,12.919923515677619,132.270385,71.575,81.6,303.7,275.05078125,1800.0,4248732539000,1786515564416687360,33304,16064,2.0,1.0010722875595093,1090.083740234375,5407
2026-08-12T15:19:24.633,351,unlabeled,0.2,1,1.735761999952956,3.2659089993103407,70.17686600011075,1.0108830001627211,76.21938200009026,13.120022411081944,116.64494,71.088,81.8,284.7,275.0546875,1800.0,4248832455000,1786515564516603392,33304,16064,2.0,1.0010722875595093,1087.622314453125,5411
2026-08-12T15:19:24.714,352,unlabeled,0.2,1,2.662512999449973,3.3321880000585224,62.459810999826004,0.7307489995582728,69.21600299938291,14.447525957384673,97.562413,71.088,78.8,321.7,275.0546875,1800.0,4248932372000,1786515564616520448,33304,16064,2.0,1.0010722875595093,1087.1090087890625,5414
2026-08-12T15:19:24.805,353,unlabeled,0.2,1,1.6844640003910172,3.1975000001693843,73.83496500006004,0.7189339994511101,79.46506799999042,12.584145778370447,122.021833,72.062,89.2,285.6,275.0546875,1800.0,4248998981000,1786515564683129344,33304,16064,2.0,1.0010722875595093,1086.917236328125,5416
2026-08-12T15:19:24.895,354,unlabeled,0.2,1,2.318528000614606,8.619453999926918,63.699752000502485,0.7315090006159153,75.39926000026753,13.26272963416951,112.033485,71.088,82.4,300.2,275.0546875,1800.0,4249098901000,1786515564783049216,33304,16064,2.0,1.0010722875595093,1085.490478515625,5419
2026-08-12T15:19:24.981,355,unlabeled,0.2,1,3.263391000473348,6.476762000602321,64.03640399912547,0.730472000213922,74.53810200058797,13.415957385017824,98.951175,71.575,83.3,299.4,275.0546875,1800.0,4249198815000,1786515564882963200,33304,16064,2.0,1.0010722875595093,1084.656982421875,5421
2026-08-12T15:19:25.056,356,unlabeled,0.2,1,1.6672980000294046,3.216408000298543,61.51635600053851,0.5415810001068166,66.97158699989814,14.931705291701107,106.760912,71.575,79.3,336.0,275.0546875,1800.0,4249265422000,1786515564949570304,33304,16064,2.0,1.0010722875595093,1083.88134765625,5422
2026-08-12T15:19:25.149,357,unlabeled,0.2,1,1.6496859998369473,3.3002800000758725,75.4834839999603,0.9031400004460011,81.3677390005978,12.289883094731847,133.643154,71.088,83.8,267.4,275.05859375,1800.0,4249332035000,1786515565016183296,33304,16064,2.0,1.0010722875595093,1083.32177734375,5423
2026-08-12T15:19:25.244,358,unlabeled,0.2,1,4.192420000435959,10.86848100021598,65.39555000017572,0.7741020008324995,81.26220099984494,12.305844386394458,128.508633,71.575,84.2,305.9,275.05859375,1800.0,4249431954000,1786515565116102400,33304,16064,2.0,1.0010722875595093,1081.872802734375,5424
2026-08-12T15:19:25.319,359,unlabeled,0.2,1,1.6936309993980103,3.217093999410281,61.70434000068781,1.1541989997567725,67.79894899955252,14.74949117583814,103.966304,71.575,76.7,318.3,275.05859375,1800.0,4249531867000,1786515565216015360,33304,16064,2.0,1.0010722875595093,1080.053955078125,5425
2026-08-12T15:19:25.411,360,unlabeled,0.2,1,1.7184270000143442,3.390187999684713,69.91162200029066,1.1633280000751256,76.21876999928645,13.12012775867889,128.747661,71.575,88.9,295.4,275.05859375,1800.0,4249598478000,1786515565282626304,33304,16064,2.0,1.0010722875595093,1079.0784912109375,5425
2026-08-12T15:19:25.500,361,unlabeled,0.2,1,4.48597900049208,4.305143999772554,64.14364699958242,1.173514000583964,74.1474679998646,13.486637197130266,117.582007,71.575,82.9,304.1,275.05859375,1800.0,4249698398000,1786515565382546432,33304,16064,2.0,1.0010722875595093,1079.8505859375,5425
2026-08-12T15:19:25.589,362,unlabeled,0.2,1,1.6338339992216788,5.699604999790608,67.46181499966042,0.7295830000657588,75.56455899975845,13.233717145139385,106.704954,71.088,83.3,281.1,275.0625,1800.0,4249798307000,1786515565482455296,33304,16064,2.0,1.0010722875595093,1081.058349609375,5425
2026-08-12T15:19:25.678,363,unlabeled,0.2,1,3.915305000191438,7.519922999563278,64.92461799916782,0.7257859997480409,77.12307800011331,12.966287471028203,129.342355,70.601,85.3,302.5,275.0625,1800.0,4249864919000,1786515565549067264,33304,16064,2.0,1.0010722875595093,1081.720703125,5425
2026-08-12T15:19:25.753,364,unlabeled,0.2,1,1.6633160003038938,3.23605699941254,61.80332300027658,0.7253970006786403,67.45733399930032,14.824185017604938,104.301566,71.088,77.4,307.2,275.0625,1800.0,4249964837000,1786515565648985344,33304,16064,2.0,1.0010722875595093,1082.3057861328125,5425
2026-08-12T15:19:25.846,365,unlabeled,0.2,1,1.6434090002803714,3.8492489993586787,71.57232699955784,0.7321940001929761,77.83758599998691,12.847263788475765,130.86797,71.575,88.6,300.5,275.0625,1800.0,4250031444000,1786515565715592448,33304,16064,2.0,1.0010722875595093,1082.082275390625,5425
2026-08-12T15:19:25.933,366,unlabeled,0.2,1,5.608659000245098,3.8977309995971154,62.90231700040749,0.7422499993481324,73.18116100032057,13.664718984106026,117.720163,70.601,83.3,310.9,275.0625,1800.0,4250131360000,1786515565815508224,33304,16064,2.0,1.0010722875595093,1081.971435546875,5425
2026-08-12T15:19:26.015,367,unlabeled,0.2,1,1.6739639995648758,3.2606310005576233,67.36090700087516,0.7332860004680697,73.08141900011833,13.683368682241664,100.132252,72.062,84.8,291.6,275.0625,1800.0,4250231276000,1786515565915424256,33304,16064,2.0,1.0010722875595093,1081.4969482421875,5426
2026-08-12T15:19:26.093,368,unlabeled,0.2,1,1.7063909999706084,3.210890000445943,62.01762199998484,0.7269719999385416,67.6909470003011,14.773024227236057,111.287623,71.088,78.1,308.8,275.0625,1800.0,4250297889000,1786515565982037248,33304,16064,2.0,1.0010722875595093,1080.9560546875,5426
2026-08-12T15:19:26.186,369,unlabeled,0.2,1,1.6758900001150323,3.2817430001159664,72.30926099964563,0.7299159997273819,78.02629199977673,12.81619277772243,104.544005,71.088,85.7,289.8,275.0625,1800.0,4250397802000,1786515566081950208,33304,16064,2.0,1.0010722875595093,1081.0733642578125,5426
2026-08-12T15:19:26.277,370,unlabeled,0.2,1,3.2220379998761928,10.333659000025364,62.67731499974616,0.7395090005957172,77.00905799993052,12.985485421739638,128.911052,71.575,81.1,307.1,275.06640625,1800.0,4250464418000,1786515566148566272,33304,16064,2.0,1.0010722875595093,1080.6929931640625,5426
2026-08-12T15:19:26.364,371,unlabeled,0.2,1,1.737001999572385,3.2734830001572846,68.3832889999394,0.8835099997668294,74.31017399994744,13.457107501870569,116.501003,71.088,85.3,286.2,275.06640625,1800.0,4250564340000,1786515566248488448,33304,16064,2.0,1.0010722875595093,1080.6534423828125,5426
2026-08-12T15:19:26.450,372,unlabeled,0.2,1,1.9251339999755146,3.909213000042655,63.90321799972298,0.9404550000908785,70.7127980003861,14.141711660094964,102.355707,71.575,81.8,303.3,275.06640625,1800.0,4250664243000,1786515566348391424,33304,16064,2.0,1.0010722875595093,1079.1392822265625,5427
2026-08-12T15:19:26.534,373,unlabeled,0.2,1,1.7364650002491544,3.6449870003707474,68.18024999938643,1.4811099999860744,75.08434999999736,13.318354623833532,119.472006,72.062,82.4,307.7,275.07421875,1800.0,4250730855000,1786515566415003392,33304,16064,2.0,1.0010722875595093,1078.07763671875,5427
2026-08-12T15:19:26.612,374,unlabeled,0.2,1,1.6662609996274114,3.1869819995336,61.769359999743756,0.7318979996853159,67.38335099998949,14.840461110343949,98.059715,73.036,78.8,295.9,275.07421875,1800.0,4250830774000,1786515566514922240,33304,16064,2.0,1.0010722875595093,1077.572509765625,5428
2026-08-12T15:19:26.708,375,unlabeled,0.2,1,1.834504000726156,3.3447799996793037,77.82752999992226,0.9828450001805322,84.02354800000467,11.901425538468626,127.104648,70.601,88.6,292.6,275.078125,1800.0,4250897381000,1786515566581529344,33304,16064,2.0,1.0010722875595093,1077.20849609375,5428
2026-08-12T15:19:26.801,376,unlabeled,0.2,1,7.141510000110429,4.005139000582858,66.57973100027448,0.7700650003243936,78.53551999960473,12.733091981883268,119.80181,71.575,80.6,300.1,275.078125,1800.0,4250997299000,1786515566681447424,33304,16064,2.0,1.0010722875595093,1080.279052734375,5429
2026-08-12T15:19:26.887,377,unlabeled,0.2,1,4.04547400012234,3.927213999304513,62.68338800055062,0.7253789999595028,71.41147399943293,14.003351898434989,105.66158,71.575,82.9,282.1,275.296875,1800.0,4251097213000,1786515566781361408,33304,16064,2.0,1.0010722875595093,1082.60498046875,5429
2026-08-12T15:19:26.978,378,unlabeled,0.2,1,1.7258910002055927,3.4005219995378866,73.20893900032388,0.7257130000652978,79.1160270000546,12.639664021542814,130.704275,71.575,83.3,305.5,275.296875,1800.0,4251163824000,1786515566847972352,33304,16064,2.0,1.0010722875595093,1082.727294921875,5429
2026-08-12T15:19:27.073,379,unlabeled,0.2,1,3.4695039994403487,14.010368999151979,64.03618300009839,0.7296940002561314,82.28247300030489,12.15325650210215,125.674391,72.062,78.4,295.1,275.296875,1800.0,4251263748000,1786515566947896320,33304,16064,2.0,1.0010722875595093,1082.7225341796875,5430
2026-08-12T15:19:27.157,380,unlabeled,0.2,1,3.9338990000032936,7.783721000123478,63.01272600012453,0.7280829995579552,75.49504100006743,13.24590313155942,109.812886,72.549,81.2,297.4,275.30078125,1800.0,4251363655000,1786515567047803392,33304,16064,2.0,1.0010722875595093,1082.65869140625,5431
2026-08-12T15:19:27.231,381,unlabeled,0.2,1,1.9428559999141726,3.165685000567464,60.94379400019534,0.735601999622304,66.81760500032397,14.966115591768839,117.43247,71.088,80.0,309.4,275.30078125,1800.0,4251430269000,1786515567114417408,33304,16064,2.0,1.0010722875595093,1083.073974609375,5433
2026-08-12T15:19:27.325,382,unlabeled,0.2,1,1.667927000198688,3.2314649997715605,75.6127459999334,0.732044999494974,81.27527499982534,12.303864859296372,111.13177,71.088,83.3,288.7,275.30078125,1800.0,4251530181000,1786515567214329344,33304,16064,2.0,1.0010722875595093,1083.239013671875,5435
2026-08-12T15:19:27.413,383,unlabeled,0.2,1,3.2907429995248094,4.3959040003755945,64.01992299925041,0.7294160004676087,72.47059699966485,13.798699629928874,99.442638,70.114,82.4,294.6,275.30078125,1800.0,4251630096000,1786515567314244352,33304,16064,2.0,1.0010722875595093,1084.0189208984375,5436
2026-08-12T15:19:27.496,384,unlabeled,0.2,1,1.6904089998206473,3.137185000014142,68.69527399976505,0.8608799998910399,74.41513899993879,13.438125809330579,115.986089,71.575,84.8,312.6,275.3046875,1800.0,4251696706000,1786515567380854272,33304,16064,2.0,1.0010722875595093,1084.2855224609375,5439
2026-08-12T15:19:27.576,385,unlabeled,0.2,1,1.8218730001535732,3.1542780006930116,63.12452300062432,0.4977649996362743,68.63155199971516,14.570557868254973,95.31371,72.549,75.0,302.9,275.3046875,1800.0,4251796623000,1786515567480771328,33304,16064,2.0,1.0010722875595093,1085.042236328125,5442
2026-08-12T15:19:27.665,386,unlabeled,0.2,1,1.8657259997780784,3.226056999665161,72.14100100009091,0.7929539997348911,78.06021899978077,12.810622527241545,118.001774,71.088,85.3,278.7,275.30859375,1800.0,4251863236000,1786515567547384320,33304,16064,2.0,1.0010722875595093,1085.4390869140625,5444
2026-08-12T15:19:27.755,387,unlabeled,0.2,1,5.643845000122383,3.7339140008043614,64.98532299974613,0.732120000066061,75.12620299985429,13.310934934405504,108.052601,72.062,81.1,290.3,275.30859375,1800.0,4251963152000,1786515567647300352,33304,16064,2.0,1.0010722875595093,1085.4306640625,5446
2026-08-12T15:19:27.830,388,unlabeled,0.2,1,2.0515610003712936,3.933343000426248,61.22809399948892,0.7424160003211,67.99009999940608,14.708023668280166,116.843959,70.601,79.3,305.0,275.30859375,1800.0,4252029759000,1786515567713907200,33304,16064,2.0,1.0010722875595093,1085.405517578125,5448
2026-08-12T15:19:27.924,389,unlabeled,0.2,1,1.7197429997395375,3.2014450007409323,71.49528999980248,0.7291940000868635,77.17543000035221,12.95749178197564,110.171418,72.549,87.2,300.3,275.30859375,1800.0,4252129675000,1786515567813823232,33304,16064,2.0,1.0010722875595093,1084.9993896484375,5451
2026-08-12T15:19:28.010,390,unlabeled,0.2,1,3.643301999545656,3.3764279996830737,64.75478399988788,0.7303599995793775,72.53428300009546,13.786584200448827,97.155042,71.088,84.8,287.8,275.3125,1800.0,4252229591000,1786515567913739264,33304,16064,2.0,1.0010722875595093,1084.5123291015625,5454
2026-08-12T15:19:28.085,391,unlabeled,0.2,1,1.826022000386729,3.21016799989593,61.55907999982446,0.729471000340709,67.35487000059948,14.846736397696258,105.550152,72.062,78.1,306.6,275.3125,1800.0,4252296202000,1786515567980350208,33304,16064,2.0,1.0010722875595093,1084.5682373046875,5455
2026-08-12T15:19:28.169,392,unlabeled,0.2,1,1.6439269993497874,3.3616880000408855,65.94220500028314,0.7680460003030021,71.75301499955822,13.936696597434365,122.838677,72.062,87.9,309.6,275.3125,1800.0,4252362811000,1786515568046959360,33304,16064,2.0,1.0010722875595093,1084.899658203125,5456
2026-08-12T15:19:28.255,393,unlabeled,0.2,1,3.289706000032311,3.3910219999597757,64.13320300089254,0.7273050005096593,71.57280899991747,13.971786408455102,108.305495,72.062,84.8,304.7,275.3125,1800.0,4252462729000,1786515568146877440,33304,16064,2.0,1.0010722875595093,1086.089599609375,5457
2026-08-12T15:19:28.330,394,unlabeled,0.2,1,1.8879119998018723,3.500189000078535,61.428985000020475,0.7512499996664701,67.6017989999309,14.792505743834155,116.743301,72.549,80.6,306.4,275.3125,1800.0,4252529338000,1786515568213486336,33304,16064,2.0,1.0010722875595093,1086.640869140625,5458
2026-08-12T15:19:28.425,395,unlabeled,0.2,1,1.672798000072362,5.719308000152523,72.01788800011855,0.5041720005465322,79.95903800019732,12.506403591267972,112.347805,71.575,87.2,303.7,275.3125,1800.0,4252629254000,1786515568313402368,33304,16064,2.0,1.0010722875595093,1086.2462158203125,5459
2026-08-12T15:19:28.513,396,unlabeled,0.2,1,2.828106999913871,3.294891000223288,67.10460799968132,0.7316010005524731,73.98889299929579,13.51554212345788,100.036,70.601,81.8,285.4,275.3125,1800.0,4252729169000,1786515568413317376,33304,16064,2.0,1.0010722875595093,1085.8726806640625,5459
2026-08-12T15:19:28.587,397,unlabeled,0.2,1,1.6794640005173278,3.1965939997462556,61.42065200037905,0.7277129998328746,67.05484800022532,14.913164816906896,107.954201,72.549,79.3,321.9,275.3125,1800.0,4252795779000,1786515568479927296,33304,16064,2.0,1.0010722875595093,1085.14404296875,5459
2026-08-12T15:19:28.690,398,unlabeled,0.2,1,1.7438719996789587,5.142653999428148,83.11394500015012,0.7290269995792187,90.79338799983816,11.014017893040654,144.271556,72.062,81.0,272.2,275.3125,1800.0,4252862392000,1786515568546540288,33304,16064,2.0,1.0010722875595093,1084.5810546875,5459
2026-08-12T15:19:28.773,399,unlabeled,0.2,1,1.7962250003620284,3.2702049993531546,62.46362699948804,0.7205089996205061,68.27856600011728,14.645884625026868,94.000565,71.088,81.8,301.4,275.31640625,1800.0,4252995613000,1786515568679761408,33304,16064,2.0,1.0010722875595093,1083.4139404296875,5459
2026-08-12T15:19:28.866,400,unlabeled,0.2,1,1.7319469998255954,3.246575000048324,75.37772399973619,0.741435000236379,81.12868100033666,12.326097104867888,120.051412,71.088,83.3,280.3,275.31640625,1800.0,4253062222000,1786515568746370304,33304,16064,2.0,1.0010722875595093,1082.4771728515625,5459
2026-08-12T15:19:28.953,401,unlabeled,0.2,1,2.3038230001475313,3.21294500008662,65.10145399988687,0.7285649999175803,71.37856600002124,14.009807930292443,106.933832,71.088,82.4,299.9,275.31640625,1800.0,4253162138000,1786515568846286336,33304,16064,2.0,1.0010722875595093,1082.0860595703125,5459
2026-08-12T15:19:29.042,402,unlabeled,0.2,1,1.9301149995953892,9.99802499973157,66.43946999975014,0.7399159994747606,79.1380279997611,12.63615009465511,130.031602,72.062,81.8,278.6,275.31640625,1800.0,4253228748000,1786515568912896256,33304,16064,2.0,1.0010722875595093,1082.2996826171875,5459
2026-08-12T15:19:29.120,403,unlabeled,0.2,1,1.681094000559824,3.1494449995079776,61.895362000541354,0.7731949999651988,67.52853899979527,14.808553758330707,107.808026,72.062,77.4,321.8,275.3203125,1800.0,4253328664000,1786515569012812288,33304,16064,2.0,1.0010722875595093,1082.2752685546875,5459
2026-08-12T15:19:29.212,404,unlabeled,0.2,1,1.7122420003943262,3.349853999679908,71.77288599996245,0.7422129992846749,77.61288100027741,12.884459217490273,133.56028,73.036,89.2,292.2,275.3203125,1800.0,4253395276000,1786515569079424256,33304,16064,2.0,1.0010722875595093,1081.9749755859375,5459
2026-08-12T15:19:29.296,405,unlabeled,0.2,1,2.0273210002415,3.430707000006805,64.02175699986401,0.5240800001047319,70.03958800032706,14.277639668516189,117.495766,71.575,81.8,298.1,275.3203125,1800.0,4253495194000,1786515569179342336,33304,16064,2.0,1.0010722875595093,1081.9716796875,5459
2026-08-12T15:19:29.388,406,unlabeled,0.2,1,1.6830569993544486,6.005774999721325,70.81515199934074,0.5040799997004797,79.06160199945589,12.648365005390128,109.443305,72.062,83.3,305.0,275.3203125,1800.0,4253595106000,1786515569279254272,33304,16064,2.0,1.0010722875595093,1082.2156982421875,5459
2026-08-12T15:19:29.477,407,unlabeled,0.2,1,3.3544100006110966,4.827558000215504,67.25960999938252,0.5053209997640806,75.97858299959626,13.161603711473719,98.011486,72.549,82.9,293.8,275.3203125,1800.0,4253695022000,1786515569379170304,33304,16064,2.0,1.0010722875595093,1080.8721923828125,5459
2026-08-12T15:19:29.568,408,unlabeled,0.2,1,3.7851740007681656,7.8680189999431605,66.98568100000557,0.5959879999863915,79.26958600000944,12.615178790007569,122.566546,71.575,80.6,294.3,275.3203125,1800.0,4253761633000,1786515569445781248,33304,16064,2.0,1.0010722875595093,1080.02880859375,5459
2026-08-12T15:19:29.644,409,unlabeled,0.2,1,1.677148999988276,3.1348519996754476,62.501720000000205,1.0050299997601542,68.36667800052965,14.627008789168501,98.952021,73.036,76.7,284.6,275.32421875,1800.0,4253861550000,1786515569545698304,33304,16064,2.0,1.0010722875595093,1079.6884765625,5459
2026-08-12T15:19:29.737,410,unlabeled,0.2,1,1.9750789997488027,3.16109300001699,69.04659499923582,0.5032839999330463,74.71456900020712,13.38427047604635,125.036712,73.036,77.8,296.4,275.32421875,1800.0,4253928158000,1786515569612306432,33304,16064,2.0,1.0010722875595093,1080.5235595703125,5459
2026-08-12T15:19:29.825,411,unlabeled,0.2,1,1.8152990005546599,3.3059650004361174,70.2623119996133,0.7300450006368919,76.1433070001658,13.133130663707874,113.380313,71.088,85.3,294.6,275.32421875,1800.0,4254028074000,1786515569712222208,33304,16064,2.0,1.0010722875595093,1082.4112548828125,5458
2026-08-12T15:19:29.900,412,unlabeled,0.2,1,1.5389989994218922,3.374818000338564,61.355224999715574,0.724304999494052,67.02249599948118,14.920363455394753,88.797611,72.062,77.4,305.4,275.32421875,1800.0,4254127991000,1786515569812139264,33304,16064,2.0,1.0010722875595093,1082.61181640625,5458
2026-08-12T15:19:29.999,413,unlabeled,0.2,1,1.7065379997802665,4.463719999876048,77.04033699974389,0.8236390003730776,84.07390200045484,11.894297471700433,121.189837,71.088,85.0,300.4,275.32421875,1800.0,4254194602000,1786515569878750208,33304,16064,2.0,1.0010722875595093,1081.5732421875,5458
2026-08-12T15:19:30.077,414,unlabeled,0.2,1,1.7135759999291622,3.1369630005428917,63.689865000014834,0.7285080000656308,69.29878299979464,14.43026784471761,98.846173,71.575,75.9,286.8,275.32421875,1800.0,4254294517000,1786515569978665216,33304,16064,2.0,1.0010722875595093,1081.3431396484375,5457
2026-08-12T15:19:30.168,415,unlabeled,0.2,1,1.745982999636908,3.2567420003033476,73.76966899937543,0.7333969997489476,79.53501500014681,12.573078662249,123.713597,72.549,83.8,295.2,275.32421875,1800.0,4254361127000,1786515570045275392,33304,16064,2.0,1.0010722875595093,1081.9144287109375,5456
2026-08-12T15:19:30.257,416,unlabeled,0.2,1,2.1499509994100663,7.684442999561725,64.67217199951847,0.7332300001507974,75.27383500018914,13.28482865257878,112.731055,71.575,80.0,292.3,275.32421875,1800.0,4254461047000,1786515570145195264,33304,16064,2.0,1.0010722875595093,1081.824951171875,5454
2026-08-12T15:19:30.344,417,unlabeled,0.2,1,1.7285940002693678,3.2030379998104763,70.44916700033355,0.7632130000274628,76.17395699980989,13.12784630582465,99.551117,71.575,85.3,299.8,275.32421875,1800.0,4254560958000,1786515570245106432,33304,16064,2.0,1.0010722875595093,1081.722412109375,5453
2026-08-12T15:19:30.424,418,unlabeled,0.2,1,1.78052100000059,3.1068329999470734,64.22751900026924,0.7639530003871187,69.90851200043835,14.304409740458068,112.792049,72.062,75.8,300.5,275.32421875,1800.0,4254627587000,1786515570311735296,33304,16064,2.0,1.0010722875595093,1081.1563720703125,5452
2026-08-12T15:19:30.515,419,unlabeled,0.2,1,1.7319280004812754,3.119814999990922,70.90526499996486,0.726193999980751,76.51527600046393,13.069285667791839,104.014884,71.088,91.7,307.1,275.32421875,1800.0,4254727488000,1786515570411636224,33304,16064,2.0,1.0010722875595093,1081.569091796875,5451
2026-08-12T15:19:30.599,420,unlabeled,0.2,1,3.1872600002316176,3.307668999696034,63.1562650005435,0.5601920001936378,70.24523899963242,14.235840239724045,121.530035,72.062,82.9,293.4,275.328125,1800.0,4254794095000,1786515570478243328,33304,16064,2.0,1.0010722875595093,1082.3316650390625,5451
2026-08-12T15:19:30.689,421,unlabeled,0.2,1,1.6530009997950401,3.3062060001611826,70.65472500016767,0.7288599999810685,76.37312499991822,13.093611136130292,111.135175,72.062,85.3,294.2,275.328125,1800.0,4254894014000,1786515570578162432,33304,16064,2.0,1.0010722875595093,1082.44384765625,5451
2026-08-12T15:19:30.776,422,unlabeled,0.2,1,3.0267020001701894,3.2508910007891245,63.87629299933906,0.769527000556991,70.95428399952652,14.0935817209666,131.626228,72.062,80.0,310.0,275.328125,1800.0,4254960621000,1786515570644769280,33304,16064,2.0,1.0010722875595093,1081.053955078125,5450
2026-08-12T15:19:30.864,423,unlabeled,0.2,1,1.8117619993063272,4.012233000139531,69.25150500046584,0.7636760001332732,75.87402699937229,13.179740677376634,120.195637,71.575,85.3,301.5,275.328125,1800.0,4255060536000,1786515570744684288,33304,16064,2.0,1.0010722875595093,1080.6011962890625,5452
2026-08-12T15:19:30.950,424,unlabeled,0.2,1,2.4042869999902905,3.253890000451065,64.4687439998961,0.7303979991775122,70.89009800074564,14.106342468160811,105.975787,72.062,81.8,295.4,275.328125,1800.0,4255160455000,1786515570844603392,33304,16064,2.0,1.0010722875595093,1081.344482421875,5453
2026-08-12T15:19:31.034,425,unlabeled,0.2,1,1.7356320004182635,3.6089129998799763,69.19966999976168,0.5100059997857898,75.08929600044212,13.317477367135153,123.20819,71.575,84.8,298.1,275.328125,1800.0,4255227062000,1786515570911210240,33304,16064,2.0,1.0010722875595093,1082.3045654296875,5454
2026-08-12T15:19:31.112,426,unlabeled,0.2,1,1.768761999301205,3.203815999768267,61.8561769997541,0.5429140001069754,67.40218699997058,14.836313842463843,100.90006,71.575,78.1,308.8,275.33203125,1800.0,4255326981000,1786515571011129344,33304,16064,2.0,1.0010722875595093,1083.1038818359375,5455
2026-08-12T15:19:31.209,427,unlabeled,0.2,1,1.7258540001421352,6.617430000005697,73.36499699977139,0.5073759994047577,82.24954799970874,12.15812152552548,131.681192,71.575,84.6,287.8,275.33203125,1800.0,4255393589000,1786515571077737216,33304,16064,2.0,1.0010722875595093,1083.19580078125,5455
2026-08-12T15:19:31.287,428,unlabeled,0.2,1,1.8986149998454493,3.1567780006298563,64.27327900019009,0.5109129997435957,69.86825199965097,14.312652333208446,109.364975,72.062,73.3,296.3,275.3359375,1800.0,4255493507000,1786515571177655296,33304,16064,2.0,1.0010722875595093,1083.0450439453125,5455
2026-08-12T15:19:31.386,429,unlabeled,0.2,1,2.3683429999437067,7.08456499978638,73.47340699925553,0.5185249992791796,83.48109899998235,11.978759407566153,141.801865,71.088,85.4,282.7,275.3359375,1800.0,4255560116000,1786515571244264448,33304,16064,2.0,1.0010722875595093,1083.114990234375,5456
2026-08-12T15:19:31.461,430,unlabeled,0.2,1,1.936892999765405,3.570283000044583,62.253867000436,0.5360249997465871,68.32975299948885,14.634913139631585,117.758165,73.036,75.9,315.9,275.33984375,1800.0,4255660040000,1786515571344188416,33304,16064,2.0,1.0010722875595093,1083.2105712890625,5455
2026-08-12T15:19:31.553,431,unlabeled,0.2,1,1.8060219999824767,3.3029830001396476,72.63106300069921,0.5102280001665349,78.28457399955369,12.773908688647921,109.559442,73.036,86.8,283.8,275.33984375,1800.0,4255759949000,1786515571444097280,33304,16064,2.0,1.0010722875595093,1083.580078125,5455
2026-08-12T15:19:31.642,432,unlabeled,0.2,1,3.015443000549567,3.2795939996503876,67.76333899961173,0.5366180002965848,74.62510499954078,13.400316153741475,131.889842,72.549,85.3,303.5,275.34375,1800.0,4255826558000,1786515571510706432,33304,16064,2.0,1.0010722875595093,1083.9110107421875,5454
2026-08-12T15:19:31.720,433,unlabeled,0.2,1,1.740780000545783,3.2955209999272483,63.568585999746574,0.5109869998705108,69.15054000000964,14.461203050617689,110.314475,71.575,81.3,306.5,275.34375,1800.0,4255926474000,1786515571610622208,33304,16064,2.0,1.0010722875595093,1084.0050048828125,5454
2026-08-12T15:19:31.815,434,unlabeled,0.2,1,1.6225929994106991,3.8649900006930693,72.15074299983826,0.7461939994755085,78.42485400033183,12.751059759649266,104.799745,71.575,86.5,296.5,275.34375,1800.0,4256026390000,1786515571710538240,33304,16064,2.0,1.0010722875595093,1083.94970703125,5453
2026-08-12T15:19:31.907,435,unlabeled,0.2,1,7.222308000564226,7.733944000392512,62.59894400045596,0.7428239996443153,78.33590900008858,12.765537705050047,130.656922,73.036,79.5,292.0,275.34765625,1800.0,4256093000000,1786515571777148416,33304,16064,2.0,1.0010722875595093,1084.2340087890625,5453
2026-08-12T15:19:32.000,436,unlabeled,0.2,1,1.7244279997612466,3.2368160000260104,74.65814300030615,0.7194159998107352,80.36902500043652,12.442604597910309,123.893109,72.549,83.8,290.1,275.34765625,1800.0,4256192915000,1786515571877063424,33304,16064,2.0,1.0010722875595093,1083.9171142578125,5453
2026-08-12T15:19:32.086,437,unlabeled,0.2,1,4.162401000030513,3.8648239997201017,62.91189300009137,0.7345080002778559,71.70490399948903,13.946047539609369,109.624981,72.062,78.8,291.8,275.34765625,1800.0,4256292837000,1786515571976985344,33304,16064,2.0,1.0010722875595093,1084.6871337890625,5453
2026-08-12T15:19:32.174,438,unlabeled,0.2,1,1.7971690003832919,3.2295569999405416,69.82332600000518,0.7383969996226369,75.61787699978595,13.224386080064516,130.99453,71.575,84.8,295.5,275.34765625,1800.0,4256359450000,1786515572043598336,33304,16064,2.0,1.0010722875595093,1083.7193603515625,5453
2026-08-12T15:19:32.262,439,unlabeled,0.2,1,4.164215999480803,4.279384000255959,63.811107000219636,0.9826600007727393,73.27860799978225,13.646547434456881,118.531048,71.088,81.1,303.3,275.34765625,1800.0,4256459360000,1786515572143508224,33304,16064,2.0,1.0010722875595093,1081.906982421875,5454
2026-08-12T15:19:32.355,440,unlabeled,0.2,1,1.9211150001865462,3.4847629995056195,72.71832400056155,1.0044379996543285,79.16314100020827,12.632141516433375,112.063789,72.549,83.8,282.7,275.34765625,1800.0,4256559273000,1786515572243421440,33304,16064,2.0,1.0010722875595093,1081.7264404296875,5454
2026-08-12T15:19:32.446,441,unlabeled,0.2,1,2.2323410003082245,4.012751000118442,65.95420600024227,0.7380460001513711,73.93024599969067,13.52626366215776,102.828322,73.036,79.4,298.0,275.34765625,1800.0,4256659190000,1786515572343338240,33304,16064,2.0,1.0010722875595093,1083.5206298828125,5454
2026-08-12T15:19:32.533,442,unlabeled,0.2,1,1.7534649996377993,3.403503000299679,72.51582200024131,0.731453000298643,78.43642900024861,12.74917806363712,123.819627,72.549,85.7,296.3,275.34765625,1800.0,4256725800000,1786515572409948416,33304,16064,2.0,1.0010722875595093,1084.3240966796875,5452
2026-08-12T15:19:32.611,443,unlabeled,0.2,1,1.747872000123607,3.347947000293061,61.843120999583334,0.7671940002182964,67.73672799954511,14.763039632010504,101.938714,71.575,78.1,307.6,275.3515625,1800.0,4256825717000,1786515572509865216,33304,16064,2.0,1.0010722875595093,1082.57080078125,5451
2026-08-12T15:19:32.708,444,unlabeled,0.2,1,1.7613720001463662,4.160549000516767,74.62967900028161,0.7873610002206988,81.38662999954249,12.287030437378,132.152764,73.036,86.5,289.6,275.3515625,1800.0,4256892326000,1786515572576474368,33304,16064,2.0,1.0010722875595093,1081.8236083984375,5450
2026-08-12T15:19:32.797,445,unlabeled,0.2,1,3.9864169993961696,7.903631000772293,63.48795499980042,0.7196750002549379,76.12919700022758,13.135564795160136,121.37235,72.549,82.9,291.2,275.3515625,1800.0,4256992244000,1786515572676392448,33304,16064,2.0,1.0010722875595093,1083.759765625,5448
2026-08-12T15:19:32.884,446,unlabeled,0.2,1,4.8274279997713165,3.7184329994488508,62.459460999889416,0.771842000176548,71.81060999937472,13.925518805768498,108.498567,72.549,82.4,310.7,275.3515625,1800.0,4257092160000,1786515572776308224,33304,16064,2.0,1.0010722875595093,1082.61865234375,5447
2026-08-12T15:19:32.976,447,unlabeled,0.2,1,1.7152609998447588,7.60642299974279,68.42016200062062,0.7801199999448727,78.5595410006863,12.729198608623031,133.585791,73.036,86.5,294.5,275.3515625,1800.0,4257158770000,1786515572842918400,33304,16064,2.0,1.0010722875595093,1082.6375732421875,5446
2026-08-12T15:19:33.071,448,unlabeled,0.2,1,9.030255000652687,8.093780999843148,62.53692599966598,0.7372489999397658,80.43380499930208,12.43258353883267,128.853377,73.036,79.5,293.9,275.3515625,1800.0,4257258687000,1786515572942835200,33304,16064,2.0,1.0010722875595093,1082.025146484375,5444
2026-08-12T15:19:33.162,449,unlabeled,0.2,1,1.7851500006145216,3.5649680003189133,71.3074189998224,0.8162320000337786,77.51160199950391,12.901294441139278,119.710761,72.062,85.3,306.1,275.35546875,1800.0,4257358605000,1786515573042753280,33304,16064,2.0,1.0010722875595093,1081.965576171875,5443
2026-08-12T15:19:33.250,450,unlabeled,0.2,1,3.0862960002195905,3.3604649997869274,65.87281700012682,0.775063999753911,73.1259959993622,13.67502741444673,107.682069,71.575,80.0,298.4,275.35546875,1800.0,4257458517000,1786515573142665216,33304,16064,2.0,1.0010722875595093,1081.52587890625,5441
2026-08-12T15:19:33.339,451,unlabeled,0.2,1,1.809946999856038,3.686710000692983,73.33038700016914,0.7389160000457196,79.6037210002396,12.562226833554552,130.045008,71.088,85.7,292.1,275.35546875,1800.0,4257525126000,1786515573209274368,33304,16064,2.0,1.0010722875595093,1081.4996337890625,5440
2026-08-12T15:19:33.419,452,unlabeled,0.2,1,2.2307480003291857,3.316835999612522,63.24476700046944,0.7330830003411393,69.55767499948706,14.376558733559946,110.556317,71.575,78.8,323.0,275.35546875,1800.0,4257625042000,1786515573309190400,33304,16064,2.0,1.0010722875595093,1081.8455810546875,5439
2026-08-12T15:19:33.515,453,unlabeled,0.2,1,1.7021129997374373,3.28326199996809,75.7214519999252,0.7348420003836509,81.47142699999677,12.274241863960965,106.839156,72.062,84.6,281.0,275.35546875,1800.0,4257724959000,1786515573409107200,33304,16064,2.0,1.0010722875595093,1081.2662353515625,5436
2026-08-12T15:19:33.592,454,unlabeled,0.2,1,1.838965999922948,3.4389489992463496,62.21386600009282,0.8324540003741276,68.36527199993725,14.62730960831865,116.294695,72.062,78.6,315.4,275.359375,1800.0,4257791569000,1786515573475717376,33304,16064,2.0,1.0010722875595093,1081.2020263671875,5435
2026-08-12T15:19:33.687,455,unlabeled,0.2,1,1.7738920005285763,3.284243000052811,73.52579700000206,0.7726210005785106,79.39164399977017,12.595784009749122,111.458196,73.036,86.5,284.1,275.36328125,1800.0,4257891485000,1786515573575633408,33304,16064,2.0,1.0010722875595093,1081.4637451171875,5433
2026-08-12T15:19:33.774,456,unlabeled,0.2,1,2.984534999995958,3.9080100004866836,66.54699199953029,0.7363790000454173,74.20773100056977,13.47568489854948,98.690372,72.062,83.8,298.4,275.36328125,1800.0,4257991402000,1786515573675550208,33304,16064,2.0,1.0010722875595093,1082.0323486328125,5431
2026-08-12T15:19:33.864,457,unlabeled,0.2,1,3.4227810001539183,8.850474999235303,62.70798400055355,0.7384539994745865,75.75780400020449,13.199960231124185,121.857937,72.062,81.1,297.6,275.36328125,1800.0,4258058010000,1786515573742158336,33304,16064,2.0,1.0010722875595093,1080.9508056640625,5429
2026-08-12T15:19:33.949,458,unlabeled,0.2,1,1.786687000276288,3.253908999795385,70.5132049997701,0.9525109999231063,76.536775999557,13.065614365645454,107.832689,71.575,84.8,294.2,275.36328125,1800.0,4258157928000,1786515573842076416,33304,16064,2.0,1.0010722875595093,1078.49951171875,5427
2026-08-12T15:19:34.029,459,unlabeled,0.2,1,2.4743999993006582,3.2531320002817665,62.00858600004722,0.9698080002635834,68.74090700057423,14.547378608077524,120.49117,73.036,78.1,312.5,275.36328125,1800.0,4258224538000,1786515573908686336,33304,16064,2.0,1.0010722875595093,1078.9913330078125,5426
2026-08-12T15:19:34.123,460,unlabeled,0.2,1,1.7319099997621379,3.237613000237616,72.31561600019631,0.7530459997724392,78.06990599965502,12.809032971096684,114.564529,72.062,85.7,289.4,275.36328125,1800.0,4258324454000,1786515574008602368,33304,16064,2.0,1.0010722875595093,1077.9671630859375,5423
2026-08-12T15:19:34.213,461,unlabeled,0.2,1,7.605349000186834,3.7524520002989448,63.693125000099826,0.7375449995379313,75.81952700002148,13.189214435480674,105.365683,72.549,81.6,297.9,275.36328125,1800.0,4258424370000,1786515574108518400,33304,16064,2.0,1.0010722875595093,1079.4373779296875,5420
2026-08-12T15:19:34.300,462,unlabeled,0.2,1,1.8221139998786384,3.3485029998701066,71.06826699964586,0.7827680001355475,77.05487600014749,12.97776405477683,125.292725,72.549,88.2,300.4,275.3671875,1800.0,4258490978000,1786515574175126272,33304,16064,2.0,1.0010722875595093,1080.1893310546875,5418
2026-08-12T15:19:34.378,463,unlabeled,0.2,1,1.7615759998079739,3.1846479996602284,62.032104999161675,0.7305640001504798,67.7398389998416,14.762361628912913,103.27056,72.549,76.7,308.1,275.3671875,1800.0,4258590894000,1786515574275042304,33304,16064,2.0,1.0010722875595093,1081.760009765625,5415
2026-08-12T15:19:34.469,464,unlabeled,0.2,1,1.9712080002136645,3.1900940002742573,73.55296399964573,0.726268000107666,79.46968200030824,12.583415144358087,128.157903,72.062,89.2,295.2,275.3671875,1800.0,4258657505000,1786515574341653248,33304,16064,2.0,1.0010722875595093,1082.8111572265625,5414
2026-08-12T15:19:34.564,465,unlabeled,0.2,1,3.474004000054265,9.779523000361223,66.74951299919485,0.7778049994158209,80.81114200012962,12.374531224894657,123.212685,72.062,81.6,305.3,275.3671875,1800.0,4258757427000,1786515574441575424,33304,16064,2.0,1.0010722875595093,1083.8741455078125,5413
2026-08-12T15:19:34.644,466,unlabeled,0.2,1,4.1567899997971836,3.340281000419054,64.29455800025607,0.5116909997013863,72.3353200000929,13.824505096524293,103.277976,73.036,78.1,300.0,275.3671875,1800.0,4258857342000,1786515574541490432,33304,16064,2.0,1.0010722875595093,1084.412841796875,5412
2026-08-12T15:19:34.735,467,unlabeled,0.2,1,2.1369699998103897,3.2835390002219356,68.1437149996782,0.7343979996221606,74.32849100041494,13.453791225149686,127.757003,72.549,80.6,285.3,275.37109375,1800.0,4258923949000,1786515574608097280,33304,16064,2.0,1.0010722875595093,1084.0782470703125,5411
2026-08-12T15:19:34.822,468,unlabeled,0.2,1,1.7351690003124531,3.61898699975427,68.14876999942499,0.7461380000677309,74.29997300005198,13.458955092746809,114.91246,72.549,85.3,309.9,275.37109375,1800.0,4259023866000,1786515574708014336,33304,16064,2.0,1.0010722875595093,1084.3409423828125,5410
2026-08-12T15:19:34.898,469,unlabeled,0.2,1,1.7352249997202307,3.238260000216542,61.539876999631815,0.7295080004041665,67.27363000027253,14.864665397064925,90.432586,72.549,79.3,318.6,275.37109375,1800.0,4259123781000,1786515574807929344,33304,16064,2.0,1.0010722875595093,1083.98876953125,5409
2026-08-12T15:19:34.996,470,unlabeled,0.2,1,1.720335000754858,6.902840999828186,73.12008799999603,1.0863649995371816,82.86542599944369,12.067759115927473,122.212109,73.036,85.4,282.5,275.37109375,1800.0,4259190391000,1786515574874539264,33304,16064,2.0,1.0010722875595093,1083.76123046875,5409
2026-08-12T15:19:35.072,471,unlabeled,0.2,1,1.719187000162492,3.209241999684309,61.87984400003188,0.8246019997386611,67.6633569992191,14.779047986217131,98.19246,72.062,78.6,319.3,275.37109375,1800.0,4259290310000,1786515574974458368,33304,16064,2.0,1.0010722875595093,1083.43603515625,5408
2026-08-12T15:19:35.167,472,unlabeled,0.2,1,1.7593729999134666,4.02310400022543,73.5559459999422,1.0831979998329189,80.46936099981394,12.427090107032317,126.863879,72.062,87.2,293.7,275.375,1800.0,4259356916000,1786515575041064448,33304,16064,2.0,1.0010722875595093,1083.41015625,5407
2026-08-12T15:19:35.252,473,unlabeled,0.2,1,3.07646199962619,3.3722990001479047,63.335676000860985,0.7801950005159597,70.59848500011867,14.164609906265255,111.631231,70.601,84.8,295.3,275.375,1800.0,4259456833000,1786515575140981248,33304,16064,2.0,1.0010722875595093,1083.3380126953125,5406
2026-08-12T15:19:35.334,474,unlabeled,0.2,1,1.8157619997509755,3.3119099998657475,67.70485800007009,0.7488230003218632,73.61166800001229,13.584802887496492,127.049942,71.575,84.4,317.0,275.375,1800.0,4259523451000,1786515575207599360,33304,16064,2.0,1.0010722875595093,1083.8341064453125,5406
2026-08-12T15:19:35.412,475,unlabeled,0.2,1,1.731575999656343,3.198037999936787,62.27160799971898,0.7671200000913814,67.99971300006291,14.705944420663581,105.345139,72.062,78.8,306.9,275.375,1800.0,4259623366000,1786515575307514368,33304,16064,2.0,1.0010722875595093,1084.4107666015625,5405
2026-08-12T15:19:35.505,476,unlabeled,0.2,1,1.7556510001668357,3.225315999770828,71.29764099954627,0.7319710002775537,77.04520899915224,12.97939239818278,130.881043,71.575,91.7,293.0,275.375,1800.0,4259689968000,1786515575374116352,33304,16064,2.0,1.0010722875595093,1084.14453125,5404
2026-08-12T15:19:35.589,477,unlabeled,0.2,1,3.003071999955864,3.368725000655104,63.44134400023904,0.755211999603489,70.60033599918825,14.164238538631004,115.531155,71.575,84.8,307.3,275.375,1800.0,4259789885000,1786515575474033408,33304,16064,2.0,1.0010722875595093,1083.2396240234375,5403
2026-08-12T15:19:35.677,478,unlabeled,0.2,1,1.736334999804967,4.413904999637452,67.48135499947239,0.9982339997804957,74.69786599995132,13.387263298802294,103.460688,72.549,86.1,318.4,275.37890625,1800.0,4259889800000,1786515575573948416,33304,16064,2.0,1.0010722875595093,1082.94189453125,5402
2026-08-12T15:19:35.760,479,unlabeled,0.2,1,1.991283000279509,3.4543370002211304,63.01867299953301,1.011493999612867,69.5110279993969,14.386206459335867,120.236491,73.036,84.8,297.7,275.37890625,1800.0,4259956411000,1786515575640559360,33304,16064,2.0,1.0010722875595093,1082.7435302734375,5402
2026-08-12T15:19:35.840,480,unlabeled,0.2,1,1.7222060005224193,3.3526139995956328,61.91773400041711,0.7358050006587291,67.75954299973819,14.758068837681858,99.582274,71.575,80.0,318.2,275.37890625,1800.0,4260056326000,1786515575740474368,33304,16064,2.0,1.0010722875595093,1082.99658203125,5401
2026-08-12T15:19:35.929,481,unlabeled,0.2,1,1.8701330000112648,6.779375999940385,64.74641600016184,0.7728790005785413,74.22461999976804,13.47261865406822,122.728041,71.575,88.6,300.4,275.37890625,1800.0,4260122937000,1786515575807085312,33304,16064,2.0,1.0010722875595093,1083.899658203125,5401
2026-08-12T15:19:36.015,482,unlabeled,0.2,1,2.86831199991866,3.5164860000804765,63.94644300053187,0.7384900000033667,71.10152700079198,14.06439555072933,108.53862,70.601,83.3,303.8,275.37890625,1800.0,4260222856000,1786515575907004416,33304,16064,2.0,1.0010722875595093,1084.0814208984375,5401
2026-08-12T15:19:36.106,483,unlabeled,0.2,1,1.7001130008793552,3.3239280000998406,76.00052999987383,0.7325639999180567,81.78607999980159,12.227019561304639,132.84859,72.062,82.4,297.0,275.37890625,1800.0,4260289463000,1786515575973611264,33304,16064,2.0,1.0010722875595093,1083.818603515625,5401
2026-08-12T15:19:36.184,484,unlabeled,0.2,1,1.723317000141833,3.1926299998303875,61.80932500046765,0.8028790007301723,67.55820800026413,14.80205040364733,110.707008,72.062,78.8,308.7,275.3828125,1800.0,4260389384000,1786515576073532416,33304,16064,2.0,1.0010722875595093,1082.7744140625,5400
2026-08-12T15:19:36.276,485,unlabeled,0.2,1,1.7591870000615017,3.270094999606954,74.9012579999544,0.8204910000131349,80.78345700050704,12.378772054700796,136.680603,72.549,89.2,291.5,275.38671875,1800.0,4260455992000,1786515576140140288,33304,16064,2.0,1.0010722875595093,1082.952880859375,5400
2026-08-12T15:19:36.369,486,unlabeled,0.2,1,3.815581999333517,3.8898050006537233,70.8416360002957,0.553988000319805,79.13615999950707,12.636448369572504,129.77419,73.036,83.8,301.0,275.38671875,1800.0,4260555905000,1786515576240053248,33304,16064,2.0,1.0010722875595093,1082.5452880859375,5400
2026-08-12T15:19:36.454,487,unlabeled,0.2,1,2.416954999716836,3.6357839999254793,63.92066500029614,0.7362129999819444,70.79102399984549,14.126084685569495,114.252576,71.575,81.8,296.3,275.38671875,1800.0,4260655832000,1786515576339980288,33304,16064,2.0,1.0010722875595093,1083.1331787109375,5400
2026-08-12T15:19:36.536,488,unlabeled,0.2,1,1.7554649994053761,3.2598719999441528,67.21009299963043,0.777620000008028,73.03842100009206,13.691424134138108,96.769222,73.036,87.5,315.4,275.38671875,1800.0,4260755739000,1786515576439887360,33304,16064,2.0,1.0010722875595093,1083.344970703125,5399
2026-08-12T15:19:36.614,489,unlabeled,0.2,1,1.7523910000818432,3.1894089997877018,61.85743700007151,0.738156999432249,67.56907900035003,14.799668943168808,107.98897,72.062,78.1,308.5,275.38671875,1800.0,4260822348000,1786515576506496256,33304,16064,2.0,1.0010722875595093,1083.1834716796875,5399
2026-08-12T15:19:36.704,490,unlabeled,0.2,1,1.701965000393102,6.70476499999495,65.52470299993729,0.5774330002168426,74.5874760004881,13.407076544505355,131.238346,72.549,91.7,311.1,275.390625,1800.0,4260888957000,1786515576573105408,33304,16064,2.0,1.0010722875595093,1082.6422119140625,5399
2026-08-12T15:19:36.789,491,unlabeled,0.2,1,2.2999339998932555,3.551153000444174,63.402158999451785,0.7646570002179942,70.05347799986339,14.27480873971668,116.607094,72.062,84.4,305.2,275.390625,1800.0,4260988874000,1786515576673022208,33304,16064,2.0,1.0010722875595093,1081.857666015625,5398
2026-08-12T15:19:36.878,492,unlabeled,0.2,1,1.7743919997883495,3.2864459999473183,69.65578799918148,0.742360999538505,75.49130200004583,13.246559186373457,105.29721,72.549,83.3,304.9,275.390625,1800.0,4261088789000,1786515576772937216,33304,16064,2.0,1.0010722875595093,1081.7860107421875,5397
2026-08-12T15:19:36.963,493,unlabeled,0.2,1,2.8904230002808617,3.3305950000794837,63.52077199971973,0.7275640000443673,70.50176099983219,14.184042863870879,123.566788,72.062,84.8,306.3,275.390625,1800.0,4261155401000,1786515576839549440,33304,16064,2.0,1.0010722875595093,1081.48486328125,5396
2026-08-12T15:19:37.050,494,unlabeled,0.2,1,1.7310569992332603,6.358167999678699,65.4071640001348,0.7391380004264647,74.27149199975247,13.464116218418404,110.706875,72.549,88.2,309.9,275.390625,1800.0,4261255327000,1786515576939475200,33304,16064,2.0,1.0010722875595093,1081.6790771484375,5395
2026-08-12T15:19:37.135,495,unlabeled,0.2,1,3.4689300000536605,5.105430999719829,63.69212600020546,0.7602679997944506,73.0606799997986,13.68725284246953,96.423798,71.575,86.1,315.4,275.39453125,1800.0,4261355231000,1786515577039379200,33304,16064,2.0,1.0010722875595093,1081.6968994140625,5395
2026-08-12T15:19:37.210,496,unlabeled,0.2,1,1.7587430002095061,3.3948919999602367,61.52050699984102,0.732378999600769,67.44146599976375,14.827672933496181,104.831295,71.575,79.3,306.7,275.39453125,1800.0,4261421846000,1786515577105994240,33304,16064,2.0,1.0010722875595093,1080.15380859375,5395
2026-08-12T15:19:37.297,497,unlabeled,0.2,1,1.77435399928072,3.538967999702436,68.2123650003632,0.7623060000696569,74.34643600026902,13.450543883453694,124.862242,73.523,88.6,311.0,275.39453125,1800.0,4261488452000,1786515577172600320,33304,16064,2.0,1.0010722875595093,1078.9962158203125,5395
2026-08-12T15:19:37.385,498,unlabeled,0.2,1,2.899977999732073,3.4884670003521023,66.03495000035764,0.9602709997125203,73.41494400043302,13.621204968760878,113.34461,71.575,88.9,294.6,275.39453125,1800.0,4261588368000,1786515577272516352,33304,16064,2.0,1.0010722875595093,1079.4161376953125,5396
2026-08-12T15:19:37.462,499,unlabeled,0.2,1,1.89994900028978,3.2268719996864093,61.90469699959067,0.49893100003828295,67.56068899994716,14.801506834851581,89.966472,71.088,80.0,300.7,275.3984375,1800.0,4261688283000,1786515577372431360,33304,16064,2.0,1.0010722875595093,1081.6197509765625,5397
2026-08-12T15:19:37.551,500,unlabeled,0.2,1,1.7234280003322056,4.29747700036387,67.06481299988809,0.7411390006382135,73.86546799989446,13.538125826285007,112.649753,72.062,89.2,324.4,275.3984375,1800.0,4261754894000,1786515577439042304,33304,16064,2.0,1.0010722875595093,1082.296875,5398
2026-08-12T15:19:37.638,501,unlabeled,0.2,1,3.1955200001902995,3.474670999821683,64.09248199997819,0.7750830000077258,71.5733850001925,13.971673967876612,99.083462,73.036,85.3,289.8,275.40234375,1800.0,4261854811000,1786515577538959360,33304,16064,2.0,1.0010722875595093,1081.662109375,5399
2026-08-12T15:19:37.720,502,unlabeled,0.2,1,1.745001999552187,3.3072989999709534,66.3020449992473,0.7716390000496176,72.15763299973332,13.858547715994172,115.257418,72.062,85.3,313.8,275.40625,1800.0,4261921420000,1786515577605568256,33304,16064,2.0,1.0010722875595093,1081.5726318359375,5399
2026-08-12T15:19:37.799,503,unlabeled,0.2,1,1.7477430001235916,3.2916130003286526,61.76406499980658,0.7367489997704979,67.57398599984299,14.798594240131454,93.545616,71.575,79.3,307.2,275.40625,1800.0,4262021338000,1786515577705486336,33304,16064,2.0,1.0010722875595093,1081.0433349609375,5400
2026-08-12T15:19:37.889,504,unlabeled,0.2,1,1.7189459995279321,4.316606999964279,68.16847400023107,0.7510269997510477,75.00705599977664,13.332079051375885,116.930258,73.036,89.5,299.7,275.40625,1800.0,4262087949000,1786515577772097280,33304,16064,2.0,1.0010722875595093,1080.9384765625,5401
2026-08-12T15:19:37.974,505,unlabeled,0.2,1,2.0142650000707363,3.3134650002466515,63.65682899922831,0.7335089994739974,69.74827100020775,14.337272962608942,102.125105,73.036,84.4,305.8,275.40625,1800.0,4262187865000,1786515577872013312,33304,16064,2.0,1.0010722875595093,1080.9161376953125,5401
2026-08-12T15:19:38.063,506,unlabeled,0.2,1,1.9703929992829217,3.66628500069055,70.37113099977432,0.7345459998759907,76.7751319999661,13.02505087194694,125.174411,72.062,83.8,312.2,275.40625,1800.0,4262254473000,1786515577938621440,33304,16064,2.0,1.0010722875595093,1081.831298828125,5401
2026-08-12T15:19:38.148,507,unlabeled,0.2,1,1.9857090001096367,3.2207230005951715,63.796886000091035,0.8196399994631065,69.85456900019926,14.315455872287286,109.784996,71.088,84.8,307.7,275.40625,1800.0,4262354391000,1786515578038539264,33304,16064,2.0,1.0010722875595093,1081.7989501953125,5402
2026-08-12T15:19:38.228,508,unlabeled,0.2,1,1.8552439996710746,3.255872000408999,65.99643099980312,0.7809910002833931,71.92064900027617,13.90421268301069,123.40569,73.523,84.4,299.1,275.40625,1800.0,4262420999000,1786515578105147392,33304,16064,2.0,1.0010722875595093,1081.2576904296875,5403
2026-08-12T15:19:38.307,509,unlabeled,0.2,1,1.7629470003157621,3.211223999642243,62.01884600068297,1.161494999905699,68.18569799997931,14.665832122160037,102.253752,72.062,81.3,317.2,275.40625,1800.0,4262520919000,1786515578205067264,33304,16064,2.0,1.0010722875595093,1078.8023681640625,5403
2026-08-12T15:19:38.401,510,unlabeled,0.2,1,1.7470389993832214,3.3995030007645255,76.69279800029472,0.7792689993948443,82.65316500001063,12.098750241444128,130.252831,72.549,86.1,285.4,275.40625,1800.0,4262587525000,1786515578271673344,33304,16064,2.0,1.0010722875595093,1078.4029541015625,5404
2026-08-12T15:19:38.483,511,unlabeled,0.2,1,1.7519470002298476,3.1702969999969355,62.211608000325214,1.162495999778912,68.32740299978468,14.635416481483297,111.580096,73.036,75.0,307.7,275.40625,1800.0,4262687441000,1786515578371589376,33304,16064,2.0,1.0010722875595093,1078.646240234375,5404
2026-08-12T15:19:38.576,512,unlabeled,0.2,1,1.824929000576958,3.7853600006201304,75.16702000066289,0.9895860002870904,81.80245199946512,12.224572437101747,138.727028,72.062,84.6,288.1,275.40625,1800.0,4262754051000,1786515578438199296,33304,16064,2.0,1.0010722875595093,1080.1728515625,5404
2026-08-12T15:19:38.669,513,unlabeled,0.2,1,2.647106000040367,7.5860160004594945,66.70118000056391,0.7335079999393201,77.7050140004576,12.869182418448712,131.649147,72.549,85.7,290.9,275.41015625,1800.0,4262853968000,1786515578538116352,33304,16064,2.0,1.0010722875595093,1080.0166015625,5405
2026-08-12T15:19:38.756,514,unlabeled,0.2,1,2.756126000349468,3.2304830001521623,67.98819499999809,0.8692879991940572,74.87575800041668,13.355457449852262,118.784788,73.036,80.0,296.0,275.41015625,1800.0,4262953895000,1786515578638043392,33304,16064,2.0,1.0010722875595093,1078.7166748046875,5405
2026-08-12T15:19:38.834,515,unlabeled,0.2,1,1.8329289996472653,3.5239119997640955,62.755262000791845,0.7402490000458783,68.88764999985142,14.516390093175726,96.34446,72.549,77.4,312.9,275.41015625,1800.0,4263053800000,1786515578737948416,33304,16064,2.0,1.0010722875595093,1077.91650390625,5405
2026-08-12T15:19:38.924,516,unlabeled,0.2,1,1.7527990003145533,3.2794089993331,71.74946099985391,0.8653810000396334,77.68123599998944,12.873121637767658,119.839016,73.036,85.3,299.1,275.41015625,1800.0,4263120410000,1786515578804558336,33304,16064,2.0,1.0010722875595093,1077.7900390625,5404
2026-08-12T15:19:39.014,517,unlabeled,0.2,1,5.218655000135186,3.3542430001034518,65.4724800006079,0.7389530001091771,74.81577599992306,13.366164911542565,109.818402,73.036,83.3,289.8,275.41015625,1800.0,4263220326000,1786515578904474368,33304,16064,2.0,1.0010722875595093,1078.5948486328125,5404
2026-08-12T15:19:39.090,518,unlabeled,0.2,1,2.320991000487993,3.241538000111177,61.74523200024851,0.7880640005168971,68.12845599961292,14.678154455836802,119.424881,71.088,76.7,324.8,275.41015625,1800.0,4263286937000,1786515578971085312,33304,16064,2.0,1.0010722875595093,1079.885498046875,5404
2026-08-12T15:19:39.188,519,unlabeled,0.2,1,1.7400759998054127,5.794734999653883,72.84799399985786,0.742674999855808,81.16490700012946,12.32059564854063,117.0824,72.062,89.2,288.7,275.4140625,1800.0,4263386852000,1786515579071000320,33304,16064,2.0,1.0010722875595093,1082.397705078125,5405
2026-08-12T15:19:39.276,520,unlabeled,0.2,1,2.0368200002849335,7.705109999733395,63.60695800049143,0.5534510000870796,73.93978399977641,13.52451881659573,105.701913,71.575,81.1,294.2,275.41796875,1800.0,4263486769000,1786515579170917376,33304,16064,2.0,1.0010722875595093,1085.7940673828125,5406
2026-08-12T15:19:39.368,521,unlabeled,0.2,1,1.7309840004600119,5.032060000303318,71.39562500015018,0.7652870008314494,79.038622000553,12.652042440631156,130.99002,72.549,86.1,304.6,275.41796875,1800.0,4263553377000,1786515579237525248,33304,16064,2.0,1.0010722875595093,1089.1484375,5407
2026-08-12T15:19:39.465,522,unlabeled,0.2,1,11.485487999379984,3.3462059991506976,64.5949700001438,0.74571300046955,80.20510000005743,12.468035075067347,127.580122,72.549,78.4,279.8,275.41796875,1800.0,4263653295000,1786515579337443328,33304,16064,2.0,1.0010722875595093,1090.6212158203125,5409
2026-08-12T15:19:39.546,523,unlabeled,0.2,1,1.7237060001207283,3.262317000007897,67.12101799985248,0.7362129999819444,72.87290100066457,13.722522175848063,108.908707,72.062,84.8,307.4,275.41796875,1800.0,4263753210000,1786515579437358336,33304,16064,2.0,1.0010722875595093,1090.240234375,5411
2026-08-12T15:19:39.625,524,unlabeled,0.2,1,1.9519859997672029,3.6079129995414405,62.31846199989377,0.7494350002161809,68.65831499999331,14.564878267112984,121.422805,71.088,78.1,315.8,275.421875,1800.0,4263819819000,1786515579503967232,33304,16064,2.0,1.0010722875595093,1090.80859375,5413
2026-08-12T15:19:39.715,525,unlabeled,0.2,1,6.024459999935061,3.567727999325143,66.10320999971009,0.7424719997288776,76.47331499993015,13.076456800661948,111.573936,72.549,83.3,299.8,275.42578125,1800.0,4263919738000,1786515579603886336,33304,16064,2.0,1.0010722875595093,1095.1285400390625,5415
2026-08-12T15:19:39.807,526,unlabeled,0.2,1,4.178141999545915,5.109265000101004,68.88370599972404,0.7396940000035102,78.94238100016082,12.667466921196143,103.652538,72.062,83.3,304.5,275.42578125,1800.0,4264019653000,1786515579703801344,33304,16064,2.0,1.0010722875595093,1094.4998779296875,5417
2026-08-12T15:19:39.900,527,unlabeled,0.2,1,4.996374999791442,5.749124000431038,66.60562399974879,0.7747680001557455,78.16183399972942,12.793967961440897,130.42975,73.523,81.1,289.3,275.42578125,1800.0,4264086262000,1786515579770410240,33304,16064,2.0,1.0010722875595093,1093.1773681640625,5418
2026-08-12T15:19:39.987,528,unlabeled,0.2,1,1.7012240004987689,3.220298000087496,69.20765399991069,0.7533970001531998,74.91344499976549,13.348738667713524,117.483935,72.549,85.3,310.0,275.42578125,1800.0,4264186178000,1786515579870326272,33304,16064,2.0,1.0010722875595093,1092.92041015625,5419
2026-08-12T15:19:40.081,529,unlabeled,0.2,1,6.054683000002115,9.12910799979727,62.71244799972919,0.741102000574756,78.67308200002299,12.710827827994686,111.426871,72.549,78.4,288.0,275.42578125,1800.0,4264286103000,1786515579970251264,33304,16064,2.0,1.0010722875595093,1091.8260498046875,5420
2026-08-12T15:19:40.171,530,unlabeled,0.2,1,1.8171330002587638,3.6731909995069145,70.91511900034675,0.7441569996444741,77.1799899994221,12.95672621890062,134.928321,73.036,86.1,310.6,275.42578125,1800.0,4264352706000,1786515580036854272,33304,16064,2.0,1.0010722875595093,1092.3466796875,5421
2026-08-12T15:19:40.256,531,unlabeled,0.2,1,1.9510050005919766,5.749900999944657,62.287034999826574,0.8127129995045834,70.83395200061204,14.117523754588188,120.000581,72.549,82.4,291.7,275.42578125,1800.0,4264452621000,1786515580136769280,33304,16064,2.0,1.0010722875595093,1092.1075439453125,5422
2026-08-12T15:19:40.346,532,unlabeled,0.2,1,1.731483999719785,6.390112999724806,67.41813400003593,0.7419169996865094,76.31225700060895,13.104054830825149,110.083919,74.497,85.7,302.5,275.4296875,1800.0,4264552536000,1786515580236684288,33304,16064,2.0,1.0010722875595093,1091.516357421875,5422
2026-08-12T15:19:40.435,533,unlabeled,0.2,1,3.4971149998455076,3.3386509994670632,67.97941799959517,0.7390829996438697,75.58528600020509,13.230088194642628,98.888588,72.549,83.3,292.9,275.4296875,1800.0,4264652452000,1786515580336600320,33304,16064,2.0,1.0010722875595093,1090.48828125,5423
2026-08-12T15:19:40.510,534,unlabeled,0.2,1,1.7517620008220547,3.278891000263684,61.621361000106845,0.7358230004683719,67.42039300024771,14.832307488868032,107.371633,74.497,79.3,306.5,275.4296875,1800.0,4264719062000,1786515580403210240,33304,16064,2.0,1.0010722875595093,1089.673583984375,5423
2026-08-12T15:19:40.601,535,unlabeled,0.2,1,1.7457060002925573,3.2155200005945517,73.38653700026043,0.511968999489909,78.8906030002181,12.675780916482985,132.051822,72.549,86.5,295.7,275.4296875,1800.0,4264785674000,1786515580469822208,33304,16064,2.0,1.0010722875595093,1088.000732421875,5423
2026-08-12T15:19:40.695,536,unlabeled,0.2,1,3.5546909994081943,8.715732999917236,66.052357999979,0.9866049995252979,79.34451500022988,12.603265644727967,125.943588,73.036,84.2,298.3,275.43359375,1800.0,4264885590000,1786515580569738240,33304,16064,2.0,1.0010722875595093,1085.1641845703125,5423
2026-08-12T15:19:40.783,537,unlabeled,0.2,1,6.113145999734115,4.341032999946037,62.999247000334435,0.7377309993898962,74.22771400069905,13.4720570808712,114.215362,72.549,80.6,294.8,275.43359375,1800.0,4264985506000,1786515580669654272,33304,16064,2.0,1.0010722875595093,1084.8543701171875,5423
2026-08-12T15:19:40.875,538,unlabeled,0.2,1,1.7212980001204414,3.313187999992806,70.85965500027669,1.6079450006145635,77.53693900031067,12.897078642684015,105.518602,73.523,85.3,307.1,275.43359375,1800.0,4265085428000,1786515580769576448,33304,16064,2.0,1.0010722875595093,1086.5107421875,5423
2026-08-12T15:19:40.959,539,unlabeled,0.2,1,2.1308030000000144,3.266947000156506,63.28419500005111,0.7354899998972542,69.44663900048909,14.399544951238855,123.468557,72.549,85.7,307.4,275.43359375,1800.0,4265152031000,1786515580836179200,33304,16064,2.0,1.0010722875595093,1087.168701171875,5423
2026-08-12T15:19:41.048,540,unlabeled,0.2,1,1.7437799997424008,4.021491999992577,69.05750500027352,0.7724909992248286,75.65576900015003,13.21776267977683,112.097507,72.062,85.7,305.0,275.4375,1800.0,4265251946000,1786515580936094208,33304,16064,2.0,1.0010722875595093,1084.0377197265625,5423
2026-08-12T15:19:41.135,541,unlabeled,0.2,1,3.634579999925336,5.362768000850338,65.13864399948943,0.7383969996226369,74.9089439996169,13.34954074382779,99.152035,72.062,81.2,298.6,275.4375,1800.0,4265351867000,1786515581036015360,33304,16064,2.0,1.0010722875595093,1080.82958984375,5421
2026-08-12T15:19:41.210,542,unlabeled,0.2,1,1.7415760003132164,3.1831679998504114,62.163329999748385,0.7694900004935334,67.88912000047276,14.729900755718093,108.093659,71.575,80.0,304.9,275.44140625,1800.0,4265418471000,1786515581102619392,33304,16064,2.0,1.0010722875595093,1080.104248046875,5420
2026-08-12T15:19:41.302,543,unlabeled,0.2,1,1.6740199998821481,3.388948000065284,76.28625699999247,0.8142690003296593,82.19569800075988,12.166086843021338,133.359615,72.549,85.7,282.9,275.44140625,1800.0,4265485083000,1786515581169231360,33304,16064,2.0,1.0010722875595093,1079.2923583984375,5420
2026-08-12T15:19:41.392,544,unlabeled,0.2,1,2.9553869999290328,3.8180820001798565,64.69299000036699,0.7732130006843363,72.27639499978977,13.835775843591932,123.154291,71.575,83.8,312.2,275.44140625,1800.0,4265585000000,1786515581269148416,33304,16223,2.0,1.0002456903457642,1077.8746337890625,5418
2026-08-12T15:19:41.483,545,unlabeled,0.2,1,1.7704469992168015,3.404670000236365,72.64190000023518,0.7353060000241385,78.58363600007578,12.72529563278334,114.578487,74.01,82.4,294.3,275.44140625,1800.0,4265684929000,1786515581369077248,33304,16223,2.0,1.0002456903457642,1078.411865234375,5416
2026-08-12T15:19:41.571,546,unlabeled,0.2,1,3.5748569998759194,4.039695999381365,67.53572799971153,0.5132469996169675,75.69504699949903,13.210904010755398,102.967911,73.036,83.3,295.6,275.44140625,1800.0,4265784832000,1786515581468980224,33304,16223,2.0,1.0002456903457642,1079.495849609375,5414
2026-08-12T15:19:41.658,547,unlabeled,0.2,1,3.5278559998914716,3.430226000091352,64.49789599992073,0.518154999554099,72.0064100005402,13.887652501943895,122.626568,73.036,85.3,301.6,275.44140625,1800.0,4265851443000,1786515581535591424,33304,16223,2.0,1.0002456903457642,1079.5291748046875,5412
2026-08-12T15:19:41.745,548,unlabeled,0.2,1,4.158974999882048,3.4816150000551715,69.52291800007515,0.7733240008747089,77.9727039998761,12.825000913160444,110.212765,73.036,80.0,285.7,275.4453125,1800.0,4265951361000,1786515581635509248,33304,16223,2.0,1.0002456903457642,1078.9095458984375,5410
2026-08-12T15:19:41.823,549,unlabeled,0.2,1,1.5931670004647458,3.2310380001945305,61.62926799970592,1.158680000116874,67.64082100016822,14.783971944951897,88.433176,73.036,80.6,319.0,275.4453125,1800.0,4266051274000,1786515581735422208,33304,16223,2.0,1.0002456903457642,1078.7786865234375,5409
2026-08-12T15:19:41.914,550,unlabeled,0.2,1,1.741205999678641,3.322354999909294,72.84053100011079,0.9540849996483303,78.89382600023964,12.675263080750609,112.681796,74.01,86.1,286.8,275.4453125,1800.0,4266117885000,1786515581802033408,33304,16223,2.0,1.0002456903457642,1077.6505126953125,5408
2026-08-12T15:19:42.002,551,unlabeled,0.2,1,2.9563690004579257,5.787013000372099,63.173065000228235,0.741175000257499,72.69032600015635,13.75698879102357,100.226813,74.01,82.4,308.7,275.4453125,1800.0,4266217799000,1786515581901947392,33304,16223,2.0,1.0002456903457642,1077.992919921875,5406
2026-08-12T15:19:42.095,552,unlabeled,0.2,1,1.7427980001230026,5.36502599970845,71.9583549998788,0.9593819995643571,80.0633579992791,12.490108146713057,126.552324,73.036,83.3,301.3,275.4453125,1800.0,4266284410000,1786515581968558336,33304,16223,2.0,1.0002456903457642,1079.5498046875,5405
2026-08-12T15:19:42.184,553,unlabeled,0.2,1,5.653158999848529,6.346983000184991,62.507667999852856,1.0869199995795498,75.63084199955483,13.222119092709375,116.409469,74.01,83.8,289.5,275.4453125,1800.0,4266384326000,1786515582068474368,33304,16223,2.0,1.0002456903457642,1081.9139404296875,5403
2026-08-12T15:19:42.278,554,unlabeled,0.2,1,1.7447250002078363,5.505009999978938,72.07343000027322,0.7430460000250605,80.1160990004064,12.481885819165102,110.026344,73.036,83.8,299.4,275.44921875,1800.0,4266484242000,1786515582168390400,33304,16223,2.0,1.0002456903457642,1082.0023193359375,5402
2026-08-12T15:19:42.368,555,unlabeled,0.2,1,6.44068800011155,3.766136999729497,63.68531200041616,0.7860099995014025,74.71512699976302,13.384170517479973,100.457051,73.036,85.7,309.9,275.44921875,1800.0,4266584158000,1786515582268306432,33304,16223,2.0,1.0002456903457642,1081.5621337890625,5400
2026-08-12T15:19:42.460,556,unlabeled,0.2,1,1.7423359995518695,8.13172600010148,68.22440300038579,0.7853420001993072,78.92277100017964,12.67061441618318,125.554225,74.01,86.1,305.3,275.44921875,1800.0,4266650767000,1786515582334915328,33304,16223,2.0,1.0002456903457642,1081.318115234375,5399
2026-08-12T15:19:42.549,557,unlabeled,0.2,1,2.6417720000608824,7.5823309998668265,63.216732000000775,0.7441019997713738,74.22210299955623,13.473075533927933,114.196358,73.036,80.0,293.6,275.44921875,1800.0,4266750686000,1786515582434834432,33304,16223,2.0,1.0002456903457642,1080.7286376953125,5398
2026-08-12T15:19:42.632,558,unlabeled,0.2,1,1.7441129994040239,3.209445999345917,68.50298000063049,0.7873980002841563,74.27547499992215,13.46339420920631,97.996011,74.497,88.2,310.6,275.44921875,1800.0,4266850601000,1786515582534749440,33304,16223,2.0,1.0002456903457642,1080.3671875,5398
2026-08-12T15:19:42.712,559,unlabeled,0.2,1,2.2086190001573414,4.129233999265125,62.23336899984133,0.8676580000610556,69.47147299979406,14.394397539303139,111.166008,74.01,81.8,300.8,275.453125,1800.0,4266917213000,1786515582601361408,33304,16223,2.0,1.0002456903457642,1080.4112548828125,5397
2026-08-12T15:19:42.806,560,unlabeled,0.2,1,1.7391689998476068,3.253926999605028,73.08051600011822,0.7552869992650812,78.86291800059553,12.680230777061135,104.89153,73.523,86.5,299.0,275.453125,1800.0,4267017126000,1786515582701274368,33304,16223,2.0,1.0002456903457642,1080.3707275390625,5397
2026-08-12T15:19:42.899,561,unlabeled,0.2,1,5.511120999472041,8.856049999849347,63.01171100039937,0.7426199999827077,78.15931699951761,12.794379971439257,131.358827,74.497,81.1,311.4,275.45703125,1800.0,4267083736000,1786515582767884288,33304,16223,2.0,1.0002456903457642,1080.3448486328125,5397
2026-08-12T15:19:42.994,562,unlabeled,0.2,1,1.8480410008123727,3.504597999381076,77.07465599924035,0.7316569999602507,83.1942649992925,12.020059315488924,127.071893,73.523,82.1,282.5,275.45703125,1800.0,4267183652000,1786515582867800320,33304,16223,2.0,1.0002456903457642,1080.8609619140625,5397
2026-08-12T15:19:43.070,563,unlabeled,0.2,1,1.7596689995116321,3.2319270003426936,61.84877199939365,0.9564559995851596,67.82719399961934,14.74334910575266,102.619516,73.036,79.3,304.8,275.45703125,1800.0,4267283568000,1786515582967716352,33304,16223,2.0,1.0002456903457642,1079.3819580078125,5397
2026-08-12T15:19:43.164,564,unlabeled,0.2,1,1.8301700001757126,3.191537999555294,75.71377000022039,1.014123999993899,81.78234100068948,12.22757856725536,130.295692,74.01,86.5,297.0,275.45703125,1800.0,4267350179000,1786515583034327296,33304,16223,2.0,1.0002456903457642,1078.41796875,5397
2026-08-12T15:19:43.252,565,unlabeled,0.2,1,3.2368339998356532,4.34418100030598,65.23062599990226,1.054160000421689,73.90274799945473,13.531296562982721,118.218098,74.984,83.3,303.0,275.4609375,1800.0,4267450094000,1786515583134242304,33304,16223,2.0,1.0002456903457642,1076.2891845703125,5397
2026-08-12T15:19:43.331,566,unlabeled,0.2,1,1.6814829996292247,3.429151000091224,64.09098399944924,0.9508260000075097,70.18216699998447,14.248633844552295,97.59568,73.523,75.0,294.6,275.4609375,1800.0,4267550009000,1786515583234157312,33304,16223,2.0,1.0002456903457642,1076.900146484375,5396
2026-08-12T15:19:43.425,567,unlabeled,0.2,1,2.755550999609113,7.719074000306136,66.81540499994298,0.9394190001330571,78.26954099982686,12.776362135587483,125.090549,74.497,89.5,308.2,275.4609375,1800.0,4267616631000,1786515583300779264,33304,16223,2.0,1.0002456903457642,1078.0323486328125,5396
2026-08-12T15:19:43.513,568,unlabeled,0.2,1,2.0738579996759654,3.5937090005973005,66.51377199978015,0.7385089993476868,72.95110699942597,13.707811178353587,112.335766,74.01,80.0,286.9,275.4609375,1800.0,4267716539000,1786515583400687360,33304,16223,2.0,1.0002456903457642,1080.4622802734375,5397
2026-08-12T15:19:43.603,569,unlabeled,0.2,1,2.115192000019306,3.4036509996440145,74.46825500028353,0.5108019995532231,80.533696999737,12.41716247055274,136.203883,73.036,80.6,287.2,275.4609375,1800.0,4267783162000,1786515583467310336,33304,16223,2.0,1.0002456903457642,1080.979248046875,5397
2026-08-12T15:19:43.682,570,unlabeled,0.2,1,1.7231689998880029,3.2491309993929463,62.79652299963345,0.7368790002146852,68.5357219999787,14.590931135157673,115.100603,73.523,80.0,316.0,275.4609375,1800.0,4267883071000,1786515583567219200,33304,16223,2.0,1.0002456903457642,1080.686279296875,5397
2026-08-12T15:19:43.778,571,unlabeled,0.2,1,1.7494839994469658,3.246557000238681,73.6717640002098,0.7692500003031455,79.46840699969471,12.583617034173614,111.20805,72.062,84.2,282.3,275.46484375,1800.0,4267982980000,1786515583667128320,33304,16223,2.0,1.0002456903457642,1080.9681396484375,5398
2026-08-12T15:19:43.869,572,unlabeled,0.2,1,2.526252000279783,8.515989999978046,65.1971629995387,0.7462869998562383,77.01700699999492,12.984145177182308,102.237411,73.036,83.3,285.9,275.46484375,1800.0,4268082893000,1786515583767041280,33304,16223,2.0,1.0002456903457642,1080.97802734375,5398
2026-08-12T15:19:43.963,573,unlabeled,0.2,1,2.3015830001895665,8.701659000507789,67.18059500053641,0.7428979997712304,78.95710499997222,12.665104679311025,130.199299,73.523,78.9,306.6,275.46484375,1800.0,4268149503000,1786515583833651200,33304,16223,2.0,1.0002456903457642,1081.1448974609375,5399
2026-08-12T15:19:44.048,574,unlabeled,0.2,1,1.7346500007988652,3.27722400015773,69.94162699993467,0.7743979995211703,75.75823299976037,13.199885483115256,114.948743,74.01,84.8,295.0,275.46484375,1800.0,4268249421000,1786515583933569280,33304,16223,2.0,1.0002456903457642,1081.4327392578125,5399
2026-08-12T15:19:44.127,575,unlabeled,0.2,1,1.8761339997581672,3.264150000177324,62.625485000353365,0.7307680007215822,68.52947999959724,14.592260148564927,94.254845,73.036,78.1,315.8,275.46484375,1800.0,4268349339000,1786515584033487360,33304,16223,2.0,1.0002456903457642,1081.2408447265625,5399
2026-08-12T15:19:44.226,576,unlabeled,0.2,1,1.8654479999895557,3.8116010000521783,76.41700000021956,0.9495300000708085,83.09282099980919,12.034734023560187,126.019909,74.01,86.8,274.6,275.46484375,1800.0,4268415949000,1786515584100097280,33304,16223,2.0,1.0002456903457642,1081.350341796875,5400
2026-08-12T15:19:44.313,577,unlabeled,0.2,1,3.3070389999920735,3.5804320004899637,65.61696500011749,0.957325999479508,73.49344700014626,13.606655298097664,113.730695,73.036,79.4,308.1,275.46484375,1800.0,4268515865000,1786515584200013312,33304,16223,2.0,1.0002456903457642,1081.185302734375,5400
2026-08-12T15:19:44.406,578,unlabeled,0.2,1,1.7311869996774476,3.4773190000123577,75.6921770007466,1.0091969998029526,81.93984300032753,12.204075128579424,106.528763,73.036,82.9,291.3,275.46484375,1800.0,4268615778000,1786515584299926272,33304,16223,2.0,1.0002456903457642,1081.05859375,5401
2026-08-12T15:19:44.485,579,unlabeled,0.2,1,1.9905049994122237,3.375002999746357,61.411563000547176,1.0382899999967776,67.84817700008716,14.738789518231497,118.510881,74.497,77.4,304.0,275.46484375,1800.0,4268682396000,1786515584366544384,33304,16223,2.0,1.0002456903457642,1080.959228515625,5400
2026-08-12T15:19:44.580,580,unlabeled,0.2,1,1.748798999869905,4.529017000095337,71.51316399995267,1.4491459996861522,79.29099800003314,12.611772145932404,113.817413,74.01,84.6,284.6,275.46875,1800.0,4268782304000,1786515584466452224,33304,16223,2.0,1.0002456903457642,1080.4554443359375,5400
2026-08-12T15:19:44.669,581,unlabeled,0.2,1,2.0003570007247617,3.636135999840917,68.45314600013808,0.7432129996232106,74.86714799961192,13.35699337719107,103.507125,74.01,79.4,290.2,275.46875,1800.0,4268882221000,1786515584566369280,33304,16223,2.0,1.0002456903457642,1079.580322265625,5400
2026-08-12T15:19:44.760,582,unlabeled,0.2,1,1.7851689999588416,3.077869999287941,68.51948099938454,1.0405490002085571,74.4550879999224,13.430915560814894,127.278176,74.497,81.1,298.7,275.47265625,1800.0,4268948830000,1786515584632978432,33304,16223,2.0,1.0002456903457642,1078.432861328125,5400
2026-08-12T15:19:44.846,583,unlabeled,0.2,1,2.0008009996672627,3.3198179999089916,65.52451999959885,0.9533630000078119,71.83138999971561,13.92149031229883,113.208003,74.984,81.8,291.2,275.4765625,1800.0,4269048745000,1786515584732893440,33304,16223,2.0,1.0002456903457642,1078.444091796875,5399
2026-08-12T15:19:44.928,584,unlabeled,0.2,1,1.8052260002150433,3.2968349996735924,67.62645100025111,0.9942339993358473,73.75848700030474,13.557761834185515,129.445228,74.01,85.3,301.8,275.48046875,1800.0,4269115356000,1786515584799504384,33304,16223,2.0,1.0002456903457642,1079.1500244140625,5398
2026-08-12T15:19:45.008,585,unlabeled,0.2,1,1.773687999957474,3.3100020000347286,62.4119639996934,1.16262400024425,68.6915569995108,14.557829865570259,108.716834,73.523,77.4,315.4,275.48046875,1800.0,4269215276000,1786515584899424256,33304,16223,2.0,1.0002456903457642,1080.1314697265625,5397
2026-08-12T15:19:45.099,586,unlabeled,0.2,1,1.705076000689587,3.2353529995816643,73.62911600012012,0.7405830001516733,79.34192500033532,12.603677059710535,133.520293,73.523,88.9,295.5,275.48046875,1800.0,4269281884000,1786515584966032384,33304,16223,2.0,1.0002456903457642,1080.9107666015625,5397
2026-08-12T15:19:45.187,587,unlabeled,0.2,1,3.9265650002562325,4.9231140001211315,63.99650099956489,0.49978399965766585,73.37922399983654,13.62783558466396,121.517446,74.01,86.1,295.8,275.48046875,1800.0,4269381798000,1786515585065946368,33304,16223,2.0,1.0002456903457642,1080.292724609375,5396
2026-08-12T15:19:45.271,588,unlabeled,0.2,1,1.9975049999629846,3.5132640005031135,63.65512699994724,0.7691949995205505,69.96683200031839,14.29248647409746,105.631865,73.523,82.4,309.4,275.484375,1800.0,4269481716000,1786515585165864448,33304,16223,2.0,1.0002456903457642,1080.2403564453125,5396
2026-08-12T15:19:45.354,589,unlabeled,0.2,1,1.9465779996608035,3.6255619997973554,68.40920200011169,0.721397000233992,74.7371289999137,13.380230327032697,122.136351,73.523,87.1,301.0,275.484375,1800.0,4269548324000,1786515585232472320,33304,16223,2.0,1.0002456903457642,1080.3616943359375,5395
2026-08-12T15:19:45.434,590,unlabeled,0.2,1,1.9748570002775523,3.3297990003120503,63.013415000568784,0.7343419993048883,69.08126500002254,14.475704809396206,101.625548,73.523,78.1,314.7,275.484375,1800.0,4269648242000,1786515585332390400,33304,16223,2.0,1.0002456903457642,1080.5721435546875,5395
2026-08-12T15:19:45.531,591,unlabeled,0.2,1,1.7332240004179766,3.2916130003286526,77.22732599995652,0.735860999157012,83.01780199963105,12.045609205655003,132.14425,73.523,84.2,288.2,275.484375,1800.0,4269714851000,1786515585398999296,33304,16223,2.0,1.0002456903457642,1080.692626953125,5395
2026-08-12T15:19:45.623,592,unlabeled,0.2,1,3.481153000393533,3.6137650004093302,70.26248300007865,0.7291379997695913,78.18831799977488,12.789634379945086,124.311494,73.523,77.8,293.2,275.484375,1800.0,4269814771000,1786515585498919424,33304,16223,2.0,1.0002456903457642,1081.048828125,5395
2026-08-12T15:19:45.718,593,unlabeled,0.2,1,1.8198920006398112,3.344001999721513,76.86563599963847,0.9693259999039583,83.03300499937905,12.043403704436306,119.631159,74.01,81.6,273.0,275.48828125,1800.0,4269914682000,1786515585598830336,33304,16223,2.0,1.0002456903457642,1080.7874755859375,5396
2026-08-12T15:19:45.795,594,unlabeled,0.2,1,1.7707060005704989,3.1556120002278476,62.70491199938988,0.980900999820733,68.64118599969515,14.568512845982019,96.945298,73.036,77.4,310.9,275.4921875,1800.0,4270014599000,1786515585698747392,33304,16223,2.0,1.0002456903457642,1080.7269287109375,5396
2026-08-12T15:19:45.891,595,unlabeled,0.2,1,1.8075950001730234,4.70614799996838,71.89965099951223,1.1649770003714366,79.64174299922888,12.556229463858951,125.72066,74.01,84.2,293.6,275.4921875,1800.0,4270081209000,1786515585765357312,33304,16223,2.0,1.0002456903457642,1080.3018798828125,5397
2026-08-12T15:19:45.982,596,unlabeled,0.2,1,7.500847999835969,3.446726000220224,65.0012730002345,0.9905860006256262,76.97454399931303,12.991307879770288,116.755581,74.01,81.1,274.7,275.4921875,1800.0,4270181128000,1786515585865276416,33304,16223,2.0,1.0002456903457642,1078.68408203125,5398
2026-08-12T15:19:46.068,597,unlabeled,0.2,1,2.3321759999817004,3.230186999644502,70.27087200003734,0.7676569994146121,76.63226299973758,13.04933406447131,136.793889,73.523,85.7,311.6,275.4921875,1800.0,4270247739000,1786515585931887360,33304,16223,2.0,1.0002456903457642,1077.430908203125,5399
2026-08-12T15:19:46.164,598,unlabeled,0.2,1,4.224846999932197,12.003180000647262,64.85623400021723,0.7806020003044978,81.89832499920158,12.210261931605427,133.024344,73.523,79.5,280.9,275.4921875,1800.0,4270347653000,1786515586031801344,33304,16223,2.0,1.0002456903457642,1077.55078125,5400
2026-08-12T15:19:46.242,599,unlabeled,0.2,1,1.7095020002670935,3.2367419998990954,63.77601700023661,0.9896969995679683,69.74473699938244,14.33799943942515,110.515875,74.497,79.3,310.2,275.4921875,1800.0,4270447570000,1786515586131718400,33304,16223,2.0,1.0002456903457642,1078.80712890625,5402
2026-08-12T15:19:46.344,600,unlabeled,0.2,1,2.042653999524191,8.369211000172072,78.3207640006367,1.2432920002538594,90.02575600061391,11.107932267663276,146.371322,74.01,85.0,283.0,275.4921875,1800.0,4270514180000,1786515586198328320,33304,16223,2.0,1.0002456903457642,1079.040283203125,5402
2026-08-12T15:19:46.440,601,unlabeled,0.2,1,5.407397999988461,3.567894999832788,67.34674500057736,1.0009750003519002,77.35960399986652,12.926643212932236,109.389875,74.497,79.5,280.5,275.4921875,1800.0,4270647399000,1786515586331547392,33304,16223,2.0,1.0002456903457642,1080.36181640625,5404
2026-08-12T15:19:46.532,602,unlabeled,0.2,1,1.7811509997045505,3.260354000303778,73.85726700067607,0.7806209996488178,79.71039200037922,12.545415659168288,134.628528,73.523,80.6,293.9,275.4921875,1800.0,4270714009000,1786515586398157312,33304,16223,2.0,1.0002456903457642,1080.7388916015625,5405
2026-08-12T15:19:46.631,603,unlabeled,0.2,1,5.74775299992325,7.342273000176647,70.42176300001302,0.7373790003839531,84.28487199944357,11.864525344555329,132.9999,74.984,86.8,284.9,275.4921875,1800.0,4270813926000,1786515586498074368,33304,16223,2.0,1.0002456903457642,1081.2235107421875,5406
2026-08-12T15:19:46.718,604,unlabeled,0.2,1,2.3596760001964867,6.1883690004833625,69.98268400002416,0.8654550001665484,79.45462899988343,12.585799123188496,120.912974,74.01,80.0,295.4,275.4921875,1800.0,4270913847000,1786515586597995264,33304,16223,2.0,1.0002456903457642,1081.2139892578125,5407
2026-08-12T15:19:46.798,605,unlabeled,0.2,1,1.7050569995262777,3.4742070001811953,63.03610099985235,0.7427680002365378,68.98948600064614,14.494962319195047,100.774778,74.497,77.4,301.7,275.49609375,1800.0,4271013757000,1786515586697905408,33304,16223,2.0,1.0002456903457642,1080.9759521484375,5407
2026-08-12T15:19:46.893,606,unlabeled,0.2,1,1.7357240003548213,5.944051999904332,71.31108799967478,0.9641959995860816,80.00072899994848,12.499886094796011,129.136987,73.523,87.2,284.3,275.5,1800.0,4271080367000,1786515586764515328,33304,16223,2.0,1.0002456903457642,1081.16259765625,5407
2026-08-12T15:19:46.983,607,unlabeled,0.2,1,6.167647000438592,4.409681999277382,63.924241000677284,0.973789000454417,75.51493399932951,13.242413745721857,118.601647,74.984,82.4,312.2,275.5,1800.0,4271180283000,1786515586864431360,33304,16223,2.0,1.0002456903457642,1081.2510986328125,5407
2026-08-12T15:19:47.070,608,unlabeled,0.2,1,1.674261000516708,3.2626680003886577,68.34442299987131,0.7438610000463086,74.05576999917685,13.503336742175732,105.983339,74.984,85.7,298.3,275.5,1800.0,4271280199000,1786515586964347392,33304,16223,2.0,1.0002456903457642,1081.504150390625,5407
2026-08-12T15:19:47.159,609,unlabeled,0.2,1,3.0164070003593224,5.90227400061849,65.57635399985884,0.7397489998766105,75.26550599959592,13.286298772845143,128.941052,74.984,86.1,301.8,275.5,1800.0,4271346810000,1786515587030958336,33304,16223,2.0,1.0002456903457642,1081.8624267578125,5407
2026-08-12T15:19:47.235,610,unlabeled,0.2,1,1.8066140000883024,3.320353999697545,62.356723000448255,0.9519190007267753,68.47112900049979,14.604695651983493,105.05771,73.523,76.7,315.6,275.50390625,1800.0,4271446728000,1786515587130876416,33304,16223,2.0,1.0002456903457642,1081.8096923828125,5407
2026-08-12T15:19:47.338,611,unlabeled,0.2,1,1.7514839992145426,3.360484000040742,83.88495999952283,1.0258640004394692,90.05568199972913,11.104241040593172,141.350326,75.471,87.5,272.1,275.5078125,1800.0,4271513335000,1786515587197483264,33304,16223,2.0,1.0002456903457642,1082.33544921875,5407
