epoch,learning_rate,train_total,train_classification,train_quality,train_box,train_positive_count,train_gradient_norm,valid_total,valid_classification,valid_quality,valid_box,valid_positive_count,metric_ap50,metric_ap75,metric_map50_95,metric_precision,metric_recall,metric_f1,metric_best_f1,metric_best_f1_threshold,metric_detection_accuracy,metric_tp,metric_fp,metric_fn,metric_mean_tp_iou,metric_average_detections_per_image,metric_no_detection_image_rate,metric_zero_recall_image_rate,metric_score_threshold,metric_tiny_lt16_gt,metric_tiny_lt16_matched,metric_tiny_lt16_recall,metric_small_16_32_gt,metric_small_16_32_matched,metric_small_16_32_recall,metric_medium_32_96_gt,metric_medium_32_96_matched,metric_medium_32_96_recall,metric_large_ge96_gt,metric_large_ge96_matched,metric_large_ge96_recall,train_images_per_second,peak_vram_gib,amp_scale,seconds,warning_count
1,0.0009999383162408303,2.351974460289076,0.49153101422957013,0.788761123589107,0.5358411619415531,459.0525974025974,3.7312076858498835,2.0630577641228833,0.4552136540102462,0.676866321824491,0.4654888914277156,522.859375,0.11619489639997482,0.0031290072947740555,0.02945098553536809,0.4069868995633188,0.07513705256368913,0.12685449843473529,0.19504444301128387,0.171875,0.06772271472169743,932,1358,11472,0.6500872373580933,1.495754408883083,0.5904637491835402,0.8262573481384716,0.25,2180,0,0.0,3009,162,0.053838484546360914,5721,707,0.12357979374235274,1494,63,0.04216867469879518,42.58689438640338,0.3577885627746582,1024.0,497.920745099982,0
2,0.0009997532801828658,1.959869950235664,0.40276593393706656,0.6701447730327581,0.4434796214490742,459.03441558441557,1.5675416854681907,1.9347803313285112,0.4138319722842425,0.6643406928827366,0.42830383374045294,522.859375,0.1968526691198349,0.009853007271885872,0.057325287461026164,0.42202859696157285,0.15228958400515963,0.22381516587677724,0.2724476754665375,0.1741943359375,0.12600893869655128,1889,2587,10515,0.6621860265731812,2.923579359895493,0.6681907250163291,0.8190725016329197,0.25,2180,3,0.0013761467889908258,3009,749,0.2489199069458292,5721,1126,0.19681873798287014,1494,11,0.007362784471218206,42.30791947643908,0.35773324966430664,1024.0,500.39547320001293,0
3,0.0009994449374809851,1.8533723532379447,0.3695219046399965,0.6640632545793211,0.40989359623038923,459.05324675324675,1.4116728889090675,1.8554432969540358,0.3863542443141341,0.6589714220414559,0.405058813902239,522.859375,0.2700302302837372,0.03850223869085312,0.09273281861014766,0.48960233491426486,0.2163818123186069,0.30012300123001234,0.344613641500473,0.196044921875,0.17655571635311143,2684,2798,9720,0.693112313747406,3.5806662312214237,0.5558458523840627,0.6694970607446113,0.25,2180,37,0.016972477064220184,3009,999,0.3320039880358923,5721,1551,0.2711064499213424,1494,97,0.06492637215528782,42.53973485523656,0.35773754119873047,1024.0,485.00697429999127,0
4,0.0009990133642141358,1.7847011895148785,0.34824282152505665,0.6596104315349034,0.388423969180553,459.04350649350647,1.3178521213593422,1.8007406170169513,0.3711860031665613,0.656099080418547,0.3867277630294363,522.859375,0.33317768573760986,0.052680015563964844,0.11716537580505246,0.5421352642119859,0.28369880683650434,0.3724794919290818,0.3948593735694885,0.2144775390625,0.22886316337148804,3519,2972,8885,0.7002959251403809,4.239712606139778,0.3278902677988243,0.4853037230568256,0.25,2180,56,0.025688073394495414,3009,987,0.32801595214356927,5721,2123,0.37108897045970984,1494,353,0.2362784471218206,42.2747722282078,0.35793590545654297,1024.0,497.3044954999932,0
5,0.000998458666866564,1.736175733340251,0.33422986339632565,0.6564035020091317,0.3727711841851086,458.925974025974,1.2865844818678769,1.761961807186405,0.3478935769914339,0.652971318612496,0.3805484566837549,522.859375,0.3780074119567871,0.07839959859848022,0.14209870045742717,0.7204643751422718,0.25515962592712027,0.37685300946597605,0.43854254484176636,0.193359375,0.23217429577464788,3165,1228,9239,0.7161688208580017,2.869366427171783,0.31743958197256694,0.44546048334421945,0.25,2180,33,0.015137614678899083,3009,900,0.29910269192422734,5721,1746,0.3051914001048768,1494,486,0.3253012048192771,42.21123831584167,0.3570747375488281,1024.0,495.3158728000126,0
6,0.00099778098230154,1.6960529855319433,0.32178569598631424,0.6542731662849327,0.35999706110783986,459.05324675324675,1.2437298684538185,1.7255931682884693,0.3407341808391114,0.650832345088323,0.3670133232759933,522.859375,0.3986160457134247,0.09454336017370224,0.15646963693652652,0.7049639711769415,0.2839406643018381,0.4048275862068966,0.46254071593284607,0.19921875,0.25378296584522264,3522,1474,8882,0.7275394201278687,3.263226649248857,0.2873938602220771,0.41737426518615284,0.25,2180,34,0.015596330275229359,3009,908,0.30176138251910933,5721,2101,0.36724348890054187,1494,479,0.32061579651941097,41.78555237614451,0.3592853546142578,1024.0,496.17161379999015,0
7,0.0009969804777275899,1.664080960177756,0.31185386780794566,0.6522984343689757,0.34996432952292555,458.8467532467532,1.2006416077350641,1.6976843271404505,0.33176629183193046,0.6488692282388607,0.35852440415571135,522.859375,0.4350687563419342,0.11510823667049408,0.17336019750800916,0.7884796978281398,0.2692679780715898,0.4014423076923077,0.49322572350502014,0.1844482421875,0.2511278195488722,3340,896,9064,0.7430696487426758,2.766819072501633,0.2808621815806662,0.387328543435663,0.25,2180,27,0.012385321100917432,3009,665,0.22100365569956795,5721,2074,0.3625240342597448,1494,574,0.38420348058902276,41.63415352776952,0.3574833869934082,1024.0,500.1241457000142,0
8,0.000996057350657239,1.638550359320331,0.30440552241422913,0.6510317691734859,0.34155653348410286,459.05064935064934,1.1827030118796733,1.6628233809024096,0.31948648400915164,0.647721684537828,0.3478076052851975,522.859375,0.4575093388557434,0.12683774530887604,0.18934917204314844,0.7716746411483254,0.32505643340857787,0.4574281014237903,0.5106601715087891,0.199462890625,0.2965360005883651,4032,1193,8372,0.7422704696655273,3.4128020901371654,0.16851730894839975,0.2775963422599608,0.25,2180,38,0.01743119266055046,3009,819,0.27218344965104685,5721,2392,0.41810872225135465,1494,783,0.5240963855421686,41.782663800540895,0.3579521179199219,1024.0,500.48314070000197,0
9,0.0009950118288582787,1.6157035621729765,0.2969579797963817,0.6496157830798781,0.33456489965319636,458.9974025974026,1.143767688529832,1.6649666478236516,0.3270484908328702,0.6478609936311841,0.3450285792350769,522.859375,0.44516152143478394,0.12397069483995438,0.18738480461761356,0.6501875669882101,0.3912447597549178,0.4885242601167707,0.4963228404521942,0.2340087890625,0.3232101232101232,4853,2611,7551,0.7372822165489197,4.875244937949053,0.08425865447419988,0.1946440235140431,0.25,2180,31,0.014220183486238533,3009,945,0.3140578265204387,5721,2951,0.5158189127774865,1494,926,0.6198125836680054,41.49874835958908,0.3578929901123047,1024.0,501.3005591999972,0
10,0.0009938441702975688,1.5985854685306549,0.29293918458672313,0.6486056911867935,0.328520297094599,459.0779220779221,1.1352059666212504,1.6634757444262505,0.3306618506709735,0.646860777400434,0.342976558720693,522.859375,0.4687477648258209,0.15063253045082092,0.2065948614384979,0.8755935422602089,0.22299258303772976,0.3554584591659705,0.5156331062316895,0.169921875,0.21614440884582323,2766,393,9638,0.7732748985290527,2.063357282821685,0.40496407576747223,0.46701502286087526,0.25,2180,14,0.006422018348623854,3009,577,0.19175805915586575,5721,1793,0.3134067470721902,1494,382,0.2556894243641232,41.594208188317815,0.35771703720092773,1024.0,499.41213329997845,0
11,0.000992554663077387,1.5822161317645729,0.2877253564824532,0.6476293542942444,0.3234307090667161,459.1162337662338,1.1218618322889526,1.648095278069377,0.3130831166636199,0.6471577975898981,0.34392718070497114,522.859375,0.48390504717826843,0.14841026067733765,0.20738939312286675,0.7474032105760151,0.3828603676233473,0.5063439599104382,0.5305501222610474,0.212158203125,0.3389963594831894,4749,1605,7655,0.7447905540466309,4.15022860875245,0.09144350097975179,0.1992161985630307,0.25,2180,43,0.019724770642201836,3009,1072,0.35626453971419075,5721,2656,0.4642545009613704,1494,978,0.6546184738955824,41.3411796946459,0.3566575050354004,1024.0,495.3070796999964,0
12,0.0009911436253643444,1.5657641216531977,0.2830696666976074,0.6466771008906427,0.31800867669381105,459.02467532467534,1.0951116594788317,1.648092195391655,0.3267476128724714,0.6454559067885081,0.33794433747728664,522.859375,0.47811639308929443,0.1495121270418167,0.20724021897185593,0.8574784651527017,0.26483392454047083,0.40468124422543894,0.5231561660766602,0.1728515625,0.2536679536679537,3285,546,9119,0.7629139423370361,2.5022860875244937,0.3396472893533638,0.40039190071848463,0.25,2180,20,0.009174311926605505,3009,595,0.1977401129943503,5721,2091,0.3654955427372837,1494,579,0.38755020080321284,41.78761478562377,0.3579235076904297,1024.0,503.51570479999646,0
13,0.0009896114053108828,1.5544203293787968,0.2805417660188365,0.646044803594614,0.3139168792634041,458.98571428571427,1.0987439594872586,1.63213148030142,0.3139387956665208,0.6449174725761017,0.33663761088003713,522.859375,0.48993727564811707,0.1638699173927307,0.2186925707384944,0.7911646586345381,0.3494034182521767,0.4847332513141706,0.5359082221984863,0.19970703125,0.3198996161795099,4334,1144,8070,0.7597681283950806,3.5780535597648595,0.1698236446766819,0.25930764206401047,0.25,2180,37,0.016972477064220184,3009,859,0.28547690262545694,5721,2620,0.45796189477364097,1494,818,0.5475234270414994,41.205244093299825,0.3571043014526367,2048.0,496.16341169999214,0
14,0.0009879583809693736,1.5416955407563742,0.2752737492226161,0.6450888446786187,0.3106664728808713,459.0876623376623,1.0598057950858946,1.6215597782284021,0.31275434722192585,0.6448075175285339,0.3319989579419295,522.859375,0.5000839233398438,0.17431773245334625,0.22642184318974615,0.7997143877186719,0.3611738148984199,0.4976119071420638,0.5445995926856995,0.19775390625,0.3312139583025285,4480,1122,7924,0.7632460594177246,3.659046374918354,0.1417374265186153,0.23775310254735468,0.25,2180,45,0.020642201834862386,3009,1036,0.34430043203722166,5721,2484,0.43418982695332986,1494,915,0.6124497991967871,41.09509688569027,0.35732555389404297,2048.0,502.77414580000914,0
15,0.0009861849601988382,1.5314834093118643,0.27310036174082136,0.6445645994567252,0.30690922394588394,459.1051948051948,1.0553270570643536,1.6282292306423187,0.31155005012017983,0.6453555319458246,0.33566182223148644,522.859375,0.4885399341583252,0.17087514698505402,0.22116700569604292,0.774481772694782,0.3494034182521767,0.4815555555555555,0.5323566198348999,0.2003173828125,0.31713742133762624,4334,1262,8070,0.7652102112770081,3.6551273677335074,0.16002612671456565,0.24232527759634226,0.25,2180,46,0.02110091743119266,3009,882,0.2931206380857428,5721,2520,0.4404824331410593,1494,886,0.5930388219544847,41.22566302394461,0.3577103614807129,2048.0,497.5004129000008,0
16,0.0009842915805643154,1.5231052405648418,0.2704504550567695,0.6441007626908166,0.30427701155860704,458.87987012987014,1.043274292407872,1.6207427562524874,0.3079144668299705,0.6444317003091177,0.3341982976999134,522.859375,0.496800035238266,0.17364728450775146,0.22381735585513524,0.7876556198492022,0.3621412447597549,0.49616170541779414,0.5372815728187561,0.1981201171875,0.3299302240176276,4492,1211,7912,0.7620148062705994,3.7250163291966034,0.11822338340953625,0.1992161985630307,0.25,2180,39,0.017889908256880735,3009,845,0.28082419408441345,5721,2623,0.4584862786226184,1494,985,0.6593038821954484,41.414716344897506,0.3566470146179199,2048.0,497.5957955000049,0
17,0.000982278709228899,1.513405744208918,0.2678794368811242,0.6432912786285598,0.30111751425769423,459.07987012987013,1.0323875940465308,1.6405531391501427,0.3151240675554921,0.6462559532374144,0.33958655611301464,522.859375,0.4702363610267639,0.157078355550766,0.20724894251907244,0.6735408560311285,0.41865527249274426,0.5163567664313413,0.5217750668525696,0.227294921875,0.3480329736612828,5193,2517,7211,0.7509872913360596,5.035924232527759,0.06270411495754409,0.15480078380143697,0.25,2180,62,0.028440366972477066,3009,1028,0.34164174144233966,5721,3011,0.5263065897570355,1494,1092,0.7309236947791165,41.22777978378256,0.35712289810180664,2048.0,491.1645123999915,0
18,0.0009801468428384714,1.504146495345351,0.2642153006482434,0.6429802609341485,0.2984754669879164,459.0376623376623,1.0154412991814799,1.6015470456331968,0.3045605745476981,0.644190326333046,0.32639807160012424,522.859375,0.5269514322280884,0.1945638358592987,0.24328168948995882,0.7533840947546532,0.43074814575943243,0.5481124333196554,0.5649899840354919,0.2158203125,0.3775171341764997,5343,1749,7061,0.7622856497764587,4.6322664924885695,0.08948399738732854,0.16917047681254083,0.25,2180,108,0.04954128440366973,3009,1159,0.38517779993353274,5721,3012,0.5264813843733613,1494,1064,0.7121820615796519,41.28642571931549,0.3592853546142578,2048.0,505.8743011999759,0
19,0.0009778965073991648,1.4957222165999475,0.26246434973625393,0.6424983267273222,0.295379769376346,459.04350649350647,1.014897546404368,1.6162119588504236,0.30644599519049126,0.6453000120818615,0.3322329760994762,522.859375,0.5125563740730286,0.19359801709651947,0.23827870454697403,0.7733190381375402,0.40704611415672365,0.5333544604658532,0.5551635026931763,0.210693359375,0.3636560069144339,5049,1480,7355,0.7640347480773926,4.264532984977139,0.09079033311561072,0.1743958197256695,0.25,2180,89,0.0408256880733945,3009,1123,0.37321369225656364,5721,2759,0.48225834644292953,1494,1078,0.7215528781793842,41.5625136732215,0.35689592361450195,2048.0,493.97965540000587,0
20,0.0009755282581475766,1.4880965630729477,0.25943793816032346,0.6420634219785789,0.29329760122995874,459.0779220779221,1.0042772495127343,1.6045716603597004,0.31024187120298546,0.6442228288700184,0.3250534786687543,522.859375,0.4895508587360382,0.17552801966667175,0.22335515102604403,0.7574150787075393,0.36851015801354403,0.49579695211237057,0.5388414859771729,0.1976318359375,0.32960773002595906,4571,1464,7833,0.7643383145332336,3.9418680600914433,0.11299804049640758,0.1868060091443501,0.25,2180,48,0.022018348623853212,3009,785,0.26088401462279825,5721,2758,0.48208355182660373,1494,980,0.6559571619812584,41.17674755441767,0.3579564094543457,2048.0,502.1633915999846,0
21,0.0009730426794137723,1.4786594498467136,0.2561222280242613,0.6414640777683878,0.2905365725035791,459.0876623376623,0.9916270896792412,1.6050055660307407,0.3055601161128531,0.6440439323584238,0.3277007593618085,522.859375,0.5052965879440308,0.1794968843460083,0.22977688557002693,0.7408163265306122,0.40970654627539504,0.5276162790697674,0.54990154504776,0.2119140625,0.3583415597235933,5082,1778,7322,0.7607532143592834,4.480731548007838,0.09601567602873938,0.1743958197256695,0.25,2180,62,0.028440366972477066,3009,983,0.32668660684612827,5721,2947,0.5151197343121832,1494,1090,0.7295850066934404,41.91989533528259,0.35793209075927734,2048.0,500.83301770000253,0
22,0.0009704403844771124,1.4722715474568404,0.25469052040247947,0.641242581334981,0.28816922347653995,458.99415584415584,0.985426328689247,1.6072025181104739,0.3108292003162205,0.6441000134994587,0.32613665284588933,522.859375,0.5117179751396179,0.19244597852230072,0.23886935482732952,0.8091330717088834,0.3656884875846501,0.5037201554691838,0.552655816078186,0.1881103515625,0.3366483598040671,4536,1070,7868,0.7717365026473999,3.6616590463749183,0.12279555845852384,0.20052253429131286,0.25,2180,71,0.03256880733944954,3009,871,0.28946493851778,5721,2576,0.450270931655305,1494,1018,0.6813922356091031,41.13578420001791,0.3576955795288086,2048.0,501.3070042000036,0
23,0.0009677220154149334,1.4682799719370805,0.2538956975975594,0.6407278288494457,0.28682822380940637,459.0090909090909,0.984524870015584,1.610750847806533,0.31175950115236145,0.643459813358883,0.32776576885953546,522.859375,0.5073822140693665,0.1862773299217224,0.2340165282454109,0.7729764592067075,0.3864882296033538,0.5153176394711384,0.5504974126815796,0.1978759765625,0.3470894874022589,4794,1408,7610,0.7685177326202393,4.050947093403004,0.10189418680600915,0.17896799477465708,0.25,2180,55,0.02522935779816514,3009,905,0.3007643735460286,5721,2763,0.48295752490823285,1494,1071,0.7168674698795181,40.87573398564072,0.3575305938720703,2048.0,506.75583520001965,0
24,0.0009648882429441253,1.4621181717940739,0.25192319036207417,0.6404514938205867,0.28487174400648513,459.0603896103896,0.9723941763113071,1.6021417795370023,0.30900757387280464,0.6446542482202252,0.32423997740261257,522.859375,0.5226562023162842,0.1968204230070114,0.24361496806377544,0.8150526128054217,0.36842953885843277,0.5074676586530453,0.5639009475708008,0.1866455078125,0.34000446395357486,4570,1037,7834,0.7710602283477783,3.6623122142390594,0.1456564337034618,0.22338340953625083,0.25,2180,74,0.03394495412844037,3009,927,0.30807577268195413,5721,2632,0.46005943016955075,1494,937,0.6271753681392236,41.267315204236674,0.35750484466552734,2048.0,501.79377220000606,0
25,0.000961939766255643,1.457101648039632,0.2500344622589938,0.6400945910385677,0.28348629850071744,459.10844155844154,0.9639413318850777,1.619557127977411,0.3143609073789169,0.6434830694148937,0.3308565756306052,522.859375,0.5092228651046753,0.18352103233337402,0.23268706760718488,0.7851912123677787,0.38898742341180265,0.5202436789045232,0.5564144849777222,0.197998046875,0.351573885164675,4825,1320,7579,0.7655954360961914,4.013716525146963,0.11103853690398433,0.19399085564990204,0.25,2180,118,0.05412844036697248,3009,1032,0.34297108673978066,5721,2630,0.45970984093689915,1494,1045,0.6994645247657296,41.09201990198945,0.3577122688293457,2048.0,502.0537531999871,0
26,0.0009588773128419901,1.4503947163557078,0.2486401907809369,0.6396838191267732,0.2810353537755353,459.05974025974024,0.9491653724537268,1.5979405182103317,0.3057896723039448,0.642951735916237,0.3245995541413625,522.859375,0.5114641189575195,0.18393467366695404,0.23462253012694417,0.7758620689655172,0.39180909384069657,0.5206770944932505,0.5536479353904724,0.203125,0.3519698725376593,4860,1404,7544,0.7647515535354614,4.091443500979752,0.09340300457217506,0.17178314826910515,0.25,2180,71,0.03256880733944954,3009,894,0.2971086739780658,5721,2845,0.4972906834469498,1494,1050,0.7028112449799196,41.33294559215387,0.3592853546142578,4096.0,499.70377610001015,0
27,0.0009557016383177221,1.4443761570113045,0.24654951421664906,0.6393960487145882,0.2792152970545478,459.0357142857143,0.9484562793335357,1.5974080214897792,0.3048198445079227,0.6429477122922739,0.32482023412982625,522.859375,0.5047445297241211,0.18376854062080383,0.23245585595723242,0.7381228273464658,0.4108352144469526,0.5278640977833022,0.5489597916603088,0.214111328125,0.3585702223473121,5096,1808,7308,0.7650787234306335,4.509470934030046,0.07772697583278902,0.16067929457870672,0.25,2180,69,0.03165137614678899,3009,868,0.28846792954469924,5721,3057,0.534347142108023,1494,1102,0.7376171352074966,41.43193397245427,0.35730934143066406,4096.0,497.79921890000696,0
28,0.0009524135262330093,1.4406976154872349,0.24581332533777533,0.6389631274845693,0.2779605815936993,459.12987012987014,0.9513783681508783,1.6016480245937903,0.30946082699423033,0.6439882727960745,0.3240994623241325,522.859375,0.5021639466285706,0.1800251603126526,0.22745573973516003,0.7331730769230769,0.3934214769429216,0.5120671563483735,0.546505868434906,0.205322265625,0.3441466854724965,4880,1776,7524,0.764565110206604,4.347485303723057,0.07838014369693011,0.16329196603527107,0.25,2180,60,0.027522935779816515,3009,858,0.2851445663010967,5721,2876,0.5027093165530502,1494,1086,0.7269076305220884,41.4001390064248,0.3568744659423828,4096.0,502.32942520000506,0
29,0.0009490137878803073,1.4354797621051987,0.24374619105032513,0.6389536705497023,0.27638995046545933,459.06233766233765,0.9380992489588725,1.611672455444932,0.31377023993991315,0.6438364501421651,0.327032882720232,522.859375,0.4815228283405304,0.1678667962551117,0.21678769669961184,0.7305389221556886,0.37375040309577556,0.4945066666666667,0.5319441556930542,0.1968994140625,0.3284681876151339,4636,1710,7768,0.7623962759971619,4.14500326583932,0.07968647942521227,0.1659046374918354,0.25,2180,59,0.02706422018348624,3009,755,0.2509139248919907,5721,2752,0.48103478412864886,1494,1070,0.7161981258366801,41.349791922356395,0.3576979637145996,4096.0,498.4587554000027,0
30,0.0009455032620941834,1.4318066504868594,0.24301253037599774,0.6385955706819312,0.2750992750869943,459.0863636363636,0.9373268832246978,1.619137082869808,0.3150091238009433,0.64344255036364,0.33034270349889994,522.859375,0.5176985859870911,0.18019521236419678,0.2322452597290976,0.8054684778822709,0.37286359238955175,0.509754215805136,0.56532883644104,0.1949462890625,0.34206049848383996,4625,1117,7779,0.7630821466445923,3.750489875898106,0.14826910516002612,0.2240365774003919,0.25,2180,84,0.03853211009174312,3009,937,0.3113991359255567,5721,2696,0.47124628561440307,1494,908,0.607764390896921,41.60381773324285,0.35664796829223633,4096.0,499.6289558999997,0
31,0.0009418828150443463,1.42524645878123,0.239884935972559,0.6383143962590725,0.27352356362071906,459.0675324675325,0.9294702645826649,1.6036523766815662,0.31180953381893534,0.6435097260400653,0.32416656023512286,522.859375,0.4971301853656769,0.1768103688955307,0.22685462279478089,0.679050313691721,0.4450177362141245,0.5376710660887352,0.5469955801963806,0.224609375,0.3676813428362086,5520,2609,6884,0.7583188414573669,5.309601567602874,0.052906596995427824,0.13912475506205094,0.25,2180,87,0.03990825688073395,3009,1114,0.37022266533732134,5721,3217,0.5623142807201538,1494,1102,0.7376171352074966,41.6006827940813,0.3577408790588379,4096.0,502.5397498999955,0
32,0.0009381533400219311,1.4195504041461202,0.23930274686933337,0.6378774806276545,0.27118508847696443,459.037012987013,0.9235843918346739,1.6168182933082182,0.3200110092293471,0.6438618982210755,0.3264726938990255,522.859375,0.47931626439094543,0.16264916956424713,0.21198084677162116,0.6342597844583097,0.45074169622702354,0.526980536311796,0.5315283536911011,0.2344970703125,0.3577553109802918,5591,3224,6813,0.7539747357368469,5.7576747224036575,0.036577400391900716,0.12148922273024167,0.25,2180,87,0.03990825688073395,3009,999,0.3320039880358923,5721,3350,0.5855619646914875,1494,1155,0.7730923694779116,41.668803015694635,0.357938289642334,4096.0,499.1311224999954,0
33,0.0009343157572190951,1.4152295609573264,0.23779375157379484,0.637625877191494,0.26990496715554946,458.9077922077922,0.9246614029268165,1.6068799992402394,0.3128260340696822,0.6429652652392784,0.3255443504701058,522.859375,0.4991706609725952,0.17987194657325745,0.22671509412757587,0.7156245628759267,0.4124475975491777,0.523295657955301,0.540876030921936,0.2076416015625,0.354367250813881,5116,2033,7288,0.7626152038574219,4.669497060744612,0.07772697583278902,0.16263879817112997,0.25,2180,73,0.033486238532110094,3009,949,0.3153871718178797,5721,3051,0.5332983744100682,1494,1043,0.6981258366800536,41.29554906015365,0.3570976257324219,4096.0,512.23835900001,0
34,0.0009303710135019713,1.4132280997641675,0.23660620200846877,0.6375775226524898,0.2695221865235211,459.0785714285714,0.914145517697582,1.621110292772452,0.3122385183038811,0.6440560988460978,0.3324078342411667,522.859375,0.5045884847640991,0.17880447208881378,0.22936274926178157,0.7598560700876095,0.3915672363753628,0.5168120876782295,0.5495639443397522,0.2095947265625,0.34844680393141547,4857,1535,7547,0.7626720666885376,4.17504898758981,0.11365120836054866,0.1959503592423253,0.25,2180,60,0.027522935779816515,3009,923,0.30674642738451313,5721,2881,0.5035832896346792,1494,993,0.6646586345381527,41.414127942003084,0.3562130928039551,4096.0,507.2964608000184,0
35,0.0009263200821770456,1.408605522536612,0.23499910510689406,0.6372209518373787,0.26819273239219343,459.074025974026,0.9104661616412076,1.6102930381894112,0.315789754036814,0.6433488617961606,0.3255772105573366,522.859375,0.4922432601451874,0.18017266690731049,0.2258649168536067,0.7154817652901944,0.4064817800709449,0.5184309290010797,0.5395251512527466,0.2138671875,0.3499201887709071,5042,2005,7362,0.766660749912262,4.602873938602221,0.07642064010450686,0.16002612671456565,0.25,2180,61,0.02798165137614679,3009,894,0.2971086739780658,5721,3005,0.5252578220590806,1494,1082,0.7242302543507363,41.18475112697054,0.3575129508972168,4096.0,505.2601147000096,0
36,0.000922163962751007,1.404596593627682,0.2340513482641477,0.6370359444385999,0.26675464937632737,459.124025974026,0.9092867570844564,1.6171548838416736,0.322047747982045,0.6428985754027963,0.3261042820910613,522.859375,0.4744330644607544,0.16154974699020386,0.21336428788490594,0.6359770114942529,0.4460657852305708,0.524355572403336,0.529644250869751,0.2381591796875,0.3553400552308779,5533,3167,6871,0.7569701671600342,5.682560418027433,0.05878510777269758,0.14435009797517961,0.25,2180,83,0.038073394495412846,3009,1072,0.35626453971419075,5721,3312,0.5789197692711064,1494,1066,0.713520749665328,41.09545278271209,0.3579540252685547,4096.0,502.95026539999526,0
37,0.0009179036806841347,1.4011987546047606,0.23340236080157292,0.6368020841440597,0.2654971545683099,459.1149350649351,0.9143514548996826,1.625864948456486,0.31665823608636856,0.6435421515877048,0.33283228108969826,522.859375,0.4914454221725464,0.1690133512020111,0.21982614485605154,0.6617823684842662,0.44421154466301194,0.5315967197298601,0.5369822382926941,0.23681640625,0.3620236530880421,5510,2816,6894,0.7523671388626099,5.438275636838667,0.049640757674722404,0.13716525146962769,0.25,2180,53,0.02431192660550459,3009,1037,0.3446327683615819,5721,3317,0.5797937423527355,1494,1103,0.7382864792503346,40.703215897731255,0.35706090927124023,4096.0,506.9422348999942,0
38,0.0009135402871372803,1.396638588704072,0.2329692217968888,0.636280032256981,0.26369466744847114,459.0207792207792,0.9094225460639248,1.6294539986799161,0.32285208837129176,0.6436815190439423,0.33146019590397674,522.859375,0.45871296525001526,0.1539272516965866,0.20278075325477402,0.6533228676085819,0.4026120606256046,0.4982043096568236,0.5083543658256531,0.218994140625,0.33173907267171515,4994,2650,7410,0.7553131580352783,4.9928151534944485,0.07119529719137818,0.16329196603527107,0.25,2180,46,0.02110091743119266,3009,824,0.2738451312728481,5721,3055,0.5339975528753714,1494,1069,0.715528781793842,41.3204199270258,0.3577613830566406,4096.0,502.78212540000095,0
39,0.0009090748587125112,1.3947592630788876,0.2318094231381819,0.6362994574107133,0.26332519106663665,458.85974025974025,0.9084082706021024,1.624088052039345,0.32576636302595335,0.6437434911107024,0.3272891000378877,522.859375,0.4723666310310364,0.15547111630439758,0.2086263241857523,0.6464015379070047,0.4337310544985489,0.5191296376706711,0.5249208211898804,0.2275390625,0.3505571121391803,5380,2943,7024,0.7543259263038635,5.436316133246244,0.05355976485956891,0.14239059438275636,0.25,2180,43,0.019724770642201836,3009,1007,0.33466267863077437,5721,3263,0.5703548330711414,1494,1067,0.714190093708166,41.41195407804425,0.3579525947570801,8192.0,509.66601270000683,0
40,0.0009045084971874732,1.3895270051120163,0.2297965757161766,0.6360243615004924,0.26185303455242864,458.98896103896107,0.8978162018896697,1.6366274176786344,0.325409292941913,0.6440573458870252,0.33358038946365315,522.859375,0.4880012571811676,0.16376058757305145,0.2164280677505303,0.653737658674189,0.4484037407287972,0.5319433817903595,0.5372325778007507,0.2335205078125,0.3623452768729642,5562,2946,6842,0.7505348920822144,5.557152188112345,0.0581319399085565,0.14696276943174397,0.25,2180,96,0.044036697247706424,3009,1176,0.39082751744765704,5721,3228,0.5642370214997378,1494,1062,0.7108433734939759,41.39801181307883,0.3579530715942383,8192.0,512.6556052999804,0
41,0.0008998423292435448,1.3876512809233232,0.2285442936343032,0.6360313009906124,0.26153784242349787,459.08246753246755,0.8948570601932414,1.63141703295211,0.3182394188673546,0.6448394743104776,0.3341690718661994,522.859375,0.4940863847732544,0.16243094205856323,0.217949273432896,0.6962425840474621,0.4257497581425347,0.528390614838161,0.5398145914077759,0.2225341796875,0.35905629589339133,5281,2304,7123,0.7512906193733215,4.954278249510124,0.06335728282168518,0.14696276943174397,0.25,2180,71,0.03256880733944954,3009,1042,0.34629444998338316,5721,3121,0.5455339975528753,1494,1047,0.7008032128514057,41.49344155225121,0.3592853546142578,8192.0,510.4600596000091,0
42,0.0008950775061878447,1.3849492429138779,0.2288643270827733,0.6357010703582269,0.26019192214136,458.97532467532466,0.8936552035344112,1.6183318098386128,0.3171840194457521,0.6431266292929649,0.3290105826066186,522.859375,0.5069568753242493,0.17583231627941132,0.22825641329982319,0.667093172036757,0.4623508545630442,0.5461644683586496,0.5514870882034302,0.227294921875,0.37567142669985587,5735,2862,6669,0.7548626065254211,5.615284128020901,0.051600261267145654,0.1417374265186153,0.25,2180,82,0.03761467889908257,3009,1155,0.38384845463609174,5721,3405,0.5951756685894074,1494,1093,0.7315930388219545,41.05809629059011,0.35751771926879883,8192.0,512.9866520999931,0
43,0.0008902152036691643,1.3816775719840806,0.22746812374657624,0.6355197894882846,0.2593448292996202,459.11233766233767,0.8905814772883018,1.6289590696493785,0.3220578438291947,0.6452133714531859,0.3308439271058887,522.859375,0.4969789981842041,0.17030134797096252,0.2232897425768897,0.7170045510964005,0.4191389874234118,0.5290256932078351,0.5436981916427612,0.2174072265625,0.3596430547869397,5199,2052,7205,0.7571060657501221,4.736120182887002,0.0829523187459177,0.17178314826910515,0.25,2180,58,0.026605504587155965,3009,1000,0.33233632436025257,5721,3116,0.5446600244712463,1494,1025,0.6860776439089692,41.322816518462574,0.3570833206176758,8192.0,511.50566029999754,0
44,0.000885256621387894,1.3781272265818212,0.2258830023711765,0.635559461217422,0.25834238059915504,459.0883116883117,0.8916465829138632,1.620505907262365,0.3172380814018349,0.6445046647762259,0.32938157852428657,522.859375,0.5075780749320984,0.17386217415332794,0.22833493173238822,0.7169888934594817,0.42155756207674944,0.5309437985480021,0.5494505763053894,0.2176513671875,0.3614183024606027,5229,2064,7175,0.7578457593917847,4.763553233180928,0.0829523187459177,0.15284128020901372,0.25,2180,67,0.030733944954128442,3009,1030,0.34230641409106016,5721,3063,0.535395909805978,1494,1069,0.715528781793842,41.01053754712471,0.3592853546142578,8192.0,515.9991937000013,0
45,0.0008802029828000149,1.3742480086815823,0.2254582436053784,0.6351040945037619,0.25684283541201,459.04350649350647,0.8847535555045326,1.6335808833440144,0.325925734359771,0.6452579346174995,0.33119860811469454,522.859375,0.5022607445716858,0.16688425838947296,0.223105281489552,0.6536525338404743,0.4710577233150597,0.5475331490418404,0.5484063029289246,0.243896484375,0.3769677419354839,5843,3096,6561,0.7500969171524048,5.838667537557153,0.051600261267145654,0.1338994121489223,0.25,2180,76,0.03486238532110092,3009,1270,0.42206713193752077,5721,3406,0.5953504632057333,1494,1091,0.7302543507362784,41.353816850521476,0.35729503631591797,8192.0,511.6368012999883,0
46,0.0008750555348152292,1.3697989402653334,0.22277553204882455,0.6349864375668687,0.25601848497406227,459.0961038961039,0.8804024452512914,1.6407833565026522,0.3197049234683315,0.6460438709085187,0.33751727842415374,522.859375,0.49450844526290894,0.16559156775474548,0.21901233404350934,0.7403595022276848,0.38850370848113513,0.5095965737852272,0.5402641892433167,0.2037353515625,0.34191854689938983,4819,1690,7585,0.7569177150726318,4.251469627694317,0.0999346832135859,0.18419333768778576,0.25,2180,44,0.02018348623853211,3009,899,0.2987703555998671,5721,2856,0.4992134242265338,1494,1020,0.6827309236947792,41.436321936123925,0.3566622734069824,8192.0,513.9887935000006,0
47,0.0008698155474893041,1.368418540892663,0.22332855802174512,0.6348870680316702,0.25510145726722555,459.0038961038961,0.8791721907141921,1.6516940829654534,0.3287892871691535,0.6449526228631536,0.3389760915500422,522.859375,0.4739547669887543,0.1479445993900299,0.20579562581988284,0.6704915895162342,0.4145436955820703,0.5123299955163653,0.5227334499359131,0.2236328125,0.3443841671689773,5142,2527,7262,0.748953640460968,5.0091443500979755,0.06727629000653168,0.15871979098628347,0.25,2180,43,0.019724770642201836,3009,949,0.3153871718178797,5721,3112,0.543960846005943,1494,1038,0.6947791164658634,41.60333067149474,0.3570537567138672,8192.0,509.0590344000084,0
48,0.0008644843137107051,1.36420112275458,0.222112267299906,0.6345177521566292,0.25378555139744435,459.0097402597403,0.881914618030771,1.6536115240305662,0.33059795550070703,0.6446570685754219,0.33917825009363395,522.859375,0.4786733090877533,0.154656782746315,0.2097946487032459,0.7182120205376019,0.38342470170912607,0.4999474403447913,0.5288974046707153,0.2003173828125,0.3332866152768045,4756,1866,7648,0.7535391449928284,4.32527759634226,0.07446113651208361,0.1737426518615284,0.25,2180,18,0.008256880733944955,3009,838,0.27849783981389165,5721,2877,0.502884111169376,1494,1023,0.6847389558232931,41.03191007457694,0.3566575050354004,8192.0,521.9312434999738,0
49,0.0008590631488815939,1.3623383800704758,0.22134366368318534,0.6344160682582236,0.25328932274858673,459.0681818181818,0.8771040429929634,1.640163045997421,0.3190792384557426,0.6447393114989003,0.33817224802138907,522.859375,0.4824239909648895,0.16143091022968292,0.21351553965359926,0.6797343058088043,0.4207513705256369,0.5197689473160043,0.5325040817260742,0.2232666015625,0.35114041579761823,5219,2459,7185,0.752417802810669,5.015022860875245,0.062050947093403,0.15218811234487264,0.25,2180,44,0.02018348623853211,3009,943,0.3133931538717182,5721,3189,0.557420031463031,1494,1043,0.6981258366800536,41.0423250495909,0.3574986457824707,8192.0,515.1785990000062,0
50,0.0008535533905932731,1.3603030859649956,0.22004902871785226,0.6343753308831871,0.2529393627175263,459.0487012987013,0.8801249113756341,1.6365959029644728,0.32275966143546003,0.6449795591955384,0.33442834081749123,522.859375,0.4810909628868103,0.15793204307556152,0.2112763047713088,0.6814066395486157,0.41865527249274426,0.5186516853932585,0.5314231514930725,0.2205810546875,0.35012135922330095,5193,2428,7211,0.7530391812324524,4.9777922926192035,0.06531678641410843,0.15480078380143697,0.25,2180,30,0.013761467889908258,3009,928,0.3084081090063144,5721,3209,0.5609159237895472,1494,1026,0.6867469879518072,41.17537615438643,0.35684871673583984,8192.0,512.6382379000133,0
51,0.0008479563982961564,1.3572442280781734,0.21962826610482358,0.6341062074357813,0.2517548772615272,459.0753246753247,0.8684643521324381,1.6543000880628824,0.3303745541876803,0.6466720768560966,0.33862672715137404,522.859375,0.47660982608795166,0.15199364721775055,0.20975252532516606,0.6802051005262447,0.4064011609158336,0.5088064597527125,0.5218191146850586,0.2220458984375,0.3412075267361581,5041,2370,7363,0.7529501914978027,4.840627041149576,0.07184846505551927,0.16459830176355322,0.25,2180,23,0.01055045871559633,3009,867,0.288135593220339,5721,3113,0.5441356406222688,1494,1038,0.6947791164658634,41.12855989986786,0.35750389099121094,8192.0,516.0497837999719,0
52,0.0008422735529643437,1.3531702583486385,0.2182138288175905,0.6339553402228789,0.25050054454764764,459.0168831168831,0.8785014360756069,1.6599424332380295,0.3322938901837915,0.6447030721853176,0.34147273531804484,522.859375,0.459989458322525,0.13309748470783234,0.19469809570873622,0.6490257699560025,0.41623669783940664,0.5071958347659512,0.5145253539085388,0.2216796875,0.33976046327981047,5163,2792,7241,0.74317467212677,5.1959503592423255,0.06074461136512083,0.14630960156760286,0.25,2180,21,0.00963302752293578,3009,873,0.2901296111665005,5721,3227,0.564062226883412,1494,1042,0.6974564926372155,41.26401760478623,0.3592853546142578,16384.0,511.65249779997976,0
53,0.000836506256754886,1.355017765853312,0.21931011104448275,0.6340168076676208,0.2508454228182892,459.0681818181818,0.8733532020410935,1.6492755307505529,0.3314969604058812,0.6453217299034198,0.33622841684458155,522.859375,0.47957220673561096,0.1535312384366989,0.2100929997774074,0.6618025751072961,0.4351015801354402,0.5250255362614913,0.5310261249542236,0.23583984375,0.3559556786703601,5397,2758,7007,0.7508676648139954,5.326583932070542,0.047028086218158065,0.1417374265186153,0.25,2180,26,0.011926605504587157,3009,1009,0.33532735127949487,5721,3290,0.5750742877119385,1494,1072,0.7175368139223561,41.3568554766227,0.35729312896728516,16384.0,511.0754002999747,0
54,0.0008306559326618253,1.3477658005503865,0.21667620849783545,0.633806706403757,0.2486414423817164,459.12012987012986,0.8738705963476912,1.6676214387019475,0.335248843068257,0.648341454875966,0.34201556832219165,522.859375,0.47510412335395813,0.15147347748279572,0.2065572320301726,0.6835084882780922,0.40898097387939375,0.5117522445273883,0.524229884147644,0.222412109375,0.3438622653019725,5073,2349,7331,0.7505402565002441,4.847811887655127,0.07119529719137818,0.16067929457870672,0.25,2180,30,0.013761467889908258,3009,939,0.3120638085742772,5721,3117,0.5448348190875721,1494,987,0.6606425702811245,41.491685995326755,0.3592853546142578,16384.0,519.3901258000114,0
55,0.0008247240241650912,1.3458449989170223,0.21555062078616835,0.6336720739479189,0.2483111516221777,459.1012987012987,0.8707928241847398,1.6771121056129534,0.3459393628872931,0.6467024879530072,0.34223512777437765,522.859375,0.45617571473121643,0.1311466246843338,0.19250752041116356,0.6060606060606061,0.43695582070299904,0.5077996908230665,0.5099941492080688,0.240478515625,0.3403026307528097,5420,3523,6984,0.7407465577125549,5.841280209013717,0.041149575440888306,0.14696276943174397,0.25,2180,44,0.02018348623853211,3009,1051,0.34928547690262546,5721,3348,0.5852123754588359,1494,977,0.6539491298527443,41.0731669596253,0.35773754119873047,16384.0,527.1640677000105,0
56,0.0008187119948743442,1.3450097086754713,0.21599908825735767,0.6334859863117144,0.24776231653311037,459.0642857142857,0.8761692791790158,1.6660240236669779,0.33134432462975383,0.6474562442551056,0.3436117274686694,522.859375,0.47808638215065,0.14922641217708588,0.20687986128032207,0.6793243420191174,0.418252176717188,0.5177386357966169,0.5325379967689514,0.2171630859375,0.34928970578334345,5188,2449,7216,0.7493810653686523,4.98824297844546,0.07315480078380143,0.16459830176355322,0.25,2180,39,0.017889908256880735,3009,1049,0.34862080425390496,5721,3163,0.5528753714385597,1494,937,0.6271753681392236,41.1927190327992,0.3568739891052246,16384.0,517.8096955000074,0
57,0.000812621328167852,1.3432892373629979,0.2157489786771211,0.6331342243141942,0.24720301757772248,459.09090909090907,0.8793123597835566,1.6663630828261375,0.3323163357563317,0.6470454108590881,0.3435006692695121,522.859375,0.4691786468029022,0.14263474941253662,0.20147160037886352,0.6847781003732891,0.3993066752660432,0.5044558741151907,0.5202743411064148,0.2216796875,0.33730591119585945,4953,2280,7451,0.7485398054122925,4.724363161332462,0.07511430437622468,0.16525146962769433,0.25,2180,25,0.011467889908256881,3009,866,0.28780325689597874,5721,3096,0.5411641321447299,1494,966,0.6465863453815262,41.389231496671016,0.35789966583251953,16384.0,511.55255049999687,0
58,0.0008064535268264877,1.3400246596181546,0.2139154194527632,0.6333163133689336,0.2463964624548113,459.01233766233764,0.8751975522412883,1.6675636786967516,0.3381522742565721,0.6493059508502483,0.3400527285411954,522.859375,0.4700794517993927,0.14542485773563385,0.20314854367170482,0.6738060396434747,0.4083360206385037,0.5085086090055719,0.5232040882110596,0.2200927734375,0.3409396876682822,5065,2452,7339,0.7489394545555115,4.90986283474853,0.07968647942521227,0.17962116263879818,0.25,2180,32,0.014678899082568808,3009,965,0.3207045530076437,5721,3113,0.5441356406222688,1494,955,0.6392235609103079,40.795989063369795,0.3575282096862793,16384.0,524.5635525999824,0
59,0.0008002101126629415,1.3379185908800595,0.21335313685431884,0.6330114769084113,0.2457769889239367,459.10974025974025,0.8706725901791028,1.659183457493782,0.33421339754325646,0.6480597437669834,0.33845515580226976,522.859375,0.46595683693885803,0.14308637380599976,0.20039206648507388,0.6598140631137881,0.4062399226056111,0.5028691183074697,0.5145213603973389,0.221923828125,0.33588854819357417,5039,2598,7365,0.749050498008728,4.98824297844546,0.0659699542782495,0.16263879817112997,0.25,2180,20,0.009174311926605505,3009,852,0.2831505483549352,5721,3114,0.5443104352385947,1494,1053,0.7048192771084337,41.34291678160136,0.3570747375488281,16384.0,511.6231656000018,0
60,0.000793892626146236,1.3368235741342818,0.21308090467151108,0.6328880600340955,0.24542730451597797,459.0448051948052,0.8666420848725678,1.6663888065765302,0.3316566434999307,0.6477472558617592,0.3434924535298099,522.859375,0.4861565828323364,0.14826473593711853,0.20958007868757705,0.7083449235048679,0.4105933569816188,0.5198530162294579,0.5374538898468018,0.2183837890625,0.3512171574374181,5093,2097,7311,0.7473441362380981,4.696276943174396,0.07968647942521227,0.1737426518615284,0.25,2180,23,0.01055045871559633,3009,1012,0.3363243602525756,5721,3101,0.542038105226359,1494,957,0.6405622489959839,41.58200608304821,0.35749244689941406,16384.0,513.3269165000238,0
61,0.0007875026260216388,1.3358257361820767,0.21227573573879607,0.6331241777965001,0.2452129113209712,459.0220779220779,0.8671441068316434,1.6658004776885111,0.33210152938651544,0.6482841235895952,0.34270741511136293,522.859375,0.4707835614681244,0.14461997151374817,0.20279442456085234,0.6842105263157895,0.40349887133182843,0.5076322328718494,0.523969292640686,0.221923828125,0.3401522359657469,5005,2310,7399,0.7505367398262024,4.777922926192032,0.0790333115610712,0.17700849118223383,0.25,2180,19,0.00871559633027523,3009,919,0.30541708208707213,5721,3093,0.5406397482957525,1494,974,0.6519410977242303,40.08450706735866,0.3575015068054199,16384.0,542.9546408999886,0
62,0.0007810416889260649,1.331489226183334,0.2116925202503607,0.6325603760682144,0.24361816461790692,459.05584415584417,0.8633177252558919,1.67441526055336,0.3385846149176359,0.6488478438307842,0.34349140191140276,522.859375,0.4496471583843231,0.1295568197965622,0.19045737198830465,0.6516959377932698,0.3918897129958078,0.4894527513467251,0.5054875016212463,0.220703125,0.3240234635381949,4861,2598,7543,0.7464931011199951,4.871979098628348,0.08621815806662313,0.18158066623122143,0.25,2180,16,0.007339449541284404,3009,783,0.26021934197407776,5721,3130,0.5471071490998077,1494,932,0.6238286479250335,40.76880799054052,0.3570699691772461,16384.0,519.236605299986,0
63,0.0007745114089990654,1.3283790774159616,0.20964862341907892,0.6326406523778841,0.24304490078772817,458.9409090909091,0.8709866236943703,1.6746506461252768,0.3373144682652007,0.6489018518477678,0.3442171602509916,522.859375,0.455056369304657,0.13070565462112427,0.1917729995402624,0.6554386899214485,0.3968881006127056,0.4944012051217675,0.5100138187408447,0.217041015625,0.3283751334044824,4923,2588,7481,0.7475847005844116,4.905943827563684,0.06401045068582625,0.16917047681254083,0.25,2180,21,0.00963302752293578,3009,832,0.27650382186773015,5721,3074,0.5373186505855619,1494,996,0.6666666666666666,41.13153104955908,0.35750865936279297,16384.0,515.5700993000064,0
64,0.0007679133974894978,1.3263779857716003,0.20986152212437872,0.6323660089598073,0.2420752277718736,459.07272727272726,0.871538859838015,1.691193305576841,0.3471647455977897,0.649790734363099,0.3471189118766536,522.859375,0.4587929844856262,0.12877494096755981,0.19253390213925742,0.6205806602669164,0.42736214124475974,0.506158693784016,0.5097147226333618,0.22998046875,0.338830297219559,5301,3241,7103,0.7409584522247314,5.579359895493142,0.045721750489875895,0.14826910516002612,0.25,2180,35,0.016055045871559634,3009,967,0.3213692256563642,5721,3297,0.5762978500262191,1494,1002,0.6706827309236948,41.53524971130604,0.35778236389160156,16384.0,514.5439390999964,0
65,0.0007612492823579739,1.3274868120233734,0.21056029280381544,0.6324199298372516,0.24225329529348905,459.09285714285716,0.8744505789953393,1.6956049414972465,0.34808966509687406,0.6503185508772731,0.34859836124815047,522.859375,0.45904314517974854,0.13456106185913086,0.1954650433814095,0.6295034079844206,0.41696227023540794,0.5016488845780795,0.5108017921447754,0.2288818359375,0.33480062143966854,5172,3044,7232,0.7442629933357239,5.366427171783148,0.06074461136512083,0.16459830176355322,0.25,2180,30,0.013761467889908258,3009,979,0.32535726154868727,5721,3199,0.5591679776262891,1494,964,0.6452476572958501,41.49454245589738,0.35794544219970703,32768.0,513.7675581999938,0
66,0.0007545207078751852,1.3211284818587365,0.20802562049069961,0.6322588383377372,0.24042201133130434,459.10844155844154,0.8630390741414838,1.69713488034904,0.34761286635572713,0.6510020686934391,0.34925997358125943,522.859375,0.45624497532844543,0.13438887894153595,0.193404296314111,0.646149884110224,0.4045469203482748,0.49757064947942486,0.5109665989875793,0.2227783203125,0.33117740232312565,5018,2748,7386,0.7443946599960327,5.072501632919661,0.08164598301763554,0.18941868060091444,0.25,2180,33,0.015137614678899083,3009,1000,0.33233632436025257,5721,3093,0.5406397482957525,1494,892,0.5970548862115127,41.525299790015694,0.35686206817626953,32768.0,514.8735196999914,0
67,0.0007477293342162034,1.3210237652450414,0.20768012094807314,0.6322373012830684,0.24055317223265574,459.09285714285716,0.8633029208748372,1.6993672046810389,0.3477020276089509,0.6502893455326557,0.3506879153040548,522.859375,0.45388761162757874,0.12880878150463104,0.19080131173686823,0.6168545994065282,0.4189777491131893,0.49901579528541934,0.5052641034126282,0.2239990234375,0.33245905834186285,5197,3228,7207,0.7406707406044006,5.502939255388635,0.054866100587851074,0.1541476159372959,0.25,2180,22,0.010091743119266056,3009,966,0.32103688933200397,5721,3218,0.5624890753364796,1494,991,0.6633199464524766,40.72971150154898,0.3579530715942383,32768.0,522.57662170002,0
68,0.0007408768370508571,1.3189880210857887,0.20721320180440103,0.6319984150784356,0.23988820152816834,459.0538961038961,0.8648681370468883,1.7004565006742876,0.34661481242316466,0.6535637701551119,0.3501389629673213,522.859375,0.4642244875431061,0.12805716693401337,0.19470218831847888,0.6279590154281003,0.4298613350532086,0.510361330461833,0.5169069766998291,0.2281494140625,0.34260746642678147,5332,3159,7072,0.7393547892570496,5.546048334421946,0.05747877204441541,0.15610711952971915,0.25,2180,32,0.014678899082568808,3009,1047,0.34795613160518446,5721,3245,0.5672085299772767,1494,1008,0.6746987951807228,41.53025978634319,0.3579216003417969,32768.0,517.0024507000053,0
69,0.0007339649071302863,1.31826491553288,0.2068273583983446,0.6320365952206897,0.2397004810440076,459.07337662337665,0.8647135919371208,1.6862076949328184,0.33804586172724765,0.6490199618662397,0.3495709365233779,522.859375,0.46316292881965637,0.11993859708309174,0.19176139037590473,0.6146809712027104,0.4388100612705579,0.5120654781504304,0.5139931440353394,0.231689453125,0.3441451694486596,5443,3412,6961,0.7380119562149048,5.783801436969301,0.049640757674722404,0.14239059438275636,0.25,2180,23,0.01055045871559633,3009,1021,0.33931538717181786,5721,3352,0.5859115539241392,1494,1047,0.7008032128514057,40.96601990828893,0.3568711280822754,32768.0,515.8793974000146,0
70,0.0007269952498697729,1.3163671203247913,0.20629453923214566,0.631888162818822,0.23909220923851063,459.09415584415586,0.8684897199273109,1.7077708275367816,0.3506681905128062,0.6521267661203941,0.35248793397719663,522.859375,0.44668862223625183,0.11431562155485153,0.1825854744653043,0.6192331101643336,0.4101096420509513,0.49342839128958726,0.5027806758880615,0.230224609375,0.327517383466392,5087,3128,7317,0.7376034259796143,5.365774003919007,0.0581319399085565,0.16525146962769433,0.25,2180,17,0.007798165137614679,3009,894,0.2971086739780658,5721,3230,0.5645866107323895,1494,946,0.6331994645247657,41.16727905388637,0.3575096130371094,32768.0,516.1044188999804,0
71,0.000719969584927957,1.3113763955506412,0.20482761631054539,0.6315077980230381,0.23752048994813646,459.01233766233764,0.8689140791823338,1.7171437852084637,0.35108966620949406,0.6532547827810049,0.3563996675269057,522.859375,0.4316737949848175,0.1020776703953743,0.17309067780151963,0.6351995640920856,0.37592712028377945,0.4723221068624968,0.48935043811798096,0.21484375,0.3091765017902135,4663,2678,7741,0.7356082201004028,4.7949052906597,0.0829523187459177,0.19137818419333769,0.25,2180,15,0.006880733944954129,3009,690,0.22931206380857427,5721,3081,0.5385422128998427,1494,877,0.5870147255689424,41.201097166558824,0.3575310707092285,32768.0,515.6913840999769,0
72,0.0007128896457825358,1.3125464563245897,0.20475721087838922,0.6317512527301714,0.238018995552481,459.10194805194806,0.8662780312168133,1.725738676264882,0.3540415735139201,0.6555869920800129,0.3580550570040941,522.859375,0.4459456205368042,0.11267096549272537,0.1817235577163956,0.6320897403579531,0.404305062882941,0.4931655029993116,0.5007362961769104,0.2216796875,0.3272857795470861,5015,2919,7389,0.7371147871017456,5.182233834095363,0.06139777922926192,0.1737426518615284,0.25,2180,29,0.013302752293577982,3009,953,0.31671651711532073,5721,3085,0.5392413913651459,1494,948,0.6345381526104418,41.18880046511156,0.35796642303466797,32768.0,520.628417000029,0
73,0.0007057571793025539,1.3104342618545928,0.20452869322102565,0.6316669318196061,0.2371193187964427,459.04350649350647,0.8624308724295009,1.7319013824065526,0.3666049453119437,0.6540476282437643,0.3556244027179976,522.859375,0.43925273418426514,0.10917060077190399,0.17845212294123486,0.5557463138759846,0.44364721057723316,0.49340984488478434,0.4939112961292267,0.25341796875,0.327501041480688,5503,4399,6901,0.7322415113449097,6.467668190725016,0.040496407576747225,0.13847158719790986,0.25,2180,29,0.013302752293577982,3009,1037,0.3446327683615819,5721,3404,0.5950008739730817,1494,1033,0.6914323962516734,41.33767310552841,0.3566575050354004,32768.0,523.4352457000059,0
74,0.0006985739453173898,1.3080020270951382,0.20383025380214315,0.6313358383906352,0.23641796759390213,459.12987012987014,0.8688759565546915,1.7157283214231331,0.34953133994713426,0.6534598820532361,0.35636855110836524,522.859375,0.44430768489837646,0.11103028804063797,0.1819395772581629,0.6261693746922699,0.4101096420509513,0.49561574434918154,0.502768874168396,0.2259521484375,0.32944757463894825,5087,3037,7317,0.7355287075042725,5.306335728282169,0.05551926845199216,0.17896799477465708,0.25,2180,16,0.007339449541284404,3009,946,0.3143901628447989,5721,3175,0.5549729068344695,1494,950,0.6358768406961178,41.57257047495027,0.3592853546142578,32768.0,515.0712657999829,0
75,0.0006913417161825444,1.3060543594809322,0.20298188156992583,0.6314089108210106,0.2358317837796428,459.0688311688312,0.8670333753352041,1.717578601712982,0.34837779332883656,0.6538726420452198,0.35766408235455555,522.859375,0.44868895411491394,0.10773500055074692,0.18238052178057843,0.6689713560039509,0.38221541438245726,0.4864809399209892,0.5017043948173523,0.211181640625,0.3214237288135593,4741,2346,7663,0.7365670800209045,4.629000653167864,0.08817766165904638,0.20574787720444154,0.25,2180,13,0.005963302752293578,3009,899,0.2987703555998671,5721,2967,0.5186156266386995,1494,862,0.5769745649263721,41.37311896776361,0.35753345489501953,32768.0,523.4339360999875,0
76,0.0006840622763423385,1.3065748518163507,0.20281357413956097,0.6312030506598485,0.23627911312626554,458.8863636363636,0.8665013142994472,1.7181777476022642,0.3493160077681144,0.6544235361119112,0.35721910023130476,522.859375,0.45660701394081116,0.12309972941875458,0.18864630102179944,0.6113118085346579,0.43655272492744274,0.5093594205625058,0.5123183727264404,0.2403564453125,0.34170505458446393,5415,3443,6989,0.7348124384880066,5.785760940561724,0.05225342913128674,0.16721097322011758,0.25,2180,31,0.014220183486238533,3009,1085,0.36058491193087405,5721,3336,0.583114840062926,1494,963,0.6445783132530121,40.85347844619564,0.3570528030395508,32768.0,517.6167033999809,0
77,0.000676737421889628,1.302534023623962,0.20155469083360264,0.6311897061087869,0.23489481274570737,459.0675324675325,0.860157203867838,1.725919537867109,0.3527140860290577,0.6570455484713117,0.358079950325191,522.859375,0.4357171356678009,0.10058371722698212,0.1740634135552682,0.6126751829343917,0.3982586262495969,0.482728294327454,0.4910849928855896,0.2266845703125,0.3181554711148322,4940,3123,7464,0.7338166832923889,5.266492488569562,0.06009144350097975,0.178314826910516,0.25,2180,21,0.00963302752293578,3009,864,0.28713858424725824,5721,3147,0.5500786575773466,1494,908,0.607764390896921,41.29278273982718,0.3577299118041992,32768.0,513.4309809000115,0
78,0.0006693689601226452,1.300875934610119,0.20147446452990755,0.6309307295780677,0.23423536943344328,459.12077922077924,0.8630025155939065,1.7179097613940637,0.35027861952160794,0.6545705764244,0.3565302848195036,522.859375,0.4415518641471863,0.09720174223184586,0.17572826808027459,0.6507649513212795,0.3772170267655595,0.47759518219863223,0.4989427626132965,0.21044921875,0.3137110291652699,4679,2511,7725,0.7343243956565857,4.696276943174396,0.08164598301763554,0.20182887001959504,0.25,2180,13,0.005963302752293578,3009,787,0.26154868727151875,5721,3010,0.5261317951407096,1494,869,0.5816599732262383,41.24631540307809,0.35708093643188477,65536.0,517.9762311000086,0
79,0.0006619587090990741,1.2986827944393282,0.20024250381468953,0.6308985792971277,0.23377085491627841,459.03376623376624,0.86128444098807,1.732367028792699,0.36292765677596134,0.65367366746068,0.35788285452872515,522.859375,0.43460744619369507,0.0890624150633812,0.17277202033437788,0.5565091510702099,0.43389229280877134,0.48761041902604757,0.4891760051250458,0.239990234375,0.3224105912658,5382,4289,7022,0.7265952229499817,6.316786414108426,0.04768125408229915,0.1534944480731548,0.25,2180,22,0.010091743119266056,3009,1016,0.3376537055500166,5721,3395,0.5934277224261493,1494,949,0.6352074966532798,41.29414793943524,0.3570871353149414,65536.0,514.8449282000074,0
80,0.0006545084971874731,1.2968001703163246,0.1993755246766589,0.6307720125882657,0.23332631652811905,459.0668831168831,0.8651997332642605,1.7437821949521701,0.35855494850936037,0.655868008111914,0.3646796198251347,522.859375,0.4254617989063263,0.08279457688331604,0.16593152499190184,0.595655806182122,0.4023702031602709,0.48029639609296054,0.48727336525917053,0.225830078125,0.31604609929078015,4991,3388,7413,0.7258599400520325,5.472893533638145,0.06466361854996734,0.17570215545395165,0.25,2180,20,0.009174311926605505,3009,902,0.29976736457294784,5721,3160,0.5523509875895822,1494,909,0.608433734939759,41.31719320581605,0.3573460578918457,65536.0,522.2973643000005,0
81,0.0006470201626161514,1.2949965580330267,0.1989303919450416,0.6306922015044596,0.2326869832230853,458.97662337662337,0.8605960008385893,1.7491036827365558,0.370763543760404,0.6556554803003868,0.3613423313945532,522.859375,0.41707566380500793,0.09002995491027832,0.16453106592452968,0.5424267267882763,0.4267171880038697,0.4776644707156394,0.479929655790329,0.242919921875,0.3137708222182702,5293,4465,7111,0.7271028757095337,6.3736120182887,0.033964728935336384,0.14696276943174397,0.25,2180,29,0.013302752293577982,3009,991,0.3293452974410103,5721,3298,0.576472644642545,1494,975,0.6526104417670683,41.15625433722684,0.35729217529296875,65536.0,521.752212899999,0
82,0.0006394955530196142,1.2933614401074198,0.1986838947497792,0.6305831244239559,0.2320472101015704,459.07987012987013,0.8639466633463835,1.7604658181468646,0.37542485639763373,0.6557647058119377,0.36463812955965597,522.859375,0.41312000155448914,0.08086340129375458,0.16146731815242674,0.5368293422249166,0.4283295711060948,0.4764808752970719,0.4774385392665863,0.2423095703125,0.3127501765952437,5313,4584,7091,0.7243961691856384,6.464402351404311,0.039843239712606136,0.15871979098628347,0.25,2180,23,0.01055045871559633,3009,952,0.3163841807909605,5721,3383,0.5913301870302394,1494,955,0.6392235609103079,41.287354247484274,0.3579883575439453,65536.0,515.4834273000015,0
83,0.0006319365249826858,1.293879029580525,0.1983937467895932,0.630668429430429,0.23240842687619198,459.05454545454546,0.8721924293737907,1.7496211199710767,0.36049954197369516,0.6568632318327824,0.36612917358676594,522.859375,0.4222930669784546,0.086764395236969,0.1648562368209241,0.60114456332421,0.3895517574975814,0.47275217689071514,0.47858142852783203,0.2200927734375,0.30954516335682253,4832,3206,7572,0.7261168360710144,5.250163291966035,0.051600261267145654,0.16721097322011758,0.25,2180,12,0.005504587155963303,3009,747,0.24825523429710866,5721,3174,0.5547981122181437,1494,899,0.6017402945113789,41.15353549701416,0.3580045700073242,65536.0,517.2980625999917,0
84,0.0006243449435824268,1.2928235996466177,0.19849405953442895,0.6305246681749047,0.23190243597348015,459.0688311688312,0.8669506214655839,1.7504663231472175,0.357754531238849,0.6563356757784883,0.3681880583365758,522.859375,0.4220633804798126,0.0852205753326416,0.16568893824914993,0.5935204143080814,0.3972911963882618,0.47597430820495484,0.48252278566360474,0.2257080078125,0.3123138348437797,4928,3375,7476,0.7272114753723145,5.423252775963423,0.05682560418027433,0.18158066623122143,0.25,2180,17,0.007798165137614679,3009,851,0.28281821203057494,5721,3143,0.5493794791120433,1494,917,0.6137884872824632,41.510500868821566,0.35775232315063477,65536.0,515.0169284000003,0
85,0.0006167226819279523,1.2876175177948816,0.19656388247748474,0.6302151051821647,0.23041926447253722,459.0681818181818,0.8600241896587533,1.7523012720048428,0.36749838028723997,0.6566888466477394,0.3640570188096414,522.859375,0.4167114198207855,0.08811741322278976,0.16435312393587082,0.5579702151130722,0.40777168655272494,0.47119101960966975,0.47512689232826233,0.2349853515625,0.3082079093291085,5058,4007,7346,0.7254627346992493,5.920966688438929,0.04310907903331156,0.17504898758981058,0.25,2180,19,0.00871559633027523,3009,858,0.2851445663010967,5721,3265,0.570704422303793,1494,916,0.6131191432396251,41.295692439484455,0.35753345489501953,65536.0,521.5523426999862,0
86,0.0006090716206982709,1.2866086055706074,0.19644660401557174,0.6302615445542645,0.2299502294268701,458.98441558441556,nan,1.7503095312664907,0.36305020679719746,0.6565370752165715,0.3653611237338434,522.859375,0.4302498698234558,0.0914703905582428,0.17080258912174032,0.6000243516376477,0.3972911963882618,0.4780520929330164,0.4861123859882355,0.2315673828125,0.3141054241825483,4928,3285,7476,0.7274143099784851,5.364467668190725,0.05225342913128674,0.18027433050293926,0.25,2180,18,0.008256880733944955,3009,884,0.2937853107344633,5721,3139,0.5486803006467401,1494,887,0.5937081659973227,41.354025726591175,0.3575706481933594,32768.0,524.6595507999882,1
87,0.0006013936476782558,1.2851254688454914,0.19554348247875641,0.6300683638105145,0.22975681189979827,459.0655844155844,0.8706932821444102,1.7450029458850622,0.35546095568376285,0.6612080037593842,0.36416699706266326,522.859375,0.4332105815410614,0.09702738374471664,0.17307215909422666,0.6180750574419198,0.390357949048694,0.47850578120367626,0.4884491264820099,0.22119140625,0.31449727201870614,4842,2992,7562,0.7310181260108948,5.116917047681254,0.06988896146309602,0.18419333768778576,0.25,2180,16,0.007339449541284404,3009,836,0.27783316716517115,5721,3103,0.5423876944590107,1494,887,0.5937081659973227,40.94770992231238,0.35767221450805664,32768.0,519.1165670999908,0
88,0.000593690657292862,1.2849235086859048,0.19590116082267328,0.629956510469511,0.22953291839206375,458.82987012987013,0.8761760184130112,1.7589979358017445,0.3667451904620975,0.6590702567870418,0.3665912470314652,522.859375,0.42415520548820496,0.09642690420150757,0.16888880780243198,0.5743096138420992,0.4040632054176072,0.4743741422554541,0.47873491048812866,0.2357177734375,0.31093740306470624,5012,3715,7392,0.7291169762611389,5.700195950359243,0.052906596995427824,0.17766165904637493,0.25,2180,20,0.009174311926605505,3009,869,0.2888002658690595,5721,3203,0.5598671560915924,1494,920,0.6157965194109772,41.12581158248807,0.35771656036376953,32768.0,518.4086257999879,0
89,0.0005859645501397043,1.2828082692700546,0.19448231747011085,0.6300378866783984,0.2291440325704488,459.04935064935063,0.8626140198924325,1.7757062216599782,0.38687279145233333,0.6571265012025833,0.3658534639980644,522.859375,0.4107353687286377,0.08465706557035446,0.16210161457674985,0.5337650323774283,0.41865527249274426,0.46925405503094925,0.47116196155548096,0.24462890625,0.30655253837072016,5193,4536,7211,0.7259647846221924,6.354670150228609,0.037230568256041804,0.17112998040496408,0.25,2180,16,0.007339449541284404,3009,974,0.323695579926886,5721,3319,0.5801433315853872,1494,884,0.5917001338688086,41.59886905415834,0.35791444778442383,32768.0,515.4801560000051,0
90,0.000578217232520115,1.281872995178421,0.19416831171067503,0.6300171292834468,0.22884377698813166,459.0116883116883,0.8664660594680093,1.7537993416190147,0.36176380165852606,0.6595163205638528,0.3662596063998838,522.859375,0.4271552264690399,0.08913557231426239,0.16885390664556327,0.6081340324849726,0.3833440825540148,0.47025663848093757,0.48098883032798767,0.2220458984375,0.3074088440651668,4755,3064,7649,0.7291603684425354,5.107119529719138,0.062050947093403,0.1946440235140431,0.25,2180,14,0.006422018348623854,3009,773,0.25689597873047526,5721,3102,0.5422128998426848,1494,866,0.5796519410977242,41.530041511678256,0.3573160171508789,32768.0,518.2321695999999,0
91,0.000570450615968791,1.280073791626212,0.19430733415019977,0.6297907252203334,0.2279878661713817,459.09415584415586,0.8723043277472645,1.7717932437856991,0.3768477054933707,0.6578363173951706,0.368554612621665,522.859375,0.4062604308128357,0.08354511111974716,0.15873986997012252,0.5593495934959349,0.38826185101580135,0.45836109260493,0.4665742814540863,0.224853515625,0.29732065687121867,4816,3794,7588,0.7247413396835327,5.623775310254736,0.05943827563683867,0.21032005225342912,0.25,2180,17,0.007798165137614679,3009,869,0.2888002658690595,5721,3145,0.549729068344695,1494,785,0.5254350736278447,41.32722583656225,0.3572869300842285,32768.0,520.2988445999799,0
92,0.0005626666167821518,1.2788343376927562,0.19321055153457375,0.6299823275634221,0.22782072962878586,459.05324675324675,0.8744015116389696,1.7768444052586954,0.3829322283466657,0.6594144847864906,0.3672488449762265,522.859375,0.4180288016796112,0.08959152549505234,0.16452749632153427,0.5577256944444444,0.4143824572718478,0.47548566142460685,0.47637003660202026,0.23486328125,0.3118932038834951,5140,4076,7264,0.7263826727867126,6.019595035924232,0.042455911169170475,0.17635532331809275,0.25,2180,23,0.01055045871559633,3009,951,0.3160518444666002,5721,3267,0.5710540115364446,1494,899,0.6017402945113789,41.62857093864731,0.3575258255004883,32768.0,521.0520344999968,0
93,0.0005548671555455222,1.2766877354352506,0.19302579634278624,0.629610322822224,0.22702580816172935,459.05194805194805,0.8729261428117752,1.7689506026605766,0.37203834275715053,0.6573323666428527,0.36978994822129607,522.859375,0.420001745223999,0.07655104994773865,0.16206444151466712,0.5757822496219611,0.39906481780070946,0.4714061235179277,0.4756701588630676,0.240966796875,0.3083920004984113,4950,3647,7454,0.7222549915313721,5.615284128020901,0.0581319399085565,0.1998693664271718,0.25,2180,19,0.00871559633027523,3009,936,0.31106679960119643,5721,3141,0.5490298898793917,1494,854,0.571619812583668,41.23229968180797,0.3577580451965332,32768.0,519.1941685000202,0
94,0.0005470541566592567,1.2763637993629877,0.19374780119820076,0.6295825207001203,0.2265167390274537,458.8461038961039,0.8786969137656224,1.7770826363315184,0.3768083651860555,0.6580881839618087,0.371093043902268,522.859375,0.4108354151248932,0.08301599323749542,0.1607191412094835,0.5544914134742405,0.40607868429538857,0.4688198064035741,0.4717268645763397,0.2393798828125,0.3061819950155006,5037,4047,7367,0.7245652675628662,5.93337687785761,0.050293925538863485,0.17504898758981058,0.25,2180,16,0.007339449541284404,3009,907,0.3014290461947491,5721,3225,0.5637126376507604,1494,889,0.5950468540829986,41.55386215372375,0.35752201080322266,32768.0,518.5615743999952,0
95,0.000539229547863922,1.2740497934353816,0.19266302414335212,0.6293446856659728,0.2260210418710848,459.0590909090909,0.8798025662055263,1.7866393644362688,0.38411366543732584,0.6584664760157466,0.37202961401393014,522.859375,0.4032673239707947,0.07475298643112183,0.15722198749535893,0.5416484477481417,0.3994679135762657,0.45981811432813663,0.4616781771183014,0.2440185546875,0.29854793034885824,4955,4193,7449,0.7199586629867554,5.9751796211626385,0.04441541476159373,0.18027433050293926,0.25,2180,17,0.007798165137614679,3009,849,0.28215353938185445,5721,3229,0.5644118161160636,1494,860,0.5756358768406962,41.181782702810594,0.35733795166015625,32768.0,515.3473881999962,0
96,0.0005313952597646562,1.2742650348644753,0.19213278993190108,0.6294534579112933,0.22633939356385888,459.0948051948052,0.8771866199645129,1.7905586032817762,0.39077125877762836,0.6587000014260411,0.37054367115100223,522.859375,0.40844398736953735,0.07919196039438248,0.1585165434567898,0.5322748028227481,0.413495646565624,0.465426497277677,0.4659384787082672,0.240478515625,0.3032937141505529,5129,4507,7275,0.7219734787940979,6.293925538863488,0.036577400391900716,0.1743958197256695,0.25,2180,22,0.010091743119266056,3009,935,0.3107344632768362,5721,3285,0.5742003146303094,1494,887,0.5937081659973227,41.64014197170303,0.3574533462524414,32768.0,511.08805009999196,0
97,0.0005235532253548208,1.2716642050774067,0.19117004832664095,0.6293483368375085,0.22557291020820666,458.9214285714286,0.877417138257584,1.7836770235250394,0.3793681690003723,0.6587433883299431,0.3727827277034521,522.859375,0.41137611865997314,0.07867180556058884,0.160861499024395,0.5892547660311959,0.3837471783295711,0.4647983595352017,0.4696901738643646,0.22705078125,0.3027604630454141,4760,3318,7644,0.723089337348938,5.276290006531679,0.056172436316133244,0.1992161985630307,0.25,2180,13,0.005963302752293578,3009,815,0.27085410435360585,5721,3075,0.5374934452018878,1494,857,0.5736278447121821,41.56316858922602,0.35687732696533203,32768.0,513.8028859999904,0
98,0.0005157053795390637,1.2700945230273457,0.19078270797315355,0.6292913832834789,0.22501021528785878,459.0655844155844,0.8784515039874362,1.7823766985287268,0.3843554724783947,0.6575231753910581,0.370249021332711,522.859375,0.4101819396018982,0.08042261749505997,0.1610099829689716,0.5248652496694803,0.4160754595291841,0.464181319422584,0.4644258916378021,0.2509765625,0.30223705785898336,5161,4672,7243,0.7201759815216064,6.422599608099281,0.030045721750489876,0.1659046374918354,0.25,2180,18,0.008256880733944955,3009,958,0.318378198737122,5721,3268,0.5712288061527705,1494,917,0.6137884872824632,41.218274703398755,0.35747623443603516,32768.0,520.8069020000112,0
99,0.0005078536586559099,1.2679587537205064,0.18952938972839287,0.6293473758867809,0.22454099408895165,459.0896103896104,0.8716917802374085,1.7905505895614624,0.38956866475443047,0.6563869298746189,0.3722974992512415,522.859375,0.4107174575328827,0.08527901768684387,0.16209968207549535,0.5334497996094955,0.4184940341825218,0.4690309464648747,0.4706454873085022,0.243896484375,0.306362134088763,5191,4540,7213,0.7215831875801086,6.355976485956891,0.041149575440888306,0.17766165904637493,0.25,2180,20,0.009174311926605505,3009,993,0.3300099700897308,5721,3273,0.5721027792343996,1494,905,0.6057563587684069,41.31746609314256,0.3592853546142578,65536.0,523.8267788999947,0
100,0.0004999999999999996,1.2663325129004268,0.18984187997684077,0.6291005146967901,0.22369505879650642,459.0974025974026,0.8783918601351899,1.7797448591639597,0.38328849826939404,0.6570008527487516,0.36972775535347563,522.859375,0.4142442047595978,0.08252176642417908,0.16173785773171404,0.5426737967914439,0.409061593034505,0.46648892157764094,0.46941542625427246,0.23583984375,0.30419664268585134,5074,4276,7330,0.7237399220466614,6.107119529719138,0.042455911169170475,0.18484650555192683,0.25,2180,20,0.009174311926605505,3009,917,0.30475240943835163,5721,3254,0.568781681524209,1494,883,0.5910307898259706,41.259178301682354,0.35773372650146484,65536.0,522.1389528000145,0
101,0.0004921463413440893,1.2655968585184643,0.1895071548397665,0.6289197095802852,0.2235849975475243,458.8733766233766,0.8836888312132327,1.8161453598489363,0.4034983585588634,0.6597288502380252,0.3764590749051422,522.859375,0.38246268033981323,0.06450574100017548,0.14680533257160278,0.5064479521304034,0.39575943244114803,0.44431370774313256,0.44491490721702576,0.232421875,0.28560623690947173,4909,4784,7495,0.7174660563468933,6.33115610711953,0.039190071848465055,0.1868060091443501,0.25,2180,16,0.007339449541284404,3009,826,0.27450980392156865,5721,3230,0.5645866107323895,1494,837,0.5602409638554217,41.26054735926576,0.35709714889526367,65536.0,514.9139653999882,0
102,0.0004842946204609354,1.26494729398907,0.1893653199028272,0.6289679077925621,0.2233070332944006,459.0779220779221,0.8800916392501299,1.7879768808682759,0.3805572506971657,0.6598620439569155,0.37377879039073986,522.859375,0.41006991267204285,0.07989457249641418,0.1610759086030157,0.5559854346836596,0.3939051918735892,0.46111740279350705,0.46452924609184265,0.2205810546875,0.29964430271065867,4886,3902,7518,0.7225095629692078,5.740039190071848,0.05355976485956891,0.19790986283474854,0.25,2180,14,0.006422018348623854,3009,866,0.28780325689597874,5721,3179,0.5556720852997727,1494,827,0.5535475234270415,41.45849957122341,0.35706233978271484,65536.0,522.6049883999804,0
103,0.00047644677464517824,1.2635567989055212,0.1886969549895881,0.6288345920188086,0.22301262553249088,458.9038961038961,0.8865864319847776,1.7797476407140493,0.3859743953992923,0.6564331663151582,0.3686700377147645,522.859375,0.41384178400039673,0.0788644477725029,0.16188499162744846,0.5440953412784398,0.40486939696871976,0.46426920587963394,0.4652659595012665,0.240478515625,0.30231158198892366,5022,4208,7382,0.7224082946777344,6.028739386022208,0.037883736120182886,0.17896799477465708,0.25,2180,22,0.010091743119266056,3009,903,0.3000997008973081,5721,3195,0.5584687991609858,1494,902,0.6037483266398929,41.59290880290301,0.35749006271362305,65536.0,517.7624586999882,0
104,0.00046860474023534287,1.263972883526381,0.18854694539656885,0.6288631318451522,0.22328140261498364,458.99805194805197,0.8916664497031794,1.8078850811968248,0.3955221997263531,0.6592109026387334,0.3765759945381433,522.859375,0.3976954221725464,0.079598069190979,0.15589458162066877,0.5174114021571649,0.40607868429538857,0.4550341027146664,0.4563089907169342,0.24072265625,0.2945269559115893,5037,4698,7367,0.7203302383422852,6.358589157413455,0.035924232527759635,0.18549967341606793,0.25,2180,19,0.00871559633027523,3009,931,0.30940511797939513,5721,3218,0.5624890753364796,1494,869,0.5816599732262383,41.418750261318834,0.3577303886413574,65536.0,522.3074055000034,0
105,0.00046077045213607716,1.2592482980969664,0.18686790620158245,0.6287040670196732,0.22183816180407226,459.0753246753247,0.8884623876833296,1.7712477749834459,0.37671012221835554,0.6559252894173065,0.3693061804709335,522.859375,0.4155682921409607,0.08048747479915619,0.16306690227611398,0.5643722844729019,0.3979361496291519,0.4667612293144208,0.4699699878692627,0.231201171875,0.3044282718638214,4936,3810,7468,0.7236719131469727,5.712606139777923,0.051600261267145654,0.186152841280209,0.25,2180,16,0.007339449541284404,3009,841,0.2794948487869724,5721,3205,0.560216745324244,1494,874,0.5850066934404283,41.26132960617011,0.35709619522094727,65536.0,519.8917403999949,0
106,0.0004529458433407424,1.2590816240806084,0.18670212122333515,0.6287333951755003,0.22182305410697864,459.1155844155844,0.8895861884022688,1.8051747754216194,0.39800349545354646,0.6590509032830596,0.3740601895842701,522.859375,0.39171433448791504,0.07371732592582703,0.15244888781380722,0.501188825044581,0.4078523057078362,0.4497288647879812,0.45035988092422485,0.254638671875,0.2900969092264465,5059,5035,7345,0.7195598483085632,6.593076420640105,0.037883736120182886,0.18288700195950358,0.25,2180,21,0.00963302752293578,3009,935,0.3107344632768362,5721,3246,0.5673833245936025,1494,857,0.5736278447121821,41.04394478804273,0.35731983184814453,65536.0,520.4279183000035,0
107,0.000445132844454477,1.2574587484845867,0.18679195396698914,0.6285814425774983,0.22104267623614182,458.89805194805194,0.8861285812668986,1.793992020810644,0.39157370252845186,0.6591741923863689,0.3716220634523779,522.859375,0.40732353925704956,0.07492400705814362,0.15758223239099606,0.5441642100666012,0.4018058690744921,0.4622733385892501,0.4641805589199066,0.2388916015625,0.3006212678689909,4984,4175,7420,0.7209113240242004,5.982364467668191,0.038536903984323974,0.17308948399738733,0.25,2180,19,0.00871559633027523,3009,852,0.2831505483549352,5721,3218,0.5624890753364796,1494,895,0.5990629183400268,41.4308503189143,0.3570694923400879,65536.0,512.952655000001,0
108,0.0004373333832178475,1.257542160424319,0.18648573292733786,0.6285789297385649,0.22123874857441173,459.11753246753244,0.8891854037131582,1.7902262546122074,0.3874340229667723,0.6591943002616366,0.3717989648381869,522.859375,0.41079044342041016,0.0808289423584938,0.160565420913008,0.5308629337700891,0.4180909384069655,0.46777612411491454,0.46876540780067444,0.247802734375,0.30529228233354916,5186,4583,7218,0.7211599349975586,6.380796864794252,0.033964728935336384,0.17308948399738733,0.25,2180,25,0.011467889908256881,3009,977,0.32469258889996677,5721,3248,0.5677329138262541,1494,936,0.6265060240963856,41.68277480788107,0.35685014724731445,65536.0,517.9546276000037,0
109,0.0004295493840312084,1.256805922690924,0.1859299522135165,0.6286103553973235,0.22113280769485932,459.10194805194806,0.8898446906309623,1.7966625597327948,0.3947124187834561,0.6570218081275622,0.37246417067945004,522.859375,0.40563371777534485,0.06680544465780258,0.15523451931076124,0.5159045725646123,0.41841341502741053,0.4620726495726496,0.46371299028396606,0.241943359375,0.3004515456755818,5190,4870,7214,0.7176533937454224,6.5708687132593075,0.039190071848465055,0.17635532331809275,0.25,2180,20,0.009174311926605505,3009,1002,0.33300099700897307,5721,3322,0.5806677154343646,1494,846,0.5662650602409639,41.54048630172825,0.3562130928039551,65536.0,518.265198499983,0
110,0.0004217827674798842,1.252571739004804,0.18505558801645583,0.628182211673105,0.21966697007127398,458.97402597402595,0.8970292023830599,1.826045108338197,0.42107721239638823,0.6595934396609664,0.3726872264718016,522.859375,0.39217278361320496,0.0737307071685791,0.15274754600177404,0.4971137853438998,0.4096259271202838,0.44914917127071824,0.44929200410842896,0.250244140625,0.28961468308253535,5081,5140,7323,0.7208817005157471,6.676028739386022,0.041149575440888306,0.19268451992161986,0.25,2180,18,0.008256880733944955,3009,969,0.3220338983050847,5721,3240,0.5663345568956476,1494,854,0.571619812583668,41.4457023148571,0.3592853546142578,65536.0,522.2250549999881,0
111,0.00041403544986029484,1.253077968567997,0.18488857492611005,0.62842207071069,0.219883662031649,459.12207792207795,0.8906377494335175,1.8161069496224325,0.4116316386498511,0.6598875010386109,0.37229390364761156,522.859375,0.4024810791015625,0.07516160607337952,0.1558271232766856,0.532263242375602,0.40099967752337956,0.4574003402455286,0.45938578248023987,0.24169921875,0.2965126676602086,4974,4371,7430,0.721346914768219,6.103853690398433,0.041802743305029394,0.1900718484650555,0.25,2180,20,0.009174311926605505,3009,919,0.30541708208707213,5721,3216,0.562139486103828,1494,819,0.5481927710843374,41.32019265673465,0.3579530715942383,65536.0,527.410546900006,0
112,0.0004063093427071374,1.2524315498091958,0.18511602616348824,0.6282981413912464,0.21950869112239255,459.09805194805193,nan,1.8059588856995106,0.39456582977436483,0.6601457763463259,0.37562363773273927,522.859375,0.4074394702911377,0.07375877350568771,0.1583835739449569,0.5406677613574166,0.39817800709448564,0.4586099633223455,0.4639701545238495,0.236328125,0.29753012048192773,4939,4196,7465,0.7182621359825134,5.966688438928805,0.046374918354016983,0.1992161985630307,0.25,2180,21,0.00963302752293578,3009,929,0.30874044533067463,5721,3156,0.551651809124279,1494,833,0.5575635876840697,41.346059424939426,0.3592853546142578,32768.0,520.6971601000114,1
113,0.00039860635232174353,1.2484973967075348,0.1832552166341187,0.6281436841209214,0.21854924809236032,459.0220779220779,0.8930343263528564,1.8208324300746124,0.41581325978040695,0.6574971939747533,0.37376099172979593,522.859375,0.3818329870700836,0.0634390264749527,0.14556690183962928,0.4745281290086128,0.4175266043211867,0.4442061926408783,0.4447704553604126,0.25146484375,0.2855173934616021,5179,5735,7225,0.7145963311195374,7.128674069235793,0.033964728935336384,0.16917047681254083,0.25,2180,23,0.01055045871559633,3009,925,0.30741110003323363,5721,3357,0.5867855270057682,1494,874,0.5850066934404283,41.389727572328766,0.35793113708496094,32768.0,514.3256643000059,0
114,0.0003909283793017286,1.2495088907418312,0.18430412768253257,0.6279996228295487,0.21860257030597754,459.1045454545455,0.89617472248418,1.834077250212431,0.435098495411997,0.6582542527467012,0.3703622503671795,522.859375,0.4006415903568268,0.0725049301981926,0.15532665590944816,0.49147940074906366,0.42316994517897455,0.45477386934673364,0.45607247948646545,0.25390625,0.2943089430894309,5249,5431,7155,0.7174175977706909,6.9758327890267795,0.023514043109079032,0.1743958197256695,0.25,2180,23,0.01055045871559633,3009,999,0.3320039880358923,5721,3358,0.586960321622094,1494,869,0.5816599732262383,41.50516956739433,0.3579587936401367,32768.0,518.5543000999896,0
115,0.000383277318072047,1.2474905811734014,0.1830483531289093,0.6280480808638907,0.2181970731488296,459.0396103896104,0.8987120654095303,1.8160916889707248,0.40832457373229164,0.6597329747552673,0.37401707051321864,522.859375,0.3985569179058075,0.07518558949232101,0.15540879859599954,0.5372093023255814,0.39108352144469527,0.4526453298497714,0.4564722180366516,0.2330322265625,0.29252849303503586,4851,4179,7553,0.7203506827354431,5.8981058131939905,0.05225342913128674,0.2194644023514043,0.25,2180,22,0.010091743119266056,3009,913,0.3034230641409106,5721,3135,0.5479811221814368,1494,781,0.5227576974564926,41.36367715801281,0.3592853546142578,32768.0,523.0139478000056,0
116,0.00037565505641757235,1.2446438692993933,0.1819003363950299,0.6278968263756145,0.21742335297651105,459.0006493506493,0.8923290980713708,1.861650511001547,0.4361660605451713,0.6628032907222708,0.38134058006107807,522.859375,0.389188677072525,0.06676024943590164,0.14930551710713189,0.5141200472457854,0.3860045146726862,0.4409448818897637,0.44384515285491943,0.235107421875,0.2828282828282828,4788,4525,7616,0.7163514494895935,6.082952318745917,0.047028086218158065,0.21685173089483997,0.25,2180,19,0.00871559633027523,3009,885,0.29411764705882354,5721,3123,0.545883586785527,1494,761,0.5093708165997323,41.44723943551411,0.3592853546142578,32768.0,527.847826000012,0
117,0.0003680634750173133,1.245873621764121,0.18255620793766014,0.627957105056032,0.21768015358935702,459.0402597402597,0.9003454469434626,1.8375549397120874,0.4268265787977725,0.6587675285215179,0.37598041732174653,522.859375,0.3921445608139038,0.07200272381305695,0.1527271535496766,0.491890860522801,0.41567236375362787,0.4505811413090973,0.45109009742736816,0.251953125,0.29080654258319233,5156,5326,7248,0.7179526686668396,6.846505551926845,0.032658393207054215,0.18354016982364468,0.25,2180,25,0.011467889908256881,3009,997,0.3313393153871718,5721,3252,0.5684320922915574,1494,882,0.5903614457831325,41.51246687568147,0.3571000099182129,32768.0,522.9726244000194,0
118,0.00036050444698038515,1.244030668015604,0.18138188907949182,0.6279256604321591,0.21736155932212806,459.0279220779221,0.8956120883876627,1.8341206541905801,0.42082788702100515,0.6605011218537887,0.3763958228131135,522.859375,0.397451788187027,0.0761752724647522,0.155595633768462,0.5133799917661589,0.4021283456949371,0.45099457504520796,0.45232895016670227,0.240478515625,0.2911510623394817,4988,4728,7416,0.7195405960083008,6.346178967994775,0.040496407576747225,0.1959503592423253,0.25,2180,24,0.011009174311926606,3009,952,0.3163841807909605,5721,3193,0.5581192099283342,1494,819,0.5481927710843374,40.9512405675816,0.3574976921081543,32768.0,525.4435635000118,0
119,0.0003529798373838478,1.2437762380420387,0.18159614798504037,0.627889926789643,0.2171450820594252,459.1409090909091,0.9053610404396986,1.831430132811268,0.4107663471562167,0.6594206318259239,0.38062157738022506,522.859375,0.4059894382953644,0.06475500762462616,0.1541630599725977,0.5259903584154265,0.404627539503386,0.4573954251344209,0.4601435363292694,0.2342529296875,0.2965085366574112,5019,4523,7385,0.7146731019020081,6.232527759634226,0.038536903984323974,0.19333768778576094,0.25,2180,22,0.010091743119266056,3009,981,0.32602193419740777,5721,3174,0.5547981122181437,1494,842,0.5635876840696118,41.244673965161475,0.35768842697143555,32768.0,525.4999470000039,0
120,0.0003454915028125262,1.2412580020628967,0.18135114488276569,0.6276058800421752,0.21615048925597946,459.00519480519483,0.9017172411084176,1.823648476973176,0.40594372696553666,0.6612679613754153,0.3782183909788728,522.859375,0.3949912488460541,0.07347997277975082,0.15426020237646298,0.5381256298286866,0.3874556594646888,0.45052730255448786,0.45192933082580566,0.2464599609375,0.2907616915723879,4806,4125,7598,0.7192783355712891,5.833442194644023,0.045068582625734814,0.20836054866100587,0.25,2180,16,0.007339449541284404,3009,885,0.29411764705882354,5721,3087,0.5395909805977976,1494,818,0.5475234270414994,40.75930829671791,0.35796022415161133,32768.0,526.0950030999957,0
121,0.00033804129090092506,1.24182088971138,0.180510220487977,0.6278711337160755,0.21671976725776473,459.09805194805193,0.901590254573853,1.8494780901819468,0.42621809189828735,0.6618440483386318,0.3807079750889291,522.859375,0.39653831720352173,0.06404846906661987,0.1502571373610408,0.495822809403536,0.4114801676878426,0.44973125385496515,0.45025303959846497,0.24951171875,0.2900988973513698,5104,5190,7300,0.7132454514503479,6.723709993468321,0.026779882429784456,0.20052253429131286,0.25,2180,22,0.010091743119266056,3009,1036,0.34430043203722166,5721,3223,0.5633630484181087,1494,823,0.5508701472556894,41.38664287038034,0.3592853546142578,32768.0,525.5487147000094,0
122,0.0003306310398773541,1.2399766416518718,0.18022189213374218,0.6276609860844427,0.21604688120159235,459.0577922077922,0.9051434161214086,1.833030251165231,0.4171982187932978,0.6595644860838851,0.3781337739589314,522.859375,0.3953709602355957,0.07173614948987961,0.1531871993898676,0.48891625615763545,0.4160754595291841,0.4495644599303136,0.4503951072692871,0.252197265625,0.289960110118546,5161,5395,7243,0.7158743143081665,6.894839973873285,0.034617896799477466,0.2037883736120183,0.25,2180,21,0.00963302752293578,3009,1048,0.3482884679295447,5721,3265,0.570704422303793,1494,827,0.5535475234270415,41.03767360581343,0.3579220771789551,32768.0,525.699143100006,0
123,0.00032326257811037126,1.237883291693477,0.1796011298120796,0.627682618622656,0.21529977196319536,458.91753246753245,0.9010963630560157,1.8549999712655942,0.435464144917205,0.6599955360094706,0.37977014497543377,522.859375,0.39122310280799866,0.07379651069641113,0.15259318460284704,0.490613266583229,0.4108352144469526,0.447194067833794,0.44838467240333557,0.253662109375,0.28799095789771123,5096,5291,7308,0.7179434895515442,6.784454604833442,0.025473546701502287,0.1952971913781842,0.25,2180,25,0.011467889908256881,3009,1009,0.33532735127949487,5721,3235,0.5654605838140185,1494,827,0.5535475234270415,41.521532057970596,0.3566470146179199,32768.0,521.7921551000036,0
124,0.0003159377236576609,1.2360194764741055,0.17946213818602746,0.6273916974470213,0.21458282028506329,459.13831168831166,0.9027898570546856,1.8881040817747514,0.4696664452397575,0.6604577380542954,0.3789899512194097,522.859375,0.38428962230682373,0.07225796580314636,0.14949965992473152,0.4808055975794251,0.4099484037407288,0.4425587467362924,0.44320148229599,0.255615234375,0.28415758591785417,5085,5491,7319,0.7165654301643372,6.907903331156107,0.02939255388634879,0.19725669497060744,0.25,2180,23,0.01055045871559633,3009,1012,0.3363243602525756,5721,3235,0.5654605838140185,1494,815,0.5455153949129853,41.22141720747192,0.35758161544799805,32768.0,523.4599685000139,0
125,0.000308658283817455,1.2369991215792568,0.1794684057595668,0.6275843026576104,0.21497320671650497,459.0201298701299,0.9111547300180831,1.8411668222397566,0.42245703539811075,0.6606080811470747,0.3790508514114966,522.859375,0.4002956748008728,0.07998865842819214,0.15760261218492816,0.5082245040374838,0.4109964527571751,0.4544684644528638,0.4548141658306122,0.25146484375,0.29405318105785316,5098,4933,7306,0.7196246981620789,6.551926845199216,0.03527106466361855,0.1952971913781842,0.25,2180,20,0.009174311926605505,3009,1022,0.3396477234961781,5721,3243,0.5668589407446251,1494,813,0.5441767068273092,41.460309126490294,0.3568553924560547,65536.0,523.4461479000165,0
126,0.0003014260546826094,1.2352853397270303,0.17876508066116215,0.6272075183592833,0.21465637007026703,459.0376623376623,0.9114519700020939,1.8458762783557177,0.4216480577985446,0.6613520135482153,0.3814381022627155,522.859375,0.38277995586395264,0.06549669057130814,0.14729257495528145,0.5054393305439331,0.3895517574975814,0.43999271535239487,0.4410867989063263,0.2452392578125,0.282045295353724,4832,4728,7572,0.7165818214416504,6.244284781188766,0.037883736120182886,0.2116263879817113,0.25,2180,24,0.011009174311926606,3009,942,0.31306081754735793,5721,3095,0.5409893375284042,1494,771,0.5160642570281124,41.0644438120452,0.3573431968688965,65536.0,525.2726636999869,0
127,0.0002942428206974454,1.2344183226297427,0.17881345746482347,0.627392820220489,0.21410602269234597,459.0279220779221,0.9099477349744215,1.8472481947392225,0.42194491989600164,0.6601644093170762,0.3825694316377242,522.859375,0.38915884494781494,0.063269704580307,0.1477471148231416,0.5086717208432859,0.3948726217349242,0.44460581854490994,0.4472719728946686,0.23583984375,0.2858476801867523,4898,4731,7506,0.7136565446853638,6.2893533638145005,0.039190071848465055,0.20444154147615937,0.25,2180,20,0.009174311926605505,3009,965,0.3207045530076437,5721,3137,0.5483307114140884,1494,776,0.5194109772423026,40.916781974795114,0.3575124740600586,65536.0,528.0495791999856,0
128,0.00028711035421746345,1.2328205858345156,0.17735822626280706,0.6272919672650176,0.21408519652466496,458.9974025974026,0.9098888835736684,1.8537549171596766,0.42931342652688426,0.6623393970852097,0.38105104483353597,522.859375,0.3823449909687042,0.07178883999586105,0.14804638115638227,0.4866294446076991,0.40051596259271205,0.4393932693583337,0.4407956898212433,0.255859375,0.2815528478322471,4968,5241,7436,0.7166275978088379,6.668190725016329,0.034617896799477466,0.20313520574787722,0.25,2180,21,0.00963302752293578,3009,974,0.323695579926886,5721,3187,0.5570704422303793,1494,786,0.5261044176706827,40.843268822814615,0.3577299118041992,65536.0,528.6405060999969,0
129,0.0002800304150720422,1.2317125222512655,0.17774669294330206,0.627201460901793,0.21338218407971518,459.1038961038961,0.9121879877014594,1.8466490072508652,0.42328208739248413,0.6622338111822804,0.38056655212615925,522.859375,0.3856874704360962,0.06576217710971832,0.14926668436673934,0.4889106967615309,0.4016446307642696,0.4410020359387448,0.44276052713394165,0.2412109375,0.282875312287077,4982,5208,7422,0.7165393233299255,6.655780535597649,0.030045721750489876,0.18484650555192683,0.25,2180,19,0.00871559633027523,3009,928,0.3084081090063144,5721,3200,0.559342772242615,1494,835,0.5589022757697456,40.925487227789745,0.3579235076904297,65536.0,522.6761926999898,0
130,0.0002730047501302264,1.2314680463694907,0.17754567551438685,0.6272755924370381,0.2133233890808248,459.0675324675325,0.9071300266431523,1.842321341857314,0.42070359472806257,0.6613807386408249,0.38011850339050096,522.859375,0.3835832476615906,0.06810356676578522,0.14916027475446753,0.5085961396477164,0.38874556594646886,0.44066712360063975,0.44154176115989685,0.251953125,0.2825997772959034,4822,4659,7582,0.7178013324737549,6.19268451992162,0.040496407576747225,0.2037883736120183,0.25,2180,17,0.007798165137614679,3009,912,0.30309072781655033,5721,3125,0.5462331760181787,1494,768,0.5140562248995983,41.117889336102515,0.35772228240966797,65536.0,524.8605318999907,0
131,0.0002660350928697132,1.2293331842530857,0.17701092885395922,0.6270573229371728,0.2126324672155179,459.08181818181816,0.9081031232685238,1.8470633110652368,0.41997644685519236,0.661469968346258,0.38280844983334344,522.859375,0.3884866237640381,0.061728429049253464,0.14747433193115284,0.503387394785465,0.3953563366655917,0.4428790752280322,0.44326987862586975,0.2476806640625,0.2844217608166106,4904,4838,7500,0.7130182981491089,6.363161332462443,0.039843239712606136,0.20444154147615937,0.25,2180,21,0.00963302752293578,3009,916,0.3044200731139914,5721,3169,0.5539241391365146,1494,798,0.5341365461847389,41.082526151104155,0.3575272560119629,65536.0,523.3114062999957,0
132,0.0002591231629491421,1.2301245733127966,0.17712138374033687,0.6270345158778228,0.2129843379721626,459.05064935064934,0.9118605135129644,1.8408932865907748,0.41557621979154646,0.6623724348222216,0.3814723129228999,522.859375,0.394034743309021,0.06815848499536514,0.1511334574122884,0.5120917734601075,0.3994679135762657,0.44882246376811596,0.44928768277168274,0.245849609375,0.28934306569343066,4955,4721,7449,0.7151560187339783,6.3200522534291315,0.033964728935336384,0.1959503592423253,0.25,2180,22,0.010091743119266056,3009,956,0.3177135260884015,5721,3164,0.5530501660548856,1494,813,0.5441767068273092,41.1256574112984,0.3577446937561035,65536.0,529.1734374999942,0
133,0.00025227066578379596,1.2283818395493866,0.17658633178995028,0.6270323329157643,0.21238158724040954,459.0376623376623,0.9148371218860923,1.8479673347125452,0.4207637149374932,0.6618606671690941,0.3826714779715985,522.859375,0.38782188296318054,0.0639074370265007,0.14654711625553318,0.5094398340248962,0.39592067075137055,0.44556341861731086,0.44641411304473877,0.247314453125,0.2866398178952898,4911,4729,7493,0.713082492351532,6.296538210320052,0.039843239712606136,0.1998693664271718,0.25,2180,25,0.011467889908256881,3009,951,0.3160518444666002,5721,3166,0.5533997552875372,1494,769,0.5147255689424364,41.101229217120554,0.3568711280822754,65536.0,530.4488165999937,0
134,0.0002454792921248141,1.2279797372492878,0.17631897558639575,0.6269368748386185,0.2123619433976226,459.0922077922078,0.9202163872780738,1.8478600432475407,0.42563029572678107,0.6613402161747217,0.3804447636939585,522.859375,0.3874371349811554,0.05990541726350784,0.14540252833139675,0.49959407347270146,0.3968881006127056,0.4423578039356636,0.44366851449012756,0.2452392578125,0.2839919238534756,4923,4931,7481,0.7139788269996643,6.436316133246244,0.040496407576747225,0.21293272370999347,0.25,2180,22,0.010091743119266056,3009,970,0.322366234629445,5721,3166,0.5533997552875372,1494,765,0.5120481927710844,41.29481673391931,0.3568868637084961,65536.0,524.0330568999925,0
135,0.00023875071764202534,1.227329679355993,0.17614139158810888,0.6268725601883678,0.21215786428807618,459.0935064935065,0.9173190406197077,1.8276973286022742,0.4112561125463496,0.6604096225152413,0.3780157937047382,522.859375,0.3879093825817108,0.06425416469573975,0.1487400350819371,0.5040272614622057,0.3935020960980329,0.44195943498732343,0.44375839829444885,0.2467041015625,0.28366362526878597,4881,4803,7523,0.7164857983589172,6.32527759634226,0.037230568256041804,0.2122795558458524,0.25,2180,20,0.009174311926605505,3009,916,0.3044200731139914,5721,3140,0.5488550952630659,1494,805,0.5388219544846051,40.84362887346412,0.3579092025756836,65536.0,527.4945700999815,0
136,0.0002320866025105013,1.2251640599656415,0.17572472516398926,0.626880796969711,0.2112792698110079,459.09025974025974,0.9186195594536793,1.8301019600282113,0.4053995110249768,0.6613378878682852,0.3816822807615002,522.859375,0.3913438320159912,0.06117228791117668,0.14917246169306964,0.5175118177911474,0.3883424701709126,0.4437177597641857,0.44592466950416565,0.2435302734375,0.28511393903521753,4817,4491,7587,0.7140038013458252,6.079686479425212,0.045068582625734814,0.2116263879817113,0.25,2180,20,0.009174311926605505,3009,925,0.30741110003323363,5721,3097,0.5413389267610558,1494,775,0.5187416331994645,41.22424631219384,0.3578019142150879,65536.0,520.8149492999946,0
137,0.0002254885910009338,1.224258695020304,0.17514278476017636,0.6267237727131162,0.2111960696903142,459.0753246753247,0.9215495597425993,1.854731364796559,0.42531948055451113,0.6630592374131083,0.383176324578623,522.859375,0.3908465802669525,0.0649225190281868,0.1496992911121197,0.506006628003314,0.3939051918735892,0.442973708068903,0.4433422088623047,0.248291015625,0.28449982531734014,4886,4770,7518,0.7166532874107361,6.30698889614631,0.033311561071195296,0.21032005225342912,0.25,2180,21,0.00963302752293578,3009,960,0.3190428713858425,5721,3128,0.5467575598671561,1494,777,0.5200803212851406,41.21297343786144,0.35730552673339844,65536.0,527.2053943999927,0
138,0.0002189583110739344,1.2228701831071407,0.17420741829101916,0.6267070290330169,0.21097786732792081,458.99285714285713,inf,1.8610664575050275,0.42883034772239625,0.6630631005391479,0.3845865066784124,522.859375,0.3856106102466583,0.0670398622751236,0.14868960400344805,0.4773535916915088,0.400193485972267,0.43538130947682324,0.43717846274375916,0.2421875,0.27826671898649025,4964,5435,7440,0.715427815914154,6.792292619203135,0.02939255388634879,0.2122795558458524,0.25,2180,25,0.011467889908256881,3009,986,0.327683615819209,5721,3169,0.5539241391365146,1494,784,0.5247657295850067,41.05364705586066,0.3579864501953125,65536.0,532.1921170999995,2
139,0.00021249737397836048,1.223013697700067,0.17503451543872234,0.6267267912626266,0.21062619500345997,459.0974025974026,0.9262720316067918,1.8617593304564555,0.4306376423531522,0.6623963996147116,0.3843626429637273,522.859375,0.38712796568870544,0.060847170650959015,0.14762785162674846,0.4855769230769231,0.4071267333118349,0.4429047535520084,0.4442424476146698,0.260009765625,0.2844429424355075,5050,5350,7354,0.7126418352127075,6.792945787067277,0.033311561071195296,0.20966688438928804,0.25,2180,22,0.010091743119266056,3009,1021,0.33931538717181786,5721,3205,0.560216745324244,1494,802,0.536813922356091,41.54960722928936,0.3577141761779785,65536.0,522.0221846000059,0
140,0.00020610737385376327,1.219668592299734,0.17390283832399103,0.6265163163086036,0.20962471819736742,459.09935064935064,0.9255870729878352,1.8496064227074385,0.4191938842025896,0.66241081772993,0.38400086015462875,522.859375,0.3870398998260498,0.06513039022684097,0.1477637307594705,0.4983257229832572,0.39592067075137055,0.44125971517139134,0.44333934783935547,0.2440185546875,0.2830873875951118,4911,4944,7493,0.7138583660125732,6.436969301110385,0.034617896799477466,0.2161985630306989,0.25,2180,20,0.009174311926605505,3009,1003,0.3333333333333333,5721,3132,0.5474567383324593,1494,756,0.5060240963855421,41.173982956251244,0.35793590545654297,65536.0,528.0705562999938,0
141,0.00019978988733705783,1.2218131516660964,0.17411787089492595,0.6266767842429025,0.2105092480633553,459.08181818181816,0.9282305852933364,1.85332007954518,0.42376116771871847,0.6641559976463517,0.38270145856464904,522.859375,0.3867778480052948,0.06444347649812698,0.14752132840949345,0.5123528788039444,0.3895517574975814,0.44259216853675293,0.4442996084690094,0.23486328125,0.2841851437981533,4832,4599,7572,0.7153583765029907,6.160026126714565,0.041149575440888306,0.22273024167210972,0.25,2180,16,0.007339449541284404,3009,948,0.3150548354935194,5721,3105,0.5427372836916623,1494,763,0.5107095046854083,40.92016143516937,0.3575096130371094,65536.0,531.1962005000096,0
142,0.00019354647317351147,1.2177633818480875,0.17325984441808293,0.6265833071687005,0.20896011439043205,459.03246753246754,0.9227219949488515,1.8713383662203948,0.43563947911995154,0.6641686006138722,0.3857651414970557,522.859375,0.3796645402908325,0.06068376079201698,0.14385569980895524,0.4675348837209302,0.4051918735891648,0.4341366502548156,0.4365646541118622,0.260986328125,0.27725066195939985,5026,5724,7378,0.7121033668518066,7.021554539516655,0.023514043109079032,0.20052253429131286,0.25,2180,34,0.015596330275229359,3009,1003,0.3333333333333333,5721,3202,0.5596923614752666,1494,787,0.5267737617135207,40.954203466502335,0.3572998046875,65536.0,531.4645962000068,0
143,0.00018737867183214719,1.2196966496767936,0.17418059558885826,0.6264320868950386,0.20954198336059396,459.0551948051948,0.9297352212396535,1.8665900646398466,0.4352814794207613,0.6641501852621635,0.3835791992023587,522.859375,0.3826056718826294,0.06111026555299759,0.1453412758954073,0.4757964812173086,0.4033376330216059,0.4365810026615472,0.43810027837753296,0.253662109375,0.27924759991069437,5003,5512,7401,0.711649477481842,6.868060091443501,0.03527106466361855,0.2037883736120183,0.25,2180,27,0.012385321100917432,3009,978,0.325024925224327,5721,3212,0.5614403076385247,1494,786,0.5261044176706827,40.931133921585015,0.3592853546142578,65536.0,534.5821341999981,0
144,0.0001812880051256549,1.217974332052392,0.17297328585734614,0.6263589389912494,0.20932105376155347,459.0655844155844,0.9323938540243483,1.8721141256392002,0.44366675762770075,0.662225903943181,0.38311072904616594,522.859375,0.3805445432662964,0.06276599317789078,0.1460346938805742,0.45554472121265843,0.41430183811673654,0.4339455351488284,0.4357176721096039,0.255126953125,0.2770947913296668,5139,6142,7265,0.7130221128463745,7.368386675375572,0.025473546701502287,0.18876551273677336,0.25,2180,22,0.010091743119266056,3009,1013,0.33665669657693587,5721,3260,0.569830449222164,1494,844,0.5649263721552878,40.62248768688631,0.3592853546142578,65536.0,529.0370511999936,0
145,0.00017527597583490801,1.217556331684063,0.17297173074700617,0.6264580888794614,0.20906325640132675,459.1149350649351,0.9307485760612921,1.87141750069956,0.4389865112025291,0.6637047389522195,0.3843631244574984,522.859375,0.3858255445957184,0.061642322689294815,0.14767012468328175,0.4699002719854941,0.41784908094163176,0.4423487240761287,0.4438300132751465,0.261962890625,0.2839844392088105,5183,5847,7221,0.7125691771507263,7.204441541476159,0.027433050293925537,0.17962116263879818,0.25,2180,28,0.012844036697247707,3009,1050,0.3489531405782652,5721,3240,0.5663345568956476,1494,865,0.5789825970548862,40.95565166418117,0.3600478172302246,65536.0,523.0153564999928,0
146,0.00016934406733817395,1.2165439959857371,0.17299593712941005,0.6263324489454171,0.20860780535580276,459.0266233766234,0.9328227341175079,1.874336085592707,0.44301706467134255,0.6635459344834089,0.383886540774256,522.859375,0.3753943145275116,0.0583544485270977,0.14265775790554472,0.4554677680014365,0.40898097387939375,0.4309744286806559,0.4317142367362976,0.25390625,0.27467648492067787,5073,6065,7331,0.7117200493812561,7.274983670803397,0.026779882429784456,0.20313520574787722,0.25,2180,30,0.013761467889908258,3009,1028,0.34164174144233966,5721,3211,0.561265513022199,1494,804,0.5381526104417671,40.94353543384528,0.3579392433166504,65536.0,527.9077841999824,0
147,0.0001634937432451131,1.2153976126924737,0.17215030865090622,0.626268113975401,0.20848959422150215,459.0077922077922,0.9342294916510582,1.8749508777012427,0.448225563003992,0.6614939132705331,0.3826157014506559,522.859375,0.37721070647239685,0.05906347557902336,0.14361074323642242,0.4767690513219285,0.395436955820703,0.4323109465891063,0.43434518575668335,0.2452392578125,0.2757631978411199,4905,5383,7499,0.7127277851104736,6.719790986283475,0.034617896799477466,0.21097322011757022,0.25,2180,22,0.010091743119266056,3009,933,0.3100697906281156,5721,3187,0.5570704422303793,1494,763,0.5107095046854083,41.081191768201606,0.3568606376647949,65536.0,534.8024740999972,0
148,0.00015772644703565544,1.2127743706687704,0.170811728625135,0.6263201177894295,0.2078212613312455,459.02272727272725,0.9280057764866135,1.8755545591314633,0.43932683564101654,0.664185980334878,0.38602087025841075,522.859375,0.37989068031311035,0.06334599107503891,0.14526197424638668,0.48783662028231056,0.39285714285714285,0.43522529361854156,0.4358905851840973,0.2484130859375,0.2781392694063927,4873,5116,7531,0.7133160829544067,6.524493794905291,0.027433050293925537,0.2155453951665578,0.25,2180,24,0.011009174311926606,3009,962,0.319707544034563,5721,3139,0.5486803006467401,1494,748,0.500669344042838,37.69094358349205,0.35752105712890625,65536.0,553.9376157000079,0
149,0.00015204360170384266,1.2120680343021046,0.1712189470212181,0.6261923761336834,0.2073283556413341,459.12207792207795,0.9337169973881214,1.869576661537091,0.4358935702281694,0.6631560288369656,0.38526353100314736,522.859375,0.38743963837623596,0.059969693422317505,0.1463086472795112,0.4745794046958772,0.41389874234118024,0.4421669106881405,0.444444477558136,0.271728515625,0.28383458646616544,5134,5684,7270,0.7124217748641968,7.065969954278249,0.024820378837361202,0.18484650555192683,0.25,2180,31,0.014220183486238533,3009,1028,0.34164174144233966,5721,3223,0.5633630484181087,1494,852,0.570281124497992,40.70172369263138,0.3592853546142578,65536.0,529.2603337999899,0
150,0.0001464466094067261,1.2147929782604243,0.17173892496661705,0.6263251146325818,0.2083644703611151,458.8935064935065,0.9394710603665996,1.8813875981916983,0.44228880930071074,0.663787285797298,0.38765575224533677,522.859375,0.38448992371559143,0.06119229644536972,0.14514404458604985,0.47741078208048593,0.4055143502096098,0.4385353095030514,0.4399109482765198,0.26171875,0.28084868788386375,5030,5506,7374,0.7110924124717712,6.8817766165904635,0.030045721750489876,0.2077073807968648,0.25,2180,20,0.009174311926605505,3009,1035,0.3439680957128614,5721,3175,0.5549729068344695,1494,800,0.535475234270415,41.06165895620075,0.35790538787841797,65536.0,531.0099410999974,0
151,0.00014093685111840547,1.2121823614293878,0.17107536010927968,0.6261132516257175,0.2074968743246871,459.0779220779221,0.9314674627858323,1.8843715867648523,0.4485638542100787,0.6636362352098027,0.3860857480516036,522.859375,0.375794917345047,0.05796774476766586,0.14166994341785538,0.4676537155790268,0.39979039019671075,0.43106745479833103,0.43135717511177063,0.250244140625,0.2747520638262508,4959,5645,7445,0.7113755941390991,6.926192031352057,0.026779882429784456,0.20117570215545394,0.25,2180,26,0.011926605504587157,3009,993,0.3300099700897308,5721,3141,0.5490298898793917,1494,799,0.534805890227577,41.25544834536056,0.3576836585998535,131072.0,534.1494687999948,0
152,0.00013551568628929414,1.2123985033917737,0.17103628273327628,0.6263669417276011,0.20749763932998305,458.9642857142857,inf,1.8705798933903377,0.43836715786407393,0.6631169539565841,0.3845478864386678,522.859375,0.3801904320716858,0.06971593201160431,0.14534616196324351,0.46306273399689524,0.4088197355691712,0.43425390708627704,0.4349772334098816,0.251220703125,0.277346313716911,5071,5880,7333,0.7144854068756104,7.152841280209014,0.028739386022207707,0.19725669497060744,0.25,2180,30,0.013761467889908258,3009,1047,0.34795613160518446,5721,3203,0.5598671560915924,1494,791,0.5294511378848729,40.726276709811124,0.3577079772949219,65536.0,536.1685210999858,2
153,0.00013018445251069497,1.2105131259986333,0.17060373877840382,0.6260552845217965,0.20692705170481235,459.0668831168831,0.9351871163620578,1.8990849871188402,0.4599758302016805,0.6635842708249887,0.38776244269683957,522.859375,0.3656277060508728,0.05902954190969467,0.1378161687708598,0.451518477863154,0.3979361496291519,0.4230373671580391,0.42373985052108765,0.25341796875,0.2682608695652174,4936,5996,7468,0.7090487480163574,7.140431090790333,0.02612671456564337,0.21097322011757022,0.25,2180,28,0.012844036697247707,3009,961,0.3193752077102027,5721,3186,0.5568956476140535,1494,761,0.5093708165997323,40.32699834873228,0.35730648040771484,65536.0,535.797696499998,0
154,0.0001249444651847701,1.2130587630070648,0.17121264055468044,0.6262409524097071,0.2078025837707055,459.11233766233767,0.9394339245054629,1.8716814946383238,0.4373175090489288,0.663254540724059,0.38555472747733194,522.859375,0.38086724281311035,0.05938655510544777,0.14394114769238514,0.4731182795698925,0.40083843921315704,0.43398943831012965,0.4352486729621887,0.26171875,0.27713059472716123,4972,5537,7432,0.7119122743606567,6.864141084258654,0.03200522534291313,0.20836054866100587,0.25,2180,26,0.011926605504587157,3009,1014,0.3369890329012961,5721,3150,0.5506030414263241,1494,782,0.5234270414993306,40.760154169722576,0.3575434684753418,65536.0,529.1931764000037,0
155,0.00011979701719998438,1.2088829916793031,0.16986452334306457,0.6260118933080079,0.20650328770279885,458.8551948051948,0.9361592698213342,1.8884997895608346,0.451154890935868,0.6638772975032529,0.3867338007936875,522.859375,0.370964378118515,0.055285222828388214,0.1392750561972207,0.44960200339862266,0.405272492744276,0.42628789484842056,0.4279020428657532,0.26171875,0.2708804828106477,5027,6154,7377,0.7100850939750671,7.303069888961463,0.02155453951665578,0.20248203788373612,0.25,2180,35,0.016055045871559634,3009,979,0.32535726154868727,5721,3216,0.562139486103828,1494,797,0.5334672021419009,41.095299880691904,0.35752391815185547,65536.0,530.593121199985,0
156,0.00011474337861210527,1.2099593381216,0.17023560461382586,0.6260882881167648,0.20681772285274097,458.99285714285713,0.9376067945322433,1.8739004787057638,0.43739879069228965,0.6630898555740714,0.3867059211867551,522.859375,0.3738025724887848,0.057178884744644165,0.14093441608711146,0.4650814454222056,0.40051596259271205,0.43039071298622544,0.4319440424442291,0.255615234375,0.27420245060161164,4968,5714,7436,0.7108365893363953,6.9771391247550625,0.023514043109079032,0.20509470934030047,0.25,2180,27,0.012385321100917432,3009,993,0.3300099700897308,5721,3201,0.5595175668589407,1494,747,0.5,40.77653488150203,0.35791921615600586,65536.0,532.0858537000022,0
157,0.00010978479633083506,1.2098964552987705,0.17021614232330354,0.6260209354100289,0.20682968836422866,459.037012987013,0.9422110659929065,1.9001415527115266,0.45923968551990885,0.6643440111850699,0.38827892222131294,522.859375,0.37208446860313416,0.06056474894285202,0.14203744252517936,0.4443665673734011,0.4089003547242825,0.4258963808884037,0.4279778301715851,0.25830078125,0.27056438706924146,5072,6342,7332,0.7119858264923096,7.455258001306336,0.019595035924232528,0.19790986283474854,0.25,2180,26,0.011926605504587157,3009,1029,0.3419740777666999,5721,3230,0.5645866107323895,1494,787,0.5267737617135207,40.83630465200282,0.3592853546142578,65536.0,533.4506074000092,0
158,0.00010492249381215464,1.2086514444320233,0.16983881741278356,0.6259665186529035,0.20642305374532552,459.10064935064935,0.9502476692393229,1.8694596253335476,0.43456904535802704,0.6631134347990155,0.38588857495536405,522.859375,0.37883684039115906,0.056227292865514755,0.1420585603118525,0.4812938425565082,0.3982586262495969,0.4358567143109229,0.43711376190185547,0.245849609375,0.27865523465703973,4940,5324,7464,0.7116035223007202,6.704114957544089,0.033311561071195296,0.2077073807968648,0.25,2180,23,0.01055045871559633,3009,962,0.319707544034563,5721,3166,0.5533997552875372,1494,789,0.5281124497991968,40.69886820219543,0.35772132873535156,65536.0,531.289259400015,0
159,0.00010015767075645462,1.2092151741702835,0.17015171964931022,0.6259536725360078,0.2065548911932614,459.0948051948052,0.9418563606290075,1.875434606646498,0.4422619289252907,0.663231116409103,0.38497077984114486,522.859375,0.37236154079437256,0.05676506459712982,0.14034812729914847,0.46076887447892545,0.40099967752337956,0.4288115867063235,0.43034690618515015,0.259765625,0.2729218106995885,4974,5821,7430,0.7097842693328857,7.050947093403004,0.02612671456564337,0.2122795558458524,0.25,2180,23,0.01055045871559633,3009,1001,0.3326686606846128,5721,3187,0.5570704422303793,1494,763,0.5107095046854083,41.03844367967216,0.35768795013427734,65536.0,525.9143018999894,0
160,9.549150281252619e-05,1.2051603360996619,0.16885801011623888,0.625833315973158,0.20523450454430922,458.9155844155844,0.9400129674317,1.8837573907027643,0.4505878189423432,0.6641036219274005,0.38453297301506,522.859375,0.3731321096420288,0.05907212570309639,0.1408815639460954,0.45926811327694006,0.4026926797807159,0.4291237113402062,0.4297657310962677,0.25390625,0.27317473338802295,4995,5881,7409,0.7116053104400635,7.103853690398433,0.030045721750489876,0.20182887001959504,0.25,2180,29,0.013302752293577982,3009,981,0.32602193419740777,5721,3195,0.5584687991609858,1494,790,0.5287817938420348,41.077854430453826,0.3592853546142578,65536.0,530.6895607000042,0
161,9.092514128748822e-05,1.2079088176612731,0.16925544000000922,0.6259762263917303,0.20633857569040417,459.0590909090909,0.9364560626737484,1.8766783581425746,0.44276087164568406,0.6628615961720546,0.3855279462101559,522.859375,0.37477290630340576,0.05848384648561478,0.1416767092199734,0.4639992538705465,0.4010802966784908,0.4302516647928738,0.43126317858695984,0.243896484375,0.27408958184122084,4975,5747,7429,0.7108117341995239,7.003265839320705,0.025473546701502287,0.20313520574787722,0.25,2180,30,0.013761467889908258,3009,936,0.31106679960119643,5721,3220,0.5628386645691312,1494,789,0.5281124497991968,40.5602032679375,0.35770463943481445,65536.0,532.1063557000016,0
162,8.645971286271907e-05,1.2061524956257312,0.16871192868460308,0.625926268410373,0.20575714861224223,459.1142857142857,nan,1.89419597076873,0.4533938338669638,0.6640870378663143,0.3883575494401157,522.859375,0.37169939279556274,0.055782776325941086,0.13947193846815936,0.44232437120555074,0.41115769106739763,0.42617197292554526,0.4274423122406006,0.271728515625,0.27078687480089203,5100,6430,7304,0.7090758085250854,7.531025473546702,0.02612671456564337,0.1998693664271718,0.25,2180,31,0.014220183486238533,3009,1043,0.34662678630774346,5721,3228,0.5642370214997378,1494,798,0.5341365461847389,41.134549564325525,0.35791969299316406,32768.0,527.031341599999,1
163,8.209631931586485e-05,1.2045991306181079,0.16822024732586238,0.6258935283143799,0.20524267754094166,459.0525974025974,0.9420952330549042,1.904811297232906,0.46569019882008433,0.6634247396141291,0.38784818227092427,522.859375,0.3722718358039856,0.05820184573531151,0.14164903826349473,0.4415718717683557,0.41309255079006774,0.42685771409530154,0.42929717898368835,0.266357421875,0.27134081762338486,5124,6480,7280,0.7108786702156067,7.579359895493142,0.02155453951665578,0.1946440235140431,0.25,2180,35,0.016055045871559634,3009,1038,0.34496510468594216,5721,3238,0.565984967662996,1494,813,0.5441767068273092,40.883107165649626,0.35796499252319336,32768.0,529.2147266000102,0
164,7.783603724899246e-05,1.2064448021062009,0.16907526112415575,0.6259472142179291,0.2057111635271992,459.08246753246755,0.9517037877788791,1.8932228765139978,0.4579492033614467,0.6635894201075038,0.38584212539717555,522.859375,0.37214821577072144,0.05966033414006233,0.14079531535317075,0.4377336051647978,0.4154305062882941,0.42629053606882855,0.42837589979171753,0.2685546875,0.2708826157808968,5153,6619,7251,0.7110202312469482,7.689092096668844,0.024167210973220117,0.19790986283474854,0.25,2180,31,0.014220183486238533,3009,1055,0.35061482220006646,5721,3271,0.571753190001748,1494,796,0.5327978580990629,41.28238537886146,0.35771799087524414,32768.0,527.2440414000012,0
165,7.367991782295392e-05,1.2038663438775323,0.1682008704581818,0.6258221826770088,0.2049216446357888,458.9305194805195,0.9372623231116828,1.8712528366595507,0.439352055080235,0.6624718479191264,0.38471446419134736,522.859375,0.38184693455696106,0.062638059258461,0.1448283283980345,0.4709743974491231,0.40486939696871976,0.4354272337104955,0.43673741817474365,0.25927734375,0.27830423940149623,5022,5641,7382,0.7130460739135742,6.964728935336382,0.028086218158066622,0.20966688438928804,0.25,2180,28,0.012844036697247707,3009,999,0.3320039880358923,5721,3202,0.5596923614752666,1494,793,0.5307898259705489,41.2764349948419,0.35729169845581055,32768.0,528.6796610000019,0
166,6.962898649802802e-05,1.2039840434278761,0.16814345782985549,0.6257663415236907,0.20503712129573542,459.038961038961,0.9429438687377162,1.8883574455976486,0.4462844278508176,0.6641227590541045,0.388975131791085,522.859375,0.37067511677742004,0.056030966341495514,0.13934455430789966,0.4711007841998257,0.3922928087713641,0.4281001187700699,0.4289586842060089,0.253173828125,0.27234566519281356,4866,5463,7538,0.7103539109230042,6.74657086871326,0.028086218158066622,0.21032005225342912,0.25,2180,19,0.00871559633027523,3009,941,0.3127284812229977,5721,3125,0.5462331760181787,1494,781,0.5227576974564926,41.21754699040459,0.3570852279663086,32768.0,529.3514036000124,0
167,6.568424278090424e-05,1.203539659760215,0.16855149291358984,0.6256055304369369,0.20469131847577435,459.05584415584417,0.9420434605378609,1.8886623693009217,0.4491188549436629,0.6647359666725,0.3874037728334467,522.859375,0.3671813905239105,0.05791644752025604,0.13846346631253253,0.4564330737856878,0.39696871976781684,0.4246291824767161,0.42474988102912903,0.248779296875,0.2695423691701336,4924,5864,7480,0.7118769884109497,7.046374918354017,0.02939255388634879,0.20509470934030047,0.25,2180,27,0.012385321100917432,3009,957,0.3180458624127617,5721,3173,0.5546233176018178,1494,767,0.5133868808567604,40.98281745322367,0.3566765785217285,32768.0,529.5459253000154,0
168,6.184665997806812e-05,1.2036952674001842,0.16841170554859686,0.6257352982248578,0.2047741312775519,459.05194805194805,0.9494851700284265,1.8939782573531072,0.4514861823990941,0.6646482419843475,0.38892191493262845,522.859375,0.37531113624572754,0.05634137988090515,0.1414412632027961,0.481835373743406,0.3902773298935827,0.4312502783840364,0.4317639172077179,0.2421875,0.274900624645088,4841,5206,7563,0.7119284868240356,6.562377531025474,0.032658393207054215,0.22664924885695623,0.25,2180,23,0.01055045871559633,3009,958,0.318378198737122,5721,3124,0.5460583814018528,1494,736,0.4926372155287818,41.01108254278786,0.3579368591308594,32768.0,526.8098954999878,0
169,5.811718495565318e-05,1.2040767152975131,0.16816606058847983,0.6258110525933179,0.20504979991487093,459.0357142857143,0.9533942314711484,1.916305939356486,0.4751631855033338,0.6644806144759059,0.38833107038711506,522.859375,0.3736615777015686,0.05952591449022293,0.14221403291994647,0.43114659642768954,0.42228313447275073,0.4266688388384312,0.4307585060596466,0.26904296875,0.27118819570282165,5238,6911,7166,0.7110640406608582,7.935336381450033,0.016982364467668192,0.18158066623122143,0.25,2180,38,0.01743119266055046,3009,1078,0.35825855766035225,5721,3295,0.5759482607935675,1494,827,0.5535475234270415,41.137580333369186,0.3579258918762207,32768.0,528.0430703000166,0
170,5.449673790581603e-05,1.2016051095801514,0.1675130063861415,0.6256342534120981,0.20422892589363958,459.0863636363636,0.9457144157259495,1.8966268443812926,0.4567610847298056,0.6637478846435746,0.38805893979345757,522.859375,0.36900579929351807,0.057539407163858414,0.13904445728185238,0.4456146561642623,0.4059174459851661,0.4248407374593933,0.4260978102684021,0.265380859375,0.2697128776515963,5035,6264,7369,0.7117813229560852,7.380143696930111,0.020901371652514697,0.20509470934030047,0.25,2180,30,0.013761467889908258,3009,1019,0.33865071452309736,5721,3185,0.5567208529977277,1494,801,0.536144578313253,41.33602929720838,0.3568568229675293,32768.0,532.637049300014,0
171,5.098621211969216e-05,1.2033197813219838,0.16809931580315937,0.6256676616219731,0.20477640190972135,459.08506493506496,0.9568951801820235,1.9002894945442677,0.45491053637427586,0.6648177551105618,0.39028060451770824,522.859375,0.3756674528121948,0.05999274179339409,0.14162522422157053,0.46930114118645666,0.4011609158336021,0.4325640022601817,0.4330917000770569,0.2496337890625,0.27596916421718154,4976,5627,7428,0.7112322449684143,6.925538863487916,0.02612671456564337,0.1992161985630307,0.25,2180,32,0.014678899082568808,3009,957,0.3180458624127617,5721,3198,0.5589931830099633,1494,789,0.5281124497991968,41.03880347560424,0.35772275924682617,32768.0,532.3040795999987,0
172,4.7586473766990253e-05,1.201049918671707,0.16701223069390694,0.6258463713255795,0.2040956586115546,459.1136363636364,0.9419892125121959,1.926307928437988,0.48182439416026074,0.6644645206009349,0.390009506760786,522.859375,0.36443331837654114,0.05181189626455307,0.13500483243878988,0.4277801091061687,0.41091583360206385,0.4191784201653029,0.42151689529418945,0.263427734375,0.2651649152013318,5097,6818,7307,0.7074320316314697,7.782495101241019,0.02155453951665578,0.19660352710646636,0.25,2180,31,0.014220183486238533,3009,1010,0.3356596876038551,5721,3269,0.5714036007690964,1494,787,0.5267737617135207,40.90402676713967,0.3592853546142578,32768.0,526.0201525000157,0
173,4.4298361682277405e-05,1.1999343805111848,0.16731459372616433,0.6255039403190861,0.2035579231458825,459.0292207792208,0.9501594025786821,1.8884457840273778,0.4515013506170362,0.6637381271769603,0.3866031506719689,522.859375,0.369320809841156,0.05826283618807793,0.13945934313796898,0.4508234009644254,0.3994679135762657,0.423594785210515,0.42725029587745667,0.258544921875,0.26870932754880694,4955,6036,7449,0.711492657661438,7.178967994774657,0.024167210973220117,0.2077073807968648,0.25,2180,27,0.012385321100917432,3009,978,0.325024925224327,5721,3179,0.5556720852997727,1494,771,0.5160642570281124,41.19273816047059,0.35733556747436523,32768.0,523.7464036000019,0
174,4.1122687158009486e-05,1.200809123957312,0.1671192903071642,0.6255783709225716,0.2040557307082337,458.88051948051947,0.9501119729566884,1.8862665096918743,0.44999863447931904,0.6641176572690407,0.38607510877773166,522.859375,0.37436431646347046,0.056895382702350616,0.14047973714405088,0.460521449704142,0.40156401160915833,0.42902670111972435,0.43042057752609253,0.253662109375,0.27309611272547835,4981,5835,7423,0.7106881141662598,7.064663618549967,0.028086218158066622,0.21293272370999347,0.25,2180,30,0.013761467889908258,3009,992,0.32967763376537057,5721,3196,0.5586435937773117,1494,763,0.5107095046854083,41.42254825273794,0.3577456474304199,32768.0,526.5826173999812,0
175,3.8060233744356686e-05,1.1991602643356696,0.16642212818388816,0.6255690458146008,0.20358454504763926,459.0896103896104,0.9405689139644821,1.9013097646335761,0.4551829517974208,0.6649894242485365,0.390568694875886,522.859375,0.3680907189846039,0.05578092858195305,0.13928192047933408,0.45281990736536193,0.4019671073847146,0.4258808456117873,0.42696234583854675,0.258056640625,0.2705518476314504,4986,6025,7418,0.7103897929191589,7.192031352057478,0.027433050293925537,0.2077073807968648,0.25,2180,25,0.011467889908256881,3009,975,0.3240279162512463,5721,3222,0.563188253801783,1494,764,0.5113788487282463,41.74471255743795,0.3577308654785156,65536.0,527.2740995000058,0
176,3.511175705587427e-05,1.1995134996903407,0.16703090779967122,0.6255415236795103,0.2034705348457996,459.0694805194805,0.951109960114027,1.8965655552844207,0.45757911455196637,0.663152360667785,0.3879170428651075,522.859375,0.36785241961479187,0.05485227331519127,0.13785098420448777,0.4504236524247341,0.4028539180909384,0.42531279257809174,0.4263148605823517,0.26025390625,0.2700935084590022,4997,6097,7407,0.7092052102088928,7.246244284781189,0.024820378837361202,0.1992161985630307,0.25,2180,32,0.014678899082568808,3009,975,0.3240279162512463,5721,3210,0.5610907184058731,1494,780,0.5220883534136547,41.194308563171646,0.3571133613586426,65536.0,526.4671023999981,0
177,3.2277984585066264e-05,1.199385585839098,0.16702803939387395,0.6254489318116919,0.20345430665395475,459.0642857142857,0.947772349223688,1.898331282660365,0.45761630257281166,0.6643575932830572,0.38817869282017153,522.859375,0.3746928572654724,0.05839799344539642,0.14189449769546628,0.4664542728635682,0.40132215414382455,0.4314439244236436,0.43193018436431885,0.251953125,0.27505801746049285,4978,5694,7426,0.7103914618492126,6.970607446113651,0.024820378837361202,0.2077073807968648,0.25,2180,29,0.013302752293577982,3009,971,0.3226985709538053,5721,3201,0.5595175668589407,1494,777,0.5200803212851406,41.013588551793426,0.35709238052368164,65536.0,531.6780091999972,0
178,2.955961552288723e-05,1.199561333540198,0.1669629170716583,0.6255402089713455,0.20352910380181555,459.02597402597405,0.9500231577784984,1.9073642883449793,0.46785753810157377,0.6643319549039006,0.38758739720409113,522.859375,0.367179274559021,0.0573996901512146,0.13859879395822644,0.45091272363999635,0.40027410512737827,0.42408712363869316,0.4254187047481537,0.256103515625,0.26910569105691057,4965,6046,7439,0.70916348695755,7.192031352057478,0.02612671456564337,0.20966688438928804,0.25,2180,27,0.012385321100917432,3009,978,0.325024925224327,5721,3190,0.5575948260793567,1494,770,0.5153949129852744,41.14166740753316,0.35771942138671875,65536.0,528.2323488999973,0
179,2.6957320586227313e-05,1.1984178205202152,0.16605626822195269,0.6255130126104727,0.20342427024787121,459.0571428571429,0.9422372984615239,1.892039928585291,0.4536405473481864,0.6630841971685489,0.38765759160742164,522.859375,0.3747153580188751,0.05919256433844566,0.14179878870963875,0.45151568870767594,0.41067397613673007,0.4301275014776661,0.43241289258003235,0.269287109375,0.27398881239242684,5094,6188,7310,0.7113259434700012,7.369039843239713,0.020248203788373612,0.19660352710646636,0.25,2180,33,0.015137614678899083,3009,1017,0.33798604187437686,5721,3246,0.5673833245936025,1494,798,0.5341365461847389,40.99998904060542,0.3566575050354004,65536.0,528.4056251000147,0
180,2.44717418524232e-05,1.1997428120343716,0.16665096273282906,0.6256175932172057,0.20373712793089352,459.0194805194805,0.9462257135030511,1.903774028023084,0.46051152104822296,0.6645629489794374,0.3893497792693476,522.859375,0.3732854127883911,0.05679157003760338,0.14019214237196137,0.46069066862601027,0.40438568203805225,0.4307058217413704,0.43174320459365845,0.26025390625,0.2744583059750492,5016,5872,7388,0.7106835246086121,7.111691704768125,0.023514043109079032,0.20444154147615937,0.25,2180,28,0.012844036697247707,3009,1004,0.33366566965769356,5721,3193,0.5581192099283342,1494,791,0.5294511378848729,41.59932444047498,0.3577141761779785,65536.0,529.137822699995,0
181,2.210349260083491e-05,1.1986844862436319,0.16633261417994252,0.6255466814164992,0.20340259601543476,458.9136363636364,0.9476840576374685,1.8951385834564765,0.45333505802166957,0.6636809880534807,0.38906126795336604,522.859375,0.37103596329689026,0.05762451887130737,0.13969698383370996,0.46235855232395023,0.39858110287004195,0.4281075464346019,0.42888811230659485,0.256591796875,0.27235167740869276,4944,5749,7460,0.7115103006362915,6.984323971260614,0.02612671456564337,0.21293272370999347,0.25,2180,31,0.014220183486238533,3009,982,0.326354270521768,5721,3170,0.5540989337528404,1494,761,0.5093708165997323,40.880649111798874,0.3566575050354004,65536.0,538.4551438000053,0
182,1.9853157161528496e-05,1.1972625743259082,0.16603436747009492,0.6253564017546641,0.20293590309364454,458.9818181818182,0.9430022705491488,1.8972627495725949,0.4570390994194895,0.6639880407601595,0.3881178046576679,522.859375,0.3694799542427063,0.055060915648937225,0.13970260922797023,0.4553871289824816,0.4044663011931635,0.4284189402672815,0.42895326018333435,0.252685546875,0.27260378178656813,5017,6000,7387,0.7101901173591614,7.1959503592423255,0.020248203788373612,0.20182887001959504,0.25,2180,31,0.014220183486238533,3009,981,0.32602193419740777,5721,3202,0.5596923614752666,1494,803,0.5374832663989291,41.20097817996756,0.35773563385009766,65536.0,523.6892304000212,0
183,1.7721290771100992e-05,1.1980595779496355,0.16670547503639352,0.6253500045119942,0.2030020494788111,459.0935064935065,0.9509191310831479,1.911721806973219,0.4698180094516526,0.6636696749677261,0.3891170611605048,522.859375,0.3673478662967682,0.055052097886800766,0.13739823671457999,0.44994067719266223,0.39745243469848435,0.42207097298916996,0.4230318069458008,0.253662109375,0.2674841299983723,4930,6027,7474,0.7091345191001892,7.15676028739386,0.022207707380796866,0.21685173089483997,0.25,2180,34,0.015596330275229359,3009,987,0.32801595214356927,5721,3164,0.5530501660548856,1494,745,0.49866131191432395,40.992679607652875,0.35730409622192383,65536.0,526.9457366999995,0
184,1.5708419435684497e-05,1.1972255371994787,0.16606848013962244,0.6254289685905754,0.20286404359843824,459.0298701298701,0.9437443237993625,1.9286518755058448,0.4869182858771334,0.6641723665719231,0.38878061234330136,522.859375,0.3722168505191803,0.054681360721588135,0.13909282237364096,0.4489397568982344,0.4079329248629474,0.427455121436114,0.4294823408126831,0.2646484375,0.2718237980123556,5060,6211,7344,0.708742618560791,7.361854996734161,0.022207707380796866,0.20052253429131286,0.25,2180,28,0.012844036697247707,3009,1014,0.3369890329012961,5721,3222,0.563188253801783,1494,796,0.5327978580990629,41.15651208473542,0.35731029510498047,65536.0,530.1044430000184,0
185,1.3815039801161704e-05,1.19765176788553,0.16584167461842297,0.6255420962711433,0.20313399867577986,458.99285714285713,0.9445552782578902,1.889772213374575,0.45023587291749817,0.6637280937284231,0.38790412433445454,522.859375,0.3690856993198395,0.053439829498529434,0.13822710725289653,0.4597520355292376,0.4005965817478233,0.42814061692228156,0.4291357100009918,0.251953125,0.2723784465274352,4969,5839,7435,0.708765983581543,7.059438275636839,0.022860875244937948,0.20574787720444154,0.25,2180,30,0.013761467889908258,3009,960,0.3190428713858425,5721,3201,0.5595175668589407,1494,778,0.5207496653279786,41.48545233359717,0.35755014419555664,65536.0,527.4198587999854,0
186,1.2041619030626323e-05,1.1976917847023383,0.1664233460659524,0.6254393224205289,0.20291455841877243,458.9681818181818,0.9497747481256337,1.8993065891166527,0.46350924391299486,0.6631572603558501,0.3863200422686835,522.859375,0.36419549584388733,0.05157725140452385,0.13596300508870626,0.4382091652739907,0.4016446307642696,0.41913094687250246,0.4207385182380676,0.245849609375,0.26512692246288116,4982,6387,7422,0.708343505859375,7.425865447419987,0.02155453951665578,0.20117570215545394,0.25,2180,26,0.011926605504587157,3009,978,0.325024925224327,5721,3212,0.5614403076385247,1494,766,0.5127175368139224,41.54592645904866,0.3570823669433594,65536.0,526.0804372000275,0
187,1.0388594689117057e-05,1.1956741406933054,0.165319274005468,0.6253880558462886,0.20248340593239703,459.00454545454545,0.9464806825116083,1.916295412927866,0.4725086640100926,0.6648667166009545,0.38946001542111236,522.859375,0.3662761151790619,0.05584263056516647,0.13802899998518114,0.4356975837879969,0.40559496936472106,0.4201077199281867,0.4223378002643585,0.27294921875,0.26590909090909093,5031,6516,7373,0.7089868187904358,7.5421293272371,0.023514043109079032,0.20705421293272372,0.25,2180,33,0.015137614678899083,3009,1014,0.3369890329012961,5721,3228,0.5642370214997378,1494,756,0.5060240963855421,41.24045429449881,0.35730743408203125,65536.0,526.1858224999742,0
188,8.856374635655629e-06,1.1959831580713198,0.1657780114875792,0.6253898922112081,0.20240762719473282,459.0792207792208,inf,1.9003098923712969,0.4604507050632189,0.6640816042199731,0.38788878995304304,522.859375,0.3712323009967804,0.05729242041707039,0.14012148877627623,0.4468479604449938,0.40801354401805867,0.42654867256637163,0.42846065759658813,0.255859375,0.27109111361079863,5061,6265,7343,0.7099201679229736,7.39777922926192,0.020901371652514697,0.19268451992161986,0.25,2180,32,0.014678899082568808,3009,996,0.33100697906281157,5721,3237,0.5658101730466701,1494,796,0.5327978580990629,41.26071736836737,0.35709714889526367,65536.0,521.9932888000039,2
189,7.445336922613057e-06,1.1964190078633172,0.16554436380309717,0.6252890766441048,0.20279278293639033,459.02597402597405,0.9490424993556815,1.9011389904965956,0.4647173111637433,0.663256237283349,0.3865827185412248,522.859375,0.3699274957180023,0.055193301290273666,0.1391375101506128,0.44983876746685775,0.40486939696871976,0.42617107942973526,0.4280380606651306,0.2626953125,0.2707861533484309,5022,6142,7382,0.7097203731536865,7.291966035271065,0.022207707380796866,0.2037883736120183,0.25,2180,25,0.011467889908256881,3009,1007,0.33466267863077437,5721,3205,0.560216745324244,1494,785,0.5254350736278447,41.53893500338587,0.357511043548584,65536.0,522.4270011000044,0
190,6.155829702431163e-06,1.1969893811585066,0.1659100196868568,0.6253126326319459,0.2028833643085771,459.1331168831169,0.9478356234632529,1.895017442603906,0.4600780735878895,0.663139169725279,0.3859001014692088,522.859375,0.37080681324005127,0.05586915835738182,0.1395917829242535,0.4558769681435372,0.40148339245404707,0.4269547325102881,0.42787671089172363,0.260986328125,0.27141922825376064,4980,5944,7424,0.709691047668457,7.135205747877205,0.023514043109079032,0.20901371652514697,0.25,2180,25,0.011467889908256881,3009,997,0.3313393153871718,5721,3201,0.5595175668589407,1494,757,0.5066934404283802,41.47195035684705,0.3572821617126465,65536.0,528.0943506999756,0
191,4.988171141721226e-06,1.195669148765601,0.1652962288662017,0.6253818447326684,0.2024955378966285,459.07142857142856,0.9446991646638164,1.8848201055079699,0.4479425240618487,0.6633760274077455,0.3867507769415776,522.859375,0.37718597054481506,0.05700026452541351,0.1421670419322254,0.4667663830980649,0.4025314414704934,0.4322756590623783,0.43377041816711426,0.259033203125,0.2757344819969074,4993,5704,7411,0.7107383012771606,6.986936642717178,0.022860875244937948,0.2077073807968648,0.25,2180,29,0.013302752293577982,3009,984,0.3270189431704885,5721,3194,0.55829400454466,1494,786,0.5261044176706827,41.26741500402493,0.3568558692932129,65536.0,529.2510878000176,0
192,3.942649342761113e-06,1.197043249785126,0.16620420869681743,0.6253786055298595,0.20273021828238066,459.1051948051948,0.9499339730515108,1.892793484032154,0.4543872391028951,0.6638516588136554,0.3872772961234053,522.859375,0.3680162727832794,0.05724659934639931,0.1393312289583264,0.45019451732561294,0.4011609158336021,0.4242656776228844,0.4259984493255615,0.255615234375,0.26924949948595855,4976,6077,7428,0.710476279258728,7.219464402351404,0.022207707380796866,0.1998693664271718,0.25,2180,28,0.012844036697247707,3009,979,0.32535726154868727,5721,3191,0.5577696206956826,1494,778,0.5207496653279786,41.19750508551283,0.3579831123352051,65536.0,527.6164577000018,0
193,3.0195222724101985e-06,1.1950167134597705,0.1651913975377555,0.6252004038977933,0.20231245611491916,459.0487012987013,0.9452358521617852,1.9121036361902952,0.47286266383404535,0.6640356875335177,0.3876026435755193,522.859375,0.3668619394302368,0.05498184636235237,0.13753489302944216,0.4298179377464552,0.4130119316349565,0.4212473790239691,0.4249838888645172,0.26171875,0.2668229166666667,5123,6796,7281,0.7074443101882935,7.785107772697583,0.022207707380796866,0.20182887001959504,0.25,2180,38,0.01743119266055046,3009,1026,0.34097706879361916,5721,3268,0.5712288061527705,1494,791,0.5294511378848729,41.09497006794648,0.35797977447509766,65536.0,526.9563239999989,0
194,2.219017698459999e-06,1.1960188826957305,0.16553719692754668,0.6253810535390656,0.20255031682454147,459.0084415584416,0.9515552984236123,1.917541862775882,0.47152083918141824,0.6649554256970683,0.39053279828901094,522.859375,0.36590561270713806,0.0534629300236702,0.13655755591389607,0.4423470750601015,0.40051596259271205,0.42039348423947537,0.422240287065506,0.252685546875,0.2661381046767022,4968,6263,7436,0.7079075574874878,7.3357282821685175,0.023514043109079032,0.2161985630306989,0.25,2180,30,0.013761467889908258,3009,999,0.3320039880358923,5721,3181,0.5560216745324243,1494,758,0.5073627844712182,41.23672280977104,0.3574991226196289,65536.0,529.5443947000022,0
195,1.5413331334360161e-06,1.1976846340801808,0.16585117757513926,0.6254536314057065,0.2031899129996052,459.11233766233767,0.9529871601562996,1.899060587088267,0.45839591689097386,0.6642629901568095,0.38820083796357113,522.859375,0.37336206436157227,0.05540074408054352,0.1397711051577062,0.4536895902447772,0.4079329248629474,0.4295962983401961,0.4310426414012909,0.25439453125,0.2735578742498784,5060,6093,7344,0.7095789313316345,7.284781188765513,0.024167210973220117,0.1992161985630307,0.25,2180,31,0.014220183486238533,3009,1017,0.33798604187437686,5721,3225,0.5637126376507604,1494,787,0.5267737617135207,40.43577510789681,0.3568716049194336,65536.0,539.8269713000045,0
196,9.866357858642194e-07,1.196290660639862,0.1655275627559462,0.6253431231557549,0.20270998777410426,458.87857142857143,0.9490464062853293,1.9034619213392336,0.4639369669991235,0.6636996936673919,0.38791262777522206,522.859375,0.3768714666366577,0.057822857052087784,0.14175335554755292,0.45774839235576487,0.4074492099322799,0.43113670292173173,0.43250325322151184,0.257080078125,0.27480833016149203,5054,5987,7350,0.709587812423706,7.2116263879817115,0.022860875244937948,0.20640104506858262,0.25,2180,32,0.014678899082568808,3009,1018,0.3383183781987371,5721,3212,0.5614403076385247,1494,792,0.5301204819277109,41.15219618124715,0.3577308654785156,65536.0,532.0470345000213,0
197,5.550625190150475e-07,1.1964244975285097,0.16571610334341402,0.6252909157183263,0.20270874018889742,459.00714285714287,0.9496972562817784,1.8878980558365583,0.4485567857821782,0.6640277514234185,0.3876567599363625,522.859375,0.37716910243034363,0.058689653873443604,0.14319425849789696,0.46364807656911466,0.40615930345049983,0.43300386764073917,0.43367835879325867,0.253662109375,0.2763273365511189,5038,5828,7366,0.7106794118881226,7.097322011757021,0.024820378837361202,0.20509470934030047,0.25,2180,32,0.014678899082568808,3009,1004,0.33366566965769356,5721,3210,0.5610907184058731,1494,792,0.5301204819277109,41.306611319248844,0.3577299118041992,65536.0,524.2593744000187,0
198,2.4671981713419966e-07,1.1941933448825564,0.16478740199674646,0.6253469881299254,0.2020294775436451,459.0655844155844,0.9462314300529369,1.9054621309041977,0.4696664947550744,0.6633137737711271,0.38624092905471724,522.859375,0.3749062120914459,0.05979444831609726,0.14176683509031135,0.4674005080440305,0.40051596259271205,0.43138106195458686,0.43261319398880005,0.253662109375,0.27500691945751454,4968,5661,7436,0.7117882370948792,6.942521227955584,0.024820378837361202,0.21032005225342912,0.25,2180,29,0.013302752293577982,3009,991,0.3293452974410103,5721,3176,0.5551477014507953,1494,772,0.5167336010709505,41.28374935159861,0.35686779022216797,65536.0,521.8900091999967,0
199,6.168375916970607e-08,1.1961771089148212,0.16600728236235582,0.6253747057218056,0.20239756032824516,459.0772727272727,0.9437574245906496,1.9134260471910238,0.4707473265007138,0.664330898784101,0.3891739092456798,522.859375,0.3684346377849579,0.05605081841349602,0.13867695828121213,0.44018431577117023,0.4081747823282812,0.42357567137957,0.4270702302455902,0.270263671875,0.26869394470095,5063,6439,7341,0.7093381881713867,7.512736773350751,0.018288700195950358,0.20248203788373612,0.25,2180,31,0.014220183486238533,3009,1022,0.3396477234961781,5721,3224,0.5635378430344345,1494,786,0.5261044176706827,41.06070379993719,0.3570709228515625,65536.0,526.2173720000137,0
200,0.0,1.1972098385745829,0.1649840117807125,0.6256096950986169,0.20330806630482148,459.05194805194805,nan,1.9151743594557047,0.47067552300480503,0.664381853925685,0.3900584867224097,522.859375,0.3725121021270752,0.05408269912004471,0.13814353628004028,0.4402225074882328,0.4147049338922928,0.42708290090912865,0.4291091561317444,0.271728515625,0.27152282924254423,5144,6541,7260,0.7075567245483398,7.6322664924885695,0.018941868060091443,0.19660352710646636,0.25,2180,36,0.01651376146788991,3009,1047,0.34795613160518446,5721,3262,0.5701800384548156,1494,799,0.534805890227577,41.55023378686438,0.3600478172302246,32768.0,527.3062796999875,1
