epoch,learning_rate,train_total,train_classification,train_quality,train_box,train_positive_count,train_gradient_norm,valid_total,valid_classification,valid_quality,valid_box,valid_positive_count,metric_ap50,metric_ap75,metric_map50_95,metric_precision,metric_recall,metric_f1,metric_best_f1,metric_best_f1_threshold,metric_detection_accuracy,metric_tp,metric_fp,metric_fn,metric_mean_tp_iou,metric_average_detections_per_image,metric_no_detection_image_rate,metric_zero_recall_image_rate,metric_score_threshold,metric_tiny_lt16_gt,metric_tiny_lt16_matched,metric_tiny_lt16_recall,metric_small_16_32_gt,metric_small_16_32_matched,metric_small_16_32_recall,metric_medium_32_96_gt,metric_medium_32_96_matched,metric_medium_32_96_recall,metric_large_ge96_gt,metric_large_ge96_matched,metric_large_ge96_recall,train_images_per_second,peak_vram_gib,amp_scale,seconds,warning_count
1,0.0009999383162408303,2.3567345403231585,0.5578468588652549,0.7801800795576789,0.5093538024402284,526.825974025974,3.7229573225046133,2.2862854935228825,0.7191819233509401,0.6652321616808573,0.4509357043231527,590.671875,0.0842679813504219,0.0031929328106343746,0.021349764878050338,0.18857487679774715,0.15116091583360206,0.16780775943079607,0.17190341651439667,0.270751953125,0.09158851113716296,1875,8068,10529,0.63946932554245,6.494448073154801,0.48661005878510777,0.8471587197909863,0.25,761,0,0.0,1419,74,0.05214940098661029,5656,1759,0.310997171145686,4568,42,0.009194395796847636,27.05551856854331,1.421154499053955,1024.0,683.715512099996,0
2,0.0009997532801828658,1.927586924100851,0.4409022553207038,0.6591271452702485,0.4137787613969345,526.9902597402597,1.5691156728701159,2.0010547544807196,0.5339968025994798,0.6514182159056267,0.4078198680654168,590.671875,0.16386553645133972,0.02311859279870987,0.05335167397724945,0.3071759824261655,0.20291841341502742,0.24439265948150307,0.24473890662193298,0.25048828125,0.13920690227310437,2517,5677,9887,0.6799430847167969,5.3520574787720445,0.5094709340300457,0.7687785760940562,0.25,761,1,0.001314060446780552,1419,141,0.09936575052854123,5656,2251,0.397984441301273,4568,124,0.02714535901926445,27.320060790766117,1.4667253494262695,1024.0,654.0790344999987,0
3,0.0009994449374809851,1.8080686710871658,0.39865169438061776,0.6522852429321834,0.37856586710973217,526.9603896103896,1.4079685241758049,1.862248017763098,0.47328923735767603,0.645361926096181,0.37179842420543235,590.671875,0.2476734071969986,0.047889579087495804,0.0899651824740431,0.4056550156294402,0.23016768784263142,0.293694064396667,0.3093705475330353,0.1976318359375,0.17212274672936637,2855,4183,9549,0.709611713886261,4.596995427824951,0.5747877204441542,0.7322011757021555,0.25,761,2,0.002628120893561104,1419,158,0.1113460183227625,5656,2457,0.4344059405940594,4568,238,0.0521015761821366,26.899633936434377,1.421154499053955,1024.0,663.6410374000261,0
4,0.0009990133642141358,1.7348246746249014,0.37380736838881073,0.6482261226161734,0.3563955912342319,526.9383116883117,1.3292386001967764,1.765677098184824,0.41448525184144575,0.64229343055437,0.35444920929148793,590.671875,0.34701991081237793,0.0897238701581955,0.13862514479551463,0.5441438763376932,0.2951467268623025,0.38270959648756014,0.39582955837249756,0.224365234375,0.2366362872471075,3661,3067,8743,0.7266989350318909,4.394513389941215,0.3866753755715219,0.5316786414108425,0.25,761,2,0.002628120893561104,1419,169,0.11909795630725863,5656,2522,0.4458981612446959,4568,968,0.2119089316987741,26.754492242800353,1.421154499053955,1024.0,654.9682801000017,0
5,0.000998458666866564,1.6810664780728228,0.35511519819885107,0.6454853857879514,0.34023294743972937,526.9279220779221,1.2676738815648214,1.7560527597864468,0.4253839541537066,0.6418344971413413,0.3444171549441914,590.671875,0.3726331889629364,0.0894368514418602,0.14485242868613568,0.8223086900129701,0.10222508868107062,0.1818442564176108,0.4363749325275421,0.1541748046875,0.10001577535888942,1268,274,11136,0.7534997463226318,1.007184846505552,0.6472893533638145,0.7008491182233834,0.25,761,0,0.0,1419,48,0.03382663847780127,5656,757,0.13384016973125884,4568,463,0.10135726795096323,26.623354497764378,1.4667253494262695,1024.0,665.4391301000142,0
6,0.00099778098230154,1.638497696913682,0.3414144602592115,0.6433153289866138,0.3268839534323711,527.0285714285715,1.2202099539242781,1.7101877002666395,0.4068609370539586,0.6390504036098719,0.33213817918052274,590.671875,0.40223589539527893,0.12178177386522293,0.17130944923846983,0.5983359632764309,0.33626249596904223,0.4305548387096774,0.45020583271980286,0.22021484375,0.27433570113128125,4171,2800,8233,0.739940881729126,4.553233180927498,0.30045721750489873,0.44676681907250165,0.25,761,6,0.00788436268068331,1419,236,0.16631430584918958,5656,2596,0.458981612446959,4568,1333,0.2918126094570928,26.53977422658425,1.421154499053955,1024.0,663.505177700019,0
7,0.0009969804777275899,1.6079233424230055,0.3308350902969961,0.6416585292522009,0.3177148607547407,526.888961038961,1.1898285786052802,1.7199801343182723,0.4358009373148282,0.638323599472642,0.322927796204264,590.671875,0.3994859457015991,0.12695448100566864,0.173557413299568,0.5371757925072046,0.37568526281844566,0.44214621186963327,0.44640153646469116,0.2386474609375,0.2838175284731104,4660,4015,7744,0.7414073944091797,5.666231221423906,0.24101894186806008,0.403004572175049,0.25,761,17,0.022339027595269383,1419,353,0.24876673713883016,5656,2760,0.48797736916548795,4568,1530,0.334938704028021,26.564253359696856,1.421154499053955,1024.0,674.6760958000086,0
8,0.000996057350657239,1.5827096756402548,0.3227950419021117,0.6404065804435061,0.3097540262070569,526.959090909091,1.1638282028111544,1.6508418930073578,0.38039545295760036,0.6375831663608551,0.31643163901753724,590.671875,0.46626803278923035,0.162708580493927,0.20902899546781556,0.67995722578674,0.35883585940019347,0.46976253298153026,0.5011488199234009,0.2109375,0.3069866887371543,4451,2095,7953,0.756099283695221,4.275636838667538,0.2318745917700849,0.37491835401698237,0.25,761,16,0.02102496714848883,1419,285,0.20084566596194503,5656,2384,0.4214992927864215,4568,1766,0.38660245183887915,26.29508128569216,1.4667253494262695,1024.0,671.0411919000035,0
9,0.0009950118288582787,1.56113923091393,0.31481548629023814,0.6393081822952666,0.30350778111583226,526.8694805194805,1.1254600735453817,1.6593922283500433,0.39386981337641674,0.6364623733485738,0.31453001988120377,590.671875,0.4430171549320221,0.15933163464069366,0.19983957607182673,0.5953250547845143,0.3942276684940342,0.4743428072557959,0.4818389117717743,0.23046875,0.31091047812817907,4890,3324,7514,0.7502133250236511,5.365120836054866,0.23383409536250815,0.3605486610058785,0.25,761,20,0.026281208935611037,1419,399,0.28118393234672306,5656,2583,0.4566831683168317,4568,1888,0.4133099824868651,26.427064201373877,1.421154499053955,1024.0,680.2055058999977,0
10,0.0009938441702975688,1.5436791619697174,0.3086448612151208,0.6384132371320352,0.29831053183063283,526.8688311688312,1.1056454191734264,1.6355620405326288,0.37292429509883124,0.6358307770763835,0.31340348223845166,590.671875,0.4744400084018707,0.15812423825263977,0.213776095744106,0.7525222551928783,0.3066752660432119,0.43576378944956756,0.5079696774482727,0.19921875,0.27857927499084584,3804,1251,8600,0.7639721035957336,3.301763553233181,0.38994121489222733,0.46309601567602876,0.25,761,11,0.01445466491458607,1419,281,0.19802677942212826,5656,2076,0.36704384724186706,4568,1436,0.31436077057793343,26.402661699765346,1.4667253494262695,1024.0,674.8997215999989,0
11,0.000992554663077387,1.5263938039928289,0.3033184400046027,0.6373513896743973,0.2928619869246885,526.9603896103896,1.0820166770900999,1.634300629918774,0.37534058761472505,0.6357197569062313,0.3116201459585379,590.671875,0.47118034958839417,0.1711856871843338,0.217983081843704,0.7619147157190636,0.2938568203805224,0.4241331161275308,0.5040513873100281,0.19140625,0.2691427305619139,3645,1139,8759,0.7664853930473328,3.124755062050947,0.3814500326583932,0.44937949052906595,0.25,761,8,0.010512483574244415,1419,254,0.17899929527836506,5656,2026,0.3582036775106082,4568,1357,0.2970665499124343,26.37490690706167,1.421154499053955,1024.0,672.5234024000238,0
12,0.0009911436253643444,1.514578095891259,0.299437090386818,0.6365792165715973,0.28928089437933713,526.8077922077922,1.0805481878968028,1.6076961141079664,0.3573052917296688,0.635295278703173,0.30754777470914024,590.671875,0.4950692057609558,0.17031127214431763,0.22169373736833223,0.7183030692591997,0.3603676233473073,0.4799484619101304,0.5273189544677734,0.1956787109375,0.31574486119940665,4470,1753,7934,0.758178174495697,4.064663618549967,0.23122142390594383,0.31809274983670804,0.25,761,12,0.01576872536136662,1419,363,0.2558139534883721,5656,2126,0.3758840169731259,4568,1969,0.43104203152364273,26.4840909576639,1.421154499053955,1024.0,668.8514072000107,0
13,0.0009896114053108828,1.4997611675943647,0.2947748401141786,0.6356607285799918,0.28466279863730654,526.9668831168831,1.0542380696380294,1.6197537910193205,0.36926766655718285,0.635032651014626,0.30772673587004346,590.671875,0.49717459082603455,0.17417962849140167,0.22670844223175662,0.8123425692695214,0.25999677523379555,0.39391718578233786,0.5298865437507629,0.16357421875,0.24526579968058407,3225,745,9179,0.771799623966217,2.5930764206401045,0.42064010450685824,0.48726322664924887,0.25,761,11,0.01445466491458607,1419,257,0.18111346018322763,5656,1551,0.2742220650636492,4568,1406,0.30779334500875655,26.445922677420338,1.4667253494262695,2048.0,670.9997647000127,0
14,0.0009879583809693736,1.4880118089836913,0.29000364500400305,0.6353351945226843,0.28133648453014237,526.9512987012987,1.0453813835397943,1.5986443720757961,0.35656253380390507,0.6343695217122635,0.3038561610349764,590.671875,0.505928099155426,0.1906992346048355,0.2333923879545182,0.7607770582793709,0.3315059658174782,0.46178898309843336,0.5428186058998108,0.1905517578125,0.30021172519529826,4112,1293,8292,0.7693606019020081,3.5303723056825604,0.22926192031352058,0.32527759634225994,0.25,761,10,0.013140604467805518,1419,316,0.222692036645525,5656,1860,0.32885431400282883,4568,1926,0.4216287215411559,26.381077055964003,1.421154499053955,2048.0,673.611722600006,0
15,0.0009861849601988382,1.4788940744740622,0.2868153898843697,0.6347792988473718,0.27864969315660465,526.9772727272727,1.0260910676090749,1.6070120160778363,0.3560576879729827,0.6340738187233607,0.3084402575623244,590.671875,0.5015719532966614,0.1701883226633072,0.2254436795017682,0.7709909577412807,0.336826830054821,0.4688324075632609,0.5402982234954834,0.1890869140625,0.30619274459508977,4178,1241,8226,0.7600075602531433,3.5395166557805355,0.23840627041149576,0.3037230568256042,0.25,761,10,0.013140604467805518,1419,255,0.17970401691331925,5656,1855,0.327970297029703,4568,2058,0.45052539404553416,26.330852802601797,1.4667253494262695,2048.0,667.5458660000004,0
16,0.0009842915805643154,1.4667526391419496,0.28260316034029054,0.6340529531627507,0.27504826300329976,526.864935064935,1.009157400142837,1.596211568141977,0.35154565842822194,0.6346131196866432,0.3050263967209806,590.671875,0.5316566228866577,0.1996070146560669,0.24755898545554372,0.8246355377139235,0.31465656239922607,0.45550563109062264,0.5627937316894531,0.18359375,0.29492217016774974,3903,830,8501,0.7767699956893921,3.091443500979752,0.2919660352710647,0.35532331809274986,0.25,761,4,0.005256241787122208,1419,239,0.16842847075405215,5656,1873,0.33115275813295614,4568,1787,0.391199649737303,26.464678498137122,1.421154499053955,2048.0,666.3537536000076,0
17,0.000982278709228899,1.4607048296309137,0.28046097468052594,0.6339392642696182,0.273152295248462,526.8792207792208,1.0079822076605511,1.6002017545203369,0.3566442468824486,0.6343838625277082,0.3045868210028857,590.671875,0.5104673504829407,0.17837369441986084,0.22805481122341006,0.7910387783805505,0.3173976136730087,0.4530234163742018,0.5431293249130249,0.1798095703125,0.29284439155013386,3937,1040,8467,0.7645644545555115,3.2508164598301765,0.25930764206401047,0.3246244284781189,0.25,761,8,0.010512483574244415,1419,260,0.1832276250880902,5656,1745,0.3085219236209335,4568,1924,0.4211908931698774,26.456830553946393,1.4667253494262695,2048.0,669.1779506000166,0
18,0.0009801468428384714,1.449356354831101,0.2763770721078693,0.6332344375647507,0.269872422390557,527.0090909090909,0.9868869503790682,1.5929294110586245,0.3594756832656761,0.6335042798891664,0.29997472356384,590.671875,0.5156839489936829,0.18493898212909698,0.2345057442842517,0.8222583643122676,0.28531118993872945,0.42362939909025615,0.5466194152832031,0.1767578125,0.268737185815172,3539,765,8865,0.773681640625,2.8112344872632264,0.3311561071195297,0.3925538863487916,0.25,761,7,0.009198423127463863,1419,235,0.16560958421423538,5656,1641,0.29013437057991515,4568,1656,0.36252189141856395,26.387524338092888,1.4667253494262695,2048.0,672.6262620000052,0
19,0.0009778965073991648,1.4437190195956788,0.2752233555951676,0.6328726517689692,0.26781150606739057,526.9376623376623,0.982326635640937,1.6201338861137629,0.36747220950201154,0.6343931068355838,0.3091342856641859,590.671875,0.5277114510536194,0.1816517859697342,0.23659370787790976,0.8742632612966601,0.21525314414704935,0.34545219303920305,0.5648135542869568,0.1541748046875,0.2087894901470128,2670,384,9734,0.7800116539001465,1.9947746570868714,0.35858915741345526,0.41345525800130634,0.25,761,3,0.003942181340341655,1419,131,0.0923185341789993,5656,973,0.17202970297029702,4568,1563,0.34216287215411556,26.43592294661419,1.421154499053955,2048.0,677.5096363000048,0
20,0.0009755282581475766,1.4346917545640623,0.2720100148544683,0.6322704777702108,0.2652056317341018,526.9805194805194,0.968822929998497,1.5736486086000998,0.33822232197659713,0.6335341654097041,0.3009460636725028,590.671875,0.5575778484344482,0.1991543471813202,0.25574114279588683,0.8195970695970696,0.36077071912286357,0.5010076130765786,0.5868502855300903,0.18896484375,0.33422959145567255,4475,985,7929,0.7685514688491821,3.56629653821032,0.2037883736120183,0.2775963422599608,0.25,761,8,0.010512483574244415,1419,217,0.1529245947850599,5656,1882,0.33274398868458277,4568,2368,0.5183887915936952,26.381516577316663,1.421154499053955,2048.0,667.8382333999907,0
21,0.0009730426794137723,1.4272585140420244,0.2695538403635675,0.6318598737964383,0.26292239970394543,526.9616883116884,0.9673962831497193,1.5734760897854965,0.3412360097281635,0.6329733639334639,0.29963335612167913,590.671875,0.5515676736831665,0.20623977482318878,0.25699475096771496,0.8276874877618955,0.34077716865527247,0.482782251156416,0.58172208070755,0.18408203125,0.31820234869015357,4227,880,8177,0.7769266366958618,3.3357282821685175,0.19399085564990204,0.26257348138471587,0.25,761,7,0.009198423127463863,1419,241,0.16983791402396053,5656,1793,0.317008486562942,4568,2186,0.4785464098073555,26.308725095878117,1.421154499053955,2048.0,675.3086163000262,0
22,0.0009704403844771124,1.4206876232252492,0.2667746996434478,0.631635317980469,0.261138802650687,526.9129870129871,0.9517506868421257,1.5844079808642466,0.3453904382574062,0.633233642205596,0.30289195066628355,590.671875,0.5606793761253357,0.2068459689617157,0.25979003593092787,0.8493445089189771,0.31860690099967753,0.463387465556663,0.5877249836921692,0.1705322265625,0.3015642884395269,3952,701,8452,0.775519073009491,3.039190071848465,0.25865447419986937,0.32135858915741344,0.25,761,8,0.010512483574244415,1419,211,0.14869626497533475,5656,1727,0.30533946251768035,4568,2006,0.4391418563922942,26.322206403920312,1.421154499053955,2048.0,670.6008034000115,0
23,0.0009677220154149334,1.416557927410324,0.2661117800741227,0.631259745514238,0.25959320144800396,526.9331168831169,0.9426740027480311,1.5684589048226674,0.3406363934433709,0.6327218056345979,0.2975503518246114,590.671875,0.5756438374519348,0.2326176017522812,0.27449702530284414,0.8598982619754133,0.32707191228635923,0.47389323677140516,0.6011089086532593,0.1646728515625,0.3105243015690777,4057,661,8347,0.7894656658172607,3.0816459830176357,0.2122795558458524,0.2736773350751143,0.25,761,3,0.003942181340341655,1419,142,0.10007047216349542,5656,1672,0.2956152758132956,4568,2240,0.4903677758318739,26.27007585227933,1.421154499053955,2048.0,670.5924235000275,0
24,0.0009648882429441253,1.404919488553877,0.26155642481980385,0.6307414284387192,0.2563108174154511,526.9564935064935,0.9281276792094305,1.5884532406926155,0.35076215987404186,0.6336619273448983,0.3020145759607355,590.671875,0.5706013441085815,0.2159026563167572,0.2653802538989112,0.87939453125,0.29039019671073846,0.43660606060606055,0.5979885458946228,0.16162109375,0.2792681035819507,3602,494,8802,0.7839913964271545,2.675375571521881,0.256041802743305,0.3161332462442848,0.25,761,2,0.002628120893561104,1419,121,0.08527131782945736,5656,1394,0.24646393210749645,4568,2085,0.4564360770577933,26.24637924227814,1.421154499053955,2048.0,676.749110899982,0
25,0.000961939766255643,1.40312488024885,0.2615368424781731,0.6305497447391609,0.2555191472172737,526.974025974026,0.9258321107982042,1.5598777470489342,0.333811486295114,0.6326226877669493,0.2967217853292823,590.671875,0.5811471939086914,0.23784750699996948,0.2796650975011289,0.8656842105263158,0.3315059658174782,0.47942170922233884,0.6051115393638611,0.17919921875,0.31528906609415736,4112,638,8292,0.7880574464797974,3.10254735467015,0.21358589157413455,0.2606139777922926,0.25,761,2,0.002628120893561104,1419,146,0.10288935870331219,5656,1665,0.29437765205091937,4568,2299,0.5032837127845884,26.27565526154825,1.421154499053955,2048.0,670.4472195999988,0
26,0.0009588773128419901,1.398675910373787,0.2592294782980696,0.630245433689712,0.2546005000735258,526.7961038961039,0.9297869664314505,1.5675233080983162,0.34117557706000906,0.6324513352786502,0.2969481951246659,590.671875,0.5687036514282227,0.23006175458431244,0.2724458028213121,0.8524301737409281,0.3124798452112222,0.45731815232139694,0.5960087180137634,0.16552734375,0.2964435946462715,3876,671,8528,0.7884125709533691,2.96995427824951,0.1907250163291966,0.2495101241018942,0.25,761,4,0.005256241787122208,1419,117,0.0824524312896406,5656,1430,0.2528288543140028,4568,2325,0.5089754816112084,26.344158645842203,1.421154499053955,4096.0,667.2537630999868,0
27,0.0009557016383177221,1.3934312716707007,0.2578963901605699,0.6299600879480313,0.25278739670847916,526.7214285714285,0.9263019332638035,1.553405608360966,0.3295374681862692,0.6320980697249373,0.29588503258613247,590.671875,0.5897770524024963,0.2364732176065445,0.28030311288312076,0.8542895187369222,0.36206062560464364,0.5085782232036691,0.6120362877845764,0.1783447265625,0.341002277904328,4491,766,7913,0.7853572964668274,3.43370346178968,0.18745917700849118,0.24689745264532986,0.25,761,4,0.005256241787122208,1419,164,0.11557434813248767,5656,1893,0.3346888260254597,4568,2430,0.5319614711033275,26.299555565876474,1.421154499053955,4096.0,665.0744903000013,0
28,0.0009524135262330093,1.387401505956402,0.256115325395163,0.6297596189882848,0.2507632806800403,526.9071428571428,0.922106967518082,1.5491657524059217,0.3289770317884783,0.6322713140398264,0.29395870321119827,590.671875,0.5873626470565796,0.24107609689235687,0.2828491186373867,0.8439490445859873,0.36318929377620124,0.5078345169653928,0.6122466325759888,0.175048828125,0.34033391251794215,4505,833,7899,0.7865468263626099,3.4866100587851077,0.15871979098628347,0.22534291312867408,0.25,761,1,0.001314060446780552,1419,132,0.09302325581395349,5656,1839,0.32514144271570017,4568,2533,0.5545096322241682,26.264013816856348,1.4667253494262695,4096.0,669.0436655999802,0
29,0.0009490137878803073,1.3822088765633571,0.25394468426027084,0.6295001074865267,0.24938204208171214,526.9642857142857,0.9113085403264343,1.5681518794347842,0.33740191751470167,0.6323337607706586,0.2992080985568464,590.671875,0.5849283933639526,0.23671385645866394,0.28204593929112887,0.8750282997509622,0.31159303450499837,0.4595446168479876,0.611291229724884,0.16845703125,0.2983173819079963,3865,552,8539,0.7935398817062378,2.885042455911169,0.20966688438928804,0.2697583278902678,0.25,761,1,0.001314060446780552,1419,86,0.06060606060606061,5656,1502,0.26555869872701554,4568,2276,0.4982486865148862,26.296759676480317,1.421154499053955,4096.0,665.0334713000047,0
30,0.0009455032620941834,1.3784671750935642,0.2524349158170161,0.6293235303906651,0.2483543637994822,526.925974025974,0.9018199026197582,1.549926768988371,0.32524542657968897,0.6322859032079577,0.29619772142420214,590.671875,0.5918147563934326,0.24131885170936584,0.2846909160260111,0.8060892698788058,0.4396968719767817,0.5690140845070423,0.615645170211792,0.192626953125,0.39763779527559057,5454,1312,6950,0.7763310074806213,4.419333768778576,0.11234487263226649,0.17962116263879818,0.25,761,5,0.006570302233902759,1419,221,0.15574348132487667,5656,2363,0.4177864214992928,4568,2865,0.6271891418563923,26.334514945052007,1.421154499053955,4096.0,663.7823161999986,0
31,0.0009418828150443463,1.3756851324787387,0.2521230531880608,0.6290325923012449,0.24726474308832125,526.6688311688312,0.9180228221339065,1.5677842361231644,0.3387168742871533,0.6321417217453321,0.29846282008414465,590.671875,0.57366544008255,0.23430293798446655,0.27648540734080596,0.8613327582488678,0.3219929055143502,0.46875183381256963,0.5989113450050354,0.1663818359375,0.3061240131831072,3994,643,8410,0.7909563183784485,3.028739386022208,0.2155453951665578,0.2762900065316786,0.25,761,3,0.003942181340341655,1419,142,0.10007047216349542,5656,1636,0.28925035360678925,4568,2213,0.4844570928196147,26.353986493781697,1.4667253494262695,4096.0,669.844615399983,0
32,0.0009381533400219311,1.3683864290838117,0.24914744500215952,0.6288380025656193,0.2452004905838471,526.9422077922078,0.8908309168049268,1.5764889375617106,0.34726688840116066,0.6324325619886318,0.29839473955022794,590.671875,0.5569310784339905,0.21311867237091064,0.26126098170061596,0.8317132442284325,0.33110287004192196,0.47364779148887093,0.5842387676239014,0.16943359375,0.31031356252361164,4107,831,8297,0.7829005718231201,3.225342913128674,0.17700849118223383,0.24363161332462444,0.25,761,0,0.0,1419,100,0.07047216349541931,5656,1519,0.2685643564356436,4568,2488,0.5446584938704028,26.236890445818467,1.4667253494262695,4096.0,668.6785444999987,0
33,0.0009343157572190951,1.3658027426763015,0.24841746147480104,0.6285137725340856,0.2444357535959064,526.9701298701299,0.8909323294634943,1.546835786352555,0.3284151041104148,0.6319592933480939,0.293230694020167,590.671875,0.5847481489181519,0.24078154563903809,0.2824418975971639,0.8160676532769556,0.4045469203482748,0.5409367757236028,0.607906699180603,0.189697265625,0.3707425193941633,5018,1131,7386,0.7799968719482422,4.016329196603527,0.12344872632266493,0.186152841280209,0.25,761,2,0.002628120893561104,1419,159,0.11205073995771671,5656,2088,0.36916548797736914,4568,2769,0.6061733800350263,26.335349520842776,1.421154499053955,4096.0,672.2955593999941,0
34,0.0009303710135019713,1.359396347132596,0.24615381270550288,0.6280894479581288,0.2425765427772875,527.0,0.8930019340151316,1.5619855901847284,0.33294302178546786,0.6321831575284401,0.2984297051249693,590.671875,0.5650104284286499,0.2237088829278946,0.26965004737721754,0.8216205837173579,0.3449693647210577,0.48591869180104474,0.5920988917350769,0.1763916015625,0.32093302332558316,4279,929,8125,0.7858715057373047,3.4016982364467667,0.15676028739386022,0.22142390594382758,0.25,761,0,0.0,1419,85,0.059901338971106416,5656,1577,0.27881895332390383,4568,2617,0.5728984238178634,26.259446502094725,1.4667253494262695,4096.0,674.2275146000029,0
35,0.0009263200821770456,1.3573795884460598,0.24570275576567496,0.6278530188969204,0.24191190689415126,526.9551948051948,0.8846156820267826,1.5573150006433327,0.329602253002425,0.6325989641870061,0.29755689126128954,590.671875,0.579420268535614,0.23313777148723602,0.2773788585793227,0.7846556233653008,0.43534343760077393,0.55999170382661,0.6061979532241821,0.20068359375,0.3888808872245427,5400,1482,7004,0.7739543318748474,4.495101241018942,0.09470934030045722,0.17178314826910515,0.25,761,4,0.005256241787122208,1419,198,0.13953488372093023,5656,2290,0.4048797736916549,4568,2908,0.6366024518388792,26.329952048740736,1.421154499053955,4096.0,670.2713586000027,0
36,0.000922163962751007,1.3546496619651844,0.2443844917968109,0.6279978046943615,0.24113368300067914,526.9422077922078,0.8780160356458131,1.5495612310866516,0.3283089600348224,0.6315060785661141,0.29487309550556046,590.671875,0.594596266746521,0.24779370427131653,0.28629283043555914,0.8346017250126839,0.39785553047404065,0.5388436971119726,0.614159882068634,0.1885986328125,0.36877895680765205,4935,978,7469,0.7837788462638855,3.862181580666231,0.14826910516002612,0.21423905943827565,0.25,761,0,0.0,1419,130,0.0916138125440451,5656,2131,0.37676803394625175,4568,2674,0.5853765323992994,26.310796543823226,1.421154499053955,4096.0,670.6672131000087,0
37,0.0009179036806841347,1.350141279418747,0.24325260512724325,0.6276151598273934,0.23963675706998094,526.9993506493506,0.8729982350940828,1.547243205209573,0.33081229814949137,0.6316026765853167,0.29241411403442424,590.671875,0.5788828134536743,0.24646751582622528,0.28225103953445796,0.806858621805241,0.4021283456949371,0.5367480899601851,0.6033749580383301,0.1873779296875,0.3668186498014414,4988,1194,7416,0.7833564877510071,4.0378837361201825,0.1280209013716525,0.1907250163291966,0.25,761,1,0.001314060446780552,1419,116,0.0817477096546864,5656,2027,0.3583804809052334,4568,2844,0.6225919439579685,26.274321597308756,1.421154499053955,4096.0,671.4251107000164,0
38,0.0009135402871372803,1.345139002335536,0.24135056850198028,0.6274130066493889,0.23818771376625283,526.9961038961039,0.878273609125769,1.553787889579932,0.33145142734671634,0.6323208414639035,0.29500780751307804,590.671875,0.5816930532455444,0.24313871562480927,0.28254205294651913,0.8264752232533706,0.38052241212512095,0.5211150979850953,0.6020034551620483,0.1820068359375,0.3523702874206794,4720,991,7684,0.7853802442550659,3.7302416721097322,0.14500326583932072,0.2116263879817113,0.25,761,0,0.0,1419,74,0.05214940098661029,5656,1923,0.339992927864215,4568,2723,0.5961033274956217,26.26757509713324,1.421154499053955,4096.0,669.4362544000032,0
39,0.0009090748587125112,1.3429041432095812,0.24051397963390722,0.6273221039152764,0.23753402989793135,526.8909090909091,0.8728048765233585,1.5802445001900196,0.3486266944091767,0.6333581935614347,0.2991298057604581,590.671875,0.5704744458198547,0.23254980146884918,0.27388123025884853,0.8291965434822578,0.3635923895517575,0.5055203721347307,0.5963661074638367,0.1632080078125,0.33825845646141156,4510,929,7894,0.7854118347167969,3.5525800130633574,0.16067929457870672,0.2286087524493795,0.25,761,0,0.0,1419,76,0.053558844256518676,5656,1745,0.3085219236209335,4568,2689,0.5886602451838879,26.335044130210925,1.4667253494262695,8192.0,669.7853772999952,0
40,0.0009045084971874732,1.3402338079043796,0.2397723680192774,0.6270694766338769,0.23669598165464092,526.9058441558442,0.8695329742191674,1.570125653098027,0.34839622078773874,0.6320791210358342,0.29482515435665846,590.671875,0.568648099899292,0.23445706069469452,0.2745670913718641,0.8422719176726697,0.3431151241534989,0.4875980981841095,0.5913284420967102,0.162841796875,0.32239981819559127,4256,797,8148,0.7894270420074463,3.3004572175048987,0.17243631613324625,0.240365774003919,0.25,761,0,0.0,1419,71,0.05003523608174771,5656,1533,0.27103960396039606,4568,2652,0.5805604203152365,26.25529517893767,1.421154499053955,8192.0,668.8251752000069,0
41,0.0008998423292435448,1.3357972728741634,0.23800352646836212,0.6268415364739183,0.23547610410235145,526.7324675324676,0.8670582185124422,1.5790792995442946,0.3519596940993021,0.6323139633362492,0.29740282202449936,590.671875,0.5379133820533752,0.21146561205387115,0.2547968423459679,0.8139485882848715,0.3114317961947759,0.4504956268221574,0.571182906627655,0.1524658203125,0.29073530518551965,3863,883,8541,0.7858918905258179,3.099934683213586,0.1659046374918354,0.24297844546048333,0.25,761,0,0.0,1419,30,0.021141649048625793,5656,1242,0.2195898161244696,4568,2591,0.5672066549912435,26.210309229075257,1.421154499053955,8192.0,670.1554608999868,0
42,0.0008950775061878447,1.3318770080804825,0.2362229473501831,0.6267439573616177,0.23445505190205265,526.9272727272727,0.8596160706761595,1.5775983836501837,0.3495254625255863,0.6319193734476963,0.298076775468265,590.671875,0.5578426122665405,0.23383401334285736,0.27019185123499484,0.8231946624803768,0.33819735569171233,0.47942857142857137,0.5838852524757385,0.169921875,0.31529500187899284,4195,901,8209,0.7859539985656738,3.3285434356629655,0.1659046374918354,0.23775310254735468,0.25,761,0,0.0,1419,54,0.03805496828752643,5656,1525,0.26962517680339465,4568,2616,0.5726795096322241,26.308406852734443,1.421154499053955,8192.0,671.0324830999889,0
43,0.0008902152036691643,1.3295795912479424,0.23541244677231685,0.6266776872532708,0.23374472786370035,526.9272727272727,0.8554412275746271,1.568504783635338,0.34179293216827017,0.6316234689826766,0.29754418903030455,590.671875,0.5481245517730713,0.2276957482099533,0.2640016863588244,0.8128792327265609,0.33481135117703964,0.47427625192713985,0.5719338059425354,0.1669921875,0.31085329341317364,4153,956,8251,0.787712574005127,3.3370346178967996,0.15153494448073154,0.22991508817766165,0.25,761,0,0.0,1419,44,0.031007751937984496,5656,1449,0.2561881188118812,4568,2660,0.5823117338003503,26.14119343892031,1.421154499053955,8192.0,676.7143140999833,0
44,0.000885256621387894,1.3277621148468612,0.23510649405516587,0.6263502144194268,0.23315270357317738,526.901948051948,0.8618370344499489,1.5655635111033916,0.34265880069384974,0.6330228615552187,0.2949409228749573,590.671875,0.5735105276107788,0.23593589663505554,0.2784631144721061,0.8479225494150867,0.3389229280877136,0.4842760050685404,0.593551754951477,0.168212890625,0.3195014439884481,4204,754,8200,0.7889220118522644,3.2384062704114958,0.1737426518615284,0.23971260613977793,0.25,761,0,0.0,1419,85,0.059901338971106416,5656,1548,0.2736916548797737,4568,2571,0.5628283712784589,26.160416141829348,1.421154499053955,8192.0,678.149817700003,0
45,0.0008802029828000149,1.3234398056547363,0.23292649676176636,0.6263702552426945,0.23207152677433832,526.9532467532467,0.8584484464355877,1.56162622384727,0.34419344932151336,0.6320688879738251,0.2926819469624509,590.671875,0.5798141360282898,0.2441001683473587,0.2842802885221317,0.844680447563057,0.35907771686552725,0.5039316626124343,0.6010515689849854,0.170166015625,0.33683732889661955,4454,819,7950,0.7892568707466125,3.4441541476159374,0.1743958197256695,0.24232527759634226,0.25,761,0,0.0,1419,85,0.059901338971106416,5656,1811,0.3201909476661952,4568,2558,0.5599824868651488,26.33506364960344,1.4667253494262695,8192.0,675.4558090000064,0
46,0.0008750555348152292,1.3203499254468198,0.23264798056576158,0.6260590484390011,0.2308214487967553,526.9428571428572,0.855842528946988,1.5851914423207443,0.3557583277579397,0.6324582174420357,0.29848744968573254,590.671875,0.5634160041809082,0.22686155140399933,0.27295951372943816,0.8371902518943273,0.3295711060948081,0.4729565569503095,0.5879663228988647,0.16259765625,0.3097204333661641,4088,795,8316,0.7890319228172302,3.1894186806009146,0.18811234487263226,0.26257348138471587,0.25,761,0,0.0,1419,79,0.05567300916138125,5656,1533,0.27103960396039606,4568,2476,0.542031523642732,26.206179713139385,1.4667253494262695,8192.0,678.0162143000052,0
47,0.0008698155474893041,1.3177827458877067,0.23147286604848,0.6259999065430133,0.23015498747299243,526.9123376623377,0.851569070986339,1.565186715995272,0.34570414627281326,0.6319352717449268,0.2937736510454367,590.671875,0.5790021419525146,0.2396942526102066,0.28258577222004533,0.8426666666666667,0.35665914221218964,0.5011895321173672,0.6015378832817078,0.1732177734375,0.3343915343915344,4424,826,7980,0.787350594997406,3.4291312867406925,0.17766165904637493,0.24232527759634226,0.25,761,0,0.0,1419,91,0.06412966878083157,5656,1819,0.3216053748231966,4568,2514,0.5503502626970228,26.42183060246127,1.421154499053955,8192.0,675.7419168000051,0
48,0.0008644843137107051,1.3154486996012849,0.23096570838000868,0.6258294691900155,0.22932676045925587,526.8032467532468,0.8552670785358973,1.560774503275752,0.33905835115971666,0.6316388233875235,0.2950386644806713,590.671875,0.5568235516548157,0.23322530090808868,0.27053464923519643,0.7526772793053546,0.4193002257336343,0.538573055814435,0.5823885202407837,0.18896484375,0.3685254729681854,5201,1709,7203,0.7800947427749634,4.513389941214892,0.08621815806662313,0.16133246244284782,0.25,761,0,0.0,1419,102,0.07188160676532769,5656,2076,0.36704384724186706,4568,3023,0.6617775831873906,26.25878041395623,1.421154499053955,8192.0,673.7585965000035,0
49,0.0008590631488815939,1.3127153578129682,0.22988260837828184,0.625655578638052,0.228588585749075,526.9818181818182,0.8415955539260592,1.578063931937019,0.35135666381878156,0.6317865292852124,0.2974603690672666,590.671875,0.5417777895927429,0.21693632006645203,0.25880227601155636,0.7813786929274843,0.35182199290551436,0.485185391072322,0.5731692314147949,0.1658935546875,0.32029357798165137,4364,1221,8040,0.783096432685852,3.6479425212279555,0.12998040496407576,0.21423905943827565,0.25,761,0,0.0,1419,55,0.03875968992248062,5656,1513,0.2675035360678925,4568,2796,0.6120840630472855,26.283832211209106,1.421154499053955,8192.0,674.3391036999819,0
50,0.0008535533905932731,1.3095576359467074,0.22838249294595284,0.6255803131050878,0.22779741460433253,526.8636363636364,0.8424680416460161,1.5726760694136221,0.35134732187725604,0.6318104350939393,0.2947591560271879,590.671875,0.5803486108779907,0.24188707768917084,0.282470740005374,0.8503428011753184,0.3499677523379555,0.4958592723742075,0.6015737652778625,0.164794921875,0.3296628189550425,4341,764,8063,0.787636935710907,3.334421946440235,0.1698236446766819,0.23840627041149576,0.25,761,0,0.0,1419,90,0.06342494714587738,5656,1788,0.3161244695898161,4568,2463,0.5391856392294221,26.29286394331008,1.421154499053955,8192.0,675.5887040000234,0
51,0.0008479563982961564,1.3094082245966057,0.2287233033592438,0.6253993839799584,0.22764276845695136,526.9383116883117,0.8519304970642189,1.5696255179742973,0.34748358535580337,0.631903450936079,0.2951192461575071,590.671875,0.5680366158485413,0.24502582848072052,0.28160195937380195,0.8153389238294899,0.37624959690422444,0.5148940864960283,0.5883268117904663,0.17333984375,0.3467052967832999,4667,1057,7737,0.7869405150413513,3.7387328543435663,0.13716525146962769,0.20836054866100587,0.25,761,0,0.0,1419,71,0.05003523608174771,5656,1897,0.3353960396039604,4568,2699,0.5908493870402802,26.40943784474224,1.421154499053955,8192.0,669.5367164000054,0
52,0.0008422735529643437,1.3042553014182425,0.22697406650653906,0.6252228097869205,0.2260292130631286,526.9357142857143,0.8401664933794505,1.5778410887966554,0.35125701664946973,0.6321711248407761,0.29720647338156897,590.671875,0.5794216394424438,0.2535291016101837,0.2880503188818693,0.828926632813868,0.3816510802966785,0.5226607783604748,0.605078399181366,0.1705322265625,0.3537852178461998,4734,977,7670,0.7880970239639282,3.7302416721097322,0.13063357282821686,0.19725669497060744,0.25,761,0,0.0,1419,61,0.04298801973220578,5656,1921,0.33963932107496464,4568,2752,0.6024518388791593,26.313909061766854,1.421154499053955,16384.0,671.2146370999981,0
53,0.000836506256754886,1.3016900819617432,0.22595350960535662,0.6251728549019083,0.22528185888931349,526.962987012987,0.8396252199426874,1.5841904083887737,0.3517918618551145,0.6317646664877733,0.30031694169156253,590.671875,0.5601916313171387,0.2310781329870224,0.2709947860566899,0.812952310261644,0.3531925185424057,0.49244084752430733,0.5831443071365356,0.1689453125,0.32664777810915596,4381,1008,8023,0.7861096262931824,3.5199216198563033,0.15022860875244937,0.22991508817766165,0.25,761,0,0.0,1419,47,0.03312191684284708,5656,1684,0.29773691654879775,4568,2650,0.580122591943958,26.23172720704113,1.421154499053955,16384.0,673.8776273000112,0
54,0.0008306559326618253,1.3002218691559582,0.2250385580850499,0.6251030935482546,0.2250401088072882,526.9519480519481,0.8425031138124404,1.5957150887697935,0.3645525088068098,0.6324154961233338,0.29937354389888543,590.671875,0.5343849062919617,0.21180377900600433,0.2558225094457157,0.7926319787314849,0.336504353434376,0.4724391624221845,0.5660393834114075,0.1624755859375,0.30927682276229995,4174,1092,8230,0.7840783596038818,3.4395819725669496,0.14369693011103854,0.2201175702155454,0.25,761,0,0.0,1419,41,0.028893587033121917,5656,1474,0.2606082036775106,4568,2659,0.582092819614711,26.2769573446371,1.421154499053955,16384.0,677.1547891999944,0
55,0.0008247240241650912,1.2989158440719952,0.22503587932555708,0.6249219773651717,0.22447899371482335,526.8558441558441,0.8447943985268667,1.5991359011580546,0.36793633985022706,0.6328260786831379,0.29918673587962985,590.671875,0.5442768335342407,0.23673346638679504,0.268316170910839,0.8101896188469642,0.34101902612060625,0.48,0.5682095885276794,0.1636962890625,0.3157894736842105,4230,991,8174,0.7912760376930237,3.4101894186806008,0.16002612671456565,0.2318745917700849,0.25,761,0,0.0,1419,46,0.03241719520789288,5656,1556,0.2751060820367751,4568,2628,0.5753064798598949,26.211194176788347,1.4207425117492676,16384.0,675.1686952000018,0
56,0.0008187119948743442,1.2931527962932339,0.2229912315725119,0.6246715326200832,0.22274501614466116,526.9402597402598,0.8307962053201415,1.590236675615112,0.3597287319911023,0.631933046815296,0.29928744879240793,590.671875,0.5569085478782654,0.22605176270008087,0.2691932786954567,0.8223746902992186,0.3478716543050629,0.48892414027533854,0.5792893171310425,0.16650390625,0.32356028794241154,4315,932,8089,0.785399854183197,3.4271717831482693,0.1659046374918354,0.2318745917700849,0.25,761,0,0.0,1419,66,0.046511627906976744,5656,1609,0.28447666195190946,4568,2640,0.5779334500875657,26.132472558444913,1.4207425117492676,16384.0,675.4575307999912,0
57,0.000812621328167852,1.29307118348487,0.22231485864462017,0.6247807665691747,0.22298777866382877,526.9402597402598,0.8361679838849353,1.5874509041508038,0.3631945225254943,0.6318261822064718,0.2962150996706138,590.671875,0.5537520051002502,0.229673370718956,0.26801047747139817,0.8273882738827388,0.3253789100290229,0.4670755699571809,0.5763304829597473,0.156005859375,0.3046957572097237,4036,842,8368,0.791098952293396,3.186152841280209,0.1574134552580013,0.22534291312867408,0.25,761,0,0.0,1419,27,0.019027484143763214,5656,1432,0.2531824611032532,4568,2577,0.5641418563922942,26.249671125781582,1.467076301574707,16384.0,675.5612510999781,0
58,0.0008064535268264877,1.2909857669821034,0.22226302729218037,0.6245537909207406,0.2220844743991053,526.9733766233767,0.8348224345352743,1.5930779719104369,0.3567863751668483,0.6334624510879318,0.3014145732546846,590.671875,0.5711309909820557,0.23185934126377106,0.2764520421100315,0.8383970177073625,0.36262495969042247,0.506274973268051,0.5958198308944702,0.16845703125,0.3389345188757441,4498,867,7906,0.782304048538208,3.5042455911169172,0.1574134552580013,0.23905943827563683,0.25,761,0,0.0,1419,78,0.05496828752642706,5656,1882,0.33274398868458277,4568,2538,0.5556042031523643,26.311699347342625,1.4207425117492676,16384.0,673.0579822,0
59,0.0008002101126629415,1.289019241774237,0.22152426001410205,0.6243181635807087,0.22158840894215293,526.9467532467532,0.8356236176831382,1.605711800356706,0.36997253346877795,0.6319480603560805,0.30189560097642243,590.671875,0.5587175488471985,0.23220516741275787,0.27143324047792705,0.838893409275834,0.3324733956788133,0.47621247113163967,0.5812708139419556,0.162353515625,0.31251894513488937,4124,792,8280,0.7874618172645569,3.21097322011757,0.18027433050293926,0.24755062050947094,0.25,761,0,0.0,1419,55,0.03875968992248062,5656,1621,0.2865983026874116,4568,2448,0.5359019264448336,26.24418987618187,1.4207425117492676,16384.0,682.2453194000118,0
60,0.000793892626146236,1.2848992738630864,0.21952093647575224,0.6242434439334003,0.22056744622139188,527.0077922077922,0.833368730428931,1.6042199041694403,0.3712243824265897,0.6325752157717943,0.30021015034678084,590.671875,0.5676406025886536,0.251404732465744,0.28279435229487715,0.8560767590618337,0.32368590777168654,0.4697554697554698,0.5864018797874451,0.1563720703125,0.3069806560134567,4015,675,8389,0.7938551902770996,3.063357282821685,0.1992161985630307,0.2697583278902678,0.25,761,0,0.0,1419,33,0.023255813953488372,5656,1579,0.27917256011315417,4568,2403,0.5260507880910683,26.19855833313712,1.4207425117492676,16384.0,678.128606400016,0
61,0.0007875026260216388,1.2843249624812758,0.2190095194022764,0.6244077384084851,0.220453852066746,526.9337662337663,0.8373663878673083,1.597471975410978,0.3600054851267487,0.6335675067578753,0.3019494927333047,590.671875,0.5431934595108032,0.22914500534534454,0.2648072173818946,0.7970961220363904,0.3496452757175105,0.486074530680863,0.56889808177948,0.1680908203125,0.3210689961504294,4337,1104,8067,0.7854355573654175,3.5538863487916394,0.12606139777922926,0.20509470934030047,0.25,761,0,0.0,1419,31,0.021846370683579985,5656,1551,0.2742220650636492,4568,2755,0.603108581436077,26.097688463346156,1.4207425117492676,16384.0,683.6001752000011,0
62,0.0007810416889260649,1.2833610977445329,0.21918636199038524,0.6241872293995573,0.21999375208631738,526.9863636363636,0.838376248618225,1.5968208766231935,0.3623770944153269,0.6326866326853633,0.3008785763134559,590.671875,0.5429742932319641,0.2333947718143463,0.2660022196243517,0.7917481771296461,0.35891647855530473,0.49392577799966714,0.5664503574371338,0.178466796875,0.32795580110497236,4452,1171,7952,0.7852756381034851,3.6727629000653166,0.12932723709993468,0.2155453951665578,0.25,761,0,0.0,1419,41,0.028893587033121917,5656,1692,0.29915134370579916,4568,2719,0.5952276707530648,26.12795496396144,1.4207425117492676,16384.0,676.3753899000003,0
63,0.0007745114089990654,1.2804590208963915,0.21837702008423868,0.6238797970019377,0.2191011021518475,526.9798701298702,0.8433770198520127,1.617258371785283,0.3785591747922202,0.6334693062429627,0.30261494327957433,590.671875,0.5486318469047546,0.23228007555007935,0.2684836161788553,0.8256,0.3327958722992583,0.4743737071937486,0.5698197484016418,0.1597900390625,0.3109370292256704,4128,872,8276,0.7897462248802185,3.2658393207054215,0.1743958197256695,0.2521227955584585,0.25,761,0,0.0,1419,42,0.02959830866807611,5656,1560,0.2758132956152758,4568,2526,0.5529772329246935,26.168124949211823,1.4207425117492676,16384.0,679.0462988000072,0
64,0.0007679133974894978,1.2783780770255373,0.21686415026423994,0.6239264557113895,0.21879373584184553,526.9454545454546,0.8364256482619744,1.594933845102787,0.35994644548433524,0.6327026281505823,0.3011423833668232,590.671875,0.5598929524421692,0.24031338095664978,0.2752454433240928,0.8023373983739838,0.3818929377620123,0.5174786978370112,0.5822618007659912,0.17822265625,0.34905312799351557,4737,1167,7667,0.7863984704017639,3.8563030698889613,0.1338994121489223,0.20444154147615937,0.25,761,0,0.0,1419,79,0.05567300916138125,5656,1848,0.32673267326732675,4568,2810,0.6151488616462347,26.102153794965755,1.4207425117492676,16384.0,681.1879035000165,0
65,0.0007612492823579739,1.2766072667264319,0.21671776823796235,0.6237642300980432,0.2180626339484732,526.811038961039,0.8351726764788875,1.615130058179299,0.3704913176285724,0.6331527413179477,0.3057430003148814,590.671875,0.5349224209785461,0.22342608869075775,0.2601137492340058,0.784133837021047,0.35141889712995805,0.4853309580804988,0.5621560215950012,0.1702880859375,0.32042046456924433,4359,1200,8045,0.7844566106796265,3.6309601567602874,0.1247550620509471,0.22077073807968647,0.25,761,0,0.0,1419,60,0.042283298097251586,5656,1706,0.30162659123055163,4568,2593,0.5676444833625219,26.25383622676354,1.4207425117492676,32768.0,678.8720402000181,0
66,0.0007545207078751852,1.2736055792539152,0.21546894914240805,0.623687669131663,0.21722448032784772,526.885064935065,0.8281530586349499,1.6209897082298994,0.38043607235886157,0.6330630285665393,0.30374530407910544,590.671875,0.5494451522827148,0.2323591411113739,0.2691738624125719,0.8298090741120919,0.32586262495969043,0.4679594790159189,0.574100911617279,0.162109375,0.3054484999622157,4042,829,8362,0.7894425392150879,3.1815806662312216,0.17896799477465708,0.26192031352057477,0.25,761,0,0.0,1419,44,0.031007751937984496,5656,1596,0.28217821782178215,4568,2402,0.5258318739054291,26.325851770888434,1.467076301574707,32768.0,679.7421068999975,0
67,0.0007477293342162034,1.271277361411553,0.21476961734716768,0.6236151515276401,0.21644629589826256,526.8597402597403,0.8318779266693376,1.6159071661531925,0.37012868832486373,0.635107369783024,0.3053355556136618,590.671875,0.5373252630233765,0.22212615609169006,0.26284520234912634,0.771255060728745,0.3685907771686553,0.49879991272092516,0.5660557150840759,0.1773681640625,0.33226744186046514,4572,1356,7832,0.7819693684577942,3.8719790986283473,0.11430437622468975,0.2155453951665578,0.25,761,0,0.0,1419,47,0.03312191684284708,5656,1813,0.32054455445544555,4568,2712,0.5936952714535902,26.338709944055534,1.467076301574707,32768.0,679.5287728999974,0
68,0.0007408768370508571,1.2698337257682504,0.21448576383099152,0.6233929383677321,0.21597751192748546,526.9155844155844,0.8384717259314153,1.6079648056377966,0.36025947611778975,0.6328739086166024,0.3074157127023985,590.671875,0.5583630800247192,0.23643895983695984,0.2731619972269982,0.7742782152230971,0.404305062882941,0.5312218632487686,0.5850505232810974,0.1903076171875,0.3616760421174095,5015,1462,7389,0.7809690833091736,4.230568256041803,0.09928151534944481,0.18419333768778576,0.25,761,0,0.0,1419,76,0.053558844256518676,5656,2007,0.35484441301272984,4568,2932,0.6418563922942206,26.20575811981577,1.4207425117492676,32768.0,680.6638243000198,0
69,0.0007339649071302863,1.2679566110109355,0.21312721358104186,0.6234509096517191,0.21568924347301582,526.8227272727273,0.8272019956986626,1.6180499251931906,0.3730767632368952,0.6339037241414189,0.30553472236109275,590.671875,0.5355703234672546,0.22705169022083282,0.26401873165741563,0.7727426445722015,0.36842953885843277,0.4989627688612294,0.5613622665405273,0.1744384765625,0.3324119871981379,4570,1344,7834,0.7842178344726562,3.8628347485303722,0.10711952971913782,0.20509470934030047,0.25,761,0,0.0,1419,35,0.02466525722339676,5656,1735,0.30675388967468176,4568,2800,0.6129597197898424,26.22776236001663,1.4207425117492676,32768.0,679.646751799999,0
70,0.0007269952498697729,1.265127369645354,0.2125026427306138,0.6232169664525367,0.21470387961667078,526.9837662337662,0.8275528999311583,1.6310389135032892,0.38053452557263273,0.634571148082614,0.30796661716885865,590.671875,0.520825207233429,0.21922723948955536,0.2549044724088162,0.7486552567237164,0.3702837794259916,0.49549598144452234,0.5496034622192383,0.1693115234375,0.32934174673741573,4593,1542,7811,0.7827825546264648,4.0071848465055515,0.11234487263226649,0.20313520574787722,0.25,761,0,0.0,1419,42,0.02959830866807611,5656,1704,0.3012729844413013,4568,2847,0.6232486865148862,26.21806385185035,1.4207425117492676,32768.0,676.2216780000017,0
71,0.000719969584927957,1.265316579365111,0.21227891865585533,0.6231818206124492,0.21492791963958896,526.9720779220779,0.8293206747089114,1.6169447489082813,0.36609145626425743,0.6351688780511419,0.30784220846059424,590.671875,0.5466904640197754,0.22887779772281647,0.2672464954899624,0.7949438202247191,0.3650435343437601,0.5003314917127072,0.5686990022659302,0.17333984375,0.3336280577659888,4528,1168,7876,0.7848899960517883,3.720444154147616,0.12736773350751143,0.21489222730241672,0.25,761,0,0.0,1419,38,0.026779422128259338,5656,1719,0.30392503536067894,4568,2771,0.6066112084063048,26.20069553401435,1.4207425117492676,32768.0,679.9681765999994,0
72,0.0007128896457825358,1.2622814598795655,0.21129502872271197,0.6230782092004628,0.21395411159988348,526.9181818181818,0.8326606695141111,1.6142711254457633,0.3717049481347203,0.6346219405531883,0.3039721177580456,590.671875,0.562533974647522,0.24566572904586792,0.27879639363382014,0.8161307514656244,0.37036439858110287,0.5095103421505018,0.5837240219116211,0.1734619140625,0.34184091078205225,4594,1035,7810,0.7864491939544678,3.6766819072501633,0.14630960156760286,0.21881123448726322,0.25,761,0,0.0,1419,58,0.0408738548273432,5656,1823,0.3223125884016973,4568,2713,0.5939141856392294,26.080342425575516,1.4207425117492676,32768.0,684.5068637999939,0
73,0.0007057571793025539,1.260453207965021,0.2106561718484411,0.622976565361023,0.21341023566080378,526.9824675324676,0.8328942134782865,1.6354158682127793,0.38027652151261765,0.635499857366085,0.3098197438909362,590.671875,0.5365920662879944,0.22321629524230957,0.25941873162519186,0.8089020771513353,0.32965172524991937,0.46841170742883326,0.5601750612258911,0.16357421875,0.3058339566192969,4089,966,8315,0.7852205634117126,3.301763553233181,0.14892227302416722,0.240365774003919,0.25,761,0,0.0,1419,31,0.021846370683579985,5656,1510,0.26697312588401695,4568,2548,0.5577933450087565,26.240121952195345,1.4207425117492676,32768.0,678.383353000012,0
74,0.0006985739453173898,1.2575612983533315,0.209974563286289,0.6228133744233615,0.2123866803363546,526.9129870129871,0.8354934025894512,1.6322104384501774,0.3752733251700799,0.6355338975166281,0.3107016078817348,590.671875,0.5464166402816772,0.23517955839633942,0.26988294525071976,0.7990388038447847,0.36189938729442117,0.4981689046720675,0.5687848329544067,0.1719970703125,0.33170767752900315,4489,1129,7915,0.7864851951599121,3.6694970607446113,0.15153494448073154,0.248203788373612,0.25,761,0,0.0,1419,48,0.03382663847780127,5656,1868,0.3302687411598303,4568,2573,0.5632661996497373,26.148096352228134,1.4207425117492676,32768.0,684.0527050999808,0
75,0.0006913417161825444,1.2579482433857856,0.2101226116736214,0.6228233311470452,0.2125011507663634,526.937012987013,0.835829723481234,1.647572461515665,0.39239176812892157,0.635473002679646,0.3098538472938041,590.671875,0.5332799553871155,0.21869096159934998,0.2565162183600478,0.81169757489301,0.3211060948081264,0.46016983420946217,0.5612384080886841,0.159912109375,0.29884453781512604,3983,924,8421,0.7869722247123718,3.2050947093403006,0.16525146962769433,0.24755062050947094,0.25,761,0,0.0,1419,43,0.030303030303030304,5656,1462,0.2584865629420085,4568,2478,0.5424693520140105,26.22302126566233,1.4207425117492676,32768.0,683.1053793000174,0
76,0.0006840622763423385,1.2571610819983792,0.21019048427606557,0.6227056850473602,0.21213245692287946,526.9090909090909,0.8423267111182213,1.6443968564271927,0.3842636613796155,0.6374522699043155,0.3113404594672223,590.671875,0.5362221598625183,0.2221566140651703,0.2593869258183986,0.8147471054235222,0.32336343115124155,0.4629768569284931,0.564551055431366,0.1671142578125,0.3012165815560228,4011,912,8393,0.7877919673919678,3.215545395166558,0.18419333768778576,0.2599608099281515,0.25,761,0,0.0,1419,37,0.026074700493305146,5656,1518,0.2683875530410184,4568,2456,0.5376532399299475,26.09892186156491,1.4207425117492676,32768.0,684.0279586999968,0
77,0.000676737421889628,1.2540658670586424,0.20860424740844732,0.622534258373372,0.21146368025862552,526.8831168831168,0.8280393157880027,1.640915798023343,0.38199326147635776,0.6353205939133962,0.311800973645101,590.671875,0.5305742025375366,0.22711850702762604,0.2603124720044434,0.7796580901398722,0.3639954853273138,0.49629018961253096,0.5510499477386475,0.1756591796875,0.3300438596491228,4515,1276,7889,0.782753586769104,3.782495101241019,0.13128674069235793,0.22142390594382758,0.25,761,0,0.0,1419,46,0.03241719520789288,5656,1725,0.30498585572843,4568,2744,0.6007005253940455,26.250138496002457,1.4207425117492676,32768.0,679.7592107999953,0
78,0.0006693689601226452,1.2540717638158179,0.208284270366678,0.6226338785964173,0.2115768070828605,526.925974025974,0.8279728130086675,1.6428349266449611,0.3825122976365189,0.6369696101173759,0.3116765068843961,590.671875,0.5292661190032959,0.22503802180290222,0.2580901793669909,0.7938260056127222,0.3420670751370526,0.4781114428981915,0.5523725748062134,0.1702880859375,0.3141566711091367,4243,1102,8161,0.7843323945999146,3.4911822338340954,0.12998040496407576,0.22664924885695623,0.25,761,0,0.0,1419,22,0.015503875968992248,5656,1600,0.2828854314002829,4568,2621,0.5737740805604203,26.07765914236732,1.4207425117492676,65536.0,684.4988932000124,0
79,0.0006619587090990741,1.2497269139661418,0.207256570313271,0.6224310018025435,0.21001967055747262,526.9538961038961,0.8324531413517989,1.6427449341863394,0.37928216462023556,0.6356608852123221,0.31390094066349167,590.671875,0.5396288633346558,0.2252362072467804,0.2602337531396188,0.7975548363897879,0.35762657207352466,0.49382166314148945,0.56502765417099,0.177734375,0.3278640059127864,4436,1126,7968,0.7825928330421448,3.6329196603527105,0.14239059438275636,0.22991508817766165,0.25,761,0,0.0,1419,42,0.02959830866807611,5656,1766,0.3122347949080622,4568,2628,0.5753064798598949,26.1630870579167,1.4207425117492676,65536.0,685.728392399993,0
80,0.0006545084971874731,1.2478730108443792,0.20673221211832066,0.6222474889321761,0.20944665523802306,526.9525974025973,0.8290814985509043,1.630216411004464,0.3752689356915653,0.6357130883261561,0.30961719566645723,590.671875,0.5325720906257629,0.21847577393054962,0.2577489783638157,0.7523400337578641,0.3952757175104805,0.5182601342423763,0.56067955493927,0.187744140625,0.3497645883863604,4903,1614,7501,0.7778372764587402,4.256694970607446,0.09601567602873938,0.18941868060091444,0.25,761,0,0.0,1419,61,0.04298801973220578,5656,1978,0.3497171145685997,4568,2864,0.626970227670753,26.165243366400123,1.4207425117492676,65536.0,679.391996499995,0
81,0.0006470201626161514,1.248528623387411,0.20649100041815213,0.6224128841966777,0.20981236988460863,526.9850649350649,0.830407092459016,1.653366367643078,0.39024744850272935,0.6367024832094709,0.31320821509386104,590.671875,0.5182703733444214,0.2137802094221115,0.25008222651667894,0.7816414283043559,0.3370686875201548,0.47101898270714804,0.5488026142120361,0.1697998046875,0.308060713233127,4181,1168,8223,0.7829359769821167,3.4937949052906596,0.1286740692357936,0.23056825604180275,0.25,761,0,0.0,1419,40,0.028188865398167725,5656,1531,0.27068599717114566,4568,2610,0.5713660245183888,26.011752690390026,1.4207425117492676,65536.0,689.9824579000124,0
82,0.0006394955530196142,1.2474612983016224,0.20598711189511534,0.6223301101427574,0.20957203779321212,526.9129870129871,0.8349170186109357,1.6433820991466443,0.38316081122805673,0.6377218114212155,0.3112497377054145,590.671875,0.5180248022079468,0.21267686784267426,0.2489583692717133,0.7772357723577236,0.34682360528861655,0.4796253971793299,0.5448317527770996,0.1710205078125,0.31546527828701326,4302,1233,8102,0.7807167768478394,3.6152841280209014,0.1286740692357936,0.21423905943827565,0.25,761,0,0.0,1419,38,0.026779422128259338,5656,1515,0.26785714285714285,4568,2749,0.6017950963222417,26.21779876820832,1.467076301574707,65536.0,683.6663852999918,0
83,0.0006319365249826858,1.2444770700358725,0.20468380855662482,0.6221900753773653,0.20880159383470362,526.8733766233767,0.8307385730472479,1.643354796494047,0.38678367839505273,0.6360455413038532,0.31026278777668875,590.671875,0.5383851528167725,0.2189510464668274,0.26037071566097436,0.8218849840255591,0.33182844243792325,0.4727773949000689,0.5659098625183105,0.1641845703125,0.3095667870036101,4116,892,8288,0.7848349213600159,3.27106466361855,0.1659046374918354,0.2488569562377531,0.25,761,0,0.0,1419,53,0.037350246652572236,5656,1627,0.28765912305516267,4568,2436,0.5332749562171629,26.197149924593617,1.4207425117492676,65536.0,682.4616002999828,0
84,0.0006243449435824268,1.2443432516865915,0.20499781453861043,0.6220754120256994,0.20863501295060308,526.9279220779221,0.8381289852516992,1.6434622245530288,0.38287869732206065,0.6366282378633817,0.3119776451494545,590.671875,0.5162578821182251,0.21188049018383026,0.2495955486781895,0.7545377438507209,0.35859400193485974,0.48614678397726646,0.5445390343666077,0.183349609375,0.3211320482275648,4448,1447,7956,0.7794083952903748,3.850424559111692,0.09601567602873938,0.19268451992161986,0.25,761,0,0.0,1419,46,0.03241719520789288,5656,1608,0.2842998585572843,4568,2794,0.611646234676007,26.256771469962874,1.4207425117492676,65536.0,680.9248538000102,0
85,0.0006167226819279523,1.2397008047862486,0.20352788644467856,0.6218448229037322,0.2071640468891952,526.9558441558441,0.8334024383650198,1.6578337301810582,0.3930139952960114,0.6376725990946094,0.3135735663430144,590.671875,0.5226939916610718,0.2206958383321762,0.2566245782189071,0.7851569588096534,0.3488390841663979,0.4830588891989952,0.5514584183692932,0.1768798828125,0.31844274359729174,4327,1184,8077,0.7826797962188721,3.5996080992815154,0.1338994121489223,0.2279555845852384,0.25,761,0,0.0,1419,34,0.023960535588442564,5656,1661,0.2936704384724187,4568,2632,0.5761821366024519,26.18749897792076,1.4207425117492676,65536.0,683.121209600009,0
86,0.0006090716206982709,1.2409422387937448,0.203880053608642,0.6219274595186308,0.20756736324205027,526.9681818181818,0.8365074538952344,1.6637585666030645,0.39645117009058595,0.6371249031896392,0.31509124441072345,590.671875,0.532146692276001,0.23218438029289246,0.2637941367458552,0.8196157735085945,0.32674943566591425,0.46723154072280826,0.5605279803276062,0.1683349609375,0.30482851985559567,4053,892,8351,0.7904251217842102,3.2299150881776617,0.16786414108425865,0.25865447419986937,0.25,761,0,0.0,1419,34,0.023960535588442564,5656,1593,0.28164780763790664,4568,2426,0.5310858143607706,26.186028874550225,1.4207425117492676,65536.0,683.6705021999951,0
87,0.0006013936476782558,1.238445399062974,0.20257373637967296,0.6219737713600134,0.20694894545844622,526.9058441558442,0.8373444550223165,1.6430888399481773,0.3772345782102396,0.6366258750980099,0.31461419397965074,590.671875,0.5424566864967346,0.22648918628692627,0.2651990526355803,0.7996153173631754,0.36867139632376655,0.5046625834574849,0.5659462213516235,0.1776123046875,0.3374907749077491,4573,1146,7831,0.7800601124763489,3.735467015022861,0.13455258001306336,0.21815806662312215,0.25,761,0,0.0,1419,63,0.04439746300211417,5656,1831,0.3237270155586987,4568,2679,0.5864711033274956,26.153781571871388,1.4207425117492676,65536.0,680.4414659999893,0
88,0.000593690657292862,1.2378872230455473,0.20208569615595526,0.6219001673258744,0.20695067945529114,526.5915584415584,0.8332598244795552,1.6582740861922503,0.38693994500984746,0.6378821659212311,0.31672598732014495,590.671875,0.5318891406059265,0.2200457900762558,0.2572200312511995,0.7914285714285715,0.3573040954530797,0.49233503665852035,0.5596789121627808,0.1776123046875,0.3265546713822576,4432,1168,7972,0.780369222164154,3.657740039190072,0.11757021554539517,0.2037883736120183,0.25,761,0,0.0,1419,44,0.031007751937984496,5656,1742,0.307991513437058,4568,2646,0.579246935201401,26.230864838755643,1.4207425117492676,65536.0,681.4201956999896,0
89,0.0005859645501397043,1.2343226668896614,0.20157417349710868,0.6216917479580099,0.20552837217299194,526.6948051948052,0.8322338201589399,1.6630586069077253,0.39197417472799617,0.6396439463521043,0.3157202450868984,590.671875,0.5340936183929443,0.2185351699590683,0.2584535251604393,0.801071296638345,0.3496452757175105,0.4868110899090807,0.5601192712783813,0.167724609375,0.321712039166234,4337,1077,8067,0.7811499238014221,3.5362508164598303,0.1417374265186153,0.2286087524493795,0.25,761,0,0.0,1419,40,0.028188865398167725,5656,1707,0.3018033946251768,4568,2590,0.5669877408056042,26.175494823109673,1.4207425117492676,65536.0,684.6697548000084,0
90,0.000578217232520115,1.233304997194897,0.20082469887354157,0.6216105754886355,0.20543486198724864,526.9428571428572,0.8401860636743632,1.6588147319853306,0.38810472516343,0.6374116657922665,0.3166491702819864,590.671875,0.5316428542137146,0.23053283989429474,0.2614128214307129,0.7994105728495119,0.34988713318284426,0.4867380698704649,0.5577094554901123,0.1729736328125,0.32164826206180985,4340,1089,8064,0.7837803363800049,3.5460483344219464,0.14696276943174397,0.23318092749836708,0.25,761,1,0.001314060446780552,1419,57,0.040169133192389,5656,1706,0.30162659123055163,4568,2576,0.563922942206655,26.17870586647284,1.4207425117492676,65536.0,683.5060379999923,0
91,0.000570450615968791,1.230697425928983,0.20049995047511993,0.6213474520228126,0.20442501080113573,526.9441558441558,0.8364272959240071,1.6680043352146943,0.38815680774860084,0.6405650010953347,0.3196412644659479,590.671875,0.5340136885643005,0.22257138788700104,0.26215230422094465,0.770543615676359,0.39309900032247663,0.5206064488575699,0.5598188042640686,0.1839599609375,0.351905311778291,4876,1452,7528,0.7777460813522339,4.1332462442847815,0.0953625081645983,0.18745917700849118,0.25,761,0,0.0,1419,55,0.03875968992248062,5656,1991,0.352015558698727,4568,2830,0.6195271453590193,26.122685694533445,1.4207425117492676,131072.0,689.0237252999796,0
92,0.0005626666167821518,1.2311699686499384,0.19988651893936193,0.6215513723237174,0.20486603817575938,526.8954545454545,inf,1.6626741103827953,0.386927995365113,0.6381156118586659,0.3188152527436614,590.671875,0.5291582345962524,0.21571095287799835,0.25530078550800683,0.7767661439892093,0.37141244759754916,0.5025361330788111,0.5577520132064819,0.1790771484375,0.33559149184149184,4607,1324,7797,0.7766244411468506,3.873938602220771,0.10124101894186806,0.1907250163291966,0.25,761,1,0.001314060446780552,1419,67,0.047216349541930935,5656,1783,0.31524045261669026,4568,2756,0.6033274956217163,26.32311325778798,1.467076301574707,65536.0,679.979041500017,2
93,0.0005548671555455222,1.2289604908073104,0.19932596647700707,0.6214601433122313,0.20408719051871207,526.9435064935064,0.8385987608270211,1.6615820980320375,0.3932333084133764,0.6364862627039353,0.31593126330214244,590.671875,0.5300453305244446,0.23252728581428528,0.2625519148306921,0.7895673847249421,0.3575459529184134,0.49220354031407804,0.5593803524971008,0.1676025390625,0.32643898130428384,4435,1182,7969,0.7847111821174622,3.6688438928804703,0.131939908556499,0.22534291312867408,0.25,761,0,0.0,1419,46,0.03241719520789288,5656,1764,0.3118811881188119,4568,2625,0.5746497373029772,26.223562571314126,1.4207425117492676,65536.0,682.6246270999836,0
94,0.0005470541566592567,1.2262487595344518,0.19836289839601362,0.6212975362291584,0.2032941619587409,526.8876623376624,0.8354340263194852,1.6756279952824116,0.40083704035108286,0.6386747180173794,0.31805812039722997,590.671875,0.5285520553588867,0.2190782129764557,0.2577598413685337,0.8148297400765666,0.32602386326991295,0.46571083088616344,0.5559091567993164,0.158447265625,0.3035352398108534,4044,919,8360,0.7849081158638,3.241672109732201,0.14892227302416722,0.24363161332462444,0.25,761,0,0.0,1419,38,0.026779422128259338,5656,1556,0.2751060820367751,4568,2450,0.5363397548161121,26.272871223898054,1.467076301574707,65536.0,681.7520932000189,0
95,0.000539229547863922,1.2256929762177653,0.1984127848130929,0.6211620473629469,0.20305907197973944,526.9506493506493,0.8422329321116596,1.6674361110975344,0.39446768009414274,0.6380871109043559,0.3174406661807249,590.671875,0.5508987903594971,0.2363317757844925,0.2715261174831539,0.8493821900298253,0.32142857142857145,0.4663703357117792,0.575422465801239,0.15771484375,0.30409579742201204,3987,707,8417,0.7899298667907715,3.0659699542782497,0.20640104506858262,0.28543435662965383,0.25,761,0,0.0,1419,40,0.028188865398167725,5656,1701,0.30074257425742573,4568,2246,0.4916812609457093,26.066317674112632,1.4207425117492676,65536.0,691.8100683999946,0
96,0.0005313952597646562,1.2239645304617943,0.19744283845285315,0.6212771303080893,0.20262228013923417,526.9266233766234,0.837314903910284,1.657698007300496,0.39247645166081685,0.6375369103625417,0.31384232368630666,590.671875,0.5271554589271545,0.2281995713710785,0.2612720702774823,0.7741112434087429,0.3668977749113189,0.4978395230542033,0.5545458793640137,0.1680908203125,0.33141567142441014,4551,1328,7853,0.7826473712921143,3.8399738732854343,0.10254735467015023,0.1907250163291966,0.25,761,0,0.0,1419,58,0.0408738548273432,5656,1721,0.3042786421499293,4568,2772,0.6068301225919439,26.21629282622128,1.467076301574707,65536.0,682.6036571000004,0
97,0.0005235532253548208,1.2236448932003665,0.19793217396484566,0.6210067668905506,0.20235297549757864,526.861038961039,0.8432392505662781,1.6608990337699652,0.391580617831399,0.6377691936989626,0.3157746108093609,590.671875,0.5330297350883484,0.23036329448223114,0.26307127461768687,0.7870074547390842,0.35746533376330214,0.4916287836789,0.5598000884056091,0.177734375,0.32593354895618937,4434,1200,7970,0.7834632396697998,3.6799477465708685,0.10907903331156107,0.20117570215545394,0.25,761,0,0.0,1419,52,0.036645525017618044,5656,1721,0.3042786421499293,4568,2661,0.5825306479859895,26.15975840589721,1.467076301574707,65536.0,682.1587184999953,0
98,0.0005157053795390637,1.2198633245059423,0.19654569986288423,0.6209081325051072,0.20120474559242849,526.9909090909091,0.8407837942823188,1.6786364074796438,0.4054928471644719,0.6380023270224532,0.3175706175000717,590.671875,0.5439210534095764,0.2348463535308838,0.2689724282361567,0.8329607803292014,0.3304579168010319,0.47318903318903316,0.5715447664260864,0.1644287109375,0.3099198548313927,4099,822,8305,0.7883980870246887,3.2142390594382757,0.16459830176355322,0.240365774003919,0.25,761,0,0.0,1419,29,0.0204369274136716,5656,1666,0.29455445544554454,4568,2404,0.5262697022767076,26.17211572841923,1.4207425117492676,65536.0,684.1739641999884,0
99,0.0005078536586559099,1.2217242064027043,0.1970838094444631,0.620936667067664,0.2018518650686586,526.9831168831168,0.852167664294119,1.6881087583800156,0.40583440428599715,0.6393844947839776,0.32144493066395324,590.671875,0.5201839804649353,0.22067855298519135,0.2557517967186868,0.7806582092296378,0.3423089326023863,0.4759289357170879,0.5502538084983826,0.17041015625,0.31227476649260866,4246,1193,8158,0.7826159000396729,3.5525800130633574,0.12606139777922926,0.22926192031352058,0.25,761,0,0.0,1419,39,0.02748414376321353,5656,1622,0.28677510608203677,4568,2585,0.565893169877408,26.12465363385918,1.4207425117492676,65536.0,684.9176596000034,0
100,0.0004999999999999996,1.218517328198854,0.19599679725413974,0.6207874220687074,0.2008665547258668,526.9889610389611,0.8461139571357083,1.6672762259840965,0.39931228174827993,0.6375325676053762,0.3152156858704984,590.671875,0.5352861881256104,0.2346581220626831,0.26466643628664316,0.7946795215140153,0.35883585940019347,0.49441821716189954,0.5641207098960876,0.1727294921875,0.328390143131179,4451,1150,7953,0.784676730632782,3.658393207054213,0.1417374265186153,0.21685173089483997,0.25,761,0,0.0,1419,45,0.03171247357293869,5656,1736,0.3069306930693069,4568,2670,0.5845008756567426,26.1580868286931,1.4207425117492676,65536.0,684.3997348000121,0
101,0.0004921463413440893,1.2193087196969368,0.1963388971548963,0.6209426546638662,0.201013584173732,526.9246753246754,0.8457566676588801,1.6825888908157747,0.39898906361001235,0.64145671389997,0.3210715571573625,590.671875,0.5171354413032532,0.21337100863456726,0.25077248783782125,0.7656632831641582,0.3527088036117382,0.48294513743238776,0.5463680624961853,0.175048828125,0.31834388415920833,4375,1339,8029,0.7791258096694946,3.7322011757021554,0.11103853690398433,0.20444154147615937,0.25,761,0,0.0,1419,48,0.03382663847780127,5656,1606,0.28394625176803395,4568,2721,0.5956654991243433,25.995783788089422,1.4207425117492676,65536.0,685.7875573999772,0
102,0.0004842946204609354,1.2165723477091108,0.1947537674532308,0.6207473948404386,0.20053559252387518,526.9954545454545,0.8512772006647927,1.6782782425483067,0.4002483088212709,0.639116690804561,0.31945662045230466,590.671875,0.5214705467224121,0.21745173633098602,0.25350411946419626,0.7719298245614035,0.3582715253144147,0.48940036341611143,0.5532734990119934,0.1737060546875,0.3239775461106656,4444,1313,7960,0.7807129621505737,3.760287393860222,0.11169170476812541,0.2122795558458524,0.25,761,0,0.0,1419,47,0.03312191684284708,5656,1718,0.30374823196605377,4568,2679,0.5864711033274956,26.116634589982688,1.467076301574707,65536.0,685.8046004000062,0
103,0.00047644677464517824,1.2142957094427826,0.1941313500189549,0.6204897291861571,0.1998373151115783,526.9571428571429,0.8433564744792975,1.6713116622219484,0.40027203985179466,0.6380800458913048,0.3164797931288679,590.671875,0.5353506803512573,0.23035605251789093,0.2644140821415931,0.8115749525616698,0.3448081264108352,0.4839877786579156,0.5604283213615417,0.1710205078125,0.31925057848772115,4277,993,8127,0.7876554131507874,3.442194644023514,0.15218811234487264,0.23122142390594383,0.25,761,0,0.0,1419,42,0.02959830866807611,5656,1677,0.2964992927864215,4568,2558,0.5599824868651488,26.075219307449764,1.4207425117492676,65536.0,686.4001826999884,0
104,0.00046860474023534287,1.2155109273922908,0.19451613964682277,0.6207848246995504,0.20010498155440604,526.9727272727273,0.8508410008503245,1.6897138046721618,0.41114498442038894,0.6384537077198426,0.3200575595255941,590.671875,0.5192805528640747,0.21873898804187775,0.2548006621655077,0.7947185813415575,0.332392776523702,0.46873578899499774,0.548493504524231,0.1676025390625,0.30611032741851657,4123,1065,8281,0.7854265570640564,3.3886348791639453,0.12998040496407576,0.22730241672109733,0.25,761,0,0.0,1419,28,0.019732205778717406,5656,1536,0.27157001414427157,4568,2559,0.5602014010507881,26.042114495568807,1.4207425117492676,65536.0,686.257832400006,0
105,0.00046077045213607716,1.2109445792901052,0.1927575467178574,0.6204341556731756,0.19887643875433253,526.9993506493506,inf,1.694615079710881,0.4147194518397252,0.6392492856830359,0.32032316783443093,590.671875,0.5112870335578918,0.21251311898231506,0.24895109834615142,0.7915187376725838,0.323524669461464,0.45931097630765705,0.5432229042053223,0.16064453125,0.29812049624842135,4013,1057,8391,0.7823782563209534,3.3115610711952974,0.12736773350751143,0.21881123448726322,0.25,761,0,0.0,1419,21,0.014799154334038054,5656,1411,0.24946958981612447,4568,2581,0.5650175131348512,26.109936012718943,1.4207425117492676,65536.0,684.30775919999,2
106,0.0004529458433407424,1.2117981104881732,0.19275615671528623,0.6206546829892443,0.19919363478948543,526.961038961039,0.8540250350128521,1.6909229966501396,0.41581609689941007,0.6383690622945627,0.31836891872808337,590.671875,0.511508584022522,0.21689336001873016,0.24940149674657733,0.7774647887323943,0.33376330216059336,0.4670314174516329,0.5419155955314636,0.1727294921875,0.30465817940981677,4140,1185,8264,0.7824347615242004,3.4781188765512736,0.116263879817113,0.20901371652514697,0.25,761,0,0.0,1419,34,0.023960535588442564,5656,1445,0.25548090523338046,4568,2661,0.5825306479859895,25.953676040635255,1.4207425117492676,65536.0,689.4448651999992,0
107,0.000445132844454477,1.2093055341150853,0.19227068188612337,0.6203281189714159,0.19835336753106736,526.9642857142857,0.851757888728148,1.6837668667236965,0.4033876998970906,0.6387664607415596,0.32080635529321927,590.671875,0.5272727608680725,0.2300967425107956,0.2620345204719342,0.7801038062283737,0.3635117703966462,0.495930488341399,0.5536772608757019,0.16943359375,0.32972577696526506,4509,1271,7895,0.7838128805160522,3.775310254735467,0.10124101894186806,0.1952971913781842,0.25,761,0,0.0,1419,29,0.0204369274136716,5656,1764,0.3118811881188119,4568,2716,0.5945709281961471,25.977583638648742,1.4207425117492676,65536.0,683.6399363000237,0
108,0.0004373333832178475,1.2098252218265038,0.19252046835306402,0.6203697554089806,0.1984674991822088,526.8857142857142,0.8543933922981287,1.6910276636481285,0.41347741646071273,0.6385056329891086,0.31952231059161323,590.671875,0.5120895504951477,0.2177131623029709,0.250377154443413,0.7728863510775466,0.3382779748468236,0.47058823529411764,0.5418023467063904,0.1761474609375,0.3076923076923077,4196,1233,8208,0.7838279604911804,3.5460483344219464,0.11038536903984324,0.21489222730241672,0.25,761,0,0.0,1419,29,0.0204369274136716,5656,1569,0.2774045261669024,4568,2598,0.568739054290718,26.115601875693123,1.4207425117492676,65536.0,680.8087831999874,0
109,0.0004295493840312084,1.2076747874547908,0.19168348040963923,0.6202027037933275,0.1978943025040162,526.6876623376623,0.8538361788183063,1.694046049689253,0.41721878449122113,0.6383238444104791,0.3192517099281152,590.671875,0.5198407173156738,0.2209312915802002,0.2546777592622675,0.8158166425769151,0.3185262818445663,0.4581666376761176,0.5486023426055908,0.1634521484375,0.29715703971119134,3951,892,8453,0.7871685028076172,3.163291966035271,0.15480078380143697,0.25081645983017636,0.25,761,0,0.0,1419,34,0.023960535588442564,5656,1473,0.2604314002828854,4568,2444,0.5350262697022767,25.994980416958754,1.467076301574707,65536.0,686.694396100007,0
110,0.0004217827674798842,1.204992878049999,0.19084345153109594,0.6200928167863325,0.19702830549764944,526.9902597402597,0.8532921716377333,1.7022747695446014,0.4199048615992069,0.639119046429793,0.3216254288951556,590.671875,0.5127421617507935,0.21378615498542786,0.2500833927420899,0.7880211391661773,0.32457271847791036,0.45977274025009995,0.5423941612243652,0.166015625,0.2985096759842812,4026,1083,8378,0.7844447493553162,3.3370346178967996,0.1325930764206401,0.23318092749836708,0.25,761,0,0.0,1419,36,0.02536997885835095,5656,1508,0.2666195190947666,4568,2482,0.5433450087565674,26.14950981301834,1.4207425117492676,65536.0,685.7386775999912,0
111,0.00041403544986029484,1.2037504824725065,0.19076908828279415,0.6198949644704917,0.19654321534583322,526.9597402597402,0.8615719959720388,1.697990629201134,0.41913587336118024,0.6376328691840172,0.3206109420862049,590.671875,0.5121681094169617,0.21134178340435028,0.24801159226335584,0.8086094112682001,0.30893260238632697,0.4470629411421571,0.5382372736930847,0.16259765625,0.28788220268950493,3832,907,8572,0.7825977802276611,3.095362508164598,0.1619856303069889,0.248203788373612,0.25,761,0,0.0,1419,29,0.0204369274136716,5656,1340,0.2369165487977369,4568,2463,0.5391856392294221,26.04337746737699,1.4207425117492676,65536.0,689.5742075000016,0
112,0.0004063093427071374,1.2031618318000397,0.19003196355777902,0.6201759248971939,0.1964769720934428,527.0012987012987,0.8562724384201037,1.6974215004593134,0.4133726772852242,0.6386042730882764,0.32272227310265106,590.671875,0.5170137882232666,0.21675942838191986,0.25248628748231566,0.785048471290082,0.3394872621734924,0.47399819900945517,0.5467702746391296,0.1739501953125,0.31061444272331634,4211,1153,8193,0.7806046009063721,3.5035924232527758,0.12932723709993468,0.2240365774003919,0.25,761,0,0.0,1419,41,0.028893587033121917,5656,1586,0.2804101838755304,4568,2584,0.5656742556917689,26.043439497096607,1.4207425117492676,65536.0,687.6486200999934,0
113,0.00039860635232174353,1.2027602544465623,0.190088041242841,0.619977222479783,0.19634749510071495,526.9805194805194,0.8529293554363313,1.7015178576111794,0.4212435622078677,0.6392318739866217,0.3205212108635654,590.671875,0.522466778755188,0.22690390050411224,0.25841719429008664,0.8148296593186373,0.32779748468236053,0.4675175347821087,0.5519347190856934,0.1668701171875,0.3050720288115246,4066,924,8338,0.7865889072418213,3.2593076420640106,0.13912475506205094,0.22338340953625083,0.25,761,0,0.0,1419,27,0.019027484143763214,5656,1547,0.27351485148514854,4568,2492,0.5455341506129597,26.037807160558014,1.4207425117492676,65536.0,688.4743958000035,0
114,0.0003909283793017286,1.201773948870696,0.1891913155311501,0.6201110130780703,0.19623581052503802,526.9168831168831,0.8583434168007467,1.6996797813723485,0.41830747155472636,0.638448927551508,0.32146168779581785,590.671875,0.5036487579345703,0.21035288274288177,0.24533417664933949,0.7650195520796302,0.3469848435988391,0.477426511369939,0.5334039330482483,0.171875,0.31356549613871487,4304,1322,8100,0.7780907154083252,3.67472240365774,0.0999346832135859,0.1952971913781842,0.25,761,0,0.0,1419,31,0.021846370683579985,5656,1513,0.2675035360678925,4568,2760,0.6042031523642732,25.985098544308723,1.4207425117492676,65536.0,687.642874800018,0
115,0.000383277318072047,1.1993555083677365,0.18899368211239964,0.6198907088923764,0.19523555980390542,526.6792207792208,0.8601598353354962,1.7237744585921366,0.43252781173214316,0.6396643938496709,0.3257911263499409,590.671875,0.5089597105979919,0.21060986816883087,0.24650632917764598,0.8200919238345371,0.3020799742018704,0.4415247746420786,0.5399646162986755,0.1533203125,0.2833056101618025,3747,822,8657,0.7825984358787537,2.984323971260614,0.16786414108425865,0.25408229915088176,0.25,761,0,0.0,1419,24,0.016913319238900635,5656,1371,0.2423974540311174,4568,2352,0.5148861646234676,25.876248601288175,1.4207425117492676,65536.0,693.9142886000045,0
116,0.00037565505641757235,1.1983666572864953,0.18836367524579747,0.6197802494872701,0.19511136615818198,526.9733766233767,0.8653786484684263,1.7056507039815187,0.4150524400174618,0.6394532397389412,0.3255725107931842,590.671875,0.5061876773834229,0.20901456475257874,0.24548431080766023,0.7591202653168092,0.35061270557884555,0.47967793525616287,0.535602867603302,0.1759033203125,0.3155107370864771,4349,1380,8055,0.777118444442749,3.7419986936642715,0.08883082952318747,0.19137818419333769,0.25,761,0,0.0,1419,32,0.02255109231853418,5656,1592,0.2814710042432815,4568,2725,0.5965411558669002,25.882275835781815,1.4207425117492676,65536.0,694.7730567000108,0
117,0.0003680634750173133,1.1980098070262315,0.18861688029553209,0.6197801181248256,0.19480640365705862,526.8474025974026,0.8606221603495734,1.7082759787638981,0.4220266817137599,0.6392626082524657,0.32349334463166696,590.671875,0.5138862729072571,0.21664339303970337,0.25139525092672554,0.8137626262626263,0.3117542728152209,0.45080438330613193,0.5428008437156677,0.162109375,0.29099255022951315,3867,885,8537,0.7847176194190979,3.1038536903984326,0.16263879817112997,0.24689745264532986,0.25,761,0,0.0,1419,27,0.019027484143763214,5656,1408,0.24893917963224893,4568,2432,0.532399299474606,25.98270690935692,1.4207425117492676,65536.0,687.3597141999926,0
118,0.00036050444698038515,1.196697549270345,0.18782531665517138,0.6197255532849919,0.1945733393361042,526.9285714285714,inf,1.7100433663775523,0.42280971243356663,0.640375037988027,0.323429311470439,590.671875,0.5128516554832458,0.21896710991859436,0.2534399244235829,0.7938223938223938,0.3315059658174782,0.4676979071883531,0.5398746728897095,0.1561279296875,0.30522565320665085,4112,1068,8292,0.7822124361991882,3.3834095362508165,0.13128674069235793,0.22534291312867408,0.25,761,0,0.0,1419,25,0.017618040873854827,5656,1557,0.2752828854314003,4568,2530,0.5538528896672504,25.97658287663737,1.4207425117492676,65536.0,691.2965531000227,2
119,0.0003529798373838478,1.1930075942695915,0.18685068579559977,0.6195371227605002,0.1933098934784338,527.0012987012987,0.873450593398763,1.7165775932371616,0.42962588214625913,0.6387757196401557,0.3240879938627283,590.671875,0.5128873586654663,0.21434345841407776,0.2511921052006073,0.8199957090753057,0.30812641083521447,0.4479343685906827,0.5448629260063171,0.1563720703125,0.28860530091369024,3822,839,8582,0.7860117554664612,3.044415414761594,0.1456564337034618,0.2279555845852384,0.25,761,0,0.0,1419,22,0.015503875968992248,5656,1433,0.2533592644978784,4568,2367,0.5181698774080561,25.962990724698564,1.4207425117492676,65536.0,690.4974825999816,0
120,0.0003454915028125262,1.1944648040966555,0.18652754977538988,0.6196941653242359,0.19412154499199483,526.9941558441559,0.8665774053567415,1.7172189416984718,0.42210684934010106,0.6406369619071484,0.327237568795681,590.671875,0.5071427226066589,0.21101726591587067,0.24693427491001785,0.7718581770930016,0.33521444695259595,0.4674273509077624,0.539341390132904,0.1634521484375,0.3049952321572655,4158,1229,8246,0.7800363898277283,3.5186152841280207,0.116263879817113,0.22664924885695623,0.25,761,0,0.0,1419,27,0.019027484143763214,5656,1577,0.27881895332390383,4568,2554,0.559106830122592,25.990617943773014,1.4207425117492676,65536.0,689.7783091000165,0
121,0.00033804129090092506,1.1933943630813004,0.18678731511939656,0.6195166869209958,0.19354518109134267,526.885064935065,0.8715768483552065,1.7219325434416533,0.4285158404769997,0.6411417989681164,0.32613745075650513,590.671875,0.5056171417236328,0.21154482662677765,0.2463829333893955,0.7905115189379148,0.3264269590454692,0.4620563733881091,0.53562992811203,0.16943359375,0.30043778288936707,4049,1073,8355,0.7808213829994202,3.3455258001306336,0.12083605486610059,0.21489222730241672,0.25,761,0,0.0,1419,28,0.019732205778717406,5656,1455,0.25724893917963226,4568,2566,0.5617338003502627,25.981244248996955,1.4207425117492676,65536.0,692.6203364000248,0
122,0.0003306310398773541,1.1900973009985762,0.18554239294358663,0.6194134721508274,0.19257071789402466,526.9551948051948,0.8623632141521999,1.7164931030323107,0.4227099015067021,0.6416989068190256,0.32604214681002003,590.671875,0.5086251497268677,0.21412643790245056,0.24740409228543286,0.7926524331602232,0.3322315382134795,0.468215645060501,0.5366374254226685,0.1768798828125,0.3056668150126094,4121,1078,8283,0.7784681916236877,3.395819725669497,0.116263879817113,0.20117570215545394,0.25,761,0,0.0,1419,25,0.017618040873854827,5656,1455,0.25724893917963226,4568,2641,0.5781523642732049,25.916735880392558,1.4207425117492676,65536.0,690.8325008999964,0
123,0.00032326257811037126,1.1910786161949107,0.18604097147653628,0.6194517494409115,0.19279294775484443,526.9928571428571,0.8708367630839348,1.7176243246843417,0.42697100325797993,0.6408177278935909,0.3249177971544365,590.671875,0.4973396956920624,0.2095077633857727,0.24226972281467168,0.7871518601341736,0.3121573685907772,0.44703573284073195,0.5270110964775085,0.168212890625,0.28785963868857334,3872,1047,8532,0.7818527817726135,3.2129327237099936,0.13063357282821686,0.23448726322664926,0.25,761,0,0.0,1419,20,0.014094432699083862,5656,1373,0.24275106082036776,4568,2479,0.5426882661996497,26.144205059674594,1.4207425117492676,65536.0,684.5816429999832,0
124,0.0003159377236576609,1.189902946507776,0.18572127552001508,0.6192156766529208,0.19248299776733696,526.9227272727272,0.8730037854282887,1.7184197356303532,0.422942284339418,0.6418318295230468,0.32682281235853833,590.671875,0.5103440880775452,0.21418866515159607,0.24998893248848617,0.7785621400705927,0.33787487907126734,0.47124304267161415,0.5400061011314392,0.1636962890625,0.308252427184466,4191,1192,8213,0.7810267806053162,3.5160026126714565,0.11365120836054866,0.21750489875898105,0.25,761,0,0.0,1419,33,0.023255813953488372,5656,1590,0.28111739745403114,4568,2568,0.5621716287215411,26.07192710809189,1.4207425117492676,65536.0,686.5390102000092,0
125,0.000308658283817455,1.1893203225615736,0.18503977614757303,0.6194167516061237,0.19243189688626822,526.9688311688311,0.869889274355653,1.7276294982681673,0.4304202883504331,0.6406323658302426,0.3282884244496624,590.671875,0.508514940738678,0.20853261649608612,0.24547453806735575,0.8003273322422259,0.31538213479522736,0.45246356696738377,0.5380758047103882,0.1685791015625,0.29237668161434976,3912,976,8492,0.7796615958213806,3.19268451992162,0.1404310907903331,0.2364467668190725,0.25,761,0,0.0,1419,28,0.019732205778717406,5656,1398,0.24717114568599718,4568,2486,0.5442206654991243,25.994821732779613,1.4207425117492676,65536.0,689.6193844999943,0
126,0.0003014260546826094,1.1877238959461063,0.1843212104946762,0.619256164539944,0.19207326038317246,526.9779220779221,0.8719354209768307,1.7261598724871874,0.4297456488323708,0.6410753633826971,0.32766942741970223,590.671875,0.49310675263404846,0.2039407193660736,0.23956643951241857,0.7583456973293768,0.32965172524991937,0.45954146999325696,0.5260260105133057,0.1689453125,0.2983147297001532,4089,1303,8315,0.7775616645812988,3.5218811234487264,0.10646636185499674,0.21815806662312215,0.25,761,0,0.0,1419,23,0.01620859760394644,5656,1462,0.2584865629420085,4568,2604,0.5700525394045534,26.06946293576707,1.467076301574707,65536.0,688.9416833000141,0
127,0.0002942428206974454,1.1882931271930794,0.18443872775253536,0.6194626428090133,0.19219587858911458,527.0090909090909,0.874667435303911,1.7228016667068005,0.4279594609203438,0.6409706970055898,0.32693575679635006,590.671875,0.4983486235141754,0.20470957458019257,0.2407309590897057,0.7712331369941098,0.32723315059658176,0.4595007641365258,0.5302280783653259,0.1663818359375,0.29828042328042326,4059,1204,8345,0.77799391746521,3.4376224689745265,0.12540822991508818,0.2286087524493795,0.25,761,0,0.0,1419,35,0.02466525722339676,5656,1454,0.2570721357850071,4568,2570,0.5626094570928196,25.949628251664162,1.4207425117492676,65536.0,693.2706850999966,0
128,0.00028711035421746345,1.1855027165505794,0.18366798626428302,0.6192219124211893,0.19130640917203642,526.9077922077922,0.8729041212371418,1.726938068245848,0.43205507860208553,0.6418035263195634,0.32653973034272593,590.671875,0.4968825578689575,0.2029581516981125,0.23888395884423516,0.7775750202757502,0.30917445985166075,0.4424319335486848,0.5309726595878601,0.1583251953125,0.2840530331086586,3835,1097,8569,0.7778159976005554,3.2214239059438277,0.12932723709993468,0.23514043109079033,0.25,761,0,0.0,1419,24,0.016913319238900635,5656,1345,0.2378005657708628,4568,2466,0.5398423817863398,25.984249871524234,1.4207425117492676,65536.0,687.9873549000185,0
129,0.0002800304150720422,1.1841840580299303,0.18355708519940253,0.6190830260902256,0.1907719739845821,526.961038961039,0.8783631533577845,1.7219265699386597,0.42975112966572243,0.6396848938117424,0.3262452733082076,590.671875,0.5095983743667603,0.2102896273136139,0.24824907365255058,0.8005286701911346,0.3173976136730087,0.4545664472924605,0.5431301593780518,0.1640625,0.2941352259992529,3937,981,8467,0.7816580533981323,3.2122795558458526,0.14369693011103854,0.240365774003919,0.25,761,0,0.0,1419,38,0.026779422128259338,5656,1460,0.2581329561527581,4568,2439,0.5339316987740805,26.026468855882328,1.4207425117492676,65536.0,691.8032766999968,0
130,0.0002730047501302264,1.1828753115681858,0.1830522777440099,0.6189531462920177,0.19043494412167505,526.9324675324675,0.8762666423986485,1.7251205189774435,0.4299760802338521,0.6415541227906942,0.32679515859733027,590.671875,0.5095962882041931,0.20946888625621796,0.24661103077232838,0.7867307692307692,0.3298129635601419,0.46478073165189726,0.5388301014900208,0.15673828125,0.3027455043291645,4091,1109,8313,0.7791805863380432,3.3964728935336383,0.11365120836054866,0.21097322011757022,0.25,761,0,0.0,1419,29,0.0204369274136716,5656,1470,0.2599009900990099,4568,2592,0.5674255691768827,26.048397980948124,1.4207425117492676,65536.0,691.2575403999945,0
131,0.0002660350928697132,1.18214586961579,0.18262062049531316,0.6190130958696465,0.1902560766931478,526.8175324675325,0.876877407884443,1.7297223682204883,0.4372177692130208,0.6398389721289277,0.32633281545713544,590.671875,0.5072698593139648,0.2059800922870636,0.2446331406594254,0.80446221848032,0.30812641083521447,0.44558437773243953,0.5359772443771362,0.16015625,0.2866571664291607,3822,929,8582,0.780870258808136,3.103200522534291,0.1404310907903331,0.23448726322664926,0.25,761,0,0.0,1419,23,0.01620859760394644,5656,1349,0.2385077793493635,4568,2450,0.5363397548161121,26.059767325572462,1.4207425117492676,131072.0,689.9017729999905,0
132,0.0002591231629491421,1.1817809344886185,0.18228085797231694,0.6189942244585458,0.19025292559103532,526.8532467532467,inf,1.7274588004996378,0.4272267138585448,0.6414176439866424,0.3294072242764135,590.671875,0.5083375573158264,0.2094855010509491,0.2471304391976446,0.7727521429874157,0.341583360206385,0.47375188684519476,0.5403370261192322,0.1697998046875,0.3104029304029304,4237,1246,8167,0.7786872982978821,3.581319399085565,0.10320052253429131,0.1998693664271718,0.25,761,0,0.0,1419,34,0.023960535588442564,5656,1550,0.27404526166902404,4568,2653,0.5807793345008757,25.907427169142817,1.4207425117492676,65536.0,689.8936264000076,2
133,0.00025227066578379596,1.1787602875139807,0.1811323224095168,0.618929112576819,0.18934942600498725,526.9824675324676,0.8776100733644002,1.7387011833488941,0.4367546808595459,0.6419885673870643,0.32997896561088663,590.671875,0.5035377144813538,0.20483431220054626,0.24324354190612213,0.7941412520064205,0.31909061593034505,0.4552564987347596,0.5335984230041504,0.156494140625,0.2947133283693224,3958,1026,8446,0.7799721360206604,3.255388634879164,0.12344872632266493,0.22338340953625083,0.25,761,0,0.0,1419,24,0.016913319238900635,5656,1440,0.2545968882602546,4568,2494,0.5459719789842382,26.02432315145865,1.4207425117492676,65536.0,688.4988851000089,0
134,0.0002454792921248141,1.1795381224774695,0.18132088078403627,0.6190332396850957,0.18959200153393405,526.9506493506493,0.8836679805215303,1.7318397369235754,0.43034178639451665,0.6418648439769944,0.3298165533536424,590.671875,0.499149352312088,0.19794794917106628,0.2383758241776377,0.7672862453531598,0.3327958722992583,0.4642375168690958,0.5297364592552185,0.1676025390625,0.3022847100175747,4128,1252,8276,0.7748353481292725,3.5140431090790334,0.10058785107772697,0.20248203788373612,0.25,761,0,0.0,1419,39,0.02748414376321353,5656,1429,0.25265205091937765,4568,2660,0.5823117338003503,25.95410371546866,1.4207425117492676,65536.0,689.4437117000052,0
135,0.00023875071764202534,1.178013047150203,0.1811714222146706,0.6187635108635023,0.18903905700456786,526.9175324675325,0.8830406729083556,1.7500805513312419,0.4459213586524129,0.6422265047828356,0.33096634472409886,590.671875,0.49157771468162537,0.19509530067443848,0.23394964433973656,0.7860653985894422,0.2965172524991938,0.43060352397119944,0.5243656635284424,0.158203125,0.27437523312196943,3678,1001,8726,0.77874356508255,3.056172436316133,0.1417374265186153,0.24755062050947094,0.25,761,0,0.0,1419,33,0.023255813953488372,5656,1253,0.22153465346534654,4568,2392,0.5236427320490368,26.107064132678044,1.4207425117492676,65536.0,686.8545265000139,0
136,0.0002320866025105013,1.1791052342235269,0.18148841765987409,0.618769144044294,0.18942383565008641,526.937012987013,0.8892104103580698,1.7465437675515811,0.43879180929313105,0.6421689450119933,0.33279150499341387,590.671875,0.49105745553970337,0.191698357462883,0.2334234582958743,0.7975778546712803,0.29732344405030636,0.43316889828517735,0.5269886255264282,0.1541748046875,0.2764617691154423,3688,936,8716,0.7780769467353821,3.0202482037883738,0.1495754408883083,0.2442847811887655,0.25,761,0,0.0,1419,30,0.021141649048625793,5656,1239,0.21905940594059406,4568,2419,0.5295534150612959,26.013207958284383,1.4207425117492676,65536.0,692.9579535999801,0
137,0.0002254885910009338,1.1762243832086587,0.18003876847396424,0.6189022199287043,0.18864169750217494,526.9285714285714,0.8798652400831124,1.744447523728013,0.4408391552666823,0.642407737361888,0.33060031446317834,590.671875,0.49604856967926025,0.20167703926563263,0.23894023159518837,0.778001206515182,0.3119155111254434,0.44530126028658573,0.5285311937332153,0.1585693359375,0.28642286052709504,3869,1104,8535,0.7806351184844971,3.248203788373612,0.12279555845852384,0.23905943827563683,0.25,761,0,0.0,1419,30,0.021141649048625793,5656,1372,0.24257425742574257,4568,2467,0.5400612959719789,26.097325371831673,1.4207425117492676,65536.0,691.260106199974,0
138,0.0002189583110739344,1.176658500324596,0.17988974741817296,0.6188238526319528,0.18897245112177613,526.9246753246754,0.887130222188962,1.7340933202455442,0.43121088746314246,0.6419878657907248,0.33044728194363415,590.671875,0.49995461106300354,0.2040020078420639,0.240462681860663,0.7922528032619776,0.31328603676233474,0.44901496331388296,0.5328150987625122,0.1600341796875,0.28950309170826194,3886,1019,8518,0.7787541151046753,3.203788373612018,0.12606139777922926,0.22599608099281515,0.25,761,0,0.0,1419,30,0.021141649048625793,5656,1400,0.24752475247524752,4568,2456,0.5376532399299475,25.969050438909576,1.467076301574707,65536.0,691.1419843999902,0
139,0.00021249737397836048,1.1741590267264999,0.17931657753304228,0.6187287662710462,0.1880568412942933,527.0038961038961,0.8802331208602174,1.7419072519987822,0.44016538513824344,0.6415176885202527,0.3301120890925328,590.671875,0.4899120628833771,0.19682645797729492,0.23436729940585793,0.7693535514764565,0.3108674621089971,0.44281120808451996,0.5238882899284363,0.16162109375,0.2843657817109145,3856,1156,8548,0.776624858379364,3.2736773350751145,0.11495754408883083,0.22077073807968647,0.25,761,0,0.0,1419,27,0.019027484143763214,5656,1340,0.2369165487977369,4568,2489,0.544877408056042,26.1237194620794,1.467076301574707,65536.0,685.3387674999831,0
140,0.00020610737385376327,1.1718826884573157,0.17870771075998035,0.6186000148197273,0.18728748144848006,526.9571428571429,0.8865858580191414,1.7567161079496145,0.4443610968689124,0.6438026217122873,0.3342761966244628,590.671875,0.4904405474662781,0.19718903303146362,0.2351456642500125,0.7800292458742427,0.30103192518542404,0.43441335582572277,0.5249293446540833,0.15625,0.2774764063312774,3734,1053,8670,0.7786462903022766,3.12671456564337,0.1338994121489223,0.24167210973220118,0.25,761,0,0.0,1419,31,0.021846370683579985,5656,1346,0.23797736916548798,4568,2357,0.5159807355516638,26.121754648263675,1.4207425117492676,65536.0,687.8721762000059,0
141,0.00019978988733705783,1.17256331393471,0.17898498760512122,0.6186456895880885,0.18746631793774568,526.9396103896104,0.8862480507462056,1.7385625125219424,0.43530965968966484,0.6414764824633797,0.330888186270992,590.671875,0.5033829808235168,0.20787513256072998,0.2426986824371852,0.7884615384615384,0.3206223798774589,0.4558688674919762,0.5375475883483887,0.1661376953125,0.2952267834607676,3977,1067,8427,0.7785208225250244,3.294578706727629,0.124101894186806,0.2194644023514043,0.25,761,0,0.0,1419,32,0.02255109231853418,5656,1433,0.2533592644978784,4568,2512,0.5499124343257443,26.12781692927611,1.4207425117492676,65536.0,687.4440191000176,0
142,0.00019354647317351147,1.1714403316185071,0.178630651451357,0.6184010475486904,0.18720431700348855,526.9512987012987,0.8863453575155952,1.7422406661013763,0.43202864984050393,0.6430022384350499,0.33360488596372306,590.671875,0.5002959370613098,0.1996670365333557,0.23969899642979725,0.7838991270611058,0.32578200580457917,0.46027678113787807,0.5351971983909607,0.169677734375,0.2989347536617843,4041,1114,8363,0.7750064134597778,3.3670803396472895,0.1247550620509471,0.21685173089483997,0.25,761,0,0.0,1419,23,0.01620859760394644,5656,1470,0.2599009900990099,4568,2548,0.5577933450087565,26.07610048700555,1.4207425117492676,65536.0,691.466669299989,0
143,0.00018737867183214719,1.1716439835436931,0.17871444891993102,0.6185703791194148,0.18717957812470276,526.9766233766234,0.8878634031136314,1.7629452149073284,0.4487051294806103,0.6434031237537662,0.3354184820782393,590.671875,0.49268004298210144,0.197811558842659,0.23525723533239215,0.7986692423266796,0.29998387616897776,0.43614839125593385,0.5280919075012207,0.1617431640625,0.2788937190825963,3721,938,8683,0.7784212827682495,3.0431090790333117,0.13977792292619204,0.24624428478118876,0.25,761,0,0.0,1419,22,0.015503875968992248,5656,1325,0.23426449787835926,4568,2374,0.5197022767075307,26.24600140214334,1.4207425117492676,65536.0,689.2094793000142,0
144,0.0001812880051256549,1.1703258920412558,0.17808092822405425,0.61848550744645,0.1868797282990697,526.9233766233766,0.887870096870057,1.7527380685011547,0.4414392369799316,0.6426602760329843,0.33431927813217044,590.671875,0.5015570521354675,0.20223772525787354,0.23964529214426875,0.7965574450435504,0.30965817478232827,0.445953790781377,0.5343477725982666,0.1583251953125,0.2869630183040717,3841,981,8563,0.7772549986839294,3.149575440888308,0.13847158719790986,0.23775310254735468,0.25,761,0,0.0,1419,33,0.023255813953488372,5656,1371,0.2423974540311174,4568,2437,0.533493870402802,26.23786375352253,1.4207425117492676,65536.0,688.0718792999978,0
145,0.00017527597583490801,1.1693273909680255,0.17786709310656243,0.6183143353694445,0.18657298002924239,526.9857142857143,inf,1.7536145076155663,0.44488079519942403,0.6427016636977593,0.3330160208667318,590.671875,0.4876086115837097,0.19350318610668182,0.2315896777668968,0.7625072999805333,0.3157852305707836,0.44661079756000227,0.5250731706619263,0.1654052734375,0.287507339988256,3917,1220,8487,0.775015115737915,3.3553233180927498,0.11561071195297191,0.22926192031352058,0.25,761,0,0.0,1419,32,0.02255109231853418,5656,1382,0.24434229137199434,4568,2503,0.5479422066549913,26.167131113495095,1.467076301574707,65536.0,688.1874529000197,2
146,0.00016934406733817395,1.1704046957678609,0.17814731805452277,0.6184173268931252,0.18692002574151212,526.8818181818182,0.8915508835346668,1.7538420036435127,0.4425248671323061,0.6433251497025291,0.33399599433566135,590.671875,0.4940331280231476,0.20014359056949615,0.23589797744061797,0.7739010447466982,0.3165108029667849,0.4492761915660583,0.5272976756095886,0.170654296875,0.28972031584384916,3926,1147,8478,0.7758815288543701,3.3135205747877206,0.12083605486610059,0.22273024167210972,0.25,761,0,0.0,1419,31,0.021846370683579985,5656,1360,0.24045261669024046,4568,2535,0.5549474605954466,26.160030220309025,1.4207425117492676,65536.0,687.4976600999944,0
147,0.0001634937432451131,1.1682628042125083,0.17730501991781322,0.6183711891824549,0.18629329782705029,526.8227272727273,0.8892121954397721,1.7595623812327783,0.4499996799665193,0.6423496647427479,0.33360651213054854,590.671875,0.4847577214241028,0.1932312250137329,0.2312977605557535,0.7764730551478297,0.29853273137697517,0.43125837069818906,0.5202652215957642,0.157470703125,0.2749072011878248,3703,1066,8701,0.7768277525901794,3.114957544088831,0.12606139777922926,0.22730241672109733,0.25,761,0,0.0,1419,23,0.01620859760394644,5656,1239,0.21905940594059406,4568,2441,0.534369527145359,26.069858456519977,1.4207425117492676,65536.0,689.1810683999793,0
148,0.00015772644703565544,1.1682617477008275,0.1776807501283172,0.6181950182109684,0.18619299003152878,526.9272727272727,0.8978232857081797,1.7496947192897399,0.4395104977302253,0.6423815429831544,0.33390133921056986,590.671875,0.5024981498718262,0.20360122621059418,0.2411694835172966,0.7920593543212352,0.318445662689455,0.4542579495141165,0.5366805195808411,0.1552734375,0.29387694367978573,3950,1037,8454,0.7775949835777283,3.257348138471587,0.12214239059438275,0.21685173089483997,0.25,761,0,0.0,1419,27,0.019027484143763214,5656,1428,0.2524752475247525,4568,2495,0.5461908931698775,26.070189366200662,1.4207425117492676,65536.0,690.0779786000203,0
149,0.00015204360170384266,1.1678616697912092,0.17734753500621814,0.6182981688093829,0.18610798363368233,526.9811688311688,0.8940282224060653,1.7534039430320263,0.4432374443858862,0.6431770936275522,0.33349470398388803,590.671875,0.49603840708732605,0.2003811150789261,0.23794159984099678,0.7811945594322885,0.3194937117059013,0.45351032785947243,0.5299038290977478,0.163818359375,0.2932514429480539,3963,1110,8441,0.7753565311431885,3.3135205747877206,0.11952971913781842,0.21881123448726322,0.25,761,0,0.0,1419,24,0.016913319238900635,5656,1452,0.2567185289957567,4568,2487,0.5444395796847635,26.199283107711516,1.4207425117492676,65536.0,684.903091300017,0
150,0.0001464466094067261,1.1665798619970098,0.17722765335982496,0.6183071825411413,0.18552251258357005,526.7577922077922,0.8933994480154731,1.7622801053027313,0.4538200822037955,0.6424569717297951,0.33300152521890897,590.671875,0.49520325660705566,0.19749902188777924,0.23625217551016248,0.7962247962247962,0.29925830377297646,0.4350169928512833,0.5287873148918152,0.1527099609375,0.2779691478208776,3712,950,8692,0.7771689295768738,3.045068582625735,0.14826910516002612,0.24297844546048333,0.25,761,0,0.0,1419,30,0.021141649048625793,5656,1312,0.23196605374823195,4568,2370,0.5188266199649737,26.209582500773926,1.4207425117492676,65536.0,689.6538342999993,0
151,0.00014093685111840547,1.1655434502796693,0.17594794273473224,0.6181826524146191,0.18570642704506973,526.9961038961039,inf,1.7541430095831554,0.4458050934287409,0.642424326390028,0.33295679387326044,590.671875,0.49067768454551697,0.19887353479862213,0.23511752686463297,0.7755952380952381,0.3151402773298936,0.44817702361843614,0.5254245400428772,0.1666259765625,0.288806797192464,3909,1131,8495,0.7776411771774292,3.2919660352710647,0.116263879817113,0.21881123448726322,0.25,761,0,0.0,1419,31,0.021846370683579985,5656,1401,0.2477015558698727,4568,2477,0.5422504378283712,26.157896527420267,1.4207425117492676,32768.0,689.0491886000091,2
152,0.00013551568628929414,1.1645272156247846,0.17561935285082111,0.6182418117662529,0.18533302564899642,527.0071428571429,0.8914924268405159,1.7557124917705853,0.44710466855516035,0.6428756980846325,0.3328660632638882,590.671875,0.4892647862434387,0.19688192009925842,0.23318536631995812,0.7662864875314132,0.31957433086101256,0.4510439779256984,0.5242886543273926,0.1680908203125,0.29119224270917504,3964,1209,8440,0.7746329307556152,3.3788373612018288,0.09862834748530372,0.2077073807968648,0.25,761,0,0.0,1419,32,0.02255109231853418,5656,1377,0.24345827439886847,4568,2555,0.5593257443082311,26.10127147298136,1.4207425117492676,32768.0,688.3897287000145,0
153,0.00013018445251069497,1.1641767268056993,0.17566946109684256,0.6182193706949036,0.18514394799803757,526.9415584415584,0.893118757977114,1.7473620939999819,0.44003907063355047,0.6425703006486098,0.33237636283350486,590.671875,0.4924246072769165,0.19961486756801605,0.23537299551535398,0.7643795080451267,0.3331989680748146,0.464095222053787,0.5259436964988708,0.16357421875,0.3021640590729639,4133,1274,8271,0.7732292413711548,3.5316786414108425,0.09601567602873938,0.19399085564990204,0.25,761,0,0.0,1419,25,0.017618040873854827,5656,1444,0.2553041018387553,4568,2664,0.5831873905429071,26.103502277031243,1.467076301574707,32768.0,688.5837931999995,0
154,0.0001249444651847701,1.1639843675223265,0.1762000147011373,0.6181509425887813,0.1848167045453152,526.9227272727272,0.8976895874970919,1.7546931790808837,0.44151143326113623,0.6427620012934009,0.3352098734273265,590.671875,0.48715558648109436,0.1937459111213684,0.23253615540452302,0.7420284633399388,0.33207029990325704,0.4588137009189642,0.5212646722793579,0.171875,0.2977016478751084,4119,1432,8285,0.7730314135551453,3.6257348138471586,0.0999346832135859,0.20836054866100587,0.25,761,0,0.0,1419,34,0.023960535588442564,5656,1446,0.25565770862800563,4568,2639,0.5777145359019265,26.069381869558587,1.4207425117492676,32768.0,688.2367341000063,0
155,0.00011979701719998438,1.161517275192521,0.17518953681959734,0.6180725985533231,0.1841275690050868,526.9207792207792,0.8946688455420655,1.7630796991288662,0.44963203370571136,0.6432587153588732,0.3350944733247161,590.671875,0.48652413487434387,0.19114620983600616,0.23154079044470563,0.7490815576781779,0.3287649145436956,0.4569699686239355,0.521786630153656,0.1727294921875,0.2961510530137981,4078,1366,8326,0.7728736996650696,3.5558458523840626,0.09405617243631613,0.20509470934030047,0.25,761,0,0.0,1419,37,0.026074700493305146,5656,1423,0.2515912305516266,4568,2618,0.5731173380035026,26.061503220800937,1.4207425117492676,32768.0,689.1299550000113,0
156,0.00011474337861210527,1.1623212489601853,0.17536284838887778,0.6180488188158382,0.18445479024153252,526.9571428571429,0.8950664824286064,1.7618992707381647,0.4478896684013307,0.6432841128359238,0.33536274490567547,590.671875,0.49304232001304626,0.19905857741832733,0.23462354282091838,0.7710657945363601,0.32312157368590777,0.4554027951369162,0.5255822539329529,0.1683349609375,0.29483595703987053,4008,1190,8396,0.7740523815155029,3.395166557805356,0.11234487263226649,0.2194644023514043,0.25,761,0,0.0,1419,29,0.0204369274136716,5656,1435,0.2537128712871287,4568,2544,0.5569176882661997,26.08570148181754,1.4207425117492676,32768.0,686.2381097000034,0
157,0.00010978479633083506,1.1604521464217792,0.1744254305378183,0.61797337303688,0.1840266718444499,526.9727272727273,0.8984073718259861,1.7565180125335853,0.44377885727832717,0.6437349763388435,0.3345020888373256,590.671875,0.48783621191978455,0.19251380860805511,0.2318356055591721,0.7495902385722091,0.33182844243792325,0.4600167644593462,0.5218201279640198,0.15576171875,0.29871543653385585,4116,1375,8288,0.7706974744796753,3.5865447419986936,0.09079033311561072,0.1959503592423253,0.25,761,0,0.0,1419,34,0.023960535588442564,5656,1438,0.2542432814710042,4568,2644,0.5788091068301225,25.88860133333491,1.4207425117492676,32768.0,693.052744399989,0
158,0.00010492249381215464,1.1615836136526876,0.17503407395311765,0.6180076407534736,0.18427094883926504,526.6155844155844,0.9036575798283923,1.7718450240790844,0.45407738303765655,0.6442268059278528,0.3367704201955348,590.671875,0.48563286662101746,0.19078296422958374,0.23101026365184224,0.7628543499511241,0.3145759432441148,0.4454592157086592,0.5213736891746521,0.16259765625,0.2865535727399574,3902,1213,8502,0.7749238014221191,3.340953625081646,0.1077726975832789,0.21685173089483997,0.25,761,0,0.0,1419,36,0.02536997885835095,5656,1356,0.23974540311173975,4568,2510,0.5494746059544658,26.28243278841432,1.4207425117492676,32768.0,687.8140359999961,0
159,0.00010015767075645462,1.1603988835176864,0.17454712337681225,0.6178516451801572,0.18400005784804946,526.7103896103896,0.8996856900778684,1.7562079932540655,0.44525590678676963,0.6430117549995581,0.3339701652682076,590.671875,0.48584794998168945,0.19421187043190002,0.2313207497005351,0.7486238532110092,0.3289261528539181,0.45704043911728465,0.5197790265083313,0.1688232421875,0.2962102511979091,4080,1370,8324,0.7733032703399658,3.5597648595689093,0.09405617243631613,0.19660352710646636,0.25,761,0,0.0,1419,34,0.023960535588442564,5656,1417,0.2505304101838755,4568,2629,0.5755253940455342,26.043244943073354,1.4207425117492676,32768.0,691.1991185999941,0
160,9.549150281252619e-05,1.1587677538394927,0.1741985271503399,0.6178193832759733,0.18337492267419767,526.9681818181818,0.9001026100926585,1.7651815135031939,0.4489042009226978,0.6438719214250644,0.33620269208525616,590.671875,0.49398621916770935,0.19743801653385162,0.23455215273424984,0.780032141422258,0.31304417929700096,0.44678402945575885,0.526665210723877,0.1527099609375,0.28765093710645234,3883,1095,8521,0.7748117446899414,3.2514696276943176,0.12279555845852384,0.22077073807968647,0.25,761,0,0.0,1419,38,0.026779422128259338,5656,1352,0.23903818953323905,4568,2493,0.545753064798599,26.064155415456298,1.4207425117492676,32768.0,691.4430973000126,0
161,9.092514128748822e-05,1.1593826811034957,0.17441847160845608,0.6179193096501486,0.1835224498934173,526.85,0.8985024991554099,1.7629482882718246,0.44761456207682687,0.6428357173378269,0.33624900644645095,590.671875,0.4828525483608246,0.19106489419937134,0.22978791749337688,0.7596658247522828,0.31522089648500484,0.4455586576263461,0.5195380449295044,0.1624755859375,0.2866358771351074,3910,1237,8494,0.7731262445449829,3.3618549967341607,0.11365120836054866,0.22207707380796865,0.25,761,0,0.0,1419,34,0.023960535588442564,5656,1382,0.24434229137199434,4568,2494,0.5459719789842382,26.143214160432777,1.467076301574707,32768.0,688.0659791000071,0
162,8.645971286271907e-05,1.1587128755721179,0.1742709709307203,0.6178766735575416,0.1832826159942847,526.8675324675324,0.8991288092616316,1.773066111529867,0.454156552751859,0.6436415237064163,0.33763401916561026,590.671875,0.4784804880619049,0.18478529155254364,0.22497769220499322,0.7525193798449612,0.31304417929700096,0.44215440674106127,0.5143863558769226,0.165283203125,0.2838242818507419,3883,1277,8521,0.7707634568214417,3.3703461789679947,0.1038536903984324,0.20836054866100587,0.25,761,0,0.0,1419,26,0.018322762508809022,5656,1303,0.23037482319660538,4568,2554,0.559106830122592,26.022173855045395,1.4207425117492676,32768.0,689.9454880999983,0
163,8.209631931586485e-05,1.1573744187494377,0.17343352198987813,0.6178514224755299,0.18304473638244265,526.7831168831169,0.902057613877507,1.7659980269769828,0.4495726396950583,0.643711382523179,0.33635700300025445,590.671875,0.4837506413459778,0.188961923122406,0.2281895776744932,0.7619605545791838,0.3145759432441148,0.4453067047075606,0.5200583934783936,0.16015625,0.2864273654848418,3902,1219,8502,0.7714744806289673,3.3448726322664926,0.11038536903984324,0.20640104506858262,0.25,761,0,0.0,1419,33,0.023255813953488372,5656,1324,0.2340876944837341,4568,2545,0.5571366024518388,26.221433501419774,1.4207425117492676,32768.0,687.1158045000047,0
164,7.783603724899246e-05,1.1588778215182292,0.1738491170543742,0.6179977979365882,0.183515453580525,526.7707792207792,0.9073982807722959,1.7686556136856477,0.4515485189234217,0.6437241593375802,0.3366914660825084,590.671875,0.47997426986694336,0.18621110916137695,0.22575881446828133,0.751004016064257,0.31659142212189617,0.4454148471615721,0.5166501998901367,0.166015625,0.28651685393258425,3927,1302,8477,0.7695173025131226,3.4154147615937296,0.0999346832135859,0.20248203788373612,0.25,761,0,0.0,1419,33,0.023255813953488372,5656,1321,0.23355728429985856,4568,2573,0.5632661996497373,26.148450353714466,1.4207425117492676,65536.0,688.8067074000137,0
165,7.367991782295392e-05,1.156866565733761,0.1731386930427768,0.6178927341838936,0.1829175693648202,526.8331168831169,0.9028637366441937,1.7741526377697785,0.4520118882258733,0.6445175372064114,0.3388116052374244,590.671875,0.4762732684612274,0.18534429371356964,0.22306556237163022,0.7450419527078566,0.31497903901967106,0.44276971894832273,0.5139372944831848,0.15869140625,0.2843315624772578,3907,1337,8497,0.7691484689712524,3.4252122795558457,0.10320052253429131,0.20509470934030047,0.25,761,0,0.0,1419,32,0.02255109231853418,5656,1320,0.2333804809052334,4568,2555,0.5593257443082311,26.26423889616982,1.4207425117492676,65536.0,685.6699047999864,0
166,6.962898649802802e-05,1.1566838946048315,0.1732813658120183,0.6178068350274841,0.1827978464980404,526.8681818181818,0.8996510100055051,1.7621490694582462,0.4516492352510492,0.6426912089809775,0.3339043107504646,590.671875,0.4817019999027252,0.19334910809993744,0.22979105851845816,0.7480255735238811,0.32070299903257016,0.44893352894707145,0.5179861783981323,0.159423828125,0.28943538998835855,3978,1340,8426,0.7737150192260742,3.4735467015022863,0.09797517962116264,0.1992161985630307,0.25,761,0,0.0,1419,35,0.02466525722339676,5656,1373,0.24275106082036776,4568,2570,0.5626094570928196,26.236125569164933,1.4207425117492676,65536.0,688.0740533000208,0
167,6.568424278090424e-05,1.1581498708817866,0.17434893668955798,0.6176742827737486,0.1830633253536441,526.7902597402598,0.906950849604297,1.7741215930630763,0.45243127178400755,0.6447956267123421,0.33844734565354884,590.671875,0.48712021112442017,0.19082556664943695,0.23033198175253347,0.7665813816177918,0.31401160915833604,0.4455247354875608,0.5213571190834045,0.166259765625,0.28660779985283297,3895,1186,8509,0.7728225588798523,3.318745917700849,0.10907903331156107,0.2122795558458524,0.25,761,0,0.0,1419,31,0.021846370683579985,5656,1364,0.24115983026874116,4568,2500,0.5472854640980735,26.134220620198935,1.4207425117492676,65536.0,689.8224242000142,0
168,6.184665997806812e-05,1.1559770054244376,0.17301876736538752,0.6178222799068922,0.18256797901318444,526.9097402597403,0.8979527656327594,1.7771711125969887,0.4559351918287575,0.6439981708923975,0.33861887579162914,590.671875,0.47537729144096375,0.18693557381629944,0.2245413666474633,0.7535498930169228,0.31231860690099966,0.4416072955257908,0.5109339356422424,0.1634521484375,0.28337356447955525,3874,1267,8530,0.7712003588676453,3.3579359895493144,0.10842586544741999,0.21032005225342912,0.25,761,0,0.0,1419,30,0.021141649048625793,5656,1312,0.23196605374823195,4568,2532,0.5542907180385289,26.159209873603952,1.4207425117492676,65536.0,688.1206630000088,0
169,5.811718495565318e-05,1.1564003173019979,0.1731579186564142,0.6177711538680188,0.18273562181305575,526.6954545454546,0.9058218558113297,1.7688395244379838,0.4495359812863171,0.6442099772393703,0.33754678163677454,590.671875,0.48657089471817017,0.1944247931241989,0.2307488378835842,0.747713135748262,0.32949048693969685,0.4574146614437605,0.5214468836784363,0.16552734375,0.2965247043459334,4087,1379,8317,0.771285355091095,3.5702155453951665,0.09405617243631613,0.1946440235140431,0.25,761,0,0.0,1419,37,0.026074700493305146,5656,1437,0.25406647807637905,4568,2613,0.5720227670753065,26.053275668508235,1.4207425117492676,65536.0,689.1844345999998,0
170,5.449673790581603e-05,1.1538488490240915,0.17183396778516954,0.6177017966261158,0.1821565423596215,526.9441558441558,0.8980710028440921,1.7766880318522453,0.453629804464678,0.6446190976227323,0.33921956550329924,590.671875,0.4863300621509552,0.18939460813999176,0.22967291378881782,0.7574556436391091,0.323524669461464,0.4533950965992543,0.5231032967567444,0.1678466796875,0.2931550880268829,4013,1285,8391,0.7716361880302429,3.4604833442194645,0.10320052253429131,0.21097322011757022,0.25,761,0,0.0,1419,32,0.02255109231853418,5656,1412,0.24964639321074963,4568,2569,0.5623905429071804,26.180424391048877,1.4207425117492676,65536.0,688.0490525999921,0
171,5.098621211969216e-05,1.1552654945231102,0.17263678198123908,0.6177879675642236,0.18242037238238692,526.8675324675324,0.9015730826498626,1.7708688316245873,0.45563638707002,0.6435067035878698,0.33586287195794284,590.671875,0.49051252007484436,0.19527246057987213,0.23322179054957815,0.7772,0.31328603676233474,0.44656400827396,0.5263111591339111,0.15771484375,0.2874685604379346,3886,1114,8518,0.7748929262161255,3.2658393207054215,0.12214239059438275,0.21358589157413455,0.25,761,0,0.0,1419,34,0.023960535588442564,5656,1383,0.2445190947666195,4568,2469,0.5404991243432574,26.01551189105482,1.467076301574707,65536.0,687.7261454999971,0
172,4.7586473766990253e-05,1.1537900303865407,0.17223555989466705,0.6176833944274234,0.18193553781935146,526.8461038961038,0.900071434657295,1.7728787250816822,0.45448556418220204,0.6434631266941627,0.337465019353355,590.671875,0.48552247881889343,0.19391584396362305,0.2309314949729014,0.7525442894836034,0.32191228635923896,0.45093167701863357,0.5219445824623108,0.1553955078125,0.29109863672814756,3993,1313,8411,0.773148775100708,3.4657086871325933,0.10450685826257348,0.21097322011757022,0.25,761,0,0.0,1419,40,0.028188865398167725,5656,1413,0.24982319660537483,4568,2540,0.5560420315236427,25.91991259097047,1.4207425117492676,65536.0,690.0798563999997,0
173,4.4298361682277405e-05,1.155343953200749,0.1729814668948,0.6177039908898341,0.18232924821605156,526.8727272727273,0.9065420558506793,1.7733614494403203,0.4529917851711313,0.6444076529393593,0.33798100574252504,590.671875,0.4814877212047577,0.19271957874298096,0.22927071363083087,0.7512050426399703,0.326668816510803,0.45533205978199803,0.5177090167999268,0.1634521484375,0.29477666230176053,4052,1342,8352,0.7723413109779358,3.5231874591770085,0.09928151534944481,0.1992161985630307,0.25,761,0,0.0,1419,29,0.0204369274136716,5656,1437,0.25406647807637905,4568,2586,0.5661120840630472,25.96300607497246,1.466404914855957,65536.0,691.4633516000176,0
174,4.1122687158009486e-05,1.1527879520283117,0.17186544425301736,0.6176408246740118,0.18164084110070358,526.9207792207792,0.905633754563796,1.7730260342359543,0.45675680274143815,0.6436395818988482,0.33631482627242804,590.671875,0.4818156063556671,0.19124123454093933,0.22958278143778443,0.7497689890962853,0.32707191228635923,0.45545888296379455,0.5180461406707764,0.169921875,0.29488297717691525,4057,1354,8347,0.7719258666038513,3.5342913128674067,0.10189418680600915,0.19660352710646636,0.25,761,0,0.0,1419,34,0.023960535588442564,5656,1415,0.25017680339462517,4568,2608,0.5709281961471103,26.055166174090104,1.4207425117492676,65536.0,692.6470564000192,0
175,3.8060233744356686e-05,1.1515198013999246,0.17143841376649094,0.6176152587711037,0.18123306469967612,526.9707792207793,0.8995649723650573,1.7757240428278844,0.454928413964808,0.6447255341336131,0.33803504953781766,590.671875,0.47929877042770386,0.18855100870132446,0.22652284312061965,0.7487285741194198,0.3204611415672364,0.44882289843617673,0.5151686072349548,0.1590576171875,0.2893434269908284,3975,1334,8429,0.7717700004577637,3.4676681907250164,0.10516002612671456,0.20509470934030047,0.25,761,0,0.0,1419,34,0.023960535588442564,5656,1369,0.24204384724186703,4568,2572,0.5630472854640981,26.101177260130772,1.4207425117492676,65536.0,690.1495438999846,0
176,3.511175705587427e-05,1.152692983212409,0.17181555762306436,0.6175880093466152,0.18164470745371533,526.8837662337662,0.9040812685698658,1.7787165964643161,0.4600495680545767,0.6440203295399746,0.33732335121991736,590.671875,0.4739758372306824,0.1868787258863449,0.22494811802171172,0.7392937640871525,0.31731699451789747,0.444043321299639,0.5120841264724731,0.162841796875,0.2853828306264501,3936,1388,8468,0.7717891931533813,3.4774657086871326,0.0999346832135859,0.2077073807968648,0.25,761,0,0.0,1419,31,0.021846370683579985,5656,1347,0.23815417256011315,4568,2558,0.5599824868651488,26.048897188240204,1.4207425117492676,65536.0,691.9872460999759,0
177,3.2277984585066264e-05,1.153896201043934,0.17227740581207848,0.617754415296889,0.18193219006061553,526.938961038961,inf,1.7714975054065387,0.45270245072121423,0.6437459609781703,0.3375245452237626,590.671875,0.4827443063259125,0.19114898145198822,0.22975121831987053,0.7556019749335359,0.3207836181876814,0.4503678551216752,0.519296407699585,0.1600341796875,0.2906288802863195,3979,1287,8425,0.7730953097343445,3.4395819725669496,0.10581319399085565,0.2116263879817113,0.25,761,0,0.0,1419,32,0.02255109231853418,5656,1398,0.24717114568599718,4568,2549,0.5580122591943958,26.019330835266697,1.4207425117492676,65536.0,690.9044779000105,2
178,2.955961552288723e-05,1.1531280098410397,0.17130029181671608,0.6178504783998836,0.1819886202355484,526.8538961038961,0.9019160371128615,1.7740222898622353,0.45606061241899926,0.6437866395960251,0.337087519466877,590.671875,0.48090460896492004,0.19048506021499634,0.22805539349792525,0.7544027565084227,0.3177200902934537,0.44712956659859315,0.515562117099762,0.1561279296875,0.2879374589026083,3941,1283,8463,0.7729288935661316,3.4121489222730244,0.10058785107772697,0.20901371652514697,0.25,761,0,0.0,1419,29,0.0204369274136716,5656,1376,0.24328147100424327,4568,2536,0.5551663747810858,26.040772111708787,1.4207425117492676,65536.0,689.9996705999947,0
179,2.6957320586227313e-05,1.1516079051154,0.17103082002080106,0.6177290463989431,0.18142401922929596,526.7019480519481,0.905239313221597,1.775867976869146,0.456098272309949,0.6442564126724998,0.33775664617617923,590.671875,0.47297272086143494,0.18708638846874237,0.22412375557469205,0.7284459580569994,0.327636246372138,0.4519824278485236,0.5118846297264099,0.1705322265625,0.29197499820389394,4064,1515,8340,0.7697781324386597,3.644023514043109,0.09013716525146963,0.19399085564990204,0.25,761,0,0.0,1419,32,0.02255109231853418,5656,1393,0.24628712871287128,4568,2639,0.5777145359019265,25.87582431434147,1.4207425117492676,65536.0,691.2403965999838,0
180,2.44717418524232e-05,1.15024596990703,0.17105930885420992,0.6175231514038978,0.18083175588641073,526.987012987013,0.9053494767128647,1.7829100495825212,0.4619194354551534,0.6443940845007697,0.338298264813299,590.671875,0.47893789410591125,0.18697449564933777,0.22561385503504425,0.7579592643859996,0.30901322154143823,0.43903556497336915,0.515669584274292,0.16552734375,0.2812591722923393,3833,1224,8571,0.7717280983924866,3.303069888961463,0.1077726975832789,0.2194644023514043,0.25,761,0,0.0,1419,33,0.023255813953488372,5656,1331,0.23532531824611033,4568,2469,0.5404991243432574,26.05096453575498,1.4207425117492676,65536.0,690.8908070000471,0
181,2.210349260083491e-05,1.1508610309718492,0.1709769248575359,0.6175329846995218,0.18117556087188907,526.9305194805195,0.903821935882042,1.7765042235453923,0.4518653714718918,0.6444492277999719,0.3400948115158826,590.671875,0.4890582263469696,0.18798454105854034,0.22995181826408953,0.7714173691433053,0.3172363753627862,0.44958583261925167,0.5237385034561157,0.1658935546875,0.2899778924097273,3935,1166,8469,0.7707891464233398,3.3318092749836707,0.12214239059438275,0.2201175702155454,0.25,761,0,0.0,1419,29,0.0204369274136716,5656,1398,0.24717114568599718,4568,2508,0.5490367775831874,26.146008034524634,1.4207425117492676,65536.0,689.5193526999792,0
182,1.9853157161528496e-05,1.1504037117416208,0.1708275239092189,0.6175385128755074,0.1810188371639747,526.9694805194805,0.9066391926113662,1.7741982645044725,0.4561586325677733,0.6434877309948206,0.337275952178364,590.671875,0.4794768989086151,0.18927481770515442,0.22641305087599903,0.7519292301900997,0.3220735246694615,0.4509792854320709,0.5162436962127686,0.1639404296875,0.2911383180294418,3995,1318,8409,0.7710334658622742,3.4702808621815806,0.10189418680600915,0.19790986283474854,0.25,761,0,0.0,1419,35,0.02466525722339676,5656,1377,0.24345827439886847,4568,2583,0.5654553415061296,26.17654159420137,1.4207425117492676,65536.0,688.6137253000052,0
183,1.7721290771100992e-05,1.148421366725649,0.16995941374402543,0.6174651595679197,0.18049839747126226,526.9772727272727,0.9000787309237889,1.777584604298075,0.4526112064098318,0.6450424113621315,0.33996549077952903,590.671875,0.47641900181770325,0.18459807336330414,0.22471660072915256,0.7365073596220244,0.32674943566591425,0.45267213938683204,0.5117022395133972,0.1671142578125,0.29255088783022953,4053,1450,8351,0.7682011127471924,3.5943827563683866,0.0999346832135859,0.19399085564990204,0.25,761,0,0.0,1419,31,0.021846370683579985,5656,1386,0.24504950495049505,4568,2636,0.5770577933450087,26.123958598238996,1.4207425117492676,65536.0,687.7198320000316,0
184,1.5708419435684497e-05,1.1511767543368525,0.1709806492286069,0.6176215257737544,0.18128728946404798,526.8824675324676,0.9087388857618555,1.773943552126487,0.454422561917454,0.6437131607284149,0.33790391536119085,590.671875,0.47628307342529297,0.1875494420528412,0.22574809803627433,0.7371933621933622,0.32949048693969685,0.45542678850011137,0.5118891000747681,0.1573486328125,0.294856070990549,4087,1457,8317,0.7698927521705627,3.6211626387981712,0.09340300457217506,0.19399085564990204,0.25,761,0,0.0,1419,34,0.023960535588442564,5656,1403,0.24805516265912306,4568,2650,0.580122591943958,26.18477526070113,1.4207425117492676,65536.0,686.0936590000056,0
185,1.3815039801161704e-05,1.1497103903587762,0.17103455964621012,0.6173581213533105,0.18065885498926237,526.7,0.905731390029579,1.7881826863934596,0.46143476432189345,0.6452944998939832,0.3407267085276544,590.671875,0.47694849967956543,0.18391883373260498,0.2236661708273459,0.7507806401249024,0.31014188971299583,0.4389548151528983,0.5139898061752319,0.1556396484375,0.28119289525619473,3847,1277,8557,0.7699204683303833,3.3468321358589157,0.11234487263226649,0.21750489875898105,0.25,761,0,0.0,1419,35,0.02466525722339676,5656,1319,0.2332036775106082,4568,2493,0.545753064798599,26.047986393685328,1.467076301574707,65536.0,688.0435717999935,0
186,1.2041619030626323e-05,1.1490225946748411,0.17021173992037,0.61750136660291,0.18065474435396783,526.9448051948052,0.8980651564025259,1.7728685028851032,0.45388027373701334,0.6442495730395118,0.33736932937366265,590.671875,0.4773120582103729,0.18668004870414734,0.22577094415319152,0.7377258623836467,0.32586262495969043,0.45204943242185325,0.5144752860069275,0.1737060546875,0.2920309226211979,4042,1437,8362,0.7710069417953491,3.5787067276290006,0.09666884389288047,0.19399085564990204,0.25,761,0,0.0,1419,33,0.023255813953488372,5656,1392,0.24611032531824611,4568,2617,0.5728984238178634,26.066395842866168,1.4207425117492676,65536.0,688.6751150999917,0
187,1.0388594689117057e-05,1.1505349077961662,0.1709533910037248,0.6175566406219036,0.18101243812155413,526.9441558441558,0.9000332039865581,1.776605961844325,0.45292919253309566,0.6449263924732804,0.339375188962246,590.671875,0.4833076000213623,0.18855057656764984,0.22815822146949358,0.7474710318190179,0.327636246372138,0.4555798441791379,0.5182011127471924,0.1651611328125,0.29498439428032225,4064,1373,8340,0.7695997953414917,3.5512736773350753,0.09470934030045722,0.19725669497060744,0.25,761,0,0.0,1419,33,0.023255813953488372,5656,1413,0.24982319660537483,4568,2618,0.5731173380035026,26.078947846411655,1.4207425117492676,65536.0,689.119482799957,0
188,8.856374635655629e-06,1.1501536534978198,0.17052633466755415,0.6175544204262944,0.1810364487834952,526.6980519480519,0.9105104431897014,1.7802086770534515,0.4553265869617462,0.6447068210691214,0.34008763598588604,590.671875,0.47547289729118347,0.18216361105442047,0.22283844874473288,0.7354850342589253,0.3288455336988068,0.45448467966573813,0.5117196440696716,0.1649169921875,0.2940667579842838,4079,1467,8325,0.7679934501647949,3.6224689745264533,0.09470934030045722,0.1907250163291966,0.25,761,0,0.0,1419,35,0.02466525722339676,5656,1400,0.24752475247524752,4568,2644,0.5788091068301225,26.18470114341697,1.4207425117492676,65536.0,685.5728888000012,0
189,7.445336922613057e-06,1.148931691360164,0.17053948818863213,0.6173896996231822,0.1805012521515419,526.9318181818181,0.9058380388400772,1.781258860602975,0.45811176486313343,0.6450528108204404,0.33904714121793705,590.671875,0.47776827216148376,0.18789178133010864,0.2254933192045428,0.7436958976289048,0.31860690099967753,0.4461000112879558,0.5134398937225342,0.1605224609375,0.2870841202963824,3952,1362,8452,0.7713524699211121,3.4709340300457217,0.10124101894186806,0.20509470934030047,0.25,761,0,0.0,1419,33,0.023255813953488372,5656,1355,0.23956859971711456,4568,2564,0.5612959719789843,26.208733255420388,1.467076301574707,65536.0,688.2089043000014,0
190,6.155829702431163e-06,1.1483290801187613,0.17022087695923718,0.6174332919058861,0.18033745700566026,526.8409090909091,inf,1.774960760648052,0.4529742410716911,0.6445055666069189,0.3387404792010784,590.671875,0.4744449257850647,0.18565092980861664,0.22389146109344438,0.7277580071174378,0.32973234440503063,0.45383932534398574,0.5112821459770203,0.170166015625,0.29352662552031006,4090,1530,8314,0.768919050693512,3.6708033964728934,0.08752449379490529,0.19203135205747876,0.25,761,0,0.0,1419,38,0.026779422128259338,5656,1406,0.2485855728429986,4568,2646,0.579246935201401,26.12617609861683,1.4207425117492676,65536.0,688.9432770999847,2
191,4.988171141721226e-06,1.1494525833950415,0.1704991743210461,0.61746191955232,0.18074574407625507,526.9584415584416,0.8998626770717757,1.7762354481965303,0.4559299188355605,0.6440717112272978,0.33811690999815863,590.671875,0.4764919579029083,0.18656298518180847,0.22512993273558096,0.7441165483750467,0.32118671396323767,0.44869917783534186,0.5136186480522156,0.1571044921875,0.28924059822854653,3984,1370,8420,0.7703187465667725,3.4970607446113653,0.0953625081645983,0.19268451992161986,0.25,761,0,0.0,1419,33,0.023255813953488372,5656,1342,0.23727015558698727,4568,2609,0.5711471103327496,26.05015992034065,1.467076301574707,65536.0,688.5760802999721,0
192,3.942649342761113e-06,1.149127890111564,0.17012623839273855,0.6176365067819496,0.18068257182255967,526.9116883116883,0.9017576746932872,1.7869661518683035,0.4620995794733365,0.6447823758547505,0.34004209369110566,590.671875,0.4728583097457886,0.18185782432556152,0.22203399047721178,0.7583014691084725,0.3037729764592067,0.4337765498186842,0.5112075209617615,0.1640625,0.27695700110253585,3768,1201,8636,0.7704920768737793,3.2455911169170477,0.12083605486610059,0.22926192031352058,0.25,761,0,0.0,1419,30,0.021141649048625793,5656,1274,0.22524752475247525,4568,2464,0.5394045534150613,26.104163015861268,1.4207425117492676,65536.0,689.7244344999781,0
193,3.0195222724101985e-06,1.148478107986512,0.16995807062447457,0.6174785658523634,0.1805207358165221,526.9558441558441,0.9033127899293776,1.7736917193979025,0.4521996236095826,0.6445962929477295,0.33844790250683826,590.671875,0.48203858733177185,0.1872771829366684,0.22757462875451892,0.7446575342465753,0.32868429538858435,0.45606577549079924,0.5187862515449524,0.16845703125,0.2953919721779452,4077,1398,8327,0.7694342136383057,3.5760940561724364,0.09666884389288047,0.1946440235140431,0.25,761,0,0.0,1419,38,0.026779422128259338,5656,1426,0.25212164073550214,4568,2613,0.5720227670753065,26.231772317492357,1.4207425117492676,65536.0,686.1154659999884,0
194,2.219017698459999e-06,1.1502531426680553,0.1708509994211135,0.6175262122185199,0.18093796587222583,526.9376623376623,0.9118204406136042,1.789042629301548,0.46033077702547115,0.6458524803941449,0.34142968578574556,590.671875,0.4736090302467346,0.18295204639434814,0.22232020138762892,0.7463228271251194,0.31497903901967106,0.44299563467316744,0.5120890140533447,0.1571044921875,0.2845179143606175,3907,1328,8497,0.7698841094970703,3.4193337687785763,0.11103853690398433,0.21815806662312215,0.25,761,0,0.0,1419,30,0.021141649048625793,5656,1354,0.2393917963224894,4568,2523,0.5523204903677759,26.1671623598687,1.4207425117492676,65536.0,686.7181301000528,0
195,1.5413331334360161e-06,1.1479208165561998,0.1696638683002297,0.61743332360472,0.18041181224700692,526.9831168831168,0.9019614800036727,1.7769618884970744,0.45811794434363645,0.6441436509291331,0.33735014498233795,590.671875,0.4792077839374542,0.18628200888633728,0.22585444285068662,0.7429636533084809,0.3213479522734602,0.4486465192188644,0.5158976912498474,0.157470703125,0.2891968366828702,3986,1379,8418,0.7709072828292847,3.5042455911169172,0.09797517962116264,0.19660352710646636,0.25,761,0,0.0,1419,36,0.02536997885835095,5656,1375,0.2431046676096181,4568,2575,0.5637040280210157,26.10335500034692,1.4207425117492676,65536.0,689.3278098999872,0
196,9.866357858642194e-07,1.1478874330009734,0.16998490807539843,0.6173740797615671,0.18026422225422672,527.0025974025974,0.9011813065448364,1.7724436931312084,0.4494996704161167,0.6445945942153534,0.3391747140170385,590.671875,0.47844964265823364,0.18519924581050873,0.22518142468761654,0.7322087506589352,0.33594001934859724,0.4605692180160265,0.5126523971557617,0.1669921875,0.2991815048822516,4167,1524,8237,0.7669249176979065,3.7171783148269104,0.08621815806662313,0.186152841280209,0.25,761,0,0.0,1419,36,0.02536997885835095,5656,1428,0.2524752475247525,4568,2703,0.5917250437828371,25.965343478257036,1.4207425117492676,65536.0,691.6988753000041,0
197,5.550625190150475e-07,1.1477684179683785,0.1702481493498985,0.6172238652195249,0.18014820113584593,526.6922077922078,0.9071410901554219,1.778978766252597,0.4556139395572245,0.6443403428420424,0.3395122437117,590.671875,0.4851222038269043,0.1879320740699768,0.2282251126365736,0.7590384615384616,0.31820380522412123,0.4484208134514883,0.5201086401939392,0.1624755859375,0.2890092992604525,3947,1253,8457,0.770409107208252,3.3964728935336383,0.1077726975832789,0.20117570215545394,0.25,761,0,0.0,1419,30,0.021141649048625793,5656,1374,0.24292786421499293,4568,2543,0.5566987740805605,26.003563314582703,1.4207425117492676,65536.0,692.062226900016,0
198,2.4671981713419966e-07,1.1486354131590237,0.17044245097060481,0.6173796370819018,0.18040666258954383,526.9266233766234,0.9023055580142256,1.7823868965109189,0.4597125540797909,0.6443481765066584,0.33916308955910307,590.671875,0.47451481223106384,0.18524698913097382,0.22399847921915353,0.7411439114391144,0.32384714608190907,0.45074057450628363,0.5106364488601685,0.161865234375,0.2909393785760846,4017,1403,8387,0.7700248956680298,3.5401698236446766,0.09405617243631613,0.19333768778576094,0.25,761,0,0.0,1419,34,0.023960535588442564,5656,1391,0.24593352192362095,4568,2592,0.5674255691768827,26.065421187722645,1.4207425117492676,65536.0,690.7276933999965,0
199,6.168375916970607e-08,1.1488620576533404,0.17036658131650517,0.6174770825869077,0.18050919735876772,526.9688311688311,0.9035037608115704,1.774694496144851,0.45643312111496925,0.6437413950140277,0.33725998767962057,590.671875,0.48507899045944214,0.19137528538703918,0.23027508200611918,0.7590017146123071,0.32118671396323767,0.4513680394267264,0.5213320255279541,0.1607666015625,0.29146243324310483,3984,1265,8420,0.7723556756973267,3.4284781188765514,0.10189418680600915,0.20313520574787722,0.25,761,0,0.0,1419,30,0.021141649048625793,5656,1385,0.24487270155586988,4568,2569,0.5623905429071804,26.13828187137947,1.4207425117492676,65536.0,688.2489204000449,0
200,0.0,1.1491971616621142,0.1703731032354491,0.6174884510504735,0.1806678035719828,526.8993506493506,0.9056740358278349,1.7717474376161892,0.4500614038358132,0.6443051894505819,0.3386904220096767,590.671875,0.47525322437286377,0.18561184406280518,0.224518662749324,0.7286999470806139,0.33303772976459206,0.4571460189232556,0.5126451849937439,0.1734619140625,0.2962989528044757,4131,1538,8273,0.7692301869392395,3.7028086218158065,0.08556499020248204,0.18549967341606793,0.25,761,0,0.0,1419,34,0.023960535588442564,5656,1407,0.24876237623762376,4568,2690,0.5888791593695272,26.098714062136175,1.4207425117492676,65536.0,687.236039099982,0
