timestamp,frame,scenario,threshold,detections,capture_ms,preprocess_ms,inference_ms,postprocess_ms,total_ms,loop_fps,sensor_to_result_ms,temperature_c,system_cpu_percent,process_cpu_percent,process_rss_mib,cpu_frequency_mhz,sensor_timestamp_ns,frame_wall_clock_ns,frame_duration_us,exposure_us,analogue_gain,digital_gain,lux,colour_temperature
2026-08-12T15:08:51.045,1,unlabeled,0.2,1,2.8553160000228672,11.413339999762684,50.79819399998087,0.6738940001014271,65.78272499973536,15.20155937602194,96.557467,59.887,99.8,393.2,186.60546875,1800.0,3615264821000,1786514930948969216,33304,17017,2.0,1.0017642974853516,968.1486206054688,5297
2026-08-12T15:08:51.713,2,unlabeled,0.2,1,2.463702000113699,8.737709999877552,111.54319799970835,0.8947649998845009,123.74609900007272,8.081062822024089,165.332237,58.426,50.8,124.6,266.046875,1800.0,3615864313000,1786514931548461312,33304,16382,2.0,1.0010275840759277,984.9354858398438,5304
2026-08-12T15:08:51.875,3,unlabeled,0.2,1,5.278630000248086,3.53872899995622,83.16755299983924,0.7877099997131154,92.80552799964426,10.775220200286272,127.610888,59.887,98.4,295.2,266.140625,1800.0,3616064143000,1786514931748291328,33304,16382,2.0,1.0010275840759277,981.8597412109375,5306
2026-08-12T15:08:51.951,4,unlabeled,0.2,1,2.278107999700296,5.264036999960808,58.757657000114705,0.5167439999240742,66.85265900023296,14.958268152004475,103.541936,60.861,100.0,369.3,266.1484375,1800.0,3616164058000,1786514931848206336,33304,16699,2.0,1.000624418258667,964.1700439453125,5307
2026-08-12T15:08:52.029,5,unlabeled,0.2,1,2.4933510003393167,3.1726329998491565,57.35172100003183,0.5106519997752912,63.55945099994642,15.73330140942915,114.507168,60.374,100.0,361.1,266.15234375,1800.0,3616230673000,1786514931914821376,33304,16699,2.0,1.000624418258667,961.8687133789062,5307
2026-08-12T15:08:52.107,6,unlabeled,0.2,1,1.7596790003153728,3.061762000015733,49.40735099989979,0.5079669999759062,54.766074000326626,18.259479399491664,93.171198,59.887,97.0,377.3,267.2734375,1800.0,3616330585000,1786514932014733312,33304,16890,2.0,1.0003676414489746,960.9246215820312,5305
2026-08-12T15:08:52.195,7,unlabeled,0.2,1,1.741993999985425,3.147614999761572,69.15102800030581,0.5132450000928657,74.58445500014932,13.407619590409261,114.311179,61.348,100.0,344.4,267.28125,1800.0,3616397195000,1786514932081343232,33304,16890,2.0,1.0003676414489746,961.4129638671875,5303
2026-08-12T15:08:52.260,8,unlabeled,0.2,1,1.719457000035618,3.513822000059008,50.912212999719486,0.5622819999189232,56.73921700008577,17.624494183599474,113.018152,61.348,100.0,383.0,267.29296875,1800.0,3616463811000,1786514932147959296,33304,16890,2.0,1.0003676414489746,962.7124633789062,5301
2026-08-12T15:08:52.350,9,unlabeled,0.2,1,1.9277729998066206,3.1943750000209548,73.75845000024128,0.8002459999261191,79.71476900002017,12.544726812163841,135.865963,60.374,97.1,335.2,267.296875,1800.0,3616530443000,1786514932214591232,33304,16890,2.0,1.0003676414489746,963.812255859375,5299
2026-08-12T15:08:52.493,10,unlabeled,0.2,1,1.6633820000606647,3.516450999995868,81.58232000005228,0.7456719999936468,87.53638000007413,11.423821729881372,112.032336,61.348,98.3,343.5,268.98046875,1800.0,3616696938000,1786514932381086464,33304,16890,2.0,1.0003676414489746,964.9043579101562,5296
2026-08-12T15:08:52.562,11,unlabeled,0.2,1,1.8970690002788615,3.785081999922113,49.170292999860976,0.7336720000239438,55.61813499980417,17.9797470735673,81.74934,61.835,100.0,399.4,269.90234375,1800.0,3616796856000,1786514932481004288,33304,16890,2.0,1.0003676414489746,965.982421875,5296
2026-08-12T15:08:52.648,12,unlabeled,0.2,1,1.9554030000108469,3.10765199992602,69.4042149998495,0.8096540000224195,75.30847899988657,13.27871726106042,134.286312,61.835,100.0,339.5,269.91015625,1800.0,3616830179000,1786514932514327296,33304,16890,2.0,1.0003676414489746,966.2691650390625,5296
2026-08-12T15:08:52.722,13,unlabeled,0.2,1,1.7244010000467824,4.86712699967029,57.10753499988641,0.7247089997690637,64.45519799990507,15.514652518815828,107.893048,61.835,100.0,367.5,269.91796875,1800.0,3616930075000,1786514932614223360,33304,16890,2.0,1.0003676414489746,970.3880004882812,5295
2026-08-12T15:08:52.785,14,unlabeled,0.2,1,2.0224589998179,3.299781999885454,50.25644999977885,0.7300600000235136,56.338085000334104,17.7499820946003,104.918654,62.322,100.0,392.8,269.93359375,1800.0,3616996685000,1786514932680833280,33304,16890,2.0,1.0003676414489746,990.0751342773438,5296
2026-08-12T15:08:52.864,15,unlabeled,0.2,1,2.231479000329273,3.3697650001158763,63.3033749995775,0.7947459998831619,69.73355099989931,14.340299406256309,117.326659,62.322,97.1,354.1,269.9375,1800.0,3617063296000,1786514932747444224,33304,16890,2.0,1.0003676414489746,992.949462890625,5297
2026-08-12T15:08:52.951,16,unlabeled,0.2,1,7.090438999966864,7.775777000006201,54.60018400026456,0.7365800001934986,70.23244299989528,14.238433938592895,103.809563,62.322,100.0,370.5,269.94921875,1800.0,3617163214000,1786514932847362304,33304,16890,2.0,1.0003676414489746,991.1438598632812,5298
2026-08-12T15:08:53.015,17,unlabeled,0.2,1,1.9509950002429832,3.6704149997603963,50.57634100012365,0.7346719999077322,56.99481300007392,17.545456285622045,101.528946,63.296,100.0,388.5,269.953125,1800.0,3617229838000,1786514932913986304,33304,16890,2.0,1.0003676414489746,997.4208374023438,5299
2026-08-12T15:08:53.099,18,unlabeled,0.2,1,1.886345999992045,3.774933999920904,68.13098500015258,0.7640049998371978,74.59415999983321,13.405875205273924,118.804658,62.322,97.0,339.8,269.9609375,1800.0,3617296436000,1786514932980584448,33304,16890,2.0,1.0003676414489746,989.5317993164062,5299
2026-08-12T15:08:53.185,19,unlabeled,0.2,1,2.543758999763668,3.747564000150305,51.535180999962904,0.7285599999704573,58.58854699999938,17.06818228484162,105.158775,63.296,100.0,365.8,269.96484375,1800.0,3617396349000,1786514933080497408,33304,16890,2.0,1.0003676414489746,985.0200805664062,5302
2026-08-12T15:08:53.255,20,unlabeled,0.2,1,1.7763089999789372,3.0744290002076013,49.09986799975741,0.507411999933538,54.48612800000774,18.353295356202555,74.915416,61.835,100.0,401.4,269.9765625,1800.0,3617496263000,1786514933180411392,33304,16890,2.0,1.0003676414489746,991.685791015625,5305
2026-08-12T15:08:53.355,21,unlabeled,0.2,1,2.0669589998760785,3.6619520001295314,59.43955199973061,0.5042070001763932,65.7058000001598,15.219356586443936,108.435293,62.322,97.5,359.5,269.98046875,1800.0,3617562871000,1786514933247019264,33304,16890,2.0,1.0003676414489746,983.89208984375,5307
2026-08-12T15:08:53.429,22,unlabeled,0.2,1,4.164122000020143,8.040983000228152,51.62614500022755,1.0377480002716766,64.90394299999025,15.407384417309595,116.164058,63.296,100.0,363.6,269.98828125,1800.0,3617629493000,1786514933313641472,33304,16890,2.0,1.0003676414489746,982.116943359375,5308
2026-08-12T15:08:53.504,23,unlabeled,0.2,1,2.6772050000545278,3.9110279999476916,58.671972999945865,1.1110079999525624,66.40813900003195,15.058395176523751,123.844288,62.322,100.0,358.8,269.9921875,1800.0,3617696095000,1786514933380243456,33304,16890,2.0,1.0003676414489746,982.6385498046875,5310
2026-08-12T15:08:53.588,24,unlabeled,0.2,1,4.033379999782483,4.376069000045391,57.155869000325765,0.7816160000402306,66.38854599987098,15.062839303664571,108.15922,62.809,100.0,360.2,270.5,1800.0,3617796031000,1786514933480179456,33304,16890,2.0,1.0003676414489746,982.4205322265625,5313
2026-08-12T15:08:53.682,25,unlabeled,0.2,1,2.059830000234797,3.1506340001214994,54.66075899994394,0.7266899997375731,60.626969000168174,16.49430965280857,102.618659,63.296,100.0,360.3,270.984375,1800.0,3617895924000,1786514933580072448,33304,16890,2.0,1.0003676414489746,981.269775390625,5315
2026-08-12T15:08:53.785,26,unlabeled,0.2,1,3.6272299998927338,20.687295000243466,55.91798999967068,0.7785249999869848,81.04791000005207,12.33838108841249,105.250417,64.27,97.5,351.1,270.99609375,1800.0,3617995839000,1786514933679987456,33304,16890,2.0,1.0003676414489746,974.9945678710938,5318
2026-08-12T15:08:53.861,27,unlabeled,0.2,1,1.7764570002327673,3.0395399999179062,61.60088299975541,0.5132810001668986,66.95854999998119,14.934612532682996,115.382451,63.783,100.0,364.4,271.00390625,1800.0,3618062449000,1786514933746597376,33304,16890,2.0,1.0003676414489746,975.9204711914062,5319
2026-08-12T15:08:53.946,28,unlabeled,0.2,1,2.4140909999914584,3.146837000258529,60.76922900001591,0.7268760000442853,67.08823700000721,14.905742716117171,99.821574,64.27,100.0,367.2,271.015625,1800.0,3618162365000,1786514933846513408,33304,16890,2.0,1.0003676414489746,972.502685546875,5321
2026-08-12T15:08:54.029,29,unlabeled,0.2,1,2.44485099983649,3.335876000164717,58.75628900002994,0.7283940003617317,65.29502000012144,15.315103663313682,116.745791,64.757,100.0,383.8,271.01953125,1800.0,3618228974000,1786514933913122304,33304,16890,2.0,1.0003676414489746,970.6567993164062,5322
2026-08-12T15:08:54.101,30,unlabeled,0.2,1,1.6987349999908474,3.119651999895723,50.8974180002042,0.5019850000280712,56.24645600028089,17.77889792727574,88.607585,63.783,100.0,375.8,271.02734375,1800.0,3618328890000,1786514934013038336,33304,16890,2.0,1.0003676414489746,971.32080078125,5323
2026-08-12T15:08:54.190,31,unlabeled,0.2,1,1.868401999672642,3.257283000039024,71.4969169998767,0.5029479998484021,77.15901299980032,12.960248726906185,110.951764,64.27,97.2,348.8,271.03125,1800.0,3618395503000,1786514934079651328,33304,16890,2.0,1.0003676414489746,971.0601806640625,5323
2026-08-12T15:08:54.274,32,unlabeled,0.2,1,1.7204749997290492,3.3696899999995367,58.83541899993361,0.7662469997740118,64.72127600000022,15.450869664559713,94.730069,64.27,100.0,382.3,271.04296875,1800.0,3618495419000,1786514934179567360,33304,16890,2.0,1.0003676414489746,972.7467651367188,5323
2026-08-12T15:08:54.356,33,unlabeled,0.2,1,1.7302350001955347,3.2029119997787348,62.8766140002881,0.8840250002322136,68.72911899972678,14.549873686056928,110.365507,64.27,100.0,364.8,271.046875,1800.0,3618562024000,1786514934246172416,33304,16890,2.0,1.0003676414489746,974.7517700195312,5323
2026-08-12T15:08:54.440,34,unlabeled,0.2,1,9.71456900015255,3.241985999920871,50.20891300000585,0.5101710003145854,63.70417600010114,15.697558037614556,128.078616,64.27,100.0,367.6,271.0546875,1800.0,3618628637000,1786514934312785408,33304,16890,2.0,1.0003676414489746,973.5807495117188,5322
2026-08-12T15:08:54.526,35,unlabeled,0.2,1,2.205996999691706,3.27535699989312,67.52475899975252,0.5004479999115574,73.53711699988708,13.598574989029494,113.413276,65.244,100.0,363.7,271.05859375,1800.0,3618728551000,1786514934412699392,33304,16890,2.0,1.0003676414489746,976.6885986328125,5321
2026-08-12T15:08:54.595,36,unlabeled,0.2,1,5.027777000123024,3.248374999657244,49.365519000275526,1.0344329998588364,58.705955000277754,17.034047056985425,82.902868,64.757,100.0,403.2,271.06640625,1800.0,3618828467000,1786514934512615424,33304,16890,2.0,1.0003676414489746,977.9105224609375,5319
2026-08-12T15:08:54.694,37,unlabeled,0.2,1,1.902735999919969,5.551668999942194,78.67015299962077,0.5022079999434936,86.68193199991947,11.53642952952328,148.147585,64.757,100.0,344.8,271.0703125,1800.0,3618861773000,1786514934545921280,33304,16890,2.0,1.0003676414489746,977.6109008789062,5318
2026-08-12T15:08:54.759,38,unlabeled,0.2,1,1.6583260003244504,3.245855999921332,49.07318299956387,0.7783569999446627,54.78520499991646,18.25310318728432,80.82247,65.731,100.0,409.8,271.08203125,1800.0,3618994991000,1786514934679139328,33304,16890,2.0,1.0003676414489746,977.3961181640625,5317
2026-08-12T15:08:54.855,39,unlabeled,0.2,1,5.408075000104873,4.656829999930778,72.36825699965266,0.5043739997745433,82.99301700026263,12.049206501275108,109.512075,64.757,97.5,335.2,271.0859375,1800.0,3619061602000,1786514934745750272,33304,16890,2.0,1.0003676414489746,979.0713500976562,5316
2026-08-12T15:08:54.942,40,unlabeled,0.2,1,4.695588999766187,8.338984999681998,54.10325599996213,0.5011339999327902,67.6676299999599,14.778114735222626,97.048209,66.218,100.0,366.9,271.09765625,1800.0,3619161517000,1786514934845665280,33304,16890,2.0,1.0003676414489746,977.99658203125,5315
2026-08-12T15:08:55.022,41,unlabeled,0.2,1,5.029702000229008,5.3025199999865436,55.685248999907344,0.5130409999765106,66.56282599988117,15.02340059903384,109.881401,65.731,100.0,365.0,271.1015625,1800.0,3619228126000,1786514934912274432,33304,16890,2.0,1.0003676414489746,977.7232666015625,5315
2026-08-12T15:08:55.118,42,unlabeled,0.2,1,1.8635870001162402,3.2571899996582943,63.989437999680376,0.5129300002408854,69.65414499973122,14.356647404168967,106.087357,65.731,100.0,353.7,271.1796875,1800.0,3619328060000,1786514935012208384,33304,16890,2.0,1.0003676414489746,978.274658203125,5314
2026-08-12T15:08:55.200,43,unlabeled,0.2,1,2.606277999802842,4.432345999703102,64.41968199987969,1.3266400001157308,72.81724199992823,13.733011200849733,121.240483,64.757,100.0,378.3,271.1875,1800.0,3619394651000,1786514935078799360,33304,16890,2.0,1.0003676414489746,978.4827880859375,5315
2026-08-12T15:08:55.298,44,unlabeled,0.2,1,5.824300999847765,9.358510999845748,54.21885000032489,0.7886349999353115,70.22200100027476,14.24055119130096,119.295775,65.244,95.0,357.4,271.19921875,1800.0,3619494568000,1786514935178716416,33304,16890,2.0,1.0003676414489746,978.4119873046875,5315
2026-08-12T15:08:55.397,45,unlabeled,0.2,1,5.785171000297851,8.229836000282376,55.63439700017625,0.5413379999481549,70.22422399995776,14.240100396133982,119.022393,65.731,97.4,348.7,271.2421875,1800.0,3619594485000,1786514935278633472,33304,16890,2.0,1.0003676414489746,978.1411743164062,5315
2026-08-12T15:08:55.481,46,unlabeled,0.2,1,1.718475999950897,3.5363960000722727,53.01152599986381,0.5021890001444262,58.79786400009834,17.007420541642933,102.599289,66.218,100.0,362.2,271.25,1800.0,3619694398000,1786514935378546432,33304,16890,2.0,1.0003676414489746,978.5703125,5315
2026-08-12T15:08:55.575,47,unlabeled,0.2,1,11.786899000071571,3.3238750002055895,66.83475499994529,0.5029479998484021,82.47812599984172,12.124426784404863,129.900041,65.244,97.1,351.7,271.25390625,1800.0,3619761011000,1786514935445159424,33304,16890,2.0,1.0003676414489746,979.6206665039062,5315
2026-08-12T15:08:55.653,48,unlabeled,0.2,1,4.731644999992568,3.7123419997442397,56.81362799987255,0.7323019999603275,66.02976800013494,15.144684439871975,108.758575,65.731,100.0,364.9,271.265625,1800.0,3619860923000,1786514935545071360,33304,16890,2.0,1.0003676414489746,979.8922119140625,5315
2026-08-12T15:08:55.735,49,unlabeled,0.2,1,1.7697350003800238,5.7968189998973685,60.48867199979213,0.9955810000974452,69.09391900035189,14.47305369948558,90.99242,65.731,100.0,368.1,271.26953125,1800.0,3619960840000,1786514935644988416,33304,16890,2.0,1.0003676414489746,980.0997314453125,5315
2026-08-12T15:08:55.800,50,unlabeled,0.2,1,1.7352340000797994,3.9224910001394164,50.62632399994982,1.0418030001346779,57.355260999884194,17.43519221370153,89.236613,66.218,100.0,401.3,271.28125,1800.0,3620027453000,1786514935711601408,33304,16890,2.0,1.0003676414489746,980.0208740234375,5314
2026-08-12T15:08:55.892,51,unlabeled,0.2,1,1.763253000262921,5.898875000184489,71.16245199995319,0.8093760002338968,79.67240199968728,12.551397659680513,114.753984,66.218,97.3,345.2,271.28515625,1800.0,3620094059000,1786514935778207232,33304,16890,2.0,1.0003676414489746,979.3381958007812,5314
2026-08-12T15:08:55.971,52,unlabeled,0.2,1,1.8868839997594478,3.467320999789081,53.135082999688166,0.5017809999117162,59.01873599987084,16.943771889695984,93.022695,67.192,100.0,373.6,271.29296875,1800.0,3620193975000,1786514935878123264,33304,16890,2.0,1.0003676414489746,979.2256469726562,5314
2026-08-12T15:08:56.050,53,unlabeled,0.2,1,1.879921000181639,3.278892999787786,59.571963000053074,0.7288570000127947,65.48830200017619,15.269902707163023,105.878106,65.731,100.0,364.9,272.63671875,1800.0,3620260585000,1786514935944733440,33304,16890,2.0,1.0003676414489746,980.2870483398438,5313
2026-08-12T15:08:56.130,54,unlabeled,0.2,1,1.7332910001641721,4.057974000261311,60.132949000035296,1.165359999959037,67.1215909997045,14.898335768060125,119.504283,67.192,100.0,381.8,272.6484375,1800.0,3620327194000,1786514936011342336,33304,16890,2.0,1.0003676414489746,980.7846069335938,5313
2026-08-12T15:08:56.258,55,unlabeled,0.2,1,3.646117999778653,26.284576999842102,88.7238380000781,0.730487000055291,119.41802100000132,8.373945503585166,147.620471,66.705,100.0,330.5,272.65234375,1800.0,3620427112000,1786514936111260416,33304,16890,2.0,1.0003676414489746,982.3853759765625,5312
2026-08-12T15:08:56.359,56,unlabeled,0.2,1,14.80343899993386,3.286523000042507,63.49813900033041,0.5370219996621017,82.33221899990895,12.14591337567503,115.421738,66.218,97.7,331.7,272.66015625,1800.0,3620560330000,1786514936244478464,33304,16890,2.0,1.0003676414489746,989.59765625,5312
2026-08-12T15:08:56.470,57,unlabeled,0.2,1,1.8192170000475016,5.543429000226752,75.32376100016336,0.7505979997404211,83.46681900002295,11.98080880499022,125.87077,66.705,100.0,319.6,272.66796875,1800.0,3620660246000,1786514936344394240,33304,16890,2.0,1.0003676414489746,996.52783203125,5311
2026-08-12T15:08:56.573,58,unlabeled,0.2,1,11.01120900011665,4.379587000130414,73.0905039999925,0.742893999813532,89.25734200010993,11.203560150813907,129.158259,66.218,100.0,332.8,272.67578125,1800.0,3620760161000,1786514936444309248,33304,16890,2.0,1.0003676414489746,990.9357299804688,5310
2026-08-12T15:08:56.655,59,unlabeled,0.2,1,3.0170400000315567,3.710286000114138,60.996750999947835,0.7328199999392382,68.48739700035367,14.601226558440176,111.688076,66.705,100.0,363.5,272.6796875,1800.0,3620860077000,1786514936544225280,33304,16890,2.0,1.0003676414489746,998.5419311523438,5309
2026-08-12T15:08:56.729,60,unlabeled,0.2,1,1.5971600000739272,3.126152000277216,54.944504000104644,0.7535049999205512,60.45152499973483,16.542179870638275,85.142471,67.192,100.0,367.5,272.6875,1800.0,3620959994000,1786514936644142336,33304,16890,2.0,1.0003676414489746,992.4921875,5307
2026-08-12T15:08:56.813,61,unlabeled,0.2,1,2.1472560001711827,3.5839520000990888,61.39904999963619,0.73791299973891,67.89783700014596,14.728009671322082,102.774751,67.192,100.0,344.9,272.69140625,1800.0,3621026603000,1786514936710751232,33304,16890,2.0,1.0003676414489746,991.0578002929688,5307
2026-08-12T15:08:56.903,62,unlabeled,0.2,1,2.297608999924705,4.27675300034025,70.38798500025223,0.7623389997206687,77.75364899998749,12.861132729605538,125.881648,67.679,100.0,345.3,272.703125,1800.0,3621093212000,1786514936777360384,33304,16890,2.0,1.0003676414489746,994.7154541015625,5306
2026-08-12T15:08:57.007,63,unlabeled,0.2,1,4.880183000295801,3.8328789996739943,71.3778250001269,0.7295599998542457,80.8561329999975,12.367645630542718,129.990731,67.679,97.6,326.9,272.70703125,1800.0,3621193134000,1786514936877282304,33304,16890,2.0,1.0003676414489746,994.7564086914062,5305
2026-08-12T15:08:57.091,64,unlabeled,0.2,1,2.343256999665755,4.443605999767897,69.02827299973069,0.7284500002242567,76.57806699990033,13.058569368188696,114.175121,67.192,100.0,332.3,272.71875,1800.0,3621293043000,1786514936977191424,33304,16890,2.0,1.0003676414489746,996.9035034179688,5305
2026-08-12T15:08:57.183,65,unlabeled,0.2,1,2.0738479997817194,3.881194000314281,66.1778809999305,1.1521930000526481,73.32332199985103,13.63822550214012,106.544399,68.653,100.0,347.0,272.7265625,1800.0,3621392959000,1786514937077107456,33304,16890,2.0,1.0003676414489746,992.13623046875,5304
2026-08-12T15:08:57.276,66,unlabeled,0.2,1,1.9132360002913629,3.3110059998762154,66.55845800014504,1.0778229998322786,72.89789300011762,13.717817605488083,99.400042,66.705,100.0,323.0,272.734375,1800.0,3621492873000,1786514937177021440,33304,16890,2.0,1.0003676414489746,992.8438110351562,5304
2026-08-12T15:08:57.375,67,unlabeled,0.2,1,2.4762770003690093,3.7028419997113815,72.51494599995567,0.9378030003972526,79.65968200005591,12.55340185765866,131.417297,67.679,100.0,335.5,272.73828125,1800.0,3621559482000,1786514937243630336,33304,16890,2.0,1.0003676414489746,988.4083251953125,5304
2026-08-12T15:08:57.467,68,unlabeled,0.2,1,3.6935080001967435,10.58422400001291,65.56965500021761,0.9474139997109887,80.83417199986798,12.37100566826655,124.051195,67.679,100.0,345.6,272.74609375,1800.0,3621659400000,1786514937343548416,33304,16890,2.0,1.0003676414489746,986.9057006835938,5303
2026-08-12T15:08:57.545,69,unlabeled,0.2,1,3.396801999770105,6.448083000123006,54.46453800004747,1.1600269999689772,65.50259899995581,15.266569804362643,102.514312,67.192,100.0,370.2,272.75,1800.0,3621759317000,1786514937443465472,33304,16890,2.0,1.0003676414489746,983.0624389648438,5301
2026-08-12T15:08:57.631,70,unlabeled,0.2,1,2.32077600003322,4.02515800033143,65.16563299965128,1.152248999915173,72.70176099973469,13.754825003532574,121.061248,67.679,100.0,340.6,272.7578125,1800.0,3621825926000,1786514937510074368,33304,16890,2.0,1.0003676414489746,982.08154296875,5300
2026-08-12T15:08:57.721,71,unlabeled,0.2,1,2.3387759997604007,5.063203000190697,69.5263130000967,1.0045070002888679,77.97176199983369,12.82515585581012,111.07781,67.679,100.0,333.6,272.76171875,1800.0,3621925841000,1786514937609989376,33304,16890,2.0,1.0003676414489746,979.8225708007812,5298
2026-08-12T15:08:57.822,72,unlabeled,0.2,1,3.7504900001295027,6.186192999848572,74.04788299982101,0.8880989998942823,84.90427499964426,11.777969955036893,112.243614,68.166,97.5,336.3,272.76953125,1800.0,3622025757000,1786514937709905408,33304,16890,2.0,1.0003676414489746,980.2616577148438,5297
2026-08-12T15:08:57.924,73,unlabeled,0.2,1,2.7736500001083186,3.6385809999046614,85.99018999984764,0.7043200002954109,93.14298299977963,10.73618181202513,114.933058,67.679,100.0,323.3,272.7734375,1800.0,3622125673000,1786514937809821440,33304,16890,2.0,1.0003676414489746,977.4619140625,5296
2026-08-12T15:08:58.021,74,unlabeled,0.2,1,3.054688999782229,4.835663999983808,72.86726299980728,1.0200809997513716,81.81867900020734,12.222147952272193,112.15796,67.679,100.0,326.3,272.78515625,1800.0,3622225586000,1786514937909734400,33304,16890,2.0,1.0003676414489746,975.4484252929688,5295
2026-08-12T15:08:58.132,75,unlabeled,0.2,2,1.76475299986123,3.1525600002169085,75.3133359999083,1.1995270001534664,81.46291799994287,12.275523938397361,122.429299,67.679,97.8,315.6,272.79296875,1800.0,3622325501000,1786514938009649408,33304,16890,2.0,1.0003676414489746,975.2361450195312,5294
2026-08-12T15:08:58.202,76,unlabeled,0.2,1,2.0055330001014227,3.0265030000009574,50.586677999945096,0.9301180002694309,56.577388000278006,17.67490574140832,93.2512,67.679,100.0,387.9,272.80078125,1800.0,3622425417000,1786514938109565440,33304,16890,2.0,1.0003676414489746,976.5202026367188,5293
2026-08-12T15:08:58.293,77,unlabeled,0.2,1,1.9293659997856594,3.247171000111848,72.31755600014367,1.1014520000571792,78.62737899995409,12.718216131820748,117.669508,68.653,100.0,337.6,272.80859375,1800.0,3622492027000,1786514938176175360,33304,16890,2.0,1.0003676414489746,976.05224609375,5292
2026-08-12T15:08:58.393,78,unlabeled,0.2,1,9.162621000086801,4.511032000209525,67.70067099978405,0.7319679998545325,82.1433490000345,12.173840148635527,117.804625,68.653,97.5,322.5,272.81640625,1800.0,3622591942000,1786514938276090368,33304,16890,2.0,1.0003676414489746,975.6631469726562,5291
2026-08-12T15:08:58.473,79,unlabeled,0.2,1,7.259014999817737,5.1650370000970725,50.42510300017966,0.7260060001499369,63.608993999878294,15.721047246902119,97.974687,67.679,100.0,374.6,272.8203125,1800.0,3622691858000,1786514938376006400,33304,16890,2.0,1.0003676414489746,975.167724609375,5291
2026-08-12T15:08:58.579,80,unlabeled,0.2,1,5.748578000293492,9.504698000000644,75.29735499974777,0.7613010002387455,91.34780300018974,10.947170781960928,137.319768,68.653,100.0,339.6,272.83203125,1800.0,3622758468000,1786514938442616320,33304,16890,2.0,1.0003676414489746,974.3734741210938,5292
2026-08-12T15:08:58.688,81,unlabeled,0.2,1,9.917422999933478,3.6555820001922257,77.65646400002879,0.7630790000803245,92.03527199997552,10.865399517700844,145.564505,67.679,97.9,330.4,272.8359375,1800.0,3622858382000,1786514938542530304,33304,16890,2.0,1.0003676414489746,972.4362182617188,5293
2026-08-12T15:08:58.801,82,unlabeled,0.2,1,1.8439020000187156,6.85178999992786,81.12011899993377,0.7185430004028603,90.57929800019338,11.040050233088195,125.791736,68.653,100.0,328.6,272.84375,1800.0,3622991603000,1786514938675751424,33304,16890,2.0,1.0003676414489746,970.64697265625,5293
2026-08-12T15:08:58.878,83,unlabeled,0.2,1,1.9050140003855631,3.4718209999482497,58.3069549998072,0.4990219999854162,64.21281299981274,15.573215893888907,102.379134,67.679,100.0,352.9,272.84765625,1800.0,3623091517000,1786514938775665408,33304,16890,2.0,1.0003676414489746,970.1727905273438,5292
2026-08-12T15:08:58.969,84,unlabeled,0.2,1,2.011015000334737,3.233855999951629,73.47286000003805,0.9453769998799544,79.69414599983793,12.547973097070814,127.610812,68.653,100.0,348.4,272.85546875,1800.0,3623158128000,1786514938842276352,33304,16890,2.0,1.0003676414489746,969.8525390625,5291
2026-08-12T15:08:59.054,85,unlabeled,0.2,1,5.950652999672457,10.748058999979548,52.48052600018127,0.9496919997218356,70.20061599996552,14.244889247132692,112.53807,68.653,100.0,365.4,272.859375,1800.0,3623258045000,1786514938942193408,33304,16890,2.0,1.0003676414489746,972.0346069335938,5290
2026-08-12T15:08:59.119,86,unlabeled,0.2,1,1.9429769999987911,3.4393210003145214,51.20520200034662,0.5000230003133765,57.11598400012008,17.508233772141573,110.82722,68.653,100.0,391.7,272.8671875,1800.0,3623324653000,1786514939008801280,33304,16890,2.0,1.0003676414489746,974.7495727539062,5289
2026-08-12T15:08:59.215,87,unlabeled,0.2,1,4.4199210001352185,10.091851000197494,59.811985999658646,0.8993589999590768,75.25391199988007,13.28834572748316,107.141885,69.14,100.0,358.7,272.875,1800.0,3623424568000,1786514939108716288,33304,16890,2.0,1.0003676414489746,975.4207763671875,5288
2026-08-12T15:08:59.296,88,unlabeled,0.2,1,1.9628840000223136,8.675450999817258,50.582214999849384,0.8548210003027634,62.11176200031332,16.10001017190521,87.625,69.627,100.0,372.7,272.8828125,1800.0,3623524485000,1786514939208633344,33304,16890,2.0,1.0003676414489746,972.0933227539062,5287
2026-08-12T15:08:59.386,89,unlabeled,0.2,2,1.9164949999321834,7.9084079998210655,64.49583399989933,0.7399310002256243,75.09672500009401,13.316159925732423,110.770953,68.653,97.3,345.8,272.88671875,1800.0,3623591094000,1786514939275242240,33304,16890,2.0,1.0003676414489746,968.7154541015625,5286
2026-08-12T15:08:59.473,90,unlabeled,0.2,3,4.062139999859937,9.205898999880446,54.34652099984305,1.161508000222966,68.81208699996932,14.532330635465915,98.576181,69.627,100.0,353.4,272.89453125,1800.0,3623691010000,1786514939375158272,33304,16890,2.0,1.0003676414489746,945.3984375,5284
2026-08-12T15:08:59.556,91,unlabeled,0.2,2,7.449515999724099,6.801177999932406,50.1276200002394,1.6848089999257354,66.11727200015594,15.124640956112671,114.835755,69.14,100.0,383.7,272.90234375,1800.0,3623757619000,1786514939441767424,33304,17049,2.0,1.0012634992599487,940.3851928710938,5281
2026-08-12T15:08:59.640,92,unlabeled,0.2,2,1.9585879999794997,3.2998010001392686,66.50490499987427,1.6697159999239375,73.4657689999949,13.611781563194,99.277858,69.14,100.0,369.0,272.9140625,1800.0,3623857536000,1786514939541684224,33304,17207,2.0,1.001254677772522,941.1704711914062,5278
2026-08-12T15:08:59.714,93,unlabeled,0.2,3,3.4638209999684477,4.058029000134411,53.81260900003326,1.7922540000654408,63.15591700013101,15.833829156465665,106.417223,69.14,96.6,367.0,272.91796875,1800.0,3623924144000,1786514939608292352,33304,17366,2.0,1.001478672027588,939.3215942382812,5277
2026-08-12T15:08:59.811,94,unlabeled,0.2,2,1.8518279998716025,3.181338000104006,78.11806199970306,1.1608780000642582,84.34375400020144,11.8562424906723,137.071062,69.14,100.0,359.5,272.92578125,1800.0,3623990760000,1786514939674908416,33304,17525,2.0,1.0015379190444946,943.8292846679688,5273
2026-08-12T15:08:59.879,95,unlabeled,0.2,2,2.182367999921553,4.282493000118848,49.58594900017488,1.5832899998713401,57.66904500023884,17.340325299228702,104.654891,69.627,100.0,400.2,272.93359375,1800.0,3624090675000,1786514939774823424,33304,17525,2.0,1.0015379190444946,953.5331420898438,5267
2026-08-12T15:08:59.971,96,unlabeled,0.2,2,1.8344760001127725,9.68988399972659,66.07271599978048,1.407362000009016,79.0419939999083,12.651502693633464,129.575934,68.653,100.0,348.6,272.94140625,1800.0,3624157280000,1786514939841428224,33304,17525,2.0,1.0015379190444946,952.5478515625,5264
2026-08-12T15:09:00.039,97,unlabeled,0.2,2,1.881995000076131,3.110466999714845,50.242639999851235,1.7906240000229445,57.05552199970043,17.526787328407064,97.963408,69.627,100.0,396.9,272.94921875,1800.0,3624257194000,1786514939941342464,33304,17525,2.0,1.0015379190444946,962.0931396484375,5259
2026-08-12T15:09:00.131,98,unlabeled,0.2,2,2.0166989997960627,4.905608999706601,71.81862899960834,1.3751769997725205,80.16272599979857,12.474625675809888,123.757161,69.14,100.0,342.6,272.95703125,1800.0,3624323806000,1786514940007954432,33304,17525,2.0,1.0015379190444946,971.5789794921875,5257
2026-08-12T15:09:00.198,99,unlabeled,0.2,2,1.8615870003486634,3.025947999958589,50.34475200000088,0.9510439999758091,56.21236799970575,17.789679310525305,91.062225,69.627,100.0,393.1,272.9609375,1800.0,3624423722000,1786514940107870464,33304,17525,2.0,1.0015379190444946,971.5236206054688,5254
2026-08-12T15:09:00.289,100,unlabeled,0.2,2,2.0030519999636454,3.335450000122364,72.12787100024798,0.738357000045653,78.23932200017225,12.781296852211966,114.728375,70.114,100.0,353.4,272.96875,1800.0,3624490346000,1786514940174494464,33304,17525,2.0,1.0015379190444946,973.8508911132812,5253
2026-08-12T15:09:00.370,101,unlabeled,0.2,2,6.665603999863379,4.367086999991443,51.734575999944354,1.170879000255809,63.96933199994237,15.632490894244462,95.861007,70.601,100.0,346.7,272.97265625,1800.0,3624590248000,1786514940274396416,33304,17366,2.0,1.0001903772354126,976.293212890625,5251
2026-08-12T15:09:00.454,102,unlabeled,0.2,2,1.9429399999353336,7.293127000139066,60.518286999922566,1.1887499999829743,70.97945599980449,14.088583603722668,113.291536,69.627,97.1,368.9,272.984375,1800.0,3624656856000,1786514940341004288,33304,17366,2.0,1.0001903772354126,972.2870483398438,5251
2026-08-12T15:09:00.535,103,unlabeled,0.2,2,2.0431630000530276,3.8361940000868344,52.13487599985456,1.155341999947268,59.20514900026319,16.890422824466746,94.745183,69.14,100.0,380.7,272.98828125,1800.0,3624756772000,1786514940440920320,33304,17366,2.0,1.0001903772354126,966.8331909179688,5252
2026-08-12T15:09:00.622,104,unlabeled,0.2,2,1.9493659997351642,3.212986000107776,69.61140799967325,0.9472110000388057,75.75110099969606,13.201128258241583,114.622404,69.627,100.0,356.4,272.99609375,1800.0,3624823382000,1786514940507530240,33304,17366,2.0,1.0001903772354126,965.6072387695312,5253
2026-08-12T15:09:00.691,105,unlabeled,0.2,2,1.9005689996447472,3.3625800001573225,49.46150400019178,0.9707100002742663,55.73186399988117,17.943056776319775,84.511672,70.114,100.0,388.8,273.0,1800.0,3624923298000,1786514940607446272,33304,17366,2.0,1.0001903772354126,961.496826171875,5254
2026-08-12T15:09:00.783,106,unlabeled,0.2,2,1.9850139997288352,5.3058530002090265,71.5559789996405,0.9543769997435447,79.85551999991003,12.52261584422876,143.167049,69.627,100.0,348.3,273.0078125,1800.0,3624956608000,1786514940640756224,33304,17366,2.0,1.0001903772354126,962.761962890625,5254
2026-08-12T15:09:00.866,107,unlabeled,0.2,2,2.558685999701993,7.273663000432862,55.65925299970331,1.378602999920986,66.90516699973159,14.946528718835898,92.940637,69.14,100.0,361.9,273.015625,1800.0,3625089823000,1786514940773971456,33304,17366,2.0,1.0001903772354126,964.3198852539062,5258
2026-08-12T15:09:00.942,108,unlabeled,0.2,2,2.8087979999327217,7.231495999803883,52.81241700004102,1.2846390000049723,64.18598099980954,15.579726046455024,101.953163,69.627,100.0,357.1,273.02734375,1800.0,3625156434000,1786514940840582400,33304,17366,2.0,1.0001903772354126,964.3768920898438,5259
2026-08-12T15:09:01.006,109,unlabeled,0.2,2,1.7009010002766445,3.046892999918782,50.61340200018094,1.1633789999905275,56.55320300002131,17.682464422035,99.5289,70.601,100.0,420.3,274.87890625,1800.0,3625223049000,1786514940907197440,33304,17366,2.0,1.0001903772354126,964.4506225585938,5260
2026-08-12T15:09:01.096,110,unlabeled,0.2,2,1.7449380002290127,3.50450699988869,70.69232499998179,1.299213000038435,77.28083499978311,12.939818779168297,122.708461,71.088,100.0,333.6,274.87890625,1800.0,3625289653000,1786514940973801472,33304,17366,2.0,1.0001903772354126,963.5130615234375,5261
2026-08-12T15:09:01.173,111,unlabeled,0.2,2,5.905375999645912,3.6734520003847138,52.74477000011757,0.9578959998179926,63.312567999673774,15.794652335143832,100.058626,69.627,100.0,363.2,274.87890625,1800.0,3625389570000,1786514941073718272,33304,17366,2.0,1.0001903772354126,964.0692749023438,5263
2026-08-12T15:09:01.262,112,unlabeled,0.2,2,1.9051239996770164,8.168336999915482,63.64323699972374,1.459454999803711,75.21424700007628,13.295353472048797,121.890191,70.601,100.0,360.5,274.87890625,1800.0,3625456178000,1786514941140326400,33304,17366,2.0,1.0001903772354126,965.7510375976562,5265
2026-08-12T15:09:01.342,113,unlabeled,0.2,2,3.7902489998487,3.8302869998005917,51.95635600011883,1.2093979999008297,60.820494999916264,16.441826065397475,101.766666,70.114,100.0,364.9,274.87890625,1800.0,3625556093000,1786514941240241408,33304,17366,2.0,1.0001903772354126,968.1207275390625,5266
2026-08-12T15:09:01.422,114,unlabeled,0.2,2,2.6267039997946995,3.740582999853359,64.23013100038588,0.9837840002546727,71.61620200031393,13.963320757998538,116.004271,70.114,100.0,371.1,274.87890625,1800.0,3625622707000,1786514941306855424,33304,17366,2.0,1.0001903772354126,970.0421752929688,5267
2026-08-12T15:09:01.488,115,unlabeled,0.2,2,1.700327000435209,3.1565039998895372,48.97552000011274,1.030469999932393,54.89256199962256,18.21740439090593,81.824904,70.601,100.0,395.1,274.87890625,1800.0,3625722622000,1786514941406770432,33304,17366,2.0,1.0001903772354126,969.011474609375,5266
2026-08-12T15:09:01.578,116,unlabeled,0.2,2,1.703901000382757,3.4223210000163817,71.86120400001528,1.1748229999284376,78.19797100000869,12.788055587783587,105.444183,70.114,100.0,332.8,274.87890625,1800.0,3625789230000,1786514941473378304,33304,17366,2.0,1.0001903772354126,966.9049072265625,5265
2026-08-12T15:09:01.667,117,unlabeled,0.2,2,9.242269999958808,7.270774000062374,53.224476000195864,1.1601379997046024,70.92925300003117,14.098555359092257,127.536972,70.114,97.4,371.8,274.8828125,1800.0,3625855841000,1786514941539989248,33304,17366,2.0,1.0001903772354126,965.6031494140625,5265
2026-08-12T15:09:01.750,118,unlabeled,0.2,2,1.8668650000108755,3.0195220001587586,61.962651000158075,0.9457109999857494,67.82471099995746,14.74388884606714,111.052566,70.114,100.0,359.0,274.8828125,1800.0,3625955756000,1786514941639904256,33304,17366,2.0,1.0001903772354126,965.7464599609375,5264
2026-08-12T15:09:01.836,119,unlabeled,0.2,2,4.517070000019885,3.5748039999816683,60.51880700033507,1.3268060001792037,69.97098700003335,14.291637761227,96.487183,70.601,100.0,364.0,274.88671875,1800.0,3626055676000,1786514941739824384,33304,17366,2.0,1.0001903772354126,965.4677734375,5262
2026-08-12T15:09:01.904,120,unlabeled,0.2,2,5.604095999842684,3.2819869998093054,50.04984300012438,1.23847199984084,60.21176700005526,16.60804938674333,97.879975,71.088,96.4,382.3,274.88671875,1800.0,3626122280000,1786514941806428416,33304,17366,2.0,1.0001903772354126,965.6452026367188,5261
2026-08-12T15:09:02.000,121,unlabeled,0.2,2,1.8897539998761204,10.216592999768181,70.41934199969546,1.013859000067896,83.57828799989875,11.964829908949696,127.654912,70.114,100.0,352.8,274.88671875,1800.0,3626188891000,1786514941873039360,33304,17366,2.0,1.0001903772354126,965.888427734375,5261
2026-08-12T15:09:02.083,122,unlabeled,0.2,2,4.872775999956502,4.736738000246987,54.581467999923916,0.9540260002722789,65.18056400000205,15.341996733872517,110.492169,70.114,100.0,374.3,274.890625,1800.0,3626288806000,1786514941972954368,33304,17366,2.0,1.0001903772354126,967.1341552734375,5259
2026-08-12T15:09:02.173,123,unlabeled,0.2,2,9.154122000381903,3.470396000011533,63.11232699999891,1.2378979999994044,77.00900100007857,12.985495033223192,133.792999,71.575,100.0,367.3,274.890625,1800.0,3626355418000,1786514942039566336,33304,17366,2.0,1.0001903772354126,968.20361328125,5259
2026-08-12T15:09:02.255,124,unlabeled,0.2,2,11.36300799998935,3.3126719999927445,49.312059999920166,1.4352319999488827,65.45371399988653,15.277971850485574,116.399593,70.114,97.1,363.4,274.8984375,1800.0,3626455332000,1786514942139480320,33304,17366,2.0,1.0001903772354126,967.8379516601562,5257
2026-08-12T15:09:02.336,125,unlabeled,0.2,2,1.9608659999903466,3.3600420001675957,65.02646999979333,1.2479900001380884,71.62816599975486,13.96098847488881,130.715497,70.601,100.0,358.4,274.8984375,1800.0,3626521949000,1786514942206097408,33304,17366,2.0,1.0001903772354126,967.4696655273438,5257
2026-08-12T15:09:02.418,126,unlabeled,0.2,2,7.601999000144133,4.139066999869101,50.51879099983125,1.252137999927072,63.544255000124394,15.737063877734382,112.529414,71.088,100.0,355.0,274.8984375,1800.0,3626621857000,1786514942306005248,33304,17366,2.0,1.0001903772354126,965.8499755859375,5256
2026-08-12T15:09:02.503,127,unlabeled,0.2,2,1.9374959997549013,3.273078999882273,68.45786599978965,1.157619999958115,74.85931900009746,13.358390289373299,130.441881,70.601,100.0,366.8,274.8984375,1800.0,3626688468000,1786514942372616448,33304,17366,2.0,1.0001903772354126,966.1610107421875,5257
2026-08-12T15:09:02.570,128,unlabeled,0.2,2,1.8777730001602322,3.1818010002098163,50.17852899982245,1.3705840001421166,56.63911300007385,17.655643724482342,97.702636,70.114,100.0,401.9,274.8984375,1800.0,3626788383000,1786514942472531456,33304,17366,2.0,1.0001903772354126,968.1019897460938,5258
2026-08-12T15:09:02.660,129,unlabeled,0.2,2,1.9634770001175639,3.1730779996905767,71.7668889997185,1.5968640000210144,78.53284500015434,12.733525698681039,121.712593,69.627,100.0,353.0,274.8984375,1800.0,3626854993000,1786514942539141376,33304,17366,2.0,1.0001903772354126,970.0872192382812,5259
2026-08-12T15:09:02.745,130,unlabeled,0.2,2,1.871032000053674,5.271740999887697,59.44106000015381,1.1995640002169239,67.81258299997717,14.746525729602967,106.814848,70.601,100.0,364.7,274.90234375,1800.0,3626954908000,1786514942639056384,33304,17366,2.0,1.0001903772354126,970.13818359375,5260
2026-08-12T15:09:02.811,131,unlabeled,0.2,2,1.9424030001573556,3.5343399999874237,50.94981299998835,1.1587119997784612,57.61510199999975,17.356560437921367,105.594192,71.575,100.0,397.2,274.90234375,1800.0,3627021519000,1786514942705667328,33304,17366,2.0,1.0001903772354126,968.7944946289062,5263
2026-08-12T15:09:02.905,132,unlabeled,0.2,2,1.8119199999091506,3.187170999808586,75.1394320000145,1.1746939999284223,81.34331000019301,12.293573989030286,133.272564,70.114,97.5,350.2,274.90234375,1800.0,3627088129000,1786514942772277248,33304,17366,2.0,1.0001903772354126,968.687744140625,5266
2026-08-12T15:09:02.985,133,unlabeled,0.2,2,4.200919000140857,3.7795450002704456,51.66981799993664,1.164378999874316,60.8494029997928,16.434014973054133,113.734421,71.088,100.0,348.4,274.90234375,1800.0,3627188043000,1786514942872191232,33304,17366,2.0,1.0001903772354126,969.5077514648438,5269
2026-08-12T15:09:03.067,134,unlabeled,0.2,2,3.9022690002639138,3.191782999692805,62.39541500008272,1.1610080000536982,70.67888199981098,14.148497708306625,95.459567,71.088,100.0,379.4,274.90234375,1800.0,3627287960000,1786514942972108288,33304,17366,2.0,1.0001903772354126,969.9281616210938,5272
2026-08-12T15:09:03.145,135,unlabeled,0.2,2,4.972610000095301,4.759349999858387,51.19979599976432,0.9466550000070129,61.92241100006868,16.149241992513677,107.123883,71.088,100.0,357.7,274.90234375,1800.0,3627354570000,1786514943038718464,33304,17366,2.0,1.0001903772354126,968.5924682617188,5273
2026-08-12T15:09:03.222,136,unlabeled,0.2,2,3.3826349999799277,3.3397090001017204,60.00224899980822,1.169508000202768,67.92939900014971,14.721166604135508,116.963874,71.088,100.0,366.5,274.90625,1800.0,3627421179000,1786514943105327360,33304,17366,2.0,1.0001903772354126,965.9873046875,5273
2026-08-12T15:09:03.290,137,unlabeled,0.2,2,2.1065149999230925,3.9847140001256776,50.33603099991524,1.1665639999591804,57.627676999800315,17.352773043471196,118.529713,71.088,100.0,396.2,274.90625,1800.0,3627487788000,1786514943171936256,33304,17366,2.0,1.0001903772354126,964.7313232421875,5274
2026-08-12T15:09:03.384,138,unlabeled,0.2,2,1.7136419996859331,5.408391999935702,69.85004300031505,1.3801580003018898,78.38765999986208,12.757109983915319,112.226413,70.601,100.0,341.6,274.90625,1800.0,3627587711000,1786514943271859456,33304,17366,2.0,1.0001903772354126,963.0601806640625,5274
2026-08-12T15:09:03.465,139,unlabeled,0.2,2,2.4631480000607553,3.7003229999754694,54.77643399990484,1.166805000138993,62.16848799977015,16.08531962372476,93.59383,71.575,96.9,357.1,274.90625,1800.0,3627687622000,1786514943371770368,33304,17366,2.0,1.0001903772354126,961.732177734375,5273
2026-08-12T15:09:03.549,140,unlabeled,0.2,2,1.9145879996358417,3.2934500000010303,64.23314999983631,1.2634720001187816,70.73475299966958,14.13732228632609,110.808139,71.088,100.0,369.8,274.90625,1800.0,3627754230000,1786514943438378240,33304,17366,2.0,1.0001903772354126,963.41455078125,5272
2026-08-12T15:09:03.636,141,unlabeled,0.2,2,3.5139149999849906,9.709254999961558,56.47374199998012,1.4731210003446904,71.22416399988651,14.040178835957883,98.090315,72.062,100.0,355.5,274.91015625,1800.0,3627854149000,1786514943538297344,33304,17366,2.0,1.0001903772354126,963.2531127929688,5271
2026-08-12T15:09:03.702,142,unlabeled,0.2,3,3.2631900003252667,3.1375230000776355,50.46119900043777,1.3733249998040264,58.26321799986545,17.16348726227771,97.588051,71.088,100.0,393.3,274.91015625,1800.0,3627920757000,1786514943604905216,33304,17366,2.0,1.0001903772354126,962.9915161132812,5270
2026-08-12T15:09:03.794,143,unlabeled,0.2,4,1.9199399998797162,3.354283000135183,70.32545399988521,1.6004379999685625,77.23148600007335,12.948087001706147,123.27121,71.575,100.0,335.9,274.91796875,1800.0,3627987367000,1786514943671515392,33304,17366,2.0,1.0001903772354126,963.3111572265625,5269
2026-08-12T15:09:03.872,144,unlabeled,0.2,3,3.7489159999495314,3.3544500001880806,56.19203700007347,1.2297119997128902,64.55778200006534,15.48999933112615,100.976623,71.575,100.0,373.6,274.91796875,1800.0,3628087284000,1786514943771432448,33304,17366,2.0,1.0001903772354126,963.9539794921875,5268
2026-08-12T15:09:03.953,145,unlabeled,0.2,2,6.7651780000232975,4.736108000088279,52.87788299983731,1.4145840000310272,65.8572180000192,15.184364453410534,115.498937,71.088,100.0,369.7,274.921875,1800.0,3628153891000,1786514943838039296,33304,17366,2.0,1.0001903772354126,964.0955810546875,5267
2026-08-12T15:09:04.018,146,unlabeled,0.2,3,1.883476999864797,3.144023000004381,49.69493499993405,1.3729540000895213,56.12560999998095,17.81717828991684,80.976254,71.575,100.0,396.6,274.92578125,1800.0,3628253806000,1786514943937954304,33304,17366,2.0,1.0001903772354126,964.6370239257812,5266
2026-08-12T15:09:04.111,147,unlabeled,0.2,2,1.887642999918171,11.336211000070762,63.045771999895805,0.9455809999963094,77.25283799982208,12.944508265214841,140.369141,71.088,100.0,345.5,274.92578125,1800.0,3628287129000,1786514943971277312,33304,17366,2.0,1.0001903772354126,964.4002685546875,5266
2026-08-12T15:09:04.191,148,unlabeled,0.2,2,3.839878999770008,3.368190999935905,57.27102700029718,1.103525999951671,65.61341999986325,15.24078458342949,120.240275,72.549,100.0,363.6,274.92578125,1800.0,3628387027000,1786514944071175424,33304,17366,2.0,1.0001903772354126,965.0640258789062,5269
2026-08-12T15:09:04.268,149,unlabeled,0.2,2,2.0294220003052033,5.225112000061927,52.20617499981017,0.9764139999788313,60.47356799990666,16.536150140860606,97.151133,71.088,100.0,364.7,274.92578125,1800.0,3628486943000,1786514944171091456,33304,17366,2.0,1.0001903772354126,965.6210327148438,5271
2026-08-12T15:09:04.351,150,unlabeled,0.2,2,1.860735999798635,3.2196899996961292,68.36351400033891,0.7395790003101865,74.217722999947,13.473870654866548,113.949324,73.036,97.1,371.2,274.92578125,1800.0,3628553552000,1786514944237700352,33304,17366,2.0,1.0001903772354126,965.5409545898438,5272
2026-08-12T15:09:04.418,151,unlabeled,0.2,2,1.746198000091681,3.144244999930379,49.20800500030964,0.7363940003415337,54.865823999989516,18.22628235748708,80.796504,71.088,100.0,375.1,274.92578125,1800.0,3628653467000,1786514944337615360,33304,17366,2.0,1.0001903772354126,966.1080932617188,5274
2026-08-12T15:09:04.508,152,unlabeled,0.2,2,1.834142999996402,5.7195969998247165,65.92133000003741,1.097655999728886,74.62042999986807,13.401155688887991,104.176696,72.062,100.0,355.4,274.9296875,1800.0,3628720081000,1786514944404229376,33304,17366,2.0,1.0001903772354126,966.3507080078125,5275
2026-08-12T15:09:04.596,153,unlabeled,0.2,2,4.325254000377754,4.03091799989852,64.50713499998528,1.3852329998371715,74.2821499998172,13.46218438753403,125.160539,72.062,100.0,361.7,274.9296875,1800.0,3628786688000,1786514944470836224,33304,17366,2.0,1.0001903772354126,966.31884765625,5276
2026-08-12T15:09:04.663,154,unlabeled,0.2,2,1.8674950001695834,3.116558999863628,52.60334500007957,0.9521920001134276,58.56836899965856,17.074062622536573,92.432055,72.062,100.0,392.2,274.9296875,1800.0,3628886603000,1786514944570751232,33304,17366,2.0,1.0001903772354126,966.2080688476562,5278
2026-08-12T15:09:04.741,155,unlabeled,0.2,2,1.8740689997684967,3.1611529998372134,58.60755499998049,0.9567840002091543,64.62989500005278,15.472715838377631,104.114399,71.575,100.0,370.7,274.9296875,1800.0,3628953215000,1786514944637363456,33304,17366,2.0,1.0001903772354126,966.1754150390625,5279
2026-08-12T15:09:04.821,156,unlabeled,0.2,2,2.012052000281983,8.697674999893934,51.24674199987567,0.9734699997352436,62.967344999833585,15.881247653091343,83.882215,72.549,100.0,363.7,274.9296875,1800.0,3629053129000,1786514944737277440,33304,17366,2.0,1.0001903772354126,966.4058227539062,5283
2026-08-12T15:09:04.917,157,unlabeled,0.2,2,1.948143999925378,3.268320000188396,76.76750100017671,0.9690629999568046,82.98199099999692,12.050807505932667,113.718682,72.062,100.0,363.1,274.9296875,1800.0,3629119742000,1786514944803890432,33304,17366,2.0,1.0001903772354126,966.8148803710938,5286
2026-08-12T15:09:04.985,158,unlabeled,0.2,2,1.845568999669922,3.162393000366137,49.03918900026838,1.0248970002066926,55.1020289999542,18.148152039933613,81.242593,72.549,100.0,396.2,274.9296875,1800.0,3629219653000,1786514944903801344,33304,17366,2.0,1.0001903772354126,967.3036499023438,5289
2026-08-12T15:09:05.085,159,unlabeled,0.2,2,1.947681000274315,3.5241929999756394,79.67391200008933,0.9546179999233573,86.13634799985448,11.60950078823506,114.784204,72.062,100.0,349.5,274.9296875,1800.0,3629286265000,1786514944970413312,33304,17366,2.0,1.0001903772354126,967.4812622070312,5291
2026-08-12T15:09:05.152,160,unlabeled,0.2,2,1.7336609998892527,3.167726999890874,48.94315199999255,0.9542469997541048,54.827805000059016,18.238920927053776,81.671737,72.062,100.0,404.1,274.9296875,1800.0,3629386180000,1786514945070328320,33304,17366,2.0,1.0001903772354126,968.0730590820312,5294
2026-08-12T15:09:05.247,161,unlabeled,0.2,2,1.75390200001857,3.0807260000074166,75.3003249997164,0.842580000153248,81.00818200000504,12.344432072305214,110.531215,71.575,100.0,334.8,274.9296875,1800.0,3629452790000,1786514945136938240,33304,17366,2.0,1.0001903772354126,968.6156616210938,5295
2026-08-12T15:09:05.330,162,unlabeled,0.2,2,1.9199399998797162,3.402025000013964,56.62702200015701,0.747542000226531,62.72604900004808,15.942339999754065,94.009407,72.549,97.0,363.2,274.93359375,1800.0,3629552708000,1786514945236856320,33304,17366,2.0,1.0001903772354126,969.4768676757812,5297
2026-08-12T15:09:05.411,163,unlabeled,0.2,2,1.7273829998885049,3.0578549999518145,62.830011999722046,0.760765000450192,68.40471900022749,14.618874466784586,108.090754,71.575,100.0,359.0,274.9375,1800.0,3629619316000,1786514945303464448,33304,17366,2.0,1.0001903772354126,971.1806640625,5298
2026-08-12T15:09:05.491,164,unlabeled,0.2,2,4.594126000029064,8.236800999839033,54.474228999879415,0.7343010001932271,68.07423500004006,14.68984557813116,121.821444,72.062,100.0,361.2,274.9375,1800.0,3629685928000,1786514945370076416,33304,17366,2.0,1.0001903772354126,972.376708984375,5298
2026-08-12T15:09:05.554,165,unlabeled,0.2,2,1.846957999987353,3.290302000095835,49.13283800033241,0.7495049999306502,55.05076999997982,18.165050189132078,84.568842,72.062,100.0,397.5,274.9375,1800.0,3629785842000,1786514945469990400,33304,17366,2.0,1.0001903772354126,972.4132690429688,5299
2026-08-12T15:09:05.651,166,unlabeled,0.2,2,1.6707339996173687,3.347858000324777,77.141820000179,0.9526549997644906,83.14249300019583,12.027544086242935,114.911896,72.062,100.0,339.3,274.9375,1800.0,3629852450000,1786514945536598272,33304,17366,2.0,1.0001903772354126,970.1657104492188,5299
2026-08-12T15:09:05.739,167,unlabeled,0.2,3,5.5297990002145525,3.2671720000507776,61.369778999960545,1.3764360001005116,71.57379699992816,13.9715935428297,103.398904,72.549,97.1,364.2,274.9375,1800.0,3629952374000,1786514945636522240,33304,17366,2.0,1.0001903772354126,973.0377197265625,5299
2026-08-12T15:09:05.829,168,unlabeled,0.2,3,4.664348999995127,3.2298940000146104,66.7529669999567,1.9319210000503517,76.61268599986215,13.052668588095178,126.623966,72.549,100.0,356.5,274.94140625,1800.0,3630018982000,1786514945703130368,33304,17366,2.0,1.0001903772354126,972.9894409179688,5298
2026-08-12T15:09:05.911,169,unlabeled,0.2,2,15.889912000147888,3.607304000070144,49.65391700034161,1.3847320001332264,70.569919999798,14.17034339847434,108.381203,71.575,100.0,391.6,274.94140625,1800.0,3630118893000,1786514945803041280,33304,17366,2.0,1.0001903772354126,972.1099853515625,5298
2026-08-12T15:09:05.976,170,unlabeled,0.2,2,1.8705140000747633,3.2441530001960928,50.840943999901356,0.9949509999387374,57.25799099991491,17.464811156253912,106.6378,71.575,100.0,385.7,274.94140625,1800.0,3630185502000,1786514945869650432,33304,17366,2.0,1.0001903772354126,972.8929443359375,5297
2026-08-12T15:09:06.086,171,unlabeled,0.2,2,2.041959000052884,3.109022999979061,90.4619550001371,1.4632140000685467,97.1098729996811,10.297614126251446,150.052792,72.549,95.3,336.2,274.94140625,1800.0,3630252112000,1786514945936260352,33304,17366,2.0,1.0001903772354126,975.8667602539062,5297
2026-08-12T15:09:06.153,172,unlabeled,0.2,2,2.885853999941901,3.4694880000643025,48.92878299961012,1.3976029999867023,56.71757999971305,17.63121769308668,84.175964,72.549,100.0,400.8,274.94140625,1800.0,3630385332000,1786514946069480448,33304,17366,2.0,1.0001903772354126,972.5234375,5296
2026-08-12T15:09:06.245,173,unlabeled,0.2,2,1.9261429997641244,3.2800230001157615,72.80947400022342,0.9926370003086049,79.03892700005599,12.651993618274847,109.649253,71.575,100.0,347.4,274.94140625,1800.0,3630451945000,1786514946136093440,33304,17366,2.0,1.0001903772354126,971.5549926757812,5295
2026-08-12T15:09:06.330,174,unlabeled,0.2,2,2.131645000190474,3.5557109999899694,56.29539100027614,0.7725979999122501,62.78671700010818,15.926935628729831,94.543946,73.036,100.0,365.8,274.9453125,1800.0,3630551861000,1786514946236009216,33304,17366,2.0,1.0001903772354126,971.02587890625,5294
2026-08-12T15:09:06.415,175,unlabeled,0.2,2,1.9396990001041559,3.3538210000187973,64.60269199988034,1.389435999954003,71.31563000029928,14.022171577195678,112.523995,73.036,100.0,378.4,274.9453125,1800.0,3630618468000,1786514946302616320,33304,17366,2.0,1.0001903772354126,970.72265625,5294
2026-08-12T15:09:06.498,176,unlabeled,0.2,2,2.5970370002141863,3.361079999649519,49.21295099984491,1.606511000318278,56.809617999988404,17.602653128211568,95.826735,73.036,100.0,365.6,274.9453125,1800.0,3630718384000,1786514946402532352,33304,17366,2.0,1.0001903772354126,970.92138671875,5294
2026-08-12T15:09:06.592,177,unlabeled,0.2,2,1.9076620001214906,8.012577000044985,68.00793899992641,1.7649760002313997,79.73283999990599,12.541883620364947,123.408668,72.062,100.0,367.1,274.9453125,1800.0,3630784994000,1786514946469142272,33304,17366,2.0,1.0001903772354126,971.0896606445312,5295
2026-08-12T15:09:06.674,178,unlabeled,0.2,2,4.044454999984737,3.3304130001852172,57.146693999584386,1.8138279997401696,66.37127900012274,15.066758017397113,105.106592,71.088,96.9,355.3,274.9453125,1800.0,3630884908000,1786514946569056256,33304,17366,2.0,1.0001903772354126,971.7982788085938,5296
2026-08-12T15:09:06.743,179,unlabeled,0.2,2,1.8620319997353363,3.1007259999569214,50.546572000257584,1.6055299997788097,57.14578700008133,17.49910277722795,108.281968,72.062,100.0,400.3,274.9453125,1800.0,3630951536000,1786514946635684352,33304,17366,2.0,1.0001903772354126,972.7509765625,5296
2026-08-12T15:09:06.850,180,unlabeled,0.2,2,1.9275509998806228,10.903042999871104,79.46372700007487,0.9528580003461684,93.28567900001872,10.719759031820944,148.564309,71.575,97.5,327.9,274.9453125,1800.0,3631018130000,1786514946702278400,33304,17366,2.0,1.0001903772354126,973.0623779296875,5297
2026-08-12T15:09:06.936,181,unlabeled,0.2,2,1.6931979998844326,3.128078999907302,65.85745999973369,1.4438430002883251,72.15387699989151,13.859269128414313,134.673043,72.549,97.2,372.1,274.94921875,1800.0,3631118044000,1786514946802192384,33304,17366,2.0,1.0001903772354126,973.2367553710938,5298
2026-08-12T15:09:07.015,182,unlabeled,0.2,2,4.732496999622526,3.6893599999530124,57.123324000258435,1.1726379998435732,66.74861500005136,14.98158426207391,113.839439,72.549,100.0,353.3,274.94921875,1800.0,3631217960000,1786514946902108416,33304,17366,2.0,1.0001903772354126,973.81201171875,5299
2026-08-12T15:09:07.079,183,unlabeled,0.2,2,2.248609000162105,3.239987000142719,48.9026529999137,1.1599899999055197,55.58055300025444,17.991904470533463,77.675964,73.523,100.0,408.3,274.94921875,1800.0,3631317876000,1786514947002024448,33304,17366,2.0,1.0001903772354126,974.0159912109375,5299
2026-08-12T15:09:07.177,184,unlabeled,0.2,2,2.7366120002625394,3.6282860000937944,75.02956600001198,0.9542479997435294,82.39895299993805,12.136076534865095,108.799794,73.036,97.4,338.0,274.953125,1800.0,3631384486000,1786514947068634368,33304,17366,2.0,1.0001903772354126,974.1959228515625,5299
2026-08-12T15:09:07.257,185,unlabeled,0.2,2,6.4015650000328606,3.3816539998952067,56.60443199985821,0.9817479999583156,67.39893600024516,14.837029474714,122.375649,72.549,100.0,361.7,274.95703125,1800.0,3631451095000,1786514947135243264,33304,17366,2.0,1.0001903772354126,973.9431762695312,5300
2026-08-12T15:09:07.343,186,unlabeled,0.2,2,4.939888000080828,7.64505500001178,57.03778599990983,0.9513959998912469,70.60458900014055,14.163385328933922,108.233063,73.036,97.1,349.6,274.95703125,1800.0,3631551010000,1786514947235158272,33304,17366,2.0,1.0001903772354126,974.2754516601562,5300
2026-08-12T15:09:07.407,187,unlabeled,0.2,2,1.914311000291491,3.546785000253294,50.06973600029596,0.9441360002711008,56.66554300023563,17.64740876119094,106.067663,73.523,100.0,403.3,274.95703125,1800.0,3631617621000,1786514947301769216,33304,17366,2.0,1.0001903772354126,974.3634643554688,5300
2026-08-12T15:09:07.499,188,unlabeled,0.2,2,1.8164950001846591,4.924406000100134,70.54992199982735,1.1731009999493835,78.52431299988893,12.734909250354274,130.682115,73.036,100.0,340.0,274.95703125,1800.0,3631684231000,1786514947368379392,33304,17366,2.0,1.0001903772354126,974.5416259765625,5301
2026-08-12T15:09:07.577,189,unlabeled,0.2,2,2.8437430000849417,4.118660000131058,55.703554000047006,1.0286930000802386,63.73059399993508,15.69105098880796,108.711472,72.062,100.0,372.1,274.95703125,1800.0,3631784146000,1786514947468294400,33304,17366,2.0,1.0001903772354126,974.5977172851562,5301
2026-08-12T15:09:07.661,190,unlabeled,0.2,2,4.661533999751555,3.6648599998443387,60.741906000203016,1.2216200002512778,70.32067999989522,14.220567832982987,92.910682,72.549,100.0,356.6,274.95703125,1800.0,3631884065000,1786514947568213248,33304,17366,2.0,1.0001903772354126,974.7711791992188,5302
2026-08-12T15:09:07.728,191,unlabeled,0.2,2,1.7404390000592684,3.1095969998204964,51.7424330000722,1.0901370001192845,57.71308700013833,17.327092553507025,94.089442,73.036,100.0,383.5,274.9609375,1800.0,3631950672000,1786514947634820352,33304,17366,2.0,1.0001903772354126,974.914306640625,5302
2026-08-12T15:09:07.825,192,unlabeled,0.2,2,1.9272919998911675,9.731311999985337,71.63155999978699,0.94058100012262,84.26722600006542,11.86700983843023,124.447081,73.523,100.0,340.3,274.9609375,1800.0,3632017282000,1786514947701430272,33304,17366,2.0,1.0001903772354126,975.2509765625,5303
2026-08-12T15:09:07.909,193,unlabeled,0.2,2,1.8966800002999662,3.587249000247539,60.297605999949155,0.9504320000814914,66.76456100012729,14.978006071186382,108.543704,72.549,97.0,368.9,274.9609375,1800.0,3632117197000,1786514947801345280,33304,17366,2.0,1.0001903772354126,975.2092895507812,5304
2026-08-12T15:09:07.988,194,unlabeled,0.2,2,1.6483640001752065,3.3600239999032055,61.933081000006496,0.9942110000338289,67.96640299990031,14.713151731767631,120.238239,73.036,97.0,357.2,274.9609375,1800.0,3632183808000,1786514947867956224,33304,17366,2.0,1.0001903772354126,975.0392456054688,5304
2026-08-12T15:09:08.055,195,unlabeled,0.2,2,2.0047919997523422,3.2944310000857513,49.81869800030836,0.9552289998282504,56.10720599997876,17.823022590010606,87.149311,73.036,100.0,389.6,274.9609375,1800.0,3632283723000,1786514947967871232,33304,17366,2.0,1.0001903772354126,974.4339599609375,5305
2026-08-12T15:09:08.145,196,unlabeled,0.2,2,2.0131069995841244,3.324338999846077,71.57972699997117,1.013859000067896,77.9633100000865,12.82654623051395,110.807474,72.549,100.0,354.5,274.96484375,1800.0,3632350334000,1786514948034482432,33304,17366,2.0,1.0001903772354126,973.981201171875,5305
2026-08-12T15:09:08.226,197,unlabeled,0.2,2,2.6105750002898276,3.710526999839203,56.00172399999792,0.954303000071377,63.30557299997963,15.796397577829708,92.313778,72.549,100.0,356.2,274.96484375,1800.0,3632450250000,1786514948134398464,33304,17366,2.0,1.0001903772354126,973.978759765625,5305
2026-08-12T15:09:08.303,198,unlabeled,0.2,2,1.7427719999432156,3.364561000125832,60.620647000177996,1.4144550000310119,67.180806000124,14.885203967308078,102.12539,72.549,100.0,379.4,274.96484375,1800.0,3632516858000,1786514948201006336,33304,17366,2.0,1.0001903772354126,973.8718872070312,5305
2026-08-12T15:09:08.373,199,unlabeled,0.2,2,2.3880910002844757,4.8856290000003355,49.52915800004121,1.1750080002457253,58.00820099966586,17.23894178352058,106.260339,72.549,100.0,381.7,274.96484375,1800.0,3632583468000,1786514948267616256,33304,17366,2.0,1.0001903772354126,973.7184448242188,5305
2026-08-12T15:09:08.468,200,unlabeled,0.2,2,1.684920000116108,3.1362450004053244,75.70388600015576,1.6086969999378198,82.1676559999105,12.170238858962817,134.317867,72.549,100.0,348.6,274.96484375,1800.0,3632650079000,1786514948334227456,33304,17366,2.0,1.0001903772354126,970.80322265625,5305
2026-08-12T15:09:08.564,201,unlabeled,0.2,2,6.4351209998676495,3.071743999953469,69.71956500001397,1.2343060002422135,80.49290300004941,12.423455518797553,130.488369,72.549,100.0,374.7,274.96484375,1800.0,3632749998000,1786514948434146304,33304,17366,2.0,1.0001903772354126,969.1510009765625,5304
2026-08-12T15:09:08.629,202,unlabeled,0.2,2,1.8727550000221527,3.0424669998865284,50.492165999912686,1.6705490002095758,57.10995500021454,17.51008208632354,95.513497,73.523,100.0,369.5,274.96875,1800.0,3632849914000,1786514948534062336,33304,17366,2.0,1.0001903772354126,970.7943115234375,5304
2026-08-12T15:09:08.718,203,unlabeled,0.2,2,2.6828340000975004,5.272630999570538,62.503568000011,1.1777129998336022,71.67418999961228,13.952023734142088,118.21118,73.036,100.0,363.1,274.96875,1800.0,3632916520000,1786514948600668416,33304,17366,2.0,1.0001903772354126,971.0751953125,5304
2026-08-12T15:09:08.804,204,unlabeled,0.2,2,2.0535519997793017,3.815732000020944,50.88485299984313,1.6709010001250135,58.458815999983926,17.1060597600929,104.130775,73.523,100.0,379.7,274.96875,1800.0,3633016436000,1786514948700584448,33304,17366,2.0,1.0001903772354126,967.4473266601562,5305
2026-08-12T15:09:08.891,205,unlabeled,0.2,2,1.794384000277205,10.109758999988117,60.44412600022042,1.3793990001431666,73.76035300012518,13.557418848013144,124.65406,73.523,97.2,367.1,274.96875,1800.0,3633083047000,1786514948767195392,33304,17366,2.0,1.0001903772354126,965.6674194335938,5306
2026-08-12T15:09:08.985,206,unlabeled,0.2,2,1.9518480003171135,3.5087479996036564,74.23848700000235,1.1641559999588935,80.89394299986452,12.361864966845229,118.567058,73.036,100.0,319.9,274.96875,1800.0,3633182961000,1786514948867109376,33304,17366,2.0,1.0001903772354126,970.8323364257812,5307
2026-08-12T15:09:09.049,207,unlabeled,0.2,3,1.7138640000666783,3.029298999990715,49.143101000026945,1.4344360001814493,55.35060900001554,18.066648553039755,82.936133,73.523,100.0,404.2,274.97265625,1800.0,3633282879000,1786514948967027456,33304,17366,2.0,1.0001903772354126,971.3118896484375,5308
2026-08-12T15:09:09.150,208,unlabeled,0.2,4,1.9813290000456618,3.282210000179475,79.11609700022382,2.120459999787272,86.53105900020819,11.556544107446946,116.932367,72.549,100.0,347.8,274.9765625,1800.0,3633349487000,1786514949033635328,33304,17366,2.0,1.0001903772354126,970.775146484375,5307
2026-08-12T15:09:09.236,209,unlabeled,0.2,2,2.0827190001000417,3.648323000106757,58.201315000133036,1.2412310002218874,65.21029199984696,15.335002640416745,103.337726,74.01,100.0,382.3,274.9765625,1800.0,3633449403000,1786514949133551360,33304,17366,2.0,1.0001903772354126,970.6585693359375,5307
2026-08-12T15:09:09.328,210,unlabeled,0.2,2,1.8742920001386665,8.474877000026027,66.59809800021321,1.273657000183448,78.25525799989919,12.778694052753469,128.692762,72.062,100.0,358.7,274.9765625,1800.0,3633516038000,1786514949200186368,33304,17366,2.0,1.0001903772354126,970.8595581054688,5307
2026-08-12T15:09:09.411,211,unlabeled,0.2,2,2.355036000153632,3.69517499984795,56.840138000097795,1.162396999916382,64.0872839999247,15.603719452382707,111.749885,74.01,100.0,373.6,274.9765625,1800.0,3633615926000,1786514949300074240,33304,17366,2.0,1.0001903772354126,971.8240356445312,5306
2026-08-12T15:09:09.500,212,unlabeled,0.2,2,1.7711609998514177,9.433494999939285,62.66014399989217,1.4264920000641723,75.3253850002693,13.275736990875318,134.105744,74.497,100.0,348.8,274.984375,1800.0,3633682537000,1786514949366685440,33304,17366,2.0,1.0001903772354126,972.5926513671875,5307
2026-08-12T15:09:09.581,213,unlabeled,0.2,2,1.81153199991968,3.447303000029933,56.996045999767375,1.1651560002974293,63.451334000092174,15.7601099450257,115.086901,74.984,100.0,382.0,274.984375,1800.0,3633782455000,1786514949466603264,33304,17366,2.0,1.0001903772354126,972.4969482421875,5307
2026-08-12T15:09:09.675,214,unlabeled,0.2,4,1.9326990000081423,3.292375999990327,72.92868200011071,1.5969560004123196,79.77919499990094,12.534596269130589,109.247414,73.523,100.0,340.8,274.984375,1800.0,3633882370000,1786514949566518272,33304,17366,2.0,1.0001903772354126,971.1614379882812,5307
2026-08-12T15:09:09.757,215,unlabeled,0.2,2,1.7979019999074808,4.842350000217266,53.63311400014936,0.9716550002849544,61.27724499992837,16.319271533848642,124.404329,73.523,100.0,354.8,274.984375,1800.0,3633948978000,1786514949633126400,33304,17366,2.0,1.0001903772354126,970.392333984375,5307
2026-08-12T15:09:09.845,216,unlabeled,0.2,2,1.7669759999989765,3.216653999970731,68.26992600008452,1.2218979995850532,74.5053409996217,13.421856562002414,112.052462,74.01,97.2,365.6,274.984375,1800.0,3634048893000,1786514949733041408,33304,17366,2.0,1.0001903772354126,967.572021484375,5308
2026-08-12T15:09:09.937,217,unlabeled,0.2,3,9.781182000097033,7.16831199997614,51.64711899988106,1.1678239998218487,69.79430699993827,14.327816164159126,104.98299,73.523,94.6,355.5,274.984375,1800.0,3634148807000,1786514949832955392,33304,17366,2.0,1.0001903772354126,946.261962890625,5308
2026-08-12T15:09:10.025,218,unlabeled,0.2,3,2.066423000087525,3.837528000076418,70.9610750000138,1.2324529998295475,78.1326640003499,12.7987444533508,125.717402,74.01,100.0,366.4,274.98828125,1800.0,3634215419000,1786514949899567360,33304,17366,2.0,1.0001903772354126,946.9263916015625,5309
2026-08-12T15:09:10.092,219,unlabeled,0.2,2,2.77824300019347,3.221726999981911,49.93179099983536,1.0277659998791933,56.99010299986185,17.54690634621987,93.227872,74.497,100.0,385.6,274.98828125,1800.0,3634315337000,1786514949999485440,33304,17525,2.0,1.0001832246780396,946.388671875,5308
2026-08-12T15:09:10.200,220,unlabeled,0.2,1,8.009836000383075,3.198968000106106,81.27435500000502,0.5061700003352598,93.01799600007143,10.75060787161263,134.616908,74.01,97.7,351.8,274.98828125,1800.0,3634381944000,1786514950066092288,33304,17525,2.0,1.0001832246780396,946.1380615234375,5307
2026-08-12T15:09:10.270,221,unlabeled,0.2,3,5.621060000066791,3.6862119995930698,51.25643199971819,1.3910659999964992,61.9917499998337,16.13117874560216,104.077366,73.523,100.0,389.2,274.98828125,1800.0,3634481860000,1786514950166008320,33304,17525,2.0,1.0001832246780396,949.3523559570312,5305
2026-08-12T15:09:10.364,222,unlabeled,0.2,2,1.7497540002295864,3.3173760002682684,73.3745010002167,1.2038599998049904,79.68067699994208,12.550094171523252,132.045892,72.549,100.0,348.7,274.98828125,1800.0,3634548478000,1786514950232626432,33304,17525,2.0,1.0001832246780396,967.7548217773438,5303
2026-08-12T15:09:10.452,223,unlabeled,0.2,2,7.174200000008568,7.299738999790861,52.64105300011579,1.0436739999022393,68.19155500033958,14.664572467881401,119.898186,74.01,94.4,350.0,274.98828125,1800.0,3634648391000,1786514950332539392,33304,17525,2.0,1.0001832246780396,965.2325439453125,5301
2026-08-12T15:09:10.532,224,unlabeled,0.2,3,3.9050840000527387,3.176005000113946,61.55195099972843,1.455252000141627,70.12001400016743,14.261263553050807,99.931958,73.523,100.0,366.6,274.98828125,1800.0,3634748301000,1786514950432449280,33304,17525,2.0,1.0001832246780396,967.4473876953125,5299
2026-08-12T15:09:10.601,225,unlabeled,0.2,3,1.8512359997657768,3.96458499972141,51.01676200001748,1.2038429999847722,58.07351800012839,17.21955263667321,101.994416,74.01,100.0,393.1,274.98828125,1800.0,3634814917000,1786514950499065344,33304,17525,2.0,1.0001832246780396,972.4536743164062,5298
2026-08-12T15:09:10.693,226,unlabeled,0.2,2,2.179608999995253,7.061903999783681,69.52273200022319,0.9915820000969688,79.81049299996812,12.529680777694225,127.374468,74.01,100.0,344.6,274.98828125,1800.0,3634881524000,1786514950565672448,33304,17525,2.0,1.0001832246780396,971.1858520507812,5297
2026-08-12T15:09:10.778,227,unlabeled,0.2,2,6.5839369999594055,5.6845970002541435,53.79691300004197,0.9555810001984355,67.05126999986533,14.913960615541042,112.531933,73.036,96.9,356.3,274.98828125,1800.0,3634981436000,1786514950665584384,33304,17525,2.0,1.0001832246780396,977.755859375,5296
2026-08-12T15:09:10.868,228,unlabeled,0.2,3,1.8861429998651147,7.134330000098998,66.07609599996067,1.2346200001047691,76.37020799984384,13.094111253462145,102.821562,73.523,97.3,354.8,274.9921875,1800.0,3635081352000,1786514950765500416,33304,17525,2.0,1.0001832246780396,972.7626342773438,5298
2026-08-12T15:09:10.951,229,unlabeled,0.2,2,6.6683260001809685,8.298172000195336,50.854483999955846,1.2134160001551209,67.06965800003672,14.90987176346497,119.390278,73.523,100.0,381.5,274.9921875,1800.0,3635147964000,1786514950832112384,33304,17525,2.0,1.0001832246780396,972.3117065429688,5298
2026-08-12T15:09:11.039,230,unlabeled,0.2,2,5.20583399975294,3.2750610002949543,69.54789900009928,1.2505650001912727,79.31122999980289,12.608554929768273,107.827942,74.01,97.2,365.0,274.9921875,1800.0,3635247878000,1786514950932026368,33304,17525,2.0,1.0001832246780396,973.22607421875,5299
2026-08-12T15:09:11.105,231,unlabeled,0.2,2,1.9423109997660504,3.392469000118581,48.97352600028171,1.1680819998218794,55.50585199989655,18.016118372561216,107.175327,74.984,100.0,379.2,274.9921875,1800.0,3635314487000,1786514950998635264,33304,17525,2.0,1.0001832246780396,972.453857421875,5298
2026-08-12T15:09:11.199,232,unlabeled,0.2,2,1.7556789998707245,4.595977999997558,73.32344599990392,1.6147890000866028,81.34400500011907,12.293468953225702,134.676262,74.497,100.0,350.3,274.9921875,1800.0,3635381098000,1786514951065246464,33304,17525,2.0,1.0001832246780396,971.5626831054688,5297
2026-08-12T15:09:11.291,233,unlabeled,0.2,2,7.748797999738599,3.9633440001125564,61.071318999893265,1.4457880001828016,74.26510100003725,13.465274894051493,126.395535,74.01,100.0,349.1,274.9921875,1800.0,3635481013000,1786514951165161216,33304,17525,2.0,1.0001832246780396,967.854736328125,5295
2026-08-12T15:09:11.379,234,unlabeled,0.2,2,2.0339779998721497,3.405339999972057,67.31447499987553,1.916866000101436,74.70621599986771,13.38576698894468,114.645868,73.523,100.0,360.1,275.00390625,1800.0,3635580927000,1786514951265075456,33304,17525,2.0,1.0001832246780396,950.1221313476562,5293
2026-08-12T15:09:11.471,235,unlabeled,0.2,2,14.536736000081873,3.991604000020743,54.69442000003255,1.1708049996741465,74.43032499986657,13.435384032002986,106.31481,74.497,100.0,363.3,275.00390625,1800.0,3635680842000,1786514951364990464,33304,17525,2.0,1.0001832246780396,945.3607788085938,5290
2026-08-12T15:09:11.553,236,unlabeled,0.2,2,2.2600910001528973,3.8067320001573535,50.51866800022253,1.5350300000136485,58.1546119997256,17.195540742404376,88.556534,74.01,100.0,365.2,275.00390625,1800.0,3635780760000,1786514951464908288,33304,17525,2.0,1.0001832246780396,951.260986328125,5286
2026-08-12T15:09:11.645,237,unlabeled,0.2,2,1.969791999727022,6.660012000338611,67.17636400026095,1.1793610001404886,77.01680599984684,12.98417906348893,114.260151,74.01,100.0,357.3,275.00390625,1800.0,3635847372000,1786514951531520256,33304,17525,2.0,1.0001832246780396,955.8009033203125,5284
2026-08-12T15:09:11.735,238,unlabeled,0.2,2,3.1083740000212856,3.992176999872754,65.25377500020113,1.1813230003099306,73.56989200025055,13.592516895316285,103.558861,74.497,100.0,370.3,275.00390625,1800.0,3635947289000,1786514951631437312,33304,17525,2.0,1.0001832246780396,964.6925048828125,5280
2026-08-12T15:09:11.800,239,unlabeled,0.2,2,2.001237000058609,3.8146020001477154,49.995088999821746,1.6903460000321502,57.53469999990557,17.38081540360237,102.462183,74.984,100.0,412.1,275.0078125,1800.0,3636013915000,1786514951698063360,33304,17525,2.0,1.0001832246780396,957.52783203125,5279
2026-08-12T15:09:11.899,240,unlabeled,0.2,2,2.519426000162639,7.689148999816098,71.6941929999848,1.7960499999389867,83.73535500004436,11.942386820948812,134.845305,74.01,100.0,353.4,275.0078125,1800.0,3636080512000,1786514951764660224,33304,17525,2.0,1.0001832246780396,950.5309448242188,5278
2026-08-12T15:09:11.964,241,unlabeled,0.2,2,2.055255999948713,3.248227999847586,50.849502999881224,1.2431939999260067,57.43056900018928,17.412329660127593,100.345913,74.497,100.0,397.9,275.0078125,1800.0,3636180423000,1786514951864571392,33304,17525,2.0,1.0001832246780396,951.684326171875,5277
2026-08-12T15:09:12.060,242,unlabeled,0.2,2,1.9540140001481632,3.9082509997570014,75.36385000003065,1.4817709998169448,82.7400339999258,12.08604772873186,129.223431,74.497,100.0,345.6,275.0078125,1800.0,3636247034000,1786514951931182336,33304,17684,2.0,1.000165581703186,935.783935546875,5276
2026-08-12T15:09:12.141,243,unlabeled,0.2,2,5.332853999789222,3.9753070000188018,51.08544999984588,0.9554700000080629,61.38048799994067,16.291822248154276,110.624272,74.984,96.9,356.6,275.0078125,1800.0,3636346947000,1786514952031095296,33304,17684,2.0,1.000165581703186,939.5377807617188,5274
2026-08-12T15:09:12.223,244,unlabeled,0.2,2,2.969428999676893,3.175115999965783,64.97090400034722,1.1689349998960097,72.3140139998577,13.82857823383954,125.802042,74.497,100.0,378.7,275.0078125,1800.0,3636413555000,1786514952097703424,33304,17842,2.0,1.0002819299697876,957.4393920898438,5272
2026-08-12T15:09:12.291,245,unlabeled,0.2,2,1.959793000423815,3.242541999952664,50.863040999956866,1.3908619998801441,57.48644200002673,17.39540603329625,94.241099,74.497,100.0,395.1,275.0078125,1800.0,3636513475000,1786514952197623296,33304,17652,2.0,1.0009692907333374,983.0294189453125,5270
2026-08-12T15:09:12.386,246,unlabeled,0.2,2,1.990754999951605,3.239265000047453,75.1245530000233,1.6392709999308863,82.02632599977733,12.191207978798351,122.023009,73.523,100.0,346.5,275.01171875,1800.0,3636580081000,1786514952264229376,33304,17430,2.0,1.0010782480239868,982.7901000976562,5268
2026-08-12T15:09:12.470,247,unlabeled,0.2,2,3.655526999864378,8.208800999909727,54.5446789997186,1.3857690000804723,67.83116499991593,14.742485994472297,106.075632,73.523,100.0,349.2,275.01171875,1800.0,3636679997000,1786514952364145408,33304,17271,2.0,1.0000593662261963,964.2645874023438,5266
2026-08-12T15:09:12.553,248,unlabeled,0.2,2,1.905828999952064,4.853351000292605,49.67947600016487,1.2302869999984978,57.70399900029588,17.329821456479515,89.863349,75.471,100.0,379.2,275.01171875,1800.0,3636779915000,1786514952464063232,33304,17271,2.0,1.0000593662261963,960.020751953125,5263
2026-08-12T15:09:12.641,249,unlabeled,0.2,2,1.7538829997647554,3.4459700000297744,66.51563800005533,1.4676040000267676,73.21470499982752,13.658458365738902,110.482815,74.01,100.0,358.1,275.01171875,1800.0,3636846525000,1786514952530673408,33304,17430,2.0,1.0011364221572876,954.5814208984375,5261
2026-08-12T15:09:12.726,250,unlabeled,0.2,2,1.7674389996500395,4.865221000272868,62.4613289996887,1.610493000043789,70.73370499983866,14.13753174674338,96.13691,74.984,100.0,362.4,275.015625,1800.0,3636946438000,1786514952630586368,33304,17430,2.0,1.0011364221572876,947.9155883789062,5259
2026-08-12T15:09:12.791,251,unlabeled,0.2,2,1.7714390000946878,3.240042000015819,50.857929999892804,1.1643419998108584,57.06469699998706,17.523969329062183,94.485195,74.497,100.0,415.0,275.015625,1800.0,3637013047000,1786514952697195264,33304,17430,2.0,1.0011364221572876,957.4317626953125,5259
2026-08-12T15:09:12.891,252,unlabeled,0.2,2,1.759013000082632,3.2219680001617235,80.6337409999287,1.5812900001037633,87.22604900003716,11.464465162231226,127.911996,74.497,100.0,349.8,275.015625,1800.0,3637079657000,1786514952763805440,33304,17430,2.0,1.0011364221572876,963.8621215820312,5259
2026-08-12T15:09:12.958,253,unlabeled,0.2,2,1.8818469998223009,3.166615999816713,50.33431499987273,1.3747139996667102,56.787342999996326,17.60955781995408,95.027073,74.497,100.0,388.4,275.015625,1800.0,3637179572000,1786514952863720448,33304,17430,2.0,1.0011364221572876,979.9550170898438,5258
2026-08-12T15:09:13.055,254,unlabeled,0.2,2,4.5818120001968055,3.3379129999957513,75.05479300016304,1.6010860003916605,84.60495600002105,11.819638556395576,125.124675,73.523,100.0,359.9,275.01953125,1800.0,3637246183000,1786514952930331392,33304,17271,2.0,1.001198649406433,977.0210571289062,5258
2026-08-12T15:09:13.137,255,unlabeled,0.2,2,4.414087999975891,3.482099000393646,55.869336999876396,1.6762340001150733,65.4741670000476,15.273199275666585,107.333883,74.01,100.0,343.1,275.01953125,1800.0,3637346117000,1786514953030265344,33304,17271,2.0,1.001198649406433,954.3898315429688,5259
2026-08-12T15:09:13.223,256,unlabeled,0.2,2,3.7080640004205634,7.518444000197633,57.04477199969915,1.1802680000982946,69.48795599964797,14.390983093603532,92.935718,73.523,94.1,374.2,275.0234375,1800.0,3637446027000,1786514953130175232,33304,17430,2.0,1.0006484985351562,952.1439208984375,5260
2026-08-12T15:09:13.311,257,unlabeled,0.2,2,1.833662000080949,3.602044999752252,68.89532300010615,1.458011000067927,75.82729899968399,13.187862592918778,114.872533,74.984,100.0,360.8,275.0234375,1800.0,3637512623000,1786514953196771328,33304,17430,2.0,1.0006484985351562,941.9384155273438,5261
2026-08-12T15:09:13.376,258,unlabeled,0.2,2,1.7095500002142217,3.2008200000746,50.36242600044716,1.2442869997357775,56.551082999703794,17.68312730642555,79.982919,75.471,100.0,385.5,275.0234375,1800.0,3637612540000,1786514953296688384,33304,17430,2.0,1.0006484985351562,940.1692504882812,5262
2026-08-12T15:09:13.470,259,unlabeled,0.2,2,1.9373660002202087,3.23520899974028,73.25398400007543,1.1906939998880262,79.64756799992756,12.555311167830128,106.778687,74.984,100.0,331.9,275.0234375,1800.0,3637679150000,1786514953363298304,33304,17620,2.0,1.0014894008636475,949.112060546875,5261
2026-08-12T15:09:13.554,260,unlabeled,0.2,2,3.7312500003281457,3.5362300000088,58.7098020000667,0.9639329996389279,66.97267900017323,14.931461827850928,91.13421,75.471,100.0,367.8,275.0234375,1800.0,3637779068000,1786514953463216384,33304,17620,2.0,1.0014894008636475,958.5220947265625,5260
2026-08-12T15:09:13.619,261,unlabeled,0.2,2,2.0189409997328767,3.166170999975293,50.95511599984093,1.1934529998143262,57.3649220000334,17.43225590020706,89.763426,74.497,100.0,413.6,275.02734375,1800.0,3637845680000,1786514953529828352,33304,17620,2.0,1.0014894008636475,969.267333984375,5260
2026-08-12T15:09:13.714,262,unlabeled,0.2,2,1.974014000097668,6.159713000215561,68.96399000015663,1.1886019997291442,78.31728100018154,12.768574026435903,117.628992,74.497,100.0,338.7,275.02734375,1800.0,3637912285000,1786514953596433408,33304,17430,2.0,1.0007611513137817,975.0374755859375,5259
2026-08-12T15:09:13.795,263,unlabeled,0.2,2,5.664745000103721,4.065641000124742,52.39429299990661,1.172194000446325,63.338670000121056,15.788143325366459,99.218305,74.984,100.0,367.2,275.02734375,1800.0,3638012203000,1786514953696351232,33304,17430,2.0,1.0007611513137817,963.5822143554688,5261
2026-08-12T15:09:13.884,264,unlabeled,0.2,2,1.9590140000218526,9.095677999994223,63.747599000180344,0.9762109998519009,75.81002100005207,13.1908682626445,121.670995,75.471,100.0,371.7,275.02734375,1800.0,3638078812000,1786514953762960384,33304,17430,2.0,1.0007611513137817,957.7234497070312,5263
2026-08-12T15:09:13.962,265,unlabeled,0.2,2,2.087940999899729,5.7557830000405374,54.02212099988901,1.179286000024149,63.079704999836395,15.85295936311994,99.65909,74.497,100.0,358.6,275.02734375,1800.0,3638178725000,1786514953862873344,33304,17430,2.0,1.0007611513137817,949.292724609375,5266
2026-08-12T15:09:14.050,266,unlabeled,0.2,2,1.9654029997582256,10.244611999951303,61.254563000147755,0.9380999999848427,74.44153100004769,13.433361546518427,120.635218,74.01,100.0,377.2,275.02734375,1800.0,3638245336000,1786514953929484288,33304,17430,2.0,1.0007611513137817,953.96875,5267
2026-08-12T15:09:14.131,267,unlabeled,0.2,2,5.692670999906113,3.744176000054722,53.908526999748574,0.9597850003046915,64.34065999974337,15.542271403557077,102.397653,74.01,97.1,355.2,275.02734375,1800.0,3638345253000,1786514954029401344,33304,17430,2.0,1.0007611513137817,969.0555419921875,5269
2026-08-12T15:09:14.210,268,unlabeled,0.2,2,1.986218000183726,3.568989000086731,63.08935500010193,1.1780830000134301,69.85221900004035,14.315937479372307,114.861086,74.497,100.0,364.1,275.03125,1800.0,3638411868000,1786514954096016384,33304,17430,2.0,1.0007611513137817,996.019775390625,5270
2026-08-12T15:09:14.280,269,unlabeled,0.2,2,1.9393300003685,3.3225239999410405,50.30090799982645,1.471270000365621,57.06855099970198,17.52278588613932,84.980424,75.471,100.0,401.7,275.03125,1800.0,3638511777000,1786514954195925248,33304,16985,2.0,1.0017049312591553,1006.4686279296875,5272
2026-08-12T15:09:14.385,270,unlabeled,0.2,2,1.928365999901871,3.2420060001641104,81.9760489998771,1.428215000032651,88.60585699994772,11.285935646450438,122.965297,74.984,100.0,345.2,275.03125,1800.0,3638578387000,1786514954262535424,33304,16985,2.0,1.0017049312591553,997.3086547851562,5273
2026-08-12T15:09:14.451,271,unlabeled,0.2,2,1.9044030000259227,3.2965430000331253,51.125970000157395,1.1714169995684642,57.52664700003152,17.383248496987008,88.559773,74.01,100.0,396.9,275.03125,1800.0,3638678302000,1786514954362450432,33304,16826,2.0,1.0017428398132324,980.8134765625,5276
2026-08-12T15:09:14.546,272,unlabeled,0.2,2,1.9370510003682284,6.0033770000700315,70.62922499972046,0.9930260002875002,79.6030139999857,12.562338405932463,117.232661,74.984,100.0,346.3,275.03515625,1800.0,3638744913000,1786514954429061376,33304,16826,2.0,1.0017428398132324,972.814208984375,5279
2026-08-12T15:09:14.631,273,unlabeled,0.2,2,6.611159999920346,3.5204149999117362,53.145078000397916,1.1661190001177602,64.47312400041483,15.510338850550594,102.814464,73.523,100.0,373.9,275.03515625,1800.0,3638844829000,1786514954528977408,33304,17112,2.0,1.000248908996582,952.313232421875,5283
2026-08-12T15:09:14.710,274,unlabeled,0.2,2,2.1426639996207086,6.649863999882655,60.12379499998133,1.1738979997062415,70.12568400023156,14.260110461050163,114.930738,74.497,100.0,365.0,275.03515625,1800.0,3638911442000,1786514954595590400,33304,17271,2.0,1.000726580619812,955.2852783203125,5285
2026-08-12T15:09:14.780,275,unlabeled,0.2,2,1.9329400001879549,3.333672000280785,50.1359070003673,1.1842679996334482,56.62313999982871,17.660624260735542,84.534419,74.497,100.0,388.9,275.0390625,1800.0,3639011371000,1786514954695519232,33304,17271,2.0,1.000726580619812,978.4661254882812,5285
2026-08-12T15:09:14.871,276,unlabeled,0.2,2,2.0008659998893563,3.3676729999569943,70.03542499978721,1.7432159997952112,77.17871799968634,12.956939761607131,108.990445,74.984,100.0,354.1,275.0390625,1800.0,3639077966000,1786514954762114304,33304,17271,2.0,1.000726580619812,994.5481567382812,5285
2026-08-12T15:09:14.953,277,unlabeled,0.2,2,7.548574999873381,3.468322000117041,50.777966999703494,1.7203829997924913,63.553154000146606,15.734860302884309,91.381278,75.471,100.0,364.2,275.04296875,1800.0,3639177879000,1786514954862027264,33304,17049,2.0,1.0001294612884521,1031.7679443359375,5285
2026-08-12T15:09:15.042,278,unlabeled,0.2,2,1.767143000051874,4.677256999912061,68.10967000001256,1.3952700001027551,75.98645000007309,13.160241069283249,113.522132,74.497,100.0,360.9,275.04296875,1800.0,3639244491000,1786514954928639232,33304,16826,2.0,1.0015684366226196,1014.1372680664062,5285
2026-08-12T15:09:15.120,279,unlabeled,0.2,2,3.6429530000532395,3.615953000007721,56.18484200022067,1.490734000071825,64.96920200015666,15.391908307532987,91.97524,74.984,100.0,357.3,275.04296875,1800.0,3639344406000,1786514955028554240,33304,16572,2.0,1.0013004541397095,988.3224487304688,5287
2026-08-12T15:09:15.188,280,unlabeled,0.2,2,5.4850960000294435,3.3034869998118666,50.24122300028466,1.4645849996668403,60.53087300006155,16.52049525205069,93.631577,75.471,96.4,395.4,275.04296875,1800.0,3639411037000,1786514955095185408,33304,16572,2.0,1.0013004541397095,992.2927856445312,5290
2026-08-12T15:09:15.287,281,unlabeled,0.2,2,1.811235999866767,3.5104699995827104,79.48662399985551,1.2212309998176352,86.06002500027898,11.619796763907033,125.787403,74.984,100.0,354.3,275.04296875,1800.0,3639477625000,1786514955161773312,33304,16731,2.0,1.0012840032577515,980.8211669921875,5292
2026-08-12T15:09:15.356,282,unlabeled,0.2,3,1.7746059997989505,3.4244329999637557,52.184163000219996,1.5049370003907825,58.91858399991179,16.972573543204927,95.175685,74.984,100.0,389.7,275.046875,1800.0,3639577540000,1786514955261688320,33304,16731,2.0,1.0012840032577515,974.6264038085938,5295
2026-08-12T15:09:15.456,283,unlabeled,0.2,2,4.151511999680224,6.370824999976321,73.85380599998825,1.6858459998729813,87.2324040001331,11.463629960243606,128.557883,74.984,97.6,340.2,275.046875,1800.0,3639644149000,1786514955328297472,33304,16985,2.0,1.0002377033233643,984.3069458007812,5297
2026-08-12T15:09:15.537,284,unlabeled,0.2,2,2.7437610001470603,8.399432999794954,53.8011749999896,1.3909920003243315,66.3675829996464,15.067597082830753,109.591872,74.497,100.0,370.6,275.046875,1800.0,3639744065000,1786514955428213248,33304,16985,2.0,1.0002377033233643,998.4412841796875,5299
2026-08-12T15:09:15.617,285,unlabeled,0.2,2,2.855761999853712,4.9250369997935195,56.39367599997058,1.461676999952033,65.66544899988003,15.228708784155684,88.891076,74.497,100.0,353.5,275.046875,1800.0,3639843984000,1786514955528132352,33304,16826,2.0,1.0004076957702637,1002.7113647460938,5300
2026-08-12T15:09:15.686,286,unlabeled,0.2,2,5.99326600013228,3.3314510001218878,50.3746129998035,1.1713979997693968,60.90143099982015,16.41997541901689,92.088862,75.471,100.0,372.4,275.046875,1800.0,3639910593000,1786514955594741248,33304,16826,2.0,1.0004076957702637,996.5514526367188,5301
2026-08-12T15:09:15.781,287,unlabeled,0.2,2,1.8319770001653524,3.565525999874808,75.10551799987297,1.3295279995872988,81.86825300026612,12.214747027724524,120.045465,75.471,100.0,370.0,275.046875,1800.0,3639977202000,1786514955661350400,33304,16826,2.0,1.0004076957702637,979.2352905273438,5303
2026-08-12T15:09:15.868,288,unlabeled,0.2,2,2.157404999707069,3.638877999946999,49.92218400002457,1.0118959999090293,56.76158599999326,17.61754860056445,107.201434,75.958,100.0,367.7,275.046875,1800.0,3640077117000,1786514955761265408,33304,16826,2.0,1.0004076957702637,972.29638671875,5304
2026-08-12T15:09:15.957,289,unlabeled,0.2,2,2.5168150000354217,9.543199999825447,61.76462300027197,1.3978990000396152,75.26203799989162,13.286910992251366,129.840237,75.471,100.0,358.6,275.05078125,1800.0,3640143729000,1786514955827877376,33304,16826,2.0,1.0004076957702637,980.9883422851562,5305
2026-08-12T15:09:16.045,290,unlabeled,0.2,2,1.8874590000450553,3.4150439996665227,50.57378199990126,1.725883000290196,57.63342599993848,17.35104208451997,84.463603,74.984,100.0,375.7,275.05078125,1800.0,3640276946000,1786514955961094400,33304,16826,2.0,1.0004076957702637,995.2717895507812,5307
2026-08-12T15:09:16.135,291,unlabeled,0.2,2,1.8141250002372544,7.638370999757171,65.28505699998277,1.1785649999183079,75.9510070001852,13.166382375911903,107.337713,74.497,100.0,368.6,275.05078125,1800.0,3640343560000,1786514956027708416,33304,16826,2.0,1.0004076957702637,987.7610473632812,5308
2026-08-12T15:09:16.217,292,unlabeled,0.2,2,7.31547999976101,3.388081000139209,50.3054460000385,1.1858610000672343,62.22547900006248,16.070587419648405,90.239199,75.958,97.1,362.1,275.05078125,1800.0,3640443473000,1786514956127621376,33304,16826,2.0,1.0004076957702637,978.1121826171875,5309
2026-08-12T15:09:16.299,293,unlabeled,0.2,2,2.0192189999761467,3.817954000169266,64.45610699984172,0.9868970000752597,71.31673200001387,14.021954903932018,105.051588,75.471,97.0,355.8,275.0546875,1800.0,3640510086000,1786514956194234368,33304,16826,2.0,1.0004076957702637,972.609130859375,5309
2026-08-12T15:09:16.368,294,unlabeled,0.2,2,2.0449969997571316,4.85348000029262,50.44141100006527,1.254880000033154,58.62535999995089,17.057464551191458,107.963967,74.984,100.0,389.2,275.0546875,1800.0,3640576692000,1786514956260840448,33304,16826,2.0,1.0004076957702637,964.7074584960938,5310
2026-08-12T15:09:16.462,295,unlabeled,0.2,2,1.8645689997356385,7.43179599976429,68.61369299986109,0.959748000241234,78.90589899989209,12.67332370170914,134.827511,75.471,100.0,342.3,275.0546875,1800.0,3640643303000,1786514956327451392,33304,16826,2.0,1.0004076957702637,967.7001953125,5310
2026-08-12T15:09:16.543,296,unlabeled,0.2,2,3.7606760001835937,6.393177000063588,56.256120999933046,1.7271790002268972,68.18463399986285,14.666060977932526,115.851134,74.984,100.0,358.1,275.0546875,1800.0,3640743219000,1786514956427367424,33304,16985,2.0,1.0008376836776733,972.019287109375,5309
2026-08-12T15:09:16.616,297,unlabeled,0.2,2,1.96194000000105,3.606397000112338,51.026877999902354,1.2478799999371404,57.87437300023157,17.278804903787012,89.156502,75.471,100.0,396.3,275.2734375,1800.0,3640843134000,1786514956527282432,33304,16985,2.0,1.0008376836776733,975.7280883789062,5309
2026-08-12T15:09:16.707,298,unlabeled,0.2,2,2.0406820003699977,7.920113999716705,66.70321599995077,1.6589380002187681,78.36324699974284,12.76108428742471,113.231224,75.471,100.0,341.8,275.28125,1800.0,3640909746000,1786514956593894400,33304,16985,2.0,1.0008376836776733,978.691162109375,5308
2026-08-12T15:09:16.787,299,unlabeled,0.2,2,1.9528299999365117,3.5971190000054776,53.48741399984647,0.746765000258165,59.822627999892575,16.716082750523693,93.602087,74.497,100.0,373.0,275.28125,1800.0,3641009664000,1786514956693812224,33304,16985,2.0,1.0008376836776733,973.4172973632812,5307
2026-08-12T15:09:16.872,300,unlabeled,0.2,2,1.9224040001972753,3.268488000230718,65.9251359998052,1.4716040000166686,72.61894500015842,13.770511262561284,112.431139,75.471,97.0,351.8,275.28125,1800.0,3641076270000,1786514956760418304,33304,16985,2.0,1.0008376836776733,970.7865600585938,5306
2026-08-12T15:09:16.956,301,unlabeled,0.2,2,7.083181999860244,4.130474999783473,50.704652999684185,1.007766999919113,62.965354999960255,15.881749574835737,96.056435,74.984,100.0,370.9,275.28125,1800.0,3641176185000,1786514956860333312,33304,16985,2.0,1.0008376836776733,973.8108520507812,5305
2026-08-12T15:09:17.046,302,unlabeled,0.2,2,1.9716629999493307,4.029251999781991,68.24835699990217,1.7370310001751932,76.02911899994069,13.152855289573724,119.608363,75.958,100.0,354.2,275.28125,1800.0,3641242796000,1786514956926944256,33304,16985,2.0,1.0008376836776733,972.7326049804688,5305
2026-08-12T15:09:17.112,303,unlabeled,0.2,2,2.0751449997078453,3.3349320001434535,50.445189000129176,1.3006399999540008,57.194498000171734,17.484199266807053,86.047126,75.471,100.0,408.1,275.28125,1800.0,3641342727000,1786514957026875392,33304,16985,2.0,1.0008376836776733,968.5989379882812,5302
2026-08-12T15:09:17.208,304,unlabeled,0.2,2,1.9603290002123686,9.64849799993317,68.03704200001448,0.9925260001182323,80.67352399984884,12.395640483014896,114.667612,74.984,100.0,343.9,275.28515625,1800.0,3641409322000,1786514957093470464,33304,16985,2.0,1.0008376836776733,969.1118774414062,5301
2026-08-12T15:09:17.277,305,unlabeled,0.2,2,1.9655709998005477,3.3188580000569345,50.38222500024858,1.014599999962229,56.73625400004312,17.625414607020762,83.812576,74.984,96.4,394.8,275.28515625,1800.0,3641509237000,1786514957193385216,33304,16985,2.0,1.0008376836776733,967.17822265625,5298
2026-08-12T15:09:17.377,306,unlabeled,0.2,2,2.1084049999444687,10.120279000148003,73.20578400003797,0.8038209998630919,86.27730600028372,11.590533436413876,117.560774,76.445,100.0,348.8,275.28515625,1800.0,3641575847000,1786514957259995392,33304,16985,2.0,1.0008376836776733,968.0194091796875,5297
2026-08-12T15:09:17.461,307,unlabeled,0.2,2,5.570337000335712,3.531507999923633,57.42755600022065,1.1794349998126563,67.74296599996887,14.76168020160882,101.777311,76.445,100.0,368.9,275.2890625,1800.0,3641675763000,1786514957359911424,33304,16985,2.0,1.0008376836776733,972.3109130859375,5293
2026-08-12T15:09:17.544,308,unlabeled,0.2,2,3.044651999971393,9.412569999767584,52.20266400010587,1.2223419998917961,65.91967399981513,15.16997793409604,117.876385,74.984,100.0,374.5,275.2890625,1800.0,3641742371000,1786514957426519296,33304,16985,2.0,1.0008376836776733,974.5427856445312,5291
2026-08-12T15:09:17.634,309,unlabeled,0.2,2,2.0072929996786115,3.4325810001973878,73.00633799968637,0.9591549996912363,79.44073700036824,12.58800003322432,108.428545,75.958,100.0,354.0,275.29296875,1800.0,3641842290000,1786514957526438400,33304,16985,2.0,1.0008376836776733,977.7997436523438,5287
2026-08-12T15:09:17.707,310,unlabeled,0.2,2,1.9419780001044273,3.086578999955236,50.005481999960466,0.9540439996271743,56.01780400002099,17.851467365618714,80.675046,75.471,100.0,401.9,275.296875,1800.0,3641942203000,1786514957626351360,33304,16985,2.0,1.0008376836776733,977.4906005859375,5284
2026-08-12T15:09:17.805,311,unlabeled,0.2,2,1.9694220000019413,11.885718000030465,70.54393099997469,1.173342000129196,85.60683899986543,11.681309714070531,146.190604,76.445,97.5,344.0,275.296875,1800.0,3641975526000,1786514957659674368,33304,16985,2.0,1.0008376836776733,977.629638671875,5283
2026-08-12T15:09:17.873,312,unlabeled,0.2,2,1.949125000010099,3.1628009996893525,49.40142199984621,0.9601739998288394,55.502985999737575,18.017048668421697,80.804176,75.958,100.0,398.1,275.296875,1800.0,3642108730000,1786514957792878336,33304,16985,2.0,1.0008376836776733,976.7974853515625,5280
2026-08-12T15:09:17.970,313,unlabeled,0.2,2,1.7603649998818582,3.4771559999171586,76.15054600000803,0.9599889999662992,82.38361099984104,12.138336592237133,111.121346,76.445,100.0,340.5,275.296875,1800.0,3642175340000,1786514957859488256,33304,16985,2.0,1.0008376836776733,976.3357543945312,5279
2026-08-12T15:09:18.061,314,unlabeled,0.2,2,6.633049999891227,10.843765000117855,53.78025100026207,0.9607669999240898,72.28438899983303,13.834245731845503,102.124629,75.471,100.0,373.9,275.296875,1800.0,3642275254000,1786514957959402240,33304,16985,2.0,1.0008376836776733,975.3025512695312,5277
2026-08-12T15:09:18.145,315,unlabeled,0.2,2,2.2702020000906487,3.380895999725908,57.087331999809976,1.2675829998443078,64.04262400019434,15.614600675902436,85.982238,76.445,100.0,369.8,275.30078125,1800.0,3642375170000,1786514958059318272,33304,16985,2.0,1.0008376836776733,974.5283813476562,5274
2026-08-12T15:09:18.232,316,unlabeled,0.2,2,1.9861810001202684,3.4213409999210853,69.40629400014586,1.521271000001434,76.36691900006554,13.094675195671332,106.645109,76.932,100.0,366.7,275.30078125,1800.0,3642441781000,1786514958125929216,33304,16985,2.0,1.0008376836776733,974.48291015625,5273
2026-08-12T15:09:18.302,317,unlabeled,0.2,2,2.642946000378288,3.9530099998046353,50.978822999695694,1.2331200000517129,58.84119600023041,16.994895888861336,110.229045,75.471,100.0,398.8,275.30078125,1800.0,3642508388000,1786514958192536320,33304,16985,2.0,1.0008376836776733,974.6408081054688,5271
2026-08-12T15:09:18.403,318,unlabeled,0.2,2,2.200332000029448,3.3215250000466767,81.46695699997508,0.9740629998304939,87.99609900006544,11.364140130794393,144.52498,75.958,100.0,336.8,275.30078125,1800.0,3642574999000,1786514958259147264,33304,16985,2.0,1.0008376836776733,973.9334106445312,5270
2026-08-12T15:09:18.472,319,unlabeled,0.2,2,4.1164009999192785,3.3659139999144827,49.82313000027716,1.2433430001692614,58.57756499972311,17.071382192222003,113.307186,76.932,100.0,393.6,275.30078125,1800.0,3642674914000,1786514958359062272,33304,16985,2.0,1.0008376836776733,972.2724609375,5267
2026-08-12T15:09:18.568,320,unlabeled,0.2,2,3.499174000353378,3.8423249998231768,72.92950500004736,1.4334730003611185,81.75843999970311,12.231153138484922,142.402032,76.932,97.4,344.7,275.3046875,1800.0,3642741537000,1786514958425685248,33304,16985,2.0,1.0008376836776733,971.0225830078125,5265
2026-08-12T15:09:18.649,321,unlabeled,0.2,2,2.1935720001238224,3.5091740001007565,54.76988899999924,1.3041769998380914,61.814884999876085,16.177333339728847,90.160263,74.984,100.0,345.8,275.3046875,1800.0,3642874747000,1786514958558895360,33304,17144,2.0,1.0004630088806152,965.9445190429688,5262
2026-08-12T15:09:18.737,322,unlabeled,0.2,2,1.9016440000996226,3.186689999893133,65.75869200014495,0.9650629999669036,71.84236700004476,13.919363208054893,111.863647,75.958,100.0,373.8,275.30859375,1800.0,3642941357000,1786514958625505280,33304,17144,2.0,1.0004630088806152,962.1412353515625,5261
2026-08-12T15:09:18.824,323,unlabeled,0.2,2,1.8363839999437914,3.2093380000333127,66.92821899969204,1.1634900001809,73.25398800003313,13.651133915051119,132.126405,75.958,100.0,379.9,275.30859375,1800.0,3643007965000,1786514958692113408,33304,17144,2.0,1.0004630088806152,962.1873168945312,5257
2026-08-12T15:09:18.889,324,unlabeled,0.2,2,1.876181000170618,3.2051530001808715,50.42424500015841,1.2368419997983437,56.77201500020601,17.614312262764873,97.073336,76.445,100.0,385.4,275.30859375,1800.0,3643107881000,1786514958792029440,33304,17303,2.0,1.0017286539077759,960.032958984375,5252
2026-08-12T15:09:18.978,325,unlabeled,0.2,2,3.9588260001437447,3.7079160001667333,67.81763300023158,1.2303799999244802,76.74616300027992,13.029967374347466,120.031989,75.958,97.4,341.4,275.3125,1800.0,3643174491000,1786514958858639360,33304,17303,2.0,1.0017286539077759,961.87109375,5249
2026-08-12T15:09:19.063,326,unlabeled,0.2,2,10.984784999891417,3.413228999761486,51.220178000221495,1.3771029998679296,67.02703600012683,14.919352841413245,105.01325,75.471,100.0,370.2,275.3125,1800.0,3643274408000,1786514958958556416,33304,17303,2.0,1.0017286539077759,964.5258178710938,5245
2026-08-12T15:09:19.151,327,unlabeled,0.2,2,1.7520870001135336,3.818473000137601,66.86108999974749,1.5888630000517878,74.05442199979007,13.503582540997146,126.36636,75.471,100.0,361.4,275.3125,1800.0,3643341017000,1786514959025165312,33304,17303,2.0,1.0017286539077759,965.732666015625,5241
2026-08-12T15:09:19.233,328,unlabeled,0.2,2,2.523907000067993,6.645235000178218,55.51646799995069,1.214972000070702,65.93695399988064,15.166002360403397,108.587082,77.419,100.0,367.9,275.3125,1800.0,3643440934000,1786514959125082368,33304,17303,2.0,1.0017286539077759,967.1190185546875,5237
2026-08-12T15:09:19.323,329,unlabeled,0.2,2,1.8756250001388253,3.767193999919982,72.75441199999477,1.0007109999605746,79.43194299969036,12.589393665013308,131.659094,75.471,97.3,367.9,275.3125,1800.0,3643507543000,1786514959191691264,33304,17303,2.0,1.0017286539077759,968.4738159179688,5234
2026-08-12T15:09:19.394,330,unlabeled,0.2,2,3.5303409999869473,3.6135830000603164,51.65521799972339,1.1761199998545635,60.01187299989397,16.66336926364166,102.857208,76.445,100.0,380.0,275.3125,1800.0,3643607458000,1786514959291606272,33304,17303,2.0,1.0017286539077759,966.8375854492188,5231
2026-08-12T15:09:19.491,331,unlabeled,0.2,2,1.8311060002815793,7.37077700023292,71.85197899980267,1.1721750001925102,82.26257500018619,12.156196180313303,133.04601,75.471,100.0,350.2,275.3125,1800.0,3643674071000,1786514959358219264,33304,17303,2.0,1.0017286539077759,965.1443481445312,5228
2026-08-12T15:09:19.561,332,unlabeled,0.2,2,1.9401989998186764,3.7425650002660404,51.00845400011167,1.45282599987695,58.17521100016165,17.189452050242178,103.281778,76.445,100.0,386.4,275.3125,1800.0,3643774000000,1786514959458148352,33304,17303,2.0,1.0017286539077759,962.3739624023438,5225
2026-08-12T15:09:19.657,333,unlabeled,0.2,2,1.8356619998485257,5.30444699961663,74.84318599972539,1.1915449999833072,83.26073099988207,12.01046385241821,132.699271,75.471,100.0,339.4,275.3125,1800.0,3643840598000,1786514959524746240,33304,17303,2.0,1.0017286539077759,961.697509765625,5223
2026-08-12T15:09:19.750,334,unlabeled,0.2,2,3.9841039997554617,4.04606700021759,68.19232199995895,1.1744529997486097,77.42996500019217,12.914896706946957,125.84798,75.471,100.0,370.2,275.3125,1800.0,3643940509000,1786514959624657408,33304,17303,2.0,1.0017286539077759,965.8071899414062,5220
2026-08-12T15:09:19.817,335,unlabeled,0.2,2,1.9398300000830204,3.2607650000500144,50.420727000073384,2.0118110001021705,57.67194800000652,17.339452449219973,92.478264,75.958,100.0,389.7,275.31640625,1800.0,3644040424000,1786514959724572416,33304,17303,2.0,1.0017286539077759,973.9461669921875,5217
2026-08-12T15:09:19.912,336,unlabeled,0.2,2,2.047477999894909,7.953615000133141,69.93861299997661,1.757012999860308,81.73599800011289,12.234511408285721,121.530717,76.445,100.0,345.5,275.31640625,1800.0,3644107035000,1786514959791183360,33304,17303,2.0,1.0017286539077759,968.5615844726562,5214
2026-08-12T15:09:20.005,337,unlabeled,0.2,2,3.809232000094198,8.078708000084589,62.9984689999219,1.1767679998229141,76.10199200007628,13.140260507228216,114.437524,77.419,100.0,363.3,275.31640625,1800.0,3644206951000,1786514959891099392,33304,17303,2.0,1.0017286539077759,966.1664428710938,5212
2026-08-12T15:09:20.091,338,unlabeled,0.2,2,3.9598630000909907,8.144320000155858,56.642533000285766,1.3788440001007984,70.15926299982311,14.253285414393837,100.606416,76.445,100.0,375.0,275.31640625,1800.0,3644306866000,1786514959991014400,33304,17303,2.0,1.0017286539077759,956.593505859375,5209
2026-08-12T15:09:20.177,339,unlabeled,0.2,2,3.623267999955715,7.295017000160442,50.597136999840586,0.9770070000740816,62.52446600001349,15.99373915484195,120.000693,76.445,97.0,348.8,275.31640625,1800.0,3644373476000,1786514960057624320,33304,17303,2.0,1.0017286539077759,956.7860107421875,5206
2026-08-12T15:09:20.271,340,unlabeled,0.2,2,10.2536509998572,3.9576220001436013,64.61096300017743,1.0144889997718565,79.86763200005953,12.520716777971515,113.982176,75.471,97.4,362.0,275.31640625,1800.0,3644473392000,1786514960157540352,33304,17303,2.0,1.0017286539077759,955.7327880859375,5203
2026-08-12T15:09:20.366,341,unlabeled,0.2,2,17.013849000250048,4.746683000121266,55.51813600004607,1.057489000231726,78.37156499999764,12.759729884174574,108.681521,76.932,100.0,370.1,275.3203125,1800.0,3644573307000,1786514960257455360,33304,17303,2.0,1.0017286539077759,954.2457885742188,5200
2026-08-12T15:09:20.454,342,unlabeled,0.2,3,2.9714669999520993,11.407955999857222,58.01011799985645,1.1731569998119085,73.59899300035977,13.587142421841447,96.840725,76.932,100.0,352.1,275.3203125,1800.0,3644673222000,1786514960357370368,33304,17303,2.0,1.0017286539077759,946.439697265625,5199
2026-08-12T15:09:20.518,343,unlabeled,0.2,3,1.78856899992752,3.0847459997858095,49.83250100031,1.6013270001167257,56.33760499995333,17.750133325703647,94.77344,76.932,100.0,402.9,275.3203125,1800.0,3644739831000,1786514960423979264,33304,17303,2.0,1.0017286539077759,940.0505981445312,5199
2026-08-12T15:09:20.621,344,unlabeled,0.2,3,1.7748090003806283,3.2766730000730604,81.28186500016454,1.614863999748195,87.97834100005275,11.366433927179877,131.337204,76.445,100.0,348.9,275.3203125,1800.0,3644806443000,1786514960490591232,33304,17303,2.0,1.0017286539077759,932.1751708984375,5199
2026-08-12T15:09:20.690,345,unlabeled,0.2,3,1.7931429997588566,3.1422639999618696,51.47308799996608,1.3804919999529375,57.82098600002428,17.294758688473078,100.028948,76.445,100.0,393.6,275.3203125,1800.0,3644906358000,1786514960590506240,33304,17652,2.0,1.0010403394699097,932.8968505859375,5199
2026-08-12T15:09:20.790,346,unlabeled,0.2,3,1.8772359999275068,5.908933000227989,77.64026400036528,1.6344749997188046,87.11657499998182,11.478871844998597,133.534894,76.932,100.0,349.6,275.328125,1800.0,3644972967000,1786514960657115392,33304,17652,2.0,1.0010403394699097,939.1369018554688,5198
2026-08-12T15:09:20.861,347,unlabeled,0.2,2,5.205965000186552,3.6938049997843336,50.648858999920776,1.1799160001828568,60.7613039996977,16.457842971983865,104.545528,76.445,96.6,380.6,275.328125,1800.0,3645072885000,1786514960757033472,33304,17811,2.0,1.0015746355056763,947.0731201171875,5194
2026-08-12T15:09:20.956,348,unlabeled,0.2,2,1.813328000025649,5.482855000082054,73.31347199988159,1.228675999755069,81.90138800000568,12.209805284373576,132.5858,76.445,100.0,348.5,275.328125,1800.0,3645139494000,1786514960823642368,33304,17811,2.0,1.0015746355056763,946.429931640625,5192
2026-08-12T15:09:21.042,349,unlabeled,0.2,2,1.8729220000750502,10.479726000085066,52.921340000011696,1.4255840001169418,66.73783199994432,14.984004874489095,119.420019,76.445,100.0,377.6,275.328125,1800.0,3645239408000,1786514960923556352,33304,17811,2.0,1.0015746355056763,947.3397827148438,5189
2026-08-12T15:09:21.124,350,unlabeled,0.2,2,1.8042910000986012,3.3667469997453736,65.24965399967186,1.0203410001849988,71.47677400007524,13.990558667336433,100.870107,75.471,100.0,359.6,275.328125,1800.0,3645339325000,1786514961023473408,33304,17811,2.0,1.0015746355056763,945.8206176757812,5188
2026-08-12T15:09:21.192,351,unlabeled,0.2,1,1.7715690000841278,3.2901729996410722,51.183716000196,0.9595450001143035,57.23737199969037,17.471102621647436,102.044029,75.471,100.0,398.1,275.328125,1800.0,3645405938000,1786514961090086400,33304,17811,2.0,1.0015746355056763,944.0729370117188,5187
2026-08-12T15:09:21.284,352,unlabeled,0.2,1,1.9561630001589947,3.416266999920481,74.37218499990195,0.5706529996132303,80.35141500022291,12.445331547642636,127.706764,76.932,100.0,346.9,275.328125,1800.0,3645472557000,1786514961156705280,33304,17811,2.0,1.0015746355056763,938.2457885742188,5186
2026-08-12T15:09:21.373,353,unlabeled,0.2,1,4.0069000001494715,12.077109000074415,56.65262699994855,1.5424190000885574,74.31909199976872,13.4554927017019,116.407412,76.445,100.0,361.1,275.33203125,1800.0,3645572460000,1786514961256608256,33304,18001,2.0,1.0001338720321655,923.6671142578125,5185
2026-08-12T15:09:21.457,354,unlabeled,0.2,1,9.973926999919058,3.8004730004104204,53.66156799982491,0.9600620001037896,68.42753000000812,14.614001119138472,100.677477,76.445,100.0,368.3,275.33203125,1800.0,3645672375000,1786514961356523264,33304,18446,2.0,1.000314712524414,910.6160888671875,5182
2026-08-12T15:09:21.539,355,unlabeled,0.2,1,2.009589999943273,3.362154999649647,67.19124300025214,0.747968999803561,73.34719600021344,13.633786354928823,116.546429,76.932,100.0,363.6,275.33203125,1800.0,3645738989000,1786514961423137280,33304,18604,2.0,1.0012258291244507,913.2867431640625,5179
2026-08-12T15:09:21.609,356,unlabeled,0.2,1,1.9464770002741716,3.4721189999800117,50.70304499986378,1.6774939999777416,57.83631999975114,17.29017337210083,86.288318,76.445,100.0,402.2,275.33203125,1800.0,3645838900000,1786514961523048448,33304,18827,2.0,1.0005826950073242,920.8367309570312,5176
2026-08-12T15:09:21.710,357,unlabeled,0.2,1,2.0314789999247296,8.642397999665263,76.76201799995397,0.7325980000132404,88.20658500007994,11.337022060190787,153.793088,76.445,100.0,335.3,275.3359375,1800.0,3645872215000,1786514961556363264,33304,18827,2.0,1.0005826950073242,926.5706176757812,5175
2026-08-12T15:09:21.776,358,unlabeled,0.2,1,1.9773489998442528,3.245208999942406,49.81150100002196,0.9758589999364631,56.038382000224374,17.844912081794153,87.27997,75.958,96.4,417.9,275.33984375,1800.0,3646005429000,1786514961689577472,33304,18827,2.0,1.0005826950073242,931.4892578125,5174
2026-08-12T15:09:21.872,359,unlabeled,0.2,1,1.7771610000636429,3.162467999572982,76.3130700001966,1.5451780000148574,82.82871100027478,12.073108321058896,116.744416,76.445,100.0,336.1,275.33984375,1800.0,3646072039000,1786514961756187392,33304,18827,2.0,1.0005826950073242,924.785400390625,5176
2026-08-12T15:09:21.960,360,unlabeled,0.2,1,3.933917999802361,12.050794000060705,54.19771900005799,1.0240080000585294,71.24669799986805,14.03573818960497,104.508888,77.419,100.0,364.9,275.33984375,1800.0,3646171952000,1786514961856100352,33304,18827,2.0,1.0005826950073242,917.8655395507812,5178
2026-08-12T15:09:22.046,361,unlabeled,0.2,1,7.661780000034923,3.5531379999156343,52.450854999733565,0.7339679996221093,64.42751899976429,15.521317839410495,123.504409,77.419,97.1,362.2,275.33984375,1800.0,3646238561000,1786514961922709248,33304,18827,2.0,1.0005826950073242,916.75390625,5179
2026-08-12T15:09:22.120,362,unlabeled,0.2,1,2.0391630000631267,3.4053029999085993,58.717845999581186,1.3732329998674686,65.57363799993254,15.250030812702946,98.197487,76.932,100.0,371.1,275.33984375,1800.0,3646338481000,1786514962022629376,33304,18827,2.0,1.0005826950073242,911.0296630859375,5175
2026-08-12T15:09:22.189,363,unlabeled,0.2,1,1.9064960001742293,3.4012850001090555,51.27949500001705,0.9317109997937223,57.54878200013991,17.376562374466396,100.360996,77.419,100.0,397.5,275.34375,1800.0,3646405087000,1786514962089235456,33304,18827,2.0,1.0005826950073242,914.8062744140625,5171
2026-08-12T15:09:22.277,364,unlabeled,0.2,1,1.8855880002774938,3.579230000013922,70.3764710001451,0.7288019996849471,76.59959099964908,13.054899992933137,121.970501,76.445,100.0,339.8,275.34375,1800.0,3646471702000,1786514962155850240,33304,18827,2.0,1.0005826950073242,916.9209594726562,5168
2026-08-12T15:09:22.359,365,unlabeled,0.2,1,4.189494000002014,4.270699000244349,52.49635500013028,0.7403569998132298,61.729980999643885,16.199583797146623,103.387144,76.932,100.0,368.7,275.34375,1800.0,3646571616000,1786514962255764224,33304,18827,2.0,1.0005826950073242,918.588623046875,5163
2026-08-12T15:09:22.447,366,unlabeled,0.2,1,1.7812539999795263,5.480875000102969,67.70932199970048,1.3431580000542453,76.38303400017321,13.091912531226926,125.425078,76.445,100.0,360.4,275.34765625,1800.0,3646638222000,1786514962322370304,33304,18827,2.0,1.0005826950073242,913.869384765625,5161
2026-08-12T15:09:22.527,367,unlabeled,0.2,1,5.812358000184759,4.688830999839411,51.86009099998046,0.7363569998233288,63.12997199984238,15.840336504544888,105.069771,75.958,100.0,364.8,275.34765625,1800.0,3646738138000,1786514962422286336,33304,18827,2.0,1.0005826950073242,906.9745483398438,5159
2026-08-12T15:09:22.611,368,unlabeled,0.2,1,2.3224060000757163,3.324877000068227,68.91218200007643,1.1616010001489485,75.75065900027766,13.201205285835659,122.691901,76.932,100.0,365.0,275.34765625,1800.0,3646804749000,1786514962488897280,33304,18827,2.0,1.0005826950073242,905.6617431640625,5158
2026-08-12T15:09:22.682,369,unlabeled,0.2,1,1.949865999904432,6.807662000028358,50.39509900007033,0.7665610000913148,59.94820700016135,16.681066040846034,93.788684,77.419,100.0,370.6,275.3515625,1800.0,3646904664000,1786514962588812288,33304,18985,2.0,1.0013507604599,897.0431518554688,5157
2026-08-12T15:09:22.782,370,unlabeled,0.2,2,2.8444849999686994,5.951952000032179,68.89907100003256,1.164712999980111,78.89097899987974,12.675720502866676,126.692188,76.445,97.5,351.7,275.3515625,1800.0,3646971275000,1786514962655423232,33304,18985,2.0,1.0013507604599,893.15869140625,5156
2026-08-12T15:09:22.848,371,unlabeled,0.2,1,3.6823790001108136,3.4551370004010096,49.82274299982237,0.9497290002400405,57.943600000271545,17.258161384437862,92.703328,76.932,100.0,394.1,275.3515625,1800.0,3647071192000,1786514962755340288,33304,19176,2.0,1.00117027759552,892.7966918945312,5154
2026-08-12T15:09:22.945,372,unlabeled,0.2,1,1.9712739999704354,3.1702460000815336,79.27090800012593,0.9612110002308327,85.40267600028528,11.709234965853524,124.039081,76.932,100.0,347.3,275.3515625,1800.0,3647137800000,1786514962821948416,33304,19366,2.0,1.000450849533081,897.7575073242188,5152
2026-08-12T15:09:23.031,373,unlabeled,0.2,1,10.031741000148031,6.056914999589935,51.03436400031569,0.7380430001830973,67.8892480000286,14.72987298370986,109.520027,75.958,100.0,374.5,275.3515625,1800.0,3647237715000,1786514962921863424,33304,19366,2.0,1.000450849533081,900.8511962890625,5151
2026-08-12T15:09:23.115,374,unlabeled,0.2,1,1.8726429998423555,6.709938999847509,61.50490500021988,0.5362449996937357,70.67158500012738,14.149958572433285,126.849032,77.419,100.0,369.2,275.3515625,1800.0,3647304325000,1786514962988473344,33304,19366,2.0,1.000450849533081,899.8489379882812,5150
2026-08-12T15:09:23.196,375,unlabeled,0.2,1,1.878457999737293,3.2977660002870834,60.10037600026408,0.7552280003437772,66.09418100015318,15.129924977778034,108.554865,77.419,100.0,355.7,275.3515625,1800.0,3647404242000,1786514963088390400,33304,19366,2.0,1.000450849533081,878.2841186523438,5151
2026-08-12T15:09:23.282,376,unlabeled,0.2,1,2.1212750002632674,3.169097999943915,70.53223200000502,0.8064690000537666,76.66007399984665,13.044599983062897,127.861107,76.445,100.0,360.5,275.3515625,1800.0,3647470852000,1786514963155000320,33304,19652,2.0,1.0010050535202026,869.9030151367188,5151
2026-08-12T15:09:23.351,377,unlabeled,0.2,1,1.9705139998222876,3.42976699994324,51.520922999770846,1.2516760002654337,58.20584399998552,17.180405458947536,96.941253,77.419,100.0,406.0,275.3515625,1800.0,3647570769000,1786514963254917376,33304,20192,2.0,1.0007479190826416,870.5039672851562,5152
2026-08-12T15:09:23.447,378,unlabeled,0.2,1,1.98531100022592,3.4714700000222365,77.13154100019892,0.967822000347951,83.59155200014357,11.962931373714445,126.278049,75.958,100.0,333.4,275.3515625,1800.0,3647637376000,1786514963321524224,33304,20192,2.0,1.0007479190826416,872.3971557617188,5152
2026-08-12T15:09:23.532,379,unlabeled,0.2,1,10.666968999885285,4.5406449999063625,50.84580699985963,0.8158400000866095,66.90250200017545,14.94712410004304,111.409519,77.419,97.1,364.9,275.3515625,1800.0,3647737293000,1786514963421441280,33304,20192,2.0,1.0007479190826416,864.4035034179688,5151
2026-08-12T15:09:23.618,380,unlabeled,0.2,1,1.7339020000690653,4.845184999794583,65.66612200003874,0.741986999855726,73.01686199980395,13.69546667183102,130.169587,76.932,100.0,363.0,275.3515625,1800.0,3647803907000,1786514963488055296,33304,20382,2.0,1.0007582902908325,861.5797119140625,5151
2026-08-12T15:09:23.699,381,unlabeled,0.2,1,2.374665999923309,3.344190999996499,60.773659000005864,0.7358389998444181,67.25846599965735,14.868016763943064,111.656381,76.932,100.0,368.3,275.35546875,1800.0,3647903818000,1786514963587966464,33304,20573,2.0,1.0006784200668335,858.6692504882812,5151
2026-08-12T15:09:23.764,382,unlabeled,0.2,1,2.1800350000376056,4.106179000245902,49.85854000005929,0.8075979999375704,56.98153799994543,17.549543854027906,109.931367,76.932,100.0,401.2,275.35546875,1800.0,3647970429000,1786514963654577408,33304,20795,2.0,1.000504493713379,860.3912963867188,5150
2026-08-12T15:09:23.867,383,unlabeled,0.2,1,2.3143869998420996,14.862167000046611,69.52222400013852,0.9551729999657255,87.69191600003978,11.40355970782468,146.699819,77.419,100.0,357.7,275.35546875,1800.0,3648037038000,1786514963721186304,33304,20795,2.0,1.000504493713379,861.523681640625,5148
2026-08-12T15:09:23.950,384,unlabeled,0.2,0,10.099557000103232,3.7038240002402745,51.401199999872915,0.23957599978530197,65.47498999998425,15.27300729637745,95.772988,77.906,100.0,352.5,275.35546875,1800.0,3648170258000,1786514963854406400,33304,20795,2.0,1.000504493713379,848.11572265625,5144
2026-08-12T15:09:24.035,385,unlabeled,0.2,1,1.768420999724185,4.540720000022702,65.91440199963472,0.9548769999128126,73.21262300001763,13.65884678110439,114.343701,76.445,100.0,375.2,275.35546875,1800.0,3648236869000,1786514963921017344,33304,21303,2.0,1.0011663436889648,851.5458984375,5143
2026-08-12T15:09:24.117,386,unlabeled,0.2,0,2.0434230000319076,3.952418999688234,52.22570700016149,0.2402239997536526,58.498753999629116,17.09438118983423,96.202529,77.419,100.0,355.1,275.359375,1800.0,3648336784000,1786514964020932352,33304,21303,2.0,1.0011663436889648,838.1680908203125,5139
2026-08-12T15:09:24.198,387,unlabeled,0.2,1,1.7337909998786927,3.083633999722224,66.74481599975479,0.7728770001449448,72.36693200002264,13.818466146936935,110.835805,78.393,100.0,357.0,275.36328125,1800.0,3648403395000,1786514964087543296,33304,21525,2.0,1.0002604722976685,828.43359375,5137
