frame,label,model,input_w,input_h,detections,max_score,pre_ms,infer_ms,post_ms,total_ms,fps_equiv
0,,results20_fp32_320,320,240,2,0.4251723885536194,1.0461999336257577,7.631000014953315,0.2573999809101224,8.934599929489195,111.92442950908621
0,,results20_int8_percentile_320,320,240,3,0.45053723454475403,1.021499978378415,13.165000011213124,0.22639997769147158,14.41289996728301,69.38228963428455
0,,results27_fp32_640,640,480,2,0.2787206470966339,4.15890000294894,24.53659998718649,0.25340006686747074,28.948900057002902,34.543626805540555
0,,results27_mixed_q3q4_640,640,480,2,0.2757602632045746,4.55289997626096,28.206199989654124,0.22629997693002224,32.985399942845106,30.3164430849022
1,,results20_fp32_320,320,240,5,0.41786426305770874,0.5419000517576933,5.505999899469316,0.2677000593394041,6.315600010566413,158.3380832109276
1,,results20_int8_percentile_320,320,240,5,0.4408201277256012,0.5861999234184623,12.888299999758601,0.2618000144138932,13.736299937590957,72.79980813926359
1,,results27_fp32_640,640,480,2,0.23113936185836792,4.259299952536821,32.34330005943775,0.24079997092485428,36.84339998289943,27.141903311424628
1,,results27_mixed_q3q4_640,640,480,2,0.22867774963378906,5.304999998770654,29.26750003825873,0.2941000275313854,34.86660006456077,28.68074312231044
2,,results20_fp32_320,320,240,5,0.41812512278556824,0.6638000486418605,5.925299949012697,0.8025000570341945,7.391600054688752,135.2887050978448
2,,results20_int8_percentile_320,320,240,4,0.398841917514801,0.8802999509498477,12.604400049895048,0.2258999738842249,13.71059997472912,72.93626842320275
2,,results27_fp32_640,640,480,2,0.21452632546424866,5.129599943757057,19.119800068438053,0.24550000671297312,24.494900018908083,40.824824727926256
2,,results27_mixed_q3q4_640,640,480,1,0.21090508997440338,4.468500032089651,24.15459998883307,0.25729998014867306,28.880400001071393,34.6255592014966
3,,results20_fp32_320,320,240,3,0.27672022581100464,0.677799922414124,4.545800038613379,0.23859995417296886,5.462199915200472,183.07641893830214
3,,results20_int8_percentile_320,320,240,7,0.3028964698314667,0.7512000156566501,10.560100083239377,0.2617998979985714,11.573099996894598,86.40727205920015
3,,results27_fp32_640,640,480,1,0.22169478237628937,4.477999988012016,16.849200008437037,0.30970002990216017,21.636900026351213,46.21734161465445
3,,results27_mixed_q3q4_640,640,480,1,0.2186547964811325,3.903999924659729,21.790300030261278,0.23380003403872252,25.92809998895973,38.568194369267445
4,,results20_fp32_320,320,240,2,0.24772073328495026,0.5993000231683254,4.581899964250624,0.20210002548992634,5.383300012908876,185.75966370108512
4,,results20_int8_percentile_320,320,240,4,0.2942432761192322,0.5743000656366348,9.678700007498264,0.20929996389895678,10.462300037033856,95.5812772010224
4,,results27_fp32_640,640,480,3,0.29167163372039795,4.4726000633090734,16.5123000042513,0.25619997177273035,21.241100039333105,47.07854104299
4,,results27_mixed_q3q4_640,640,480,3,0.28832510113716125,4.018799983896315,19.517399952746928,0.2346000401303172,23.77079997677356,42.068420119520574
5,,results20_fp32_320,320,240,3,0.2577279508113861,0.6187999388203025,4.648000001907349,0.2039000391960144,5.4706999799236655,182.79196513605072
5,,results20_int8_percentile_320,320,240,4,0.3159599006175995,0.4230999620631337,10.219400050118566,0.23069989401847124,10.87319990620017,91.9692462777011
5,,results27_fp32_640,640,480,3,0.2835003435611725,4.709000000730157,19.579300074838102,0.3108000382781029,24.59910011384636,40.65189358033139
5,,results27_mixed_q3q4_640,640,480,4,0.28276965022087097,4.827499971725047,21.56200003810227,0.2655999269336462,26.655099936760962,37.516272772283465
6,,results20_fp32_320,320,240,4,0.3206043243408203,0.6176000460982323,4.488199949264526,0.20670006051659584,5.3125000558793545,188.2352921377004
6,,results20_int8_percentile_320,320,240,6,0.309627890586853,0.572799937799573,11.3118999870494,0.24670001585036516,12.131399940699339,82.43071738531381
6,,results27_fp32_640,640,480,2,0.18405921757221222,4.6588999684900045,27.91210007853806,0.25459995958954096,32.825600006617606,30.46402806950676
6,,results27_mixed_q3q4_640,640,480,2,0.18992199003696442,4.656699951738119,20.888600032776594,0.2951000351458788,25.840400019660592,38.699091315891124
7,,results20_fp32_320,320,240,3,0.3342842161655426,0.6060999585315585,7.067200029268861,0.24560000747442245,7.918899995274842,126.28016524980663
7,,results20_int8_percentile_320,320,240,4,0.3040461540222168,0.571400043554604,9.18129994533956,0.2346000401303172,9.987300029024482,100.12716120411532
7,,results27_fp32_640,640,480,0,0.0,4.443799960426986,18.24740006122738,0.08769996929913759,22.778899990953505,43.90027615017159
7,,results27_mixed_q3q4_640,640,480,0,0.0,4.704499966464937,23.100299993529916,0.08340005297213793,27.88820001296699,35.85745941061226
8,,results20_fp32_320,320,240,4,0.32428649067878723,0.6836999673396349,4.641300067305565,0.3591999411582947,5.6841999758034945,175.92625246416392
8,,results20_int8_percentile_320,320,240,6,0.34548527002334595,0.6778000388294458,9.719499968923628,0.23610005155205727,10.633400059305131,94.04329700968175
8,,results27_fp32_640,640,480,1,0.1712213158607483,4.995399969629943,21.190600004047155,0.2001000102609396,26.38609998393804,37.898742163818376
8,,results27_mixed_q3q4_640,640,480,0,0.0,4.218499991111457,20.58959996793419,0.07289997301995754,24.880999932065606,40.19131074837717
9,,results20_fp32_320,320,240,5,0.3413611054420471,0.8148000342771411,5.046600010246038,0.19829999655485153,6.059700041078031,165.0246700696588
9,,results20_int8_percentile_320,320,240,5,0.3337816894054413,0.4149000160396099,11.385699966922402,0.23960007820278406,12.040200061164796,83.0550983305885
9,,results27_fp32_640,640,480,1,0.19081053137779236,4.4914999743923545,25.277300039306283,0.22289995104074478,29.991699964739382,33.3425581469433
9,,results27_mixed_q3q4_640,640,480,2,0.19590483605861664,5.152099998667836,23.798000067472458,0.24749990552663803,29.197599971666932,34.24939039408685
10,,results20_fp32_320,320,240,5,0.38611119985580444,0.6519000744447112,4.527699900791049,0.22250006441026926,5.4021000396460295,185.11319536124782
10,,results20_int8_percentile_320,320,240,6,0.3495233356952667,0.5862999241799116,11.119900038465858,0.2378999488428235,11.944099911488593,83.72334520059871
10,,results27_fp32_640,640,480,3,0.21479462087154388,4.509599995799363,17.259999993257225,0.26220001745969057,22.031800006516278,45.38893779465287
10,,results27_mixed_q3q4_640,640,480,3,0.21165162324905396,5.730000091716647,27.79630001168698,0.22899999748915434,33.75530010089278,29.624977322407254
11,,results20_fp32_320,320,240,4,0.3103529214859009,0.5763000808656216,4.811699967831373,0.2231999533250928,5.611200002022088,178.2149985100573
11,,results20_int8_percentile_320,320,240,7,0.3039986193180084,0.6359999533742666,9.822600055485964,0.2532999496906996,10.71189995855093,93.35412054532263
11,,results27_fp32_640,640,480,2,0.28937315940856934,4.543600021861494,18.956199986860156,0.2799999201670289,23.77979992888868,42.052498464680475
11,,results27_mixed_q3q4_640,640,480,3,0.308887243270874,4.6811000211164355,20.36450000014156,0.23559993132948875,25.281199952587485,39.55508448473198
12,,results20_fp32_320,320,240,4,0.34555554389953613,0.6380999693647027,4.941800027154386,0.20140002015978098,5.78130001667887,172.97147650442483
12,,results20_int8_percentile_320,320,240,8,0.4003354609012604,0.4058999475091696,9.175000013783574,0.24309998843818903,9.823999949730933,101.79153146548914
12,,results27_fp32_640,640,480,2,0.21456356346607208,4.605200025252998,19.132899935357273,0.2535000676289201,23.99160002823919,41.68125505689304
12,,results27_mixed_q3q4_640,640,480,2,0.20747588574886322,4.7339999582618475,20.327200065366924,0.22990000434219837,25.29110002797097,39.53960084353939
13,,results20_fp32_320,320,240,5,0.4262969195842743,0.6607999093830585,4.5374000910669565,0.21049997303634882,5.408699973486364,184.8873120901575
13,,results20_int8_percentile_320,320,240,4,0.37757864594459534,0.6871999939903617,9.486000053584576,0.26430003345012665,10.437500081025064,95.80838248978392
13,,results27_fp32_640,640,480,3,0.22066079080104828,4.769899998791516,22.498000063933432,0.2723999787122011,27.54030004143715,36.3104250315138
13,,results27_mixed_q3q4_640,640,480,3,0.20161567628383636,5.958099965937436,25.37369995843619,0.2672000555321574,31.598999979905784,31.64657111414643
14,,results20_fp32_320,320,240,4,0.45053303241729736,0.9683000389486551,7.444899994879961,0.23870007134974003,8.651900105178356,115.58154715650006
14,,results20_int8_percentile_320,320,240,6,0.433597207069397,0.8000999223440886,9.580000070855021,0.23419992066919804,10.614299913868308,94.21252537752694
14,,results27_fp32_640,640,480,3,0.1869867593050003,4.658799967728555,27.179499971680343,0.2437999937683344,32.08209993317723,31.170029458260764
14,,results27_mixed_q3q4_640,640,480,3,0.18194535374641418,5.055800080299377,22.756999940611422,0.5146000767126679,28.327400097623467,35.30151007694826
15,,results20_fp32_320,320,240,3,0.43512529134750366,1.105200033634901,6.439300021156669,0.20769995171576738,7.752200006507337,128.9956398390885
15,,results20_int8_percentile_320,320,240,3,0.3993877172470093,0.6135000148788095,8.857999928295612,0.20420004148036242,9.675699984654784,103.35169564847547
15,,results27_fp32_640,640,480,2,0.2304631918668747,4.626099951565266,17.225799965672195,0.2586999908089638,22.110599908046424,45.227176293669125
15,,results27_mixed_q3q4_640,640,480,2,0.23348534107208252,4.8299001064151525,25.294699938967824,0.28410006780177355,30.40870011318475,32.88532545876288
16,,results20_fp32_320,320,240,2,0.38284099102020264,1.034800079651177,4.702699952758849,0.3060000017285347,6.04350003413856,165.46702975944302
16,,results20_int8_percentile_320,320,240,2,0.3721981942653656,0.4059000639244914,9.11189999897033,0.19809999503195286,9.715900057926774,102.9240722977738
16,,results27_fp32_640,640,480,2,0.289157509803772,4.7073999885469675,16.956500010564923,0.24700001813471317,21.910900017246604,45.63938492772436
16,,results27_mixed_q3q4_640,640,480,2,0.3108868896961212,4.571700002998114,23.755800095386803,0.26869995053857565,28.596200048923492,34.969681226497265
17,,results20_fp32_320,320,240,2,0.375371515750885,0.6680000806227326,5.317599978297949,0.1919999485835433,6.177600007504225,161.87516167852442
17,,results20_int8_percentile_320,320,240,3,0.37841546535491943,0.466700061224401,9.857299970462918,0.20370003767311573,10.527700069360435,94.98750851673444
17,,results27_fp32_640,640,480,2,0.30607712268829346,4.544599913060665,18.69930000975728,0.27930003125220537,23.52319995407015,42.51122304586681
17,,results27_mixed_q3q4_640,640,480,2,0.29983142018318176,4.704800085164607,24.036399903707206,0.26510003954172134,29.006300028413534,34.47526913189327
18,,results20_fp32_320,320,240,2,0.43947505950927734,1.046599936671555,6.691400078125298,0.23290002718567848,7.9709000419825315,125.45634680312449
18,,results20_int8_percentile_320,320,240,5,0.40181446075439453,0.5857000360265374,11.379000032320619,0.22289995104074478,12.1876000193879,82.0506086849922
18,,results27_fp32_640,640,480,3,0.31651031970977783,4.134200047701597,22.104399977251887,0.24129997473210096,26.479899999685585,37.7644930687757
18,,results27_mixed_q3q4_640,640,480,3,0.3138303756713867,4.383399966172874,22.455100086517632,0.3079999005421996,27.146499953232706,36.837161391810156
19,,results20_fp32_320,320,240,3,0.44110777974128723,0.7916999747976661,4.389600013382733,0.17640006262809038,5.357700050808489,186.64725358208466
19,,results20_int8_percentile_320,320,240,4,0.4655856788158417,0.6248001009225845,9.840299957431853,0.2796000335365534,10.74470009189099,93.06914026894977
19,,results27_fp32_640,640,480,2,0.2927692234516144,4.717099945992231,17.180600087158382,0.2413999754935503,22.139100008644164,45.16895445657467
19,,results27_mixed_q3q4_640,640,480,3,0.29161980748176575,4.212600062601268,23.384499945677817,0.3114000428467989,27.908500051125884,35.83137747166953
20,,results20_fp32_320,320,240,2,0.48015716671943665,0.7605999708175659,4.456200054846704,0.20220002625137568,5.419000051915646,184.53589046312976
20,,results20_int8_percentile_320,320,240,6,0.4639412760734558,0.5848000291734934,10.489600012078881,0.2199000446125865,11.294300085864961,88.54023643762748
20,,results27_fp32_640,640,480,2,0.4270699620246887,4.53809997998178,17.07110006827861,0.23689994122833014,21.84609998948872,45.77476073446296
20,,results27_mixed_q3q4_640,640,480,2,0.4237089157104492,4.231199971400201,23.61520007252693,0.23659993894398212,28.082999982871115,35.608731282624284
21,,results20_fp32_320,320,240,3,0.4791484773159027,0.582900014705956,4.740700009278953,0.22629997693002224,5.549900000914931,180.1834266987053
21,,results20_int8_percentile_320,320,240,5,0.47212550044059753,0.6078999722376466,10.149999987334013,0.2223999472334981,10.980299906805158,91.07219370030498
21,,results27_fp32_640,640,480,1,0.2758091986179352,4.73960000090301,16.578100039623678,0.23040000814944506,21.548100048676133,46.407803831476905
21,,results27_mixed_q3q4_640,640,480,1,0.27802029252052307,4.29939990863204,21.59300004132092,0.2578999847173691,26.15029993467033,38.24047917225569
22,,results20_fp32_320,320,240,2,0.46078792214393616,0.6774000357836485,4.54110000282526,0.2074000658467412,5.42590010445565,184.30121836906255
22,,results20_int8_percentile_320,320,240,4,0.45901644229888916,0.5955999949947,8.705899934284389,0.21520000882446766,9.516699938103557,105.07844173967676
22,,results27_fp32_640,640,480,1,0.3401907682418823,4.600999993272126,22.77359995059669,0.22899999748915434,27.60359994135797,36.2271588533537
22,,results27_mixed_q3q4_640,640,480,1,0.3389435112476349,4.410399938933551,19.454800058156252,0.2527999458834529,24.117999942973256,41.46280795938672
23,,results20_fp32_320,320,240,2,0.37903815507888794,0.6263999966904521,4.709000000730157,0.26599992997944355,5.6013999274000525,178.5267991861028
23,,results20_int8_percentile_320,320,240,4,0.42712604999542236,0.5801999941468239,10.657599894329906,0.2082000719383359,11.445999960415065,87.36676598448433
23,,results27_fp32_640,640,480,1,0.33295461535453796,4.8056000377982855,19.32429999578744,0.26869995053857565,24.398599984124303,40.98595823738578
23,,results27_mixed_q3q4_640,640,480,1,0.2819913625717163,4.740800010040402,24.129499914124608,0.3250000299885869,29.195299954153597,34.25208857488483
24,,results20_fp32_320,320,240,2,0.32500365376472473,0.7095999317243695,4.835400031879544,0.21139997988939285,5.756399943493307,173.71968762009678
24,,results20_int8_percentile_320,320,240,4,0.3529435694217682,0.7612000918015838,9.416599990800023,0.24269998539239168,10.420500067993999,95.96468436974976
24,,results27_fp32_640,640,480,2,0.30735111236572266,6.028200034052134,17.57510006427765,0.23229990620166063,23.835600004531443,41.95405191435867
24,,results27_mixed_q3q4_640,640,480,1,0.28765901923179626,5.7891999604180455,23.1962000252679,0.32300001475960016,29.308400000445545,34.119911014753384
25,,results20_fp32_320,320,240,2,0.3966234028339386,0.636399956420064,5.844700033776462,0.20299991592764854,6.684099906124175,149.60877515965458
25,,results20_int8_percentile_320,320,240,3,0.4302320182323456,0.7829000242054462,9.005800005979836,0.21219998598098755,10.00090001616627,99.99100064829351
25,,results27_fp32_640,640,480,1,0.36740607023239136,4.777200054377317,19.837999949231744,0.23800006601959467,24.853200069628656,40.23626724922355
25,,results27_mixed_q3q4_640,640,480,1,0.3649669885635376,4.5634000562131405,22.910299943760037,0.3525000065565109,27.82620000652969,35.93735399606631
26,,results20_fp32_320,320,240,2,0.3734085261821747,0.6043000612407923,4.58700000308454,0.20399992354214191,5.395299987867475,185.34650570843533
26,,results20_int8_percentile_320,320,240,4,0.3634096682071686,0.574299949221313,9.690499980933964,0.24530000519007444,10.510099935345352,95.14657388147289
26,,results27_fp32_640,640,480,1,0.3661831319332123,4.867300041951239,19.883699947968125,0.28380006551742554,25.03480005543679,39.9443973103684
26,,results27_mixed_q3q4_640,640,480,1,0.3650982081890106,5.254500079900026,21.82259992696345,0.327100045979023,27.404200052842498,36.49075682091567
27,,results20_fp32_320,320,240,2,0.33406558632850647,0.6414999952539802,5.732199992053211,0.20999996922910213,6.583699956536293,151.89027546846216
27,,results20_int8_percentile_320,320,240,5,0.3677923083305359,0.6051999516785145,9.283500025048852,0.2547000767663121,10.143400053493679,98.58627232745013
27,,results27_fp32_640,640,480,1,0.33883780241012573,7.4677999364212155,26.816600002348423,0.3687000134959817,34.65309995226562,28.857447136836022
27,,results27_mixed_q3q4_640,640,480,1,0.3387819528579712,5.870900000445545,23.011100012809038,0.2668000524863601,29.148800065740943,34.30672953070601
28,,results20_fp32_320,320,240,2,0.34174954891204834,0.6082000909373164,4.805899923667312,0.24690001737326384,5.661000031977892,176.64723447291888
28,,results20_int8_percentile_320,320,240,3,0.3401525914669037,0.672499998472631,9.960499941371381,0.23840006906539202,10.871400008909404,91.98447294557032
28,,results27_fp32_640,640,480,1,0.3256695568561554,4.983799997717142,27.077100006863475,0.22929999977350235,32.29020000435412,30.969148530054216
28,,results27_mixed_q3q4_640,640,480,1,0.321910560131073,4.554999992251396,26.444200077094138,0.3370000049471855,31.33620007429272,31.911973935230584
29,,results20_fp32_320,320,240,2,0.348133385181427,1.0602000402286649,5.1499999826774,0.2074999501928687,6.417699973098934,155.8190635573023
29,,results20_int8_percentile_320,320,240,4,0.37736815214157104,0.5988000193610787,9.52079996932298,0.24019996635615826,10.359799955040216,96.52696039883311
29,,results27_fp32_640,640,480,1,0.3089793026447296,4.999700002372265,27.09860005415976,0.23879995569586754,32.33710001222789,30.92423252616536
29,,results27_mixed_q3q4_640,640,480,1,0.3061503469944,4.897600039839745,25.60819999780506,0.21319999359548092,30.719000031240284,32.553142972851674
30,,results20_fp32_320,320,240,3,0.4802567660808563,0.6188000552356243,4.770900006406009,0.2405999694019556,5.630300031043589,177.61042830512315
30,,results20_int8_percentile_320,320,240,3,0.47122588753700256,0.7125000702217221,8.981999941170216,0.2044000430032611,9.898900054395199,101.02132504671478
30,,results27_fp32_640,640,480,1,0.2976597547531128,4.165200050920248,17.401999910362065,0.22490008268505335,21.792100043967366,45.88818874649149
30,,results27_mixed_q3q4_640,640,480,1,0.29807329177856445,4.116800031624734,19.827699987217784,0.21820003166794777,24.162700050510466,41.3861032876942
31,,results20_fp32_320,320,240,3,0.4285237789154053,0.5758999614045024,4.705099971033633,0.3464999608695507,5.627499893307686,177.69880390210514
31,,results20_int8_percentile_320,320,240,3,0.48747125267982483,0.5882000550627708,9.43919993005693,0.22040004841983318,10.247800033539534,97.58191970248716
31,,results27_fp32_640,640,480,1,0.3028980493545532,4.557800013571978,21.377100027166307,0.27409999165683985,26.209000032395124,38.15483226235146
31,,results27_mixed_q3q4_640,640,480,1,0.297928124666214,4.6944000059738755,20.756399957463145,0.24119997397065163,25.691999937407672,38.92262192263185
32,,results20_fp32_320,320,240,2,0.4826427102088928,0.6211000727489591,4.77959995623678,0.2098999684676528,5.6105999974533916,178.2340570445037
32,,results20_int8_percentile_320,320,240,4,0.3814564049243927,0.5813000025227666,9.285500040277839,0.23969996254891157,10.106500005349517,98.9462226755737
32,,results27_fp32_640,640,480,1,0.27052006125450134,5.752099910750985,27.374600060284138,0.3322999691590667,33.45899994019419,29.887324838980117
32,,results27_mixed_q3q4_640,640,480,1,0.2733340859413147,4.6437999699264765,23.745100013911724,0.29960006941109896,28.6885000532493,34.85717267002039
33,,results20_fp32_320,320,240,2,0.5087852478027344,1.0461999336257577,4.393900046125054,0.17470004968345165,5.614800029434264,178.1007328413721
33,,results20_int8_percentile_320,320,240,4,0.45053723454475403,0.5400000372901559,9.25280002411455,0.21970004308968782,10.012500104494393,99.87515501259489
33,,results27_fp32_640,640,480,1,0.2581883370876312,4.756900016218424,25.862200069241226,0.23739994503557682,30.856500030495226,32.40808254376576
33,,results27_mixed_q3q4_640,640,480,1,0.24694418907165527,4.4886000687256455,21.856099949218333,0.264400034211576,26.609100052155554,37.581128186971206
34,,results20_fp32_320,320,240,3,0.46025553345680237,0.7178999949246645,5.651199957355857,0.2313000150024891,6.6003999672830105,151.5059700861795
34,,results20_int8_percentile_320,320,240,4,0.4732670187950134,0.6426000036299229,9.515300043858588,0.23469992447644472,10.392599971964955,96.22231228928246
34,,results27_fp32_640,640,480,2,0.2546752691268921,4.050999996252358,23.587599978782237,0.25429995730519295,27.892899932339787,35.85141747275165
34,,results27_mixed_q3q4_640,640,480,2,0.25253432989120483,4.756899899803102,20.824400009587407,0.23800006601959467,25.819299975410104,38.73071698118788
35,,results20_fp32_320,320,240,4,0.5230609178543091,0.8157000411301851,7.041599950753152,0.2218000590801239,8.079100050963461,123.77616240570588
35,,results20_int8_percentile_320,320,240,6,0.4306003153324127,0.6455000257119536,9.99070005491376,0.22449996322393417,10.860700043849647,92.07509607691397
35,,results27_fp32_640,640,480,1,0.23118816316127777,4.230299964547157,18.651499995030463,0.2606000052765012,23.14239996485412,43.21073015411881
35,,results27_mixed_q3q4_640,640,480,1,0.22270582616329193,5.083999945782125,22.9352000169456,0.24199998006224632,28.261199942789972,35.38420173327145
36,,results20_fp32_320,320,240,3,0.5000668168067932,0.6539999740198255,5.070100072771311,0.3018999705091119,6.026000017300248,165.94756009443512
36,,results20_int8_percentile_320,320,240,4,0.36607763171195984,0.7162999827414751,10.947400005534291,0.19179994706064463,11.855499935336411,84.34903677232604
36,,results27_fp32_640,640,480,1,0.23523345589637756,6.359799997881055,21.251099999062717,0.2587999915704131,27.869699988514185,35.881261743475015
36,,results27_mixed_q3q4_640,640,480,1,0.2323516458272934,4.69370000064373,20.682399976067245,0.2471000188961625,25.623199995607138,39.02713166862222
37,,results20_fp32_320,320,240,2,0.49743688106536865,0.5520000122487545,4.4744000770151615,0.2362999366596341,5.26270002592355,190.01653050223211
37,,results20_int8_percentile_320,320,240,3,0.3265761435031891,0.7730000652372837,11.575300013646483,0.30449999030679464,12.652800069190562,79.03388929972819
37,,results27_fp32_640,640,480,0,0.0,4.703199956566095,28.003199957311153,0.07770000956952572,32.784099923446774,30.502591266347764
37,,results27_mixed_q3q4_640,640,480,1,0.18010810017585754,4.114200011827052,20.689899916760623,0.20520004909485579,25.00929997768253,39.98512556898301
38,,results20_fp32_320,320,240,2,0.46062779426574707,0.622499966993928,5.602600052952766,0.3501999890431762,6.5753000089898705,152.08431533660544
38,,results20_int8_percentile_320,320,240,4,0.3893430233001709,0.4384000785648823,9.985800017602742,0.22199994418770075,10.646200040355325,93.93022827012598
38,,results27_fp32_640,640,480,1,0.20015430450439453,4.2761999648064375,16.849400009959936,0.23040000814944506,21.35599998291582,46.825248211274165
38,,results27_mixed_q3q4_640,640,480,1,0.19696044921875,4.212399944663048,19.874999998137355,0.22050004918128252,24.307899991981685,41.13888901673384
39,,results20_fp32_320,320,240,2,0.44755399227142334,0.5498999962583184,4.697200027294457,0.179799972102046,5.426899995654821,184.26726138323428
39,,results20_int8_percentile_320,320,240,2,0.48955556750297546,0.36419997923076153,9.383700089529157,0.19599997904151678,9.943900047801435,100.56416448203306
39,,results27_fp32_640,640,480,2,0.26633384823799133,4.402399994432926,22.644300013780594,0.2701999619603157,27.316899970173836,36.607374961721774
39,,results27_mixed_q3q4_640,640,480,2,0.2712864279747009,4.506000084802508,20.01350000500679,0.23469992447644472,24.754200014285743,40.39718510082718
40,,results20_fp32_320,320,240,3,0.3701607882976532,0.6437000120058656,4.8059000400826335,0.18319999799132347,5.6328000500798225,177.531599046522
40,,results20_int8_percentile_320,320,240,2,0.27607786655426025,0.35939994268119335,9.44090005941689,0.22929999977350235,10.029600001871586,99.70487355561475
40,,results27_fp32_640,640,480,2,0.26717042922973633,4.464500001631677,18.63549998961389,0.2714999718591571,23.371499963104725,42.78715536352583
40,,results27_mixed_q3q4_640,640,480,2,0.2591940462589264,4.495800007134676,20.596500020474195,0.2327000256627798,25.32500005327165,39.48667316471786
41,,results20_fp32_320,320,240,2,0.37833571434020996,0.7939999923110008,5.382600007578731,0.20520004909485579,6.381800048984587,156.69560191863278
41,,results20_int8_percentile_320,320,240,3,0.30189746618270874,0.458099995739758,11.906599975191057,0.2772000152617693,12.641899986192584,79.10203379968159
41,,results27_fp32_640,640,480,3,0.3394094407558441,4.938700003549457,18.947900040075183,0.25749998167157173,24.14410002529621,41.41798613128184
41,,results27_mixed_q3q4_640,640,480,3,0.3355344235897064,6.136499927379191,27.0259000826627,0.3182999789714813,33.480699989013374,29.867953786155848
42,,results20_fp32_320,320,240,3,0.38401105999946594,0.5514000076800585,4.418299999088049,0.19209994934499264,5.1617999561131,193.73087072382646
42,,results20_int8_percentile_320,320,240,4,0.4037644863128662,0.37379993591457605,10.586800053715706,0.1996000064536929,11.160199996083975,89.60412898970377
42,,results27_fp32_640,640,480,1,0.3609333634376526,5.13519998639822,18.122500041499734,0.2297000028192997,23.487400030717254,42.57601942710481
42,,results27_mixed_q3q4_640,640,480,1,0.37785017490386963,5.048399907536805,23.01970007829368,0.27790002059191465,28.3460000064224,35.27834614313936
43,,results20_fp32_320,320,240,3,0.38542497158050537,0.6162000354379416,6.752599962055683,0.19160006195306778,7.5604000594466925,132.26813292115457
43,,results20_int8_percentile_320,320,240,5,0.42123889923095703,0.43519993778318167,9.339599986560643,0.2490000333636999,10.023799957707524,99.76256551599252
43,,results27_fp32_640,640,480,1,0.3581157326698303,4.956100019626319,19.15559999179095,0.27730001602321863,24.38900002744049,41.002091060514275
43,,results27_mixed_q3q4_640,640,480,1,0.360391765832901,5.0760000012815,23.368300055153668,0.27550000231713057,28.7198000587523,34.81918390637445
44,,results20_fp32_320,320,240,1,0.4533305764198303,0.8929000468924642,6.55449996702373,0.1615999499335885,7.608999963849783,131.42331512038132
44,,results20_int8_percentile_320,320,240,3,0.374824583530426,0.5986000178381801,9.90010006353259,0.18580001778900623,10.684500099159777,93.59352245957108
44,,results27_fp32_640,640,480,2,0.3518272042274475,4.542900016531348,18.43379996716976,0.2512000501155853,23.227900033816695,43.05167486273553
44,,results27_mixed_q3q4_640,640,480,1,0.35343924164772034,4.4643000001087785,21.96789998561144,0.23250002413988113,26.6647000098601,37.50276581511208
45,,results20_fp32_320,320,240,1,0.3837782144546509,0.6625999230891466,5.185100017115474,0.1818999880924821,6.0295999282971025,165.84848280015535
45,,results20_int8_percentile_320,320,240,2,0.3350486159324646,0.8002000395208597,11.535799945704639,0.2106999745592475,12.546699959784746,79.70223271499641
45,,results27_fp32_640,640,480,2,0.2557021975517273,4.712500027380884,20.55750007275492,0.30429998878389597,25.5743000889197,39.101754359770695
45,,results27_mixed_q3q4_640,640,480,2,0.26022040843963623,4.628099966794252,19.2252000560984,0.2501000417396426,24.103400064632297,41.487922754405616
46,,results20_fp32_320,320,240,1,0.43200191855430603,0.6273000035434961,4.614299978129566,0.17600005958229303,5.417600041255355,184.58357803915737
46,,results20_int8_percentile_320,320,240,3,0.4224899709224701,0.9589000837877393,10.458400007337332,0.18829992040991783,11.605600011534989,86.16529942494005
46,,results27_fp32_640,640,480,1,0.29018864035606384,4.182900069281459,19.83239990659058,0.24300010409206152,24.2583000799641,41.22300394931382
46,,results27_mixed_q3q4_640,640,480,1,0.2900071442127228,5.669499980285764,21.51009999215603,0.24620001204311848,27.42579998448491,36.4620175369802
47,,results20_fp32_320,320,240,2,0.4212328791618347,0.6653000600636005,4.8774000024423,0.19079993944615126,5.733500001952052,174.41353443089486
47,,results20_int8_percentile_320,320,240,2,0.37841546535491943,0.6656999466940761,12.298700050450861,0.18770003225654364,13.152100029401481,76.03348497688604
47,,results27_fp32_640,640,480,2,0.2733435034751892,5.671999999321997,27.349499985575676,0.37100003100931644,33.39250001590699,29.94684433701088
47,,results27_mixed_q3q4_640,640,480,2,0.27907517552375793,7.331600063480437,28.88959995470941,0.39489998016506433,36.61609999835491,27.310390785608735
48,,results20_fp32_320,320,240,2,0.5329484343528748,0.623999978415668,7.565899984911084,0.28110004495829344,8.471000008285046,118.04981690732521
48,,results20_int8_percentile_320,320,240,1,0.49771058559417725,0.8930000476539135,9.651999920606613,0.23310002870857716,10.778099996969104,92.78073132381485
48,,results27_fp32_640,640,480,1,0.28934571146965027,4.20930003747344,18.135300022549927,0.25839998852461576,22.603000048547983,44.241914695046866
48,,results27_mixed_q3q4_640,640,480,1,0.2970522940158844,5.292999907396734,23.970500100404024,0.2543999580666423,29.5178999658674,33.87774879501372
49,,results20_fp32_320,320,240,2,0.497191458940506,0.9661000221967697,4.650700022466481,0.1700000138953328,5.786800058558583,172.807076429229
49,,results20_int8_percentile_320,320,240,2,0.4732670187950134,0.7697000401094556,9.51309991069138,0.2031000331044197,10.485899983905256,95.36615851141951
49,,results27_fp32_640,640,480,2,0.239479199051857,4.747300059534609,22.91429997421801,0.26320002507418394,27.924800058826804,35.81046230925145
49,,results27_mixed_q3q4_640,640,480,2,0.2395249605178833,4.487000056542456,20.957999979145825,0.2946999156847596,25.73969995137304,38.85049172636749
50,,results20_fp32_320,320,240,1,0.45581507682800293,0.7376000285148621,5.46999997459352,0.20729994866997004,6.414899951778352,155.88707657440204
50,,results20_int8_percentile_320,320,240,3,0.378109335899353,0.6254001054912806,9.718299959786236,0.20290003158152103,10.546600096859038,94.81728621698831
50,,results27_fp32_640,640,480,1,0.3460298180580139,5.1960001001134515,21.003599977120757,0.3010999644175172,26.500700041651726,37.73485222761204
50,,results27_mixed_q3q4_640,640,480,1,0.34078121185302734,4.622599924914539,23.3830000506714,0.2543999580666423,28.25999993365258,35.38570425858989
51,,results20_fp32_320,320,240,1,0.41202878952026367,0.6850999779999256,6.37379998806864,0.1868000254034996,7.2456999914720654,138.01289056640005
51,,results20_int8_percentile_320,320,240,4,0.41485708951950073,0.6178000476211309,9.281300008296967,0.1935999607667327,10.09270001668483,99.08151419806809
51,,results27_fp32_640,640,480,1,0.3513481914997101,4.0435000555589795,20.347499987110496,0.25159993674606085,24.642599979415536,40.580133623697186
51,,results27_mixed_q3q4_640,640,480,1,0.3422822058200836,4.659299971535802,21.60630002617836,0.22990000434219837,26.49550000205636,37.74225811637404
52,,results20_fp32_320,320,240,1,0.5328830480575562,0.7187000010162592,4.810000071302056,0.1911999424919486,5.719900014810264,174.82823081010991
52,,results20_int8_percentile_320,320,240,2,0.4914746582508087,0.6218999624252319,12.020700029097497,0.23580004926770926,12.878400040790439,77.64939719473281
52,,results27_fp32_640,640,480,1,0.39000967144966125,4.5674999710172415,18.9144000178203,0.23829995188862085,23.72019994072616,42.15816066048667
52,,results27_mixed_q3q4_640,640,480,1,0.3863367438316345,4.578700056299567,20.157799939624965,0.2547000767663121,24.991200072690845,40.01408484151791
53,,results20_fp32_320,320,240,2,0.532710075378418,0.6382999708876014,5.103800096549094,0.20569993648678064,5.947800003923476,168.12939226946912
53,,results20_int8_percentile_320,320,240,6,0.4402347207069397,0.7971000159159303,9.797499980777502,0.22050004918128252,10.815100045874715,92.4633147874982
53,,results27_fp32_640,640,480,1,0.32603737711906433,4.455100046470761,19.798199995420873,0.2541000721976161,24.50740011408925,40.804001866566914
53,,results27_mixed_q3q4_640,640,480,1,0.3187752068042755,5.142300040461123,22.45799999218434,0.32400002237409353,27.924300055019557,35.81110352022034
54,,results20_fp32_320,320,240,2,0.5145891308784485,0.6126000080257654,5.318599985912442,0.20759995095431805,6.138799944892526,162.8982877723518
54,,results20_int8_percentile_320,320,240,3,0.4755844175815582,0.6057999562472105,9.929199935868382,0.22990000434219837,10.764899896457791,92.89450061017769
54,,results27_fp32_640,640,480,2,0.34592336416244507,5.560000077821314,28.820800012908876,0.38869993295520544,34.769500023685396,28.760839221696838
54,,results27_mixed_q3q4_640,640,480,2,0.3452129662036896,6.249900092370808,21.959399920888245,0.26050000451505184,28.469800017774105,35.12493938755051
55,,results20_fp32_320,320,240,2,0.46082165837287903,0.6967000663280487,5.3931999718770385,0.20849995780736208,6.298399996012449,158.77048149261802
55,,results20_int8_percentile_320,320,240,2,0.47396618127822876,0.8290999103337526,9.176000021398067,0.2071000635623932,10.212199995294213,97.92209322778642
55,,results27_fp32_640,640,480,1,0.390180766582489,4.387799999676645,26.51210001204163,0.22990000434219837,31.12980001606047,32.123560044847075
55,,results27_mixed_q3q4_640,640,480,1,0.38879939913749695,4.159500007517636,21.719799959100783,0.2738999901339412,26.15319995675236,38.2362388408924
56,,results20_fp32_320,320,240,1,0.48932620882987976,0.5970000056549907,4.783899988979101,0.18780003301799297,5.568700027652085,179.57512436194685
56,,results20_int8_percentile_320,320,240,1,0.4068562388420105,0.6778000388294458,9.720399975776672,0.17550005577504635,10.573700070381165,94.57427327650231
56,,results27_fp32_640,640,480,1,0.348882257938385,4.232199979014695,20.250999950803816,0.23840006906539202,24.721599998883903,40.45045628297305
56,,results27_mixed_q3q4_640,640,480,1,0.3534907400608063,4.278100095689297,20.396700012497604,0.22289995104074478,24.897700059227645,40.164352435010464
57,,results20_fp32_320,320,240,2,0.5288306474685669,1.0234999936074018,4.634000011719763,0.17060001846402884,5.828100023791194,171.58250474731858
57,,results20_int8_percentile_320,320,240,3,0.44663161039352417,0.6932999240234494,12.201600009575486,0.21890003699809313,13.113799970597029,76.25554776206285
57,,results27_fp32_640,640,480,1,0.33146411180496216,4.524999996647239,18.03089992608875,0.2512000501155853,22.807099972851574,43.84599537820897
57,,results27_mixed_q3q4_640,640,480,1,0.3357599079608917,4.8720999620854855,19.968200009316206,0.25320006534457207,25.093500036746264,39.8509573608953
58,,results20_fp32_320,320,240,2,0.48038342595100403,1.0578000219538808,4.94689994957298,0.20680006127804518,6.211500032804906,160.99170807674187
58,,results20_int8_percentile_320,320,240,3,0.4462156593799591,0.7172999903559685,9.61249996908009,0.2549999626353383,10.584799922071397,94.47509706015346
58,,results27_fp32_640,640,480,1,0.4216711223125458,4.359100013971329,20.159599953331053,0.26650005020201206,24.785200017504394,40.346658461249305
58,,results27_mixed_q3q4_640,640,480,1,0.4193912148475647,4.372499999590218,21.172899985685945,0.24800002574920654,25.79340001102537,38.76960771253696
59,,results20_fp32_320,320,240,2,0.4572705030441284,0.6957999430596828,4.7802000772207975,0.19990000873804092,5.675900029018521,176.18351184612396
59,,results20_int8_percentile_320,320,240,3,0.46706289052963257,0.7856000447645783,9.07909998204559,0.18810003530234098,10.05280006211251,99.4747725828995
59,,results27_fp32_640,640,480,1,0.41824084520339966,4.100800026208162,17.6412999862805,0.2437999937683344,21.985900006256998,45.48369635609225
59,,results27_mixed_q3q4_640,640,480,1,0.4170476794242859,4.960799938999116,25.82159999292344,0.22819999139755964,31.010599923320115,32.24703818928686
60,,results20_fp32_320,320,240,3,0.39770960807800293,1.0920000495389104,6.923399982042611,0.22149994038045406,8.236899971961975,121.40489788682072
60,,results20_int8_percentile_320,320,240,3,0.4531846046447754,0.5908999592065811,9.304200066253543,0.22249994799494743,10.117599973455071,98.83766927172836
60,,results27_fp32_640,640,480,1,0.27645280957221985,5.028099985793233,18.486500019207597,0.22980000358074903,23.74440000858158,42.115193461977775
60,,results27_mixed_q3q4_640,640,480,1,0.2705540955066681,4.13070002105087,25.60779999475926,0.2142000012099743,29.952700017020106,33.38597186336348
61,,results20_fp32_320,320,240,3,0.3825910687446594,0.6536999717354774,5.851300084032118,0.2668999368324876,6.771899992600083,147.66904429964097
61,,results20_int8_percentile_320,320,240,3,0.3843347430229187,0.6710999878123403,9.752999991178513,0.2297000028192997,10.653799981810153,93.86322267241339
61,,results27_fp32_640,640,480,1,0.31608933210372925,4.625999950803816,20.017700036987662,0.23719994351267815,24.880899931304157,40.19147228440237
61,,results27_mixed_q3q4_640,640,480,1,0.3079836964607239,4.573400015942752,23.692200076766312,0.23609993513673544,28.5017000278458,35.08562643712525
62,,results20_fp32_320,320,240,3,0.4701205790042877,0.6324999267235398,6.339500076137483,0.19809999503195286,7.170099997892976,139.46806882663597
62,,results20_int8_percentile_320,320,240,3,0.538823664188385,0.716900103725493,10.770899942144752,0.2394999610260129,11.727300006896257,85.27111947438442
62,,results27_fp32_640,640,480,1,0.2893933355808258,4.920099978335202,18.813000060617924,0.2753000007942319,24.008400039747357,41.652088366756615
62,,results27_mixed_q3q4_640,640,480,1,0.2941224277019501,4.977899952791631,25.106400018557906,0.29930006712675095,30.38360003847629,32.912492223885565
63,,results20_fp32_320,320,240,3,0.458844929933548,0.8457999210804701,4.423900041729212,0.17769995611160994,5.447399918921292,183.57381776332343
63,,results20_int8_percentile_320,320,240,6,0.43080583214759827,0.5450999597087502,8.803700096905231,0.19779999274760485,9.546600049361587,104.74933430010755
63,,results27_fp32_640,640,480,1,0.2893764078617096,3.7520999321714044,22.68070005811751,0.22199994418770075,26.654799934476614,37.51669502146784
63,,results27_mixed_q3q4_640,640,480,1,0.28248751163482666,4.163299920037389,20.703200018033385,0.2294000005349517,25.095899938605726,39.84714644409591
64,,results20_fp32_320,320,240,2,0.5480161905288696,1.0724999010562897,7.188700023107231,0.3011999651789665,8.562399889342487,116.78968664435862
64,,results20_int8_percentile_320,320,240,3,0.4047286808490753,0.915899989195168,15.340199926868081,0.3955999854952097,16.65169990155846,60.053928782754994
64,,results27_fp32_640,640,480,2,0.24531236290931702,6.754099973477423,26.780900079756975,0.38300000596791506,33.91800005920231,29.482870400806235
64,,results27_mixed_q3q4_640,640,480,2,0.24585013091564178,6.160799995996058,29.02449993416667,0.25830010417848825,35.443600034341216,28.213838296084553
65,,results20_fp32_320,320,240,2,0.39142078161239624,0.8966000750660896,5.463299923576415,0.17220003064721823,6.532100029289722,153.0901234696396
65,,results20_int8_percentile_320,320,240,4,0.46113505959510803,0.5883999401703477,9.602100006304681,0.2351000439375639,10.425599990412593,95.91774103357145
65,,results27_fp32_640,640,480,1,0.2740606963634491,4.684300045482814,17.82239996828139,0.2685000654309988,22.7752000791952,43.90740790521023
65,,results27_mixed_q3q4_640,640,480,1,0.27541497349739075,5.655899993143976,23.68930005468428,0.23889995645731688,29.584100004285574,33.801940902550335
66,,results20_fp32_320,320,240,2,0.4562996029853821,0.8674999698996544,4.732200060971081,0.19679998513311148,5.796500016003847,172.51789825568014
66,,results20_int8_percentile_320,320,240,3,0.5495957136154175,0.596800004132092,11.64420007262379,0.2012000186368823,12.442200095392764,80.37163784002246
66,,results27_fp32_640,640,480,1,0.38639652729034424,4.138899967074394,17.24590000230819,0.24540000595152378,21.630199975334108,46.23165764257127
66,,results27_mixed_q3q4_640,640,480,1,0.3861221969127655,4.705399973317981,21.335600060410798,0.2234999556094408,26.26449998933822,38.07420664417517
67,,results20_fp32_320,320,240,3,0.4111940562725067,0.739599927328527,4.819100024178624,0.2106999745592475,5.769399926066399,173.32825125919192
67,,results20_int8_percentile_320,320,240,2,0.4660473167896271,0.752299907617271,8.795100031420588,0.16850000247359276,9.715899941511452,102.92407353100377
67,,results27_fp32_640,640,480,1,0.3226070702075958,3.7574999732896686,18.430199939757586,0.23770006373524666,22.4253999767825,44.5922927143026
67,,results27_mixed_q3q4_640,640,480,1,0.31601330637931824,4.474599962122738,22.02590007800609,0.23339991457760334,26.73389995470643,37.405690965187915
68,,results20_fp32_320,320,240,2,0.4410993456840515,0.7281999569386244,4.483900032937527,0.17260003369301558,5.384700023569167,185.71136657992793
68,,results20_int8_percentile_320,320,240,2,0.5001389980316162,0.5634999834001064,9.380899951793253,0.19120005890727043,10.13559999410063,98.6621414205419
68,,results27_fp32_640,640,480,1,0.3123623728752136,4.436400020495057,28.50020001642406,0.25269994512200356,33.18929998204112,30.130192578364248
68,,results27_mixed_q3q4_640,640,480,1,0.2942248284816742,4.385099979117513,23.169800057075918,0.25200005620718,27.80690009240061,35.96229700819084
69,,results20_fp32_320,320,240,2,0.43460309505462646,0.8984999731183052,4.891299991868436,0.18890004139393568,5.978700006380677,167.2604410545378
69,,results20_int8_percentile_320,320,240,3,0.44206270575523376,0.7354000117629766,9.252000018022954,0.2028999151661992,10.19029994495213,98.1325383356709
69,,results27_fp32_640,640,480,1,0.4076964259147644,4.30999998934567,18.16129998769611,0.22709998302161694,22.698399960063398,44.05596878015392
69,,results27_mixed_q3q4_640,640,480,1,0.4132183790206909,4.391800030134618,23.605399997904897,0.2680999459698796,28.265299974009395,35.37906906770929
70,,results20_fp32_320,320,240,2,0.5240938663482666,0.5746999522671103,4.454600042663515,0.18919992726296186,5.218499922193587,191.62594901019983
70,,results20_int8_percentile_320,320,240,2,0.5798712372779846,0.58230001013726,9.930000058375299,0.2185999182984233,10.730899986810982,93.18882863777215
70,,results27_fp32_640,640,480,1,0.3830372095108032,4.857499967329204,26.271299924701452,0.28280005790293217,31.41159994993359,31.835372970300234
70,,results27_mixed_q3q4_640,640,480,1,0.37729310989379883,4.546700045466423,28.528900002129376,0.27520000003278255,33.35080004762858,29.98428819014509
71,,results20_fp32_320,320,240,2,0.4640985429286957,0.7677999092265964,6.332000019028783,0.24319998919963837,7.342999917455018,136.18412246238813
71,,results20_int8_percentile_320,320,240,3,0.5348745584487915,0.9861000580713153,10.910999961197376,0.2722999779507518,12.169399997219443,82.17331998524887
71,,results27_fp32_640,640,480,1,0.34344053268432617,4.33499994687736,19.086500047706068,0.24259998463094234,23.66409997921437,42.25810408502167
71,,results27_mixed_q3q4_640,640,480,1,0.34085899591445923,4.5550999930128455,23.137900047004223,0.25539996568113565,27.948400005698204,35.78022354754179
72,,results20_fp32_320,320,240,2,0.519003689289093,0.978900003246963,6.355299963615835,0.20020001102238894,7.534399977885187,132.72457036196369
72,,results20_int8_percentile_320,320,240,2,0.5453659296035767,0.5681999027729034,8.515399997122586,0.1802000915631652,9.263799991458654,107.9470628599509
72,,results27_fp32_640,640,480,1,0.5094563364982605,4.134800052270293,17.476500011980534,0.25159993674606085,21.862900000996888,45.739586237617274
72,,results27_mixed_q3q4_640,640,480,1,0.5009913444519043,4.294399986974895,20.77950001694262,0.25509996339678764,25.328999967314303,39.48043749419423
73,,results20_fp32_320,320,240,2,0.5435401201248169,0.6664999527856708,4.72630001604557,0.17880008090287447,5.571600049734116,179.48165537253905
73,,results20_int8_percentile_320,320,240,4,0.5556846857070923,0.5819000070914626,9.085000026971102,0.2120999852195382,9.879000019282103,101.22482012837055
73,,results27_fp32_640,640,480,1,0.45384761691093445,4.7697999980300665,21.856300067156553,0.2490000333636999,26.87510009855032,37.20916373643354
73,,results27_mixed_q3q4_640,640,480,1,0.46128883957862854,4.6042000176385045,21.978000062517822,0.2538999542593956,26.836100034415722,37.26323864934021
74,,results20_fp32_320,320,240,3,0.32506680488586426,1.0237999958917499,4.696900025010109,0.1799999736249447,5.9006999945268035,169.47141880243876
74,,results20_int8_percentile_320,320,240,3,0.3195197582244873,0.6183000514283776,10.789799969643354,0.2449000021442771,11.65300002321601,85.81481146552154
74,,results27_fp32_640,640,480,2,0.38143154978752136,4.613999975845218,23.503900039941072,0.2636999124661088,28.3815999282524,35.23409541843877
74,,results27_mixed_q3q4_640,640,480,2,0.3832102119922638,4.780399962328374,21.943100029602647,0.48649997916072607,27.209999971091747,36.75119445286339
75,,results20_fp32_320,320,240,3,0.32776322960853577,0.6058999570086598,5.135499988682568,0.24620001204311848,5.987599957734346,167.0118256160839
75,,results20_int8_percentile_320,320,240,2,0.340988427400589,0.5886999424546957,10.609099990688264,0.18470000941306353,11.382499942556024,87.85416253430199
75,,results27_fp32_640,640,480,1,0.3768619894981384,4.32050006929785,19.268399919383228,0.2501000417396426,23.83900003042072,41.948068237925646
75,,results27_mixed_q3q4_640,640,480,1,0.3744005858898163,4.669900052249432,22.685799980536103,0.2722999779507518,27.628000010736287,36.19516431198054
76,,results20_fp32_320,320,240,2,0.5672740936279297,0.950500019825995,7.098100031726062,0.3483999753370881,8.397000026889145,119.09015086313774
76,,results20_int8_percentile_320,320,240,4,0.5256089568138123,0.9082000469788909,14.579499955289066,0.19569997675716877,15.683399979025126,63.761684413927675
76,,results27_fp32_640,640,480,1,0.41886523365974426,4.131899913772941,22.384800016880035,0.19839999731630087,26.715099927969277,37.43201420530917
76,,results27_mixed_q3q4_640,640,480,1,0.419077605009079,3.7289001047611237,23.00309995189309,0.21379999816417694,26.945800054818392,37.11153493181146
77,,results20_fp32_320,320,240,2,0.44901368021965027,0.8828999707475305,4.577800049446523,0.16499997582286596,5.62569999601692,177.75565719964007
77,,results20_int8_percentile_320,320,240,5,0.48515498638153076,0.5567999323830009,8.83780000731349,0.1925000688061118,9.587100008502603,104.30682887558496
77,,results27_fp32_640,640,480,1,0.3446717858314514,3.922399948351085,18.058700021356344,0.19559997599571943,22.17669994570315,45.09237183387852
77,,results27_mixed_q3q4_640,640,480,1,0.34616151452064514,4.096299991942942,22.75320002809167,0.23689994122833014,27.08639996126294,36.918896620818174
78,,results20_fp32_320,320,240,2,0.373416543006897,0.7894999580457807,5.268000066280365,0.22309995256364346,6.280599976889789,159.22045723014017
78,,results20_int8_percentile_320,320,240,3,0.43461936712265015,0.4173999186605215,9.75339999422431,0.22090005222707987,10.391699965111911,96.23064593447687
78,,results27_fp32_640,640,480,1,0.3410454988479614,4.538399982266128,26.447299984283745,0.24640001356601715,31.23209998011589,32.01834012559694
78,,results27_mixed_q3q4_640,640,480,1,0.34519946575164795,4.558300017379224,23.31129997037351,0.2623000182211399,28.131900005973876,35.546834724552824
79,,results20_fp32_320,320,240,3,0.4870806336402893,0.825099996291101,4.540699999779463,0.20379992201924324,5.569599918089807,179.54611008091362
79,,results20_int8_percentile_320,320,240,4,0.5229311585426331,0.6118000019341707,12.283399933949113,0.2397999633103609,13.134999899193645,76.13247108295676
79,,results27_fp32_640,640,480,1,0.3274742066860199,4.942099913023412,19.887300091795623,0.2581999870017171,25.087599991820753,39.86032941875777
79,,results27_mixed_q3q4_640,640,480,1,0.33667099475860596,5.118499975651503,23.750699940137565,0.2598999999463558,29.129099915735424,34.32993133645726
80,,results20_fp32_320,320,240,2,0.49517151713371277,0.9209000272676349,5.669699981808662,0.26490003801882267,6.85550004709512,145.8682799402401
80,,results20_int8_percentile_320,320,240,3,0.5703698992729187,0.6222999654710293,10.690800030715764,0.2272999845445156,11.540399980731308,86.65210925701646
80,,results27_fp32_640,640,480,2,0.2936108708381653,4.512499901466072,17.926800064742565,0.265000038780272,22.70430000498891,44.04452019134111
80,,results27_mixed_q3q4_640,640,480,2,0.2926520109176636,4.55289997626096,23.080200073309243,0.2516999375075102,27.884799987077713,35.86183155207916
81,,results20_fp32_320,320,240,2,0.5125457048416138,0.645600026473403,6.789300008676946,0.21590001415461302,7.650800049304962,130.70528487943494
81,,results20_int8_percentile_320,320,240,3,0.4613831043243408,0.4414999857544899,10.20530005916953,0.22299995180219412,10.869799996726215,91.99801287063072
81,,results27_fp32_640,640,480,1,0.3851360082626343,5.0697000697255135,18.1866999482736,0.26030000299215317,23.516700020991266,42.52297299822632
81,,results27_mixed_q3q4_640,640,480,1,0.38257816433906555,4.493399988859892,23.427500040270388,0.19529997371137142,28.11620000284165,35.56668397219154
82,,results20_fp32_320,320,240,2,0.45893293619155884,0.6864999886602163,5.091700004413724,0.1876000314950943,5.965800024569035,167.6221120187882
82,,results20_int8_percentile_320,320,240,2,0.4866977632045746,0.9201000211760402,10.572099941782653,0.26560004334896803,11.757800006307662,85.04992425994097
82,,results27_fp32_640,640,480,1,0.35765236616134644,5.782699910923839,21.61410008557141,0.2598999999463558,27.656699996441603,36.15760376793555
82,,results27_mixed_q3q4_640,640,480,1,0.3613775968551636,4.8970000352710485,21.591000026091933,0.21039997227489948,26.69840003363788,37.45542799344076
83,,results20_fp32_320,320,240,2,0.49634841084480286,0.5602999590337276,5.376499961130321,0.19440008327364922,6.131200003437698,163.10020867681868
83,,results20_int8_percentile_320,320,240,2,0.5204784870147705,0.9947000071406364,9.178500040434301,0.19040005281567574,10.363600100390613,96.49156570237683
83,,results27_fp32_640,640,480,1,0.3360787630081177,4.506300087086856,28.158199973404408,0.25239994283765554,32.91690000332892,30.379531483793098
83,,results27_mixed_q3q4_640,640,480,1,0.32813578844070435,3.8450000574812293,19.910300034098327,0.24459999985992908,23.999900091439486,41.66684011975073
84,,results20_fp32_320,320,240,2,0.5163701176643372,1.1403999524191022,7.106799981556833,0.30559999868273735,8.552799932658672,116.92077540379762
84,,results20_int8_percentile_320,320,240,2,0.5017479062080383,0.9206999093294144,11.789800017140806,0.23720005992799997,12.94769998639822,77.23379450022144
84,,results27_fp32_640,640,480,1,0.3453776240348816,4.534700070507824,20.861699944362044,0.27279998175799847,25.669199996627867,38.95719384053141
84,,results27_mixed_q3q4_640,640,480,1,0.3466480076313019,4.804500029422343,21.003799978643656,0.255499966442585,26.063799974508584,38.367390824746934
85,,results20_fp32_320,320,240,3,0.5301936268806458,0.8834999753162265,5.46130002476275,0.20459992811083794,6.549399928189814,152.68574387949914
85,,results20_int8_percentile_320,320,240,2,0.5495957136154175,0.4130000015720725,10.164099978283048,0.22280006669461727,10.799900046549737,92.59344954025494
85,,results27_fp32_640,640,480,1,0.40260055661201477,5.600100033916533,23.525799973867834,0.24189997930079699,29.367799987085164,34.05089929922438
85,,results27_mixed_q3q4_640,640,480,1,0.406865656375885,4.739299998618662,21.317000035196543,0.24580000899732113,26.302100042812526,38.01977782657192
86,,results20_fp32_320,320,240,2,0.5080012679100037,0.925700063817203,7.811999996192753,0.18939992878586054,8.927099988795817,112.01846078290546
86,,results20_int8_percentile_320,320,240,3,0.5604010224342346,0.7439999608322978,9.776700055226684,0.2047999296337366,10.725499945692718,93.2357470573288
86,,results27_fp32_640,640,480,2,0.4073837995529175,4.557300009764731,19.456799956969917,0.2747999969869852,24.288899963721633,41.17106997408772
86,,results27_mixed_q3q4_640,640,480,2,0.413492351770401,4.242400056682527,22.655499982647598,0.32320001628249884,27.221100055612624,36.736208233943636
87,,results20_fp32_320,320,240,2,0.519749641418457,0.7102999370545149,5.860100034624338,0.1852000132203102,6.755599984899163,148.02534226942188
87,,results20_int8_percentile_320,320,240,2,0.5723105669021606,0.6682999664917588,10.68690000101924,0.21900003775954247,11.57420000527054,86.39905993888392
87,,results27_fp32_640,640,480,2,0.41316860914230347,4.802600014954805,21.297300001606345,0.2856999635696411,26.38559998013079,37.89946034022468
87,,results27_mixed_q3q4_640,640,480,2,0.4169611632823944,5.24490000680089,19.900399958714843,0.256399973295629,25.401699938811362,39.367444006064176
88,,results20_fp32_320,320,240,2,0.5332622528076172,0.6074999691918492,5.986100062727928,0.38590002804994583,6.979500059969723,143.27673779034797
88,,results20_int8_percentile_320,320,240,5,0.5309706926345825,0.4648000467568636,10.653399978764355,0.23699994198977947,11.355199967510998,88.06537998988624
88,,results27_fp32_640,640,480,2,0.4672067165374756,5.120400106534362,22.037599934265018,0.2242999617010355,27.382300002500415,36.519941710838204
88,,results27_mixed_q3q4_640,640,480,2,0.46388301253318787,4.168099956586957,21.44490007776767,0.25219994131475687,25.865199975669384,38.66198602526445
89,,results20_fp32_320,320,240,2,0.5263221263885498,0.7303999736905098,6.060500047169626,0.28060004115104675,7.071500062011182,141.41271176282692
89,,results20_int8_percentile_320,320,240,3,0.56547611951828,0.6711999885737896,15.400700038298965,0.3349999897181988,16.406900016590953,60.94996611113507
89,,results27_fp32_640,640,480,2,0.4216005206108093,5.015000002458692,17.978199990466237,0.2636000281199813,23.25680002104491,42.998176838391664
89,,results27_mixed_q3q4_640,640,480,2,0.42382553219795227,5.100499955005944,24.758500047028065,0.25889999233186245,30.11789999436587,33.20284615418303
90,,results20_fp32_320,320,240,2,0.5184183120727539,0.7100999355316162,4.865100025199354,0.20110001787543297,5.776299978606403,173.1212027948142
90,,results20_int8_percentile_320,320,240,3,0.49997490644454956,0.598000013269484,10.87769994046539,0.2457000082358718,11.721399961970747,85.31404126166066
90,,results27_fp32_640,640,480,2,0.278843492269516,5.282399943098426,28.123200056143105,0.255499966442585,33.661099965684116,29.707882422720953
90,,results27_mixed_q3q4_640,640,480,2,0.29919540882110596,4.790099919773638,28.30340003129095,0.23060000967234373,33.32409996073693,30.00831233786414
91,,results20_fp32_320,320,240,2,0.46884018182754517,0.8131000213325024,4.827699973247945,0.19940000493079424,5.840199999511242,171.2270127878649
91,,results20_int8_percentile_320,320,240,4,0.471694678068161,0.673700007610023,9.631699998863041,0.2161000156775117,10.521500022150576,95.04348219310289
91,,results27_fp32_640,640,480,3,0.19771747291088104,4.661799990572035,19.427900086157024,0.26519992388784885,24.354900000616908,41.05949931942525
91,,results27_mixed_q3q4_640,640,480,3,0.20904265344142914,4.95750003028661,27.09860005415976,0.305800000205636,32.36190008465201,30.900534189408155
92,,results20_fp32_320,320,240,2,0.49557027220726013,0.6745000137016177,6.825899938121438,0.20140002015978098,7.701799971982837,129.8397781866242
92,,results20_int8_percentile_320,320,240,2,0.4851866066455841,0.8063999703153968,10.357600054703653,0.26080000679939985,11.42480003181845,87.52888428812466
92,,results27_fp32_640,640,480,2,0.21572893857955933,5.346499965526164,20.385000039823353,0.3097999142482877,26.041299919597805,38.40054079817397
92,,results27_mixed_q3q4_640,640,480,2,0.21816235780715942,5.371799925342202,21.925300010479987,0.28010003734380007,27.57719997316599,36.26183952587829
93,,results20_fp32_320,320,240,3,0.36086660623550415,1.1320000048726797,4.91310004144907,0.19940000493079424,6.244500051252544,160.14092269875417
93,,results20_int8_percentile_320,320,240,6,0.3681580722332001,0.6197000620886683,11.11650001257658,0.23339991457760334,11.969599989242852,83.54498069264685
93,,results27_fp32_640,640,480,2,0.19724026322364807,5.183300003409386,23.457900038920343,0.27570000384002924,28.916900046169758,34.581853462970244
93,,results27_mixed_q3q4_640,640,480,1,0.19781795144081116,4.89649991504848,32.43830008432269,0.2688999520614743,37.603699951432645,26.593127838259477
94,,results20_fp32_320,320,240,4,0.4176284670829773,1.2319000670686364,7.328599924221635,0.4292000085115433,8.989699999801815,111.23841730225101
94,,results20_int8_percentile_320,320,240,4,0.408990740776062,0.9625999955460429,10.170600027777255,0.24720001965761185,11.38040004298091,87.87037329296435
94,,results27_fp32_640,640,480,2,0.21082672476768494,4.66710003092885,20.50809992942959,0.3189999843016267,25.494199944660068,39.22460803518789
94,,results27_mixed_q3q4_640,640,480,2,0.20791983604431152,5.110900034196675,23.484500008635223,0.27730001602321863,28.872700058855116,34.63479335017387
95,,results20_fp32_320,320,240,4,0.4085594415664673,0.6597999017685652,5.3143000695854425,0.23150001652538776,6.2055999878793955,161.14477277832475
95,,results20_int8_percentile_320,320,240,4,0.37042468786239624,0.631400034762919,10.585399926640093,0.24310010485351086,11.459900066256523,87.26079583752066
95,,results27_fp32_640,640,480,2,0.22043469548225403,5.667999968864024,27.564899995923042,0.2394999610260129,33.47239992581308,29.87536006430256
95,,results27_mixed_q3q4_640,640,480,2,0.21388845145702362,4.316300037316978,20.07900003809482,0.25189993903040886,24.647200014442205,40.572559942469844
96,,results20_fp32_320,320,240,4,0.33132585883140564,1.0526999831199646,6.148500018753111,0.22139993961900473,7.422599941492081,134.72368279072055
96,,results20_int8_percentile_320,320,240,7,0.2907421588897705,0.40069990791380405,8.671500021591783,0.23630005307495594,9.308499982580543,107.42869440525858
96,,results27_fp32_640,640,480,2,0.20227119326591492,4.411099944263697,25.515099987387657,0.24850002955645323,30.174699961207807,33.140346094098255
96,,results27_mixed_q3q4_640,640,480,2,0.19784770905971527,4.169000079855323,23.602999979630113,0.251400051638484,28.02340011112392,35.684463556691995
97,,results20_fp32_320,320,240,5,0.21341758966445923,1.105800038203597,5.931799998506904,0.39709999691694975,7.4347000336274505,134.5044178617778
97,,results20_int8_percentile_320,320,240,6,0.254140704870224,0.7652000058442354,11.486300034448504,0.30880002304911613,12.560300063341856,79.6159323389552
97,,results27_fp32_640,640,480,1,0.1740492880344391,5.094800028018653,17.673299997113645,0.2074999501928687,22.975599975325167,43.52443466433774
97,,results27_mixed_q3q4_640,640,480,1,0.17508460581302643,4.79429995175451,23.540399968624115,0.4746000049635768,28.809299925342202,34.711013547411696
98,,results20_fp32_320,320,240,5,0.21826262772083282,0.8928999304771423,5.7076000375673175,0.24740002118051052,6.84789998922497,146.030170062863
98,,results20_int8_percentile_320,320,240,7,0.3116990327835083,0.4151999019086361,9.519100072793663,0.22759998682886362,10.161899961531162,98.40679437758638
98,,results27_fp32_640,640,480,1,0.18115581572055817,4.6184000093489885,20.009299973025918,0.2277999883517623,24.85549997072667,40.23254415230998
98,,results27_mixed_q3q4_640,640,480,2,0.1864626556634903,4.485300043597817,22.65499997884035,0.24289998691529036,27.38320000935346,36.518741405621824
99,,results20_fp32_320,320,240,3,0.21866580843925476,0.7852999260649085,5.620700074359775,0.2706999657675624,6.6766999661922455,149.774590001579
99,,results20_int8_percentile_320,320,240,6,0.3031279146671295,0.46030001249164343,11.924599995836616,0.304599991068244,12.689499999396503,78.8053114817415
99,,results27_fp32_640,640,480,1,0.17317204177379608,4.785700002685189,18.897000001743436,0.22099993657320738,23.903699941001832,41.834527812353755
99,,results27_mixed_q3q4_640,640,480,2,0.17232351005077362,5.100399954244494,32.07780001685023,0.25050004478543997,37.42870001588017,26.71746546301961
100,,results20_fp32_320,320,240,0,0.0,0.860300031490624,5.138800013810396,0.08099991828203201,6.080099963583052,164.4709800808426
100,,results20_int8_percentile_320,320,240,3,0.28319817781448364,0.40689995512366295,8.938300074078143,0.2223999472334981,9.567599976435304,104.51941996560981
100,,results27_fp32_640,640,480,0,0.0,4.230299964547157,26.96199994534254,0.09760004468262196,31.28989995457232,31.959194546861195
100,,results27_mixed_q3q4_640,640,480,0,0.0,5.16329996753484,22.169700008817017,0.10569998994469643,27.438699966296554,36.44487534862504
101,,results20_fp32_320,320,240,2,0.2413393259048462,1.018199953250587,6.553199957124889,0.26030000299215317,7.831699913367629,127.68619981124893
101,,results20_int8_percentile_320,320,240,3,0.2856575548648834,0.5753000732511282,9.071199921891093,0.1911000581458211,9.837600053288043,101.65080858982144
101,,results27_fp32_640,640,480,0,0.0,4.325999994762242,19.02520004659891,0.07259997073560953,23.423800012096763,42.69162132034809
101,,results27_mixed_q3q4_640,640,480,1,0.17038819193840027,4.849500022828579,21.005099988542497,0.19940000493079424,26.05400001630187,38.381822344910745
102,,results20_fp32_320,320,240,4,0.27442049980163574,1.227900036610663,7.535199983976781,0.3765999572351575,9.139699977822602,109.41278186663575
102,,results20_int8_percentile_320,320,240,3,0.27368077635765076,0.9102000622078776,14.868599944747984,0.37810008507221937,16.15690009202808,61.89306081637569
102,,results27_fp32_640,640,480,1,0.18366028368473053,5.2047999342903495,24.965999997220933,0.30640000477433205,30.477199936285615,32.81141319053453
102,,results27_mixed_q3q4_640,640,480,1,0.18532973527908325,4.865999915637076,24.62590008508414,0.2533999504521489,29.745299951173365,33.61875663185413
103,,results20_fp32_320,320,240,5,0.259658545255661,0.8886000141501427,5.212399992160499,0.23509992752224207,6.336099933832884,157.82579353906624
103,,results20_int8_percentile_320,320,240,5,0.27350425720214844,0.7742999587208033,10.041199973784387,0.20800007041543722,11.023500002920628,90.71529003810537
103,,results27_fp32_640,640,480,2,0.1883319914340973,4.604799905791879,26.043400052003562,0.2658000448718667,30.914000002667308,32.347803581345616
103,,results27_mixed_q3q4_640,640,480,2,0.1931941956281662,5.005200044251978,22.126399911940098,0.2579999854788184,27.389599941670895,36.51020833198031
104,,results20_fp32_320,320,240,2,0.2391718477010727,1.020299969241023,4.685900057666004,0.215300009585917,5.921500036492944,168.87612831836748
104,,results20_int8_percentile_320,320,240,7,0.2350119799375534,0.607200083322823,10.391199961304665,0.24269998539239168,11.24110003001988,88.95926531473376
104,,results27_fp32_640,640,480,0,0.0,4.395500058308244,24.19589995406568,0.0817000400274992,28.673100052401423,34.875894066998455
104,,results27_mixed_q3q4_640,640,480,0,0.0,4.954700008966029,22.13649998884648,0.07189996540546417,27.163099963217974,36.81464933509494
105,,results20_fp32_320,320,240,4,0.3480069637298584,1.0321999434381723,6.102600018493831,0.23880007211118937,7.373600034043193,135.61896432991992
105,,results20_int8_percentile_320,320,240,7,0.33844438195228577,0.6468999199569225,11.333700036630034,0.2589999930933118,12.239599949680269,81.70201674166015
105,,results27_fp32_640,640,480,2,0.19582310318946838,4.5897000236436725,24.08639993518591,0.27950003277510405,28.955599991604686,34.53563387703717
105,,results27_mixed_q3q4_640,640,480,2,0.19949492812156677,4.634000011719763,20.806799991987646,0.23180001880973577,25.672600022517145,38.95203443059571
106,,results20_fp32_320,320,240,4,0.376078724861145,0.7723999442532659,5.810300004668534,0.42079994454979897,7.003499893471599,142.78575215402842
106,,results20_int8_percentile_320,320,240,4,0.344213604927063,0.6970999529585242,11.254800017923117,0.2370000584051013,12.188900029286742,82.04185755870188
106,,results27_fp32_640,640,480,2,0.2150057703256607,5.048600025475025,19.11140000447631,0.24510000366717577,24.40510003361851,40.975042045411826
106,,results27_mixed_q3q4_640,640,480,2,0.21589834988117218,5.102899973280728,23.418499971739948,0.2652000403031707,28.786599985323846,34.73838523861192
107,,results20_fp32_320,320,240,4,0.3886699676513672,0.9637000039219856,4.683700040914118,0.3659999929368496,6.0134000377729535,166.2952728437384
107,,results20_int8_percentile_320,320,240,4,0.3637964725494385,0.7197000086307526,11.002300074324012,0.24989992380142212,11.971900006756186,83.52893019785188
107,,results27_fp32_640,640,480,1,0.22932551801204681,5.311500048264861,26.362899923697114,0.2405000850558281,31.914900057017803,31.333327010689132
107,,results27_mixed_q3q4_640,640,480,1,0.23059481382369995,4.903199966065586,24.740600027143955,0.24349999148398638,29.887299984693527,33.45902776470741
108,,results20_fp32_320,320,240,2,0.42920777201652527,0.5984000163152814,4.466600017622113,0.20450004376471043,5.269500077702105,189.771322754411
108,,results20_int8_percentile_320,320,240,3,0.3719373643398285,0.5527000175788999,10.645699920132756,0.23390003480017185,11.432299972511828,87.47146264569952
108,,results27_fp32_640,640,480,1,0.27094244956970215,4.046900081448257,23.333000019192696,0.2543999580666423,27.634300058707595,36.18691256429703
108,,results27_mixed_q3q4_640,640,480,1,0.25467899441719055,3.7585999816656113,24.323999998159707,0.2788000274449587,28.361400007270277,35.259190298915286
109,,results20_fp32_320,320,240,3,0.46892791986465454,0.8843999821692705,5.066200043074787,0.21739990916103125,6.167999934405088,162.1271093765748
109,,results20_int8_percentile_320,320,240,5,0.4117594361305237,0.6529999664053321,10.869999998249114,0.21980004385113716,11.742800008505583,85.15856518681036
109,,results27_fp32_640,640,480,2,0.26296499371528625,3.5121000837534666,17.715199966914952,0.25489996187388897,21.482200012542307,46.55016708792179
109,,results27_mixed_q3q4_640,640,480,2,0.25149431824684143,3.9044999284669757,20.995200029574335,0.2188000362366438,25.118499994277954,39.8112944733086
110,,results20_fp32_320,320,240,3,0.49086233973503113,0.8021999383345246,4.902000073343515,0.19149994477629662,5.895699956454337,169.6151444927666
110,,results20_int8_percentile_320,320,240,4,0.4340023100376129,0.4926000256091356,10.6425000121817,0.38270000368356705,11.517800041474402,86.82213585920087
110,,results27_fp32_640,640,480,2,0.3217354118824005,4.127899999730289,19.655199954286218,0.28849998489022255,24.07159993890673,41.542730958390024
110,,results27_mixed_q3q4_640,640,480,1,0.3125033378601074,5.575799965299666,24.77080002427101,0.26030000299215317,30.60689999256283,32.67237127062819
111,,results20_fp32_320,320,240,2,0.45313799381256104,0.6290000164881349,4.983199993148446,0.193099956959486,5.805299966596067,172.25638739669625
111,,results20_int8_percentile_320,320,240,3,0.41379812359809875,0.5366000114008784,9.044499951414764,0.18740002997219563,9.768499992787838,102.36986238811568
111,,results27_fp32_640,640,480,1,0.37438565492630005,3.775100107304752,22.651799954473972,0.24199998006224632,26.66890004184097,37.49685957917631
111,,results27_mixed_q3q4_640,640,480,1,0.3606339693069458,4.159699892625213,21.61670010536909,0.23799994960427284,26.014399947598577,38.440248555197265
112,,results20_fp32_320,320,240,2,0.4369279742240906,1.103400019928813,7.080900017172098,0.31450006645172834,8.49880010355264,117.66366873154051
112,,results20_int8_percentile_320,320,240,5,0.38637062907218933,0.8083999855443835,10.490100015886128,0.1906000543385744,11.489100055769086,87.03901916998838
112,,results27_fp32_640,640,480,1,0.34637728333473206,3.652399987913668,22.68530009314418,0.2370999427512288,26.574800023809075,37.629634055724715
112,,results27_mixed_q3q4_640,640,480,1,0.3363672196865082,4.4157999800518155,21.262999973259866,0.23330003023147583,25.912099983543158,38.59200916309765
113,,results20_fp32_320,320,240,3,0.47801950573921204,0.9584999643266201,6.035899976268411,0.2199000446125865,7.214299985207617,138.6135871880051
113,,results20_int8_percentile_320,320,240,4,0.4663638472557068,0.7053000153973699,8.601599954999983,0.18550001550465822,9.492399985902011,105.3474359998722
113,,results27_fp32_640,640,480,1,0.2743871808052063,3.5934000043198466,21.0591999348253,0.24079997092485428,24.893399910070002,40.17129052731262
113,,results27_mixed_q3q4_640,640,480,1,0.2827542722225189,4.585899994708598,28.501400025561452,0.3079999005421996,33.39529992081225,29.94433355505788
114,,results20_fp32_320,320,240,2,0.536545991897583,0.5797999911010265,4.598400089889765,0.21949992515146732,5.397700006142259,185.26409375512904
114,,results20_int8_percentile_320,320,240,4,0.49409374594688416,0.5870999302715063,10.01269998960197,0.21020008716732264,10.810000007040799,92.50693796009965
114,,results27_fp32_640,640,480,1,0.3304446041584015,4.65509993955493,21.82260004337877,0.24800002574920654,26.725700008682907,37.41716773274826
114,,results27_mixed_q3q4_640,640,480,1,0.34237387776374817,4.256399930454791,22.430600016377866,0.2592999953776598,26.946299942210317,37.110846466662366
115,,results20_fp32_320,320,240,2,0.540280818939209,0.9949000086635351,5.396299995481968,0.21029997151345015,6.601499975658953,151.48072463640074
115,,results20_int8_percentile_320,320,240,2,0.5136563777923584,0.7932999869808555,9.904099977575243,0.2044000430032611,10.901800007559359,91.72797146403303
115,,results27_fp32_640,640,480,2,0.38090506196022034,4.494199994951487,25.046799913980067,0.2568000927567482,29.7978000016883,33.55952452675504
115,,results27_mixed_q3q4_640,640,480,2,0.3881467878818512,4.1606000158935785,27.314300066791475,0.3160999622195959,31.79100004490465,31.455443320043546
116,,results20_fp32_320,320,240,2,0.5075780749320984,1.2888000346720219,6.620100000873208,0.2297000028192997,8.13860003836453,122.87125491928613
116,,results20_int8_percentile_320,320,240,4,0.4685397446155548,0.557500054128468,8.663899963721633,0.1970999874174595,9.41850000526756,106.17401915811668
116,,results27_fp32_640,640,480,1,0.40593695640563965,4.150000051595271,19.047999987378716,0.26000000070780516,23.458000039681792,42.629380096700054
116,,results27_mixed_q3q4_640,640,480,1,0.4078516364097595,4.549799952656031,21.296099992468953,0.25809998624026775,26.10399993136525,38.30830534129945
117,,results20_fp32_320,320,240,2,0.4948629140853882,0.6585998926311731,6.1752001056447625,0.2614998957142234,7.095299893990159,140.93836975756545
117,,results20_int8_percentile_320,320,240,4,0.42473888397216797,0.6246000993996859,10.018199915066361,0.22490008268505335,10.8677000971511,92.01578908697928
117,,results27_fp32_640,640,480,1,0.3859635591506958,4.8605999909341335,21.105000050738454,0.24239998310804367,26.20800002478063,38.15628812020998
117,,results27_mixed_q3q4_640,640,480,1,0.38602903485298157,4.664899897761643,26.21989999897778,0.25230005849152803,31.13709995523095,32.11602883498476
118,,results20_fp32_320,320,240,2,0.4215379059314728,0.9179000044241548,5.139600019901991,0.26300002355128527,6.320500047877431,158.21532986710807
118,,results20_int8_percentile_320,320,240,3,0.4186285436153412,0.6163000361993909,11.66169997304678,0.24530000519007444,12.523300014436245,79.85115735047864
118,,results27_fp32_640,640,480,1,0.3663410544395447,4.984700004570186,24.81370000168681,0.2272001001983881,30.025600106455386,33.30491302270438
118,,results27_mixed_q3q4_640,640,480,1,0.37504875659942627,4.584399983286858,25.30590002425015,0.2460000105202198,30.136300018057227,33.18257381963993
119,,results20_fp32_320,320,240,2,0.37658312916755676,1.0130000300705433,4.889799980446696,0.1900000497698784,6.092800060287118,164.12814963648682
119,,results20_int8_percentile_320,320,240,6,0.39427387714385986,0.6142000202089548,11.133499909192324,0.27489999774843454,12.022599927149713,83.17668441597037
119,,results27_fp32_640,640,480,1,0.35078930854797363,4.906899994239211,23.614700068719685,0.24199998006224632,28.763600043021142,34.766162737081586
119,,results27_mixed_q3q4_640,640,480,1,0.35608774423599243,4.4493000023067,22.883999976329505,0.3181000938639045,27.65140007250011,36.16453406981445
120,,results20_fp32_320,320,240,2,0.38113805651664734,0.9500000160187483,4.874799982644618,0.16840000171214342,5.993200000375509,166.8557698620677
120,,results20_int8_percentile_320,320,240,6,0.43705329298973083,0.561599968932569,10.958199971355498,0.2701000776141882,11.789900017902255,84.81836135010137
120,,results27_fp32_640,640,480,1,0.3100825548171997,5.271599977277219,23.9668000722304,0.2443999983370304,29.48280004784465,33.918080995604264
120,,results27_mixed_q3q4_640,640,480,1,0.30654507875442505,4.50999999884516,22.952600033022463,0.26110000908374786,27.72370004095137,36.07022145395005
121,,results20_fp32_320,320,240,2,0.347828209400177,1.0766999330371618,5.857500014826655,0.25699997786432505,7.191199925728142,139.05885114141716
121,,results20_int8_percentile_320,320,240,4,0.3661135137081146,0.4412999842315912,12.358900043182075,0.2378999488428235,13.03809997625649,76.69829206871297
121,,results27_fp32_640,640,480,1,0.41427376866340637,4.815699998289347,19.12730000913143,0.2532999496906996,24.196299957111478,41.32863296340862
121,,results27_mixed_q3q4_640,640,480,1,0.4270766079425812,4.534499952569604,21.86850004363805,0.24399999529123306,26.646999991498888,37.52767667351023
122,,results20_fp32_320,320,240,2,0.34878262877464294,1.1127000907436013,6.028799922205508,0.2645000349730253,7.406000047922134,135.02565400071327
122,,results20_int8_percentile_320,320,240,6,0.4026395082473755,0.6968999514356256,14.406700036488473,0.2840000670403242,15.387600054964423,64.98739221373089
122,,results27_fp32_640,640,480,1,0.38961485028266907,5.592399975284934,18.381300033070147,0.2756000030785799,24.24930001143366,41.23830376664461
122,,results27_mixed_q3q4_640,640,480,1,0.39378324151039124,5.127799930050969,23.549000034108758,0.28110004495829344,28.95790000911802,34.53289084101846
123,,results20_fp32_320,320,240,2,0.3412751257419586,1.2169000692665577,6.076999939978123,0.20670006051659584,7.500600069761276,133.3226662799297
123,,results20_int8_percentile_320,320,240,7,0.35798177123069763,0.6749000167474151,10.996900033205748,0.25129993446171284,11.923099984414876,83.870805520975
123,,results27_fp32_640,640,480,1,0.39072856307029724,4.906499991193414,19.69949994236231,0.25230005849152803,24.85829999204725,40.22801238700649
123,,results27_mixed_q3q4_640,640,480,1,0.3851037621498108,6.572999991476536,22.851799963973463,0.26620004791766405,29.691000003367662,33.68023979948726
124,,results20_fp32_320,320,240,2,0.376615434885025,0.815899926237762,5.934800021350384,0.34330005291849375,7.0940000005066395,140.96419508437862
124,,results20_int8_percentile_320,320,240,6,0.43507251143455505,0.44650002382695675,9.309799992479384,0.23719994351267815,9.993499959819019,100.06504267981303
124,,results27_fp32_640,640,480,1,0.3711525797843933,4.406199906952679,17.858800012618303,0.24700001813471317,22.511999937705696,44.42075349889659
124,,results27_mixed_q3q4_640,640,480,1,0.38401758670806885,4.3969000689685345,21.173899993300438,0.37409993819892406,25.944900000467896,38.543220439545564
125,,results20_fp32_320,320,240,3,0.3872089087963104,0.9673000313341618,5.697399959899485,0.20990008488297462,6.8746000761166215,145.4630071462845
125,,results20_int8_percentile_320,320,240,6,0.41794899106025696,0.6262999959290028,10.047800024040043,0.27009996119886637,10.944199981167912,91.37259934218461
125,,results27_fp32_640,640,480,1,0.32455137372016907,5.1920999540016055,19.564899965189397,0.2706000814214349,25.027600000612438,39.9558886978987
125,,results27_mixed_q3q4_640,640,480,1,0.31385427713394165,4.910900024697185,25.503400014713407,0.2633000258356333,30.677600065246224,32.59707401730135
126,,results20_fp32_320,320,240,2,0.396401584148407,1.0231999913230538,5.530099966563284,0.23989996407181025,6.7931999219581485,147.20603125010763
126,,results20_int8_percentile_320,320,240,4,0.40286222100257874,0.7292999653145671,11.019200086593628,0.2386999549344182,11.987200006842613,83.42231709066115
126,,results27_fp32_640,640,480,1,0.41318047046661377,4.745300044305623,20.894299959763885,0.5717000458389521,26.21130004990846,38.1514842108525
126,,results27_mixed_q3q4_640,640,480,1,0.4149227440357208,5.798599915578961,23.135000024922192,0.2503000432625413,29.183899983763695,34.26546830808578
127,,results20_fp32_320,320,240,2,0.3887688219547272,0.7474001031368971,7.086799945682287,0.278900028206408,8.113100077025592,123.25744666108173
127,,results20_int8_percentile_320,320,240,6,0.3568437099456787,0.6191000575199723,11.42180000897497,0.28030003886669874,12.32120010536164,81.16092518981526
127,,results27_fp32_640,640,480,1,0.3555619716644287,4.1456000180915,21.560799912549555,0.28280005790293217,25.989199988543987,38.47752144894029
127,,results27_mixed_q3q4_640,640,480,1,0.36189281940460205,5.031100008636713,20.12309990823269,0.2535000676289201,25.407699984498322,39.35814735730182
128,,results20_fp32_320,320,240,2,0.49232175946235657,0.991299981251359,7.279400015249848,0.20789995323866606,8.478599949739873,117.94400088786833
128,,results20_int8_percentile_320,320,240,4,0.4685240685939789,0.6665999535471201,11.257100035436451,0.23589993361383677,12.159599922597408,82.23954787703165
128,,results27_fp32_640,640,480,1,0.31523314118385315,4.950299975462258,17.70980004221201,0.269699958153069,22.929799975827336,43.611370402454575
128,,results27_mixed_q3q4_640,640,480,1,0.3145676255226135,5.341400043107569,27.942399960011244,0.33130007795989513,33.61510008107871,29.748535556581036
129,,results20_fp32_320,320,240,2,0.4111645221710205,0.7616999791935086,8.451599976979196,0.22899999748915434,9.442299953661859,105.90640044348365
129,,results20_int8_percentile_320,320,240,4,0.40139973163604736,0.9462999878451228,10.501899989321828,0.2452000044286251,11.693399981595576,85.51832671198416
129,,results27_fp32_640,640,480,1,0.35327088832855225,4.978499957360327,22.27770001627505,0.35180000122636557,27.60799997486174,36.22138513874756
129,,results27_mixed_q3q4_640,640,480,1,0.3540233075618744,4.541000002063811,21.273900056257844,0.25319994892925024,26.068100007250905,38.36106197696984
130,,results20_fp32_320,320,240,2,0.436134397983551,1.0245000012218952,5.886600003577769,0.20940008107572794,7.120500085875392,140.43957417873696
130,,results20_int8_percentile_320,320,240,5,0.41857385635375977,0.6522999610751867,9.242200059816241,0.22899999748915434,10.123500018380582,98.78006600329579
130,,results27_fp32_640,640,480,1,0.4336385428905487,4.223200026899576,19.166199956089258,0.2536999527364969,23.64309993572533,42.29563816583012
130,,results27_mixed_q3q4_640,640,480,1,0.426478773355484,4.3935999274253845,20.902100019156933,0.24209998082369566,25.537799927406013,39.157640941765116
131,,results20_fp32_320,320,240,1,0.49420684576034546,0.8517999667674303,5.429800017736852,0.19749999046325684,6.479099974967539,154.34242469842582
131,,results20_int8_percentile_320,320,240,3,0.4866977632045746,0.8909000316634774,10.35510003566742,0.24119997397065163,11.487200041301548,87.05341566304749
131,,results27_fp32_640,640,480,1,0.38135474920272827,4.843499977141619,21.087200031615794,0.27710001450031996,26.207800023257732,38.156579305113915
131,,results27_mixed_q3q4_640,640,480,1,0.3818496763706207,4.961899947375059,22.761600092053413,0.30369998421519995,28.027200023643672,35.67962547655144
132,,results20_fp32_320,320,240,1,0.5192331075668335,1.2812999775633216,4.985300009138882,0.18880004063248634,6.45540002733469,154.90906772091716
132,,results20_int8_percentile_320,320,240,4,0.5033060312271118,0.6330999312922359,10.099200066179037,0.21550001110881567,10.947800008580089,91.34255277007918
132,,results27_fp32_640,640,480,1,0.30282777547836304,4.368899972178042,22.254400071687996,0.344799947924912,26.96809999179095,37.08084738281149
132,,results27_mixed_q3q4_640,640,480,1,0.3115435838699341,4.262099973857403,23.73829996213317,0.2590999938547611,28.259499929845333,35.38633034846746
133,,results20_fp32_320,320,240,1,0.48922619223594666,0.9306999854743481,4.88500006031245,0.19259995315223932,6.008299998939037,166.43642963510192
133,,results20_int8_percentile_320,320,240,4,0.46757665276527405,0.5770999705418944,10.628200019709766,0.24309998843818903,11.44839997868985,87.34845060108039
133,,results27_fp32_640,640,480,1,0.30177393555641174,4.725200007669628,24.399199988693,0.265000038780272,29.3894000351429,34.02587323335053
133,,results27_mixed_q3q4_640,640,480,1,0.29508131742477417,4.571199999190867,26.990800048224628,0.31599996145814657,31.87800000887364,31.36959657825577
134,,results20_fp32_320,320,240,2,0.469534307718277,0.8484000572934747,5.418499931693077,0.18089998047798872,6.4477999694645405,155.09165990505213
134,,results20_int8_percentile_320,320,240,5,0.435229629278183,0.6164999213069677,10.334799997508526,0.24640001356601715,11.19769993238151,89.30405405026079
134,,results27_fp32_640,640,480,1,0.3083224296569824,5.043199984356761,30.404799967072904,0.34849997609853745,35.7964999275282,27.935692093488186
134,,results27_mixed_q3q4_640,640,480,1,0.3072039783000946,7.352999993599951,24.215699988417327,0.2615000121295452,31.830199994146824,31.41670489610142
135,,results20_fp32_320,320,240,1,0.47324666380882263,0.9080999298021197,5.405400064773858,0.20619994029402733,6.519699934870005,153.38129208241526
135,,results20_int8_percentile_320,320,240,3,0.33220645785331726,0.9634000016376376,11.23950001783669,0.23499992676079273,12.43789994623512,80.39942468766154
135,,results27_fp32_640,640,480,1,0.2909930944442749,5.402800044976175,18.402099958620965,0.2530999481678009,24.05799995176494,41.56621506380201
135,,results27_mixed_q3q4_640,640,480,1,0.29395708441734314,4.676599986851215,21.207300014793873,0.251700053922832,26.13560005556792,38.26198739932739
136,,results20_fp32_320,320,240,1,0.5084935426712036,0.974800088442862,4.436199902556837,0.17420004587620497,5.585200036875904,179.04461673665543
136,,results20_int8_percentile_320,320,240,2,0.4302578568458557,0.5672000115737319,8.9532999554649,0.20320003386586905,9.7237000009045,102.8415109379125
136,,results27_fp32_640,640,480,1,0.28915396332740784,4.659999976865947,25.62289999332279,0.2272999845445156,30.510199954733253,32.775924165808796
136,,results27_mixed_q3q4_640,640,480,1,0.27361783385276794,4.386899992823601,26.539499987848103,0.2308000111952424,31.157199991866946,32.095310241646644
137,,results20_fp32_320,320,240,1,0.4897444248199463,1.03859999217093,4.907199996523559,0.19859999883919954,6.1443999875336885,162.7498213053984
137,,results20_int8_percentile_320,320,240,2,0.43558403849601746,0.6087999790906906,9.492300101555884,0.22039993200451136,10.321500012651086,96.88514254462024
137,,results27_fp32_640,640,480,1,0.3018782138824463,4.541400005109608,21.668000030331314,0.26620004791766405,26.475600083358586,37.770626420231984
137,,results27_mixed_q3q4_640,640,480,1,0.29629597067832947,4.780400078743696,22.517799981869757,0.255799968726933,27.554000029340386,36.2923713048983
138,,results20_fp32_320,320,240,1,0.46554404497146606,0.938700046390295,4.592999932356179,0.18620002083480358,5.717899999581277,174.8893824783977
138,,results20_int8_percentile_320,320,240,3,0.44034579396247864,0.62369997613132,10.028300108388066,0.23469992447644472,10.886700008995831,91.85519938766441
138,,results27_fp32_640,640,480,1,0.4315894842147827,5.348199978470802,20.76790004502982,0.27930003125220537,26.395400054752827,37.88538904224478
138,,results27_mixed_q3q4_640,640,480,1,0.4285237491130829,5.325700039975345,31.637700041756034,0.2487999154254794,37.21219999715686,26.87290727439935
139,,results20_fp32_320,320,240,1,0.503564178943634,1.011400017887354,5.747399991378188,0.18720002844929695,6.946000037714839,143.96775044202124
139,,results20_int8_percentile_320,320,240,2,0.48125529289245605,0.6039000581949949,8.973099989816546,0.1935999607667327,9.770600008778274,102.3478598142962
139,,results27_fp32_640,640,480,1,0.4356256127357483,5.370400031097233,20.13069996610284,0.25319994892925024,25.754299946129322,38.828467560435186
139,,results27_mixed_q3q4_640,640,480,1,0.4380077123641968,5.194999976083636,24.085700046271086,0.2578999847173691,29.53860000707209,33.854007967899
140,,results20_fp32_320,320,240,1,0.46604418754577637,0.8210999658331275,6.678699981421232,0.1857000170275569,7.685499964281917,130.1151525141453
140,,results20_int8_percentile_320,320,240,4,0.4569166302680969,0.6225000834092498,10.75479993596673,0.2031000331044197,11.5804000524804,86.35280262064958
140,,results27_fp32_640,640,480,1,0.3224236071109772,5.798900034278631,19.931399961933494,0.2538000699132681,25.984100066125393,38.485073466279744
140,,results27_mixed_q3q4_640,640,480,1,0.3236770033836365,5.036899936385453,23.417499964125454,0.2663000486791134,28.72069994919002,34.81809293537785
141,,results20_fp32_320,320,240,1,0.48965272307395935,0.5791999865323305,5.40929997805506,0.1976999919861555,6.186199956573546,161.6501256053622
141,,results20_int8_percentile_320,320,240,3,0.5149807333946228,0.43260003440082073,10.331499972380698,0.20570005290210247,10.969800059683621,91.15936430557339
141,,results27_fp32_640,640,480,1,0.30778855085372925,5.0469000125303864,21.60189999267459,0.2867000875994563,26.935500092804432,37.12572614410603
141,,results27_mixed_q3q4_640,640,480,1,0.309035062789917,4.079399979673326,27.567800018005073,0.22179994266480207,31.8689999403432,31.37845561115624
142,,results20_fp32_320,320,240,1,0.5539443492889404,0.649699941277504,4.748600069433451,0.1759999431669712,5.574299953877926,179.39472369159478
142,,results20_int8_percentile_320,320,240,3,0.5103434324264526,0.4070999566465616,9.64980002027005,0.21950004156678915,10.2764000184834,97.31034196813806
142,,results27_fp32_640,640,480,1,0.35742536187171936,4.375299904495478,20.61960007995367,0.23180001880973577,25.226700003258884,39.64053958190394
142,,results27_mixed_q3q4_640,640,480,1,0.35872283577919006,4.287600051611662,20.950700039975345,0.2389999572187662,25.477300048805773,39.25062695357604
143,,results20_fp32_320,320,240,1,0.5631963014602661,0.9048000210896134,6.101899896748364,0.22670009639114141,7.233400014229119,138.2475734831281
143,,results20_int8_percentile_320,320,240,2,0.5196407437324524,0.7663000142201781,9.986800025217235,0.19859999883919954,10.951700038276613,91.31002460850476
143,,results27_fp32_640,640,480,1,0.37444472312927246,4.952099989168346,23.40059995185584,0.25889999233186245,28.611599933356047,34.95085917352624
143,,results27_mixed_q3q4_640,640,480,1,0.3722592294216156,5.294500035233796,26.63610002491623,0.2706999657675624,32.20130002591759,31.054646837088516
144,,results20_fp32_320,320,240,1,0.5715553760528564,1.193300005979836,5.207499954849482,0.19730010535568,6.598100066184998,151.5587805533536
144,,results20_int8_percentile_320,320,240,3,0.5033060312271118,0.6526999641209841,10.430400026962161,0.21670002024620771,11.299800011329353,88.4971414535996
144,,results27_fp32_640,640,480,1,0.3872579336166382,5.271599977277219,19.20029998291284,0.29090000316500664,24.762799963355064,40.38315543798917
144,,results27_mixed_q3q4_640,640,480,1,0.393660306930542,5.497199948877096,22.516700089909136,0.24189997930079699,28.25580001808703,35.39096395642249
145,,results20_fp32_320,320,240,1,0.5613323450088501,0.7459999760612845,7.813700009137392,0.1954999752342701,8.755199960432947,114.2178367734904
145,,results20_int8_percentile_320,320,240,5,0.4722341299057007,0.7025999948382378,10.194499976933002,0.23340003099292517,11.130500002764165,89.84322355255006
145,,results27_fp32_640,640,480,1,0.3019846975803375,4.431900102645159,21.36599994264543,0.3098000306636095,26.1077000759542,38.302876051537886
145,,results27_mixed_q3q4_640,640,480,1,0.2987678349018097,6.190999993123114,22.51490007620305,0.22329995408654213,28.929200023412704,34.56715011789782
146,,results20_fp32_320,320,240,1,0.562231719493866,0.5767000839114189,7.429499994032085,0.19990000873804092,8.206100086681545,121.86056585185872
146,,results20_int8_percentile_320,320,240,4,0.43210646510124207,0.43249991722404957,10.161500074900687,0.21629990078508854,10.810299892909825,92.5043717478987
146,,results27_fp32_640,640,480,1,0.32435542345046997,5.360800074413419,18.742599990218878,0.23250002413988113,24.335900088772178,41.09155594624456
146,,results27_mixed_q3q4_640,640,480,1,0.33414459228515625,4.353199969045818,24.030999979004264,0.19890000112354755,28.58309994917363,34.985708400355335
147,,results20_fp32_320,320,240,1,0.4645693004131317,1.028600032441318,5.703400005586445,0.20279991440474987,6.934799952432513,144.20026631759305
147,,results20_int8_percentile_320,320,240,4,0.4930121898651123,0.6873999955132604,10.860900045372546,0.26190001517534256,11.810200056061149,84.67257076536879
147,,results27_fp32_640,640,480,1,0.17951010167598724,4.139199969358742,19.429500098340213,0.2242999617010355,23.79300002939999,42.02916819082683
147,,results27_mixed_q3q4_640,640,480,1,0.1860499382019043,4.076499957591295,20.382200018502772,0.24550000671297312,24.70419998280704,40.4789469278889
148,,results20_fp32_320,320,240,3,0.42878028750419617,0.4650999326258898,6.323200068436563,0.1876000314950943,6.975900032557547,143.35067809642536
148,,results20_int8_percentile_320,320,240,5,0.32940182089805603,0.3969999961555004,10.577200097031891,0.309599912725389,11.28380000591278,88.62262708271982
148,,results27_fp32_640,640,480,1,0.2679009437561035,4.80039999820292,18.189999973401427,0.2506999298930168,23.241099901497364,43.02722350655928
148,,results27_mixed_q3q4_640,640,480,1,0.2573634088039398,5.115900072269142,24.432900012470782,0.2308000111952424,29.779600095935166,33.58003454641747
149,,results20_fp32_320,320,240,2,0.45867255330085754,0.9735999628901482,5.208300077356398,0.20569993648678064,6.387599976733327,156.5533226317357
149,,results20_int8_percentile_320,320,240,4,0.45781466364860535,0.6788000464439392,10.10439998935908,0.26979995891451836,11.052999994717538,90.47317474693939
149,,results27_fp32_640,640,480,1,0.2521534860134125,4.30689996574074,20.86980000603944,0.26020000223070383,25.436899974010885,39.31296663593871
149,,results27_mixed_q3q4_640,640,480,1,0.2501201927661896,4.4553999323397875,23.932000040076673,0.25809998624026775,28.64549995865673,34.90949717907779
150,,results20_fp32_320,320,240,2,0.4646635949611664,0.928299967199564,4.444800084456801,0.1778999576345086,5.551000009290874,180.1477208298091
150,,results20_int8_percentile_320,320,240,4,0.3661135137081146,0.5575999384745955,8.676100056618452,0.19269995391368866,9.426399949006736,106.08503834015343
150,,results27_fp32_640,640,480,2,0.256401926279068,3.929700003936887,19.07150004990399,0.2652999246492982,23.266499978490174,42.980250614595995
150,,results27_mixed_q3q4_640,640,480,2,0.2693827748298645,4.606599919497967,23.050700081512332,0.26379991322755814,27.921099914237857,35.815207963568376
151,,results20_fp32_320,320,240,2,0.45971521735191345,0.5056000081822276,5.035999929532409,0.1998000079765916,5.741399945691228,174.17354816928824
151,,results20_int8_percentile_320,320,240,4,0.46565526723861694,0.39140006992965937,8.712899987585843,0.18500001169741154,9.289300069212914,107.65073714372222
151,,results27_fp32_640,640,480,1,0.24974586069583893,3.9280999917536974,27.262400020845234,0.24049996864050627,31.430999981239438,31.815723349460114
151,,results27_mixed_q3q4_640,640,480,1,0.25705933570861816,4.249999998137355,24.16769997216761,0.27920003049075603,28.696900000795722,34.84696953232828
152,,results20_fp32_320,320,240,2,0.4741724133491516,0.4914000164717436,4.785199998877943,0.1724999165162444,5.449099931865931,183.51654631108423
152,,results20_int8_percentile_320,320,240,3,0.5640901923179626,0.3762999549508095,9.46760002989322,0.2052999334409833,10.049199918285012,99.51040959792739
152,,results27_fp32_640,640,480,1,0.4299159348011017,4.838200053200126,27.840299997478724,0.24259998463094234,32.92110003530979,30.375655701888512
152,,results27_mixed_q3q4_640,640,480,1,0.43337282538414,4.718599957413971,24.005300016142428,0.21660001948475838,28.940499993041158,34.553653193291524
153,,results20_fp32_320,320,240,2,0.4578377902507782,1.0981999803334475,5.797900026664138,0.21550001110881567,7.111600018106401,140.61533233786523
153,,results20_int8_percentile_320,320,240,5,0.4579569399356842,0.6552999839186668,10.381100000813603,0.22389995865523815,11.260299943387508,88.80758106157194
153,,results27_fp32_640,640,480,1,0.28209102153778076,4.548100056126714,27.23490004427731,0.23020000662654638,32.01320010703057,31.237114585754433
153,,results27_mixed_q3q4_640,640,480,1,0.2738088369369507,4.321599961258471,22.263100021518767,0.2437999937683344,26.828499976545572,37.273794691251304
154,,results20_fp32_320,320,240,3,0.3980318009853363,0.9945000056177378,4.991900059394538,0.20899996161460876,6.195400026626885,161.4100777515822
154,,results20_int8_percentile_320,320,240,4,0.3611566424369812,0.6223999662324786,8.799900067970157,0.20180002320557833,9.624100057408214,103.90581914516189
154,,results27_fp32_640,640,480,2,0.2738637626171112,4.3626000406220555,27.266499935649335,0.24159997701644897,31.87069995328784,31.376781854985214
154,,results27_mixed_q3q4_640,640,480,2,0.25678128004074097,4.380799946375191,22.217300022020936,0.21810003090649843,26.816199999302626,37.29089132785427
155,,results20_fp32_320,320,240,2,0.48344939947128296,0.6305000279098749,5.167299997992814,0.1889999257400632,5.986799951642752,167.03414312776633
155,,results20_int8_percentile_320,320,240,3,0.48955556750297546,0.6405999884009361,10.292200022377074,0.21479988936334848,11.147599900141358,89.7054082455291
155,,results27_fp32_640,640,480,2,0.294435977935791,4.7701000003144145,27.903800015337765,0.2530999481678009,32.92699996381998,30.37021292856303
155,,results27_mixed_q3q4_640,640,480,2,0.27198299765586853,4.358200007118285,27.12830004747957,0.2848999574780464,31.7714000120759,31.474848436641533
156,,results20_fp32_320,320,240,2,0.48615530133247375,0.8523999713361263,6.383599946275353,0.3209999995306134,7.556999917142093,132.3276446955659
156,,results20_int8_percentile_320,320,240,3,0.5242019891738892,0.4605000140145421,10.92540007084608,0.22279995027929544,11.608700035139918,86.14228957359282
156,,results27_fp32_640,640,480,1,0.2274986356496811,4.692099988460541,29.04099994339049,0.24429999757558107,33.97739992942661,29.431327943782296
156,,results27_mixed_q3q4_640,640,480,1,0.23480632901191711,5.133799975737929,26.096399989910424,0.25310006458312273,31.483300030231476,31.762871078945395
157,,results20_fp32_320,320,240,2,0.39103928208351135,0.8918000385165215,4.3744000140577555,0.1903000520542264,5.456500104628503,183.26765890680457
157,,results20_int8_percentile_320,320,240,4,0.38017743825912476,0.5664000054821372,10.345299961045384,0.2031000331044197,11.114799999631941,89.9701299198469
157,,results27_fp32_640,640,480,2,0.28346434235572815,4.440300050191581,22.388300043530762,0.2647999208420515,27.093400014564395,36.909357978785884
157,,results27_mixed_q3q4_640,640,480,1,0.2815901041030884,5.059299990534782,29.053599922917783,0.3101000329479575,34.42299994640052,29.050344291813126
158,,results20_fp32_320,320,240,4,0.48177090287208557,0.5461000837385654,6.410199915990233,0.23030000738799572,7.186600007116795,139.1478583766612
158,,results20_int8_percentile_320,320,240,4,0.44962286949157715,0.4173999186605215,10.941500077024102,0.2036999212577939,11.562599916942418,86.48573912297375
158,,results27_fp32_640,640,480,3,0.3066907823085785,4.605000023730099,18.563700024969876,0.36509998608380556,23.53380003478378,42.49207516516521
158,,results27_mixed_q3q4_640,640,480,3,0.29341310262680054,4.659299971535802,24.37530003953725,0.2880999818444252,29.322699992917478,34.103271535074775
159,,results20_fp32_320,320,240,4,0.37445515394210815,1.090400037355721,6.671399925835431,0.23060000967234373,7.992399972863495,125.11886334458843
159,,results20_int8_percentile_320,320,240,4,0.382235586643219,0.6569999968633056,9.93870000820607,0.23560004774481058,10.831300052814186,92.32502055375895
159,,results27_fp32_640,640,480,3,0.2837909162044525,5.023500067181885,26.534899952821434,0.2645000349730253,31.822900054976344,31.423911657090592
159,,results27_mixed_q3q4_640,640,480,3,0.2831924855709076,4.656100063584745,22.11589994840324,0.25619997177273035,27.028199983760715,36.998394291918345
160,,results20_fp32_320,320,240,3,0.4497259855270386,0.7936999900266528,6.927900016307831,0.20690006203949451,7.928500068373978,126.1272613200703
160,,results20_int8_percentile_320,320,240,4,0.46993494033813477,0.6402999861165881,8.92250007018447,0.2180000301450491,9.780800086446106,102.24112456666661
160,,results27_fp32_640,640,480,3,0.390716552734375,4.328600014559925,21.299000014550984,0.24019996635615826,25.867799995467067,38.658100038473876
160,,results27_mixed_q3q4_640,640,480,3,0.39147254824638367,4.0438000578433275,22.978699998930097,0.25020004250109196,27.272700099274516,36.66670319990066
161,,results20_fp32_320,320,240,2,0.4885394275188446,0.5102999275550246,4.742200020700693,0.19210006576031446,5.444600014016032,183.6682212514602
161,,results20_int8_percentile_320,320,240,2,0.48290854692459106,0.3960999893024564,9.665700024925172,0.215300009585917,10.277100023813546,97.30371385729958
161,,results27_fp32_640,640,480,2,0.3213689923286438,5.575999966822565,22.74529996793717,0.22879999596625566,28.55009993072599,35.026147103736996
161,,results27_mixed_q3q4_640,640,480,3,0.3142963945865631,3.83160007186234,31.65289992466569,0.35440002102404833,35.83890001755208,27.90264208751526
162,,results20_fp32_320,320,240,2,0.4914809465408325,0.8619000436738133,5.605099955573678,0.21379999816417694,6.680799997411668,149.68267279179565
162,,results20_int8_percentile_320,320,240,3,0.4914146363735199,0.7789999945089221,10.468600085005164,0.21630001720041037,11.463900096714497,87.23034844717424
162,,results27_fp32_640,640,480,1,0.3130488097667694,5.894700065255165,27.27800002321601,0.22749998606741428,33.40020007453859,29.939940412581933
162,,results27_mixed_q3q4_640,640,480,2,0.3128706216812134,4.701799945905805,26.009200024418533,0.2666000509634614,30.9776000212878,32.281390401864584
163,,results20_fp32_320,320,240,2,0.5059346556663513,1.017299946397543,4.956300021149218,0.18319999799132347,6.1567999655380845,162.4220383311744
163,,results20_int8_percentile_320,320,240,2,0.5514865517616272,0.5993000231683254,11.72239996958524,0.1857000170275569,12.507400009781122,79.95266795800671
163,,results27_fp32_640,640,480,1,0.29713132977485657,4.7478999476879835,22.344900062307715,0.23659993894398212,27.32939994893968,36.5906314031164
163,,results27_mixed_q3q4_640,640,480,1,0.3006133735179901,4.331600037403405,21.340599982067943,0.2443999983370304,25.916600017808378,38.5853082315141
164,,results20_fp32_320,320,240,2,0.51256263256073,0.5201000021770597,5.516099976375699,0.30830001924186945,6.344499997794628,157.61683353260364
164,,results20_int8_percentile_320,320,240,3,0.5442960262298584,0.7882999489083886,10.534400003962219,0.23959996178746223,11.56229991465807,86.4879831332046
164,,results27_fp32_640,640,480,1,0.27270886301994324,4.572900012135506,18.9257999882102,0.25729998014867306,23.75599998049438,42.09462875993778
164,,results27_mixed_q3q4_640,640,480,1,0.2733760178089142,5.202300031669438,20.187599933706224,0.23440003860741854,25.62430000398308,39.02545629908167
165,,results20_fp32_320,320,240,2,0.45806553959846497,1.0426000226289034,5.517199984751642,0.20739994943141937,6.7671999568119645,147.77160515160855
165,,results20_int8_percentile_320,320,240,1,0.4883488118648529,0.636099954135716,11.336600058712065,0.17639994621276855,12.14909995906055,82.3106241095844
165,,results27_fp32_640,640,480,1,0.33651062846183777,4.061599960550666,19.98410001397133,0.33009995240718126,24.375799926929176,41.02429471023224
165,,results27_mixed_q3q4_640,640,480,2,0.32881513237953186,4.867599927820265,24.635200039483607,0.2261999761685729,29.728999943472445,33.63718934042276
166,,results20_fp32_320,320,240,2,0.4269241392612457,1.0300999274477363,5.5568000534549356,0.2226999495178461,6.809599930420518,146.8515052599054
166,,results20_int8_percentile_320,320,240,2,0.5017479062080383,0.6554999854415655,10.507000028155744,0.23440003860741854,11.396900052204728,87.74315782532024
166,,results27_fp32_640,640,480,2,0.3033934235572815,4.846800002269447,21.21240005362779,0.20510004833340645,26.264300104230642,38.074496408869486
166,,results27_mixed_q3q4_640,640,480,2,0.2988513708114624,4.033899982459843,31.610600068233907,0.22519996855407953,35.86970001924783,27.878683107564207
167,,results20_fp32_320,320,240,2,0.45633262395858765,0.7744999602437019,5.225400091148913,0.19409996457397938,6.194000015966594,161.44656077207753
167,,results20_int8_percentile_320,320,240,4,0.5108404159545898,0.6471999222412705,8.809400023892522,0.1767999492585659,9.633399895392358,103.80551112367904
167,,results27_fp32_640,640,480,2,0.4104229211807251,3.826000029221177,18.79109989386052,0.21930004004389048,22.836399963125587,43.7897392590216
167,,results27_mixed_q3q4_640,640,480,2,0.4094088077545166,4.14259999524802,28.391400002874434,0.2759000053629279,32.80990000348538,30.478605539601475
168,,results20_fp32_320,320,240,2,0.36649972200393677,0.42799999937415123,6.815899978391826,0.1813999842852354,7.425299962051213,134.67469396667357
168,,results20_int8_percentile_320,320,240,3,0.4224899709224701,0.3831000067293644,9.349799947813153,0.20950008183717728,9.942400036379695,100.57933661298624
168,,results27_fp32_640,640,480,1,0.3012388348579407,4.187699989415705,18.338600057177246,0.2308000111952424,22.757100057788193,43.94232997441028
168,,results27_mixed_q3q4_640,640,480,1,0.29060766100883484,4.261700087226927,23.767499951645732,0.22769998759031296,28.256900026462972,35.3895862272042
169,,results20_fp32_320,320,240,2,0.37523987889289856,0.46119990292936563,6.129200104624033,0.19099994096904993,6.7813999485224485,147.4621770712525
169,,results20_int8_percentile_320,320,240,3,0.42829328775405884,0.5131000652909279,10.400500032119453,0.28989999555051327,11.203500092960894,89.25782047596851
169,,results27_fp32_640,640,480,1,0.2894667983055115,6.16779993288219,18.719600047916174,0.20859995856881142,25.095999939367175,39.846987664011614
169,,results27_mixed_q3q4_640,640,480,1,0.28242063522338867,3.8212001090869308,23.371199960820377,0.27650000993162394,27.46890007983893,36.40480678489052
170,,results20_fp32_320,320,240,2,0.4202307462692261,1.0353000834584236,8.114199968986213,0.2004000125452876,9.349900064989924,106.95301479685683
170,,results20_int8_percentile_320,320,240,4,0.4035590887069702,0.6273000035434961,10.415200027637184,0.24389999452978373,11.286400025710464,88.60221130936313
170,,results27_fp32_640,640,480,1,0.3069608807563782,4.6054000267758965,21.891399985179305,0.23849995341151953,26.73529996536672,37.40373219284668
170,,results27_mixed_q3q4_640,640,480,1,0.2869841158390045,4.571900004521012,21.701499936170876,0.21810003090649843,26.491499971598387,37.74795693230292
171,,results20_fp32_320,320,240,2,0.4451635479927063,0.874800025485456,4.6079999301582575,0.18700002692639828,5.669799982570112,176.37306484781877
171,,results20_int8_percentile_320,320,240,4,0.4307916760444641,0.5570000503212214,9.484100039117038,0.1802999759092927,10.221400065347552,97.83395558404823
171,,results27_fp32_640,640,480,1,0.39163148403167725,3.7471000105142593,17.612299998290837,0.23410003632307053,21.593500045128167,46.31023214903115
171,,results27_mixed_q3q4_640,640,480,1,0.3795948922634125,4.5559999998658895,21.999499993398786,0.2191000385209918,26.774600031785667,37.34883056377472
172,,results20_fp32_320,320,240,2,0.5463147759437561,0.5088000325486064,6.2293000519275665,0.1998000079765916,6.9379000924527645,144.1358316888747
172,,results20_int8_percentile_320,320,240,4,0.43224403262138367,0.6802000571042299,11.856399942189455,0.23560004774481058,12.772200047038496,78.29504676697192
172,,results27_fp32_640,640,480,3,0.32130035758018494,4.456399939954281,19.86830006353557,0.35669992212206125,24.681399925611913,40.51634036213234
172,,results27_mixed_q3q4_640,640,480,3,0.31408393383026123,4.350199946202338,23.26729998458177,0.28600008226931095,27.903500013053417,35.83779810891803
173,,results20_fp32_320,320,240,2,0.5296511054039001,0.43130002450197935,5.306500010192394,0.1957999775186181,5.933600012212992,168.53175103507536
173,,results20_int8_percentile_320,320,240,4,0.4402184784412384,0.41669991333037615,8.838900015689433,0.21059997379779816,9.466199902817607,105.63901145826752
173,,results27_fp32_640,640,480,2,0.3417532742023468,4.031499964185059,19.39559995662421,0.2457000082358718,23.67279992904514,42.242573882148115
173,,results27_mixed_q3q4_640,640,480,1,0.3287707269191742,4.08609991427511,20.445600035600364,0.229199999012053,24.760899948887527,40.386254217909745
174,,results20_fp32_320,320,240,3,0.37032127380371094,1.1121999705210328,4.500900045968592,0.2133999951183796,5.826500011608005,171.6296229310431
174,,results20_int8_percentile_320,320,240,5,0.3259240984916687,0.6214999593794346,9.63480002246797,0.24199998006224632,10.498299961909652,95.25351758172653
174,,results27_fp32_640,640,480,3,0.23805908858776093,4.742799908854067,19.113900023512542,0.2704999642446637,24.127199896611273,41.44699775710204
174,,results27_mixed_q3q4_640,640,480,3,0.22939792275428772,4.601699998602271,24.062999989837408,0.24690001737326384,28.911600005812943,34.58819296749197
175,,results20_fp32_320,320,240,3,0.35964086651802063,0.46680006198585033,5.0166998989880085,0.18500001169741154,5.66849997267127,176.41351412563415
175,,results20_int8_percentile_320,320,240,4,0.33979910612106323,0.42019993998110294,11.409200029447675,0.2269999822601676,12.056399951688945,82.94349922091901
175,,results27_fp32_640,640,480,1,0.2351456582546234,4.4284999603405595,18.842100049369037,0.24969992227852345,23.52029993198812,42.51646462381962
175,,results27_mixed_q3q4_640,640,480,1,0.22418613731861115,4.963300074450672,23.288299911655486,0.26590004563331604,28.517500031739473,35.06618738974376
176,,results20_fp32_320,320,240,2,0.38960716128349304,1.0856000008061528,6.448600091971457,0.17509993631392717,7.709300029091537,129.7134624708386
176,,results20_int8_percentile_320,320,240,4,0.38798007369041443,0.6068999646231532,12.756100040860474,0.23619993589818478,13.599199941381812,73.53373759562433
176,,results27_fp32_640,640,480,2,0.219164177775383,6.516300025396049,19.24890000373125,0.31809997744858265,26.083300006575882,38.33870713245215
176,,results27_mixed_q3q4_640,640,480,3,0.22729170322418213,4.431899986229837,22.258399985730648,0.26700005400925875,26.957300025969744,37.095703168961066
177,,results20_fp32_320,320,240,3,0.3673560619354248,0.7828000234439969,5.261900019831955,0.24550000671297312,6.2902000499889255,158.9774557331862
177,,results20_int8_percentile_320,320,240,4,0.342698335647583,0.674000009894371,9.2644999967888,0.202000024728477,10.140500031411648,98.6144664367987
177,,results27_fp32_640,640,480,2,0.26385045051574707,4.002899979241192,21.67899999767542,0.25559996720403433,25.937499944120646,38.554216950530495
177,,results27_mixed_q3q4_640,640,480,2,0.2621423304080963,4.467400023713708,28.091700049117208,0.25029992684721947,32.809399999678135,30.479070022914474
178,,results20_fp32_320,320,240,3,0.4647269546985626,0.8613999234512448,8.599600056186318,0.21949992515146732,9.68049990478903,103.30045037294933
178,,results20_int8_percentile_320,320,240,4,0.5057028532028198,0.8134000236168504,10.80519997049123,0.2199000446125865,11.838500038720667,84.47016063937653
178,,results27_fp32_640,640,480,2,0.3075444996356964,4.578000050969422,21.033299970440567,0.2954000374302268,25.906700058840215,38.6000531804037
178,,results27_mixed_q3q4_640,640,480,2,0.3170062005519867,5.084499949589372,24.57949996460229,0.22769998759031296,29.891699901781976,33.45410275380108
179,,results20_fp32_320,320,240,2,0.41154158115386963,0.8289000252261758,6.028899922966957,0.18640002235770226,7.044199970550835,141.9607626388555
179,,results20_int8_percentile_320,320,240,5,0.3747854232788086,0.6313999183475971,10.581900016404688,0.2300000051036477,11.443299939855933,87.38737997394392
179,,results27_fp32_640,640,480,1,0.28497543931007385,4.1816000593826175,21.648699999786913,0.31539995688945055,26.14570001605898,38.24720697421713
179,,results27_mixed_q3q4_640,640,480,1,0.28465113043785095,4.909600014798343,22.33199996408075,0.3595000598579645,27.60110003873706,36.23044004030779
180,,results20_fp32_320,320,240,2,0.4647574722766876,1.116400002501905,6.235899985767901,0.2429999876767397,7.595299975946546,131.66036932930717
180,,results20_int8_percentile_320,320,240,4,0.3798908293247223,0.6763000274077058,9.902399964630604,0.2880999818444252,10.866799973882735,92.02341097686529
180,,results27_fp32_640,640,480,2,0.2516317069530487,4.786800011061132,28.25880004093051,0.23040000814944506,33.27600006014109,30.0516888506028
180,,results27_mixed_q3q4_640,640,480,1,0.23952937126159668,3.994499915279448,22.157000028528273,0.23230002261698246,26.383799966424704,37.902046000673614
181,,results20_fp32_320,320,240,3,0.4981272518634796,0.4594998899847269,4.954900010488927,0.20620005670934916,5.620599957183003,177.91694972384965
181,,results20_int8_percentile_320,320,240,5,0.3398793637752533,0.431500026024878,10.238599963486195,0.2568999771028757,10.926999966613948,91.51642747829891
181,,results27_fp32_640,640,480,2,0.3614819645881653,4.382200073450804,22.037699935026467,0.2738999901339412,26.693799998611212,37.46188253647014
181,,results27_mixed_q3q4_640,640,480,2,0.35980451107025146,4.578799940645695,21.53370005544275,0.22179994266480207,26.334299938753247,37.97328967641975
182,,results20_fp32_320,320,240,2,0.5266281366348267,0.879499944858253,5.9281000867486,0.20109990146011114,7.008699933066964,142.6798135959583
182,,results20_int8_percentile_320,320,240,5,0.3546944260597229,0.6149000255391002,11.016300064511597,0.30239997431635857,11.933600064367056,83.79700967069729
182,,results27_fp32_640,640,480,2,0.3445890545845032,5.395099986344576,21.371600101701915,0.29449991416186094,27.061200002208352,36.95327627445916
182,,results27_mixed_q3q4_640,640,480,2,0.32743358612060547,5.5059000151231885,27.67670003231615,0.26220001745969057,33.44480006489903,29.900014293986455
183,,results20_fp32_320,320,240,2,0.4201778769493103,0.9563000639900565,4.893100005574524,0.19679998513311148,6.046200054697692,165.39313799632447
183,,results20_int8_percentile_320,320,240,4,0.41958874464035034,0.62519998755306,8.896099985577166,0.17719995230436325,9.69849992543459,103.10872894657366
183,,results27_fp32_640,640,480,2,0.319897323846817,3.978300024755299,18.25179997831583,0.23570004850625992,22.46580005157739,44.51210273857071
183,,results27_mixed_q3q4_640,640,480,2,0.3290431797504425,4.57380001898855,20.7751999842003,0.24309998843818903,25.592099991627038,39.07455817721757
184,,results20_fp32_320,320,240,2,0.45477762818336487,0.7624999852851033,5.163899972103536,0.17690006643533707,6.1033000238239765,163.84578770444543
184,,results20_int8_percentile_320,320,240,2,0.4146893322467804,0.6215999601408839,9.21249995008111,0.2117000985890627,10.045800008811057,99.54408798930015
184,,results27_fp32_640,640,480,1,0.35765179991722107,4.460699972696602,22.82569999806583,0.24470000062137842,27.53109997138381,36.322558889380126
184,,results27_mixed_q3q4_640,640,480,1,0.34887075424194336,4.776199930347502,23.266300093382597,0.24099997244775295,28.283499996177852,35.35630314972111
185,,results20_fp32_320,320,240,1,0.49629712104797363,0.4197000525891781,4.354699980467558,0.15799992252141237,4.932399955578148,202.74106094520585
185,,results20_int8_percentile_320,320,240,3,0.45053723454475403,0.36200007889419794,10.577299981378019,0.20409992430359125,11.143399984575808,89.73921795719035
185,,results27_fp32_640,640,480,1,0.3859606683254242,4.584199981763959,18.369400058872998,0.23259990848600864,23.186199949122965,43.12910275052751
185,,results27_mixed_q3q4_640,640,480,1,0.37829089164733887,4.294699989259243,23.832199978642166,0.22069993428885937,28.347599902190268,35.276355086510705
186,,results20_fp32_320,320,240,1,0.45292577147483826,0.763899995945394,4.703699960373342,0.161500065587461,5.629100021906197,177.64829122033746
186,,results20_int8_percentile_320,320,240,1,0.4627242684364319,0.39389997255057096,9.799899999052286,0.17680006567388773,10.370600037276745,96.42643592516694
186,,results27_fp32_640,640,480,2,0.3513704836368561,4.659999976865947,19.030200084671378,0.24590000975877047,23.936100071296096,41.777900201845696
186,,results27_mixed_q3q4_640,640,480,2,0.3616815507411957,4.529699916020036,28.182600042782724,0.2615000121295452,32.973799970932305,30.327108215660285
187,,results20_fp32_320,320,240,2,0.474276065826416,0.9234000463038683,4.474699962884188,0.18510001245886087,5.583200021646917,179.10875414150445
187,,results20_int8_percentile_320,320,240,2,0.41170454025268555,0.6423000013455749,8.96380003541708,0.16980001237243414,9.775900049135089,102.29237154367938
187,,results27_fp32_640,640,480,1,0.32690364122390747,4.161100019700825,19.331299932673573,0.2672000555321574,23.759600007906556,42.0882506299444
187,,results27_mixed_q3q4_640,640,480,1,0.3286833167076111,4.526200005784631,23.220399976707995,0.24860003031790257,27.99520001281053,35.72040919666238
188,,results20_fp32_320,320,240,2,0.5141360759735107,1.0776999406516552,5.483700078912079,0.17969997134059668,6.741099990904331,148.34374231939677
188,,results20_int8_percentile_320,320,240,1,0.4683918356895447,0.5803999956697226,9.316600044257939,0.18430000636726618,10.081300046294928,99.1935559310646
188,,results27_fp32_640,640,480,1,0.3887532353401184,5.04790002014488,27.646099915727973,0.25100004859268665,32.94499998446554,30.3536196834581
188,,results27_mixed_q3q4_640,640,480,1,0.38751786947250366,4.592300043441355,23.838700028136373,0.22369995713233948,28.654700028710067,34.89828890192771
189,,results20_fp32_320,320,240,2,0.5394536256790161,0.708900042809546,5.343899945728481,0.1666999887675047,6.2194999773055315,160.78462957615912
189,,results20_int8_percentile_320,320,240,2,0.49083971977233887,0.645600026473403,10.760299977846444,0.1770999515429139,11.58299995586276,86.33341999572812
189,,results27_fp32_640,640,480,1,0.4165157377719879,3.9453000063076615,17.94489996973425,0.24389999452978373,22.134099970571697,45.17915801092188
189,,results27_mixed_q3q4_640,640,480,1,0.41259148716926575,4.440400050953031,21.304199937731028,0.23880007211118937,25.983400060795248,38.48611027272133
190,,results20_fp32_320,320,240,1,0.45781898498535156,0.493300030939281,4.473199951462448,0.17930008471012115,5.14580006711185,194.33324010998032
190,,results20_int8_percentile_320,320,240,3,0.43507251143455505,0.4437000025063753,11.956000002101064,0.30479999259114265,12.704499997198582,78.7122673242163
190,,results27_fp32_640,640,480,1,0.3391945958137512,5.03160001244396,20.42399998754263,0.2266999799758196,25.68229997996241,38.93732262220323
190,,results27_mixed_q3q4_640,640,480,1,0.33523648977279663,3.82860004901886,23.560000001452863,0.2346000401303172,27.62320009060204,36.201453731648556
191,,results20_fp32_320,320,240,3,0.5412179827690125,0.47069997526705265,6.902200053445995,0.3011999651789665,7.674099993892014,130.3084401813792
191,,results20_int8_percentile_320,320,240,3,0.408990740776062,0.4805999342352152,11.96120004169643,0.23090001195669174,12.672699987888336,78.90978252114614
191,,results27_fp32_640,640,480,1,0.3110165596008301,4.579600063152611,19.8443999979645,0.242199981585145,24.666200042702258,40.5413074680654
191,,results27_mixed_q3q4_640,640,480,1,0.31020280718803406,4.453700035810471,21.840699948370457,0.2495000371709466,26.543900021351874,37.67343906493023
192,,results20_fp32_320,320,240,2,0.5769753456115723,1.0015000589191914,6.073999917134643,0.1965999836102128,7.272099959664047,137.51186116069252
192,,results20_int8_percentile_320,320,240,2,0.40181446075439453,0.6347999442368746,10.86620008572936,0.2133999951183796,11.714400025084615,85.3650206462688
192,,results27_fp32_640,640,480,1,0.3097369968891144,4.826899967156351,18.93380004912615,0.22929999977350235,23.990000016056,41.68403498669117
192,,results27_mixed_q3q4_640,640,480,1,0.3150329887866974,4.909300012513995,23.67759996559471,0.2253000857308507,28.812200063839555,34.70751965432308
193,,results20_fp32_320,320,240,1,0.565125584602356,0.8271998958662152,6.316900020465255,0.15870004426687956,7.30279996059835,136.93377956337528
193,,results20_int8_percentile_320,320,240,2,0.4275416433811188,0.546799972653389,10.592199978418648,0.18119998276233673,11.320199933834374,88.33766239509167
193,,results27_fp32_640,640,480,2,0.37652018666267395,4.3892000103369355,20.15890006441623,0.24389999452978373,24.79200006928295,40.33559201377183
193,,results27_mixed_q3q4_640,640,480,1,0.38456735014915466,4.456500057131052,30.514499987475574,0.327700050547719,35.298700095154345,28.329655123398602
194,,results20_fp32_320,320,240,1,0.5550486445426941,0.5206000059843063,4.513300023972988,0.17769995611160994,5.211599986068904,191.87965359449953
194,,results20_int8_percentile_320,320,240,1,0.4311128258705139,0.5897999508306384,9.071200038306415,0.21850003395229578,9.87950002308935,101.21969711654467
194,,results27_fp32_640,640,480,1,0.31458649039268494,5.386400036513805,22.089499980211258,0.2658000448718667,27.74170006159693,36.0468175266702
194,,results27_mixed_q3q4_640,640,480,1,0.32273003458976746,5.0394999561831355,24.512200034223497,0.2481999108567834,29.799899901263416,33.557159698969436
195,,results20_fp32_320,320,240,3,0.5298035144805908,0.5796999903395772,7.1298000402748585,0.21089997608214617,7.920400006696582,126.25624957761157
195,,results20_int8_percentile_320,320,240,3,0.5310660600662231,0.4292000085115433,10.250199935398996,0.23110001347959042,10.91049995739013,91.65482827600938
195,,results27_fp32_640,640,480,1,0.3569382429122925,4.973699920810759,19.221200025640428,0.25749998167157173,24.45239992812276,40.89578131142448
195,,results27_mixed_q3q4_640,640,480,1,0.3599115014076233,4.296099999919534,22.886799997650087,0.2294000005349517,27.412299998104572,36.47997432062049
196,,results20_fp32_320,320,240,2,0.4987081289291382,1.2568000238388777,8.601300069130957,0.2044999273493886,10.062600020319223,99.3778941805019
196,,results20_int8_percentile_320,320,240,3,0.4685240685939789,0.6487000500783324,9.296900010667741,0.1868999097496271,10.1324999704957,98.69232695897833
196,,results27_fp32_640,640,480,1,0.4116998612880707,4.386299988254905,16.93019992671907,0.25530008133500814,21.571799996308982,46.35681770511055
196,,results27_mixed_q3q4_640,640,480,1,0.4066568613052368,4.642699961550534,21.761600044555962,0.22990000434219837,26.634200010448694,37.545711889514095
197,,results20_fp32_320,320,240,2,0.519582986831665,0.5649999948218465,5.450899945572019,0.2264000941067934,6.2423000345006585,160.1973622660054
197,,results20_int8_percentile_320,320,240,2,0.5041228532791138,0.42640010360628366,10.547199985012412,0.192799954675138,11.166400043293834,89.55437707075222
197,,results27_fp32_640,640,480,1,0.32664722204208374,4.32169996201992,19.662100006826222,0.23020000662654638,24.21399997547269,41.298422442097106
197,,results27_mixed_q3q4_640,640,480,1,0.34212273359298706,4.080800106748939,23.866599891334772,0.24860003031790257,28.196000028401613,35.46602351371499
198,,results20_fp32_320,320,240,1,0.47897031903266907,0.9970000246539712,5.528699955902994,0.3029999788850546,6.8286999594420195,146.4407582613589
198,,results20_int8_percentile_320,320,240,2,0.47069811820983887,0.6055000703781843,10.905699920840561,0.23450003936886787,11.745700030587614,85.1375394736666
198,,results27_fp32_640,640,480,1,0.3663341999053955,4.6536000445485115,19.510200014337897,0.26560004334896803,24.429400102235377,40.93428392899818
198,,results27_mixed_q3q4_640,640,480,1,0.35659509897232056,4.723899997770786,22.04050007276237,0.24610001128166914,27.010500081814826,37.02263923181723
199,,results20_fp32_320,320,240,1,0.5030081272125244,0.750600011087954,4.493099986575544,0.1946999691426754,5.438399966806173,183.87761218439277
199,,results20_int8_percentile_320,320,240,3,0.4627703130245209,0.5844999104738235,10.251100058667362,0.18890004139393568,11.024500010535121,90.70706145806069
199,,results27_fp32_640,640,480,2,0.37189221382141113,4.520599963143468,19.568299991078675,0.2563000889495015,24.345200043171644,41.07585882336919
199,,results27_mixed_q3q4_640,640,480,1,0.3628440499305725,4.675300093367696,28.21079990826547,0.22709998302161694,33.113199984654784,30.19943709648771
200,,results20_fp32_320,320,240,2,0.510584831237793,0.4616999067366123,6.318800034932792,0.19399996381253004,6.9744999054819345,143.37945566735232
200,,results20_int8_percentile_320,320,240,2,0.4579569399356842,0.4765000194311142,10.773099958896637,0.22709998302161694,11.476699961349368,87.13306119073845
200,,results27_fp32_640,640,480,1,0.34354662895202637,5.578599986620247,20.345699973404408,0.2899999963119626,26.214299956336617,38.147118239496464
200,,results27_mixed_q3q4_640,640,480,1,0.34742996096611023,4.682599916122854,31.74500004388392,0.3381000133231282,36.7656999733299,27.199264551617595
201,,results20_fp32_320,320,240,2,0.45345592498779297,0.920299906283617,4.873000085353851,0.23110001347959042,6.024400005117059,165.99163388065384
201,,results20_int8_percentile_320,320,240,2,0.38017743825912476,0.673700007610023,11.461999965831637,0.22419996093958616,12.359899934381247,80.90680388263688
201,,results27_fp32_640,640,480,1,0.3490165174007416,4.981499980203807,22.67890004441142,0.23909995798021555,27.899499982595444,35.84293627569779
201,,results27_mixed_q3q4_640,640,480,1,0.35421833395957947,4.242900060489774,23.02089997101575,0.24189997930079699,27.505700010806322,36.35610072120049
202,,results20_fp32_320,320,240,3,0.4398576617240906,0.9675000328570604,4.641199950128794,0.18019997514784336,5.7888999581336975,172.74439137524726
202,,results20_int8_percentile_320,320,240,3,0.3882041573524475,0.5996000254526734,9.260999970138073,0.21219998598098755,10.072799981571734,99.27726171764631
202,,results27_fp32_640,640,480,1,0.2911263108253479,4.410699941217899,21.987400017678738,0.24129997473210096,26.639399933628738,37.53838309013979
202,,results27_mixed_q3q4_640,640,480,1,0.2785339653491974,4.168799961917102,21.04660007171333,0.2449000021442771,25.460300035774708,39.276834860346604
203,,results20_fp32_320,320,240,4,0.4056776762008667,0.6125000072643161,4.923100001178682,0.2009999006986618,5.73659990914166,174.31928596003922
203,,results20_int8_percentile_320,320,240,5,0.3396061956882477,0.46900007873773575,9.548599948175251,0.2354000462219119,10.2530000731349,97.53242883711847
203,,results27_fp32_640,640,480,2,0.3354685604572296,3.86969989631325,18.178500002250075,0.26210001669824123,22.310299915261567,44.82234679937856
203,,results27_mixed_q3q4_640,640,480,2,0.32654431462287903,4.403500002808869,21.788100013509393,0.22819999139755964,26.41980000771582,37.85040006767474
204,,results20_fp32_320,320,240,4,0.38938480615615845,0.8729000110179186,5.746999988332391,0.21229998674243689,6.832199986092746,146.36573900581737
204,,results20_int8_percentile_320,320,240,5,0.3370099365711212,0.5953999934718013,10.308200027793646,0.228899996727705,11.132500017993152,89.82708272029892
204,,results27_fp32_640,640,480,3,0.27560266852378845,4.5415000058710575,19.787500030361116,0.3066000062972307,24.635600042529404,40.59166402578629
204,,results27_mixed_q3q4_640,640,480,3,0.26945117115974426,4.840100067667663,23.352199932560325,0.4121999954804778,28.604499995708466,34.95953434424759
205,,results20_fp32_320,320,240,2,0.5646008849143982,1.4445999404415488,7.426100084558129,0.322299893014133,9.192999918013811,108.77841933191864
205,,results20_int8_percentile_320,320,240,3,0.4387122094631195,0.9304000996053219,15.256499988026917,0.3162999637424946,16.503200051374733,60.59430879386928
205,,results27_fp32_640,640,480,2,0.343848317861557,5.841700010932982,20.642800023779273,0.278000021353364,26.76250005606562,37.36571687641543
205,,results27_mixed_q3q4_640,640,480,2,0.3368619680404663,5.206499947234988,22.457099985331297,0.27270009741187096,27.936300029978156,35.79572094110209
206,,results20_fp32_320,320,240,3,0.5394747853279114,0.800300040282309,5.412700003944337,0.20469992887228727,6.417699973098934,155.8190635573023
206,,results20_int8_percentile_320,320,240,6,0.46221044659614563,0.6206999532878399,9.796899976208806,0.21510000806301832,10.632699937559664,94.04948939333205
206,,results27_fp32_640,640,480,2,0.3030470311641693,4.057300044223666,20.620299968868494,0.2813000464811921,24.958900059573352,40.06586819183305
206,,results27_mixed_q3q4_640,640,480,2,0.30611056089401245,4.93819999974221,21.11870003864169,0.22579997312277555,26.282700011506677,38.047841339063176
207,,results20_fp32_320,320,240,4,0.4601363241672516,0.4629000322893262,4.436699906364083,0.1960000954568386,5.095600034110248,196.24774183725975
207,,results20_int8_percentile_320,320,240,5,0.44149714708328247,0.40090002585202456,10.269899968989193,0.23960007820278406,10.910400073044002,91.65566737288304
207,,results27_fp32_640,640,480,3,0.3229193389415741,4.2990000220015645,19.958500051870942,0.24869991466403008,24.506199988536537,40.80600013334495
207,,results27_mixed_q3q4_640,640,480,2,0.30756446719169617,4.534300067462027,22.31010003015399,0.33569999504834414,27.18010009266436,36.79162315777822
208,,results20_fp32_320,320,240,4,0.453999787569046,0.736700021661818,6.971199996769428,0.2164000179618597,7.924300036393106,126.19411120318568
208,,results20_int8_percentile_320,320,240,5,0.4516185522079468,0.421699951402843,9.498400031588972,0.2946000313386321,10.214700014330447,97.89812707148288
208,,results27_fp32_640,640,480,2,0.29633447527885437,4.92609990760684,21.829100092872977,0.29829994309693575,27.053499943576753,36.96379404090477
208,,results27_mixed_q3q4_640,640,480,2,0.2900363504886627,4.859799984842539,31.219199998304248,0.3533000126481056,36.43229999579489,27.448170994294145
209,,results20_fp32_320,320,240,2,0.4298774003982544,0.9110000682994723,6.506999954581261,0.3060000017285347,7.724000024609268,129.4665972053239
209,,results20_int8_percentile_320,320,240,4,0.4146893322467804,0.9354000212624669,10.583900031633675,0.2587999915704131,11.778100044466555,84.90333722965852
209,,results27_fp32_640,640,480,1,0.33364221453666687,4.996199975721538,20.244100014679134,0.2688999520614743,25.509199942462146,39.20154306115334
209,,results27_mixed_q3q4_640,640,480,1,0.34431934356689453,5.4036000510677695,30.445599928498268,0.25210005696862936,36.10130003653467,27.69983349596817
210,,results20_fp32_320,320,240,2,0.45422428846359253,0.897600082680583,4.436700022779405,0.17269991803914309,5.507000023499131,181.5870702256876
210,,results20_int8_percentile_320,320,240,4,0.46757665276527405,0.5716000450775027,8.945499896071851,0.287200091406703,9.804300032556057,101.99606261328299
210,,results27_fp32_640,640,480,2,0.3343672454357147,4.383199964649975,18.531300011090934,0.2465000143274665,23.160999990068376,43.17602868739726
210,,results27_mixed_q3q4_640,640,480,2,0.3209896683692932,4.624100052751601,24.700699956156313,0.25530008133500814,29.580100090242922,33.80651170716805
211,,results20_fp32_320,320,240,2,0.45653343200683594,1.1003999970853329,7.307799998670816,0.2012000186368823,8.609400014393032,116.15211261275105
211,,results20_int8_percentile_320,320,240,4,0.45951515436172485,0.6213000742718577,10.124300024472177,0.22029993124306202,10.965900029987097,91.19178519459626
211,,results27_fp32_640,640,480,1,0.28844380378723145,4.4493000023067,19.550599972717464,0.2538000699132681,24.253700044937432,41.23082243728556
211,,results27_mixed_q3q4_640,640,480,1,0.28709906339645386,4.929299931973219,21.553199971094728,0.2723000943660736,26.75479999743402,37.37647076770924
212,,results20_fp32_320,320,240,3,0.46933990716934204,0.914699980057776,5.960900103673339,0.2117999829351902,7.087400066666305,141.0954638645606
212,,results20_int8_percentile_320,320,240,5,0.4285191297531128,0.6319000385701656,9.755500010214746,0.22929999977350235,10.616700048558414,94.19122659830488
212,,results27_fp32_640,640,480,1,0.3844452500343323,4.50089992955327,23.32380006555468,0.25699997786432505,28.081699972972274,35.610379747752724
212,,results27_mixed_q3q4_640,640,480,1,0.37157195806503296,4.849399905651808,28.0542999971658,0.22620009258389473,33.1298999954015,30.18421426381613
213,,results20_fp32_320,320,240,2,0.5265025496482849,1.2798999669030309,5.23739994969219,0.19050005357712507,6.707799970172346,149.08017598120279
213,,results20_int8_percentile_320,320,240,3,0.5277261137962341,0.6704999832436442,10.570599930360913,0.20240002777427435,11.443499941378832,87.38585267817196
213,,results27_fp32_640,640,480,2,0.3370458781719208,4.417599993757904,25.548000005073845,0.31130004208534956,30.2769000409171,33.02848041406387
213,,results27_mixed_q3q4_640,640,480,2,0.3352501392364502,4.483200027607381,22.398600005544722,0.27650000993162394,27.158300043083727,36.8211559049575
214,,results20_fp32_320,320,240,2,0.492253839969635,0.6231999723240733,4.957400029525161,0.18770003225654364,5.768300034105778,173.36130126508294
214,,results20_int8_percentile_320,320,240,3,0.4513972997665405,0.5869000451639295,8.510899962857366,0.18900004215538502,9.28680005017668,107.67971686662675
214,,results27_fp32_640,640,480,2,0.3083905875682831,4.303300054743886,24.453000049106777,0.35859993658959866,29.11490004044026,34.3466746789792
214,,results27_mixed_q3q4_640,640,480,2,0.29847288131713867,5.622100085020065,29.71639996394515,0.2836999483406544,35.62219999730587,28.072381831431823
215,,results20_fp32_320,320,240,2,0.46106892824172974,0.44050009455531836,4.9752999329939485,0.18360000103712082,5.599400028586388,178.5905623628855
215,,results20_int8_percentile_320,320,240,3,0.4533032774925232,0.45980000868439674,10.133599978871644,0.2856999635696411,10.879099951125681,91.91936874304828
215,,results27_fp32_640,640,480,1,0.38324591517448425,4.862100002355874,30.323499930091202,0.22310006897896528,35.40870000142604,28.241646825772374
215,,results27_mixed_q3q4_640,640,480,1,0.3857227563858032,4.122499958612025,23.81689997855574,0.19209994934499264,28.131499886512756,35.54734031367576
216,,results20_fp32_320,320,240,2,0.47306254506111145,0.8723000064492226,4.748899955302477,0.19040005281567574,5.811600014567375,172.0696533645462
216,,results20_int8_percentile_320,320,240,3,0.5242019891738892,0.611600000411272,10.071499971672893,0.22629997693002224,10.909399949014187,91.66406994642851
216,,results27_fp32_640,640,480,2,0.3743620812892914,4.816800006665289,28.665299993008375,0.37859997246414423,33.86069997213781,29.53276219401393
216,,results27_mixed_q3q4_640,640,480,2,0.3813270926475525,5.225899978540838,24.12090008147061,0.28899998869746923,29.635800048708916,33.74297297040796
217,,results20_fp32_320,320,240,2,0.5302837491035461,0.44549989979714155,4.717400064691901,0.1775999553501606,5.340499919839203,187.24838779327402
217,,results20_int8_percentile_320,320,240,3,0.4006134569644928,0.4019000334665179,9.25689993891865,0.2367000561207533,9.895500028505921,101.05603528061286
217,,results27_fp32_640,640,480,2,0.19708262383937836,4.319900064729154,22.889800020493567,0.2669999375939369,27.476700022816658,36.394472377308766
217,,results27_mixed_q3q4_640,640,480,3,0.2083355039358139,4.292799974791706,24.2276000790298,0.2607000060379505,28.781100059859455,34.745023571725255
218,,results20_fp32_320,320,240,2,0.3336227536201477,1.0729000205174088,5.9652000200003386,0.19429996609687805,7.2324000066146255,138.2666886628806
218,,results20_int8_percentile_320,320,240,4,0.3894709646701813,0.586999929510057,9.242100059054792,0.20270003005862236,10.031800018623471,99.68300784939456
218,,results27_fp32_640,640,480,1,0.17149941623210907,4.35740000102669,17.92330003809184,0.2125999890267849,22.493300028145313,44.457682898850976
218,,results27_mixed_q3q4_640,640,480,0,0.0,4.642299958504736,26.0380000108853,0.07049995474517345,30.750799924135208,32.519479248249915
219,,results20_fp32_320,320,240,2,0.41530001163482666,0.8926000446081161,5.436999956145883,0.1957000931724906,6.525300093926489,153.2496568136021
219,,results20_int8_percentile_320,320,240,3,0.3891213834285736,0.4577001091092825,9.886499959975481,0.2047000452876091,10.548900114372373,94.7966128371571
219,,results27_fp32_640,640,480,1,0.2931579053401947,4.076200071722269,18.710499978624284,0.26679993607103825,23.05349998641759,43.37736138066537
219,,results27_mixed_q3q4_640,640,480,1,0.2858623266220093,4.239500034600496,26.757400017231703,0.20059989765286446,31.197499949485064,32.0538505206891
220,,results20_fp32_320,320,240,2,0.33365964889526367,0.7834000280126929,6.0885000275447965,0.31239993404597044,7.18429998960346,139.1924058637751
220,,results20_int8_percentile_320,320,240,4,0.2914978861808777,0.9148999815806746,9.802600019611418,0.24349999148398638,10.96099999267608,91.2325518354329
220,,results27_fp32_640,640,480,1,0.2289828509092331,4.806000040844083,29.018400004133582,0.33089995849877596,34.15530000347644,29.278032981651943
220,,results27_mixed_q3q4_640,640,480,1,0.2230101078748703,4.594499943777919,30.77299997676164,0.2226000651717186,35.59009998571128,28.097701338335106
221,,results20_fp32_320,320,240,2,0.2107507437467575,0.534399994648993,4.931100062094629,0.30499999411404133,5.770500050857663,173.29520686016997
221,,results20_int8_percentile_320,320,240,4,0.2812628448009491,0.5735000595450401,9.416199987754226,0.20509993191808462,10.19479997921735,98.08922215625161
221,,results27_fp32_640,640,480,0,0.0,4.213299951516092,19.267800031229854,0.0727999722585082,23.553899955004454,42.45581419256779
221,,results27_mixed_q3q4_640,640,480,0,0.0,4.027699935249984,22.46100001502782,0.06630003917962313,26.55499998945743,37.65769159845637
222,,results20_fp32_320,320,240,1,0.21099761128425598,0.5273999413475394,4.864700022153556,0.18989993259310722,5.581999896094203,179.14726238166233
222,,results20_int8_percentile_320,320,240,3,0.2347925305366516,0.4330999217927456,9.415899985469878,0.215300009585917,10.06429991684854,99.36110889600084
222,,results27_fp32_640,640,480,0,0.0,4.237000015564263,20.26390004903078,0.07939990609884262,24.580299970693886,40.68298601694285
222,,results27_mixed_q3q4_640,640,480,0,0.0,6.099599995650351,24.875600007362664,0.0735999783501029,31.048799981363118,32.2073639110125
223,,results20_fp32_320,320,240,1,0.2126438319683075,0.4925000248476863,6.570999976247549,0.18430000636726618,7.2478000074625015,137.97290197996315
223,,results20_int8_percentile_320,320,240,3,0.21457113325595856,0.3978000022470951,10.222700075246394,0.2948999172076583,10.915399994701147,91.6136834642292
223,,results27_fp32_640,640,480,0,0.0,5.317699979059398,19.810899975709617,0.06970006506890059,25.198300019837916,39.68521682862447
223,,results27_mixed_q3q4_640,640,480,0,0.0,4.761200048960745,26.553799980320036,0.08350005373358727,31.39850008301437,31.848655106330046
224,,results20_fp32_320,320,240,1,0.2119186818599701,0.9829000337049365,5.0888999830931425,0.1879000337794423,6.259700050577521,159.75206350466263
224,,results20_int8_percentile_320,320,240,2,0.25429078936576843,0.8898000232875347,9.796099970117211,0.18800003454089165,10.873900027945638,91.9633247896363
224,,results27_fp32_640,640,480,0,0.0,4.535199957899749,22.777799982577562,0.0798000255599618,27.392799966037273,36.50594321280926
224,,results27_mixed_q3q4_640,640,480,0,0.0,4.976500058546662,32.459699898026884,0.07170008029788733,37.50790003687143,26.661050045909498
225,,results20_fp32_320,320,240,1,0.210846409201622,0.7292999653145671,5.611800006590784,0.20140002015978098,6.542499992065132,152.84677129733572
225,,results20_int8_percentile_320,320,240,3,0.22506912052631378,0.6294000195339322,9.225999936461449,0.20590005442500114,10.061300010420382,99.39073469276441
225,,results27_fp32_640,640,480,0,0.0,4.3163999216631055,18.061700044199824,0.0638000201433897,22.44189998600632,44.55950702139977
225,,results27_mixed_q3q4_640,640,480,0,0.0,4.568299977108836,26.81870001833886,0.05830009467899799,31.445300090126693,31.801254786370556
226,,results20_fp32_320,320,240,1,0.20877915620803833,0.8143000304698944,5.157799925655127,0.15710003208369017,6.129199988208711,163.1534297989606
226,,results20_int8_percentile_320,320,240,4,0.2347925305366516,0.5363000091165304,10.745099978521466,0.22799998987466097,11.509399977512658,86.8855024548477
226,,results27_fp32_640,640,480,0,0.0,4.544800030998886,26.918299961835146,0.09890005458146334,31.562000047415495,31.6836701887619
226,,results27_mixed_q3q4_640,640,480,0,0.0,4.6042000176385045,28.607500018551946,0.06440002471208572,33.276100060902536,30.051598539786255
227,,results20_fp32_320,320,240,1,0.20786558091640472,0.46289991587400436,4.537200089544058,0.1783999614417553,5.1784999668598175,193.10611304423517
227,,results20_int8_percentile_320,320,240,3,0.25429078936576843,0.39299996569752693,8.57860001269728,0.16709999181330204,9.138699970208108,109.4247544245867
227,,results27_fp32_640,640,480,0,0.0,3.67719994392246,22.63440005481243,0.06839993875473738,26.37999993748963,37.90750577595194
227,,results27_mixed_q3q4_640,640,480,0,0.0,3.978300024755299,25.52700007800013,0.06419990677386522,29.569500009529293,33.818630672744966
228,,results20_fp32_320,320,240,1,0.20776820182800293,0.48470008186995983,6.222099997103214,0.15929993242025375,6.866100011393428,145.64308680919677
228,,results20_int8_percentile_320,320,240,3,0.2530112564563751,0.36990002263337374,9.484300040639937,0.2125999890267849,10.066800052300096,99.33643211394833
228,,results27_fp32_640,640,480,0,0.0,4.112099995836616,23.69230007752776,0.0619000056758523,27.86630007904023,35.88563954179747
228,,results27_mixed_q3q4_640,640,480,0,0.0,3.8850000128149986,20.584699930623174,0.0591999851167202,24.528899928554893,40.76823677020539
229,,results20_fp32_320,320,240,1,0.20538903772830963,0.5966000026091933,5.445100017823279,0.22540008649230003,6.267100106924772,159.56343172100594
229,,results20_int8_percentile_320,320,240,3,0.2160777896642685,0.49130001571029425,10.077400016598403,0.21730002481490374,10.786000057123601,92.71277532949308
229,,results27_fp32_640,640,480,0,0.0,4.295300110243261,18.160799983888865,0.06909994408488274,22.525200038217008,44.39472228008482
229,,results27_mixed_q3q4_640,640,480,0,0.0,4.116500029340386,21.731099928729236,0.061700004152953625,25.909299962222576,38.596179806404045
230,,results20_fp32_320,320,240,1,0.2114732563495636,0.4771000239998102,6.862099980935454,0.15869992785155773,7.497899932786822,133.37067831849814
230,,results20_int8_percentile_320,320,240,3,0.25546300411224365,0.36720000207424164,9.774500038474798,0.19040005281567574,10.332100093364716,96.78574452082601
230,,results27_fp32_640,640,480,0,0.0,3.745800000615418,17.35819992609322,0.06550003308802843,21.169499959796667,47.23777141165903
230,,results27_mixed_q3q4_640,640,480,0,0.0,4.044600063934922,21.89639990683645,0.06260001100599766,26.00359998177737,38.45621378196763
231,,results20_fp32_320,320,240,1,0.20853346586227417,0.9913999820128083,4.659399972297251,0.1647999742999673,5.815599928610027,171.95130550168497
231,,results20_int8_percentile_320,320,240,3,0.30385562777519226,0.785800046287477,11.780900065787137,0.21789991296827793,12.784600025042892,78.21910721032863
231,,results27_fp32_640,640,480,0,0.0,4.442300065420568,26.754499995149672,0.06420002318918705,31.261000083759427,31.988739877823534
231,,results27_mixed_q3q4_640,640,480,0,0.0,4.016899969428778,22.337900009006262,0.06860005669295788,26.423400035127997,37.84524318106574
232,,results20_fp32_320,320,240,1,0.21153882145881653,1.0928999399766326,5.227699992246926,0.3391000209376216,6.65969995316118,150.1569150311835
232,,results20_int8_percentile_320,320,240,3,0.2304779589176178,0.9044000180438161,10.145699954591691,0.2351000439375639,11.285200016573071,88.61163280503962
232,,results27_fp32_640,640,480,0,0.0,4.741600016131997,21.570299984887242,0.06750004831701517,26.379400049336255,37.908367822230346
232,,results27_mixed_q3q4_640,640,480,0,0.0,3.967400058172643,21.546400035731494,0.06959994789212942,25.583400041796267,39.08784596129811
233,,results20_fp32_320,320,240,1,0.2153662145137787,0.7215000223368406,4.712400026619434,0.16459997277706861,5.598500021733344,178.61927232615986
233,,results20_int8_percentile_320,320,240,3,0.2332775741815567,0.5897999508306384,8.831399958580732,0.21980004385113716,9.640999953262508,103.72368061900059
233,,results27_fp32_640,640,480,0,0.0,3.8343999767675996,22.063100012019277,0.07539999205619097,25.972899980843067,38.50166907575103
233,,results27_mixed_q3q4_640,640,480,0,0.0,5.104799987748265,20.88630001526326,0.06440002471208572,26.05550002772361,38.379612708870624
234,,results20_fp32_320,320,240,1,0.21355165541172028,0.7458999752998352,6.91780005581677,0.17390004359185696,7.837600074708462,127.59007737929234
234,,results20_int8_percentile_320,320,240,4,0.33536651730537415,0.5635000998154283,8.795499918051064,0.2215000567957759,9.580500074662268,104.37868505890617
234,,results27_fp32_640,640,480,0,0.0,4.53540007583797,18.81309994496405,0.06550003308802843,23.41400005389005,42.70948995038795
234,,results27_mixed_q3q4_640,640,480,0,0.0,4.378999932669103,19.979100092314184,0.06799993570894003,24.426099960692227,40.939814444764124
235,,results20_fp32_320,320,240,1,0.21382874250411987,0.8875000057742,4.773000022396445,0.16609998419880867,5.826600012369454,171.6266772864229
235,,results20_int8_percentile_320,320,240,4,0.3399982452392578,0.5532000213861465,8.90889996662736,0.20070001482963562,9.662800002843142,103.48967170031091
235,,results27_fp32_640,640,480,0,0.0,3.944600000977516,18.9257999882102,0.06919994484633207,22.93959993403405,43.59273931871682
235,,results27_mixed_q3q4_640,640,480,0,0.0,5.032900022342801,26.103600044734776,0.08239992894232273,31.2188999960199,32.031878129193856
236,,results20_fp32_320,320,240,1,0.21473048627376556,0.4616000223904848,4.481400013901293,0.1694000093266368,5.112400045618415,195.60284623208437
236,,results20_int8_percentile_320,320,240,3,0.31614500284194946,0.38949993904680014,9.48959996458143,0.21070009097456932,10.0897999946028,99.10999232243617
236,,results27_fp32_640,640,480,0,0.0,4.416400101035833,20.60779999010265,0.06749993190169334,25.091700023040175,39.85381616557511
236,,results27_mixed_q3q4_640,640,480,0,0.0,4.548999946564436,23.596600047312677,0.06440002471208572,28.2100000185892,35.44842252183773
237,,results20_fp32_320,320,240,1,0.2103252410888672,0.4607998998835683,5.266100051812828,0.19859999883919954,5.925499950535595,168.76213118685652
237,,results20_int8_percentile_320,320,240,3,0.21663664281368256,0.42589998338371515,9.213699959218502,0.1876000314950943,9.827199974097311,101.75838515913136
237,,results27_fp32_640,640,480,0,0.0,3.815400064922869,19.68609995674342,0.06350001785904169,23.56500003952533,42.43581575738215
237,,results27_mixed_q3q4_640,640,480,0,0.0,4.274699953384697,19.597000093199313,0.05859998054802418,23.930300027132034,41.78802601163403
238,,results20_fp32_320,320,240,1,0.21001911163330078,0.44139998499304056,4.920599982142448,0.16030005645006895,5.522300023585558,181.0839678628531
238,,results20_int8_percentile_320,320,240,3,0.2858581840991974,0.37180003710091114,8.42590001411736,0.17689995002001524,8.974600001238286,111.42557884050801
238,,results27_fp32_640,640,480,0,0.0,3.841400030069053,21.35170006658882,0.06989995017647743,25.26300004683435,39.58358065733004
238,,results27_mixed_q3q4_640,640,480,0,0.0,4.743300029076636,22.810099995695055,0.0657000346109271,27.619100059382617,36.20682780575557
239,,results20_fp32_320,320,240,1,0.21322113275527954,0.4588000010699034,4.721600096672773,0.17959997057914734,5.360000068321824,186.56716180100582
239,,results20_int8_percentile_320,320,240,2,0.23687732219696045,0.4560999805107713,11.227300041355193,0.27900002896785736,11.962400050833821,83.5952648089458
239,,results27_fp32_640,640,480,0,0.0,4.488800070248544,19.582799985073507,0.06400002166628838,24.13560007698834,41.432572499137166
239,,results27_mixed_q3q4_640,640,480,0,0.0,3.688800032250583,20.996500039473176,0.06130000110715628,24.746600072830915,40.40959150173892
240,,results20_fp32_320,320,240,1,0.21183688938617706,0.49620005302131176,4.915999947115779,0.16820000018924475,5.580400000326335,179.19862374409024
240,,results20_int8_percentile_320,320,240,3,0.2211868017911911,0.41229999624192715,8.869400015100837,0.22139993961900473,9.503099950961769,105.22882061224603
240,,results27_fp32_640,640,480,0,0.0,4.141699988394976,27.287499979138374,0.06530003156512976,31.49449999909848,31.751575672851597
240,,results27_mixed_q3q4_640,640,480,0,0.0,3.6404000129550695,25.599900051020086,0.06420002318918705,29.304500087164342,34.124451774490765
241,,results20_fp32_320,320,240,1,0.2124691903591156,0.5498999962583184,5.7134999660775065,0.20490004681050777,6.468300009146333,154.60012655349564
241,,results20_int8_percentile_320,320,240,2,0.22267287969589233,0.480900052934885,10.757299955002964,0.1852000132203102,11.423400021158159,87.53961151214376
241,,results27_fp32_640,640,480,0,0.0,3.877999959513545,21.112299989908934,0.07219996768981218,25.06249991711229,39.900249508518314
241,,results27_mixed_q3q4_640,640,480,0,0.0,3.980400040745735,21.638099919073284,0.07330009248107672,25.691800052300096,38.92292474502866
242,,results20_fp32_320,320,240,1,0.210754856467247,0.5002999678254128,7.183699985034764,0.18630002159625292,7.8702999744564295,127.05996000731422
242,,results20_int8_percentile_320,320,240,3,0.21757632493972778,0.4275999963283539,9.003199986182153,0.19990000873804092,9.630699991248548,103.83461232399551
242,,results27_fp32_640,640,480,0,0.0,4.573000012896955,23.137300042435527,0.07569999434053898,27.78600004967302,35.9893470889045
242,,results27_mixed_q3q4_640,640,480,0,0.0,4.5952999498695135,21.62420004606247,0.06320001557469368,26.282700011506677,38.047841339063176
243,,results20_fp32_320,320,240,1,0.21379338204860687,0.49830006901174784,8.152399910613894,0.2885001013055444,8.939200080931187,111.86683270835024
243,,results20_int8_percentile_320,320,240,2,0.23373198509216309,0.7764999754726887,14.90520010702312,0.2767998958006501,15.958499978296459,62.66253102484562
243,,results27_fp32_640,640,480,0,0.0,5.275000003166497,23.421799996867776,0.07840001489967108,28.775200014933944,34.752147664690895
243,,results27_mixed_q3q4_640,640,480,0,0.0,3.962599905207753,31.41030005645007,0.10139995720237494,35.4742999188602,28.189421702113478
244,,results20_fp32_320,320,240,1,0.21155747771263123,1.255100010894239,5.320299998857081,0.2634000265970826,6.8388000363484025,146.2244830503851
244,,results20_int8_percentile_320,320,240,2,0.26570773124694824,0.6077000871300697,9.258099948056042,0.1903000520542264,10.056100087240338,99.44212878995188
244,,results27_fp32_640,640,480,0,0.0,3.924200078472495,22.351799998432398,0.06120000034570694,26.3372000772506,37.96910822209132
244,,results27_mixed_q3q4_640,640,480,0,0.0,3.7835000548511744,20.5690999282524,0.07290008943527937,24.425500072538853,40.94081992303944
245,,results20_fp32_320,320,240,1,0.21132677793502808,0.9495000122115016,4.98560001142323,0.1922999508678913,6.127399974502623,163.20135851441174
245,,results20_int8_percentile_320,320,240,3,0.23373198509216309,0.7515000179409981,11.030999943614006,0.21850003395229578,12.0009999955073,83.32638949873848
245,,results27_fp32_640,640,480,0,0.0,5.241299979388714,19.356800010427833,0.07379997987300158,24.671899969689548,40.531941246054885
245,,results27_mixed_q3q4_640,640,480,0,0.0,4.048299975693226,20.555100054480135,0.06610003765672445,24.669500067830086,40.535884280202175
246,,results20_fp32_320,320,240,1,0.21042390167713165,0.6639999337494373,5.697700078599155,0.19999989308416843,6.561699905432761,152.39953280582822
246,,results20_int8_percentile_320,320,240,1,0.21232552826404572,0.6092999828979373,10.52840007469058,0.2031000331044197,11.340800090692937,88.17720019777711
246,,results27_fp32_640,640,480,0,0.0,5.097399931401014,19.819800043478608,0.07329997606575489,24.990499950945377,40.015205856742796
246,,results27_mixed_q3q4_640,640,480,0,0.0,4.540499998256564,21.379999932833016,0.07170008029788733,25.992200011387467,38.47308036879868
247,,results20_fp32_320,320,240,1,0.20915435254573822,0.8267000084742904,4.91729995701462,0.1727000344544649,5.916699999943376,169.0131323219988
247,,results20_int8_percentile_320,320,240,3,0.2819633185863495,0.6723999977111816,9.935799986124039,0.19789999350905418,10.806099977344275,92.54032464039462
247,,results27_fp32_640,640,480,0,0.0,4.128300002776086,19.305699970573187,0.07339997682720423,23.507399950176477,42.539796069300834
247,,results27_mixed_q3q4_640,640,480,0,0.0,4.068700014613569,20.8369999891147,0.06130000110715628,24.967000004835427,40.05286978036317
248,,results20_fp32_320,320,240,1,0.2124815136194229,0.709500047378242,4.552499973215163,0.1764999469742179,5.438499967567623,183.87423112319178
248,,results20_int8_percentile_320,320,240,3,0.23584097623825073,0.5658000009134412,9.816900012083352,0.20490004681050777,10.5876000598073,94.45011091760114
248,,results27_fp32_640,640,480,0,0.0,4.223200026899576,21.91109990235418,0.06530003156512976,26.199599960818887,38.16852171389964
248,,results27_mixed_q3q4_640,640,480,0,0.0,4.60029998794198,21.070800023153424,0.07099995855242014,25.742099969647825,38.846869570823166
249,,results20_fp32_320,320,240,1,0.21229462325572968,0.7176999934017658,4.765799967572093,0.17070001922547817,5.654199980199337,176.8596801496125
249,,results20_int8_percentile_320,320,240,3,0.22191017866134644,0.6023000460118055,9.35179996304214,0.19719998817890882,10.151299997232854,98.50955052777381
249,,results27_fp32_640,640,480,0,0.0,4.174100002273917,17.938199918717146,0.06860005669295788,22.18089997768402,45.08383343354372
249,,results27_mixed_q3q4_640,640,480,0,0.0,4.78259997908026,25.148199987597764,0.07329997606575489,30.00409994274378,33.32877846388593
250,,results20_fp32_320,320,240,1,0.21004806458950043,0.4669999470934272,4.71460004337132,0.152900000102818,5.334499990567565,187.45899367666976
250,,results20_int8_percentile_320,320,240,4,0.22506912052631378,0.36449998151510954,11.121200048364699,0.23410003632307053,11.719800066202879,85.32568766968667
250,,results27_fp32_640,640,480,0,0.0,4.897200036793947,18.86059995740652,0.07550010923296213,23.83330010343343,41.95810045860748
250,,results27_mixed_q3q4_640,640,480,0,0.0,4.109500092454255,21.83159999549389,0.08719996549189091,26.028300053440034,38.41971999503805
251,,results20_fp32_320,320,240,1,0.21012835204601288,0.44159998651593924,4.423400037921965,0.18759991507977247,5.052599939517677,197.91790602274764
251,,results20_int8_percentile_320,320,240,2,0.2347925305366516,0.4459000192582607,9.986900025978684,0.20809995476156473,10.64089999999851,93.97701322257892
251,,results27_fp32_640,640,480,0,0.0,4.358600010164082,20.37520008161664,0.0779998954385519,24.811799987219274,40.30340404626455
251,,results27_mixed_q3q4_640,640,480,0,0.0,4.765900084748864,23.076999932527542,0.06610003765672445,27.90900005493313,35.83073553447653
252,,results20_fp32_320,320,240,1,0.20846249163150787,0.4589000018313527,4.811099963262677,0.19749999046325684,5.467499955557287,182.8989498177459
252,,results20_int8_percentile_320,320,240,2,0.24886275827884674,0.4186000442132354,9.8405999597162,0.21009996999055147,10.469299973919988,95.51737007164702
252,,results27_fp32_640,640,480,0,0.0,4.241300048306584,19.30839999113232,0.07399998139590025,23.623700020834804,42.330371580999376
252,,results27_mixed_q3q4_640,640,480,0,0.0,4.705299972556531,22.400800022296607,0.06659992504864931,27.17269991990179,36.80164293381761
253,,results20_fp32_320,320,240,1,0.21087785065174103,0.49320003017783165,4.502400057390332,0.16519997734576464,5.1608000649139285,193.76840556148883
253,,results20_int8_percentile_320,320,240,3,0.2645452618598938,0.3915999550372362,12.136399978771806,0.25749998167157173,12.785499915480614,78.21360186231009
253,,results27_fp32_640,640,480,0,0.0,4.788000020198524,19.139799987897277,0.06909994408488274,23.996899952180684,41.672049389409835
253,,results27_mixed_q3q4_640,640,480,0,0.0,4.159800009801984,20.479599945247173,0.06370001938194036,24.703099974431098,40.480749421532046
254,,results20_fp32_320,320,240,1,0.20971976220607758,0.45060005504637957,4.768399987369776,0.18400000408291817,5.4030000464990735,185.08236005808658
254,,results20_int8_percentile_320,320,240,2,0.22411565482616425,0.4015000304207206,9.047399973496795,0.19419996533542871,9.643099969252944,103.70109230314975
254,,results27_fp32_640,640,480,0,0.0,3.9409000892192125,20.233699935488403,0.08150003850460052,24.256100063212216,41.22674285618736
254,,results27_mixed_q3q4_640,640,480,0,0.0,4.602200002409518,28.200600063428283,0.07639999967068434,32.879200065508485,30.414365252427096
255,,results20_fp32_320,320,240,1,0.20800679922103882,0.43759995605796576,4.8093999503180385,0.15550001990050077,5.402499926276505,185.09949350230107
255,,results20_int8_percentile_320,320,240,3,0.22598598897457123,0.4029000410810113,10.28509996831417,0.22009992972016335,10.908099939115345,91.6749943236311
255,,results27_fp32_640,640,480,0,0.0,4.265899886377156,22.779400111176074,0.06869994103908539,27.113999938592315,36.88131600888088
255,,results27_mixed_q3q4_640,640,480,0,0.0,3.9862999692559242,28.90630008187145,0.0662999227643013,32.958899973891675,30.340818437270297
256,,results20_fp32_320,320,240,1,0.21196962893009186,0.4270999925211072,4.678600002080202,0.17529993783682585,5.280999932438135,189.35807854447737
256,,results20_int8_percentile_320,320,240,3,0.22315078973770142,0.3727999283000827,8.615100057795644,0.1943999668583274,9.182299952954054,108.90517682100858
256,,results27_fp32_640,640,480,0,0.0,3.8509999867528677,23.803799995221198,0.07810001261532307,27.73289999458939,36.05825572497277
256,,results27_mixed_q3q4_640,640,480,0,0.0,4.682200029492378,23.226599907502532,0.07730000652372837,27.98609994351864,35.732024184084004
257,,results20_fp32_320,320,240,1,0.2125038206577301,0.5125000607222319,6.138799944892526,0.25480007752776146,6.906100083142519,144.79952331431676
257,,results20_int8_percentile_320,320,240,2,0.23584097623825073,0.47770002856850624,8.971999981440604,0.1962999813258648,9.645999991334975,103.66991508379664
257,,results27_fp32_640,640,480,0,0.0,3.8435999304056168,18.619200098328292,0.07109995931386948,22.53389998804778,44.377582244103806
257,,results27_mixed_q3q4_640,640,480,0,0.0,4.177499911747873,26.33570006582886,0.0801000278443098,30.593300005421042,32.68689549093438
258,,results20_fp32_320,320,240,1,0.21058343350887299,0.48480008263140917,4.679500008933246,0.17279991880059242,5.337100010365248,187.3676712180562
258,,results20_int8_percentile_320,320,240,3,0.24660177528858185,0.39930001366883516,10.525999940000474,0.27810002211481333,11.203399975784123,89.25861811249047
258,,results27_fp32_640,640,480,0,0.0,4.394100047647953,19.72719992045313,0.07100007496774197,24.192300043068826,41.335466169803205
258,,results27_mixed_q3q4_640,640,480,0,0.0,4.394599935039878,21.038400009274483,0.06660004146397114,25.49959998577833,39.21630145405109
259,,results20_fp32_320,320,240,1,0.20833489298820496,0.4643000429496169,4.419800010509789,0.1588999293744564,5.042999982833862,198.29466654847383
259,,results20_int8_percentile_320,320,240,3,0.23640473186969757,0.381499994546175,10.143800056539476,0.2044999273493886,10.72979997843504,93.19838226339908
259,,results27_fp32_640,640,480,0,0.0,3.916200017556548,17.952000023797154,0.062700011767447,21.93090005312115,45.59776377521189
259,,results27_mixed_q3q4_640,640,480,0,0.0,4.109500092454255,21.014499943703413,0.06890005897730589,25.192900095134974,39.69372308165153
260,,results20_fp32_320,320,240,1,0.21082405745983124,0.42699999175965786,4.859400098212063,0.17309992108494043,5.459500011056662,183.16695631006226
260,,results20_int8_percentile_320,320,240,4,0.251072496175766,0.4024000372737646,9.516000049188733,0.2476999070495367,10.166099993512034,98.36613850328013
260,,results27_fp32_640,640,480,0,0.0,4.440000047907233,23.193400003947318,0.06749993190169334,27.700899983756244,36.09991013239274
260,,results27_mixed_q3q4_640,640,480,0,0.0,3.9977000560611486,20.205499953590333,0.06910006050020456,24.272300070151687,41.199226983425746
261,,results20_fp32_320,320,240,1,0.21062330901622772,0.5422000540420413,4.8374999314546585,0.18780003301799297,5.567500018514693,179.61382966762554
261,,results20_int8_percentile_320,320,240,2,0.28434813022613525,0.43460004962980747,10.207099956460297,0.1925000688061118,10.834200074896216,92.30030764496281
261,,results27_fp32_640,640,480,0,0.0,4.425899940542877,21.170000080019236,0.07319997530430555,25.669099995866418,38.957345608573476
261,,results27_mixed_q3q4_640,640,480,0,0.0,4.467400023713708,23.12919998075813,0.09180000051856041,27.6884000049904,36.11620750277249
262,,results20_fp32_320,320,240,1,0.2126554548740387,0.7060000207275152,4.882700042799115,0.18450000789016485,5.773200071416795,173.2141598471558
262,,results20_int8_percentile_320,320,240,2,0.23790152370929718,0.609199982136488,12.530999956652522,0.21299999207258224,13.353199930861592,74.88841664752013
262,,results27_fp32_640,640,480,0,0.0,6.274599931202829,18.793700030073524,0.07840001489967108,25.146699976176023,39.76664933957139
262,,results27_mixed_q3q4_640,640,480,0,0.0,4.723999998532236,21.709499997086823,0.06529991514980793,26.498799910768867,37.737558054227556
263,,results20_fp32_320,320,240,1,0.20750539004802704,0.7833999115973711,4.745000042021275,0.28419995214790106,5.812599905766547,172.04005371295605
263,,results20_int8_percentile_320,320,240,2,0.20521722733974457,0.9107000660151243,9.115300024859607,0.2028999151661992,10.22890000604093,97.76222266415989
263,,results27_fp32_640,640,480,0,0.0,4.431299981661141,26.82899998035282,0.07219996768981218,31.332499929703772,31.915742511563273
263,,results27_mixed_q3q4_640,640,480,0,0.0,4.727499908767641,24.26440000999719,0.05879998207092285,29.050699900835752,34.422578575163044
264,,results20_fp32_320,320,240,1,0.21075759828090668,0.6376000819727778,5.145099945366383,0.16870000399649143,5.951400031335652,168.02769007876176
264,,results20_int8_percentile_320,320,240,3,0.19457405805587769,0.602399930357933,8.837000001221895,0.20270003005862236,9.64209996163845,103.71184741690577
264,,results27_fp32_640,640,480,0,0.0,4.091299953870475,20.812900038436055,0.07449998520314693,24.978699977509677,40.034109096965814
264,,results27_mixed_q3q4_640,640,480,0,0.0,4.2215000139549375,24.308399995788932,0.07139996159821749,28.601299971342087,34.963445752535
265,,results20_fp32_320,320,240,1,0.20933985710144043,0.6075999699532986,5.232800031080842,0.23989996407181025,6.080299965105951,164.46557007694847
265,,results20_int8_percentile_320,320,240,3,0.2221745103597641,0.610699993558228,11.022799997590482,0.23520004469901323,11.868700035847723,84.25522567590738
265,,results27_fp32_640,640,480,0,0.0,5.050800042226911,25.38399992045015,0.08999998681247234,30.524799949489534,32.76024745959795
265,,results27_mixed_q3q4_640,640,480,0,0.0,4.504900076426566,24.817399913445115,0.07319997530430555,29.395499965175986,34.01881244356012
266,,results20_fp32_320,320,240,1,0.21062129735946655,0.5910999607294798,5.241599981673062,0.2245999639853835,6.057299906387925,165.090059177261
266,,results20_int8_percentile_320,320,240,2,0.21082395315170288,0.6101001054048538,10.099599952809513,0.20190002396702766,10.911600082181394,91.64558749115051
266,,results27_fp32_640,640,480,0,0.0,4.084899905137718,20.56170010473579,0.06009999196976423,24.706700001843274,40.4748509483417
266,,results27_mixed_q3q4_640,640,480,0,0.0,3.558900090865791,22.525499924086034,0.05909998435527086,26.143499999307096,38.250425536997874
267,,results20_fp32_320,320,240,1,0.2064817249774933,0.458399998024106,4.715599934570491,0.1542000100016594,5.328199942596257,187.68064464051116
267,,results20_int8_percentile_320,320,240,3,0.22601118683815002,0.36750000435858965,12.847400037571788,0.3040999872609973,13.519000029191375,73.96996803319144
267,,results27_fp32_640,640,480,0,0.0,4.761100048199296,20.52309992723167,0.06590003613382578,25.35010001156479,39.447576125687746
267,,results27_mixed_q3q4_640,640,480,0,0.0,3.9102999726310372,21.799499983899295,0.06630003917962313,25.776099995709956,38.795628515036604
268,,results20_fp32_320,320,240,2,0.20478342473506927,0.46170002315193415,4.6304999850690365,0.23490004241466522,5.327100050635636,187.7193952609692
268,,results20_int8_percentile_320,320,240,4,0.32879137992858887,0.4085999680683017,12.348099960945547,0.3093000268563628,13.065999955870211,76.53451732568897
268,,results27_fp32_640,640,480,0,0.0,4.731500055640936,18.249499960802495,0.0657000346109271,23.04670005105436,43.3901598833995
268,,results27_mixed_q3q4_640,640,480,0,0.0,5.091600003652275,26.622100034728646,0.07109995931386948,31.78479999769479,31.46157912186094
269,,results20_fp32_320,320,240,3,0.25270336866378784,1.0362999746575952,6.061499938368797,0.21050008945167065,7.308300002478063,136.83072666159364
269,,results20_int8_percentile_320,320,240,2,0.24005453288555145,0.47039997298270464,8.884100010618567,0.17279991880059242,9.527299902401865,104.96153267390025
269,,results27_fp32_640,640,480,2,0.2369164079427719,3.889799932949245,18.479300080798566,0.24729990400373936,22.61639991775155,44.21570204084969
269,,results27_mixed_q3q4_640,640,480,2,0.22781480848789215,4.060199949890375,28.450199984945357,0.2642000326886773,32.77459996752441,30.51143266404096
270,,results20_fp32_320,320,240,3,0.20820192992687225,0.7947999984025955,4.673299961723387,0.21229998674243689,5.68039994686842,176.04394221419142
270,,results20_int8_percentile_320,320,240,4,0.23838472366333008,0.6354999495670199,12.319400091655552,0.20659994333982468,13.161499984562397,75.97918179333179
270,,results27_fp32_640,640,480,1,0.18192540109157562,4.4163999846205115,19.157900009304285,0.23969996254891157,23.813999956473708,41.99210556092049
270,,results27_mixed_q3q4_640,640,480,1,0.18878817558288574,5.763099994510412,31.62190003786236,0.27930003125220537,37.66430006362498,26.55034072877327
271,,results20_fp32_320,320,240,3,0.33480867743492126,0.8602000307291746,4.524499992839992,0.2658000448718667,5.650500068441033,176.9754867511928
271,,results20_int8_percentile_320,320,240,5,0.3496985137462616,0.5941999843344092,11.429400066845119,0.2362999366596341,12.259899987839162,81.56673390418517
271,,results27_fp32_640,640,480,1,0.22705090045928955,4.579100059345365,19.052400020882487,0.2218999434262514,23.853400023654103,41.92274472437284
271,,results27_mixed_q3q4_640,640,480,1,0.21387416124343872,4.120800062082708,22.30379998218268,0.22679998073726892,26.65140002500266,37.52148101269964
272,,results20_fp32_320,320,240,3,0.43356403708457947,0.9237999329343438,5.059400107711554,0.20119990222156048,6.184399942867458,161.6971750271927
272,,results20_int8_percentile_320,320,240,4,0.3605474829673767,0.5604999605566263,8.770700078457594,0.20859995856881142,9.539799997583032,104.82400052971302
272,,results27_fp32_640,640,480,1,0.20159627497196198,4.572600009851158,19.119099946692586,0.24930003564804792,23.94099999219179,41.76934966484875
272,,results27_mixed_q3q4_640,640,480,1,0.2143571823835373,4.497400019317865,28.762999922037125,0.278900028206408,33.5392999695614,29.815768394318017
273,,results20_fp32_320,320,240,3,0.4131259620189667,0.8433000184595585,6.275500054471195,0.19189994782209396,7.310700020752847,136.78580671636163
273,,results20_int8_percentile_320,320,240,3,0.35687559843063354,0.5786999827250838,9.92390001192689,0.21789991296827793,10.720499907620251,93.27923218293103
273,,results27_fp32_640,640,480,1,0.21294166147708893,4.315900034271181,19.604400033131242,0.21189998369663954,24.132200051099062,41.43841000333729
273,,results27_mixed_q3q4_640,640,480,1,0.2073037028312683,4.5143000315874815,20.283399964682758,0.215300009585917,25.013000005856156,39.97921080101849
274,,results20_fp32_320,320,240,3,0.5167953968048096,0.9796998929232359,5.542100057937205,0.19129994325339794,6.713099894113839,148.9624787018017
274,,results20_int8_percentile_320,320,240,3,0.42499423027038574,0.595899997279048,9.294499992392957,0.2359000500291586,10.126300039701164,98.75275234581247
274,,results27_fp32_640,640,480,1,0.30952703952789307,4.70120005775243,22.656299988739192,0.2886999864131212,27.646200032904744,36.17133634314269
274,,results27_mixed_q3q4_640,640,480,1,0.29370012879371643,4.291900084353983,24.163799942471087,0.251700053922832,28.707400080747902,34.834223830343724
275,,results20_fp32_320,320,240,3,0.5325694680213928,0.8270000107586384,4.538899986073375,0.21349999587982893,5.579399992711842,179.23074189093128
275,,results20_int8_percentile_320,320,240,4,0.5532363057136536,0.5950999911874533,9.498100029304624,0.20060001406818628,10.293800034560263,97.14585446022011
275,,results27_fp32_640,640,480,1,0.3887435793876648,4.668000037781894,19.22659995034337,0.23640005383640528,24.13100004196167,41.44047069168657
275,,results27_mixed_q3q4_640,640,480,1,0.3784591257572174,4.054600023664534,21.375399897806346,0.22570008877664804,25.65570001024753,38.97769305068952
276,,results20_fp32_320,320,240,3,0.4990653395652771,1.0624999413266778,5.179899977520108,0.19610009621828794,6.438500015065074,155.31567875439276
276,,results20_int8_percentile_320,320,240,5,0.5034752488136292,0.5929000908508897,9.02889994904399,0.1895000459626317,9.81130008585751,101.92329163812337
276,,results27_fp32_640,640,480,1,0.35272496938705444,4.758600029163063,21.73819998279214,0.2463000128045678,26.74310002475977,37.39282278696794
276,,results27_mixed_q3q4_640,640,480,1,0.34945324063301086,4.4287999626249075,22.978499997407198,0.22289995104074478,27.63019991107285,36.19228247419405
277,,results20_fp32_320,320,240,3,0.499515175819397,0.785500044003129,6.363000022247434,0.2020999090746045,7.350599975325167,136.04331664855198
277,,results20_int8_percentile_320,320,240,2,0.4586147367954254,0.6770000327378511,10.395099991001189,0.21089997608214617,11.282999999821186,88.62891075209147
277,,results27_fp32_640,640,480,1,0.24787390232086182,4.676499986089766,22.58290001191199,0.22060004994273186,27.480000047944486,36.390101828795316
277,,results27_mixed_q3q4_640,640,480,1,0.24013982713222504,4.0790000930428505,22.282499936409295,0.23790006525814533,26.59940009471029,37.59483283229631
278,,results20_fp32_320,320,240,3,0.4548546075820923,0.4233000800013542,4.450000007636845,0.17779995687305927,5.051100044511259,197.97667660268237
278,,results20_int8_percentile_320,320,240,4,0.48339611291885376,0.37020002491772175,8.777500013820827,0.18400000408291817,9.331700042821467,107.1616099329364
278,,results27_fp32_640,640,480,2,0.2637374699115753,3.991300007328391,18.874499946832657,0.3400000277906656,23.205799981951714,43.09267514060058
278,,results27_mixed_q3q4_640,640,480,1,0.2657170593738556,4.074899945408106,30.60840000398457,0.21790002938359976,34.901199978776276,28.652309966651828
279,,results20_fp32_320,320,240,3,0.43968313932418823,0.9115999564528465,4.507199977524579,0.20070001482963562,5.619499948807061,177.95177669007464
279,,results20_int8_percentile_320,320,240,5,0.4897482693195343,0.5703000351786613,10.429900023154914,0.25189993903040886,11.252099997363985,88.87229941382219
279,,results27_fp32_640,640,480,1,0.32227805256843567,4.621199914254248,18.694100086577237,0.2463000128045678,23.561600013636053,42.44193940230118
279,,results27_mixed_q3q4_640,640,480,1,0.31749027967453003,5.1071000052616,24.432900012470782,0.22249994799494743,29.76249996572733,33.59932805213066
280,,results20_fp32_320,320,240,3,0.49234557151794434,1.2443000450730324,8.500500000081956,0.21630001720041037,9.9611000623554,100.39051849094068
280,,results20_int8_percentile_320,320,240,4,0.4888026714324951,0.5789999850094318,9.482600027695298,0.21869991905987263,10.280299931764603,97.27342651843729
280,,results27_fp32_640,640,480,2,0.30912718176841736,3.841000027023256,20.68600000347942,0.23830006830394268,24.76530009880662,40.37907863059522
280,,results27_mixed_q3q4_640,640,480,2,0.3150923550128937,4.848300013691187,29.13849998731166,0.29070000164210796,34.277500002644956,29.173656186210692
281,,results20_fp32_320,320,240,4,0.5441879630088806,1.0831999825313687,5.251100054010749,0.4453000146895647,6.779600051231682,147.50132639731825
281,,results20_int8_percentile_320,320,240,4,0.49818387627601624,0.81619992852211,9.810699964873493,0.22220006212592125,10.849099955521524,92.17354472718831
281,,results27_fp32_640,640,480,1,0.40293052792549133,4.338499973528087,20.828200038522482,0.2175000263378024,25.38420003838837,39.39458397301101
281,,results27_mixed_q3q4_640,640,480,1,0.39850661158561707,3.964700037613511,22.05659996252507,0.22869999520480633,26.249999995343387,38.09523810199599
282,,results20_fp32_320,320,240,3,0.5015687346458435,0.46960008330643177,4.3889000080525875,0.16989989671856165,5.028399988077581,198.87041650843537
282,,results20_int8_percentile_320,320,240,4,0.4811549782752991,0.36669999826699495,10.429399902932346,0.24040008429437876,11.03649998549372,90.60843576445353
282,,results27_fp32_640,640,480,1,0.19365178048610687,4.192100022919476,26.59789996687323,0.20160002168267965,30.991600011475384,32.26680776822513
282,,results27_mixed_q3q4_640,640,480,1,0.19341188669204712,4.0602999506518245,30.748600023798645,0.21979992743581533,35.028699901886284,28.548019275649747
283,,results20_fp32_320,320,240,2,0.4706791341304779,0.5028999876230955,4.461399978026748,0.17690006643533707,5.14120003208518,194.5071177466747
283,,results20_int8_percentile_320,320,240,5,0.4567771255970001,0.3826000029221177,9.106199955567718,0.22050004918128252,9.709300007671118,102.99403656390477
283,,results27_fp32_640,640,480,2,0.25677961111068726,3.679799963720143,19.95880005415529,0.2226999495178461,23.86129996739328,41.9088650394786
283,,results27_mixed_q3q4_640,640,480,2,0.2590860426425934,3.689299919642508,24.659299990162253,0.22490008268505335,28.573499992489815,34.997462693154056
284,,results20_fp32_320,320,240,2,0.4527979791164398,0.784600037150085,4.390599904581904,0.1775000710040331,5.3527000127360225,186.82160360577575
284,,results20_int8_percentile_320,320,240,4,0.4302578568458557,0.5814000032842159,10.991799994371831,0.2714999718591571,11.844699969515204,84.42594599894532
284,,results27_fp32_640,640,480,1,0.34095025062561035,4.315400030463934,22.463299916125834,0.2642000326886773,27.042899979278445,36.97828268293147
284,,results27_mixed_q3q4_640,640,480,1,0.32722988724708557,4.491900093853474,23.412699927575886,0.22240006364881992,28.12700008507818,35.5530272327377
285,,results20_fp32_320,320,240,1,0.4335586726665497,0.8190000662580132,4.785400000400841,0.21139997988939285,5.815800046548247,171.9453887678812
285,,results20_int8_percentile_320,320,240,6,0.44175347685813904,0.7892000721767545,11.342299985699356,0.3218000056222081,12.453300063498318,80.30000039355713
285,,results27_fp32_640,640,480,2,0.279654324054718,4.373900010250509,19.757600035518408,0.27790002059191465,24.40940006636083,40.967823759754076
285,,results27_mixed_q3q4_640,640,480,2,0.27519622445106506,4.836399923078716,25.426400010474026,0.25240005925297737,30.51519999280572,32.77055369900117
286,,results20_fp32_320,320,240,2,0.41601723432540894,0.49990008119493723,5.5238999193534255,0.3201999934390187,6.3439999939873815,157.62925613930716
286,,results20_int8_percentile_320,320,240,4,0.3831087052822113,0.7923999801278114,10.695100063458085,0.30880002304911613,11.796300066635013,84.77234339167313
286,,results27_fp32_640,640,480,2,0.2716873586177826,4.58559999242425,18.807800021022558,0.24289998691529036,23.636300000362098,42.30780621267628
286,,results27_mixed_q3q4_640,640,480,1,0.26112791895866394,3.9920000126585364,22.121499991044402,0.23370003327727318,26.34720003698021,37.95469722006237
287,,results20_fp32_320,320,240,2,0.4061116874217987,1.0144999250769615,4.809000063687563,0.1786999637261033,6.002199952490628,166.60557927348748
287,,results20_int8_percentile_320,320,240,3,0.41962456703186035,0.6441000150516629,9.139399975538254,0.19789999350905418,9.981399984098971,100.18634676428817
287,,results27_fp32_640,640,480,1,0.24921366572380066,4.139699973165989,19.68000002671033,0.2191999228671193,24.03889992274344,41.5992413635322
287,,results27_mixed_q3q4_640,640,480,1,0.2446489930152893,4.265800002031028,23.137200041674078,0.22529996931552887,27.628300013020635,36.19477128627969
288,,results20_fp32_320,320,240,2,0.41867998242378235,1.0056999744847417,5.283499951474369,0.19180006347596645,6.480999989435077,154.29717661319825
288,,results20_int8_percentile_320,320,240,3,0.3640997111797333,0.6197999464347959,11.388699989765882,0.23440003860741854,12.242899974808097,81.67999428711127
288,,results27_fp32_640,640,480,2,0.23273202776908875,4.6944000059738755,23.48319999873638,0.24589989334344864,28.423499898053706,35.182155736861766
288,,results27_mixed_q3q4_640,640,480,2,0.22390064597129822,4.546200041659176,20.076200016774237,0.27299998328089714,24.89540004171431,40.168063109024835
289,,results20_fp32_320,320,240,1,0.4776868522167206,0.5513000069186091,5.254700081422925,0.19869999960064888,6.004700087942183,166.53621086056623
289,,results20_int8_percentile_320,320,240,4,0.45948317646980286,0.4579999949783087,10.112599935382605,0.19649998284876347,10.767099913209677,92.87551969060345
289,,results27_fp32_640,640,480,2,0.2862842381000519,4.514700034633279,19.197599962353706,0.27900002896785736,23.991300025954843,41.68177626548607
289,,results27_mixed_q3q4_640,640,480,2,0.27939915657043457,4.779799957759678,22.683000075630844,0.2736999886110425,27.736500022001565,36.05357558476249
290,,results20_fp32_320,320,240,3,0.48569589853286743,0.494200037792325,4.819300025701523,0.17389992717653513,5.487399990670383,182.23566747461257
290,,results20_int8_percentile_320,320,240,4,0.4529210031032562,0.38109999150037766,9.17259999550879,0.2210000529885292,9.774700039997697,102.30492965595245
290,,results27_fp32_640,640,480,2,0.2856292426586151,4.048399976454675,20.67900006659329,0.31399994622915983,25.041399989277124,39.9338695291879
290,,results27_mixed_q3q4_640,640,480,2,0.2886597216129303,5.118499975651503,23.29689997714013,0.25809998624026775,28.6734999390319,34.87540768048154
291,,results20_fp32_320,320,240,3,0.4546564817428589,0.9891000809147954,5.253499955870211,0.215600011870265,6.4582000486552715,154.8419052469922
291,,results20_int8_percentile_320,320,240,5,0.40347856283187866,0.6389999762177467,11.014200048521161,0.26519992388784885,11.918399948626757,83.90388007705853
291,,results27_fp32_640,640,480,2,0.20621635019779205,4.8189000226557255,21.6742999618873,0.25320006534457207,26.746400049887598,37.38820918459277
291,,results27_mixed_q3q4_640,640,480,3,0.2093225121498108,4.912900039926171,25.848999968729913,0.31240005046129227,31.074300059117377,32.18093402257002
292,,results20_fp32_320,320,240,5,0.39983606338500977,0.7912999717518687,4.811299964785576,0.2690000692382455,5.87160000577569,170.311328942083
292,,results20_int8_percentile_320,320,240,4,0.3170038163661957,0.6046000635251403,9.243299951776862,0.24730002041906118,10.095200035721064,99.05697722299503
292,,results27_fp32_640,640,480,1,0.22527357935905457,5.118099972605705,22.005200036801398,0.2443999983370304,27.367700007744133,36.53942420141385
292,,results27_mixed_q3q4_640,640,480,1,0.2333833873271942,4.951699986122549,23.99630006402731,0.26949995663017035,29.21750000678003,34.22606313914422
293,,results20_fp32_320,320,240,2,0.307423859834671,0.43839996214956045,5.234300042502582,0.15989993698894978,5.832599941641092,171.45012687405995
293,,results20_int8_percentile_320,320,240,7,0.3093380033969879,0.40959997568279505,10.147599969059229,0.2766000106930733,10.833799955435097,92.303716527304
293,,results27_fp32_640,640,480,2,0.19726385176181793,4.674699972383678,18.624600023031235,0.22759998682886362,23.526899982243776,42.50453739144214
293,,results27_mixed_q3q4_640,640,480,2,0.18827597796916962,3.989799995906651,26.94890007842332,0.23689994122833014,31.175600015558302,32.076367399535094
294,,results20_fp32_320,320,240,2,0.29054442048072815,0.42810000013560057,5.01820002682507,0.19479996990412474,5.641099996864796,177.27039062519347
294,,results20_int8_percentile_320,320,240,3,0.31943121552467346,0.40390004869550467,9.977799956686795,0.21269998978823423,10.594399995170534,94.38948882955626
294,,results27_fp32_640,640,480,1,0.18947216868400574,3.917600028216839,18.775300006382167,0.19559997599571943,22.888500010594726,43.69006267501653
294,,results27_mixed_q3q4_640,640,480,1,0.19148097932338715,4.001999972388148,26.575100026093423,0.27189997490495443,30.848999973386526,32.41596164746674
295,,results20_fp32_320,320,240,4,0.25796249508857727,0.9077000431716442,4.518199944868684,0.19529997371137142,5.6211999617516994,177.89795894191536
295,,results20_int8_percentile_320,320,240,3,0.2837001085281372,0.6682999664917588,12.615200015716255,0.28249993920326233,13.565999921411276,73.71369643174593
295,,results27_fp32_640,640,480,1,0.18435607850551605,5.00650005415082,19.840899971313775,0.19970000721514225,25.047100032679737,39.92478165916488
295,,results27_mixed_q3q4_640,640,480,1,0.18484249711036682,4.422099911607802,24.393600062467158,0.21790002938359976,29.03360000345856,34.44285241516303
296,,results20_fp32_320,320,240,3,0.25386151671409607,0.8349999552592635,4.669300047680736,0.18509989604353905,5.689399898983538,175.76546169283318
296,,results20_int8_percentile_320,320,240,5,0.28301048278808594,0.6117000011727214,10.53279999177903,0.2245999639853835,11.369099956937134,87.95771026622258
296,,results27_fp32_640,640,480,1,0.18182705342769623,4.713699920102954,18.703500041738153,0.23310002870857716,23.650299990549684,42.28276175776144
296,,results27_mixed_q3q4_640,640,480,1,0.18534156680107117,4.34710003901273,20.008399966172874,0.23760006297379732,24.5931000681594,40.6618115336625
297,,results20_fp32_320,320,240,3,0.253903865814209,0.7802000036463141,6.255999905988574,0.19020005129277706,7.226399960927665,138.3814908400985
297,,results20_int8_percentile_320,320,240,7,0.26989859342575073,0.425900099799037,9.867799933999777,0.2712999703362584,10.565000004135072,94.65215329944216
297,,results27_fp32_640,640,480,1,0.18195085227489471,4.189800005406141,23.55749998241663,0.23699994198977947,27.98429992981255,35.7343225490043
297,,results27_mixed_q3q4_640,640,480,1,0.181494802236557,4.046000074595213,23.521499941125512,0.2722999779507518,27.839799993671477,35.91979828257816
298,,results20_fp32_320,320,240,3,0.29363539814949036,0.48619997687637806,5.931899999268353,0.20700006280094385,6.625100038945675,150.94111698261102
298,,results20_int8_percentile_320,320,240,8,0.2764452397823334,0.4042000509798527,8.607299998402596,0.25079993065446615,9.262299980036914,107.96454467630129
298,,results27_fp32_640,640,480,1,0.1779860258102417,3.9073999505490065,19.651500042527914,0.22579997312277555,23.784699966199696,42.043834962017364
298,,results27_mixed_q3q4_640,640,480,1,0.17381398379802704,4.0469999657943845,21.664300002157688,0.2359999343752861,25.94729990232736,38.539655523475275
299,,results20_fp32_320,320,240,4,0.2549028694629669,0.5359000060707331,6.1342999106273055,0.25880010798573494,6.9290000246837735,144.3209693227903
299,,results20_int8_percentile_320,320,240,6,0.260834664106369,0.5031999899074435,10.001700022257864,0.2951000351458788,10.800000047311187,92.59259218697542
299,,results27_fp32_640,640,480,1,0.17652596533298492,4.586700000800192,20.572699955664575,0.2280999906361103,25.387499947100878,39.38946340063685
299,,results27_mixed_q3q4_640,640,480,1,0.17860007286071777,4.090099944733083,21.14560001064092,0.237800064496696,25.4735000198707,39.25648219600551
