experiment,epoch,learning_rate,train_total,train_classification,train_quality,train_box,train_positive_count,train_gradient_norm,valid_total,valid_classification,valid_quality,valid_box,valid_positive_count,metric_ap50,metric_ap75,metric_map50_95,metric_precision,metric_recall,metric_f1,metric_best_f1,metric_best_f1_threshold,metric_detection_accuracy,metric_tp,metric_fp,metric_fn,metric_mean_tp_iou,metric_average_detections_per_image,metric_no_detection_image_rate,metric_zero_recall_image_rate,metric_score_threshold,metric_tiny_lt16_gt,metric_tiny_lt16_matched,metric_tiny_lt16_recall,metric_small_16_32_gt,metric_small_16_32_matched,metric_small_16_32_recall,metric_medium_32_96_gt,metric_medium_32_96_matched,metric_medium_32_96_recall,metric_large_ge96_gt,metric_large_ge96_matched,metric_large_ge96_recall,train_images_per_second,peak_vram_gib,amp_scale,seconds,warning_count
school1_low_lr_100e,1,0.0004998766400914,2.5166690431632004,0.5272209766816783,0.8497924141682588,0.5698278252567563,458.9759740259741,6.15104130026582,2.2019567154347897,0.4873232490693529,0.70551170501858,0.504560878345122,522.859375,0.0288518536835908,0.0001581816904945,0.0051076005827496,0.1264430014430014,0.0565140277329893,0.0781145531535547,0.1077430546283721,0.152099609375,0.0406447498115614,701,4843,11703,0.5808128118515015,3.6211626387981712,0.6002612671456564,0.8706727629000653,0.25,2180,3,0.0013761467889908,3009,250,0.0830840810900631,5721,401,0.0700926411466526,1494,47,0.0314591700133868,36.41922135675591,0.406735897064209,1024.0,580.2570426000748,0
school1_low_lr_100e,2,0.000499506682107,2.0419149187478154,0.4253115204634604,0.6756665050596385,0.4704684481218263,459.12142857142857,2.200686836939353,2.1144132322321334,0.4925633117867012,0.6907509714365005,0.465549473495533,522.859375,0.0588832646608352,0.0005722342175431,0.0114023012203006,0.1548645786049326,0.1650274105127378,0.1597845601436265,0.1631677746772766,0.2093505859375,0.0868292682926829,2047,11171,10357,0.6051087975502014,8.633572828216852,0.1345525800130633,0.5610711952971914,0.25,2180,26,0.0119266055045871,3009,560,0.1861083416417414,5721,1171,0.2046844957175319,1494,290,0.1941097724230254,35.02487904394156,0.4248404502868652,1024.0,584.9238917001057,0
school1_low_lr_100e,3,0.0004988904911507,1.9284463275562636,0.3921374427807795,0.6681967928425058,0.4340560461987148,459.1077922077922,1.8256261725317349,1.974857426558932,0.4460015969040493,0.6684916792437434,0.4301820777667065,522.859375,0.1795287430286407,0.0027048545889556,0.0399983333516729,0.2744432486132958,0.2672524991938084,0.2708001470408038,0.2719443738460541,0.2479248046875,0.1566043083900226,3315,8764,9089,0.6306854486465454,7.889614630960157,0.1365120836054866,0.4696276943174395,0.25,2180,37,0.0169724770642201,3009,959,0.3187105350614822,5721,1892,0.330711414088446,1494,427,0.285809906291834,35.07180676059828,0.4077425003051758,2048.0,577.6630317000672,0
school1_low_lr_100e,4,0.0004980286753286,1.8541738832151733,0.3688579650765115,0.66375926957502,0.4107783241705461,459.0396103896104,1.687428940000472,1.9247752459098892,0.4444224536418915,0.6639073609064022,0.4082227152151366,522.859375,0.2674926817417145,0.0197856873273849,0.0811093847289157,0.3156486847971467,0.3424701709126088,0.3285128760343361,0.3376421630382538,0.2841796875,0.1965392800962339,4248,9210,8156,0.6669664978981018,8.790333115610713,0.0803396472893533,0.3664271717831482,0.25,2180,49,0.0224770642201834,3009,1163,0.3865071452309737,5721,2471,0.4319174969410942,1494,565,0.3781793842034806,35.26604162593611,0.4073638916015625,2048.0,563.9785078999121,0
school1_low_lr_100e,5,0.0004969220851487,1.799476410429199,0.3522596175020391,0.6604837453984594,0.3933665237643502,459.0123376623376,1.6406988719067015,1.8504973507175844,0.3974601815765102,0.6594173548122247,0.3968099098031719,522.859375,0.2941060364246368,0.0395113974809646,0.1013097258186462,0.4866109991361935,0.27249274427604,0.3493540051679586,0.3687677979469299,0.2122802734375,0.2116468378209142,3380,3566,9024,0.6925121545791626,4.536903984323971,0.1456564337034618,0.426518615284128,0.25,2180,30,0.0137614678899082,3009,726,0.2412761714855433,5721,2183,0.3815766474392589,1494,441,0.2951807228915662,37.74437775348728,0.4248404502868652,2048.0,532.4342588,0
school1_low_lr_100e,6,0.0004955718126821,1.7547545232556083,0.3387191964434339,0.6576327808491595,0.3792012723622384,459.087012987013,1.5947939640902853,1.8363179607937732,0.4164569640221695,0.6562625917916497,0.3817992038093507,522.859375,0.3268013894557953,0.0628625676035881,0.1198779823695076,0.4268440145102781,0.3699613028055466,0.3963722738069531,0.3983891010284424,0.2548828125,0.2471722503501023,4589,6162,7815,0.7024829387664795,7.0222077073807965,0.0894839973873285,0.3252775963422599,0.25,2180,51,0.023394495412844,3009,1053,0.3499501495513459,5721,2842,0.4967662995979723,1494,643,0.4303882195448461,37.2891298646825,0.4074292182922363,4096.0,544.5938176000491,0
school1_low_lr_100e,7,0.0004939791904846,1.7228659245100888,0.3292671051795606,0.6558071000235421,0.3688958605582064,459.038961038961,1.5786178853991744,1.813221075261633,0.4088632359635085,0.6545074507594109,0.374925195860366,522.859375,0.3550827801227569,0.0753732100129127,0.1337752581497625,0.4423929098966027,0.3863269912931312,0.4124634188328456,0.4162164628505707,0.265869140625,0.2598134894816742,4792,6040,7612,0.7048431038856506,7.075114304376225,0.0809928151534944,0.2828216851730895,0.25,2180,65,0.0298165137614678,3009,1203,0.3998005982053838,5721,2765,0.4833071141408844,1494,759,0.5080321285140562,37.1517352446226,0.4075746536254883,4096.0,546.982201400213,0
school1_low_lr_100e,8,0.0004921457902821,1.6951758198149791,0.3207892332274418,0.6540544950729841,0.3601660454040998,459.0506493506493,1.5742111745592835,1.8125062870482604,0.4225037486758083,0.6528105394293865,0.3685960001312196,522.859375,0.3725641369819641,0.0789292082190513,0.1406311421764257,0.4198444173276388,0.4438084488874557,0.4314939645712494,0.440226137638092,0.280517578125,0.2750986957173554,5505,7607,6899,0.7030518054962158,8.564337034617896,0.0431090790333115,0.2279555845852384,0.25,2180,109,0.05,3009,1278,0.4247258225324028,5721,3234,0.5652857891976927,1494,884,0.5917001338688086,37.44725194283036,0.4248404502868652,8192.0,541.4345360998996,0
school1_low_lr_100e,9,0.0004900734214192,1.670548071180071,0.3124283003342616,0.6528148912377172,0.3526524399201591,459.0831168831169,1.5409187307218453,1.7671523032089074,0.3749570816289633,0.6545355822890997,0.3688298195290069,522.859375,0.3865912556648254,0.0873349234461784,0.1506411184003809,0.5157186415729156,0.395436955820703,0.4476386036960986,0.4482392370700836,0.2529296875,0.2883597883597883,4905,4606,7499,0.7180517315864563,6.212279555845853,0.0907903331156107,0.2769431743958197,0.25,2180,86,0.0394495412844036,3009,1174,0.3901628447989365,5721,2882,0.5037580842510051,1494,763,0.5107095046854083,37.700125130487685,0.4078617095947265,8192.0,543.3538540999871,0
school1_low_lr_100e,10,0.0004877641290737,1.6506810878778433,0.3064527194511581,0.6515886774697861,0.3463198457735699,458.9902597402597,1.5232628686861558,1.752542442952593,0.3724812751170248,0.6511303745210171,0.3644653968513012,522.859375,0.4026734232902527,0.1003633067011833,0.1607588366838172,0.511727078891258,0.4063205417607223,0.4529726329034288,0.4537814855575561,0.2474365234375,0.2928019520130134,5040,4809,7364,0.7181826233863831,6.433050293925539,0.1234487263226649,0.2880470280862182,0.25,2180,82,0.0376146788990825,3009,1212,0.4027916251246261,5721,2996,0.5236846705121482,1494,750,0.5020080321285141,37.00855414164699,0.4248404502868652,8192.0,553.0003417998087,0
school1_low_lr_100e,11,0.0004852201922385,1.630201832582424,0.3012705549307458,0.6502218742649276,0.339354701156353,459.0694805194805,1.5230483016797474,1.73401688101391,0.3635209018054108,0.6506979437544942,0.359899019356817,522.859375,0.3957046568393707,0.091582678258419,0.1547497346473392,0.5499428571428572,0.3879393743953563,0.4549494185496833,0.4572793245315552,0.233642578125,0.2944560029372169,4812,3938,7592,0.7206647396087646,5.715218811234487,0.1045068582625734,0.2749836708033965,0.25,2180,84,0.0385321100917431,3009,1108,0.3682286473911598,5721,2855,0.499038629610208,1494,765,0.5120481927710844,36.802808050077786,0.4078254699707031,16384.0,546.5645162998699,0
school1_low_lr_100e,12,0.000482444121472,1.6152473550338249,0.2971720459399285,0.6492935511198911,0.3343908799062302,459.0103896103896,1.5241955857385288,1.7245680478711922,0.3673367709852755,0.6499153580516577,0.3536579627543688,522.859375,0.4316495060920715,0.1133272498846054,0.1754021634988021,0.5301724137931034,0.4462270235407933,0.4845911399054456,0.4851165413856506,0.25244140625,0.3197758391588191,5535,4905,6869,0.7260046601295471,6.81907250163292,0.0692357935989549,0.2129327237099934,0.25,2180,133,0.0610091743119266,3009,1315,0.4370222665337321,5721,3199,0.5591679776262891,1494,888,0.5943775100401606,37.22851175032537,0.407599925994873,16384.0,548.0166547999252,0
school1_low_lr_100e,13,0.0004794386564209,1.599144835131509,0.2929258881064204,0.648216793250728,0.329001077709647,459.0974025974026,1.5178455985985793,1.7093013102809589,0.3599623940729846,0.6490066836898526,0.3501661180829008,522.859375,0.4262168109416961,0.1132450178265571,0.1751900921866763,0.5824036802760207,0.4082554014833924,0.4800227498933599,0.4824078977108001,0.24365234375,0.3158091674462114,5064,3631,7340,0.7303614616394043,5.679294578706728,0.1417374265186153,0.2978445460483344,0.25,2180,112,0.0513761467889908,3009,1174,0.3901628447989365,5721,3085,0.5392413913651459,1494,693,0.463855421686747,38.38641069672419,0.4248404502868652,32768.0,549.5909588998184,0
school1_low_lr_100e,14,0.0004762067631165,1.5850605517238765,0.2874344697149543,0.6477141958165479,0.3249559424527279,459.0253246753247,1.4980094944888895,1.7197351430853207,0.3722588835128893,0.6487608458846807,0.3493577016051858,522.859375,0.4262009561061859,0.1118587106466293,0.1751811147725675,0.5456755114441969,0.4343760077394389,0.4837058981955292,0.4844925105571747,0.2476806640625,0.3190053285968028,5388,4486,7016,0.7294582724571228,6.449379490529066,0.0790333115610712,0.233180927498367,0.25,2180,116,0.0532110091743119,3009,1203,0.3998005982053838,5721,3201,0.5595175668589407,1494,868,0.5809906291834003,40.14234641534867,0.4075574874877929,32768.0,516.1527358000167,0
school1_low_lr_100e,15,0.000472751631047,1.5762472085364454,0.2852177839290786,0.6470389769448862,0.3219952239134869,459.0902597402597,1.4958201593392857,1.6883347040663164,0.3417576694240172,0.6494779443989197,0.3485495451216896,522.859375,0.4343272149562835,0.1069588810205459,0.1755956047330983,0.5889945652173914,0.4193808448887455,0.4899227726502166,0.4955805540084839,0.2261962890625,0.3244355744043907,5202,3630,7202,0.7313447594642639,5.768778576094056,0.1018941868060091,0.225342913128674,0.25,2180,116,0.0532110091743119,3009,1178,0.3914921900963775,5721,3027,0.5291033036182485,1494,881,0.5896921017402945,40.72488250987178,0.4248404502868652,32768.0,506.7405630000867,0
school1_low_lr_100e,16,0.0004690766700109,1.5624950997241132,0.2808454398404468,0.6461953295128686,0.3177271662013871,459.087012987013,1.4749268565085027,1.6846081881473465,0.3397614969095836,0.6484434809535742,0.3482016045600176,522.859375,0.4520735144615173,0.1323260068893432,0.192044532217551,0.6207767223758567,0.4162366978394066,0.4983350224410018,0.5030813813209534,0.23193359375,0.3318549942151947,5163,3154,7241,0.7381007075309753,5.432397126061398,0.0966688438928804,0.2338340953625081,0.25,2180,114,0.0522935779816513,3009,1196,0.3974742439348621,5721,2982,0.5212375458835868,1494,871,0.5829986613119144,41.06410451806017,0.4073696136474609,65536.0,508.3994113001973,0
school1_low_lr_100e,17,0.0004651855067509,1.5542470777189576,0.2789613790326304,0.6456520561273996,0.3148168213278442,459.0441558441559,1.4879723624749617,1.6896415520459414,0.3499631915086259,0.6490983568752805,0.3452899986878037,522.859375,0.4603862166404724,0.1322582811117172,0.194445116375573,0.5682387103234204,0.4575137052563689,0.5069000937876825,0.507509171962738,0.2568359375,0.3394950945202201,5675,4312,6729,0.7312731742858887,6.5231874591770085,0.0862181580666231,0.2090137165251469,0.25,2180,155,0.0711009174311926,3009,1334,0.4433366566965769,5721,3314,0.579269358503758,1494,872,0.5836680053547524,41.75614551112085,0.4258508682250976,65536.0,496.3888989998959,0
school1_low_lr_100e,18,0.0004610819813755,1.5418805469940235,0.2745910572154181,0.6450728273236906,0.311108331798346,459.0785714285714,inf,1.6671156908075015,0.3342631923345228,0.6477358763416609,0.3425583079612503,522.859375,0.4679804146289825,0.1413561999797821,0.2021315424004569,0.6561608300907912,0.4078523057078362,0.5030327135328627,0.5154610872268677,0.2237548828125,0.3360345400199269,5059,2651,7345,0.7417204976081848,5.035924232527759,0.1345525800130633,0.2606139777922926,0.25,2180,113,0.0518348623853211,3009,1183,0.3931538717181788,5721,3006,0.5254326166754064,1494,757,0.5066934404283802,40.723410047999536,0.4248404502868652,32768.0,503.0356757000554,2
school1_low_lr_100e,19,0.0004567701435686,1.5353596115267123,0.2733357426117767,0.6446773023961426,0.3086732840383208,459.1051948051948,1.4778750003158272,1.6728645283728838,0.3332743937304864,0.6483355707799395,0.3456272811939319,522.859375,0.4438294470310211,0.1234819367527961,0.1882793738506734,0.6426972211247202,0.3934214769429216,0.4880732109816472,0.5026355385780334,0.2105712890625,0.3228153734206522,4880,2713,7524,0.7424543499946594,4.9595035924232524,0.1365120836054866,0.2468974526453298,0.25,2180,80,0.036697247706422,3009,996,0.3310069790628115,5721,2966,0.5184408320223737,1494,838,0.5609103078982597,41.76672059375378,0.406959056854248,32768.0,505.95555059984326,0
school1_low_lr_100e,20,0.0004522542485937,1.52392741085647,0.2698615510694005,0.644081258928621,0.3049923002429597,459.1357142857143,1.451984279844668,1.6657816873242457,0.3362048726218442,0.6470552102352182,0.3412608023112018,522.859375,0.4642024040222168,0.1382256746292114,0.1991086830981658,0.6129949931725079,0.4342953885843276,0.50839939599849,0.5112010836601257,0.2364501953125,0.3408415058525783,5387,3401,7017,0.7375426292419434,5.740039190071848,0.109079033311561,0.2233834095362508,0.25,2180,88,0.0403669724770642,3009,1127,0.3745430375540046,5721,3282,0.5736759307813319,1494,890,0.5957161981258366,35.89823111350371,0.4071612358093261,32768.0,583.1072720999364,0
school1_low_lr_100e,21,0.0004475387530939,1.5158683077855544,0.2681221667144979,0.643491737602593,0.3021272024260713,459.0694805194805,1.4661154920017565,1.6408262395610411,0.3254234596000363,0.6461978082855543,0.3346024852556487,522.859375,0.4731203615665436,0.1494035124778747,0.2051784725277684,0.6788180060756697,0.3963237665269268,0.5004581085208185,0.5236467123031616,0.212158203125,0.3337406653088934,4916,2326,7488,0.7480716705322266,4.730241672109732,0.1175702155453951,0.2240365774003919,0.25,2180,80,0.036697247706422,3009,930,0.3090727816550349,5721,3021,0.5280545359202936,1494,885,0.5923694779116466,35.996002068193526,0.4067168235778808,65536.0,563.8291670999024,0
school1_low_lr_100e,22,0.0004426283106939,1.5082149077545512,0.2647528786937911,0.6431993100550267,0.3001313603543616,459.0103896103896,1.4579225074161182,1.6464594944069784,0.327329315089931,0.646057586496075,0.3365362948582818,522.859375,0.4663445949554443,0.14115771651268,0.1995936920924577,0.6507699950322902,0.4224443727829732,0.5123191239734063,0.5217591524124146,0.232421875,0.3443743427970557,5240,2812,7164,0.7440552711486816,5.259307642064011,0.1051600261267145,0.2181580666231221,0.25,2180,146,0.0669724770642201,3009,1051,0.3492854769026254,5721,3113,0.5441356406222688,1494,930,0.6224899598393574,37.7140164879401,0.4067220687866211,65536.0,540.4334376999177,0
school1_low_lr_100e,23,0.0004375277674076,1.5025272182829967,0.2639348487575332,0.642691302725247,0.2979505335065451,459.0694805194805,inf,1.6452226663629217,0.3238408387793849,0.6468042532602946,0.3372887902272244,522.859375,0.4875684380531311,0.1563054770231247,0.2139468484849203,0.6849441157133465,0.4199451789745243,0.5206657004348043,0.5359106063842773,0.213134765625,0.3519594594594594,5209,2396,7195,0.7483356595039368,4.967341606792946,0.1188765512736773,0.2357935989549314,0.25,2180,131,0.060091743119266,3009,1169,0.3885011631771352,5721,3064,0.5355707044223038,1494,845,0.5655957161981259,41.03022204477113,0.406735897064209,32768.0,508.5507944000419,2
school1_low_lr_100e,24,0.0004322421568553,1.4908760116471873,0.2598858651741371,0.6420491328874192,0.2944705078547651,459.0642857142857,1.437199508756786,1.6483454039941232,0.3273506838983546,0.6463359482586384,0.3373293859573702,522.859375,0.4763259589672088,0.1552881151437759,0.210022168958676,0.6900343642611684,0.4047081586584972,0.5101885258397276,0.5251497030258179,0.212890625,0.3424517361347977,5020,2255,7384,0.7486239671707153,4.751796211626388,0.116263879817113,0.2259960809928151,0.25,2180,85,0.0389908256880734,3009,995,0.3306746427384513,5721,3058,0.5345219367243489,1494,882,0.5903614457831325,40.77565643012364,0.407379150390625,32768.0,510.3054998998996,0
school1_low_lr_100e,25,0.0004267766952966,1.4880690251077924,0.259326476182837,0.6420380519195037,0.2933522485970676,459.0551948051948,1.437981419749074,1.6352395645032327,0.3244816722193112,0.6457171722625693,0.3325203600494812,522.859375,0.4965614080429077,0.1679473370313644,0.2221268987632356,0.6773869346733669,0.4346984843598839,0.5295619721076409,0.5381265878677368,0.2177734375,0.360138925995191,5392,2568,7012,0.7492926716804504,5.199216198563031,0.1195297191378184,0.2103200522534291,0.25,2180,131,0.060091743119266,3009,1206,0.4007976071784646,5721,3184,0.5565460583814018,1494,871,0.5829986613119144,40.43759000142401,0.4078068733215332,32768.0,512.6841128999367,0
school1_low_lr_100e,26,0.0004211367764821,1.482019730667015,0.2578235891829063,0.6415574732538941,0.2913193324653359,458.9538961038961,1.4584655618899829,1.6469626345982151,0.3282867954112589,0.6456847690666715,0.3364955363795161,522.859375,0.4771212637424469,0.1530796140432357,0.2092786936133052,0.6465753424657534,0.4376007739438891,0.5219481705851242,0.5300971269607544,0.2220458984375,0.3531325222822197,5428,2967,6976,0.7469399571418762,5.483344219464402,0.0836054866100587,0.1868060091443501,0.25,2180,105,0.0481651376146789,3009,1129,0.3752077102027251,5721,3203,0.5598671560915924,1494,991,0.6633199464524766,40.90980057831258,0.4077491760253906,65536.0,509.579589500092,0
school1_low_lr_100e,27,0.0004153279663309,1.474389795126853,0.2556097250480156,0.6410690936949346,0.2888554885693185,458.9759740259741,inf,1.6445413610587518,0.3315258596558124,0.6455330780396858,0.3337412122637033,522.859375,0.453201562166214,0.1464391350746154,0.1982117844017921,0.6289229224202862,0.4039019671073847,0.491899852724595,0.5086109638214111,0.21533203125,0.326171875,5010,2956,7394,0.7486851215362549,5.203135205747877,0.0960156760287393,0.2031352057478772,0.25,2180,53,0.0243119266055045,3009,850,0.2824858757062147,5721,3196,0.5586435937773117,1494,911,0.6097724230254351,41.27889869886623,0.4065189361572265,32768.0,498.2583037998993,2
school1_low_lr_100e,28,0.0004093559974371,1.4695179835542456,0.2544006626085414,0.6408228374920882,0.2871472423049536,459.0402597402597,1.4396450380226231,1.6411559109886489,0.3316377040464431,0.6453810477008423,0.3320685807460298,522.859375,0.4808241128921509,0.1590524613857269,0.2136361018870957,0.6369682375874326,0.4478394066430183,0.5259171597633137,0.5307977199554443,0.2291259765625,0.3567758509955042,5555,3166,6849,0.7477709650993347,5.696276943174396,0.0822991508817766,0.1770084911822338,0.25,2180,127,0.0582568807339449,3009,1119,0.3718843469591226,5721,3307,0.5780457961894774,1494,1002,0.6706827309236948,41.19263945141931,0.4248404502868652,32768.0,503.6775864001829,0
school1_low_lr_100e,29,0.0004032267634132,1.462664435900651,0.2526942325780144,0.6403736501158058,0.2847982761534777,459.0954545454546,1.4349162909504656,1.6407580443968377,0.3226343252075215,0.6463252197330197,0.3358992519788444,522.859375,0.4702757894992828,0.1478169411420822,0.2055849869691883,0.679654273562903,0.3993872944211544,0.503122937084243,0.5214886665344238,0.2138671875,0.3361150688649162,4954,2335,7450,0.750734269618988,4.760940561724363,0.1143043762246897,0.2142390594382756,0.25,2180,109,0.05,3009,951,0.3160518444666002,5721,2965,0.5182660374060479,1494,929,0.6218206157965194,41.13886123133968,0.4069323539733886,65536.0,498.0619702001568,0
school1_low_lr_100e,30,0.0003969463130731,1.458311885053461,0.2503621051160546,0.6402747012191005,0.2838375386963417,459.07142857142856,1.449494801751979,1.639338885123531,0.3318534668845435,0.6454880833625793,0.3309986689904083,522.859375,0.4914402663707733,0.1685227304697036,0.2203072663629427,0.6198960653303638,0.4712189616252821,0.5354280218018596,0.5368219017982483,0.2408447265625,0.3655866900175131,5845,3584,6559,0.7470983862876892,6.158719790986283,0.0783801436969301,0.1724363161332462,0.25,2180,149,0.068348623853211,3009,1238,0.4114323695579926,5721,3450,0.6030414263240692,1494,1008,0.6746987951807228,41.75810168469594,0.4069375991821289,65536.0,494.1991416998208,0
school1_low_lr_100e,31,0.000390520844463,1.453523834804436,0.2502307011032259,0.6398368549424333,0.2817281393261699,458.8415584415585,1.4554613258157458,1.6406749077141285,0.3240054406536122,0.6463915004084507,0.3351389865856617,522.859375,0.4680326879024505,0.1452042013406753,0.2034569935756735,0.6823917407513622,0.3836665591744598,0.4911755599133037,0.5234300494194031,0.19873046875,0.3255352623298447,4759,2215,7645,0.750708818435669,4.5551926845199215,0.1143043762246897,0.217504898758981,0.25,2180,73,0.03348623853211,3009,874,0.2904619474908607,5721,2903,0.5074287711938472,1494,909,0.608433734939759,40.8501191048652,0.4258508682250976,65536.0,511.45831409981474,0
school1_low_lr_100e,32,0.0003839566987447,1.4493911709104266,0.2486771023312172,0.6396649857233097,0.2805245410505827,459.07207792207794,inf,1.6375943658252556,0.322249088048314,0.6468966202810407,0.334224328553925,522.859375,0.4792613089084625,0.1569358110427856,0.211043754601269,0.6951514289776767,0.3941470493389229,0.5030611719915625,0.5290931463241577,0.2000732421875,0.3360599395105856,4889,2144,7515,0.7541631460189819,4.593729588504246,0.1208360548661005,0.2207707380796864,0.25,2180,98,0.0449541284403669,3009,912,0.3030907278165503,5721,2981,0.521062751267261,1494,898,0.6010709504685409,41.04215105289455,0.4248404502868652,65536.0,510.84543749992736,2
school1_low_lr_100e,33,0.0003772603539375,1.4424550763972397,0.2465693631003816,0.6391886131717013,0.2783485495134608,459.1149350649351,inf,1.6355321127921345,0.3244771320217599,0.6455772730211417,0.3327388553880155,522.859375,0.4776023924350738,0.1584785878658294,0.2123622875486034,0.6600433065851484,0.4177684617865205,0.5116761293507776,0.5245433449745178,0.2127685546875,0.3437935381145094,5182,2669,7222,0.752483606338501,5.128020901371652,0.0888308295231874,0.1822338340953625,0.25,2180,76,0.0348623853211009,3009,939,0.3120638085742772,5721,3199,0.5591679776262891,1494,968,0.6479250334672021,40.938060186351,0.4067058563232422,32768.0,511.21716620004736,2
school1_low_lr_100e,34,0.0003704384185254,1.4371903085089348,0.2452206748840096,0.638896381971124,0.2765366258269006,459.1077922077922,1.4605742574125142,1.6298717216898997,0.3184574713620047,0.6458725140740474,0.3327708697567383,522.859375,0.4891207218170166,0.1603698134422302,0.2167342851811554,0.6877318494965554,0.4184940341825218,0.5203488372093024,0.536104142665863,0.2086181640625,0.3516699410609037,5191,2357,7213,0.751542329788208,4.930111038536904,0.0979751796211626,0.1828870019595035,0.25,2180,102,0.046788990825688,3009,977,0.3246925888999667,5721,3140,0.5488550952630659,1494,972,0.6506024096385542,41.72817600572333,0.4248404502868652,32768.0,507.990567999892,0
school1_low_lr_100e,35,0.0003634976249348,1.4345685762244385,0.2444110210549522,0.6386026844962851,0.2757774361639054,459.06233766233765,inf,1.6383072137832642,0.3290698770433664,0.6464272768547138,0.3314050317276269,522.859375,0.4978270530700683,0.1748611032962799,0.2258815272100037,0.6578854521933435,0.4509835536923573,0.53513177404697,0.5441827178001404,0.2252197265625,0.3653105204728009,5594,2909,6810,0.7539805173873901,5.55388634879164,0.0783801436969301,0.1685173089483997,0.25,2180,114,0.0522935779816513,3009,1116,0.3708873379860419,5721,3356,0.5866107323894424,1494,1008,0.6746987951807228,41.16463421423445,0.4069209098815918,32768.0,510.9188420998398,2
school1_low_lr_100e,36,0.0003564448228912,1.4303274114410598,0.2431664035933745,0.6386145676111246,0.2742732204787143,459.0538961038961,1.4478499898275772,1.6420438929150505,0.3325024211468796,0.645652063190937,0.3319447017274797,522.859375,0.4920581877231598,0.1679054796695709,0.2208869391353801,0.6472011057360055,0.4529990325701387,0.5329602579910843,0.5379303693771362,0.237060546875,0.3632895842762009,5619,3063,6785,0.7516782879829407,5.670803396472894,0.0796864794252122,0.1678641410842586,0.25,2180,91,0.041743119266055,3009,1109,0.3685609837155201,5721,3414,0.5967488201363398,1494,1005,0.6726907630522089,41.26650973354706,0.4078154563903808,32768.0,507.5849536999594,0
school1_low_lr_100e,37,0.0003492869726586,1.425258195400238,0.241408819482698,0.638125165561577,0.2728621044329234,459.1051948051948,1.4555450329145827,1.630450388416648,0.3229961612572272,0.6458271685987711,0.3308135288146634,522.859375,0.5002727508544922,0.1712863147258758,0.2256123362574726,0.675042693339839,0.446146404385682,0.5372293952043492,0.5484926104545593,0.2205810546875,0.3672683833289089,5534,2664,6870,0.755366861820221,5.354670150228609,0.077726975832789,0.1613324624428478,0.25,2180,102,0.046788990825688,3009,1101,0.3659022931206381,5721,3307,0.5780457961894774,1494,1024,0.6854082998661312,40.95353828193853,0.4069423675537109,32768.0,509.8768637001049,0
school1_low_lr_100e,38,0.0003420311381711,1.418765106139245,0.2396080697608458,0.6378720221194354,0.2706425073278414,459.1,1.469513708623973,1.6289491653442385,0.3169872900471091,0.6465768553316593,0.3326925102155655,522.859375,0.4864020347595215,0.1633881479501724,0.2163266315357759,0.7087662812820138,0.3904385682038052,0.5035088631283464,0.5307550430297852,0.20751953125,0.3364596359594275,4843,1990,7561,0.7580929398536682,4.463096015676029,0.1123448726322664,0.2044415414761593,0.25,2180,52,0.0238532110091743,3009,900,0.2991026919242273,5721,2971,0.5193148051040027,1494,920,0.6157965194109772,41.79887307268638,0.4065084457397461,65536.0,504.8942766999826,0
school1_low_lr_100e,39,0.0003346844800613,1.4158691194150357,0.2385588750146426,0.6377485361579177,0.2697808536616238,458.9993506493507,1.4703006851208675,1.633015167588989,0.3223229341674596,0.646378755569458,0.3321567398961633,522.859375,0.4805583357810974,0.1609312146902084,0.2125989503692835,0.7084821428571428,0.3838277974846824,0.4979083873666596,0.5310508012771606,0.2015380859375,0.331476710993525,4761,1959,7643,0.7575892210006714,4.389288047028086,0.1254082299150881,0.2129327237099934,0.25,2180,69,0.0316513761467889,3009,872,0.2897972748421402,5721,2929,0.5119734312183185,1494,891,0.5963855421686747,41.27544613625809,0.4248404502868652,65536.0,501.81346799992025,0
school1_low_lr_100e,40,0.0003272542485937,1.4136114869798933,0.2384350627418849,0.6375015465470103,0.2688374392107709,459.0298701298701,inf,1.6294401908914249,0.3203452979214489,0.645970351062715,0.3315622707207997,522.859375,0.4824388325214386,0.1622913479804992,0.2165256167645566,0.6723643006263048,0.4154305062882941,0.5135539166832769,0.5290671586990356,0.21435546875,0.3454911163258464,5153,2511,7251,0.7557070255279541,5.005878510777269,0.0875244937949052,0.1659046374918354,0.25,2180,83,0.0380733944954128,3009,928,0.3084081090063144,5721,3116,0.5446600244712463,1494,1026,0.6867469879518072,41.01823089126422,0.4074225425720215,32768.0,505.7914126000833,2
school1_low_lr_100e,41,0.0003197477765098,1.4075495143215375,0.2362603435413791,0.6371799571947618,0.2670546065290253,458.92792207792206,1.4713907232145211,1.6336104832589626,0.3179621730620662,0.6456281340991458,0.335010088669757,522.859375,0.4820900857448578,0.1573710739612579,0.2118915507482597,0.6845988730882747,0.4113995485327313,0.5139490381710142,0.5323244333267212,0.2095947265625,0.345848864791596,5103,2351,7301,0.752097487449646,4.868713259307642,0.0842586544741998,0.1770084911822338,0.25,2180,73,0.03348623853211,3009,951,0.3160518444666002,5721,3088,0.5397657752141234,1494,991,0.6633199464524766,41.24747326338197,0.4069466590881347,32768.0,508.3525959001854,0
school1_low_lr_100e,42,0.0003121724717912,1.4049810400256864,0.2352014497357916,0.6370317349186191,0.2663739286072842,459.0409090909091,1.4763602066349673,1.6361833792179823,0.3195525996852666,0.647696009837091,0.3344673853522787,522.859375,0.489639937877655,0.1689817011356353,0.2206495255464688,0.7015444552664534,0.4064817800709449,0.5147261497626461,0.5405380129814148,0.213623046875,0.3465530276994982,5042,2145,7362,0.757291316986084,4.6943174395819725,0.0829523187459177,0.1763553233180927,0.25,2180,97,0.0444954128440367,3009,935,0.3107344632768362,5721,3025,0.5287537143855969,1494,985,0.6593038821954484,41.08951782327422,0.4077882766723633,32768.0,520.261950599961,0
school1_low_lr_100e,43,0.0003045358103491,1.4009874888828822,0.2336549732205155,0.6368994455832939,0.265216535484636,459.05584415584417,inf,1.6295126415789127,0.3199789545033127,0.64627479792883,0.3316294453882922,522.859375,0.4867014288902282,0.170741468667984,0.2191668344195932,0.6753548387096774,0.4219606578523057,0.5194006152624789,0.5379899144172668,0.21630859375,0.3508042895442359,5234,2516,7170,0.7576869130134583,5.062050947093403,0.0633572828216851,0.1534944480731548,0.25,2180,101,0.0463302752293578,3009,971,0.3226985709538053,5721,3119,0.5451844083202237,1494,1043,0.6981258366800536,41.17108498953987,0.4069690704345703,32768.0,520.5354536001105,2
school1_low_lr_100e,44,0.0002968453286464,1.3988700150669395,0.2339218429398614,0.6366780671206388,0.2641350524572583,459.0,1.484461371387754,1.6365223315854869,0.3215929633782555,0.6474108168234428,0.3337592742561052,522.859375,0.4828891456127167,0.1639480143785476,0.2143298762457561,0.7002788786144136,0.3846339890357949,0.4965395222979653,0.5332809090614319,0.196533203125,0.3302644330610549,4771,2042,7633,0.7566556930541992,4.450032658393207,0.109079033311561,0.1881123448726322,0.25,2180,76,0.0348623853211009,3009,847,0.2814888667331339,5721,2884,0.5041076734836567,1494,964,0.6452476572958501,40.827192788419566,0.4076075553894043,32768.0,512.8340390999801,0
school1_low_lr_100e,45,0.00028910861626,1.3937916363988605,0.2312589441414003,0.6365162457738603,0.2630082227870241,459.0474025974026,1.4857824169970175,1.6343181431293488,0.3209357756034781,0.647453697087864,0.332964333317553,522.859375,0.4925669729709625,0.167580559849739,0.2197123570455005,0.693331558631705,0.4199451789745243,0.5230707435858813,0.5428597331047058,0.2137451171875,0.3541610008158825,5209,2304,7195,0.755120038986206,4.907250163291966,0.077726975832789,0.1665578053559764,0.25,2180,90,0.0412844036697247,3009,969,0.3220338983050847,5721,3141,0.5490298898793917,1494,1009,0.6753681392235609,40.93980745534432,0.4248404502868652,32768.0,511.4525317000225,0
school1_low_lr_100e,46,0.000281333308391,1.3912779915642428,0.2315534687226081,0.6361188641229233,0.2618028294440214,459.0487012987013,inf,1.6351283534119527,0.3202183321118355,0.6470099063590169,0.3339500570824991,522.859375,0.4980159103870392,0.1724277287721634,0.2246274130506208,0.7333431171118285,0.4028539180909384,0.5200333021126027,0.5463575124740601,0.2008056640625,0.3513817593699458,4997,1817,7407,0.757953405380249,4.450685826257348,0.1129980404964075,0.2129327237099934,0.25,2180,101,0.0463302752293578,3009,1002,0.333000997008973,5721,2989,0.5224611081978675,1494,905,0.6057563587684069,40.66309119998167,0.4248404502868652,32768.0,515.6160133001395,2
school1_low_lr_100e,47,0.0002735270783296,1.386404367623391,0.2293283383809513,0.6360691435151286,0.2605034440368801,459.03311688311686,1.486234764967646,1.636973907550176,0.3205918375557909,0.6481571330999335,0.3341124677875389,522.859375,0.4806046783924103,0.1595068275928497,0.2123710880172439,0.7046162980555143,0.3826991293131248,0.496003343607962,0.5304445624351501,0.1942138671875,0.3297901903570932,4747,1990,7657,0.7560984492301941,4.400391900718485,0.093403004572175,0.1770084911822338,0.25,2180,59,0.0270642201834862,3009,785,0.2608840146227982,5721,2935,0.5130221989162734,1494,968,0.6479250334672021,40.276887684266974,0.4078016281127929,32768.0,527.8325592998881,0
school1_low_lr_100e,48,0.0002656976298823,1.3825057699308767,0.2285187008657625,0.6356198960697496,0.2591835863210938,459.00584415584416,1.503154365505491,1.635558931156993,0.3244730089791119,0.6467568026855588,0.3321645617640267,522.859375,0.4918694198131561,0.1727596372365951,0.2219613165478222,0.6691683070866141,0.4384875846501129,0.5298071303331385,0.542436957359314,0.22509765625,0.3603657324587557,5439,2689,6965,0.7541689276695251,5.308948399738733,0.069888961463096,0.1613324624428478,0.25,2180,96,0.0440366972477064,3009,1056,0.3509471585244267,5721,3263,0.5703548330711414,1494,1024,0.6854082998661312,40.5603356184361,0.4078178405761719,32768.0,524.2672004001215,0
school1_low_lr_100e,49,0.0002578526897695,1.3805823678320104,0.2279910087440308,0.6355398931286552,0.2585257328175879,459.0837662337663,1.5112553625524818,1.6357595479736726,0.3212023947853595,0.6472058296203613,0.3336756620556116,522.859375,0.4917605817317962,0.1625271439552307,0.2158239910611882,0.7010914051841747,0.4143018381167365,0.5208269990878687,0.5440531373023987,0.205322265625,0.3521068859198356,5139,2191,7265,0.7534423470497131,4.787720444154147,0.0809928151534944,0.1698236446766819,0.25,2180,101,0.0463302752293578,3009,984,0.3270189431704885,5721,3039,0.5312008390141584,1494,1015,0.679384203480589,40.685751412742334,0.4078292846679687,65536.0,521.4568281001411,0
school1_low_lr_100e,50,0.00025,1.3768442889312644,0.2267668265413928,0.6355795707021441,0.2572489467727673,458.95714285714286,1.500374615385935,1.6318962362905345,0.3194986792126049,0.646329672075808,0.3330339420742045,522.859375,0.4982082545757293,0.1743779480457306,0.2232046548859216,0.7223512336719884,0.4012415349887133,0.5159116823883073,0.5465594530105591,0.201904296875,0.3476286931619752,4977,1913,7427,0.7586155533790588,4.500326583932071,0.0999346832135859,0.1900718484650555,0.25,2180,96,0.0440366972477064,3009,979,0.3253572615486872,5721,2940,0.5138961719979025,1494,962,0.643908969210174,40.3397949985955,0.4069404602050781,65536.0,521.7325573998969,0
school1_low_lr_100e,51,0.0002421473102304,1.3742077383902165,0.2265402366540261,0.635259588159524,0.2562039577148177,459.0688311688312,inf,1.6339366765071948,0.32198275004824,0.6461039219672481,0.3329250020130227,522.859375,0.4885607659816742,0.1656955182552337,0.2174923746380955,0.6802287794098532,0.4218800386971944,0.5207742449121759,0.5380945801734924,0.21533203125,0.3520586652314316,5233,2460,7171,0.7547150254249573,5.0248203788373615,0.0640104506858262,0.1606792945787067,0.25,2180,101,0.0463302752293578,3009,1018,0.3383183781987371,5721,3079,0.538192623667191,1494,1035,0.6927710843373494,40.22352244719524,0.407388687133789,32768.0,516.3069385997951,2
school1_low_lr_100e,52,0.0002343023701176,1.3716895979720276,0.2252520264211026,0.6350898492258864,0.2556738607295147,459.0902597402597,1.5191570760754796,1.6366638783365488,0.3210895588466276,0.6478146708880862,0.3338798222442468,522.859375,0.4969799816608429,0.1753049045801162,0.2232989814103348,0.713061797752809,0.4093034504998387,0.5200778528989961,0.543743371963501,0.201904296875,0.3514224406451166,5077,2043,7327,0.7584777474403381,4.65055519268452,0.0875244937949052,0.1802743305029392,0.25,2180,90,0.0412844036697247,3009,987,0.3280159521435692,5721,3036,0.5306764551651809,1494,964,0.6452476572958501,40.61720452296505,0.4078145027160644,32768.0,518.0825216001831,0
school1_low_lr_100e,53,0.0002264729216703,1.3675953211722436,0.2242000438031051,0.6348970378374125,0.2542491198843949,459.038961038961,1.5174688008311508,1.635779087121288,0.3205579894129187,0.6477285567671061,0.3337462713631491,522.859375,0.4953993558883667,0.1737819463014602,0.2226488837972283,0.7099300699300699,0.4092228313447275,0.5191776618594661,0.5430563688278198,0.204833984375,0.3506009117281392,5076,2074,7328,0.7588267922401428,4.670150228608753,0.0751143043762246,0.1665578053559764,0.25,2180,85,0.0389908256880734,3009,949,0.3153871718178797,5721,3010,0.5261317951407096,1494,1032,0.6907630522088354,40.09357559414799,0.4064979553222656,65536.0,522.6967666000128,0
school1_low_lr_100e,54,0.0002186666916089,1.3656176486572662,0.223104692356927,0.6347912924243259,0.2538608317928655,459.06103896103895,1.531759515985266,1.6380733245362835,0.3248548821235696,0.6470490526407957,0.3330846947307388,522.859375,0.4798981547355652,0.16204833984375,0.2134480856970185,0.6875512995896033,0.4051918735891648,0.5098914477021407,0.5361524224281311,0.201904296875,0.3421840958605665,5026,2284,7378,0.7578089237213135,4.774657086871326,0.0862181580666231,0.170476812540823,0.25,2180,82,0.0376146788990825,3009,896,0.2977733466267863,5721,3015,0.5270057682223388,1494,1033,0.6914323962516734,40.27594254357565,0.4078359603881836,65536.0,529.975592300063,0
school1_low_lr_100e,55,0.0002108913837399,1.363702471147884,0.2233845899196027,0.6346234726441371,0.2528472041348358,458.97662337662337,1.5355427523325016,1.6469771588842077,0.3266275390827407,0.6471573455880085,0.3365961373783648,522.859375,0.4835470914840698,0.1579626202583313,0.213957000078517,0.7257161145783325,0.3656078684295388,0.486248860773066,0.5349303483963013,0.1890869140625,0.3212211361382632,4535,1714,7869,0.7594271302223206,4.081645983017635,0.1175702155453951,0.2083605486610058,0.25,2180,65,0.0298165137614678,3009,830,0.2758391492190096,5721,2683,0.4689739556021675,1494,957,0.6405622489959839,40.504916498751214,0.4078383445739746,65536.0,513.8153624001425,0
school1_low_lr_100e,56,0.0002031546713535,1.3585032707685,0.2214401095863673,0.63450234942622,0.25128040522724,459.07207792207794,inf,1.6369507343818743,0.3217442024809618,0.6467963910351197,0.3342050678717593,522.859375,0.4897192716598511,0.1671190857887268,0.2204950583633035,0.7304027051952044,0.3831022250886811,0.5025912215758859,0.5385614633560181,0.1890869140625,0.3356406272072326,4752,1754,7652,0.7603873610496521,4.249510124101894,0.0973220117570215,0.1854996734160679,0.25,2180,81,0.0371559633027522,3009,865,0.2874709205716185,5721,2823,0.4934452018877818,1494,983,0.6579651941097724,40.0324142347626,0.4073567390441894,32768.0,520.7937574998941,2
school1_low_lr_100e,57,0.0001954641896508,1.3560976997598426,0.2201809745475456,0.6344039562073621,0.2507563844806962,459.07207792207794,1.5403774915577528,1.647428182264169,0.3282418839323024,0.6474684635177255,0.3358589169414093,522.859375,0.4883241653442383,0.1636328548192978,0.216387190495152,0.6807259713701431,0.4293776201225411,0.5265967965196757,0.5410466194152832,0.219970703125,0.3574016910481814,5326,2498,7078,0.7537753582000732,5.110385369039843,0.0770738079686479,0.163291966035271,0.25,2180,117,0.0536697247706422,3009,1027,0.3413094051179794,5721,3155,0.5514770145079532,1494,1027,0.6874163319946452,39.94022706777491,0.4248404502868652,32768.0,521.3580736999866,0
school1_low_lr_100e,58,0.0001878275282087,1.3537174011205697,0.2204081930994213,0.6341085881381839,0.2496003107204065,459.088961038961,inf,1.6483273655176165,0.326171979540959,0.6477520770082871,0.3372016550662617,522.859375,0.4885480105876922,0.1689619570970535,0.2184037663741037,0.70999570999571,0.4002741051273782,0.5119348352838068,0.5406102538108826,0.2113037109375,0.3440271618625277,4965,2028,7439,0.7570406794548035,4.567602873938602,0.0920966688438928,0.1933376877857609,0.25,2180,95,0.0435779816513761,3009,992,0.3296776337653705,5721,2892,0.5055060304142632,1494,986,0.6599732262382865,40.49515779218462,0.4065084457397461,16384.0,516.2560474998318,2
school1_low_lr_100e,59,0.0001802522234901,1.3521031363443894,0.2190508287351626,0.6340520149314558,0.2495001457438066,459.0798701298701,1.5594609526070682,1.6427455469965937,0.3224033317528665,0.647363357556363,0.336489428843682,522.859375,0.5040661692619324,0.1796459704637527,0.2298674395889975,0.7392344497607656,0.3985811028700419,0.5179132620993085,0.5508856773376465,0.2001953125,0.3494486853265479,4944,1744,7460,0.7626434564590454,4.368386675375572,0.0947093403004572,0.1926845199216198,0.25,2180,83,0.0380733944954128,3009,1005,0.3339980059820538,5721,2890,0.5051564411816116,1494,966,0.6465863453815262,40.209878256146126,0.4073915481567383,16384.0,526.7270393001381,0
school1_low_lr_100e,60,0.0001727457514062,1.3469096599461197,0.2174240942512239,0.6336573895308879,0.247914088343258,459.1344155844156,1.5514044544139465,1.6435912524660428,0.3245314800490935,0.6470602164044976,0.335999776997293,522.859375,0.4889224171638489,0.1661537885665893,0.2168982242932543,0.724969474969475,0.3829409867784585,0.5011605824013504,0.540401816368103,0.1898193359375,0.3343657609460791,4750,1802,7654,0.7584779262542725,4.279555845852384,0.0986283474853037,0.1985630306988896,0.25,2180,73,0.03348623853211,3009,909,0.3020937188434696,5721,2824,0.4936199965041076,1494,944,0.6318607764390897,39.67663461643088,0.4073729515075683,32768.0,535.2781496001408,0
school1_low_lr_100e,61,0.0001653155199386,1.345641539003942,0.2168005762017005,0.633949864026788,0.2474455492063002,459.0461038961039,1.5655222756909086,1.6461214770873387,0.3255966750439256,0.6478947273766001,0.3363150376050423,522.859375,0.49200239777565,0.1703666150569915,0.2198141343920724,0.7022752497225305,0.4080941631731699,0.5162145625127472,0.5400174856185913,0.1998291015625,0.3479037800687285,5062,2146,7342,0.7593103051185608,4.708033964728935,0.0718484650555192,0.1606792945787067,0.25,2180,88,0.0403669724770642,3009,945,0.3140578265204387,5721,2976,0.5201887781856319,1494,1053,0.7048192771084337,40.20763310492811,0.4073696136474609,32768.0,522.4887650997844,0
school1_low_lr_100e,62,0.0001579688618288,1.344158230160738,0.2165589322372303,0.6335806291985822,0.2470093345003468,459.1207792207792,1.565221457047896,1.6429470169047515,0.324363901745528,0.6473511587828398,0.3356159779553612,522.859375,0.4935225248336792,0.1710911989212036,0.2224652792094275,0.7062799211489721,0.4043856820380522,0.5143032912949861,0.5394011735916138,0.2020263671875,0.3461697722567288,5016,2086,7388,0.759696900844574,4.638798171129981,0.069888961463096,0.1672109732201175,0.25,2180,90,0.0412844036697247,3009,961,0.3193752077102027,5721,2959,0.517217269708093,1494,1006,0.6733601070950469,39.549615094534296,0.4078068733215332,32768.0,528.5858378000557,0
school1_low_lr_100e,63,0.0001507130273413,1.342328573821427,0.2168723520617206,0.6334506842997167,0.246002769247665,459.0707792207792,1.5817099584000451,1.646698118497928,0.3264320627010117,0.6469683228060603,0.3366488656029105,522.859375,0.493682861328125,0.1666558682918548,0.2186363532033283,0.7174345847554039,0.4067236375362786,0.5191397406873842,0.5427358150482178,0.210205078125,0.3505663261760823,5045,1987,7359,0.7553353309631348,4.593076420640105,0.0744611365120836,0.1691704768125408,0.25,2180,81,0.0371559633027522,3009,947,0.3147224991691592,5721,2973,0.5196643943366545,1494,1044,0.6987951807228916,40.586206080307946,0.4067549705505371,65536.0,520.6012530999724,0
school1_low_lr_100e,64,0.0001435551771087,1.3395701913864582,0.2151010130278088,0.6334369581241113,0.245516110240639,459.0655844155844,inf,1.649018969386816,0.3275763388567914,0.64807004109025,0.3366862957676251,522.859375,0.4959606528282165,0.171619564294815,0.2229201684473082,0.7256133177570093,0.4005965817478233,0.5162061084562642,0.5443748235702515,0.20703125,0.3478961002590492,4969,1879,7435,0.7591618895530701,4.472893533638145,0.0822991508817766,0.1698236446766819,0.25,2180,98,0.0449541284403669,3009,946,0.3143901628447989,5721,2914,0.5093515119734312,1494,1011,0.6767068273092369,40.34718228416711,0.4071793556213379,32768.0,526.4814810000826,2
school1_low_lr_100e,65,0.0001365023750651,1.3365684665642776,0.2143693009560758,0.633201684231882,0.2444987400301865,458.94935064935066,1.580554146580882,1.6547712199389937,0.3307885306421667,0.647726949925224,0.3381278671634694,522.859375,0.4854708313941955,0.1608265787363052,0.2140992557280697,0.7411685919973213,0.3569009996775233,0.4817978995483484,0.5369489192962646,0.1865234375,0.317347670250896,4427,1546,7977,0.75864177942276,3.901371652514696,0.1175702155453951,0.2148922273024167,0.25,2180,64,0.0293577981651376,3009,805,0.2675307411100033,5721,2659,0.4647788848103478,1494,899,0.6017402945113789,40.15950398089186,0.4067115783691406,32768.0,523.2447523998562,0
school1_low_lr_100e,66,0.0001295615814745,1.3349480442025443,0.2139530434623941,0.6331419731115366,0.2439265127209099,458.9974025974026,1.5823048239404505,1.6530250081171591,0.3292613647257288,0.6475251202161113,0.338119260345896,522.859375,0.4904423356056213,0.1633155047893524,0.2163614988676272,0.7352043929225137,0.3885843276362464,0.508438818565401,0.5422128438949585,0.1905517578125,0.3408769448373409,4820,1736,7584,0.7555006146430969,4.282168517308948,0.0960156760287393,0.1809274983670803,0.25,2180,96,0.0440366972477064,3009,928,0.3084081090063144,5721,2826,0.4939695857367593,1494,970,0.6492637215528781,40.32037077098171,0.4248404502868652,32768.0,535.1111799997743,0
school1_low_lr_100e,67,0.0001227396460624,1.3317359329044045,0.2127027185174164,0.6331185205416245,0.2429573470508897,458.9798701298701,1.5843846975982965,1.6507144471009572,0.3285442133589337,0.6471135231355826,0.3375283535569906,522.859375,0.4976073801517486,0.1713972985744476,0.22231598473154,0.7220099079971691,0.4112383102225088,0.5240125327443628,0.5454044342041016,0.2100830078125,0.3550250556792873,5101,1964,7303,0.7576444745063782,4.61463096015676,0.0692357935989549,0.1678641410842586,0.25,2180,87,0.0399082568807339,3009,1008,0.3349950149551346,5721,2984,0.5215871351162384,1494,1022,0.6840696117804551,40.241656155013374,0.4248404502868652,65536.0,521.465712999925,0
school1_low_lr_100e,68,0.0001160433012552,1.331041742996736,0.2128099150568634,0.6330117945160184,0.2426100162813415,459.0409090909091,inf,1.6533297523856163,0.3285043949726969,0.6476985172679027,0.3385634208098054,522.859375,0.4966338276863098,0.1667545288801193,0.2192776022304315,0.728286045165026,0.405594969364721,0.521023198011599,0.5478619933128357,0.202392578125,0.3522862544639731,5031,1877,7373,0.7569042444229126,4.51208360548661,0.0816459830176355,0.1737426518615284,0.25,2180,83,0.0380733944954128,3009,963,0.3200398803589232,5721,2971,0.5193148051040027,1494,1014,0.678714859437751,39.85950948169657,0.4078269004821777,32768.0,529.4174483001698,2
school1_low_lr_100e,69,0.0001094791555369,1.3293668643994765,0.2120098095483981,0.6328647138236405,0.2422461698581646,458.94415584415583,1.5981171035147332,1.6509230490773916,0.3279738243048389,0.6469696328664819,0.3379897962634762,522.859375,0.4996302723884582,0.1722596287727356,0.2223760266846511,0.728234101115457,0.405272492744276,0.5207437716890247,0.5477380156517029,0.20068359375,0.35203081232493,5027,1876,7377,0.7593637108802795,4.508817766165905,0.0849118223383409,0.1743958197256695,0.25,2180,97,0.0444954128440367,3009,1012,0.3363243602525756,5721,2916,0.5097011012060828,1494,1002,0.6706827309236948,40.69428844545445,0.4073500633239746,32768.0,525.2079094001092,0
school1_low_lr_100e,70,0.0001030536869268,1.3268216719875088,0.2115587468513033,0.6326873234727166,0.2412878005245289,459.1363636363636,1.6076542431270922,1.6570273730903864,0.3316521785842876,0.6484059436867634,0.3384846264186005,522.859375,0.4868620634078979,0.1656894534826278,0.2160840638738591,0.7068601211438231,0.4045469203482748,0.5145874993590729,0.5394777655601501,0.1998291015625,0.346427338626165,5018,2081,7386,0.7566678524017334,4.636838667537557,0.0790333115610712,0.1717831482691051,0.25,2180,97,0.0444954128440367,3009,953,0.3167165171153207,5721,2956,0.5166928858591155,1494,1012,0.677376171352075,40.14905306953559,0.406930923461914,32768.0,531.3737592999823,0
school1_low_lr_100e,71,9.677323658675589e-05,1.325733160314622,0.2110775482586839,0.6326443507686837,0.2410056312604771,459.0935064935065,inf,1.6529746868958075,0.329263728344813,0.6478181779384613,0.3379463915868352,522.859375,0.4941045939922333,0.1686301529407501,0.2194328985206084,0.7240634005763689,0.4051112544340535,0.5195409429280397,0.5462909936904907,0.1953125,0.3509323276765137,5025,1915,7379,0.7568307518959045,4.532984977139125,0.0692357935989549,0.1626387981711299,0.25,2180,102,0.046788990825688,3009,955,0.3173811897640412,5721,2934,0.5128474042999476,1494,1034,0.6921017402945113,40.10667992782733,0.4075756072998047,32768.0,531.5619059000164,2
school1_low_lr_100e,72,9.06440025628276e-05,1.3231282317019128,0.2102738401622741,0.6325653651705035,0.2401445137893224,459.0474025974026,1.606654742708454,1.656312173853318,0.3320079001132399,0.6480373203133544,0.3381334762865056,522.859375,0.4905580878257751,0.1632120162248611,0.2164731652155751,0.7312385600976204,0.3864882296033538,0.5056962025316456,0.5401878952980042,0.1854248046875,0.3384159254553155,4794,1762,7610,0.7580353021621704,4.282168517308948,0.0901371652514696,0.1822338340953625,0.25,2180,84,0.0385321100917431,3009,893,0.2967763376537055,5721,2851,0.4983394511449047,1494,966,0.6465863453815262,40.03170399198976,0.4069366455078125,32768.0,532.2754636998288,0
school1_low_lr_100e,73,8.467203366908711e-05,1.3208651720703422,0.2093189342552191,0.632412132930446,0.2395670522052746,459.09090909090907,1.6110827718849303,1.6534818696479003,0.3308679536761095,0.6471447451040149,0.3377345870248973,522.859375,0.4947470426559448,0.1730744242668151,0.2223870562738739,0.7051819780814504,0.4201870364398581,0.5265976256630461,0.5406901836395264,0.20556640625,0.3574024549132552,5212,2179,7192,0.7575929760932922,4.827563683866754,0.0672762900065316,0.1665578053559764,0.25,2180,104,0.0477064220183486,3009,1028,0.3416417414423396,5721,3055,0.5339975528753714,1494,1025,0.6860776439089692,39.95663564248851,0.4071664810180664,32768.0,523.3095684000291,0
school1_low_lr_100e,74,7.886322351782786e-05,1.3205675783869508,0.2092595794613098,0.6325476927029622,0.2393801530363497,459.0487012987013,inf,1.658624446640412,0.331884356526037,0.6475676593060294,0.3395862179653098,522.859375,0.4922338724136352,0.1690451055765152,0.2196056842192774,0.7145301582774847,0.4039825862624959,0.5161456455683163,0.5414623022079468,0.2012939453125,0.3478411772872414,5011,2002,7393,0.7573000192642212,4.580666231221424,0.0822991508817766,0.1796211626387981,0.25,2180,88,0.0403669724770642,3009,986,0.327683615819209,5721,2940,0.5138961719979025,1494,997,0.6673360107095047,40.35921711693498,0.4078021049499511,32768.0,527.4276264000218,2
school1_low_lr_100e,75,7.322330470336317e-05,1.3202489290144537,0.2093920333964097,0.6324382365523995,0.2392093299561506,459.0201298701299,1.621044492682853,1.65872989098231,0.3324074473542471,0.647649864355723,0.3393362886272371,522.859375,0.4940263628959656,0.1692162454128265,0.2202874579117633,0.7121828122809477,0.4095453079651725,0.5200389005476788,0.5423667430877686,0.203369140625,0.3513868714117728,5080,2053,7324,0.7569026350975037,4.659046374918354,0.0803396472893533,0.1743958197256695,0.25,2180,89,0.0408256880733945,3009,1012,0.3363243602525756,5721,2992,0.522985492046845,1494,987,0.6606425702811245,40.157009370163216,0.4077954292297363,32768.0,526.4874195999,0
school1_low_lr_100e,76,6.77578431446472e-05,1.318656568790411,0.2096075501002661,0.6320889234155803,0.2384800482976746,459.0461038961039,1.623550012552893,1.6602363126973312,0.3335462329753985,0.6476562504346172,0.3395169145272423,522.859375,0.4858146905899048,0.1629187017679214,0.2150632658973336,0.7209022556390977,0.3864882296033538,0.5032014275217802,0.536207914352417,0.1937255859375,0.3361851332398317,4794,1856,7610,0.7579841017723083,4.34356629653821,0.0862181580666231,0.1809274983670803,0.25,2180,74,0.0339449541284403,3009,896,0.2977733466267863,5721,2849,0.4979898619122531,1494,975,0.6526104417670683,40.62687190820137,0.4069576263427734,32768.0,522.3142561998684,0
school1_low_lr_100e,77,6.247223259238515e-05,1.3153619483693857,0.2080267766176106,0.6320790297799296,0.2376280702069982,458.9798701298701,1.6266661609535094,1.6579722228149574,0.3323157293877254,0.64746802020818,0.3390942364931106,522.859375,0.4905542731285095,0.1673440039157867,0.2184362627100199,0.7110175438596491,0.408416639793615,0.5188181678529367,0.5399695634841919,0.2034912109375,0.3502731106962594,5066,2059,7338,0.757266104221344,4.653821032005225,0.0711952971913781,0.1665578053559764,0.25,2180,96,0.0440366972477064,3009,995,0.3306746427384513,5721,2982,0.5212375458835868,1494,993,0.6646586345381527,40.23497666535344,0.4071245193481445,65536.0,527.9989819999319,0
school1_low_lr_100e,78,5.737168930605274e-05,1.3159385325072648,0.2080167807493504,0.632128442843239,0.2378966540581994,459.0746753246753,1.623592305609158,1.6583947222679851,0.3316854201257229,0.6476799128577113,0.3395146947198857,522.859375,0.4928714632987976,0.1706414222717285,0.2206322685524355,0.7196126607891313,0.4014027732989358,0.5153444082181855,0.5422512292861938,0.207763671875,0.3471137757947574,4979,1940,7425,0.7587466239929199,4.519268451992162,0.0901371652514696,0.1841933376877857,0.25,2180,89,0.0408256880733945,3009,984,0.3270189431704885,5721,2927,0.5116238419856668,1494,979,0.6552878179384204,39.682103966408846,0.4075856208801269,65536.0,528.686336300103,0
school1_low_lr_100e,79,5.2461246906077416e-05,1.3138931909938911,0.2071633035873437,0.6321322703516329,0.2372988087887113,459.09090909090907,inf,1.6593668131778638,0.3329460241366178,0.6477455133572221,0.3393376380360375,522.859375,0.4858084917068481,0.1620452404022216,0.214568714966299,0.7213090257023311,0.3891486617220251,0.5055509007121911,0.5375989675521851,0.2015380859375,0.3382857943794239,4827,1865,7577,0.7578986287117004,4.370999346832136,0.0816459830176355,0.1737426518615284,0.25,2180,71,0.0325688073394495,3009,881,0.2927883017613825,5721,2869,0.5014857542387694,1494,1006,0.6733601070950469,40.44363563299917,0.4076042175292969,32768.0,521.1676358000841,2
school1_low_lr_100e,80,4.7745751406263184e-05,1.312398699661354,0.2070457628843459,0.6319644366765951,0.2366942503235556,459.09090909090907,1.638622009521955,1.6600039104620616,0.335359083643804,0.6471379532789191,0.3387534349070241,522.859375,0.489721417427063,0.165028229355812,0.2174199468456208,0.717834577828834,0.4030151564011609,0.5162123089632384,0.5414943695068359,0.2076416015625,0.3479017328972092,4999,1965,7405,0.7578559517860413,4.548661005878511,0.0783801436969301,0.1737426518615284,0.25,2180,91,0.041743119266055,3009,950,0.3157195081422399,5721,2946,0.5149449396958574,1494,1012,0.677376171352075,39.106765870888296,0.4077992439270019,32768.0,540.3713235999458,0
school1_low_lr_100e,81,4.3229856431359616e-05,1.3134251778775996,0.2069263139812203,0.6321099605653193,0.2371944526379758,459.06298701298704,1.6341340508166846,1.6642022741337616,0.3359325797452281,0.6480376052980622,0.3401160465242962,522.859375,0.4883379936218261,0.1652354598045349,0.2168246461660601,0.7202195519952529,0.3914059980651402,0.507182031862105,0.5400582551956177,0.1962890625,0.3397480755773268,4855,1886,7549,0.758327305316925,4.403004572175049,0.0888308295231874,0.1802743305029392,0.25,2180,85,0.0389908256880734,3009,910,0.3024260551678298,5721,2880,0.5034084950183534,1494,980,0.6559571619812584,40.1452618866569,0.4068970680236816,32768.0,532.5757434000261,0
school1_low_lr_100e,82,3.89180186244963e-05,1.3101951885533023,0.2057445189105226,0.6319273751664471,0.2362616469333698,459.0487012987013,1.6288957446813583,1.664132460330923,0.3351674446991334,0.6478362027555704,0.3405644056232025,522.859375,0.4907693266868591,0.1697350293397903,0.2189985783305019,0.7180515759312321,0.4040632054176072,0.5171275278580273,0.5429896116256714,0.1982421875,0.3487336487614806,5012,1968,7392,0.7577758431434631,4.559111691704768,0.0809928151534944,0.1757021554539516,0.25,2180,91,0.041743119266055,3009,981,0.3260219341974077,5721,2943,0.51442055584688,1494,997,0.6673360107095047,39.9105396799574,0.4248404502868652,65536.0,531.0560298000928,0
school1_low_lr_100e,83,3.481449324901408e-05,1.310157975283536,0.2057423885040856,0.6319152816549524,0.2362501528452743,459.0064935064935,inf,1.6582787726074455,0.3339542400402327,0.6469128138075272,0.3387058593798429,522.859375,0.4977752864360809,0.1751460283994674,0.2245209692395292,0.7168141592920354,0.4179297000967429,0.5280097779588511,0.5438835620880127,0.208251953125,0.3587046775532798,5184,2048,7220,0.7579572796821594,4.723709993468321,0.0705421293272371,0.1685173089483997,0.25,2180,103,0.0472477064220183,3009,1067,0.3546028580923895,5721,2999,0.5242090543611256,1494,1015,0.679384203480589,40.65284178900552,0.4065103530883789,32768.0,518.173688699957,2
school1_low_lr_100e,84,3.092332998903412e-05,1.3101778097741017,0.2064569786045845,0.6318830351937901,0.2359188983870017,459.0766233766234,1.6436469807253256,1.6622209884226322,0.334085452525566,0.6475992969547709,0.3402681191607068,522.859375,0.4942488670349121,0.1692260950803756,0.2210565855551976,0.7234810217924664,0.4041438245727184,0.5185951481922101,0.5427921414375305,0.197021484375,0.3500698324022346,5013,1916,7391,0.7580724954605103,4.525800130633573,0.0764206401045068,0.171129980404964,0.25,2180,84,0.0385321100917431,3009,1004,0.3336656696576935,5721,2942,0.5142457612305541,1494,983,0.6579651941097724,40.37568299697333,0.4077768325805664,32768.0,526.5465549000073,0
school1_low_lr_100e,85,2.7248368952908065e-05,1.3052245923838055,0.2047241111999595,0.6317476927460014,0.2343763942068273,459.03311688311686,1.6308787506509137,1.667460565765699,0.3362530592518548,0.6483054126923283,0.3414510472211987,522.859375,0.4888056516647339,0.1644093990325927,0.2166599224554374,0.7334855403348554,0.3885037084811351,0.5079582586697586,0.5407597422599792,0.1944580078125,0.340445072412575,4819,1751,7585,0.7564373016357422,4.291312867406924,0.0914435009797517,0.1841933376877857,0.25,2180,83,0.0380733944954128,3009,935,0.3107344632768362,5721,2817,0.4923964341898269,1494,984,0.6586345381526104,40.37898145596327,0.407632827758789,32768.0,530.2446344001219,0
school1_low_lr_100e,86,2.379323688349517e-05,1.3062837321262857,0.2049165494111064,0.6316740323970844,0.2348465752098467,459.0571428571429,inf,1.666197904696067,0.3349032867699861,0.648311799702545,0.341491412371397,522.859375,0.4894903600215912,0.1667914092540741,0.217369836429134,0.7217806041335453,0.4026120606256046,0.5168969621694354,0.5403416156768799,0.20166015625,0.3485239723637379,4994,1925,7410,0.7571179270744324,4.519268451992162,0.077726975832789,0.171129980404964,0.25,2180,91,0.041743119266055,3009,966,0.3210368893320039,5721,2929,0.5119734312183185,1494,1008,0.6746987951807228,40.96267905968819,0.4065084457397461,32768.0,526.4457910000347,2
school1_low_lr_100e,87,2.056134357900478e-05,1.3061306097677776,0.2044732385448047,0.6317679825154218,0.234944694779523,459.0551948051948,1.6289363955522511,1.665223879739642,0.3359243193796525,0.648232371856769,0.3405335955321789,522.859375,0.4924128651618957,0.1663736402988433,0.2190385842695832,0.7171191447460965,0.4109964527571751,0.5225234459078564,0.5436402559280396,0.2147216796875,0.3536593825875824,5098,2011,7306,0.7569679021835327,4.643370346178968,0.077726975832789,0.171129980404964,0.25,2180,99,0.0454128440366972,3009,1026,0.3409770687936191,5721,2971,0.5193148051040027,1494,1002,0.6706827309236948,40.11090390840624,0.4078011512756347,32768.0,529.8345955000259,0
school1_low_lr_100e,88,1.755587852793717e-05,1.3066407343396893,0.2044563695740003,0.6318665680173156,0.2351588985846414,458.8655844155844,1.6334611077587329,1.6653134009490411,0.3344701693858951,0.6482741755122939,0.3412845269000779,522.859375,0.4947193264961242,0.169466495513916,0.2211180679849348,0.7312270389419544,0.4011609158336021,0.5180904784215733,0.5450778603553772,0.20361328125,0.3496100611255533,4976,1829,7428,0.7586912512779236,4.444807315480079,0.0849118223383409,0.1835401698236446,0.25,2180,90,0.0412844036697247,3009,993,0.3300099700897308,5721,2889,0.5049816465652858,1494,1004,0.6720214190093708,40.67740927509236,0.4071536064147949,65536.0,520.9431466001552,0
school1_low_lr_100e,89,1.4779807761443642e-05,1.3052474993776966,0.204548075596814,0.6316267524833803,0.2345363358495297,458.874025974026,1.6359878241628796,1.6663852942486603,0.3370425653799127,0.6481395044053594,0.3406016106406848,522.859375,0.4909963011741638,0.1681778281927108,0.2195740424474934,0.7140633842671195,0.4068848758465011,0.5183853738701725,0.5417170524597168,0.2000732421875,0.3498786828422877,5047,2021,7357,0.7572965025901794,4.616590463749184,0.0738079686479425,0.1730894839973873,0.25,2180,94,0.0431192660550458,3009,981,0.3260219341974077,5721,2964,0.5180912427897221,1494,1008,0.6746987951807228,39.96076813806893,0.4076161384582519,65536.0,530.8641834999435,0
school1_low_lr_100e,90,1.223587092621162e-05,1.3055942423157878,0.204400013735542,0.6316348336733781,0.2347796965100161,459.02467532467534,1.644124233993617,1.6633254177868366,0.3359250843835373,0.6477214870974422,0.339839423308149,522.859375,0.4871423244476318,0.1651671528816223,0.2162807141197845,0.7166618033265246,0.3960012899064817,0.5101256620625194,0.5388643145561218,0.203125,0.342395092708769,4912,1942,7492,0.7570902705192566,4.476812540822992,0.0783801436969301,0.1770084911822338,0.25,2180,82,0.0376146788990825,3009,935,0.3107344632768362,5721,2910,0.508652333508128,1494,985,0.6593038821954484,40.0620944126186,0.4075841903686523,65536.0,530.5106698998716,0
school1_low_lr_100e,91,9.926578580764263e-06,1.3047498476195645,0.204513305565947,0.6315621971309959,0.2343371731410553,459.0824675324676,inf,1.6691231994579236,0.3375853362182776,0.6485148311282197,0.3415115148139496,522.859375,0.4867500960826874,0.1645954400300979,0.2152791248285211,0.7229669347631814,0.391325378910029,0.5077937022701119,0.5398040413856506,0.1995849609375,0.3402972518227706,4854,1860,7550,0.7565787434577942,4.38536903984324,0.0836054866100587,0.1750489875898105,0.25,2180,85,0.0389908256880734,3009,940,0.3123961448986374,5721,2838,0.4960671211326691,1494,991,0.6633199464524766,40.17471189927068,0.4073672294616699,65536.0,535.7901845001616,2
school1_low_lr_100e,92,7.85420971784226e-06,1.3038191902947116,0.2037626498947282,0.6316166878907712,0.2342199266440682,459.0415584415584,1.6421507797457957,1.6676708354304235,0.3378149977264305,0.6481313422943155,0.3408622462302446,522.859375,0.4907289147377014,0.1675061881542205,0.2186803776421584,0.7201433691756273,0.404950016123831,0.5183962020744105,0.5416067242622375,0.2105712890625,0.3498885483421566,5023,1952,7381,0.7564383745193481,4.555845852384063,0.0790333115610712,0.1717831482691051,0.25,2180,94,0.0431192660550458,3009,997,0.3313393153871718,5721,2931,0.5123230204509701,1494,1001,0.6700133868808568,40.07964488336321,0.4248404502868652,65536.0,528.8593683000654,0
school1_low_lr_100e,93,6.02080951531317e-06,1.3040505539674263,0.20385085422207,0.631598548107333,0.2343005758794871,459.1045454545455,inf,1.669120481858651,0.3375260323906938,0.6485829840724667,0.3415057302142183,522.859375,0.4899241030216217,0.1656694859266281,0.2166908397572115,0.7346471127406049,0.3876975169300226,0.5075461741424803,0.5422117710113525,0.19482421875,0.3400749593380949,4809,1737,7595,0.7571026086807251,4.275636838667538,0.093403004572175,0.1874591770084911,0.25,2180,85,0.0389908256880734,3009,942,0.3130608175473579,5721,2813,0.4916972557245236,1494,969,0.6485943775100401,36.893124641941725,0.407630443572998,65536.0,587.0552064001095,2
home_baseline_100e,1,0.0009997532801828,2.310476127692631,0.4893391771556495,0.7692993375775102,0.5259188071473853,458.9759740259741,3.8686785328310807,2.1628574834515653,0.5662190248258412,0.6724132237335047,0.4621126224907736,522.859375,0.1195559576153755,0.0056850197724998,0.0317928903464348,0.1957186544342507,0.1754272815220896,0.1850182807584389,0.1876035034656524,0.239013671875,0.1019394734376464,2176,8942,10228,0.6458568572998047,7.261920313520575,0.3004572175048987,0.7256694970607446,0.25,2180,8,0.0036697247706422,3009,806,0.2678630774343635,5721,1258,0.2198916273378779,1494,104,0.0696117804551539,31.73943127264067,0.406735897064209,1024.0,665.170301400125,0
home_baseline_100e,2,0.0009990133642141,1.9398047007523571,0.3976356814337241,0.6688668861404642,0.4366510661391469,459.12142857142857,1.6288214716818423,1.9687234486142795,0.449871248876055,0.6639412262787422,0.4274554893684884,522.859375,0.222847506403923,0.0208511520177125,0.0697221995029394,0.3558274775866246,0.2367784585617542,0.2843450479233227,0.291414350271225,0.2266845703125,0.1657355679702048,2937,5317,9467,0.6725054979324341,5.391247550620509,0.2364467668190725,0.5519268451992162,0.25,2180,33,0.015137614678899,3009,940,0.3123961448986374,5721,1781,0.3113092116762804,1494,183,0.1224899598393574,28.722849410152456,0.4248404502868652,1024.0,697.6628279001452,0
home_baseline_100e,3,0.0009977809823015,1.8373323097631529,0.3659033425829627,0.662499883809647,0.4044645414530456,459.1077922077922,1.4563345314620375,1.856797344982624,0.3999329293922831,0.6585855024556319,0.3991394552091757,522.859375,0.283185601234436,0.0548131875693798,0.1042558665809338,0.4804651162790698,0.2498387616897774,0.3287366076164209,0.3539763689041137,0.2115478515625,0.1966994604887337,3099,3351,9305,0.7018133997917175,4.212932723709994,0.3657740039190071,0.5388634879163945,0.25,2180,70,0.0321100917431192,3009,994,0.330342306414091,5721,1691,0.2955776962069568,1494,344,0.2302543507362784,31.77389801852788,0.4077425003051758,2048.0,648.2859056999441,0
home_baseline_100e,4,0.0009960573506572,1.77226375194339,0.3454635853600966,0.6586003542333454,0.384099907282885,459.0396103896104,1.3784188104527335,1.8162279091775415,0.4055232826309899,0.6546416000152627,0.3780315114806096,522.859375,0.3493134975433349,0.0764382109045982,0.1325977554661221,0.4217052937655007,0.3975330538535956,0.409262563804623,0.4123007953166961,0.264892578125,0.2572785140352708,4931,6762,7473,0.7040910720825195,7.637491835401698,0.1038536903984324,0.2873938602220771,0.25,2180,103,0.0472477064220183,3009,1300,0.4320372216683283,5721,2812,0.4915224611081978,1494,716,0.4792503346720214,32.56454038591007,0.4073638916015625,2048.0,628.2076465999708,0
home_baseline_100e,5,0.0009938441702975,1.7236391202195898,0.3307528968852061,0.655938605867423,0.3684738086609097,459.0123376623376,1.3349559775033557,1.7546059247106314,0.3536928191315382,0.6529212690268954,0.3739959172283609,522.859375,0.3898914754390716,0.09189023822546,0.1536327724301372,0.7062952401842509,0.2595936794582393,0.3796498260920828,0.447801798582077,0.2039794921875,0.2343010987411773,3220,1339,9184,0.7287499904632568,2.977792292619203,0.3017635532331809,0.4376224689745264,0.25,2180,43,0.0197247706422018,3009,776,0.257892987703556,5721,1956,0.3418982695332984,1494,445,0.2978580990629183,32.613245756686005,0.4248404502868652,2048.0,630.9697787999175,0
home_baseline_100e,6,0.0009911436253643,1.6828745931773992,0.3182991984022128,0.6534845794950213,0.3555454079013366,459.087012987013,1.2767239815228946,1.7332885911067326,0.364512988133356,0.651452706505855,0.3586614473412434,522.859375,0.4114467799663543,0.1166369467973709,0.1715550844790414,0.5686182669789227,0.3914866172202515,0.4637127578304049,0.4637860953807831,0.2498779296875,0.3018398806563898,4856,3684,7548,0.7276211977005005,5.57805355976486,0.0738079686479425,0.2233834095362508,0.25,2180,66,0.0302752293577981,3009,1126,0.3742107012296444,5721,2798,0.4890753364796364,1494,866,0.5796519410977242,32.212792438619154,0.4074292182922363,4096.0,655.3069651999976,0
home_baseline_100e,7,0.0009879583809693,1.6524500747005662,0.309789866441256,0.6516215986632682,0.3455193047109362,459.038961038961,1.2475218336303513,1.7015870350102584,0.3433446225244552,0.6510791418453058,0.3535816314009328,522.859375,0.4444955885410309,0.1268845647573471,0.1859423605259507,0.6350327468858353,0.3986617220251531,0.489822198009014,0.4941624999046325,0.2340087890625,0.3243473698019152,4945,2842,7459,0.73100346326828,5.086218158066624,0.0672762900065316,0.1966035271064663,0.25,2180,83,0.0380733944954128,3009,1113,0.3698903290129611,5721,2717,0.4749169725572452,1494,1032,0.6907630522088354,30.94964489084161,0.4075746536254883,4096.0,674.0965032000095,0
home_baseline_100e,8,0.0009842915805643,1.6289611622884677,0.3031420627487944,0.6501240026641202,0.3378475476104717,459.0506493506493,1.2363164005341467,1.7045429429660242,0.3541880705549071,0.6496339794248343,0.3503604501796265,522.859375,0.4306773543357849,0.120349034667015,0.1781156150391325,0.573154511194857,0.4168816510802967,0.4826845888173248,0.483065128326416,0.25048828125,0.3181175023069825,5171,3851,7233,0.7281887531280518,5.892880470280862,0.031352057478772,0.1515349444807315,0.25,2180,70,0.0321100917431192,3009,1058,0.3516118311731472,5721,2954,0.5163432966264639,1494,1089,0.7289156626506024,30.909027453697224,0.4248404502868652,8192.0,663.8645212999545,0
home_baseline_100e,9,0.0009801468428384,1.6074426327432905,0.2957089575757454,0.6489527667884702,0.3313904550071661,459.0831168831169,1.2005010454298617,1.7005584184080362,0.3517793715000152,0.6506288240974148,0.349075109930709,522.859375,0.4560582041740417,0.1239377558231353,0.19037277828902,0.6182669789227166,0.4256691389874234,0.5042016806722689,0.5059300065040588,0.242919921875,0.3370786516853932,5280,3260,7124,0.7284820675849915,5.57805355976486,0.0489875898105813,0.170476812540823,0.25,2180,140,0.0642201834862385,3009,1217,0.4044533067464274,5721,2844,0.497115888830624,1494,1079,0.7222222222222222,30.040734309297637,0.4078617095947265,8192.0,679.0863099000417,0
home_baseline_100e,10,0.0009755282581475,1.5897032168778509,0.2902164322989327,0.6479329466045677,0.3257769186485123,458.9902597402597,1.1796590285254764,1.6551431256035964,0.3246478259873886,0.6468943099801739,0.3418004973791539,522.859375,0.4624384641647339,0.1423433423042297,0.1980893426516559,0.6704774714189644,0.4018864882296034,0.5025454912041937,0.5122759938240051,0.2166748046875,0.3355998384273596,4985,2450,7419,0.7416581511497498,4.856303069888962,0.0796864794252122,0.1881123448726322,0.25,2180,110,0.0504587155963302,3009,1013,0.3366566965769358,5721,2805,0.4902988987939171,1494,1057,0.7074966532797858,31.68777305728675,0.4248404502868652,8192.0,663.2322106999345,0
home_baseline_100e,11,0.0009704403844771,1.571906632494617,0.2861133883041994,0.6466664668801543,0.319563388834139,459.0694805194805,1.1527628085829995,1.6366947715481122,0.3183284588934232,0.6463099432488283,0.3360281855954478,522.859375,0.4763486385345459,0.1598811447620391,0.2107202996936394,0.73330122029544,0.368187681393099,0.4902318591670245,0.5203176736831665,0.2071533203125,0.3247067188055457,4567,1661,7837,0.7555899024009705,4.067929457870672,0.0953625081645983,0.2044415414761593,0.25,2180,81,0.0371559633027522,3009,985,0.3273512794948487,5721,2488,0.4348890054186331,1494,1013,0.678045515394913,32.334263748409775,0.4078254699707031,16384.0,656.6347947001923,0
home_baseline_100e,12,0.0009648882429441,1.5598154797182455,0.2827682320947771,0.6458416995290038,0.3156027749858119,459.0103896103896,1.1408365363424475,1.648424797380964,0.32359753921628,0.6472653749709328,0.3387809392685691,522.859375,0.481307715177536,0.1525095999240875,0.2094363771466305,0.6597291875626881,0.4242179941954208,0.5163886162904808,0.5246227383613586,0.225341796875,0.3480619129514486,5262,2714,7142,0.7447388768196106,5.209666884389288,0.0718484650555192,0.1770084911822338,0.25,2180,146,0.0669724770642201,3009,1143,0.3798604187437687,5721,2868,0.5013109596224437,1494,1105,0.7396251673360107,32.309777169544134,0.407599925994873,16384.0,656.025720700156,0
home_baseline_100e,13,0.0009588773128419,1.5444248679396395,0.2782506281389044,0.6448679252878412,0.3106531578999061,459.0974025974026,1.1254140478449983,1.627187370012204,0.3134184742035965,0.6459096421798071,0.3339296251845856,522.859375,0.4937801957130432,0.1625369638204574,0.2175504523562267,0.7478206724782067,0.3872944211544663,0.5103038028468239,0.5370463132858276,0.2044677734375,0.3425556189389618,4804,1620,7600,0.7515131831169128,4.1959503592423255,0.1058131939908556,0.2090137165251469,0.25,2180,160,0.073394495412844,3009,1131,0.3758723828514456,5721,2508,0.4383848977451494,1494,1005,0.6726907630522089,32.648788024828725,0.4248404502868652,32768.0,636.1980012999848,0
home_baseline_100e,14,0.000952413526233,1.5334212973520354,0.2736856946600722,0.6446140989080652,0.307560752264478,459.0253246753247,1.109008523241266,1.640397577236096,0.3232200177541623,0.6460406494637331,0.3355684520987173,522.859375,0.4964395761489868,0.1493536084890365,0.2131774991568818,0.6759797255532204,0.4408255401483392,0.5336456350949105,0.5426645874977112,0.228515625,0.3639267886855241,5468,2621,6936,0.7396001815795898,5.28347485303723,0.0522534291312867,0.1541476159372959,0.25,2180,159,0.0729357798165137,3009,1256,0.4174144233964772,5721,2942,0.5142457612305541,1494,1111,0.7436412315930389,34.566997464275005,0.4075574874877929,32768.0,621.7111845999025,0
home_baseline_100e,15,0.0009455032620941,1.523446281312348,0.2708511172854281,0.6439318714203772,0.3043316468112654,459.0902597402597,1.091297875325401,1.6334556955844164,0.3224665427890916,0.6447916471709808,0.3330987525017311,522.859375,0.4685807228088379,0.1502592861652374,0.2045117095636669,0.6619699587930347,0.401483392454047,0.4998243589100216,0.5168489217758179,0.214111328125,0.3331772261992373,4980,2543,7424,0.7483232617378235,4.9137818419333765,0.047028086218158,0.1482691051600261,0.25,2180,120,0.055045871559633,3009,869,0.2888002658690595,5721,2814,0.4918720503408495,1494,1177,0.7878179384203481,34.216028858390644,0.4248404502868652,32768.0,608.8888671000022,0
home_baseline_100e,16,0.0009381533400219,1.5106024197169712,0.2667628534912289,0.6431116653340203,0.3003639511280245,459.087012987013,1.0780066112032185,1.6313998016218343,0.314589661390831,0.6453477165972193,0.3357312108079592,522.859375,0.4979757666587829,0.1633090525865554,0.2197771570819895,0.7054869684499314,0.4146243147371815,0.5222910531126231,0.5351833701133728,0.2265625,0.3534464985224383,5143,2147,7261,0.7477743625640869,4.761593729588505,0.0666231221423905,0.1724363161332462,0.25,2180,169,0.0775229357798165,3009,1157,0.3845131272848122,5721,2757,0.4819087572102779,1494,1060,0.7095046854082999,34.49204351301,0.4073696136474609,65536.0,625.5532865000423,0
home_baseline_100e,17,0.0009303710135019,1.5038547439234595,0.2653229418996866,0.6426860358420905,0.2979228828247491,459.0441558441559,1.075081788525953,1.6286475080996752,0.3178998284662763,0.6447290976842245,0.3330092920611302,522.859375,0.5146734714508057,0.1577460467815399,0.2234462270906078,0.6702091189578334,0.4728313447275072,0.5544788466083669,0.5575327277183533,0.24267578125,0.3835840418574232,5865,2886,6539,0.7397838234901428,5.715871979098629,0.0437622468974526,0.1371652514696276,0.25,2180,200,0.091743119266055,3009,1402,0.4659355267530741,5721,3114,0.5443104352385947,1494,1149,0.7690763052208835,34.207173979731145,0.4258508682250976,65536.0,630.958918399876,0
home_baseline_100e,18,0.000922163962751,1.4930015101061238,0.2611176721896831,0.6422993749767155,0.2947922314335773,459.0785714285714,1.0525413422034933,1.6193786934018135,0.3094903374246011,0.6472572165851792,0.3313155677945663,522.859375,0.4913024008274078,0.1600599884986877,0.2153950794760021,0.7812095431847605,0.3405353111899387,0.4743136264106451,0.5339406728744507,0.185302734375,0.3108854051667035,4224,1183,8180,0.7567724585533142,3.5316786414108425,0.1208360548661005,0.217504898758981,0.25,2180,142,0.065137614678899,3009,866,0.2878032568959787,5721,2206,0.3855969236147527,1494,1010,0.6760374832663989,34.37314786404997,0.4248404502868652,65536.0,626.2987399999984,0
home_baseline_100e,19,0.0009135402871372,1.487460474147425,0.2605812244601064,0.641774484863529,0.2925523821990211,459.1051948051948,inf,1.6293030201147,0.315081693076839,0.6440541331345836,0.335083592760687,522.859375,0.4777829647064209,0.1487816870212555,0.2059214983222773,0.7477781727692855,0.3391647855530474,0.4666666666666667,0.5264859199523926,0.183837890625,0.3043478260869565,4207,1419,8197,0.7552940845489502,3.67472240365774,0.1025473546701502,0.1979098628347485,0.25,2180,119,0.0545871559633027,3009,802,0.2665337321369225,5721,2181,0.3812270582066072,1494,1105,0.7396251673360107,34.54294958807443,0.406959056854248,65536.0,612.7302983000409,2
home_baseline_100e,20,0.0009045084971874,1.4770641532037163,0.2574327653443271,0.6411830527441842,0.2892241680873679,459.1357142857143,1.0276941585850403,1.6260638522605102,0.3085815110243857,0.6443272096415361,0.3365775661853452,522.859375,0.494816780090332,0.1429771780967712,0.2101291909028077,0.7244264896840282,0.4047887778136085,0.5193690199120765,0.5409850478172302,0.21044921875,0.3507754645801313,5021,1910,7383,0.7417201995849609,4.527106466361855,0.0718484650555192,0.1508817766165904,0.25,2180,133,0.0610091743119266,3009,1065,0.353938185443669,5721,2692,0.4705471071490998,1494,1131,0.7570281124497992,34.18630413113123,0.4071612358093261,65536.0,613.4856730999891,0
home_baseline_100e,21,0.0008950775061878,1.468630218970311,0.255349874878665,0.6405602793801914,0.2863600320823781,459.0694805194805,inf,1.6013316363096235,0.3099989424614857,0.6427215713386735,0.3243055601293842,522.859375,0.4969063103199005,0.1759184598922729,0.2243888387631159,0.7438731379144642,0.3743953563366656,0.4980962085053895,0.5415298342704773,0.1893310546875,0.3316432193101478,4644,1599,7760,0.7618449330329895,4.077726975832789,0.0816459830176355,0.1678641410842586,0.25,2180,127,0.0582568807339449,3009,819,0.2721834496510468,5721,2559,0.4472994231777661,1494,1139,0.7623828647925034,34.59516460704102,0.4067168235778808,65536.0,621.5447345001157,2
home_baseline_100e,22,0.0008852566213878,1.4607477417239896,0.2519209854691833,0.6403865904777081,0.2842200828063023,459.0103896103896,1.022143932383556,1.6107297589381535,0.3109561863044898,0.6431959914043546,0.3282887894505014,522.859375,0.488682359457016,0.1589491367340088,0.216122282797005,0.7322311495673671,0.3820541760722347,0.5021190930281838,0.5310936570167542,0.2060546875,0.335219636415081,4739,1733,7665,0.7530953288078308,4.2273024167210975,0.0672762900065316,0.1678641410842586,0.25,2180,181,0.0830275229357798,3009,967,0.3213692256563642,5721,2468,0.4313931130921167,1494,1123,0.7516733601070951,34.87241061013271,0.4067220687866211,65536.0,593.0374652999453,0
home_baseline_100e,23,0.0008750555348152,1.4569055101314148,0.2517610638898301,0.6399164801681196,0.2826139819602687,459.0694805194805,1.0236785325911135,1.6113629123816888,0.3105076186669369,0.6436003328611454,0.3286274800387521,522.859375,0.4941405951976776,0.1729278564453125,0.2227774408005643,0.7658272123119972,0.3530312802321831,0.4832799911709524,0.5430995225906372,0.1868896484375,0.3186349414247253,4379,1339,8025,0.763833224773407,3.73481384715872,0.1045068582625734,0.1835401698236446,0.25,2180,118,0.0541284403669724,3009,836,0.2778331671651711,5721,2334,0.4079706345044572,1494,1091,0.7302543507362784,38.498179939343984,0.406735897064209,65536.0,549.8460175001528,0
home_baseline_100e,24,0.0008644843137107,1.4437938658448008,0.2470952661490285,0.6392144111456809,0.2787420941637708,459.0642857142857,inf,1.60638325723509,0.3096027815869699,0.6432064793383082,0.3267869983489315,522.859375,0.4944303035736084,0.1721474677324295,0.2232620389899239,0.741423125794155,0.3763302160593357,0.4992513368983957,0.5423951148986816,0.188232421875,0.3326681870011402,4668,1628,7736,0.7604302763938904,4.112344872632266,0.0764206401045068,0.1750489875898105,0.25,2180,126,0.0577981651376146,3009,953,0.3167165171153207,5721,2443,0.4270232476839713,1494,1146,0.7670682730923695,38.247779514194974,0.407379150390625,65536.0,555.8705166999716,2
home_baseline_100e,25,0.0008535533905932,1.4428177698092026,0.2473210796520307,0.6390434511296161,0.278226619281552,459.0551948051948,1.0008369461282507,1.6010622419416904,0.3055357925283412,0.6427869939555725,0.3263697260990739,522.859375,0.502921998500824,0.1656150072813034,0.2241599017346743,0.7525083612040134,0.3809255079006772,0.5058074185088048,0.5511245727539062,0.1939697265625,0.3385155466399198,4725,1554,7679,0.7587926387786865,4.101241018941868,0.0790333115610712,0.1757021554539516,0.25,2180,131,0.060091743119266,3009,1034,0.3436357593885011,5721,2436,0.4257996853696906,1494,1124,0.7523427041499331,38.42749329680692,0.4078068733215332,65536.0,552.6673470998649,0
home_baseline_100e,26,0.0008422735529643,1.43574361940483,0.2451038164897011,0.6386631134655568,0.2759883441321261,458.9538961038961,1.0041317936855476,1.609637128810088,0.3151256279864659,0.6427051102121671,0.3259031979056696,522.859375,0.4785986840724945,0.1670640856027603,0.2168826749315485,0.7038793103448275,0.3949532408900355,0.5059904978310267,0.5392503142356873,0.2080078125,0.3386795713791911,4899,2061,7505,0.7605399489402771,4.546048334421946,0.0594382756368386,0.1613324624428478,0.25,2180,142,0.065137614678899,3009,1006,0.334330342306414,5721,2606,0.4555147701450795,1494,1145,0.7663989290495314,38.44140925327312,0.4077491760253906,65536.0,555.9391348999925,0
home_baseline_100e,27,0.0008306559326618,1.430279496273437,0.243132192926941,0.6382893509291984,0.2744289765594067,458.9759740259741,inf,1.5999586501469214,0.3083951654067884,0.6425855920339624,0.3244889467023313,522.859375,0.4974799156188965,0.1732039749622345,0.2262411633506417,0.7246248896734334,0.3971299580780393,0.5130715550463494,0.5529218912124634,0.1998291015625,0.3450546371532642,4926,1872,7478,0.7611519694328308,4.440235140431091,0.0666231221423905,0.1639451338994121,0.25,2180,112,0.0513761467889908,3009,1013,0.3366566965769358,5721,2649,0.4630309386470896,1494,1152,0.7710843373493976,38.61794934111506,0.4065189361572265,65536.0,557.0758038000204,2
home_baseline_100e,28,0.0008187119948743,1.4251546334910703,0.2419640674122742,0.6380338196243559,0.2725783729030714,459.0402597402597,1.0087915406405152,1.591347868243853,0.313019251373286,0.6417057507981857,0.3183114333854367,522.859375,0.4906701445579529,0.1793044060468673,0.2252543068025261,0.7054131054131054,0.399226056110932,0.5098846787479407,0.5398363471031189,0.206298828125,0.3421779988944168,4952,2068,7452,0.764561653137207,4.585238406270412,0.047028086218158,0.1384715871979098,0.25,2180,119,0.0545871559633027,3009,921,0.3060817547357926,5721,2733,0.4777136864184583,1494,1179,0.7891566265060241,38.30708320247364,0.4248404502868652,65536.0,554.2686616999563,0
home_baseline_100e,29,0.0008064535268264,1.4177561378324186,0.2397381636955134,0.6375854909807056,0.2702162423787953,459.0954545454546,inf,1.6283720415085554,0.3204121362262715,0.6434752770389119,0.3322423147037625,522.859375,0.4675520956516266,0.1542757451534271,0.2050601166207343,0.749414976599064,0.3098194130925508,0.4383983572895277,0.525292158126831,0.1756591796875,0.2807363576594346,3843,1285,8561,0.763413667678833,3.34944480731548,0.0999346832135859,0.2070542129327237,0.25,2180,85,0.0389908256880734,3009,657,0.2183449651046859,5721,2018,0.352735535745499,1494,1083,0.7248995983935743,38.371209757829895,0.4069323539733886,65536.0,552.8634526000824,2
home_baseline_100e,30,0.0007938926261462,1.4141784661001973,0.2382242290037018,0.6375029913403771,0.269225622374903,459.07142857142856,0.9877189758536103,1.596378882105152,0.3126942435434709,0.6416816115379333,0.3210015109119316,522.859375,0.5040624141693115,0.1821963191032409,0.2312879865959985,0.6961577350859454,0.4440503063527894,0.5422327229769639,0.5548799633979797,0.2178955078125,0.3719611021069692,5508,2404,6896,0.76078861951828,5.167864141084259,0.0581319399085565,0.1508817766165904,0.25,2180,170,0.0779816513761468,3009,1271,0.422399468261881,5721,2864,0.5006117811571403,1494,1203,0.8052208835341366,38.622014624874126,0.4069375991821289,65536.0,555.0632875999436,0
home_baseline_100e,31,0.000781041688926,1.4105446835616966,0.2381549224257469,0.6371463080505272,0.267621727626432,458.8415584415585,0.995184146041994,1.5979704434672992,0.3142280506435781,0.6422284757718444,0.3207569575558106,522.859375,0.4837597906589508,0.1672551035881042,0.2197546938434243,0.768371904181892,0.305143502096098,0.4368147720715521,0.5350021719932556,0.1707763671875,0.2794389073458841,3785,1141,8619,0.7726543545722961,3.217504898758981,0.1051600261267145,0.2057478772044415,0.25,2180,68,0.0311926605504587,3009,583,0.1937520771020272,5721,2040,0.356581017304667,1494,1094,0.7322623828647925,38.55948777134894,0.4258508682250976,65536.0,551.8062636000104,0
home_baseline_100e,32,0.0007679133974894,1.4044794742163125,0.2354446071647591,0.6367880039787912,0.2661234313888209,459.07207792207794,inf,1.60456468227009,0.3134098957137515,0.6432452999676267,0.3239547423242281,522.859375,0.4835149049758911,0.1674944758415222,0.2188748850021511,0.7374459594280013,0.3575459529184134,0.4815940927353675,0.5451808571815491,0.1824951171875,0.3171708503182436,4435,1579,7969,0.7670542597770691,3.928151534944481,0.069888961463096,0.1750489875898105,0.25,2180,109,0.05,3009,843,0.2801595214356929,5721,2338,0.4086698129697605,1494,1145,0.7663989290495314,38.10053468236425,0.4248404502868652,65536.0,561.0014324998483,2
home_baseline_100e,33,0.0007545207078751,1.399045619484666,0.2341432011988642,0.636583996709291,0.2641592110712807,459.1149350649351,0.9796844361857936,1.5954014187057812,0.3142907430883497,0.6420628661289811,0.3195239050934712,522.859375,0.4872362017631531,0.17581607401371,0.2231503254268318,0.7139401270033263,0.3806836504353434,0.4965821852981385,0.5435953736305237,0.1871337890625,0.3303021824286514,4722,1892,7682,0.7675162553787231,4.320052253429132,0.062704114957544,0.1515349444807315,0.25,2180,96,0.0440366972477064,3009,862,0.2864739115985377,5721,2603,0.454990386296102,1494,1161,0.7771084337349398,38.70376530476032,0.4067058563232422,65536.0,556.2305197000969,0
home_baseline_100e,34,0.0007408768370508,1.393142626115254,0.2328853739062687,0.6360754886617909,0.2620908820783937,459.1077922077922,0.9814779390375336,1.5961388926953075,0.3123946660198271,0.641931550266842,0.3209063402997951,522.859375,0.4831910133361816,0.1766660511493683,0.2225407015677774,0.7322742474916388,0.3530312802321831,0.4763925152306353,0.5392623543739319,0.1812744140625,0.3126740449839343,4379,1601,8025,0.770575225353241,3.905943827563684,0.0685826257348138,0.1619856303069889,0.25,2180,67,0.0307339449541284,3009,709,0.235626453971419,5721,2466,0.4310435238594651,1494,1137,0.7610441767068273,38.727745826642106,0.4248404502868652,65536.0,551.8769571001176,0
home_baseline_100e,35,0.0007269952498697,1.3897402006310302,0.2316761380037317,0.6357825490561398,0.2611407571895556,459.06233766233765,inf,1.605621223648389,0.3154146015488853,0.6427774031956991,0.3237146074728419,522.859375,0.4890923798084259,0.1675949841737747,0.2194466295637539,0.7121300058038306,0.3956788132860367,0.5087064676616916,0.5438436269760132,0.1973876953125,0.3411175979983319,4908,1984,7496,0.7606647610664368,4.501632919660353,0.0659699542782495,0.1521881123448726,0.25,2180,137,0.0628440366972477,3009,921,0.3060817547357926,5721,2687,0.4696731340674707,1494,1163,0.7784471218206158,38.84215320232898,0.4069209098815918,65536.0,552.9034922998399,2
home_baseline_100e,36,0.0007128896457825,1.3845984106714075,0.2298309660480394,0.6356987559563154,0.2595343435642781,459.0538961038961,0.9783489335086438,1.603201923891902,0.3129058675840497,0.642134182776014,0.3240809347480535,522.859375,0.4999411702156067,0.1793212294578552,0.2266086235817056,0.7308488612836439,0.3984198645598194,0.5157048940832725,0.5537182688713074,0.1971435546875,0.3474409448818897,4942,1820,7462,0.7650435566902161,4.416721097322012,0.0607446113651208,0.1489222730241672,0.25,2180,123,0.0564220183486238,3009,967,0.3213692256563642,5721,2685,0.4693235448348191,1494,1167,0.7811244979919679,38.76827200539777,0.4078154563903808,65536.0,561.4572358999867,0
home_baseline_100e,37,0.0006985739453173,1.381510638106953,0.2289265846761016,0.635433805104974,0.2585751244290308,459.1051948051948,inf,1.5883024012049038,0.3082150620563577,0.6423544837161899,0.3188664274445424,522.859375,0.5147508382797241,0.1921456605195999,0.2392924445623066,0.750218467812409,0.4152692679780715,0.5346133886870783,0.5636627674102783,0.207275390625,0.3648275373610029,5151,1715,7253,0.7694990038871765,4.484650555192685,0.0666231221423905,0.1534944480731548,0.25,2180,146,0.0669724770642201,3009,1016,0.3376537055500166,5721,2857,0.4993882188428596,1494,1132,0.7576974564926372,38.5801709820159,0.4069423675537109,65536.0,556.0178833999671,2
home_baseline_100e,38,0.0006840622763423,1.3750308169947043,0.2266314408657225,0.6351198056301514,0.2566397854356796,459.1,0.9767533183678404,1.5976923958708842,0.3142161714689185,0.6421173484995961,0.3206794385332614,522.859375,0.4783704280853271,0.171122595667839,0.2179514791539986,0.735628167045256,0.3394066430183812,0.4645004689137751,0.5342350006103516,0.189208984375,0.3025077243658834,4210,1513,8194,0.7709904909133911,3.738079686479425,0.0783801436969301,0.1730894839973873,0.25,2180,111,0.0509174311926605,3009,617,0.2050515121302758,5721,2337,0.4084950183534347,1494,1145,0.7663989290495314,38.09575034927412,0.4065084457397461,65536.0,558.2617117001209,0
home_baseline_100e,39,0.0006693689601226,1.373501678333654,0.226083877464974,0.6350382067166366,0.2561897971316591,458.9993506493507,0.9744398629123514,1.6105462505171697,0.3191363649287571,0.6429120336348811,0.3242489255499095,522.859375,0.4792309105396271,0.1714092791080474,0.2167604404021403,0.7289688489088789,0.3527894227668494,0.4754712880969196,0.539003312587738,0.1846923828125,0.3118808352932791,4376,1627,8028,0.7704361081123352,3.920966688438929,0.0783801436969301,0.1691704768125408,0.25,2180,103,0.0472477064220183,3009,753,0.2502492522432702,5721,2372,0.4146128299248383,1494,1148,0.7684069611780455,37.99049159658202,0.4248404502868652,65536.0,565.198845300125,0
home_baseline_100e,40,0.0006545084971874,1.3676360479422978,0.2247314152585995,0.6346658594809569,0.2541193872883722,459.0298701298701,inf,1.5998570701728263,0.3157288644773264,0.6424052097524205,0.3208614971954375,522.859375,0.489037811756134,0.1745618432760238,0.2227915768569801,0.7114788004136504,0.3882618510158013,0.502373128879153,0.5424181222915649,0.193603515625,0.3354461238420282,4816,1953,7588,0.7651099562644958,4.421293272370999,0.0613977792292619,0.1482691051600261,0.25,2180,137,0.0628440366972477,3009,866,0.2878032568959787,5721,2630,0.4597098409368991,1494,1183,0.7918340026773761,38.08835264099193,0.4074225425720215,65536.0,557.1800577999093,2
home_baseline_100e,41,0.0006394955530196,1.365081759551903,0.223827974266046,0.6345365287034542,0.2533586273042412,458.92792207792206,0.9717186879221495,1.6138344649225471,0.3179550660618891,0.6424976689741015,0.3266908644388119,522.859375,0.4704048931598663,0.1603983491659164,0.2102878159872489,0.7276970954356846,0.3393260238632699,0.4628326369034529,0.5426040291786194,0.1806640625,0.3010944988911939,4209,1575,8195,0.7710636258125305,3.7779229261920313,0.0783801436969301,0.170476812540823,0.25,2180,77,0.0353211009174311,3009,735,0.2442671984047856,5721,2259,0.3948610382800209,1494,1138,0.7617135207496654,38.12286478927727,0.4069466590881347,65536.0,556.8799437000416,0
home_baseline_100e,42,0.0006243449435824,1.361583431355365,0.2223716652238523,0.6344046379064585,0.2524035655639388,459.0409090909091,0.984341156889092,1.60919915450116,0.3193745006962369,0.6424686340615153,0.3236780086687456,522.859375,0.4754066169261932,0.1691469103097915,0.2160296282963827,0.7025461198353408,0.3714930667526604,0.4859990507831039,0.5409483313560486,0.1856689453125,0.3210031347962382,4608,1951,7796,0.7690256834030151,4.284128020901371,0.0640104506858262,0.1724363161332462,0.25,2180,140,0.0642201834862385,3009,835,0.2775008308408109,5721,2456,0.4292955776962069,1494,1177,0.7878179384203481,37.6657902000469,0.4077882766723633,65536.0,571.0809942001943,0
home_baseline_100e,43,0.0006090716206982,1.355872148468897,0.2204272132560417,0.634151201472654,0.2506468668386534,459.05584415584417,inf,1.623917556678255,0.3306165674390892,0.6428747307509184,0.3252131333574652,522.859375,0.4490211308002472,0.1581222862005233,0.2021644254797138,0.6808746632863255,0.3464205095130603,0.4592038471814053,0.5213020443916321,0.179931640625,0.2980302399778055,4297,2014,8107,0.7686404585838318,4.122142390594383,0.0640104506858262,0.1672109732201175,0.25,2180,109,0.05,3009,720,0.2392821535393818,5721,2298,0.4016780283167278,1494,1170,0.7831325301204819,37.63212412935592,0.4069690704345703,65536.0,567.8539644998964,2
home_baseline_100e,44,0.0005936906572928,1.3544385812499309,0.2203864700947102,0.6338455937125466,0.2501032587092418,459.0,0.9839085803403482,1.619737820699811,0.3238518808502704,0.6434982620800535,0.3261938405533631,522.859375,0.4749747514724731,0.162731185555458,0.2112355698103783,0.7499031383184812,0.3120767494356659,0.4407377889103951,0.5374616980552673,0.1685791015625,0.2826579043446513,3871,1291,8533,0.7696563005447388,3.371652514696277,0.0940561724363161,0.1920313520574787,0.25,2180,96,0.0440366972477064,3009,635,0.2110335659687603,5721,2038,0.3562314280720153,1494,1102,0.7376171352074966,37.85950054156596,0.4076075553894043,65536.0,566.5637168998364,0
home_baseline_100e,45,0.0005782172325201,1.3483890061254624,0.2179843425073407,0.6336699676204037,0.2483673481391622,459.0474025974026,inf,1.6134804921845596,0.3227655173589785,0.6427666575958332,0.3239741605551292,522.859375,0.4759210348129272,0.1630169749259948,0.2129430958186276,0.7290088903523214,0.3569816188326346,0.4792726485550385,0.5434989333152771,0.18017578125,0.3151601423487544,4428,1646,7976,0.7675143480300903,3.967341606792946,0.0725016329196603,0.1750489875898105,0.25,2180,117,0.0536697247706422,3009,795,0.2642073778664008,5721,2350,0.4107673483656703,1494,1166,0.7804551539491299,37.76484898590817,0.4248404502868652,65536.0,572.0535441001412,2
home_baseline_100e,46,0.0005626666167821,1.3462877444245598,0.2180962852988537,0.6334395224397833,0.2473759684663314,459.0487012987013,0.985367886722088,1.6243947856128216,0.3272554052527994,0.6429255238423744,0.3271069282200187,522.859375,0.4677422046661377,0.1597768366336822,0.2082087367845815,0.7198893229166666,0.3565785230570784,0.4769247358205737,0.5330520272254944,0.1876220703125,0.3131327433628318,4423,1721,7981,0.765895664691925,4.013063357282822,0.077726975832789,0.170476812540823,0.25,2180,139,0.0637614678899082,3009,838,0.2784978398138916,5721,2284,0.3992309036881664,1494,1162,0.7777777777777778,37.70424933393145,0.4248404502868652,65536.0,567.1522770000156,0
home_baseline_100e,47,0.0005470541566592,1.3427267021947094,0.2166207072554857,0.6333586418009424,0.2463736771279341,459.03311688311686,0.9754020508233604,1.6182096482565005,0.3225406589141736,0.6428910034398237,0.3263889925243954,522.859375,0.4689414203166961,0.1593523621559143,0.2086290631210431,0.7152455607102863,0.3604482425024186,0.4793352988474939,0.539745032787323,0.186279296875,0.315214326001128,4471,1780,7933,0.7657089233398438,4.082952318745917,0.0653167864141084,0.171129980404964,0.25,2180,119,0.0545871559633027,3009,885,0.2941176470588235,5721,2315,0.4046495367942667,1494,1152,0.7710843373493976,37.93045156865772,0.4078016281127929,65536.0,570.1574764000252,0
home_baseline_100e,48,0.0005313952597646,1.3376939525851956,0.215289046479897,0.6329041325426721,0.2447503867764751,459.00584415584416,inf,1.6142586419979732,0.3226666859506319,0.6420389022678137,0.3247765268509586,522.859375,0.477963387966156,0.1688039004802703,0.2147256557422224,0.6938691537512001,0.4078523057078362,0.5137344503681137,0.5453680753707886,0.200927734375,0.345654550423613,5059,2232,7345,0.7618011832237244,4.762246897452646,0.054866100587851,0.1534944480731548,0.25,2180,155,0.0711009174311926,3009,1005,0.3339980059820538,5721,2737,0.4784128648837615,1494,1162,0.7777777777777778,38.17725130919948,0.4078178405761719,65536.0,564.4119348998647,2
home_baseline_100e,49,0.000515705379539,1.3362564703086754,0.2146716030629037,0.6328682097521695,0.2443583281880075,459.0837662337663,0.988067767004688,1.6124228208015363,0.3252825231757015,0.6424703082690636,0.3223349958037336,522.859375,0.4745145738124847,0.1683814376592636,0.2145585346792358,0.7021906453522795,0.382457271847791,0.4951983298538623,0.5434560179710388,0.1878662109375,0.3290788013318535,4744,2012,7660,0.7660585045814514,4.412802090137165,0.0640104506858262,0.1489222730241672,0.25,2180,143,0.0655963302752293,3009,923,0.3067464273845131,5721,2499,0.4368117461982171,1494,1179,0.7891566265060241,37.71554900738504,0.4078292846679687,65536.0,563.5948896999471,0
home_baseline_100e,50,0.0005,1.3318840898476638,0.2129968856255729,0.6327947997814649,0.2430462027041169,458.95714285714286,0.9886739542151426,1.6274090924610694,0.330282113670061,0.6424559413765868,0.3273355164565146,522.859375,0.4736678600311279,0.1694426983594894,0.2128489922819426,0.7345117845117846,0.3517413737504031,0.4756868730920191,0.5413212180137634,0.180908203125,0.3120663757957228,4363,1577,8041,0.7670139074325562,3.87981711299804,0.0849118223383409,0.1913781841933376,0.25,2180,137,0.0628440366972477,3009,935,0.3107344632768362,5721,2170,0.3793043174270232,1494,1121,0.750334672021419,37.825801061833765,0.4069404602050781,65536.0,573.878460300155,0
home_baseline_100e,51,0.0004842946204609,1.329167078570886,0.2123931692792223,0.6325172585713399,0.2421283253408097,459.0688311688312,inf,1.626779363801082,0.3299227843526751,0.6427142570416132,0.3270711610869815,522.859375,0.4727959930896759,0.1640098094940185,0.210193955907016,0.7255979314802844,0.3619800064495324,0.4830034423407917,0.5452975034713745,0.1839599609375,0.3183945539639767,4490,1698,7914,0.7633382678031921,4.04180274330503,0.0666231221423905,0.1717831482691051,0.25,2180,131,0.060091743119266,3009,919,0.3054170820870721,5721,2279,0.3983569306065373,1494,1161,0.7771084337349398,37.1657683537787,0.407388687133789,65536.0,572.7128564000595,2
home_baseline_100e,52,0.0004686047402353,1.325933660083003,0.2112403972582383,0.6323593224023843,0.2411669696790057,459.0902597402597,0.9993578716531976,1.6202773575981455,0.3282998062980671,0.6431192007536689,0.3244291750403742,522.859375,0.4677620828151703,0.1660148501396179,0.2104496184707386,0.7176395939086294,0.364721057723315,0.4836433611289288,0.5389788150787354,0.1903076171875,0.3189509306260575,4524,1780,7880,0.7670027017593384,4.117570215545396,0.069888961463096,0.1619856303069889,0.25,2180,151,0.0692660550458715,3009,859,0.2854769026254569,5721,2351,0.4109421429819961,1494,1163,0.7784471218206158,37.82645370758463,0.4078145027160644,65536.0,565.516525000101,0
home_baseline_100e,53,0.0004529458433407,1.3221116961596848,0.2103414717626262,0.6321999782478654,0.2397851228326946,459.038961038961,inf,1.6171639375388622,0.3250163226233174,0.6425797756140431,0.3247839198447764,522.859375,0.4803271293640136,0.1630186736583709,0.2132760491513181,0.7140700483091788,0.3813286036762334,0.4971620769392474,0.5488515496253967,0.1968994140625,0.3308154986711428,4730,1894,7674,0.7626755237579346,4.326583932070542,0.0653167864141084,0.1580666231221424,0.25,2180,137,0.0628440366972477,3009,883,0.293452974410103,5721,2517,0.4399580492920818,1494,1193,0.7985274431057564,37.66150092193314,0.4064979553222656,65536.0,574.2338803999592,2
home_baseline_100e,54,0.0004373333832178,1.3195272758409575,0.2093702977257115,0.6319243160935192,0.2391163308608841,459.06103896103895,0.9994021651613249,1.6364988752951224,0.3370279086908946,0.6429433459416032,0.3282638137849669,522.859375,0.4552475810050964,0.15567447245121,0.2017407936684321,0.7047850770478508,0.3502902289584005,0.4679842748667133,0.5240855813026428,0.18017578125,0.3054696287964004,4345,1820,8059,0.765043318271637,4.026779882429785,0.0718484650555192,0.1698236446766819,0.25,2180,137,0.0628440366972477,3009,825,0.2741774675972084,5721,2211,0.3864708966963817,1494,1172,0.784471218206158,37.55267657362587,0.4078359603881836,65536.0,568.5127876999322,0
home_baseline_100e,55,0.0004217827674798,1.3170055122344524,0.2085375551763293,0.6319155746466154,0.238276191346057,458.97662337662337,1.0049383641450436,1.628911040102442,0.3322322457097471,0.6431202826400598,0.3267792544793337,522.859375,0.4715854227542877,0.1647038757801056,0.2103212219139095,0.7199806326662362,0.359642050951306,0.4796774193548387,0.544183075428009,0.1793212890625,0.3155102906853384,4461,1735,7943,0.7679576277732849,4.047028086218158,0.0718484650555192,0.1796211626387981,0.25,2180,118,0.0541284403669724,3009,872,0.2897972748421402,5721,2325,0.4063974829575249,1494,1146,0.7670682730923695,37.86440775006314,0.4078383445739746,65536.0,567.044161999831,0
home_baseline_100e,56,0.0004063093427071,1.3117558781976824,0.2066820719605916,0.6315906338490449,0.236741586697179,459.07207792207794,inf,1.6244123348345358,0.3331942119790862,0.6425690635417899,0.3243245296180248,522.859375,0.4682562053203583,0.1648429483175277,0.2102921940473607,0.7152118912080961,0.3646404385682038,0.4830200768902179,0.5393803715705872,0.1927490234375,0.3184090109116508,4523,1801,7881,0.7669423818588257,4.130633572828216,0.0711952971913781,0.1672109732201175,0.25,2180,146,0.0669724770642201,3009,846,0.2811565304087737,5721,2359,0.4123404999126027,1494,1172,0.784471218206158,38.12457206582154,0.4073567390441894,65536.0,566.1539547999855,2
home_baseline_100e,57,0.0003909283793017,1.3099890759625992,0.2054720765729616,0.6316580622614204,0.2364294686294221,459.07207792207794,1.0081240728497505,1.632796513537566,0.3325518708055218,0.6436776469151179,0.3282835010904819,522.859375,0.4668972194194793,0.1615854948759079,0.2082940681662876,0.7050282744918234,0.3718961625282167,0.4869372460020056,0.5359965562820435,0.1903076171875,0.3218222408260081,4613,1930,7791,0.7630147337913513,4.2736773350751145,0.0581319399085565,0.1613324624428478,0.25,2180,155,0.0711009174311926,3009,880,0.2924559654370223,5721,2411,0.4214298199615451,1494,1167,0.7811244979919679,37.47072477609396,0.4248404502868652,65536.0,566.5455871999729,0
home_baseline_100e,58,0.0003756550564175,1.3073340215079197,0.2055233558567313,0.6313245729579554,0.2352430475803164,459.088961038961,inf,1.639599150667588,0.3376357298499594,0.6437356205036243,0.3291138984883825,522.859375,0.465501993894577,0.1578667908906936,0.2068638928962173,0.7058554437328454,0.3731860690099968,0.488239637169075,0.5405167937278748,0.193115234375,0.3229609990930022,4629,1929,7775,0.7611392140388489,4.28347485303723,0.0666231221423905,0.1600261267145656,0.25,2180,161,0.0738532110091743,3009,938,0.3117314722499169,5721,2371,0.4144380353085125,1494,1159,0.7757697456492637,37.57589063986266,0.4065084457397461,65536.0,576.7383413999341,2
home_baseline_100e,59,0.0003605044469803,1.3048962900390872,0.204494215373869,0.6312849528990783,0.2345585601960683,459.0798701298701,1.0185486374350337,1.6276686278482275,0.3302656701610734,0.6432635641346375,0.3270697019373377,522.859375,0.4811055064201355,0.1732335090637207,0.2165393145871348,0.732131854590265,0.3831828442437923,0.5030694326841659,0.548719048500061,0.1929931640625,0.3360673124513894,4753,1739,7651,0.7655227184295654,4.240365774003919,0.0738079686479425,0.1724363161332462,0.25,2180,144,0.0660550458715596,3009,998,0.331671651711532,5721,2457,0.4294703723125327,1494,1154,0.7724230254350736,37.67604468601087,0.4073915481567383,65536.0,571.1495781000704,0
home_baseline_100e,60,0.0003454915028125,1.3004618853717655,0.2030574738350394,0.6309214019543165,0.2332415049629552,459.1344155844156,1.0074696332409785,1.6311634586503108,0.3318934161992122,0.6432591189319888,0.3280054622640212,522.859375,0.4688426852226257,0.1633267402648925,0.2093778652066248,0.7356515867656989,0.3513382779748468,0.475556525534701,0.538701593875885,0.185791015625,0.3119541875447387,4358,1566,8046,0.7657278180122375,3.869366427171783,0.0829523187459177,0.1796211626387981,0.25,2180,133,0.0610091743119266,3009,847,0.2814888667331339,5721,2233,0.3903163782555497,1494,1145,0.7663989290495314,37.588228192278365,0.4073729515075683,65536.0,576.6273584000301,0
home_baseline_100e,61,0.0003306310398773,1.2977264040476315,0.2022619740819776,0.6310928623784672,0.232185784611222,459.0461038961039,inf,1.632487729812662,0.3347975863143801,0.6438366385797659,0.326926751062274,522.859375,0.4712661504745483,0.1653999835252761,0.2103578666763496,0.7170851194121249,0.3776201225411157,0.4947190536544148,0.541279137134552,0.1925048828125,0.3286556272803817,4684,1848,7720,0.7621538043022156,4.266492488569562,0.0613977792292619,0.1574134552580013,0.25,2180,163,0.0747706422018348,3009,913,0.3034230641409106,5721,2434,0.425450096137039,1494,1174,0.785809906291834,37.82301050491763,0.4073696136474609,65536.0,571.2272137000691,2
home_baseline_100e,62,0.0003159377236576,1.2963454778318282,0.2013620785256097,0.6308430739037403,0.2320701623117768,459.1207792207792,1.020672984769592,1.6363513488322496,0.3356541744433343,0.6436623940244317,0.3285173910359542,522.859375,0.4696768522262573,0.1605744659900665,0.2091070892478455,0.6965823839955543,0.4042244437278297,0.5115804509743903,0.542313277721405,0.20166015625,0.3437071565670414,5014,2184,7390,0.7612026929855347,4.701502286087525,0.0561724363161332,0.155453951665578,0.25,2180,167,0.0766055045871559,3009,1042,0.3462944499833831,5721,2626,0.4590106624715959,1494,1179,0.7891566265060241,37.42966940209891,0.4078068733215332,65536.0,570.7047645000275,0
home_baseline_100e,63,0.0003014260546826,1.2944928990556048,0.2016693871081262,0.630584421212023,0.2311195450556742,459.0707792207792,1.0266435513829255,1.642219146092733,0.3379879643519719,0.6438384282713135,0.3301963747944683,522.859375,0.4659876227378845,0.1608350425958633,0.2064532980883086,0.7072711471610661,0.3936633344082554,0.5058007043712451,0.5405186414718628,0.20263671875,0.3385095320623917,4883,2021,7521,0.7599435448646545,4.509470934030046,0.0666231221423905,0.1626387981711299,0.25,2180,168,0.0770642201834862,3009,1062,0.3529411764705882,5721,2484,0.4341898269533298,1494,1169,0.7824631860776439,37.58220388058558,0.4067549705505371,65536.0,577.358409400098,0
home_baseline_100e,64,0.0002871103542174,1.2916045437772552,0.2000145081914477,0.6305827747691761,0.2305036300043394,459.0655844155844,inf,1.643551329150796,0.3411419744758556,0.6438108055541912,0.3292992768498758,522.859375,0.4665155410766601,0.1603796035051345,0.2053453437161806,0.7032258064516129,0.3866494679135762,0.4989596337910944,0.5382170081138611,0.2005615234375,0.3324092043249237,4796,2024,7608,0.7596554756164551,4.454604833442195,0.062050947093403,0.1652514696276943,0.25,2180,146,0.0669724770642201,3009,968,0.3217015619807244,5721,2505,0.437860513896172,1494,1177,0.7878179384203481,37.26410652099578,0.4071793556213379,65536.0,574.848045400111,2
home_baseline_100e,65,0.0002730047501302,1.2887362436427698,0.1988552063945439,0.6304611753720741,0.2297099296922807,458.94935064935066,1.0273859233438194,1.6485762428492308,0.345207164529711,0.6438800003379583,0.329744539456442,522.859375,0.4573070406913757,0.1568878144025802,0.2023270414021681,0.7241559345631744,0.3354563044179297,0.4585123966942148,0.5316934585571289,0.1837158203125,0.2974479948530988,4161,1585,8243,0.7667809724807739,3.75310254735467,0.0849118223383409,0.1822338340953625,0.25,2180,127,0.0582568807339449,3009,765,0.2542372881355932,5721,2127,0.3717881489250131,1494,1142,0.7643908969210174,37.75757821429589,0.4067115783691406,65536.0,570.16116899997,0
home_baseline_100e,66,0.0002591231629491,1.2860809515048932,0.1985322968332798,0.6301403366513066,0.2287041590295054,458.9974025974026,1.0279746033541568,1.6438078253219526,0.3406907628911237,0.6435979058345159,0.329759582489108,522.859375,0.4681945741176605,0.1581637263298034,0.2069043133960804,0.6937482399324134,0.3972105772331506,0.5051778939813392,0.5377718806266785,0.2017822265625,0.3379518485492832,4927,2175,7477,0.7596561312675476,4.638798171129981,0.0613977792292619,0.1619856303069889,0.25,2180,183,0.0839449541284403,3009,1083,0.3599202392821535,5721,2491,0.4354133892676106,1494,1170,0.7831325301204819,37.66757234383587,0.4248404502868652,65536.0,573.4430710999295,0
home_baseline_100e,67,0.0002454792921248,1.2832340698737603,0.1973378122626961,0.6303067247975956,0.2277947674227225,458.9798701298701,inf,1.6392226660003264,0.3374589814338833,0.6433964399620891,0.3291836210992187,522.859375,0.4734324216842651,0.1661624163389206,0.2108674042887287,0.7005414410662224,0.4068042566913898,0.5147141327077065,0.5438408255577087,0.2071533203125,0.3465421330952544,5046,2157,7358,0.7603161334991455,4.70476812540823,0.062704114957544,0.155453951665578,0.25,2180,175,0.0802752293577981,3009,1076,0.3575938850116317,5721,2626,0.4590106624715959,1494,1169,0.7824631860776439,37.949766074504005,0.4248404502868652,65536.0,564.7440617999528,2
home_baseline_100e,68,0.0002320866025105,1.2810961476007066,0.1969903232263667,0.6300148646552841,0.2270454795039319,459.0409090909091,1.0401721401648087,1.6469991834213336,0.3398842183717837,0.6439101236561934,0.331602420968314,522.859375,0.4725593328475952,0.164191335439682,0.2089158198112272,0.7087282501060971,0.4039019671073847,0.5145586196271761,0.5419408082962036,0.212158203125,0.3464011615847334,5010,2059,7394,0.7597862482070923,4.6172436316133245,0.0600914435009797,0.1587197909862834,0.25,2180,174,0.0798165137614679,3009,1064,0.3536058491193087,5721,2601,0.4546407970634504,1494,1171,0.7838018741633199,37.57549178782271,0.4078269004821777,65536.0,580.846290800022,0
home_baseline_100e,69,0.0002189583110739,1.279340884824852,0.1962563085139959,0.6297585799709543,0.2266629977950028,458.94415584415583,inf,1.648895024632414,0.3424490453520168,0.6437771481772264,0.3313344176082561,522.859375,0.4695306122303009,0.1622585952281952,0.2080918405859847,0.7137644139541672,0.3942276684940342,0.5079200207738249,0.5416209101676941,0.206298828125,0.3404107205012182,4890,1961,7514,0.7618231177330017,4.474853037230568,0.0666231221423905,0.1574134552580013,0.25,2180,158,0.0724770642201834,3009,1040,0.3456297773346626,5721,2522,0.4408320223737109,1494,1170,0.7831325301204819,37.50276615998559,0.4073500633239746,65536.0,576.7711384000722,2
home_baseline_100e,70,0.0002061073738537,1.2767531966621226,0.1955309532727901,0.6297943708571521,0.2257139358717899,459.1363636363636,1.0483708056149543,1.6491916409383218,0.3446099283949782,0.6443172494570414,0.3301322310386846,522.859375,0.4679720401763916,0.1626729369163513,0.2083227769267978,0.7053852764250931,0.3970493389229281,0.5080986278757867,0.5388656258583069,0.201904296875,0.3405711914805338,4925,2057,7479,0.7609384655952454,4.56041802743305,0.0581319399085565,0.1626387981711299,0.25,2180,159,0.0729357798165137,3009,1017,0.3379860418743768,5721,2571,0.4493969585736759,1494,1178,0.7884872824631861,36.89466350769966,0.406930923461914,65536.0,575.9921548999846,0
home_baseline_100e,71,0.0001935464731735,1.2760980968351487,0.1949737682067728,0.6297534534683475,0.225685437807402,459.0935064935065,1.0381365670979796,1.6450030418733756,0.341358693394189,0.6438177280748884,0.3299133100081235,522.859375,0.4696064591407776,0.162465289235115,0.2083201272092992,0.7049041713641488,0.4032570138664947,0.5130256410256411,0.5421558022499084,0.2025146484375,0.3450131052558973,5002,2094,7402,0.7588610649108887,4.634879163945134,0.0581319399085565,0.1561071195297191,0.25,2180,163,0.0747706422018348,3009,1064,0.3536058491193087,5721,2594,0.4534172347491697,1494,1181,0.7904953145917001,37.87809474513885,0.4075756072998047,65536.0,574.1373797999695,0
home_baseline_100e,72,0.0001812880051256,1.2724179626285257,0.1938110069214523,0.629580411779416,0.2245132720751034,459.0474025974026,inf,1.649303274850051,0.3437630225283404,0.6440707088137666,0.3307347705898185,522.859375,0.4653115272521972,0.1634610742330551,0.208075828012079,0.7216320246343341,0.3778619800064495,0.496005079633843,0.5351319909095764,0.1947021484375,0.3297917253025612,4687,1808,7717,0.7641470432281494,4.242325277596343,0.0692357935989549,0.1652514696276943,0.25,2180,155,0.0711009174311926,3009,929,0.3087404453306746,5721,2439,0.426324069218668,1494,1164,0.7791164658634538,37.58151418837393,0.4069366455078125,65536.0,575.9390137000009,2
home_baseline_100e,73,0.0001693440673381,1.2705884362195994,0.1930841765910774,0.6294946637633559,0.2240047974923214,459.09090909090907,1.0417711561956964,1.6512916684150696,0.3454450706485659,0.6438879131649932,0.3309793438141544,522.859375,0.4725014269351959,0.1657679677009582,0.2087545228641829,0.7124378109452736,0.4040632054176072,0.5156643860280878,0.5435637831687927,0.2044677734375,0.3474041727316836,5012,2023,7392,0.75974440574646,4.595035924232528,0.0607446113651208,0.1600261267145656,0.25,2180,171,0.078440366972477,3009,1083,0.3599202392821535,5721,2592,0.453067645516518,1494,1166,0.7804551539491299,37.881896713691184,0.4071664810180664,65536.0,571.2865067000967,0
home_baseline_100e,74,0.0001577264470356,1.2698460704320438,0.1927526091842295,0.6295857932660487,0.2237538333837088,459.0487012987013,1.043559702863167,1.6468461441497009,0.3414116001998384,0.6439166845132908,0.3307589346853395,522.859375,0.4704359173774719,0.1630703955888748,0.209034009957395,0.7047073613633189,0.4067236375362786,0.5157695649951438,0.5430487990379333,0.2137451171875,0.3474996555999449,5045,2114,7359,0.7598724961280823,4.676028739386022,0.0633572828216851,0.1567602873938602,0.25,2180,170,0.0779816513761468,3009,1080,0.3589232303090728,5721,2619,0.4577871001573151,1494,1176,0.7871485943775101,37.93345884920716,0.4078021049499511,65536.0,575.3660379999783,0
home_baseline_100e,75,0.0001464466094067,1.2681198716163635,0.1926511473663441,0.6293763482725465,0.2230461884096458,459.0201298701299,inf,1.6535352158049743,0.3482190268114209,0.6437969127049049,0.3307596400069694,522.859375,0.4684161841869354,0.1624235063791275,0.2072436859176377,0.7079983072365637,0.404627539503386,0.5149540860821833,0.5395706295967102,0.204833984375,0.3467597070609368,5019,2070,7385,0.7594560384750366,4.630306988896146,0.0607446113651208,0.1626387981711299,0.25,2180,185,0.0848623853211009,3009,1103,0.3665669657693586,5721,2570,0.4492221639573501,1494,1161,0.7771084337349398,37.55410672233827,0.4077954292297363,65536.0,575.7962424000725,2
home_baseline_100e,76,0.0001355156862892,1.2680096785356472,0.1932000102934899,0.6291531478042727,0.2228282604753584,459.0461038961039,1.0576583551896084,1.6576171250392993,0.3501879492153724,0.6446025387073556,0.3314133176269631,522.859375,0.4618219137191772,0.1581220477819442,0.203533385344781,0.717559664928086,0.3660109642050951,0.4847578879931665,0.5359920263290405,0.193359375,0.3199210767387781,4540,1787,7864,0.763852596282959,4.13259307642064,0.0731548007838014,0.1698236446766819,0.25,2180,152,0.0697247706422018,3009,910,0.3024260551678298,5721,2326,0.4065722775738507,1494,1152,0.7710843373493976,37.86479368841356,0.4069576263427734,65536.0,575.2662927999627,0
home_baseline_100e,77,0.0001249444651847,1.2649200689482998,0.1916110241374412,0.6290596654662838,0.2221246887143556,458.9798701298701,inf,1.6533856944491463,0.3446846011405189,0.6446253635610143,0.3320378658051292,522.859375,0.471884161233902,0.1639144271612167,0.2085814359365031,0.7114973642969084,0.4026120606256046,0.5142356999433662,0.5402958393096924,0.203857421875,0.3461085314297595,4994,2025,7410,0.759766161441803,4.58458523840627,0.0653167864141084,0.1606792945787067,0.25,2180,182,0.0834862385321101,3009,1057,0.3512794948487869,5721,2594,0.4534172347491697,1494,1161,0.7771084337349398,37.156512120122485,0.4071245193481445,65536.0,577.9797833999619,2
home_baseline_100e,78,0.0001147433786121,1.2636636553646683,0.1911150261227573,0.6291162092964371,0.2217162107976226,459.0746753246753,1.0485735654443888,1.65973796757559,0.3484303834072004,0.6443819124251604,0.3334628329612314,522.859375,0.4616805016994476,0.158933013677597,0.204044112432166,0.6907073509015257,0.401483392454047,0.507800550627103,0.533798098564148,0.2044677734375,0.3403034030340303,4980,2230,7424,0.7585092186927795,4.709340300457217,0.0600914435009797,0.1600261267145656,0.25,2180,180,0.0825688073394495,3009,1049,0.3486208042539049,5721,2586,0.4520188778185632,1494,1165,0.7797858099062919,37.791138385642846,0.4075856208801269,65536.0,574.3026576999109,0
home_baseline_100e,79,0.0001049224938121,1.260613838457442,0.1900836772103975,0.6290823490975739,0.2207239063384083,459.09090909090907,1.0526564389854285,1.662443231791258,0.3488328288464496,0.6449160178502401,0.3343471947591752,522.859375,0.4663046300411224,0.160700038075447,0.2074202223462634,0.687392284237041,0.4180103192518542,0.5198776758409785,0.5398627519607544,0.2156982421875,0.3512396694214876,5185,2358,7219,0.758511483669281,4.926845199216198,0.0522534291312867,0.1567602873938602,0.25,2180,178,0.081651376146789,3009,1127,0.3745430375540046,5721,2717,0.4749169725572452,1494,1163,0.7784471218206158,37.83677752771184,0.4076042175292969,65536.0,591.0122817000374,0
home_baseline_100e,80,9.549150281252635e-05,1.260287699800033,0.1903455269897913,0.6289409935861439,0.2205005900716626,459.09090909090907,inf,1.657110122963786,0.3477046094679584,0.6445390358567238,0.3324332404881716,522.859375,0.4705649316310882,0.1637957394123077,0.2096155290841125,0.6923690507843658,0.4198645598194131,0.5227341162300512,0.5404990315437317,0.214111328125,0.3538524256013045,5208,2314,7196,0.757408082485199,4.913128674069236,0.0555192684519921,0.1508817766165904,0.25,2180,192,0.0880733944954128,3009,1120,0.3722166832834829,5721,2730,0.4771893025694808,1494,1166,0.7804551539491299,35.70600262664907,0.4077992439270019,65536.0,615.0211875999812,2
school5_center_radius_100e,1,0.0009997532801828,2.3032827287525324,0.4469095703069266,0.7569652529118898,0.5497039536957616,746.1181818181818,3.2734298606971644,2.1831140549232564,0.532109381010135,0.6862231409177184,0.4823907664977014,856.1614583333334,0.1229403018951416,0.002727482933551,0.0284188936212146,0.2006447781454144,0.1906643018381167,0.1955272622049522,0.1969859004020691,0.2369384765625,0.108357005406396,2365,9422,10039,0.6344792246818542,7.69888961463096,0.1763553233180927,0.6329196603527106,0.25,2180,9,0.0041284403669724,3009,769,0.2555666334330342,5721,1419,0.2480335605663345,1494,168,0.1124497991967871,31.095127042658078,0.4067378044128418,1024.0,647.8849472999573,0
school5_center_radius_100e,2,0.0009990133642141,1.9453853368759155,0.3568669658589672,0.6758059627436972,0.4563562056267416,746.2967532467533,1.4479400082842095,1.9748490297545989,0.4160297334504624,0.6757555048291882,0.4415318937972188,856.1614583333334,0.2355779558420181,0.0311851240694522,0.0772428303856941,0.3896690682623031,0.2572557239600129,0.3099111348516485,0.3136129677295685,0.2401123046875,0.1833697276175152,3191,4998,9213,0.6778252124786377,5.348791639451339,0.1698236446766819,0.472893533638145,0.25,2180,40,0.018348623853211,3009,844,0.2804918577600532,5721,1992,0.3481908757210278,1494,315,0.2108433734939759,27.49286165373631,0.4248404502868652,1024.0,684.0458733998239,0
school5_center_radius_100e,3,0.0009977809823015,1.8374775329193511,0.3283158039504831,0.6683006484400142,0.4204305393935798,746.3032467532468,1.323660805589193,1.8592442261675997,0.357965015185376,0.6689723158876101,0.4161534467712044,856.1614583333334,0.3013215661048889,0.0565888918936252,0.1085940556316927,0.5238019169329073,0.2643502096098032,0.3513716245177882,0.3745036721229553,0.212890625,0.213129671758206,3279,2981,9125,0.7009962201118469,4.088830829523188,0.2194644023514043,0.4160679294578707,0.25,2180,50,0.0229357798165137,3009,842,0.2798271851113326,5721,1961,0.3427722426149274,1494,426,0.285140562248996,30.337420404866307,0.4077982902526855,2048.0,635.0137879997492,0
school5_center_radius_100e,4,0.0009960573506572,1.769696423140439,0.3095988620604787,0.6637702547884606,0.3981636531360737,746.1805194805195,1.250420188323244,1.8102456076691549,0.3356942309377094,0.6685774779568116,0.4029869489992658,856.1614583333334,0.3465403318405151,0.0691856518387794,0.1310645867139101,0.4927791864182559,0.3603676233473073,0.4162980209545984,0.4165734350681305,0.250244140625,0.2628638635695384,4470,4601,7934,0.7049771547317505,5.924885695623775,0.1254082299150881,0.3128674069235793,0.25,2180,56,0.0256880733944954,3009,1129,0.3752077102027251,5721,2559,0.4472994231777661,1494,726,0.4859437751004016,28.728000068637865,0.4073853492736816,2048.0,636.4717064001597,0
school5_center_radius_100e,5,0.0009938441702975,1.7183884618344245,0.2954020713830923,0.6604652264675537,0.3812605818951284,746.1103896103896,1.22588235410777,1.7532906346023085,0.3161743845945845,0.6620783337081472,0.3875189583438138,856.1614583333334,0.3926856219768524,0.0926905125379562,0.152747867522703,0.7043780687397708,0.277571751048049,0.3982188295165395,0.4533539712429046,0.199951171875,0.2486100079428117,3443,1445,8961,0.7254878878593445,3.19268451992162,0.2847811887655127,0.4141084258654474,0.25,2180,69,0.0316513761467889,3009,779,0.2588899966766367,5721,2134,0.3730117112392938,1494,461,0.3085676037483266,31.25959983434671,0.4248404502868652,2048.0,610.0918318000622,0
school5_center_radius_100e,6,0.0009911436253643,1.6781656681717216,0.2840703212789127,0.6579099303329146,0.3680927084444405,746.225974025974,1.1746267998760396,1.749283974369367,0.339779945788905,0.6614504853884379,0.3740267693065107,856.1614583333334,0.4064757525920868,0.1031714901328086,0.1636461192625574,0.4938868613138686,0.4363914866172202,0.4633624379387091,0.4676285684108734,0.265869140625,0.3015430895214751,5413,5547,6991,0.7182166576385498,7.158719790986283,0.0600914435009797,0.1926845199216198,0.25,2180,59,0.0270642201834862,3009,1237,0.4111000332336324,5721,3200,0.559342772242615,1494,917,0.6137884872824632,31.104260913887824,0.4074664115905761,4096.0,612.40386760002,0
school5_center_radius_100e,7,0.0009879583809693,1.6482574637834129,0.2758214182087353,0.6558930578943971,0.3582714929789691,746.1623376623377,1.161626377546942,1.7078582495450974,0.3132177190079043,0.6601955456038316,0.3672224946009616,856.1614583333334,0.4450221359729767,0.119912065565586,0.1821147436276078,0.6197115957573591,0.419219606578523,0.500120221207021,0.5015694499015808,0.2471923828125,0.3334402051939724,5200,3191,7204,0.7295169830322266,5.480731548007838,0.0751143043762246,0.1972566949706074,0.25,2180,98,0.0449541284403669,3009,1213,0.4031239614489864,5721,2926,0.511449047369341,1494,963,0.6445783132530121,31.234194176780765,0.4076104164123535,4096.0,621.0574199999683,0
school5_center_radius_100e,8,0.0009842915805643,1.6240298587780495,0.2700766849633935,0.6542688166166281,0.3498421785409574,746.1863636363636,1.1452387608878023,1.68879578076303,0.3015908210072666,0.6591394155596694,0.3640327708174785,856.1614583333334,0.449846088886261,0.1195438280701637,0.1829090421902947,0.6245547375920208,0.4240567558851983,0.5051378085085949,0.5065461993217468,0.240478515625,0.3379159707053835,5260,3162,7144,0.72681725025177,5.500979751796212,0.0613977792292619,0.1841933376877857,0.25,2180,122,0.0559633027522935,3009,1148,0.3815221003655699,5721,2972,0.5194895997203286,1494,1018,0.6813922356091031,30.966645502453957,0.4248404502868652,8192.0,623.8134054001421,0
school5_center_radius_100e,9,0.0009801468428384,1.6028500934699914,0.2630261218489764,0.6529564860966298,0.3434337428444391,746.2227272727273,1.10749104375189,1.6851287571092446,0.2987232070881873,0.6613212457547585,0.3625421549659222,856.1614583333334,0.4547736346721649,0.1187435537576675,0.1859114376886282,0.6723156182212582,0.3997903901967107,0.5014155712841254,0.5128273963928223,0.21826171875,0.3345928075028676,4959,2417,7445,0.7320204377174377,4.817766165904637,0.0796864794252122,0.1887655127367733,0.25,2180,93,0.0426605504587156,3009,1058,0.3516118311731472,5721,2764,0.4831323195245586,1494,1044,0.6987951807228916,30.30989716525552,0.4079322814941406,8192.0,647.5890577998944,0
school5_center_radius_100e,10,0.0009755282581475,1.5839954303456592,0.2582005701088286,0.6518534313161651,0.3369707144506565,746.1701298701299,1.094276812130755,1.657971032584707,0.2892560694987575,0.6574404935042063,0.3556372276507318,856.1614583333334,0.4761359691619873,0.1320100277662277,0.1970042833607294,0.7007851934941111,0.4029345372460496,0.5116707616707618,0.523154079914093,0.2200927734375,0.3437886917044985,4998,2134,7406,0.7389526963233948,4.658393207054213,0.1417374265186153,0.2429784454604833,0.25,2180,75,0.0344036697247706,3009,1145,0.3805250913924892,5721,2865,0.5007865757734662,1494,913,0.6111111111111112,29.88985685746355,0.4248404502868652,8192.0,666.1741492999718,0
school5_center_radius_100e,11,0.0009704403844771,1.5652798489316715,0.2542234751407976,0.650366789799232,0.3303447927166889,746.2084415584416,1.0889360100030898,1.6590751285354297,0.2826824171158175,0.6586019055296978,0.3588954029449572,856.1614583333334,0.4751432538032532,0.1226905584335327,0.1950211445451714,0.7624125874125874,0.3515801354401806,0.4812403442948576,0.5233012437820435,0.207275390625,0.3168640558017874,4361,1359,8043,0.7403851747512817,3.736120182887002,0.1489222730241672,0.248203788373612,0.25,2180,58,0.0266055045871559,3009,913,0.3034230641409106,5721,2491,0.4354133892676106,1494,899,0.6017402945113789,31.13216085029188,0.4078545570373535,16384.0,622.9264524001628,0
school5_center_radius_100e,12,0.0009648882429441,1.5548949064372422,0.2511069610037587,0.6497494108878172,0.3270192667841911,746.1532467532468,1.0743709112336108,1.6353670737395685,0.2813717882769803,0.6575962587570151,0.3481995124990741,856.1614583333334,0.4867888391017914,0.1435068696737289,0.2084297236026032,0.7392698946082175,0.3901967107384714,0.510790987282993,0.5285174250602722,0.2138671875,0.3429948267309191,4840,1707,7564,0.746804416179657,4.276290006531679,0.116263879817113,0.201828870019595,0.25,2180,57,0.0261467889908256,3009,967,0.3213692256563642,5721,2794,0.4883761580143331,1494,1022,0.6840696117804551,31.57884005177046,0.4076356887817383,16384.0,627.7485013003461,0
school5_center_radius_100e,13,0.0009588773128419,1.5383962646707312,0.2471547693352807,0.6486910141907729,0.3212752397668052,746.2344155844156,1.0648903517367003,1.6425953557093935,0.2834219368329893,0.6568674755593141,0.3511529749569793,856.1614583333334,0.4823103845119476,0.1210719272494316,0.1962931370362639,0.7725916827513599,0.3549661399548532,0.486438711815721,0.5276930928230286,0.206298828125,0.3213868613138686,4403,1296,8001,0.739669680595398,3.7224036577400392,0.1443500979751796,0.2259960809928151,0.25,2180,45,0.0206422018348623,3009,780,0.259222333000997,5721,2630,0.4597098409368991,1494,948,0.6345381526104418,31.138406894047456,0.4248404502868652,32768.0,629.8256358997896,0
school5_center_radius_100e,14,0.000952413526233,1.5266447676466657,0.2429405446660209,0.6479694755046399,0.3178673744975746,746.1590909090909,1.0522068803960627,1.633052426079909,0.2783903801658501,0.6579255328203241,0.3483682557319601,856.1614583333334,0.4893023073673248,0.1177740395069122,0.1970822892297292,0.7483046838038164,0.3825378910029023,0.5062683382235263,0.5372970700263977,0.2071533203125,0.3389285714285714,4745,1596,7659,0.7343167662620544,4.141737426518615,0.0914435009797517,0.1815806662312214,0.25,2180,67,0.0307339449541284,3009,935,0.3107344632768362,5721,2635,0.4605838140185282,1494,1108,0.7416331994645248,31.45209850181515,0.4075937271118164,32768.0,634.9674414000474,0
school5_center_radius_100e,15,0.0009455032620941,1.5173227011383357,0.2408101205992234,0.6472622387982034,0.3146251710688139,746.1857142857143,1.0337635995118648,1.6147231590002775,0.2749013768819471,0.6560479011386633,0.3418869401793927,856.1614583333334,0.4874564409255981,0.1468296647071838,0.2077269046101719,0.7634648370497427,0.3588358594001934,0.4882088406273994,0.5353965759277344,0.2022705078125,0.3229340491910324,4451,1379,7953,0.7525350451469421,3.807968647942521,0.0894839973873285,0.1757021554539516,0.25,2180,46,0.0211009174311926,3009,746,0.2479228979727484,5721,2580,0.4509701101206083,1494,1079,0.7222222222222222,31.02644493685995,0.4248404502868652,32768.0,629.3963324003853,0
school5_center_radius_100e,16,0.0009381533400219,1.5046792469241403,0.2367330313502968,0.6464896642929547,0.3107282755243313,746.2253246753247,inf,1.6253212528924148,0.2771847197630753,0.6568144587799907,0.3456610371358692,856.1614583333334,0.5051726698875427,0.138516679406166,0.2089894376927986,0.7934224049331963,0.3734279264753305,0.5078390527354456,0.5464977622032166,0.199462890625,0.3403379867744305,4632,1206,7772,0.7422035336494446,3.81319399085565,0.1195297191378184,0.1887655127367733,0.25,2180,51,0.023394495412844,3009,918,0.3050847457627119,5721,2601,0.4546407970634504,1494,1062,0.7108433734939759,31.695506009838223,0.4074063301086426,32768.0,637.4289053999819,2
school5_center_radius_100e,17,0.0009303710135019,1.498785411460059,0.2359818705539037,0.6459917315027931,0.3084059031075471,746.1142857142858,1.026536604510499,1.6100483778864143,0.2694215807132423,0.6560212535162767,0.3423027716732273,856.1614583333334,0.4969675838947296,0.1314103454351425,0.2074463380566157,0.7739115817784502,0.3711705901322154,0.5017163406527543,0.5449888110160828,0.198974609375,0.3348607171430649,4604,1345,7800,0.744662344455719,3.88569562377531,0.0979751796211626,0.171129980404964,0.25,2180,46,0.0211009174311926,3009,848,0.2818212030574942,5721,2585,0.4518440832022373,1494,1125,0.7530120481927711,31.452263289463502,0.4248404502868652,32768.0,630.5294282999821,0
school5_center_radius_100e,18,0.000922163962751,1.4880264250489024,0.2320430396003769,0.6454976575715201,0.3052428635974209,746.2318181818182,1.0057673795656723,1.607594867547353,0.2732809773491074,0.6559207073102394,0.3391965934230636,856.1614583333334,0.5040905475616455,0.1382323801517486,0.2113638167327735,0.8340678713089467,0.305143502096098,0.446818557431236,0.5495560765266418,0.1754150390625,0.2876795622102303,3785,753,8619,0.7560954093933105,2.96407576747224,0.1541476159372959,0.2286087524493795,0.25,2180,20,0.0091743119266055,3009,626,0.2080425390495181,5721,2122,0.370914175843384,1494,1017,0.6807228915662651,31.49376924518997,0.4248404502868652,32768.0,629.6658651996404,0
school5_center_radius_100e,19,0.0009135402871372,1.4801834835634604,0.2304602590909639,0.6449719059389907,0.3023756594336652,746.2597402597403,1.0142213718457656,1.61820862069726,0.2743101307811836,0.6554911369457841,0.3442036749329418,856.1614583333334,0.4732543528079986,0.1350210011005401,0.1997878629626939,0.7835820895522388,0.3047404063205418,0.4388205247271883,0.5288580060005188,0.1712646484375,0.2810826888756692,3780,1044,8624,0.7607722878456116,3.15088177661659,0.1273677335075114,0.2129327237099934,0.25,2180,15,0.0068807339449541,3009,570,0.1894317048853439,5721,2078,0.3632232127250481,1494,1117,0.7476572958500669,31.53802433619202,0.4069619178771972,65536.0,614.7737166997977,0
school5_center_radius_100e,20,0.0009045084971874,1.4710534497514949,0.228057916041512,0.6442850448868491,0.2993552444526901,746.3058441558442,0.9971134195854138,1.6091151293367147,0.2717573761474341,0.655676009443899,0.3408408714458346,856.1614583333334,0.489545464515686,0.1358228921890258,0.2060611393913859,0.7814432989690722,0.3361012576588197,0.4700377698855629,0.5357765555381775,0.1817626953125,0.3072218128224023,4169,1166,8235,0.7500042915344238,3.4846505551926845,0.1123448726322664,0.1822338340953625,0.25,2180,36,0.0165137614678899,3009,685,0.227650382186773,5721,2321,0.4056983044922216,1494,1127,0.7543507362784472,31.46979229729108,0.4071741104125976,65536.0,628.1788098998368,0
school5_center_radius_100e,21,0.0008950775061878,1.4630795987395495,0.2262444897808811,0.6437831839957795,0.2965259621379437,746.274025974026,inf,1.5998630231867237,0.2741359805998702,0.6544357851768533,0.3356456304124246,856.1614583333334,0.4846777617931366,0.1486850380897522,0.2088594427448697,0.7848513902205178,0.3299742018703644,0.4646120665190986,0.5353472232818604,0.1805419921875,0.3026023953866627,4093,1122,8311,0.7588481307029724,3.4062704114957545,0.1123448726322664,0.1828870019595035,0.25,2180,40,0.018348623853211,3009,578,0.192090395480226,5721,2355,0.4116413214472994,1494,1120,0.749665327978581,31.087297115718567,0.4067196846008301,65536.0,629.7923432998359,2
school5_center_radius_100e,22,0.0008852566213878,1.4553720547007276,0.2234827093247856,0.6433043865801452,0.2942924797051138,746.0928571428572,0.9800869029644248,1.607851325844725,0.2717091847832004,0.6554374524081746,0.3403523431625217,856.1614583333334,0.4934194684028625,0.1423105299472808,0.2097792348125949,0.7976786071642986,0.3213479522734602,0.4581345899660938,0.5413480401039124,0.1773681640625,0.2971300782705926,3986,1011,8418,0.7557202577590942,3.263879817112998,0.1110385369039843,0.1952971913781842,0.25,2180,22,0.010091743119266,3009,648,0.2153539381854436,5721,2235,0.3906659674882013,1494,1081,0.7235609103078983,31.301269665661835,0.4067335128784179,65536.0,634.2399411001243,0
school5_center_radius_100e,23,0.0008750555348152,1.4518941013069897,0.2231617569633118,0.6430750635150191,0.2928286405643085,746.2181818181818,0.9723952905891776,1.602792479718725,0.2755632864621778,0.6552670973663529,0.3359810470913847,856.1614583333334,0.4891724586486816,0.1491898894309997,0.2090070014004595,0.803078220535526,0.3070783618187681,0.444275966641395,0.541532039642334,0.174560546875,0.2855750487329435,3809,934,8595,0.7610503435134888,3.0979751796211628,0.116917047681254,0.2037883736120183,0.25,2180,19,0.0087155963302752,3009,549,0.1824526420737786,5721,2133,0.372836916622968,1494,1108,0.7416331994645248,31.23994712978527,0.4067482948303222,65536.0,630.3594603999518,0
school5_center_radius_100e,24,0.0008644843137107,1.4408214791254563,0.219825139433726,0.642357256079649,0.2893195413440079,746.1798701298701,inf,1.6092133969068527,0.2786002824238191,0.6553645307819048,0.3376242908028264,856.1614583333334,0.5056152939796448,0.1433915048837661,0.2139349182718433,0.8209982788296041,0.3076426959045469,0.4475721323011963,0.5564416646957397,0.1710205078125,0.2883046237533998,3816,832,8588,0.7582165598869324,3.03592423252776,0.1273677335075114,0.201828870019595,0.25,2180,22,0.010091743119266,3009,577,0.1917580591558657,5721,2150,0.3758084251005069,1494,1067,0.714190093708166,34.0864664040455,0.407379150390625,65536.0,576.4647211004049,2
school5_center_radius_100e,25,0.0008535533905932,1.437066357476371,0.2188607619954394,0.6421513392940744,0.2880271282675978,746.1701298701299,0.9617668014068108,1.608138560007016,0.2729756766930222,0.6578366399432222,0.3386631211421142,856.1614583333334,0.5007565021514893,0.1424032151699066,0.2106705998274264,0.8180051813471503,0.3054659787165431,0.444822728339986,0.5459059476852417,0.1663818359375,0.2860270249867894,3789,843,8615,0.7567018866539001,3.025473546701502,0.1293272370999346,0.1907250163291966,0.25,2180,30,0.0137614678899082,3009,579,0.1924227318045862,5721,2098,0.3667191050515644,1494,1082,0.7242302543507363,35.81973922340644,0.4078350067138672,65536.0,555.9114409000613,0
school5_center_radius_100e,26,0.0008422735529643,1.43221971988678,0.2179145877866388,0.641757955295699,0.2862735888690917,745.9974025974026,0.9772910315495033,1.6164918181796868,0.2773190626564125,0.6563947030032674,0.3413890278122077,856.1614583333334,0.472161054611206,0.1274257004261016,0.1962458073016023,0.7655244029075805,0.2971622057400838,0.4281317149660259,0.5316797494888306,0.16796875,0.2723712406709525,3686,1129,8718,0.7553045749664307,3.1450032658393208,0.0986283474853037,0.1887655127367733,0.25,2180,12,0.0055045871559633,3009,464,0.1542040545031572,5721,2069,0.3616500611781157,1494,1141,0.7637215528781793,35.53438886419708,0.4077944755554199,65536.0,556.9623246002011,0
school5_center_radius_100e,27,0.0008306559326618,1.4255984176288952,0.2160675970668142,0.6413661045300496,0.2840823579918254,746.0902597402597,inf,1.6073432235668104,0.281659023448204,0.6551493055497607,0.3352674478664994,856.1614583333334,0.4387548565864563,0.1384275704622268,0.1896120767924003,0.7418599702064269,0.2810383747178329,0.4076477810910366,0.4916181266307831,0.171875,0.2560035250055078,3486,1213,8918,0.7642164826393127,3.069235793598955,0.0986283474853037,0.1815806662312214,0.25,2180,3,0.0013761467889908,3009,232,0.0771020272515786,5721,2099,0.3668938996678902,1494,1152,0.7710843373493976,35.389262088867525,0.4065189361572265,65536.0,559.7457939996384,2
school5_center_radius_100e,28,0.0008187119948743,1.4207938922690106,0.2147339022633704,0.6410476985689881,0.2825061455078713,746.1824675324675,0.9541502008383924,1.6056238456318777,0.279049191934367,0.6548649715259671,0.3358548384470244,856.1614583333334,0.4522279500961303,0.1438374817371368,0.1965389709570445,0.7016491754122939,0.3395678813286036,0.4576519802249144,0.5049404501914978,0.177734375,0.2967241986615005,4212,1791,8192,0.7564769387245178,3.920966688438929,0.0607446113651208,0.1391247550620509,0.25,2180,5,0.0022935779816513,3009,403,0.1339315387171817,5721,2601,0.4546407970634504,1494,1203,0.8052208835341366,35.72325712696489,0.4248404502868652,65536.0,551.5395939997397,0
school5_center_radius_100e,29,0.0008064535268264,1.4141754595490246,0.2128411954728427,0.6406347421469627,0.2803497603574356,746.262987012987,inf,1.6318661626428366,0.2860820782370865,0.6586185364673535,0.3435827720289429,856.1614583333334,0.4631659686565399,0.1342266350984573,0.1955205918100546,0.7854696673189824,0.258868107062238,0.3894009216589862,0.5146284699440002,0.1494140625,0.2417739628040057,3211,877,9193,0.7591150999069214,2.6701502286087524,0.1332462442847811,0.2070542129327237,0.25,2180,5,0.0022935779816513,3009,288,0.0957128614157527,5721,1785,0.3120083901415836,1494,1133,0.7583668005354752,35.84738954366072,0.4069428443908691,65536.0,557.5812917002477,2
school5_center_radius_100e,30,0.0007938926261462,1.4100132798993743,0.211408750891879,0.6402804981191437,0.2791620147595932,746.2383116883117,0.9603414179442764,1.6033224364121754,0.2754485981228451,0.6552556070188681,0.3363091174978763,856.1614583333334,0.4892882108688354,0.1476805210113525,0.2110477465728763,0.7229938271604939,0.377700741696227,0.4961872484643084,0.5385398864746094,0.1966552734375,0.329952813578421,4685,1795,7719,0.754734218120575,4.232527759634226,0.062050947093403,0.1410842586544742,0.25,2180,32,0.0146788990825688,3009,679,0.2256563642406115,5721,2767,0.4836567033735361,1494,1207,0.8078982597054887,35.83613870263453,0.4069504737854004,65536.0,557.4237175001763,0
school5_center_radius_100e,31,0.000781041688926,1.4060708255736858,0.2111126912201379,0.6401194537227805,0.2774193405621237,745.8967532467533,0.9581916130595391,1.6254996036489804,0.2809281996451318,0.6572782685980201,0.3436465670044223,856.1614583333334,0.4573365747928619,0.130740612745285,0.1927089617995079,0.7701727531161163,0.2839406643018381,0.4149142958119808,0.5089139938354492,0.1654052734375,0.2617614269788182,3522,1051,8882,0.7581135630607605,2.986936642717178,0.0927498367080339,0.186152841280209,0.25,2180,5,0.0022935779816513,3009,350,0.1163177135260884,5721,2024,0.3537843034434539,1494,1143,0.7650602409638554,35.80007575591039,0.4248404502868652,65536.0,559.1167576001026,0
school5_center_radius_100e,32,0.0007679133974894,1.400670793459013,0.2094352614715114,0.6397065942937677,0.2757644689702368,746.2435064935065,inf,1.6246420871466398,0.2839816170744598,0.65888018005838,0.3408901463262737,856.1614583333334,0.465971440076828,0.1348239481449127,0.1968181625343277,0.7822655524605385,0.2716865527249274,0.403303015797032,0.5169892311096191,0.16259765625,0.2525858192175086,3370,938,9034,0.7584635019302368,2.813847158719791,0.1182233834095362,0.2024820378837361,0.25,2180,9,0.0041284403669724,3009,332,0.1103356596876038,5721,1909,0.333682922565985,1494,1120,0.749665327978581,35.94884481017795,0.4248404502868652,65536.0,560.2766538998112,2
school5_center_radius_100e,33,0.0007545207078751,1.393892684307965,0.2075081832223124,0.6393127382962734,0.273535881307605,746.2584415584415,0.9439112819247432,1.6216133298973243,0.2812726592334608,0.6596680677806338,0.3403363028385986,856.1614583333334,0.4663185775279999,0.1371236443519592,0.1958830201096134,0.7602613845211353,0.3001451144792003,0.430379746835443,0.5167481303215027,0.1693115234375,0.2741935483870967,3723,1174,8681,0.7543829083442688,3.1985630306988897,0.0803396472893533,0.1561071195297191,0.25,2180,13,0.0059633027522935,3009,391,0.1299435028248587,5721,2152,0.3761580143331585,1494,1167,0.7811244979919679,35.74409670077413,0.4067168235778808,65536.0,566.4770142999478,0
school5_center_radius_100e,34,0.0007408768370508,1.3894595372986485,0.206043626764765,0.6389786055335751,0.2722186516728494,746.2993506493507,0.9519639401466816,1.6238599450637896,0.2863614608068019,0.6580131944889823,0.3397426467854529,856.1614583333334,0.4454542398452759,0.1259175837039947,0.1869297400320647,0.7511715089034676,0.2584650112866817,0.3845969289827254,0.4951734840869903,0.157470703125,0.2380810931234219,3206,1062,9198,0.759585440158844,2.7877204441541474,0.1032005225342913,0.1848465055519268,0.25,2180,2,0.0009174311926605,3009,210,0.069790628115653,5721,1857,0.3245936025170425,1494,1137,0.7610441767068273,35.80577813472909,0.4248404502868652,65536.0,559.1560253999196,0
school5_center_radius_100e,35,0.0007269952498697,1.3859973046686742,0.205445394814982,0.6387776292376705,0.2708871406394166,746.2136363636364,inf,1.6153288688510656,0.2786380676552653,0.6571700026591619,0.3397603988802681,856.1614583333334,0.4899331629276275,0.1350350379943847,0.2038689859793521,0.7415843242337967,0.3569816188326346,0.4819591836734693,0.5378158688545227,0.181884765625,0.3174876317487631,4428,1543,7976,0.7485235333442688,3.900065316786414,0.0594382756368386,0.1338994121489223,0.25,2180,28,0.0128440366972477,3009,623,0.2070455300764373,5721,2613,0.4567383324593602,1494,1164,0.7791164658634538,36.2465006551374,0.4069476127624511,65536.0,556.3899548999034,2
school5_center_radius_100e,36,0.0007128896457825,1.3809041822885535,0.203867250753494,0.6384804297577251,0.2692782514281087,746.2285714285714,0.9467205115146452,1.613064526269833,0.2809797782295694,0.6561408943186203,0.337971927675729,856.1614583333334,0.4784105122089386,0.1447761952877044,0.2061672603565966,0.7401724137931035,0.3460980328926152,0.4716545814106789,0.5239393711090088,0.190185546875,0.3086047013155057,4293,1507,8111,0.7552486062049866,3.788373612018289,0.0672762900065316,0.1482691051600261,0.25,2180,19,0.0087155963302752,3009,585,0.1944167497507477,5721,2524,0.4411816116063625,1494,1165,0.7797858099062919,34.202880493998336,0.407844066619873,65536.0,592.5468512997031,0
school5_center_radius_100e,37,0.0006985739453173,1.3775422446913534,0.2028357190019511,0.6382521784150755,0.2682271741233862,746.3194805194805,inf,1.6107574570924044,0.2766719133748362,0.6574330109482011,0.3383262666563193,856.1614583333334,0.502658486366272,0.147969052195549,0.2143959100227221,0.7492850333651097,0.3801999355046759,0.5044389774307413,0.5482098460197449,0.2015380859375,0.3372908024603061,4716,1578,7688,0.7522263526916504,4.111038536903984,0.0646636185499673,0.1443500979751796,0.25,2180,31,0.0142201834862385,3009,751,0.2495845795945497,5721,2747,0.4801608110470197,1494,1187,0.7945113788487282,33.91946165829534,0.4069423675537109,65536.0,595.5176484999247,2
school5_center_radius_100e,38,0.0006840622763423,1.3712547028219546,0.2012857896457245,0.6378166611318464,0.2660761261431428,746.2590909090909,0.9536738397819656,1.6126314128438632,0.2796436483040452,0.656855740894874,0.3380660104254882,856.1614583333334,0.4775354266166687,0.1449030339717865,0.2057669676141813,0.7453393665158371,0.3319896807481458,0.4593675051592392,0.5219323635101318,0.18115234375,0.2981681268554051,4118,1407,8286,0.7585529088973999,3.6087524493794905,0.0803396472893533,0.1580666231221424,0.25,2180,19,0.0087155963302752,3009,463,0.1538717181787969,5721,2489,0.4350638000349589,1494,1147,0.7677376171352075,33.89082605346572,0.4065084457397461,65536.0,597.5729958000593,0
school5_center_radius_100e,39,0.0006693689601226,1.3685196364080752,0.2005451800083959,0.6376310547450921,0.2651717002515669,746.1201298701299,0.9452940508142694,1.6223522052168846,0.286338083523636,0.6568430286521713,0.3395855475682765,856.1614583333334,0.479014128446579,0.1446462124586105,0.2043944673292571,0.7772010381313635,0.3138503708481135,0.4471371963475564,0.5287117958068848,0.17724609375,0.2879437869822485,3893,1116,8511,0.7594562768936157,3.271717831482691,0.0920966688438928,0.1639451338994121,0.25,2180,20,0.0091743119266055,3009,480,0.1595214356929212,5721,2236,0.3908407621045272,1494,1157,0.7744310575635877,33.49141632462669,0.4248404502868652,65536.0,608.1329983999021,0
school5_center_radius_100e,40,0.0006545084971874,1.3648246694694866,0.1994472316623508,0.6374295040384516,0.2639739668988562,746.0922077922078,inf,1.6215497745821874,0.2852483953659733,0.6583949094638228,0.3389532334016015,856.1614583333334,0.4650808572769165,0.1375977993011474,0.1978030288330046,0.7442690717775272,0.3193324733956788,0.4469141374252511,0.5142554044723511,0.175048828125,0.2877588085724664,3961,1361,8443,0.7567445039749146,3.4761593729588505,0.0640104506858262,0.1456564337034618,0.25,2180,17,0.0077981651376146,3009,379,0.1259554669325357,5721,2369,0.4140884460758608,1494,1196,0.8005354752342704,33.400681480420154,0.407449722290039,65536.0,600.9228679998778,2
school5_center_radius_100e,41,0.0006394955530196,1.359806827833126,0.1979608650863557,0.6372204046357762,0.2623127797691079,746.0201298701298,0.9506983947637794,1.6252161835630734,0.2840870479121804,0.656956585124135,0.3420862744096666,856.1614583333334,0.4606609046459198,0.1331952959299087,0.1941526411334052,0.7315436241610739,0.3075620767494356,0.4330552244735796,0.5112006664276123,0.1690673828125,0.276369168356998,3815,1400,8589,0.7569737434387207,3.4062704114957545,0.0790333115610712,0.1659046374918354,0.25,2180,13,0.0059633027522935,3009,354,0.1176470588235294,5721,2262,0.3953854221289984,1494,1186,0.7938420348058902,32.967768988142744,0.4069485664367676,65536.0,602.4929152000695,0
school5_center_radius_100e,42,0.0006243449435824,1.3574603734078343,0.1969694710590622,0.6369667002907047,0.2617621008742165,746.2512987012987,inf,1.6278589920451243,0.2877813512459397,0.6569507267946998,0.3415634608051429,856.1614583333334,0.467637836933136,0.1470013409852981,0.200772141291236,0.7466482649842271,0.3053047404063205,0.4333943694209201,0.5183367729187012,0.1650390625,0.2766454817736869,3787,1285,8617,0.7599741816520691,3.3128674069235795,0.0711952971913781,0.1521881123448726,0.25,2180,19,0.0087155963302752,3009,394,0.1309405117979395,5721,2204,0.385247334382101,1494,1170,0.7831325301204819,33.19868471833926,0.4078407287597656,65536.0,619.2055057999678,2
school5_center_radius_100e,43,0.0006090716206982,1.352096637270667,0.1958224658938971,0.6366515105807936,0.2598113306931087,746.1441558441559,0.9544286446524904,1.6286794176946084,0.286024482610325,0.657970443678399,0.3423422431418051,856.1614583333334,0.4638490080833435,0.1360926628112793,0.1947101145749911,0.7212110605530276,0.3322315382134795,0.4549067225963131,0.5144413113594055,0.1778564453125,0.2944202329070515,4121,1593,8283,0.7532762885093689,3.7322011757021554,0.0613977792292619,0.1423905943827563,0.25,2180,18,0.0082568807339449,3009,474,0.1575274177467597,5721,2439,0.426324069218668,1494,1190,0.7965194109772423,32.91198712248058,0.4069700241088867,65536.0,617.7075835000724,0
school5_center_radius_100e,44,0.0005936906572928,1.3505326742475685,0.1959549366169935,0.6365373806132899,0.259020178213522,746.1090909090909,0.9599488377184064,1.63435263124605,0.2895589196899285,0.659602806592981,0.3425954525979857,856.1614583333334,0.4613756537437439,0.1318802833557129,0.1946472551731858,0.7728758169934641,0.2669300225733634,0.3968120805369128,0.5129508376121521,0.15283203125,0.2475143903715332,3311,973,9093,0.7609182000160217,2.798171129980405,0.1032005225342913,0.1822338340953625,0.25,2180,10,0.0045871559633027,3009,304,0.1010302426055167,5721,1869,0.3266911379129523,1494,1128,0.7550200803212851,32.950817106291694,0.4076337814331054,65536.0,607.0393799999729,0
school5_center_radius_100e,45,0.0005782172325201,1.3459588708815635,0.193488786359886,0.6362162309807616,0.2581269263350344,746.2201298701299,inf,1.6277654667695365,0.2863263828524698,0.6573991520951191,0.342019964242354,856.1614583333334,0.474281907081604,0.1434600204229354,0.2021629721435602,0.75687185443283,0.3152208964850048,0.4450768355150825,0.5251643061637878,0.16845703125,0.2862371888726208,3910,1256,8494,0.757885217666626,3.374265186152841,0.0881776616590463,0.1645983017635532,0.25,2180,11,0.005045871559633,3009,435,0.1445663010967098,5721,2288,0.3999300821534696,1494,1176,0.7871485943775101,32.89283942350096,0.4248404502868652,65536.0,612.0219982997514,2
school5_center_radius_100e,46,0.0005626666167821,1.3422440743291533,0.19338271224073,0.6359930722744433,0.2564341447279825,746.2649350649351,0.9565216640373329,1.645184905578693,0.2938596446377535,0.6592269605025649,0.3460491485117624,856.1614583333334,0.4483181536197662,0.1287162005901336,0.1888028229703195,0.7300095877277085,0.3069171235085456,0.4321471139111186,0.5065457224845886,0.168212890625,0.275629887054735,3807,1408,8597,0.7570088505744934,3.4062704114957545,0.0711952971913781,0.1587197909862834,0.25,2180,19,0.0087155963302752,3009,394,0.1309405117979395,5721,2213,0.3868204859290334,1494,1181,0.7904953145917001,33.431406797075844,0.4248404502868652,65536.0,617.0777383996174,0
school5_center_radius_100e,47,0.0005470541566592,1.3386251616400555,0.1919636445240927,0.6358409564216415,0.2554102808430597,746.1909090909091,0.9664691764812964,1.6405464640508096,0.2903383534091214,0.6593724700311819,0.3454178193739305,856.1614583333334,0.4544786214828491,0.127859279513359,0.1896353544201701,0.7451369591107583,0.3026443082876491,0.4304552230248825,0.5057713985443115,0.166259765625,0.2742548217416715,3754,1284,8650,0.7531599402427673,3.2906596995427826,0.0816459830176355,0.1606792945787067,0.25,2180,13,0.0059633027522935,3009,434,0.1442339647723496,5721,2161,0.3777311658800908,1494,1146,0.7670682730923695,33.6503581033572,0.4078388214111328,65536.0,607.8137358999811,0
school5_center_radius_100e,48,0.0005313952597646,1.3344683551943148,0.1911074815922743,0.6355762429825671,0.2538923154113354,746.0961038961038,inf,1.626373805726568,0.2886877785592029,0.656293213677903,0.3406964052313317,856.1614583333334,0.4688179194927215,0.1424803435802459,0.2004203922464512,0.7057733868477926,0.3685907771686553,0.4842707340324119,0.5208186507225037,0.1978759765625,0.3194968553459119,4572,1906,7832,0.750494122505188,4.231221423905944,0.0502939255388634,0.131939908556499,0.25,2180,37,0.0169724770642201,3009,663,0.2203389830508474,5721,2673,0.4672260094389093,1494,1199,0.8025435073627845,33.1750161987659,0.407844066619873,65536.0,609.5856173997745,2
school5_center_radius_100e,49,0.000515705379539,1.3314044944651715,0.1897783732259428,0.6353579298629389,0.2531340950204954,746.1629870129871,0.9655106123778728,1.6309386653204758,0.2909205787970374,0.6573196159054836,0.341349234804511,856.1614583333334,0.4632364809513092,0.1416922658681869,0.2006139470264315,0.7246956205705979,0.3215091905836826,0.4454124085553135,0.5165941119194031,0.1700439453125,0.2865148358359077,3988,1515,8416,0.7585310339927673,3.5943827563683866,0.0744611365120836,0.1613324624428478,0.25,2180,22,0.010091743119266,3009,452,0.1502160186108341,5721,2333,0.4077958398881314,1494,1181,0.7904953145917001,33.81244969946918,0.4078359603881836,65536.0,610.2473214999773,0
school5_center_radius_100e,50,0.0005,1.3272869145715391,0.1886734293410917,0.6351644283765322,0.2517245282406931,746.0506493506493,inf,1.6435074092199404,0.2945347228087485,0.6584914696092407,0.3452406097203493,856.1614583333334,0.4582025408744812,0.138230487704277,0.1949947830289602,0.7387473664049032,0.3109480812641083,0.4376737588652483,0.5076030492782593,0.1810302734375,0.2801423590935503,3857,1364,8547,0.7576209306716919,3.4101894186806008,0.0796864794252122,0.1672109732201175,0.25,2180,15,0.0068807339449541,3009,467,0.1552010634762379,5721,2221,0.3882188428596399,1494,1154,0.7724230254350736,33.24273347636551,0.4069752693176269,65536.0,607.2407913999632,2
school5_center_radius_100e,51,0.0004842946204609,1.3253234634925792,0.1881692205785544,0.6349797762833632,0.2510872334435388,746.25,0.9769344231718546,1.6434737431506317,0.2930554298994441,0.657482827703158,0.3464677445590496,856.1614583333334,0.4551418721675873,0.1307382583618164,0.1904199825716205,0.7181055574973786,0.3312641083521445,0.4533818823789032,0.5054602026939392,0.175048828125,0.2931440393807519,4109,1613,8295,0.749352216720581,3.737426518615284,0.0607446113651208,0.1561071195297191,0.25,2180,23,0.0105504587155963,3009,533,0.1771352608840146,5721,2377,0.4154868030064674,1494,1176,0.7871485943775101,32.447523354128215,0.4074029922485351,65536.0,620.6217725002207,0
school5_center_radius_100e,52,0.0004686047402353,1.3210397720336915,0.1870741667540429,0.6347157627731175,0.2496249211105433,746.148051948052,0.9744326154907028,1.6507370062172413,0.2915416227964063,0.6597909778356552,0.3497022070611517,856.1614583333334,0.457463264465332,0.1327608376741409,0.1909804611001163,0.7348385892890464,0.31747823282812,0.4433935709058155,0.5096459984779358,0.177001953125,0.2848462929475587,3938,1421,8466,0.7513492107391357,3.5003265839320705,0.0653167864141084,0.1443500979751796,0.25,2180,21,0.0096330275229357,3009,450,0.1495513459621136,5721,2301,0.4022024121657053,1494,1166,0.7804551539491299,33.068580415496285,0.4078478813171386,65536.0,608.5171333001927,0
school5_center_radius_100e,53,0.0004529458433407,1.3189773759284578,0.1863520902424276,0.6346431968661098,0.2489910445526822,746.1733766233766,inf,1.6394080109894276,0.2910117720408986,0.6587832827741901,0.3448064757976681,856.1614583333334,0.4664711654186249,0.1410650461912155,0.1996958401694428,0.7288015577978403,0.3319090615930345,0.456101478978563,0.5194737911224365,0.1727294921875,0.2954219288174512,4117,1532,8287,0.7558382749557495,3.689745264532985,0.0561724363161332,0.147615937295885,0.25,2180,20,0.0091743119266055,3009,534,0.1774675972083748,5721,2373,0.4147876245411641,1494,1190,0.7965194109772423,33.19581503135778,0.4065084457397461,65536.0,610.3843589001335,2
school5_center_radius_100e,54,0.0004373333832178,1.3149253938879286,0.1851812223625647,0.6343912952906126,0.2476764385286089,746.1694805194805,0.9787926851929007,1.6552227524419625,0.2960965151432901,0.6596018659571806,0.3497621832260241,856.1614583333334,0.4447661638259887,0.1220467761158943,0.1830114855634747,0.7192588433464346,0.3098194130925508,0.4330872823575816,0.5025287866592407,0.180419921875,0.2763952819332566,3843,1500,8561,0.7506629824638367,3.4898758981058133,0.0705421293272371,0.1587197909862834,0.25,2180,12,0.0055045871559633,3009,409,0.1359255566633433,5721,2242,0.3918895298024821,1494,1180,0.7898259705488622,32.76227541326418,0.4078855514526367,65536.0,624.2536864001304,0
school5_center_radius_100e,55,0.0004217827674798,1.314016975288267,0.185191341194433,0.6343214922524117,0.247252070903778,746.0863636363637,0.9890999631254704,1.657163843512535,0.2982943844981491,0.6595713862528404,0.3496490351390093,856.1614583333334,0.4484135210514068,0.1290754079818725,0.187104794656625,0.7201638428598026,0.3118348919703321,0.4352180028129395,0.5047622919082642,0.1722412109375,0.2781333141583375,3868,1503,8536,0.7543631196022034,3.5081645983017635,0.0640104506858262,0.1515349444807315,0.25,2180,9,0.0041284403669724,3009,412,0.136922565636424,5721,2268,0.3964341898269533,1494,1179,0.7891566265060241,32.99436515257405,0.4078860282897949,65536.0,614.7191445999779,0
school5_center_radius_100e,56,0.0004063093427071,1.308122939529357,0.1831829857564978,0.633898120692798,0.245520916474717,746.2233766233767,inf,1.6483634896576405,0.3005602159537375,0.6579083281879624,0.3449474737669031,856.1614583333334,0.4465597569942474,0.1359263956546783,0.1891884945624042,0.717254528122021,0.3032892615285392,0.4263131055583886,0.5033748149871826,0.168701171875,0.2709008425145819,3762,1483,8642,0.7585825324058533,3.4258654474199868,0.0640104506858262,0.1619856303069889,0.25,2180,15,0.0068807339449541,3009,415,0.1379195746095048,5721,2163,0.3780807551127425,1494,1169,0.7824631860776439,33.13304238910092,0.4073734283447265,65536.0,613.9751134999096,2
school5_center_radius_100e,57,0.0003909283793017,1.3057043666189367,0.1822050665831798,0.6338463223599768,0.2448264885161604,746.2714285714286,0.9932181930774218,1.6482534526536865,0.2959922120595972,0.6578124311442176,0.3472244079845647,856.1614583333334,0.4480853378772735,0.1333427876234054,0.1896880714892176,0.6967741935483871,0.3395678813286036,0.4566101143693425,0.5063037872314453,0.1849365234375,0.2958488445599494,4212,1833,8192,0.751562237739563,3.948399738732854,0.0529065969954278,0.1378184193337688,0.25,2180,18,0.0082568807339449,3009,530,0.1761382519109338,5721,2472,0.43209229155742,1494,1192,0.7978580990629184,33.0414475666977,0.4248404502868652,65536.0,615.0605917000212,0
school5_center_radius_100e,58,0.0003756550564175,1.3048455285561549,0.1824597907869459,0.6337580533383729,0.2443138429967614,746.2532467532468,0.992975227670236,1.6608822947988908,0.2989145573228597,0.658761036892732,0.3516033536288887,856.1614583333334,0.4605083167552948,0.1283264607191085,0.189148442185251,0.7371460506706409,0.3190099967752338,0.4453072248480756,0.5197424292564392,0.1822509765625,0.2864277958740499,3957,1411,8447,0.7476059794425964,3.5062050947093404,0.077726975832789,0.1659046374918354,0.25,2180,25,0.0114678899082568,3009,547,0.1817879694250581,5721,2238,0.3911903513371788,1494,1147,0.7677376171352075,32.97146937865782,0.4065093994140625,65536.0,629.9967670002952,0
school5_center_radius_100e,59,0.0003605044469803,1.3015628525188991,0.1812498331311848,0.6336465759710832,0.2433332209753525,746.187012987013,inf,1.6505017522722485,0.2962339852626125,0.6584547640134891,0.3479065011100222,856.1614583333334,0.4683148562908172,0.1395244896411895,0.1971238751924829,0.7508519500189322,0.3197355691712351,0.4484903313355196,0.5244206190109253,0.1685791015625,0.289067055393586,3966,1316,8438,0.7534801959991455,3.4500326583932077,0.0790333115610712,0.1613324624428478,0.25,2180,20,0.0091743119266055,3009,499,0.165835825855766,5721,2290,0.4002796713861213,1494,1157,0.7744310575635877,32.89625974910481,0.407416820526123,65536.0,616.2959121000022,2
school5_center_radius_100e,60,0.0003454915028125,1.2979029970122622,0.18013628625444,0.6333540354843263,0.2422063377576989,746.2811688311689,1.000759885508519,1.661611517270406,0.3008981029658268,0.6596488049253821,0.3505323053492854,856.1614583333334,0.454210877418518,0.1256423443555832,0.1869376394199207,0.7410320352963744,0.3114317961947759,0.4385536697508089,0.5091145038604736,0.1727294921875,0.2808637487276428,3863,1350,8541,0.7494581341743469,3.4049640757674724,0.0836054866100587,0.1678641410842586,0.25,2180,28,0.0128440366972477,3009,511,0.169823861748089,5721,2176,0.3803530851249782,1494,1148,0.7684069611780455,33.424234375183744,0.4074006080627441,65536.0,616.4475964996964,0
school5_center_radius_100e,61,0.0003306310398773,1.2941824054176156,0.1787533282072513,0.6332935450138983,0.2410677659143875,746.1896103896104,,1.655376939723889,0.2984248595312238,0.6600742532561222,0.3484389137787123,856.1614583333334,0.4502765238285064,0.1302552670240402,0.1887836962763685,0.732983311456966,0.3151402773298936,0.4407735242712973,0.5048693418502808,0.1829833984375,0.2826873011281458,3909,1424,8495,0.7524130940437317,3.4833442194644024,0.0764206401045068,0.1587197909862834,0.25,2180,17,0.0077981651376146,3009,468,0.1555333998005982,5721,2249,0.3931130921167628,1494,1175,0.786479250334672,32.45352914119663,0.4074044227600097,65536.0,621.1955150002614,1
school5_center_radius_100e,62,0.0003159377236576,1.2920061053393723,0.1780024249179216,0.6329601627278637,0.2405217587464041,746.3181818181819,1.014835556915828,1.6600107612709205,0.2990889204666018,0.6603052966917554,0.350308272599553,856.1614583333334,0.4556127786636352,0.1316945254802703,0.1910950480072642,0.7221448467966574,0.3344082554014834,0.4571302622878554,0.509737491607666,0.18408203125,0.2962857142857142,4148,1596,8256,0.750373899936676,3.751796211626388,0.0646636185499673,0.1482691051600261,0.25,2180,16,0.0073394495412844,3009,526,0.1748089066134928,5721,2436,0.4257996853696906,1494,1170,0.7831325301204819,32.6731044834008,0.4078445434570312,65536.0,621.8453667000867,0
school5_center_radius_100e,63,0.0003014260546826,1.2909193244073298,0.1779469710762624,0.6330183959626532,0.2399769789890035,746.2298701298702,1.0167028225474544,1.6604250005135934,0.3033205063547939,0.6593594659740726,0.3488725160714239,856.1614583333334,0.4572334289550781,0.1360662877559662,0.1928085080813616,0.7418609131188596,0.3104643663334408,0.437737993748224,0.5125884413719177,0.17333984375,0.2801949941792782,3851,1340,8553,0.7564588785171509,3.3905943827563685,0.0783801436969301,0.1580666231221424,0.25,2180,17,0.0077981651376146,3009,470,0.1561980724493187,5721,2207,0.3857717182310785,1494,1157,0.7744310575635877,33.27787550985189,0.4067568778991699,65536.0,621.009468300268,0
school5_center_radius_100e,64,0.0002871103542174,1.2872545136646791,0.176758968878489,0.6327549136304236,0.2388703152440585,746.2435064935065,inf,1.6637035124003887,0.3027402320876717,0.6603265640636286,0.3503183585125953,856.1614583333334,0.4625943601131439,0.1296799480915069,0.1917071046045748,0.7525222551928783,0.3066752660432119,0.4357637894495675,0.5166136026382446,0.1688232421875,0.2785792749908458,3804,1251,8600,0.7538405060768127,3.301763553233181,0.0842586544741998,0.1724363161332462,0.25,2180,12,0.0055045871559633,3009,462,0.1535393818544367,5721,2198,0.3841985666841461,1494,1132,0.7576974564926372,33.363791986175144,0.4072160720825195,65536.0,618.2433020998724,2
school5_center_radius_100e,65,0.0002730047501302,1.2854244421441834,0.1759247693825851,0.6327399559222259,0.2383798570311688,746.0318181818182,1.0158590663756644,1.662448516736428,0.3030420052818954,0.6604237646485368,0.3494913737910489,856.1614583333334,0.4615162014961242,0.1392034739255905,0.1958380602736724,0.7576993677340403,0.2995001612383102,0.4293060611313342,0.5157694816589355,0.170166015625,0.2733225426721601,3715,1188,8689,0.7588548064231873,3.202482037883736,0.0894839973873285,0.178314826910516,0.25,2180,13,0.0059633027522935,3009,425,0.1412429378531073,5721,2147,0.3752840412515295,1494,1130,0.7563587684069611,33.65683014538164,0.4067115783691406,65536.0,619.6434713001363,0
school5_center_radius_100e,66,0.0002591231629491,1.2818528076658,0.1757718855684454,0.6323569759533003,0.236861973052675,746.0824675324675,1.010823985005354,1.6757410559803247,0.3098153648898005,0.6600857038671771,0.3529199957847595,856.1614583333334,0.4442846775054931,0.1264771521091461,0.1837580207677092,0.7372190173065447,0.2987745888423089,0.4252194366358786,0.4996846914291382,0.1767578125,0.2700182149362477,3706,1321,8698,0.7515296936035156,3.28347485303723,0.0816459830176355,0.1757021554539516,0.25,2180,15,0.0068807339449541,3009,469,0.1558657361249584,5721,2083,0.3640971858066771,1494,1139,0.7623828647925034,32.61869041332303,0.4248404502868652,65536.0,634.0594283998944,0
school5_center_radius_100e,67,0.0002454792921248,1.278926374966448,0.1741101316091689,0.632333569712453,0.236241336824832,746.1194805194805,inf,1.6695917292187612,0.3051041074407597,0.659908422579368,0.3522896013067414,856.1614583333334,0.4491610527038574,0.1281969100236892,0.187617759546265,0.7172929714683368,0.332392776523702,0.4542750110180696,0.5072293281555176,0.17919921875,0.2938912253189821,4123,1625,8281,0.7498340606689453,3.754408883082952,0.069888961463096,0.1600261267145656,0.25,2180,25,0.0114678899082568,3009,588,0.1954137587238285,5721,2354,0.4114665268309736,1494,1156,0.7737617135207496,33.52814226129114,0.4248404502868652,65536.0,616.8299745996483,2
school5_center_radius_100e,68,0.0002320866025105,1.2770188298318292,0.1738654042509469,0.6321751740845767,0.2354891264786968,746.138961038961,1.020439625773337,1.6691475907961528,0.3053907543265571,0.659039416971306,0.3523587092446784,856.1614583333334,0.4520840644836426,0.1341880708932876,0.1904538500239141,0.7028867985728187,0.3494034182521767,0.4667743672590198,0.5038591027259827,0.196533203125,0.3044394492835066,4334,1832,8070,0.7491018176078796,4.027433050293926,0.062704114957544,0.1495754408883083,0.25,2180,26,0.0119266055045871,3009,598,0.198737121967431,5721,2541,0.4441531200839014,1494,1169,0.7824631860776439,33.68727186390286,0.4078540802001953,65536.0,632.6420706999488,0
school5_center_radius_100e,69,0.0002189583110739,1.2753355340911197,0.1734343943077248,0.6319590504293318,0.234971044860877,746.0227272727273,1.0237459558364632,1.6647906675934792,0.30533279494072,0.658938629552722,0.3502596224037309,856.1614583333334,0.4604419767856598,0.1401201337575912,0.1959144132968504,0.7235494880546075,0.3418252176717188,0.4643013578624616,0.5102629065513611,0.189453125,0.3023388476896748,4240,1620,8164,0.752764105796814,3.827563683866754,0.0692357935989549,0.1521881123448726,0.25,2180,25,0.0114678899082568,3009,596,0.1980724493187105,5721,2460,0.4299947561615102,1494,1159,0.7757697456492637,32.87763447536183,0.4073529243469238,65536.0,619.1130980001763,0
school5_center_radius_100e,70,0.0002061073738537,1.2726373591593334,0.1727661247570793,0.6318354089925815,0.2340179119113977,746.3032467532468,inf,1.6711038847764332,0.307038662256673,0.6604642383754253,0.3518004908692091,856.1614583333334,0.456699937582016,0.1350151598453521,0.1917527404555585,0.7277053225237927,0.3328764914543695,0.4567983183980529,0.5114421844482422,0.1849365234375,0.2960068822137787,4129,1545,8275,0.7505207061767578,3.706074461136512,0.0731548007838014,0.1548007838014369,0.25,2180,23,0.0105504587155963,3009,591,0.1964107676969092,5721,2359,0.4123404999126027,1494,1156,0.7737617135207496,33.328313836475495,0.4069423675537109,65536.0,618.4573723999783,2
school5_center_radius_100e,71,0.0001935464731735,1.27163069557834,0.1723173422617958,0.6318961841332448,0.2337085845456881,746.1863636363636,1.0310797124133482,1.6682660623143115,0.3090630484124024,0.6597353856389722,0.3497338137434174,856.1614583333334,0.4544854462146759,0.1372196227312088,0.1919858838547952,0.7248298101039055,0.3261851015801354,0.4499054820415878,0.5071327686309814,0.17724609375,0.2902439024390243,4046,1536,8358,0.7536914944648743,3.645983017635532,0.0679294578706727,0.1574134552580013,0.25,2180,19,0.0087155963302752,3009,536,0.1781322698570953,5721,2332,0.4076210452718056,1494,1159,0.7757697456492637,33.24543108609054,0.4075765609741211,65536.0,618.4160859999247,0
school5_center_radius_100e,72,0.0001812880051256,1.268439990436876,0.1716982821462216,0.6315696398933213,0.2325860343002653,746.1409090909091,inf,1.66720541442434,0.3054828946478665,0.6599982582653562,0.3508621303675075,856.1614583333334,0.4565526843070984,0.1391096264123916,0.1941026875167154,0.7253166753427035,0.3369880683650435,0.4601750426597676,0.5097829103469849,0.1856689453125,0.2988489311503539,4180,1583,8224,0.7530227899551392,3.764206401045069,0.0672762900065316,0.1613324624428478,0.25,2180,23,0.0105504587155963,3009,597,0.1984047856430708,5721,2406,0.4205558468799161,1494,1154,0.7724230254350736,33.70910585988576,0.4069480895996094,65536.0,612.2386928000487,2
school5_center_radius_100e,73,0.0001693440673381,1.265493592619896,0.1702588285428363,0.6314739508288247,0.2318804068128009,746.3032467532468,1.030047145118187,1.6760898089657228,0.3095336853681753,0.6597869961212078,0.3533845610606174,856.1614583333334,0.4508823454380035,0.1315349787473678,0.1878264323851908,0.6839945280437757,0.3627861980006449,0.4741084127903914,0.5057663917541504,0.196533203125,0.3107091072291652,4500,2079,7904,0.7463765740394592,4.297191378184193,0.0587851077726975,0.1450032658393207,0.25,2180,27,0.0123853211009174,3009,681,0.226321036889332,5721,2610,0.4562139486103828,1494,1182,0.7911646586345381,33.291818815306975,0.4071683883666992,65536.0,619.5582809001207,0
school5_center_radius_100e,74,0.0001577264470356,1.2655144777390863,0.1704491794254485,0.631582693542753,0.2317413026539536,746.1168831168832,1.0376063860082008,1.6799046248197556,0.3110251626155029,0.659885307153066,0.3544970762450248,856.1614583333334,0.4620969295501709,0.1336053311824798,0.1937491743738064,0.7480022300687604,0.3244920993227991,0.452628619623278,0.5179141163825989,0.1778564453125,0.2925145348837209,4025,1356,8379,0.7509897947311401,3.5146962769431744,0.0927498367080339,0.1763553233180927,0.25,2180,21,0.0096330275229357,3009,604,0.2007311399135925,5721,2261,0.3952106275126726,1494,1139,0.7623828647925034,32.368527210152,0.4078507423400879,65536.0,635.8139688000083,0
school5_center_radius_100e,75,0.0001464466094067,1.2650152559791292,0.1704268788991423,0.6315501876078643,0.2315190951255235,746.1902597402598,inf,1.678590066730976,0.3108299124675492,0.6610246555258831,0.3533677531716724,856.1614583333334,0.4543624222278595,0.1339255273342132,0.1911068251924007,0.7178184281842819,0.3416639793614963,0.4629670089578327,0.5120298862457275,0.184326171875,0.3012082444918266,4238,1666,8166,0.7510530948638916,3.856303069888961,0.0705421293272371,0.1600261267145656,0.25,2180,23,0.0105504587155963,3009,621,0.2063808574277168,5721,2429,0.4245761230554098,1494,1165,0.7797858099062919,33.63117434680568,0.4078235626220703,65536.0,627.7389016998932,2
school5_center_radius_100e,76,0.0001355156862892,1.2637574646767085,0.1703882589694354,0.6313781682547037,0.230995518404555,746.1753246753246,1.0538060183455418,1.6787552932898204,0.3139668092286835,0.659603159253796,0.3525926608902712,856.1614583333334,0.4483353197574615,0.1328838020563125,0.1879441790049895,0.7495918367346939,0.2961141567236375,0.4245261211280628,0.504213809967041,0.171630859375,0.2694593206661286,3673,1227,8731,0.7555340528488159,3.200522534291313,0.0829523187459177,0.170476812540823,0.25,2180,16,0.0073394495412844,3009,442,0.1468926553672316,5721,2082,0.3639223911903513,1494,1133,0.7583668005354752,33.3506935484954,0.4069685935974121,65536.0,620.2942894999869,0
school5_center_radius_100e,77,0.0001249444651847,1.2607830487288438,0.1689540808560786,0.6311708551335644,0.2303290560648039,746.0642857142857,1.040572647672969,1.6858526946355898,0.3116673870633046,0.6610329470907649,0.3565761808616419,856.1614583333334,0.4506186544895172,0.1289222687482834,0.1873358220997033,0.7129939718687207,0.3432763624637214,0.4634305616020896,0.5040139555931091,0.1895751953125,0.3016007933135005,4258,1714,8146,0.7468150854110718,3.900718484650555,0.0711952971913781,0.1580666231221424,0.25,2180,30,0.0137614678899082,3009,607,0.2017281488866733,5721,2458,0.4296451669288585,1494,1163,0.7784471218206158,33.45266044641958,0.4071245193481445,65536.0,628.4102456001565,0
school5_center_radius_100e,78,0.0001147433786121,1.2609679256553774,0.1690498115519037,0.6312569611645364,0.2303305762348237,746.2064935064935,,1.6775517395387094,0.3117454984846214,0.6595447467019161,0.3531307465552042,856.1614583333334,0.4522238373756408,0.1308663934469223,0.1888785500690573,0.7203849518810149,0.3319090615930345,0.4544400905127214,0.5035327672958374,0.1875,0.2940294243679474,4117,1598,8287,0.7491136193275452,3.732854343566296,0.077726975832789,0.163291966035271,0.25,2180,29,0.0133027522935779,3009,582,0.193419740777667,5721,2347,0.4102429645166929,1494,1159,0.7757697456492637,33.433399917134295,0.4076147079467773,65536.0,625.6534231002443,1
school2_lightweight_100e,1,0.0009997532801828,2.3769741398173494,0.499333072676287,0.7923248824748126,0.5426580926234071,458.9759740259741,4.593221729529368,2.274154902125398,0.6179543011821806,0.6908968621864915,0.4826518694559733,522.859375,0.040516197681427,0.000224323652219,0.0073378706686412,0.102562744890395,0.1561593034504998,0.1238095238095238,0.1239210739731788,0.25048828125,0.065989847715736,1937,16949,10467,0.5978915691375732,12.335728282168516,0.0875244937949052,0.6041802743305029,0.25,2180,2,0.0009174311926605,3009,344,0.1143236955799268,5721,1402,0.2450620520887956,1494,189,0.1265060240963855,34.18083757533626,0.3569507598876953,1024.0,608.5094123000745,0
school2_lightweight_100e,2,0.0009990133642141,1.966936000755855,0.4024441738407333,0.6709847012510547,0.4467535627933292,459.12142857142857,1.6594893522463836,2.075755817815661,0.517065581244727,0.6703450360024968,0.4441725978006919,522.859375,0.1384791731834411,0.0014764496590942,0.0282207614353183,0.2117664169878554,0.2347629796839729,0.2226725291531255,0.2248269766569137,0.267822265625,0.125285032052661,2912,10839,9492,0.6166201829910278,8.981711299804049,0.0979751796211626,0.5127367733507512,0.25,2180,9,0.0041284403669724,3009,707,0.2349617813226985,5721,2052,0.3586785527005768,1494,144,0.0963855421686747,33.23399038566819,0.3589344024658203,1024.0,611.4243850999046,0
school2_lightweight_100e,3,0.0009977809823015,1.857195756961773,0.3695586274970661,0.6640839674256065,0.4117765820645667,459.1077922077922,1.447183609937693,1.9960114154964683,0.5108054826656977,0.6601891505221525,0.4125083885155618,522.859375,0.2457605153322219,0.0133225470781326,0.0714952237289253,0.2648594251210768,0.3394872621734924,0.2975656290852559,0.3018231093883514,0.279541015625,0.174788311472688,4211,11688,8193,0.6592615246772766,10.3847158719791,0.0960156760287393,0.3990855649902025,0.25,2180,50,0.0229357798165137,3009,1233,0.4097706879361914,5721,2605,0.4553399755287537,1494,323,0.21619812583668,36.01779925978185,0.3579573631286621,2048.0,577.4044714998454,0
school2_lightweight_100e,4,0.0009960573506572,1.7884362167352206,0.3484841784776805,0.6600822648831777,0.3899348862759478,459.0396103896104,1.36912005617247,2.0753405472884574,0.6380780537923177,0.6558935552214583,0.3906844615315397,522.859375,0.2814890146255493,0.0226131472736597,0.0879060195471538,0.2144002386367873,0.463560141889713,0.2931953190729929,0.3417618870735168,0.346435546875,0.1717802407910853,5750,21069,6654,0.6689906716346741,17.517308948399737,0.0163291966035271,0.217504898758981,0.25,2180,110,0.0504587155963302,3009,1414,0.4699235626453971,5721,3570,0.6240167802831673,1494,656,0.4390896921017403,35.483543507004114,0.3575787544250488,2048.0,568.9483753000386,0
school2_lightweight_100e,5,0.0009938441702975,1.7358591115319884,0.3327014415101571,0.6568270386813523,0.3731653165507626,459.0123376623376,1.3052229949406216,1.902158733457327,0.4896699648816138,0.6528396488477787,0.3798245602908234,522.859375,0.2885207235813141,0.025794668123126,0.0921084875666565,0.3237551940277484,0.3706062560464366,0.3456001202871857,0.3488502502441406,0.2724609375,0.2088975733890757,4597,9602,7807,0.6775817275047302,9.274330502939256,0.0476812540822991,0.3533638145003265,0.25,2180,77,0.0353211009174311,3009,1217,0.4044533067464274,5721,3012,0.5264813843733613,1494,291,0.1947791164658634,36.1158423880744,0.3589344024658203,2048.0,568.6181361000054,0
school2_lightweight_100e,6,0.0009911436253643,1.6942212854886984,0.3196787250022609,0.6544052818765888,0.3600686397451859,459.087012987013,1.2589372352346198,2.040927599494656,0.6530327949052056,0.6521556905160347,0.3678695598306755,522.859375,0.3228696584701538,0.0651125609874725,0.1211921007292403,0.2259930854441544,0.516446307642696,0.3144049079754601,0.3791581988334656,0.348388671875,0.1865245748893547,6406,21940,5998,0.6942340135574341,18.514696276943173,0.0169823644676681,0.1809274983670803,0.25,2180,117,0.0536697247706422,3009,1629,0.5413758723828515,5721,3858,0.6743576297850026,1494,802,0.536813922356091,36.38319891892663,0.3576440811157226,4096.0,565.9589448999614,0
school2_lightweight_100e,7,0.0009879583809693,1.663956220196439,0.3109079383797459,0.6525610615680744,0.3502436094953642,459.038961038961,1.218913963514489,1.881848582997918,0.5082852663472295,0.649304968615373,0.3621291768116255,522.859375,0.3802874088287353,0.0625798627734184,0.1405397693790291,0.328096900454882,0.5000806191551113,0.3962312360268284,0.4307732284069061,0.302978515625,0.2470625721910224,6203,12703,6201,0.6966707706451416,12.348791639451338,0.0228608752449379,0.1645983017635532,0.25,2180,164,0.0752293577981651,3009,1593,0.5294117647058824,5721,3574,0.6247159587484705,1494,872,0.5836680053547524,38.80208396339953,0.3577895164489746,4096.0,539.4952136001084,0
school2_lightweight_100e,8,0.0009842915805643,1.6399291903941662,0.3042374605482275,0.6509344729123178,0.3423786284377823,459.0506493506493,1.210281149830137,1.910097307836016,0.5544675448909402,0.6483127940446138,0.3536584870889783,522.859375,0.3920521438121795,0.0770426169037818,0.1501680843928625,0.3094386926041134,0.5373266688165108,0.3927172023686768,0.4520201981067657,0.31787109375,0.2443360950216291,6665,14874,5739,0.7005074620246887,14.068582625734814,0.0058785107772697,0.1214892227302416,0.25,2180,142,0.065137614678899,3009,1595,0.5300764373546029,5721,3901,0.6818737982870128,1494,1027,0.6874163319946452,38.89707276313218,0.3589344024658203,8192.0,537.6249895999208,0
school2_lightweight_100e,9,0.0009801468428384,1.6183530503279202,0.2962666558754908,0.6498768488695095,0.3361047731204466,459.0831168831169,1.1573134778381942,1.7983033160368602,0.4416477690295626,0.6483367051308354,0.354159420200934,522.859375,0.4452479183673858,0.0864010229706764,0.1689893777902398,0.3796581196581196,0.5371654305062883,0.4448821526340388,0.4936516284942627,0.3173828125,0.2860761667596926,6663,10887,5741,0.7044496536254883,11.46309601567603,0.0137165251469627,0.1273677335075114,0.25,2180,181,0.0830275229357798,3009,1639,0.544699235626454,5721,3787,0.6619472120258696,1494,1056,0.7068273092369478,38.89335813373074,0.3580765724182129,8192.0,525.2841411998961,0
school2_lightweight_100e,10,0.0009755282581475,1.599202234172202,0.2908637129157395,0.648783736956584,0.3297773919806078,458.9902597402597,1.137645110487938,1.7710716066261132,0.4330898982783158,0.6471006929253539,0.3454405115141223,522.859375,0.4404918849468231,0.08051398396492,0.1681019129175183,0.4108146521093094,0.5126572073524669,0.4561202166194455,0.4831883907318115,0.2998046875,0.2954376509942389,6359,9120,6045,0.7062423229217529,10.110385369039845,0.0424559111691704,0.170476812540823,0.25,2180,125,0.0573394495412844,3009,1571,0.5221003655699568,5721,3728,0.6516343296626463,1494,935,0.6258366800535475,38.85143478743696,0.3589344024658203,8192.0,535.7036007998977,0
school2_lightweight_100e,11,0.0009704403844771,1.580779209926531,0.2862866461857573,0.6475509862234066,0.3234707896972632,459.0694805194805,1.1163328916995556,1.7192623217900591,0.3821767592647423,0.6467612665146589,0.3451621471128116,522.859375,0.4686605930328369,0.0869350880384445,0.1778668907199971,0.4932859399684044,0.5034666236697839,0.4983242898180657,0.5149219632148743,0.277099609375,0.3318454753174982,6245,6415,6159,0.7091374397277832,8.269105160026127,0.0326583932070542,0.147615937295885,0.25,2180,130,0.0596330275229357,3009,1504,0.4998338318378199,5721,3615,0.631882538017829,1494,996,0.6666666666666666,39.88751787291388,0.3580403327941894,16384.0,515.3767981999554,0
school2_lightweight_100e,12,0.0009648882429441,1.5700545568744857,0.2827664367080509,0.646773671020161,0.320257224587651,459.0103896103896,1.1027061187214666,1.7410251628607512,0.4046232652229567,0.6468666118259231,0.3447676446909706,522.859375,0.4778840839862823,0.088278979063034,0.1822887134112534,0.4386807978408268,0.5372460496613995,0.4829860481971372,0.5194065570831299,0.3046875,0.3183794371984138,6664,8527,5740,0.708096981048584,9.922273024167213,0.0189418680600914,0.1254082299150881,0.25,2180,154,0.0706422018348623,3009,1580,0.5250913924891991,5721,3821,0.6678902289809474,1494,1109,0.7423025435073628,40.88004433495236,0.3578147888183594,16384.0,509.91404989990406,0
school2_lightweight_100e,13,0.0009588773128419,1.553965092169774,0.2787596006962386,0.6457577641134138,0.3147238619238525,459.0974025974026,1.0809354030853742,1.6796585898846388,0.3467358369380235,0.6462918044999242,0.3433154764740417,522.859375,0.4909757077693939,0.1027117073535919,0.19156518268137,0.5678177946486437,0.4944372782973234,0.5285929756517992,0.536179780960083,0.269287109375,0.3592432052483599,6133,4668,6271,0.7158962488174438,7.054866100587852,0.0555192684519921,0.1606792945787067,0.25,2180,170,0.0779816513761468,3009,1470,0.4885343968095713,5721,3518,0.6149274602342247,1494,975,0.6526104417670683,41.18479795720609,0.3589344024658203,32768.0,509.4623492001556,0
school2_lightweight_100e,14,0.000952413526233,1.5421950918513458,0.274081199771011,0.6453836354729418,0.311365126876475,459.0253246753247,1.080385066510795,1.661239185060064,0.3474987312220037,0.645543595465521,0.3340984280997266,522.859375,0.5093702077865601,0.1332642138004303,0.209772413810424,0.5830339872893064,0.5103192518542405,0.5442586303254374,0.5507821440696716,0.275390625,0.3738704152146949,6330,4527,6074,0.7253704071044922,7.091443500979752,0.0326583932070542,0.131939908556499,0.25,2180,173,0.0793577981651376,3009,1540,0.5117979395147889,5721,3519,0.6151022548505506,1494,1098,0.7349397590361446,41.52858639186293,0.3577723503112793,32768.0,509.7792801000178,0
school2_lightweight_100e,15,0.0009455032620941,1.5333188515978975,0.2714219968814354,0.644864008836932,0.3085164230268497,459.0902597402597,1.0599439121298977,1.6458974971125524,0.3327381248430659,0.6461834767833352,0.3334879479371011,522.859375,0.5099508166313171,0.118310235440731,0.2071881370571645,0.5831643002028397,0.5099161560786843,0.5440860215053763,0.5502543449401855,0.2685546875,0.3737075332348596,6325,4521,6079,0.7212931513786316,7.0842586544742,0.0372305682560418,0.1260613977792292,0.25,2180,121,0.0555045871559633,3009,1465,0.48687271518777,5721,3616,0.6320573326341549,1494,1123,0.7516733601070951,41.36788350226504,0.3589344024658203,32768.0,505.4103569998406,0
school2_lightweight_100e,16,0.0009381533400219,1.5203210469190176,0.2676798702447445,0.6439149365796671,0.3043631194957665,459.087012987013,1.043141488169695,1.657581756512324,0.3490603952668607,0.6447801829005281,0.3318705874650429,522.859375,0.5178242921829224,0.135903313755989,0.2140768713343277,0.5749091875609108,0.5231376975169301,0.5478029631505635,0.5564558506011963,0.281494140625,0.3772235786536449,6489,4798,5915,0.7266866564750671,7.372305682560418,0.0320052253429131,0.1143043762246897,0.25,2180,143,0.0655963302752293,3009,1480,0.4918577600531738,5721,3700,0.6467400804055236,1494,1166,0.7804551539491299,40.78667459156797,0.3575844764709472,65536.0,508.6670820000581,0
school2_lightweight_100e,17,0.0009303710135019,1.514925108404903,0.2661857100856769,0.6435728369982212,0.302583280254107,459.0441558441559,1.0585457643131158,1.6724222898483276,0.3619545011315495,0.645171784174939,0.3326480050260822,522.859375,0.5200856328010559,0.1333260536193847,0.2126986866031074,0.5190752327178392,0.548452112221864,0.5333594668757351,0.5607735514640808,0.30029296875,0.3636606617843588,6803,6303,5601,0.7216993570327759,8.56041802743305,0.0189418680600914,0.1143043762246897,0.25,2180,251,0.115137614678899,3009,1584,0.5264207377866401,5721,3826,0.6687642020625765,1494,1142,0.7643908969210174,41.41279017825226,0.3596968650817871,65536.0,507.4034013999626,0
school2_lightweight_100e,18,0.000922163962751,1.5035587519020228,0.2620943229064926,0.6432244642988428,0.2991199823265726,459.0785714285714,1.0135068030906962,1.6338599734008312,0.3254136439257611,0.6454780620212356,0.3314841329896201,522.859375,0.5292661190032959,0.1633566319942474,0.2278518684935989,0.6553642100759439,0.4939535633666559,0.5633245989058979,0.5640679001808167,0.2447509765625,0.3921029054140535,6127,3222,6277,0.7351117134094238,6.106466361854997,0.0489875898105813,0.1436969301110385,0.25,2180,139,0.0637614678899082,3009,1410,0.4685942173479561,5721,3481,0.6084600594301696,1494,1097,0.7342704149933066,40.918026658120674,0.3589344024658203,65536.0,502.3578248999547,0
school2_lightweight_100e,19,0.0009135402871372,1.496955199597718,0.2615354993707174,0.642607802191338,0.2964059500531716,459.1051948051948,inf,1.619946130240957,0.3084391628702481,0.6455872968460122,0.3329598368921627,522.859375,0.525621771812439,0.159867376089096,0.2258731884670851,0.7150578179989945,0.4586423734279264,0.5588408644400785,0.5629819631576538,0.2286376953125,0.3877717946970213,5689,2267,6715,0.7391290664672852,5.196603527106467,0.0613977792292619,0.1567602873938602,0.25,2180,144,0.0660550458715596,3009,1257,0.4177467597208374,5721,3220,0.5628386645691312,1494,1068,0.714859437751004,41.39459454630531,0.3571739196777344,65536.0,491.0609238999896,2
school2_lightweight_100e,20,0.0009045084971874,1.4867029483442182,0.2578805169647003,0.6419727782537411,0.2934248259992568,459.1357142857143,inf,1.6286600939929483,0.3271752406532566,0.6450834901382526,0.3282006837738057,522.859375,0.5367304682731628,0.1873686760663986,0.2404798012110404,0.6296621753563757,0.5199129313124798,0.5695487061732757,0.5752125978469849,0.263916015625,0.3981601531147743,6449,3793,5955,0.7401184439659119,6.689745264532985,0.0385369039843239,0.131939908556499,0.25,2180,148,0.0678899082568807,3009,1491,0.4955134596211366,5721,3687,0.6444677503932879,1494,1123,0.7516733601070951,41.36759079698243,0.3573760986328125,32768.0,506.9233314001467,2
school2_lightweight_100e,21,0.0008950775061878,1.4785329694097693,0.2562663611943845,0.6413726217173911,0.2904469933118913,459.0694805194805,1.007487229751302,1.606625911469261,0.3098538109722237,0.6443920088931918,0.3261900437064469,522.859375,0.539639949798584,0.1745640933513641,0.2372808923071716,0.6763031099430574,0.4979039019671074,0.5735512630014858,0.5747942924499512,0.251953125,0.4020833333333333,6176,2956,6228,0.7401276230812073,5.964728935336382,0.039190071848465,0.1358589157413455,0.25,2180,146,0.0669724770642201,3009,1385,0.4602858092389498,5721,3509,0.6133543086872925,1494,1136,0.7603748326639893,41.41468428799775,0.3569316864013672,32768.0,504.0970350999851,0
school2_lightweight_100e,22,0.0008852566213878,1.4726530866189436,0.2531612065608625,0.6413336280878488,0.2890791262899126,459.0103896103896,0.9971912298883712,1.603257176776727,0.3124477529587845,0.644366609553496,0.323221407054613,522.859375,0.5453488826751709,0.1884310096502304,0.2448539619799703,0.6653225806451613,0.5187842631409223,0.5829860481971372,0.5852243304252625,0.258544921875,0.4114187072437824,6435,3237,5969,0.7419725060462952,6.317439581972567,0.047028086218158,0.1338994121489223,0.25,2180,196,0.0899082568807339,3009,1499,0.4981721502160186,5721,3594,0.6282118510749869,1494,1146,0.7670682730923695,41.10765163149581,0.3569369316101074,32768.0,509.58694919990376,0
school2_lightweight_100e,23,0.0008750555348152,1.4681442463552796,0.2525185033098444,0.6409701662017153,0.2873277890895094,459.0694805194805,0.983870281762891,1.609126474087437,0.3095573061145842,0.6449795399482051,0.3272948107526948,522.859375,0.5352283120155334,0.1783395260572433,0.236535211980663,0.6885984677782785,0.4927442760399871,0.574436090225564,0.5751922130584717,0.249267578125,0.4029535864978903,6112,2764,6292,0.7419226765632629,5.797517962116264,0.0450685826257348,0.1345525800130633,0.25,2180,130,0.0596330275229357,3009,1399,0.4649385177799933,5721,3445,0.6021674532424401,1494,1138,0.7617135207496654,41.71006716447111,0.3569507598876953,65536.0,501.3693019000348,0
school2_lightweight_100e,24,0.0008644843137107,1.4568234945272471,0.2487438762100873,0.6402724673221638,0.2839035767239409,459.0642857142857,0.9758233581464012,1.610192410647869,0.3090506352794667,0.6441328845297297,0.3285044474372019,522.859375,0.540804922580719,0.1650846749544143,0.2355134124751202,0.696763202725724,0.4945985166075459,0.5785279834032722,0.5789572596549988,0.2491455078125,0.4069921719517049,6135,2670,6269,0.7377615571022034,5.751143043762247,0.0568256041802743,0.1338994121489223,0.25,2180,107,0.0490825688073394,3009,1328,0.4413426387504154,5721,3549,0.6203460933403251,1494,1151,0.7704149933065596,41.45709905990047,0.3575940132141113,65536.0,505.8799201000948,0
school2_lightweight_100e,25,0.0008535533905932,1.4529702362302062,0.2480354738216121,0.6400445503847939,0.282445105890949,459.0551948051948,inf,1.605514087403814,0.3164768567464004,0.6443776590749621,0.3223297845106572,522.859375,0.5449243783950806,0.1916460543870926,0.2478314217121806,0.6569230769230769,0.5163656884875847,0.5782251512142277,0.5822198987007141,0.2626953125,0.4066924884119626,6405,3345,5999,0.7452675104141235,6.368386675375572,0.0326583932070542,0.1201828870019595,0.25,2180,132,0.0605504587155963,3009,1500,0.4985044865403789,5721,3610,0.6310085649362,1494,1163,0.7784471218206158,41.00317961289922,0.3580217361450195,32768.0,513.3598526001442,2
school2_lightweight_100e,26,0.0008422735529643,1.4478650800593489,0.2469363078620139,0.6396188916324022,0.2806549401445822,458.9538961038961,0.9765688420309648,1.6093963216990232,0.3174405683918546,0.6440880217899879,0.3239338646332423,522.859375,0.5359129309654236,0.1881465166807174,0.2410757891309913,0.649706457925636,0.508545630441793,0.5705241260796817,0.572688102722168,0.25732421875,0.399114204365707,6308,3401,6096,0.7426978349685669,6.341606792945787,0.0300457217504898,0.1182233834095362,0.25,2180,152,0.0697247706422018,3009,1434,0.4765702891326022,5721,3531,0.6171997902464604,1494,1191,0.7971887550200804,40.64380045110402,0.3579640388488769,32768.0,506.7218798000831,0
school2_lightweight_100e,27,0.0008306559326618,1.4415667451821363,0.2448210961632914,0.6392812408797153,0.2787322039147476,458.9759740259741,0.9664173281618528,1.611295996233821,0.3196162245391558,0.6443548084547123,0.3236624793304751,522.859375,0.540001630783081,0.1787516772747039,0.2396211991668679,0.6411302357974331,0.5195098355369235,0.5739478957915832,0.5755918025970459,0.26708984375,0.4024732996065205,6444,3607,5960,0.7389521598815918,6.564990202482038,0.031352057478772,0.1136512083605486,0.25,2180,107,0.0490825688073394,3009,1414,0.4699235626453971,5721,3743,0.6542562489075336,1494,1180,0.7898259705488622,40.75320521025925,0.3567337989807129,65536.0,506.0303384000436,0
school2_lightweight_100e,28,0.0008187119948743,1.436515859659616,0.2435144665711499,0.6389831058777772,0.2770091436319537,459.0402597402597,0.972443850454572,1.6193861017624538,0.3285025652342786,0.6446531917899847,0.3231151714765777,522.859375,0.5411688685417175,0.1871843487024307,0.2441084671765566,0.6101788677853587,0.5335375685262819,0.5692903225806453,0.5756673216819763,0.273681640625,0.3979076479076479,6618,4228,5786,0.7396685481071472,7.0842586544742,0.0306988896146309,0.1058131939908556,0.25,2180,136,0.0623853211009174,3009,1452,0.4825523429710867,5721,3829,0.6692885859115539,1494,1201,0.8038821954484605,41.12066738838162,0.3589344024658203,65536.0,504.3273038000334,0
school2_lightweight_100e,29,0.0008064535268264,1.4309717683823078,0.2414780748113022,0.6387645678086714,0.2753645638947363,459.0954545454546,0.9717789317686836,1.6107556379089754,0.311993293541794,0.644594989096125,0.3270836744923144,522.859375,0.5401906967163086,0.1913568973541259,0.2450235748125123,0.6920686082652239,0.4846823605288616,0.5701009909440046,0.5726286768913269,0.2412109375,0.3987001790569666,6012,2675,6392,0.7453281879425049,5.674069235793599,0.0476812540822991,0.1201828870019595,0.25,2180,103,0.0472477064220183,3009,1247,0.414423396477235,5721,3475,0.6074112917322146,1494,1187,0.7945113788487282,41.440016841817815,0.357147216796875,65536.0,505.6629294999875,0
school2_lightweight_100e,30,0.0007938926261462,1.4260294187378573,0.2395385396654729,0.6385826672439451,0.2739541055513667,459.07142857142856,inf,1.6393917401631672,0.3473707820909719,0.6444061901420355,0.3238073839650799,522.859375,0.5456213355064392,0.1870293021202087,0.244138394924812,0.5653525274006216,0.5572396001289907,0.5612667478684531,0.5807601809501648,0.292724609375,0.390111750761937,6912,5314,5492,0.7366572022438049,7.985630306988896,0.023514043109079,0.101241018941868,0.25,2180,179,0.0821100917431192,3009,1526,0.5071452309737454,5721,3965,0.6930606537318651,1494,1242,0.8313253012048193,41.30973858474052,0.3571524620056152,65536.0,500.82810780010186,2
school2_lightweight_100e,31,0.000781041688926,1.4224119509195352,0.2396189998641803,0.6381612822606966,0.2723158344626427,458.8415584415585,0.9662364434692768,1.6060145447651546,0.3155677919276058,0.6440793620422482,0.3231836963289727,522.859375,0.5314490795135498,0.1900175511837005,0.2406832186505198,0.6674301919720768,0.4933086101257659,0.5673094752456889,0.5675473809242249,0.251953125,0.3959748916068077,6119,3049,6285,0.7452069520950317,5.98824297844546,0.0404964075767472,0.1221423905943827,0.25,2180,104,0.0477064220183486,3009,1291,0.429046194749086,5721,3525,0.6161510225485055,1494,1199,0.8025435073627845,40.68916957690672,0.3596968650817871,65536.0,513.8480209999252,0
school2_lightweight_100e,32,0.0007679133974894,1.4160200336536803,0.2371758646198681,0.6378333479940117,0.2705054099296594,459.07207792207794,0.9620764654178124,1.6083474575231471,0.3141060619770239,0.6443475761140386,0.3249469105309496,522.859375,0.5411422848701477,0.1832657605409622,0.2407986162957968,0.6818484042553191,0.4960496613995485,0.574295314541721,0.5762179493904114,0.246337890625,0.4028150572831424,6153,2871,6251,0.7431934475898743,5.894186806009144,0.039190071848465,0.1214892227302416,0.25,2180,104,0.0477064220183486,3009,1347,0.4476570289132602,5721,3500,0.6117811571403601,1494,1202,0.8045515394912985,41.34073285527827,0.3589344024658203,65536.0,506.5433286000043,0
school2_lightweight_100e,33,0.0007545207078751,1.4113901060897034,0.2362083370228866,0.6374601047534447,0.268860832650166,459.1149350649351,inf,1.627871931840976,0.3314915069689353,0.6444563250988722,0.3259620529909928,522.859375,0.5440974235534668,0.1912107318639755,0.2473928875173442,0.6188043889519486,0.5274105127378265,0.5694637883008358,0.5736982822418213,0.2802734375,0.3980771571133017,6542,4030,5862,0.7413668632507324,6.905290659699543,0.0228608752449379,0.1025473546701502,0.25,2180,155,0.0711009174311926,3009,1405,0.4669325357261549,5721,3777,0.6601992658626115,1494,1205,0.8065595716198126,41.1249136668447,0.3569207191467285,65536.0,509.5016637998633,2
school2_lightweight_100e,34,0.0007408768370508,1.4065312955286595,0.234313309995772,0.6373572117709494,0.2674303872051177,459.1077922077922,0.9636549738126916,1.6262146836767597,0.3303855638951063,0.6449168032656113,0.3254561553088327,522.859375,0.5385487079620361,0.1938705891370773,0.2458134515283745,0.6177191328934967,0.5283779425991616,0.5695663509168333,0.5738393068313599,0.264404296875,0.3981773997569866,6554,4056,5850,0.7417485117912292,6.930111038536904,0.0169823644676681,0.0992815153494448,0.25,2180,146,0.0669724770642201,3009,1393,0.4629444998338318,5721,3799,0.6640447474217794,1494,1216,0.8139223560910308,41.26198154501573,0.3589344024658203,65536.0,501.36863879999146,0
school2_lightweight_100e,35,0.0007269952498697,1.4026376414608646,0.2336135521192442,0.6369406021647639,0.2660417427974088,459.06233766233765,inf,1.6284502043078344,0.3351678835848967,0.6441674024487535,0.3245574552565813,522.859375,0.5427629947662354,0.1909135729074478,0.2465893859887728,0.5985909212521181,0.5411157691067398,0.5684041156793834,0.5766363143920898,0.27734375,0.3970422951789411,6712,4501,5692,0.7410756945610046,7.323971260613978,0.015676028739386,0.0947093403004572,0.25,2180,141,0.0646788990825688,3009,1507,0.5008308408109007,5721,3835,0.6703373536095089,1494,1229,0.822623828647925,41.46139027581882,0.3571357727050781,65536.0,503.569818199845,2
school2_lightweight_100e,36,0.0007128896457825,1.3981849601516476,0.2319946932570114,0.6368643600832332,0.2646629536693746,459.0538961038961,0.9480529178272594,1.644533835972349,0.3466725685478498,0.6450967906663815,0.3263822372537106,522.859375,0.5472536683082581,0.1912865191698074,0.2488090250088134,0.5868520425677995,0.5512737826507578,0.568506817426006,0.5783726572990417,0.2783203125,0.3971425252642583,6838,4814,5566,0.7392637133598328,7.610711952971914,0.0150228608752449,0.0901371652514696,0.25,2180,153,0.0701834862385321,3009,1535,0.5101362578929877,5721,3936,0.6879916098584163,1494,1214,0.8125836680053548,41.1890843122348,0.3580303192138672,65536.0,505.8567112998571,0
school2_lightweight_100e,37,0.0006985739453173,1.3940441943608322,0.2308857118444783,0.6364545058507424,0.2633519893729841,459.1051948051948,0.9511764455538292,1.6334231104701755,0.3428315246322502,0.643949469551444,0.3233210584148764,522.859375,0.5530336499214172,0.1932457685470581,0.2524780012739939,0.5856550088915234,0.5575620767494357,0.5712633709164499,0.5855541229248047,0.28271484375,0.3998381222177256,6916,4893,5488,0.7393742203712463,7.713259307642064,0.023514043109079,0.0960156760287393,0.25,2180,159,0.0729357798165137,3009,1593,0.5294117647058824,5721,3949,0.6902639398706519,1494,1215,0.8132530120481928,41.25609520845243,0.3571572303771972,65536.0,508.2270186000969,0
school2_lightweight_100e,38,0.0006840622763423,1.3892792836412209,0.2290937151227678,0.6364165252292311,0.2618845203963967,459.1,inf,1.624994875242313,0.3320695695777734,0.644355264181892,0.3242850221383075,522.859375,0.5393199324607849,0.1897534430027008,0.2455806695303181,0.610376304023845,0.5282973234440503,0.5663785652549699,0.572618305683136,0.266357421875,0.3950684270814493,6553,4183,5851,0.741645097732544,7.012410189418681,0.0254735467015022,0.1045068582625734,0.25,2180,105,0.0481651376146789,3009,1380,0.4586241276171485,5721,3838,0.6708617374584863,1494,1230,0.8232931726907631,41.75187804982756,0.3567233085632324,65536.0,498.63747099996544,2
school2_lightweight_100e,39,0.0006693689601226,1.386111282528221,0.2279171483373487,0.636238596927036,0.2609777684722628,458.9993506493507,inf,1.6259224681804578,0.3260654614617427,0.6455723575005928,0.3271423219703138,522.859375,0.5432756543159485,0.1777776032686233,0.2401764146561618,0.6312330885195206,0.526604321186714,0.5741912798874825,0.5781627893447876,0.27001953125,0.4027127003699137,6532,3816,5872,0.7366596460342407,6.75898105813194,0.0293925538863487,0.1116917047681254,0.25,2180,134,0.0614678899082568,3009,1465,0.48687271518777,5721,3732,0.6523335081279497,1494,1201,0.8038821954484605,41.24496105411031,0.3589344024658203,32768.0,507.9625926001463,2
school2_lightweight_100e,40,0.0006545084971874,1.382375078928935,0.227325057809229,0.6358447641908348,0.2596026300513125,459.0298701298701,0.959361218303055,1.647200149173538,0.3490783714223653,0.6451414469629526,0.3264901632598291,522.859375,0.5380962491035461,0.1941713839769363,0.246739698346937,0.5835069444444444,0.5419219606578523,0.5619461628490219,0.5714672207832336,0.27197265625,0.3907685152889198,6722,4798,5682,0.7411403059959412,7.524493794905291,0.0254735467015022,0.1038536903984324,0.25,2180,169,0.0775229357798165,3009,1437,0.4775672981056829,5721,3866,0.6757559867156092,1494,1250,0.8366800535475234,41.578204399973,0.3576374053955078,32768.0,498.4025733999442,0
school2_lightweight_100e,41,0.0006394955530196,1.3779249192058265,0.2253526022149758,0.6357332841529475,0.2584195157730734,458.92792207792206,0.9528411184231956,1.6283846826603017,0.3331499300741901,0.6449345362683138,0.3251501074216018,522.859375,0.537355363368988,0.1976819932460785,0.2475004193984205,0.6044555370678499,0.5271686552724928,0.56317285332874,0.5688721537590027,0.279052734375,0.3919558832344302,6539,4279,5865,0.7443246841430664,7.065969954278249,0.023514043109079,0.1045068582625734,0.25,2180,81,0.0371559633027522,3009,1386,0.46061814556331,5721,3830,0.6694633805278798,1494,1242,0.8313253012048193,41.48645594563393,0.3571615219116211,32768.0,497.4253458001185,0
school2_lightweight_100e,42,0.0006243449435824,1.3749883909504137,0.2243899140603743,0.6355702949421747,0.2575140906231744,459.0409090909091,0.9515827614765664,1.6329146704326074,0.3358933962881565,0.6449857369686166,0.326017768199866,522.859375,0.5407790541648865,0.1912878304719925,0.2470618664985522,0.617787337510521,0.5325701386649468,0.5720223405637096,0.5765790343284607,0.262451171875,0.4005821357103875,6606,4087,5798,0.7422251105308533,6.984323971260614,0.0222077073807968,0.1038536903984324,0.25,2180,129,0.0591743119266055,3009,1450,0.4818876703223662,5721,3791,0.6626463904911729,1494,1236,0.8273092369477911,41.74746195583504,0.3580031394958496,65536.0,504.1439174001571,0
school2_lightweight_100e,43,0.0006090716206982,1.371173302616392,0.2233021624773353,0.6353108887548571,0.2562801257549942,459.05584415584417,0.9610356950527662,1.6448829360306263,0.3494226810677598,0.6448724769676725,0.3252938880274693,522.859375,0.53309565782547,0.1969042420387268,0.2475666470767464,0.578664353859497,0.5378910029022896,0.5575332163449486,0.5662645101547241,0.27392578125,0.386513729579423,6672,4858,5732,0.7429301738739014,7.531025473546702,0.0143696930111038,0.0907903331156107,0.25,2180,117,0.0536697247706422,3009,1491,0.4955134596211366,5721,3829,0.6692885859115539,1494,1235,0.8266398929049531,41.88181002157116,0.3571839332580566,65536.0,504.0123052001,0
school2_lightweight_100e,44,0.0005936906572928,1.3673763207800975,0.2227732451076244,0.6350050441630475,0.2547990146879252,459.0,0.9567453169009902,1.6419893577694893,0.3405466180605193,0.6455388941491643,0.3279519214605291,522.859375,0.5363848209381104,0.1799642592668533,0.2409711997344857,0.6127798507462686,0.5295872299258304,0.5681542985642624,0.56998610496521,0.27294921875,0.3967985502869224,6569,4151,5835,0.7383047342300415,7.001959503592423,0.0287393860222077,0.0986283474853037,0.25,2180,122,0.0559633027522935,3009,1419,0.4715852442671984,5721,3778,0.6603740604789372,1494,1250,0.8366800535475234,41.50535829122168,0.3578224182128906,65536.0,499.7384828999639,0
school2_lightweight_100e,45,0.0005782172325201,1.3641625024281538,0.220700057194411,0.634929692164644,0.2542663768224127,459.0474025974026,inf,1.6289517357945442,0.3339969750183324,0.6449135591586431,0.3250206009640048,522.859375,0.5439887642860413,0.1936797201633453,0.2479266563110286,0.6360623781676413,0.5261206062560464,0.575891281327215,0.579056978225708,0.264892578125,0.4043871607386293,6526,3734,5878,0.7435978055000305,6.701502286087525,0.0287393860222077,0.1051600261267145,0.25,2180,106,0.0486238532110091,3009,1438,0.4778996344300432,5721,3738,0.6533822758259046,1494,1244,0.8326639892904953,41.80591156013256,0.3589344024658203,65536.0,499.3860422000289,2
school2_lightweight_100e,46,0.0005626666167821,1.3607509863066982,0.220079274054665,0.6346653714969561,0.2530031705928313,459.0487012987013,0.9604678092838882,1.64371755036215,0.3467341584619134,0.6447995339209834,0.3260919312791278,522.859375,0.5377492904663086,0.1873238235712051,0.2452333445806289,0.6046787900941241,0.5334569493711706,0.5668394226238918,0.5715569257736206,0.26416015625,0.3955170352659892,6617,4326,5787,0.7400473952293396,7.147615937295885,0.0228608752449379,0.1025473546701502,0.25,2180,128,0.0587155963302752,3009,1486,0.4938517779993353,5721,3743,0.6542562489075336,1494,1260,0.8433734939759037,41.17590411633402,0.3589344024658203,65536.0,504.3871236999985,0
school2_lightweight_100e,47,0.0005470541566592,1.3563357660522708,0.2185813814691909,0.6345000306507209,0.2516271768355524,459.03311688311686,inf,1.6355712829778593,0.3406948788712422,0.644946811410288,0.3249647974347074,522.859375,0.5432454943656921,0.1975181549787521,0.2512114174198359,0.609189090243456,0.5366010964205095,0.5705957993999143,0.5760884284973145,0.272216796875,0.3991843588820918,6656,4270,5748,0.7449619770050049,7.136512083605487,0.0248203788373612,0.1045068582625734,0.25,2180,134,0.0614678899082568,3009,1442,0.4792289797274842,5721,3848,0.6726096836217444,1494,1232,0.8246318607764391,41.20276533805335,0.3580164909362793,65536.0,507.3053325000219,2
school2_lightweight_100e,48,0.0005313952597646,1.352886132218621,0.2179859340045746,0.6341632665751816,0.2503684657637949,459.00584415584416,0.9656200889449617,1.672485128045082,0.3752634844277054,0.6452515674754977,0.3259850407484919,522.859375,0.5378720760345459,0.1955554634332656,0.2471947323938366,0.5305767631718195,0.5658658497258948,0.5476534155190573,0.5707107186317444,0.297607421875,0.3770817664123778,7019,6210,5385,0.7388868927955627,8.640757674722403,0.0137165251469627,0.085564990202482,0.25,2180,150,0.0688073394495412,3009,1550,0.5151213027583915,5721,4060,0.7096661422828177,1494,1259,0.8427041499330656,40.23620539970292,0.3580327033996582,65536.0,529.4179329001345,0
school3_capacity_100e,1,0.0009997532801828,2.2701778892572824,0.4796413727588468,0.7547034299605853,0.517916544226857,458.9759740259741,3.7163116565772474,2.093483241274953,0.5283809276297688,0.6681916291515032,0.448455339918534,522.859375,0.1532214283943176,0.0085188541561365,0.0423758463332006,0.2326582278481012,0.2222670106417284,0.2273439432670899,0.2286265939474105,0.275390625,0.1282504535516583,2757,9093,9647,0.6530866026878357,7.740039190071848,0.1378184193337688,0.5669497060744612,0.25,2180,11,0.005045871559633,3009,790,0.2625456962445995,5721,1671,0.2920818038804404,1494,285,0.1907630522088353,34.12214218460147,0.4970631599426269,1024.0,642.4521999999415,0
school3_capacity_100e,2,0.0009990133642141,1.9113665059015348,0.39026023720379,0.6672063986589383,0.426949936093448,459.12142857142857,1.6615432551541889,1.914414882659912,0.4296488897719731,0.6620385746161143,0.4113637073896825,522.859375,0.275365263223648,0.0441144853830337,0.0949271648933063,0.4730008852168781,0.2584650112866817,0.3342717130643311,0.3443765044212341,0.233642578125,0.2006760140210315,3206,3572,9198,0.6944190263748169,4.427171783148269,0.1763553233180927,0.4402351404310908,0.25,2180,36,0.0165137614678899,3009,795,0.2642073778664008,5721,2000,0.3495892326516343,1494,375,0.251004016064257,30.482950568847663,0.5302629470825195,1024.0,676.6923120999709,0
school3_capacity_100e,3,0.0009977809823015,1.8090245692760916,0.3579363674602725,0.6606955827056588,0.3951963093373682,459.1077922077922,1.4724342149186445,1.8119350379953785,0.3761468430360158,0.6551564866676927,0.3903158532145123,522.859375,0.3194139003753662,0.0564484931528568,0.1135411361799924,0.5414953555657073,0.2866817155756208,0.3748879869274155,0.3958131074905395,0.211181640625,0.2306843983133311,3556,3011,8848,0.7073847651481628,4.2893533638145005,0.147615937295885,0.3481384715871979,0.25,2180,21,0.0096330275229357,3009,733,0.2436025257560651,5721,2124,0.3712637650760356,1494,678,0.4538152610441767,30.640927607123416,0.4980697631835937,2048.0,663.2502476000227,0
school3_capacity_100e,4,0.0009960573506572,1.742556955907252,0.3365973986491754,0.6569236424449202,0.3745179568985839,459.0396103896104,1.396768646542128,1.7714156073828538,0.3744576102277885,0.65247783344239,0.3722400809638202,522.859375,0.3581433892250061,0.0604701861739158,0.128962651186157,0.530664494355871,0.3676233473073202,0.4343477639662809,0.4343477487564087,0.25,0.2774228873882095,4560,4033,7844,0.7075629234313965,5.612671456564337,0.0914435009797517,0.2762900065316786,0.25,2180,26,0.0119266055045871,3009,991,0.3293452974410103,5721,2791,0.4878517741653557,1494,752,0.5033467202141901,33.86336794231569,0.4976911544799804,2048.0,610.2006820000242,0
school3_capacity_100e,5,0.0009938441702975,1.6902713035608268,0.320687510576341,0.6538486317767725,0.3578675812521538,459.0123376623376,1.3290572128512643,1.728773061806957,0.3507695506171633,0.6522110216319561,0.362896242334197,522.859375,0.3559416532516479,0.0783944949507713,0.1368677314196247,0.7169876203576341,0.1680909384069654,0.2723354231974921,0.4271735250949859,0.16259765625,0.1576321161261057,2085,823,10319,0.7365282773971558,1.899412148922273,0.3363814500326584,0.4598301763553233,0.25,2180,0,0.0,3009,69,0.0229312063808574,5721,1608,0.281069743051914,1494,408,0.2730923694779116,34.10807288103211,0.5302629470825195,2048.0,616.1211979000363,0
school3_capacity_100e,6,0.0009911436253643,1.6468988650030905,0.3081383614087259,0.651189065327892,0.3437857193896523,459.087012987013,1.2748161791593997,1.704330841700236,0.3600521326685945,0.6488397823025783,0.347719462433209,522.859375,0.3953992128372192,0.1010462492704391,0.160997196646349,0.5623798076923077,0.3772170267655595,0.4515537541015248,0.4617075324058532,0.2291259765625,0.291617326269866,4679,3641,7725,0.7317975163459778,5.434356629653821,0.0666231221423905,0.1815806662312214,0.25,2180,6,0.0027522935779816,3009,622,0.2067131937520771,5721,3099,0.5416885159937074,1494,952,0.6372155287817939,32.95469910287788,0.4977564811706543,4096.0,617.6646045001689,0
school3_capacity_100e,7,0.0009879583809693,1.618662710932942,0.2999872007927337,0.6496245513101677,0.3345254783022713,459.038961038961,1.2284074460918253,1.6627733036875725,0.3305758886660139,0.6480167042464018,0.3420903528264413,522.859375,0.4233585894107818,0.1136986464262008,0.1747375565639231,0.65828468792097,0.354563044179297,0.4608855121823422,0.4836578369140625,0.20263671875,0.2994484918635528,4398,2283,8006,0.7456068992614746,4.363814500326584,0.0542129327237099,0.1776616590463749,0.25,2180,10,0.0045871559633027,3009,584,0.1940844134263875,5721,2735,0.4780632756511099,1494,1069,0.715528781793842,33.708709513837604,0.4979019165039062,4096.0,604.8429198998492,0
school3_capacity_100e,8,0.0009842915805643,1.5916699856906742,0.2923487102540282,0.6477914836112555,0.3257648960723505,459.0506493506493,1.2036825705658305,1.660771656781435,0.3400211056383947,0.6463909251615405,0.3371798139220724,522.859375,0.4150181412696838,0.1112479567527771,0.1700950555845338,0.5799499940469104,0.3926959045469203,0.4682978416574532,0.4743232429027557,0.232666015625,0.3057368817474266,4871,3528,7533,0.7382194995880127,5.485956890920967,0.0418027433050293,0.1528412802090137,0.25,2180,16,0.0073394495412844,3009,692,0.2299767364572947,5721,3096,0.5411641321447299,1494,1067,0.714190093708166,33.81798022038466,0.5302629470825195,8192.0,600.3185743000358,0
school3_capacity_100e,9,0.0009801468428384,1.5706587441555866,0.2852192431107744,0.6466244217637297,0.3194075397953584,459.0831168831169,1.1585391935202982,1.6435891464352608,0.3284306838177144,0.6470284458870689,0.3340650075115263,522.859375,0.4562472999095917,0.1312131732702255,0.1925494397000875,0.6502825601261664,0.3989035794904869,0.4944785889172037,0.504377007484436,0.2110595703125,0.3284434118818453,4948,2661,7456,0.7473171949386597,4.96995427824951,0.0600914435009797,0.1613324624428478,0.25,2180,32,0.0146788990825688,3009,783,0.2602193419740777,5721,3043,0.5319000174794616,1494,1090,0.7295850066934404,34.07306809401434,0.4981889724731445,8192.0,610.6993853000458,0
school3_capacity_100e,10,0.0009755282581475,1.553071772123312,0.2801984013384813,0.6456664332708755,0.3136034690617741,458.9902597402597,1.1287717717808563,1.6247749235481024,0.3213569539754341,0.6445537824183702,0.3294320927622418,522.859375,0.4363977015018463,0.127501368522644,0.184209253670997,0.6661638256147232,0.3560141889712996,0.464036147743393,0.494420975446701,0.2066650390625,0.30211397687624,4416,2213,7988,0.7508649230003357,4.329849771391247,0.124101894186806,0.2142390594382756,0.25,2180,5,0.0022935779816513,3009,548,0.1821203057494184,5721,2904,0.5076035658101731,1494,959,0.64190093708166,33.21775325448044,0.5302629470825195,8192.0,607.0686717999633,0
school3_capacity_100e,11,0.0009704403844771,1.5351737714433051,0.2754272882814531,0.6444490154842277,0.3076487337807556,459.0694805194805,1.103651087373108,1.618551262343923,0.3152129016816616,0.6444671871140599,0.3294355865412702,522.859375,0.4633725583553314,0.1391112953424453,0.2003582826466299,0.7807959570435882,0.2989358271525314,0.4323441963504926,0.5116364359855652,0.17578125,0.2757902566009669,3708,1041,8696,0.7614043951034546,3.101894186806009,0.1404310907903331,0.2155453951665578,0.25,2180,5,0.0022935779816513,3009,347,0.1153207045530076,5721,2420,0.4230029715084775,1494,936,0.6265060240963856,35.65013636195053,0.4981527328491211,16384.0,575.3219123999588,0
school3_capacity_100e,12,0.0009648882429441,1.5227585119086426,0.2720238372683525,0.6436528854168855,0.3035408951729149,459.0103896103896,1.0964542041351268,1.626319848621885,0.3184550149211039,0.6455107269187769,0.3311770551372319,522.859375,0.4436081647872925,0.1385060101747512,0.1935134320345241,0.6735476260690062,0.3682683005482102,0.4761805483164807,0.4923220872879028,0.216796875,0.3124914488986181,4568,2214,7836,0.7532216906547546,4.4297844546048335,0.0881776616590463,0.1763553233180927,0.25,2180,19,0.0087155963302752,3009,545,0.1811232967763376,5721,2966,0.5184408320223737,1494,1038,0.6947791164658634,35.88945009560353,0.497927188873291,16384.0,570.1342122999486,0
school3_capacity_100e,13,0.0009588773128419,1.5069885822859677,0.2676561837169257,0.6425216454577136,0.2984053758444724,459.0974025974026,1.0734478776331071,1.614843936637044,0.3217109396743278,0.6440789128343264,0.324527045013383,522.859375,0.4468327164649963,0.1360455155372619,0.1920459799526725,0.7287550354882025,0.3062721702676556,0.4312879604927059,0.5062032341957092,0.183349609375,0.2749312490953828,3799,1414,8605,0.7581484913825989,3.4049640757674724,0.1352057478772044,0.2305682560418027,0.25,2180,17,0.0077981651376146,3009,430,0.1429046194749086,5721,2480,0.4334906484880265,1494,872,0.5836680053547524,35.944721481534025,0.5302629470825195,32768.0,570.2249260998797,0
school3_capacity_100e,14,0.000952413526233,1.4946659240629765,0.2630353235192113,0.642219317810876,0.2947056409987536,459.0253246753247,1.0568575188711091,1.6041986191024382,0.3114760630608846,0.6443218768884739,0.324200338916853,522.859375,0.465162068605423,0.1339272558689117,0.1953450999921187,0.7044343006194979,0.3483553692357304,0.4661775811845937,0.5153495073318481,0.196044921875,0.3039319124991207,4321,1813,8083,0.7495230436325073,4.0065316786414105,0.0881776616590463,0.1730894839973873,0.25,2180,33,0.015137614678899,3009,592,0.1967431040212695,5721,2668,0.4663520363572802,1494,1028,0.6880856760374833,36.162005004104486,0.4978847503662109,32768.0,580.0080965999514,0
school3_capacity_100e,15,0.0009455032620941,1.4846047610431523,0.2598335993318976,0.6414103981736419,0.2916803816502744,459.0902597402597,1.034832079689224,1.6037954359004896,0.3109233195427805,0.6435835510492325,0.3246442871944358,522.859375,0.4580108225345611,0.1495378464460373,0.1987730896304128,0.7254399453271826,0.3423089326023863,0.4651366599112668,0.5035107731819153,0.1881103515625,0.3030476054528584,4246,1607,8158,0.759569525718689,3.822991508817766,0.0738079686479425,0.1561071195297191,0.25,2180,14,0.0064220183486238,3009,410,0.1362578929877035,5721,2727,0.4766649187205034,1494,1095,0.7329317269076305,35.98646792338294,0.5302629470825195,32768.0,568.1874120000284,0
school3_capacity_100e,16,0.0009381533400219,1.4724945672146683,0.2559835099264398,0.6406572533892346,0.287926901093164,459.087012987013,1.0157436080567248,1.6092923413962126,0.3129688682189832,0.6440414916723967,0.3261409918001542,522.859375,0.4668324887752533,0.1428929269313812,0.2002252054400742,0.7423837520042758,0.3359400193485972,0.4625631348171171,0.5129491090774536,0.190185546875,0.3008664259927798,4167,1446,8237,0.7526764869689941,3.666231221423906,0.0979751796211626,0.1763553233180927,0.25,2180,18,0.0082568807339449,3009,418,0.1389165835825855,5721,2698,0.4715958748470547,1494,1033,0.6914323962516734,35.5052235698623,0.4976968765258789,65536.0,580.5580817000009,0
school3_capacity_100e,17,0.0009303710135019,1.4649935660424172,0.2546489402167983,0.6401750308739674,0.2850847975387202,459.0441558441559,1.0135617525933625,1.5968125375608604,0.3060000100328277,0.6438188285877308,0.3234968485000233,522.859375,0.4837397336959839,0.1481102705001831,0.2065336919738911,0.7125800815375655,0.3945501451144792,0.507887090078871,0.5327359437942505,0.211669921875,0.3403811378494922,4894,1974,7510,0.7481485605239868,4.485956890920967,0.0809928151534944,0.1600261267145656,0.25,2180,45,0.0206422018348623,3009,818,0.2718511133266866,5721,2961,0.5175668589407446,1494,1070,0.7161981258366801,36.04178262260027,0.5315213203430176,65536.0,571.9490399998613,0
school3_capacity_100e,18,0.000922163962751,1.4539905284906365,0.2503237707322681,0.6397083120299624,0.2819792227795372,459.0785714285714,0.9869393408104972,1.589188465848565,0.3056299743087341,0.6448341502497593,0.319362169985349,522.859375,0.4849330484867096,0.1564034223556518,0.2129264224611688,0.8001274426508072,0.3036923573040954,0.4402758298270219,0.5296787023544312,0.1795654296875,0.2822780067440989,3767,941,8637,0.7660321593284607,3.075114304376225,0.1456564337034618,0.2155453951665578,0.25,2180,12,0.0055045871559633,3009,367,0.1219674310402127,5721,2428,0.424401328439084,1494,960,0.642570281124498,35.727308822462405,0.5302629470825195,65536.0,576.8361674000043,0
school3_capacity_100e,19,0.0009135402871372,1.446994379124084,0.2490347145488123,0.6391069728445697,0.2794263461774046,459.1051948051948,inf,1.5954551709194975,0.3142664461241414,0.6425633166606227,0.319312699449559,522.859375,0.4681802093982696,0.1516143679618835,0.2047062466153875,0.7857459052678176,0.2861980006449532,0.4195721545916558,0.5145007371902466,0.16259765625,0.2654801076877056,3550,968,8854,0.7659593820571899,2.951012410189419,0.1404310907903331,0.2129327237099934,0.25,2180,4,0.0018348623853211,3009,266,0.0884014622798271,5721,2290,0.4002796713861213,1494,990,0.6626506024096386,36.08456303547148,0.497286319732666,65536.0,568.4108214001171,2
school3_capacity_100e,20,0.0009045084971874,1.4374972863630815,0.2463456048255229,0.6385521493948899,0.2762997664607964,459.1357142857143,0.9709068358525054,1.5977789567162592,0.3083208436146378,0.6428648500392834,0.323296629358083,522.859375,0.4735915958881378,0.1394571363925933,0.2029785112754325,0.7229366758912583,0.3580296678490809,0.4788914649269423,0.5183689594268799,0.1859130859375,0.314830568552389,4441,1702,7963,0.7521207928657532,4.012410189418681,0.085564990202482,0.1659046374918354,0.25,2180,20,0.0091743119266055,3009,480,0.1595214356929212,5721,2822,0.493270407271456,1494,1119,0.748995983935743,35.717322726098786,0.4974884986877441,65536.0,565.1175615000539,0
school3_capacity_100e,21,0.0008950775061878,1.428188596375577,0.243671720054049,0.6378876838591192,0.2733145958707704,459.0694805194805,inf,1.5774204805493357,0.3079154717270285,0.6421106470127901,0.3136971801674614,522.859375,0.4695236384868622,0.1594855487346649,0.2121854300115956,0.76657824933687,0.3028861657529829,0.4342097659635943,0.5126471519470215,0.1680908203125,0.2773103041039267,3757,1144,8647,0.7710517048835754,3.201175702155454,0.1084258654474199,0.1841933376877857,0.25,2180,18,0.0082568807339449,3009,257,0.0854104353605849,5721,2411,0.4214298199615451,1494,1071,0.7168674698795181,36.31139188383348,0.4970440864562988,65536.0,566.1086031999439,2
school3_capacity_100e,22,0.0008852566213878,1.4204388475263274,0.2403669100158013,0.6377186208576351,0.2711766596061069,459.0103896103896,0.962021048057389,1.5880187563598156,0.3093159232133378,0.6423308222244183,0.3181860043356816,522.859375,0.4597722291946411,0.1484733670949936,0.2020655534928664,0.737358770142619,0.3209448564979039,0.4472279952816941,0.5063485503196716,0.1826171875,0.2880190999855303,3981,1418,8423,0.7617770433425903,3.5264532984977137,0.0907903331156107,0.1678641410842586,0.25,2180,25,0.0114678899082568,3009,343,0.1139913592555666,5721,2538,0.4436287362349239,1494,1075,0.7195448460508701,35.96757791805134,0.497049331665039,65536.0,575.0941820000298,0
school3_capacity_100e,23,0.0008750555348152,1.4164405574272203,0.2397548792182238,0.6373310346882065,0.2696773218063565,459.0694805194805,0.9622784028966704,1.595303727934758,0.3151871827431023,0.6430106225113074,0.3185529612625639,522.859375,0.4639356732368469,0.1572832763195037,0.2065496523777255,0.7721139430284858,0.2906320541760722,0.4223042230422304,0.5126127600669861,0.1727294921875,0.2676715176715176,3605,1064,8799,0.768521785736084,3.049640757674722,0.1123448726322664,0.1913781841933376,0.25,2180,9,0.0041284403669724,3009,292,0.0970422067131937,5721,2259,0.3948610382800209,1494,1045,0.6994645247657296,35.946943002935086,0.4970631599426269,65536.0,569.5632674000226,0
school3_capacity_100e,24,0.0008644843137107,1.4053078451713958,0.2358741189171741,0.6367339198852514,0.2663499037747259,459.0642857142857,inf,1.5937635668863852,0.3117286135287334,0.6439994772275289,0.3190177356203397,522.859375,0.4727592170238495,0.1579983234405517,0.2090501609665807,0.7818877551020408,0.2965172524991938,0.4299742810381108,0.5148313045501709,0.1741943359375,0.2738644825018615,3678,1026,8726,0.7660165429115295,3.07250163291966,0.1260613977792292,0.1992161985630307,0.25,2180,6,0.0027522935779816,3009,246,0.0817547357926221,5721,2388,0.4174095437860514,1494,1038,0.6947791164658634,36.02785786598663,0.4977064132690429,65536.0,575.547881100094,2
school3_capacity_100e,25,0.0008535533905932,1.4001810460895687,0.2347474861841697,0.6364901228771581,0.2644717179819361,459.0551948051948,0.9390894811455306,1.5891314018517733,0.3131547241937369,0.6428916463628411,0.3165425131252656,522.859375,0.4611623883247375,0.1536186337471008,0.2051385742583079,0.7792939137968378,0.2900677200902934,0.4227718700428882,0.5040708184242249,0.1658935546875,0.2680473813603516,3598,1019,8806,0.7660539150238037,3.015676028739386,0.1116917047681254,0.1854996734160679,0.25,2180,11,0.005045871559633,3009,266,0.0884014622798271,5721,2255,0.3941618598147177,1494,1066,0.713520749665328,36.19788905461582,0.4981341361999511,65536.0,564.0315429000184,0
school3_capacity_100e,26,0.0008422735529643,1.393944166697465,0.2331399558620019,0.6358775022354993,0.2624633548224901,458.9538961038961,0.9437730737707832,1.597499027227362,0.3176807790684203,0.6432795999571681,0.3182693231695642,522.859375,0.4398989975452423,0.1479191929101944,0.1974339564825641,0.7080184331797235,0.3096581747823282,0.43087105277918,0.4858930110931396,0.177734375,0.2745925078638833,3841,1584,8563,0.7617790102958679,3.5434356629653823,0.0809928151534944,0.1730894839973873,0.25,2180,17,0.0077981651376146,3009,296,0.0983715520106347,5721,2417,0.4224785876595001,1494,1111,0.7436412315930389,35.49587704659076,0.4980764389038086,65536.0,568.452358599985,0
school3_capacity_100e,27,0.0008306559326618,1.3880081055226263,0.2314902706144305,0.6355926456776533,0.2604625945354437,458.9759740259741,inf,1.5938943785925703,0.3166459065396338,0.6431851092105111,0.3170316820808996,522.859375,0.4343947172164917,0.1488903760910034,0.1941337313444819,0.7323888996700951,0.3042566913898742,0.4299139944181807,0.4843569993972778,0.1739501953125,0.2738155699049553,3774,1379,8630,0.7670555114746094,3.3657740039190074,0.0875244937949052,0.1639451338994121,0.25,2180,5,0.0022935779816513,3009,208,0.0691259554669325,5721,2464,0.4306939346268135,1494,1097,0.7342704149933066,35.852359373095176,0.4968461990356445,65536.0,579.0246835001744,2
school3_capacity_100e,28,0.0008187119948743,1.384013711245029,0.2299288327140467,0.6353934165332225,0.2593457309166332,459.0402597402597,0.9442822932616456,1.595211333905657,0.3145019153598696,0.6435359468062719,0.3185867374607672,522.859375,0.4435663223266601,0.1470191478729248,0.1977154800435528,0.698407319552694,0.3323121573685907,0.4503441494591937,0.4893771708011627,0.192138671875,0.2906091370558376,4122,1780,8282,0.761469841003418,3.8549967341606792,0.0685826257348138,0.1495754408883083,0.25,2180,18,0.0082568807339449,3009,318,0.1056829511465603,5721,2627,0.4591854570879217,1494,1159,0.7757697456492637,36.22126561958742,0.5302629470825195,65536.0,571.1911327000707,0
school3_capacity_100e,29,0.0008064535268264,1.3759997028035005,0.228037201526103,0.6348886178685473,0.2565369404949151,459.0954545454546,inf,1.6026568145801623,0.3212669761075328,0.6432272391393781,0.3190812967562427,522.859375,0.4321088492870331,0.1480045765638351,0.1935854624724015,0.7140833670578713,0.2845049983876169,0.4068949613743802,0.4766120016574859,0.165771484375,0.2554100021712383,3529,1413,8875,0.765754759311676,3.2279555845852386,0.0914435009797517,0.1841933376877857,0.25,2180,11,0.005045871559633,3009,183,0.0608175473579262,5721,2221,0.3882188428596399,1494,1114,0.7456492637215528,36.09670001269084,0.4972596168518066,65536.0,559.2268987998832,2
school3_capacity_100e,30,0.0007938926261462,1.3719160612527426,0.2252556282785031,0.6348573321258867,0.2559015501725983,459.07142857142856,0.9284236758366808,1.585896298289299,0.3108572043323268,0.6431645266711712,0.3159372843801975,522.859375,0.4631560742855072,0.1624042242765426,0.2092539789504371,0.710006373486297,0.3592389551757498,0.4770877944325481,0.5033652186393738,0.2005615234375,0.3132733408323959,4456,1820,7948,0.7646597623825073,4.099281515349444,0.0725016329196603,0.1443500979751796,0.25,2180,31,0.0142201834862385,3009,440,0.1462279827185111,5721,2817,0.4923964341898269,1494,1168,0.7817938420348058,36.31049289181812,0.4972648620605469,65536.0,572.4544383999892,0
school3_capacity_100e,31,0.000781041688926,1.366828455630835,0.2252732277932492,0.6343960719062136,0.2535795785486698,458.8415584415585,0.9334851170321564,1.597227793186903,0.3150271628207217,0.6438724789768457,0.3191640768200159,522.859375,0.4339849352836609,0.1482101827859878,0.1956344107631594,0.7192778101339545,0.2986939696871977,0.4221019652520649,0.4784230887889862,0.1719970703125,0.2675090252707581,3705,1446,8699,0.7658501863479614,3.364467668190725,0.085564990202482,0.1685173089483997,0.25,2180,12,0.0055045871559633,3009,213,0.0707876370887338,5721,2375,0.4151372137738158,1494,1105,0.7396251673360107,36.204963403653245,0.5315213203430176,65536.0,572.2144458000548,0
school3_capacity_100e,32,0.0007679133974894,1.3604824130411273,0.2230264642844339,0.6339851879454278,0.2517353798855434,459.07207792207794,inf,1.613536709919572,0.3229744047857821,0.6458293649678429,0.322366470315804,522.859375,0.4424815773963928,0.1460326761007309,0.1944794418290257,0.7478279296461114,0.2845049983876169,0.4121941248612976,0.491580069065094,0.167724609375,0.2595998234515227,3529,1190,8875,0.7680389285087585,3.0822991508817768,0.1110385369039843,0.1992161985630307,0.25,2180,14,0.0064220183486238,3009,219,0.0727816550348953,5721,2206,0.3855969236147527,1494,1090,0.7295850066934404,36.37843820267789,0.5302629470825195,65536.0,577.4228992001154,2
school3_capacity_100e,33,0.0007545207078751,1.355168447711251,0.2211129863540847,0.6337224029875421,0.2501665293783336,459.1149350649351,0.9270414754554824,1.598266231516997,0.3145925356075167,0.6438297284767032,0.3199219805343697,522.859375,0.4449865221977234,0.1426895856857299,0.1956378529808717,0.7055214723926381,0.3337633021605933,0.4531523642732049,0.4922965764999389,0.1884765625,0.292952165298613,4140,1728,8264,0.7606906294822693,3.8327890267798814,0.0718484650555192,0.1606792945787067,0.25,2180,25,0.0114678899082568,3009,352,0.1169823861748089,5721,2661,0.4651284740429994,1494,1102,0.7376171352074966,36.13193933101513,0.4970331192016601,65536.0,569.4047299998347,0
school3_capacity_100e,34,0.0007408768370508,1.3492047517330616,0.2195586041632023,0.6333775780030659,0.2481342848922525,459.1077922077922,0.928259275137604,1.5968193635344503,0.3179670249422391,0.6433745194226503,0.3177389098176111,522.859375,0.432686984539032,0.1496750563383102,0.1952754896337865,0.7139427516158818,0.3116736536601096,0.4339188506650204,0.4771351814270019,0.18359375,0.2770730308894145,3866,1549,8538,0.7635363340377808,3.536903984323972,0.0757674722403657,0.1678641410842586,0.25,2180,12,0.0055045871559633,3009,200,0.0664672648720505,5721,2533,0.4427547631532949,1494,1121,0.750334672021419,36.08616957100138,0.5302629470825195,65536.0,568.1799681000412,0
school3_capacity_100e,35,0.0007269952498697,1.3454167912532755,0.2187188284931245,0.6330017552360312,0.2468481031234388,459.06233766233765,inf,1.5939934657265742,0.3155938826190929,0.6443812350432078,0.3170091732560346,522.859375,0.4470291435718536,0.1562204211950302,0.2018910330953076,0.702030124426981,0.345694937117059,0.463267070008643,0.4907445311546325,0.1949462890625,0.3014623172103487,4288,1820,8116,0.762039840221405,3.989549314173743,0.0581319399085565,0.1489222730241672,0.25,2180,19,0.0087155963302752,3009,318,0.1056829511465603,5721,2821,0.4930956126551302,1494,1130,0.7563587684069611,36.04345578985079,0.4972481727600097,65536.0,574.1789134000428,2
school3_capacity_100e,36,0.0007128896457825,1.341062326013268,0.2168836832772214,0.6329859612049995,0.2455963411307954,459.0538961038961,0.9200313588047956,1.5973087108383577,0.320472833312427,0.6429289663210511,0.3169534550203631,522.859375,0.4345049262046814,0.154943436384201,0.1983309143688529,0.7061792863359443,0.3270719122863592,0.4470769739379581,0.4786765277385711,0.19580078125,0.2878938404768663,4057,1688,8347,0.7637327909469604,3.752449379490529,0.0672762900065316,0.1541476159372959,0.25,2180,11,0.005045871559633,3009,240,0.0797607178464606,5721,2655,0.4640797063450446,1494,1151,0.7704149933065596,35.86959037588343,0.4981427192687988,65536.0,571.9950162998866,0
school3_capacity_100e,37,0.0006985739453173,1.3362590906681953,0.2151465463560897,0.632532798392432,0.2442898728437238,459.1051948051948,inf,1.5929509947697322,0.3151587987473855,0.6440555723384023,0.3168683129673202,522.859375,0.4560489952564239,0.1579575091600418,0.2071403395239031,0.7147137150466045,0.3461786520477265,0.4664349337388659,0.4973760545253753,0.1912841796875,0.3041507295650942,4294,1714,8110,0.765725314617157,3.924232527759634,0.0653167864141084,0.1456564337034618,0.25,2180,31,0.0142201834862385,3009,353,0.1173147224991691,5721,2768,0.4838314979898619,1494,1142,0.7643908969210174,36.33234300688776,0.4972696304321289,65536.0,573.9051603002008,2
school3_capacity_100e,38,0.0006840622763423,1.3293509226340752,0.2131246652357377,0.6322573554980291,0.2419844516105466,459.1,0.9251659968650188,1.6026500165462494,0.3200279811086754,0.6442085138211647,0.3192067604201535,522.859375,0.4462282061576843,0.1509559005498886,0.2014265190897276,0.7396111322912695,0.3128023218316672,0.4396600566572238,0.4928231537342071,0.186767578125,0.2817719680464778,3880,1366,8524,0.7660750150680542,3.426518615284128,0.0875244937949052,0.1730894839973873,0.25,2180,12,0.0055045871559633,3009,215,0.0714523097374543,5721,2526,0.4415312008390141,1494,1127,0.7543507362784472,35.9130414089497,0.496835708618164,65536.0,577.2155406000093,0
school3_capacity_100e,39,0.0006693689601226,1.326780705018477,0.2120927328655085,0.6321220300027303,0.2412829710872142,458.9993506493507,0.9268764793098748,1.6094609207163255,0.3287952692868809,0.6439993878205618,0.3183331312611699,522.859375,0.4266612231731415,0.1438895761966705,0.1942511405795812,0.7030623405030988,0.3109480812641083,0.4311906092789266,0.4695948958396911,0.184814453125,0.2748521342549704,3857,1629,8547,0.7641057372093201,3.5832789026779883,0.0744611365120836,0.1639451338994121,0.25,2180,15,0.0068807339449541,3009,255,0.0847457627118644,5721,2469,0.4315679077084425,1494,1118,0.7483266398929049,35.912386185286806,0.5302629470825195,65536.0,572.4859647999983,0
school3_capacity_100e,40,0.0006545084971874,1.3223117842302694,0.2110004527083078,0.6318291596390985,0.2397410865437675,459.0298701298701,inf,1.6012411067883174,0.3251872315692405,0.6442105534176031,0.315921660978347,522.859375,0.4277052879333496,0.1516173183917999,0.1958433851599693,0.7075660893345488,0.3128829409867784,0.4338979260998379,0.4748611152172088,0.185546875,0.2770559680182752,3881,1604,8523,0.7678356170654297,3.5826257348138477,0.0705421293272371,0.1528412802090137,0.25,2180,4,0.0018348623853211,3009,225,0.0747756729810568,5721,2487,0.4347142108023072,1494,1165,0.7797858099062919,36.24244803686825,0.4977498054504394,65536.0,565.557947000023,2
school3_capacity_100e,41,0.0006394955530196,1.3182744164745528,0.2092131199291,0.6315364520658147,0.2387624220124312,458.92792207792206,0.9284998486955444,1.6107089190433423,0.3291285648786773,0.6436503203585744,0.3189650164761891,522.859375,0.409023106098175,0.1372846066951751,0.1829906560014933,0.675207633857572,0.3080457916801032,0.4230747937773349,0.4555065333843231,0.188720703125,0.2682909703693301,3821,1838,8583,0.7592055797576904,3.696276943174396,0.0705421293272371,0.1515349444807315,0.25,2180,7,0.0032110091743119,3009,197,0.0654702558989697,5721,2472,0.43209229155742,1494,1145,0.7663989290495314,35.955746262782746,0.4972739219665527,65536.0,566.2772835001815,0
school3_capacity_100e,42,0.0006243449435824,1.3140490707251933,0.2078318863042763,0.6313200920433193,0.2374485459033544,459.0409090909091,0.9319955757879592,1.6136491484940052,0.3323007267899811,0.6453265004480878,0.3180109601623068,522.859375,0.4114698767662048,0.1417151987552642,0.1855557674454758,0.6899701715137957,0.2983714930667526,0.4165916253939667,0.4607390761375427,0.1763916015625,0.2630980308523494,3701,1663,8703,0.7638880610466003,3.503592423252776,0.0862181580666231,0.1606792945787067,0.25,2180,11,0.005045871559633,3009,167,0.0555001661681621,5721,2377,0.4154868030064674,1494,1146,0.7670682730923695,35.65117638657118,0.4981155395507812,65536.0,580.1672235999722,0
school3_capacity_100e,43,0.0006090716206982,1.3099472636913323,0.2064505429865865,0.6312498133677941,0.2361234528968086,459.05584415584417,inf,1.6100593668719132,0.3314419182327886,0.6435350949565569,0.3175411807994048,522.859375,0.4115395545959472,0.1414173394441604,0.1853349808661732,0.6658755721308697,0.3166720412770074,0.429219253674261,0.4637371897697449,0.1951904296875,0.2732521739130434,3928,1971,8476,0.7633907198905945,3.853037230568256,0.0574787720444154,0.1489222730241672,0.25,2180,12,0.0055045871559633,3009,241,0.0800930541708208,5721,2513,0.4392588708267785,1494,1162,0.7777777777777778,35.670902964646245,0.4972963333129883,65536.0,573.45574019989,2
school3_capacity_100e,44,0.0005936906572928,1.3057379277882637,0.2057760381272861,0.630758318227607,0.2346017858134461,459.0,0.937411968022972,1.63055390988787,0.339370334520936,0.645940851730605,0.3226213643016914,522.859375,0.3978367149829864,0.1350583583116531,0.1779657835228136,0.6437246963562753,0.3076426959045469,0.4163211869954178,0.4540277123451233,0.1922607421875,0.262882336731882,3816,2112,8588,0.7610685229301453,3.8719790986283473,0.0587851077726975,0.1619856303069889,0.25,2180,9,0.0041284403669724,3009,198,0.06580259222333,5721,2461,0.430169550777836,1494,1148,0.7684069611780455,35.35152797562781,0.4979348182678222,65536.0,572.6136043998413,0
school3_capacity_100e,45,0.0005782172325201,1.3009399696216954,0.2030061285362228,0.6306802835557368,0.2336267793139854,459.0474025974026,inf,1.6162240492800872,0.3343709554368009,0.6438140471776327,0.3190195202672233,522.859375,0.4238291084766388,0.1465766131877899,0.1906435071025043,0.7007859623469201,0.3090938406965495,0.4289790209790209,0.4703899323940277,0.175048828125,0.2730574745388505,3834,1637,8570,0.7637879252433777,3.573481384715872,0.0816459830176355,0.1613324624428478,0.25,2180,11,0.005045871559633,3009,224,0.0744433366566965,5721,2463,0.4305191400104877,1494,1136,0.7603748326639893,35.272220309046,0.5302629470825195,65536.0,583.6657426999882,2
school3_capacity_100e,46,0.0005626666167821,1.2985824608957612,0.2030603791405628,0.6304198448147093,0.2325511188572877,459.0487012987013,0.9397508754358664,1.624825316791733,0.3331113616780688,0.645729244997104,0.3229923559507976,522.859375,0.4231145083904266,0.1441376507282257,0.1914538386481581,0.720173535791757,0.2944211544663012,0.4179685264663805,0.4726688265800476,0.1822509765625,0.2641973522390219,3652,1419,8752,0.7662789225578308,3.3122142390594385,0.0796864794252122,0.1613324624428478,0.25,2180,11,0.005045871559633,3009,215,0.0714523097374543,5721,2283,0.3990561090718406,1494,1143,0.7650602409638554,35.05101400158387,0.5302629470825195,65536.0,585.0079318000935,0
school3_capacity_100e,47,0.0005470541566592,1.2930710249519968,0.2006963269518954,0.63020579582685,0.2310844515099541,459.03311688311686,0.9348178420167464,1.6216834019869566,0.3379377732053399,0.6447350746020675,0.3195052787195891,522.859375,0.407230406999588,0.1351203024387359,0.1804147129878401,0.668572449526532,0.3016768784263141,0.4157546802955391,0.4582312405109405,0.18798828125,0.2624307454940739,3742,1855,8662,0.7618609666824341,3.655780535597649,0.0600914435009797,0.1515349444807315,0.25,2180,17,0.0077981651376146,3009,188,0.0624792289797274,5721,2401,0.419681873798287,1494,1136,0.7603748326639893,35.009631680435206,0.4981288909912109,65536.0,584.7095503001474,0
school3_capacity_100e,48,0.0005313952597646,1.2889086565414032,0.1997335512384578,0.6299275688149713,0.2296237687785904,459.00584415584416,inf,1.617896368727088,0.3354823901318013,0.6439262945204973,0.3192438419597844,522.859375,0.4190703332424164,0.1418636590242386,0.1861110815778374,0.6505668582077963,0.3377136407610448,0.4446213447964761,0.4658328890800476,0.19775390625,0.2858605159000955,4189,2250,8215,0.7582412362098694,4.205747877204441,0.0542129327237099,0.1332462442847811,0.25,2180,18,0.0082568807339449,3009,294,0.0977068793619142,5721,2692,0.4705471071490998,1494,1185,0.7931726907630522,34.851614986770606,0.4981451034545898,65536.0,585.5188287000638,2
school3_capacity_100e,49,0.000515705379539,1.2859543596769307,0.198812207497366,0.6297056329327745,0.2287182591662004,459.0837662337663,0.9367510834491098,1.6159883613387744,0.3370841042293857,0.6448880682388941,0.3170080933875094,522.859375,0.4199087619781494,0.1472703218460083,0.190881988586625,0.6724257083621286,0.3137697516930022,0.4278803869832893,0.4666400849819183,0.17626953125,0.2721678321678322,3892,1896,8512,0.7649120688438416,3.780535597648596,0.0679294578706727,0.1423905943827563,0.25,2180,10,0.0045871559633027,3009,216,0.0717846460618145,5721,2480,0.4334906484880265,1494,1186,0.7938420348058902,35.014270928245814,0.4981565475463867,65536.0,583.120812300127,0
school3_capacity_100e,50,0.0005,1.2812481753237837,0.1970131550613161,0.6296447157472759,0.2272951530074918,458.95714285714286,inf,1.6275366606811683,0.3476820951327681,0.6446582383165756,0.3175981642367939,522.859375,0.4118277430534363,0.1463315933942794,0.1872361466230359,0.6962025316455697,0.2926475330538536,0.41207855602225,0.4604713320732116,0.175537109375,0.2595081498427223,3630,1584,8774,0.7688652873039246,3.405617243631613,0.0803396472893533,0.1652514696276943,0.25,2180,11,0.005045871559633,3009,196,0.0651379195746095,5721,2296,0.4013284390840762,1494,1127,0.7543507362784472,34.934954999379336,0.4972677230834961,65536.0,586.9061551000923,2
school3_capacity_100e,51,0.0004842946204609,1.2792822136120363,0.1966601503021144,0.6293479645407045,0.2266370492370484,459.0688311688312,0.9511346426490064,1.623252368842562,0.3417183570563793,0.6441721776500344,0.3186809194739908,522.859375,0.4194888472557068,0.1392866969108581,0.186744676460512,0.6738297517907713,0.3261044824250242,0.4395067094040311,0.4695884585380554,0.1712646484375,0.2816460103049714,4045,1958,8359,0.7591273784637451,3.920966688438929,0.0587851077726975,0.1384715871979098,0.25,2180,21,0.0096330275229357,3009,286,0.0950481887670322,5721,2560,0.4474742177940919,1494,1178,0.7884872824631861,35.09090354664906,0.497715950012207,65536.0,580.266583800083,0
school3_capacity_100e,52,0.0004686047402353,1.275098977615307,0.1950679891343627,0.6291962009745758,0.2254173934653207,459.0902597402597,0.9516146286160916,1.6277219528953235,0.3392884071605901,0.646236650335292,0.3210984483982126,522.859375,0.4138443171977997,0.141881987452507,0.1859958979708608,0.6684400205937875,0.314011609158336,0.4272941692721189,0.4668610095977783,0.1746826171875,0.2716936383928571,3895,1932,8509,0.7637552618980408,3.806009144350098,0.0685826257348138,0.1521881123448726,0.25,2180,18,0.0082568807339449,3009,277,0.0920571618477899,5721,2452,0.4285963992309037,1494,1148,0.7684069611780455,34.664159820947376,0.4981417655944824,65536.0,592.6159535001498,0
school3_capacity_100e,53,0.0004529458433407,1.2717863337560134,0.1938294920659104,0.6289972663699807,0.2244797878789824,459.038961038961,inf,1.6242070328444242,0.3404522423322002,0.6449603062743942,0.319397238548845,522.859375,0.4227451980113983,0.1457615047693252,0.1888988569320645,0.6577806327284407,0.3302160593356981,0.439697278729,0.4701365828514099,0.1839599609375,0.2818025455796353,4096,2131,8308,0.7617484927177429,4.067276290006531,0.0581319399085565,0.1384715871979098,0.25,2180,18,0.0082568807339449,3009,269,0.0893984712529079,5721,2610,0.4562139486103828,1494,1199,0.8025435073627845,34.79902322175186,0.4968252182006836,65536.0,586.4668006000575,2
school3_capacity_100e,54,0.0004373333832178,1.2678581896153365,0.192877341739156,0.6286972407396738,0.223141805014827,459.06103896103895,0.954636188722276,1.6418565691759188,0.3523072550694148,0.6455131818850836,0.3220180657226592,522.859375,0.4118961691856384,0.1419994235038757,0.1851443579071201,0.6934183386461654,0.2981296356014189,0.4169814512036985,0.4603427350521087,0.1712646484375,0.2634090747204217,3698,1635,8706,0.7656556367874146,3.4833442194644024,0.0659699542782495,0.1534944480731548,0.25,2180,16,0.0073394495412844,3009,201,0.0667996011964107,5721,2327,0.4067470721901765,1494,1154,0.7724230254350736,35.123411432152125,0.4981632232666015,65536.0,580.4821637999266,0
school3_capacity_100e,55,0.0004217827674798,1.2656937471844931,0.1921964763869325,0.6286649517811738,0.2224161593074148,458.97662337662337,0.9613247322958786,1.6389227130760748,0.3555809814327706,0.6443733377382159,0.3194841954391449,522.859375,0.414665937423706,0.1414151638746261,0.186087651620619,0.6798791325986492,0.3083682683005482,0.4242928452579035,0.4603094458580017,0.156005859375,0.2692713833157339,3825,1801,8579,0.7637090086936951,3.67472240365774,0.0633572828216851,0.1502286087524493,0.25,2180,14,0.0064220183486238,3009,241,0.0800930541708208,5721,2400,0.4195070791819612,1494,1170,0.7831325301204819,34.54745359975607,0.4981656074523926,65536.0,579.3531297000591,0
school3_capacity_100e,56,0.0004063093427071,1.2601426085094354,0.1903958526960054,0.6283392304723913,0.2207037627213187,459.07207792207794,inf,1.635911364108324,0.3532935661108543,0.6442397472759088,0.3191890208981931,522.859375,0.4027985632419586,0.1407011002302169,0.1818596552329836,0.6670809659090909,0.3028861657529829,0.4166112220004435,0.4547314345836639,0.172119140625,0.2631136634218082,3757,1875,8647,0.7657178640365601,3.6786414108425856,0.0594382756368386,0.1423905943827563,0.25,2180,11,0.005045871559633,3009,189,0.0628115653040877,5721,2374,0.4149624191574899,1494,1183,0.7918340026773761,34.75025867016525,0.4976840019226074,32768.0,583.33542950009,2
school3_capacity_100e,57,0.0003909283793017,1.257693845227167,0.1890059520720274,0.6283366412311405,0.2201756259740947,459.07207792207794,0.9617209402191176,1.6356654446572063,0.3476345646971215,0.6453353641554713,0.3213477557680259,522.859375,0.4137236475944519,0.1395940631628036,0.1834905225987313,0.667171207534477,0.3198161883263463,0.4323705722070844,0.46415776014328,0.1788330078125,0.2758117221720086,3967,1979,8437,0.7599424719810486,3.883736120182887,0.0542129327237099,0.1450032658393207,0.25,2180,14,0.0064220183486238,3009,239,0.0794283815221003,5721,2534,0.4429295577696207,1494,1180,0.7898259705488622,34.658308445534765,0.5302629470825195,32768.0,585.1457953997888,0
school3_capacity_100e,58,0.0003756550564175,1.2554330903601336,0.1886662350459532,0.6280941778963263,0.219336337842918,459.088961038961,0.9684124402798616,1.642825733249386,0.3547957950116445,0.6453834831093749,0.3213232291551928,522.859375,0.4139679670333862,0.141838788986206,0.1857246025581844,0.6895094616939188,0.3025636891325379,0.4205748865355522,0.4647071957588196,0.175048828125,0.2662835249042146,3753,1690,8651,0.7626171112060547,3.555192684519921,0.0711952971913781,0.1626387981711299,0.25,2180,14,0.0064220183486238,3009,234,0.0777666999002991,5721,2378,0.4156615976227932,1494,1127,0.7543507362784472,34.640705183323306,0.496835708618164,32768.0,587.3075560999569,0
school3_capacity_100e,59,0.0003605044469803,1.252390525286848,0.187578249217144,0.6279496468119807,0.2184313141777144,459.0798701298701,0.9634464346549728,1.6416727422426145,0.3560157749646653,0.6446088360001644,0.3205240669970711,522.859375,0.4202129244804382,0.1470071971416473,0.1889261028380133,0.6914140497367943,0.3070783618187681,0.4252777312566292,0.4674589335918426,0.1788330078125,0.2700652297220646,3809,1700,8595,0.7673891186714172,3.5983017635532333,0.0725016329196603,0.1613324624428478,0.25,2180,18,0.0082568807339449,3009,254,0.0844134263875041,5721,2393,0.4182835168676804,1494,1144,0.7657295850066934,34.63408954262158,0.4977188110351562,65536.0,592.175447100075,0
school3_capacity_100e,60,0.0003454915028125,1.2478571935520544,0.1857179894220906,0.6276339083135902,0.2172526474316398,459.1344155844156,0.966989303002884,1.6410849560052156,0.3542508703346054,0.6449307268485427,0.3209516774707784,522.859375,0.4181548655033111,0.1467180997133255,0.1891488200519234,0.6859504132231405,0.3144953240890035,0.431264164501686,0.4717141985893249,0.1751708984375,0.2749119097956307,3901,1786,8503,0.7664161920547485,3.714565643370346,0.0600914435009797,0.1534944480731548,0.25,2180,20,0.0091743119266055,3009,283,0.0940511797939514,5721,2459,0.4298199615451844,1494,1139,0.7623828647925034,33.94984716536294,0.4977002143859863,65536.0,599.0702492999844,0
school3_capacity_100e,61,0.0003306310398773,1.2444106065220648,0.1847616959895406,0.6276460815946777,0.2160014150881922,459.0461038961039,inf,1.6401381666461627,0.3538721569348126,0.6455258581166466,0.32037007700031,522.859375,0.409951388835907,0.1421458423137664,0.1854431134677724,0.6518590053114437,0.3265075782005804,0.4350862115270989,0.461296945810318,0.1793212890625,0.2780256744696918,4050,2163,8354,0.7639054656028748,4.058131939908557,0.054866100587851,0.1384715871979098,0.25,2180,21,0.0096330275229357,3009,286,0.0950481887670322,5721,2564,0.4481733962593952,1494,1179,0.7891566265060241,34.571865805758975,0.4976968765258789,65536.0,585.0830786998849,2
school3_capacity_100e,62,0.0003159377236576,1.243107421212382,0.1844079993471696,0.6273914237301071,0.2156539982886283,459.1207792207792,0.976226613486742,1.6462954574575026,0.3568704154652853,0.6457595257088542,0.321832755425324,522.859375,0.4041449725627899,0.137997105717659,0.1811318570107687,0.6648034934497816,0.3068365043534344,0.419879750675713,0.4573530554771423,0.1795654296875,0.2657264539551769,3806,1919,8598,0.7628697156906128,3.7393860222077073,0.0581319399085565,0.1508817766165904,0.25,2180,14,0.0064220183486238,3009,220,0.0731139913592555,5721,2430,0.4247509176717357,1494,1142,0.7643908969210174,34.72229401043442,0.4981341361999511,65536.0,585.3649721001275,0
school3_capacity_100e,63,0.0003014260546826,1.2401416739473097,0.1840795905438143,0.627201164581559,0.2144304594000825,459.0707792207792,0.9843312892820928,1.6426394656300545,0.3567097822669893,0.6451585094134012,0.3203855880225698,522.859375,0.4138126969337463,0.1409397423267364,0.1856785661773756,0.668824531516184,0.3165108029667849,0.4296815147203677,0.4680870175361633,0.171142578125,0.2736269863395595,3926,1944,8478,0.762366533279419,3.834095362508165,0.0522534291312867,0.1417374265186153,0.25,2180,18,0.0082568807339449,3009,255,0.0847457627118644,5721,2476,0.4327914700227233,1494,1177,0.7878179384203481,34.600436113913666,0.4970822334289551,65536.0,594.5517766999546,0
school3_capacity_100e,64,0.0002871103542174,1.236452717943625,0.1819787987060361,0.627020115279532,0.2137269025934594,459.0655844155844,inf,1.6427354868501425,0.3554264620567361,0.6450705649331212,0.3211192328793307,522.859375,0.4203726649284363,0.147311270236969,0.1886514943558722,0.6826923076923077,0.3148178007094486,0.4309203266387111,0.4717055559158325,0.1688232421875,0.2746325339334693,3905,1815,8499,0.7641690969467163,3.736120182887002,0.0607446113651208,0.1482691051600261,0.25,2180,16,0.0073394495412844,3009,266,0.0884014622798271,5721,2474,0.4324418807900717,1494,1149,0.7690763052208835,34.67897072270225,0.4975066184997558,65536.0,587.4983298999723,2
school3_capacity_100e,65,0.0002730047501302,1.234799078455219,0.1811347729635316,0.6269844656640833,0.2133399195872344,458.94935064935066,0.9850346661620326,1.6575442993392546,0.3673964497478058,0.6455439754451314,0.3223019381985068,522.859375,0.4026195108890533,0.135226622223854,0.1797788004681933,0.6971677559912854,0.2837794259916156,0.4033690483011516,0.4562645256519317,0.1708984375,0.252637622909639,3520,1529,8884,0.7650005221366882,3.2978445460483345,0.069888961463096,0.1639451338994121,0.25,2180,11,0.005045871559633,3009,172,0.0571618477899634,5721,2218,0.3876944590106624,1494,1119,0.748995983935743,34.55158059305771,0.4970388412475586,65536.0,595.5837846000213,0
school3_capacity_100e,66,0.0002591231629491,1.2315644393493603,0.1806308102104571,0.6268158573995937,0.212058885656781,458.9974025974026,0.9835114839208592,1.6549095480392375,0.3622827297852685,0.6463242089375854,0.3231513057059298,522.859375,0.4012152552604675,0.1350538432598114,0.1789650269201956,0.6710945802337939,0.3054659787165431,0.4198337950138504,0.4575488269329071,0.170654296875,0.2656896430825328,3789,1857,8615,0.7640379071235657,3.6877857609405615,0.0653167864141084,0.155453951665578,0.25,2180,15,0.0068807339449541,3009,226,0.075108009305417,5721,2402,0.4198566684146128,1494,1146,0.7670682730923695,34.4167238517806,0.5302629470825195,65536.0,590.0408282999415,0
school3_capacity_100e,67,0.0002454792921248,1.2279432474792775,0.1788166763744764,0.6268625401831293,0.2111320158539267,458.9798701298701,inf,1.6457789726555347,0.3591255689971149,0.6448150807991624,0.3209191584028303,522.859375,0.4038116931915283,0.138516291975975,0.1818864842760376,0.6499345977763243,0.3204611415672364,0.4292656587473001,0.4583421945571899,0.1673583984375,0.2732897903059471,3975,2141,8429,0.7636004686355591,3.994774657086871,0.0555192684519921,0.1410842586544742,0.25,2180,19,0.0087155963302752,3009,250,0.0830840810900631,5721,2542,0.4443279147002272,1494,1164,0.7791164658634538,34.69372367087537,0.5302629470825195,65536.0,591.0723643999081,2
school3_capacity_100e,68,0.0002320866025105,1.2253274581649087,0.1783346809011388,0.6264572838684181,0.2102677468549121,459.0409090909091,0.9966757304676168,1.6553194547692935,0.3613071438545982,0.64598692022264,0.3240126937938233,522.859375,0.4121407866477966,0.1412605941295623,0.1850600514851976,0.6706505036708212,0.3166720412770074,0.430206450906303,0.4635200798511505,0.166259765625,0.2740528849508128,3928,1929,8476,0.7629290819168091,3.8256041802743295,0.0607446113651208,0.1456564337034618,0.25,2180,16,0.0073394495412844,3009,255,0.0847457627118644,5721,2503,0.4375109246635204,1494,1154,0.7724230254350736,34.4051781588017,0.4981541633605957,65536.0,598.7376810999122,0
school3_capacity_100e,69,0.0002189583110739,1.224608846415173,0.1776031332066306,0.6263561229814183,0.2103247954715769,458.94415584415583,0.9968661171855864,1.6455943267792463,0.3610089474047224,0.6446481080104908,0.3199686351387451,522.859375,0.4186611473560333,0.1493914127349853,0.1900320212356746,0.6827694454133241,0.3156239922605611,0.43169037380086,0.4698667824268341,0.1683349609375,0.2752583843071082,3915,1819,8489,0.7658382654190063,3.745264532984977,0.0640104506858262,0.1495754408883083,0.25,2180,19,0.0087155963302752,3009,269,0.0893984712529079,5721,2460,0.4299947561615102,1494,1167,0.7811244979919679,34.60513243390206,0.4976773262023926,65536.0,595.8396902000532,0
school3_capacity_100e,70,0.0002061073738537,1.2208614461607747,0.1770324160864988,0.6262481110823619,0.2087904595854607,459.1363636363636,inf,1.660184444859624,0.3669630429552247,0.6461543139691154,0.3235335424542427,522.859375,0.4051434397697449,0.1410849690437317,0.1826729374821298,0.6637931034482759,0.3103837471783295,0.4229839595693254,0.4593762457370758,0.1727294921875,0.2682179183502856,3850,1950,8554,0.7652000188827515,3.788373612018289,0.062050947093403,0.1528412802090137,0.25,2180,18,0.0082568807339449,3009,257,0.0854104353605849,5721,2419,0.4228281768921517,1494,1156,0.7737617135207496,34.764618746971514,0.497258186340332,65536.0,594.2509103999473,2
school3_capacity_100e,71,0.0001935464731735,1.2191649801545328,0.1760783184755158,0.6261669735242794,0.2084598434242335,459.0935064935065,0.9972094499832624,1.6579698796073596,0.3671821129197876,0.645147928657631,0.32281991885975,522.859375,0.4032655954360962,0.1406300365924835,0.1817856452486012,0.6760613628255441,0.3055465978716543,0.4208772903942254,0.4581181108951568,0.1705322265625,0.2665260196905766,3790,1816,8614,0.765033483505249,3.6616590463749183,0.0692357935989549,0.1580666231221424,0.25,2180,15,0.0068807339449541,3009,222,0.073778664007976,5721,2394,0.4184583114840063,1494,1159,0.7757697456492637,34.73905038875277,0.4979028701782226,65536.0,598.082255500136,0
school3_capacity_100e,72,0.0001812880051256,1.2159980166268038,0.1753159115840862,0.6260403731813678,0.2073208658435902,459.0474025974026,inf,1.6629771497100592,0.3710646529992421,0.6456802673637867,0.3231161159152786,522.859375,0.3982882499694824,0.1368431597948074,0.1785452692594845,0.6576358930112166,0.3072396001289906,0.4188142205615693,0.4560177326202392,0.1697998046875,0.2648735056991937,3811,1984,8593,0.7635037899017334,3.7851077726975833,0.0607446113651208,0.1508817766165904,0.25,2180,18,0.0082568807339449,3009,215,0.0714523097374543,5721,2420,0.4230029715084775,1494,1158,0.7751004016064257,34.69185550868259,0.4972639083862304,65536.0,595.0565152000636,2
school3_capacity_100e,73,0.0001693440673381,1.2125948465876766,0.1737680481770983,0.6258767217010647,0.2064750373653777,459.09090909090907,1.0037209288253413,1.648707468683521,0.3605590017202,0.6453577211747566,0.321395372506231,522.859375,0.4171583652496338,0.146549180150032,0.1872006961202714,0.6527402700555996,0.3312641083521445,0.439488742713514,0.4693357050418854,0.1776123046875,0.281631254283756,4109,2186,8295,0.7626651525497437,4.111691704768125,0.0542129327237099,0.1410842586544742,0.25,2180,24,0.0110091743119266,3009,315,0.1046859421734795,5721,2609,0.456039153994057,1494,1161,0.7771084337349398,34.35946326495592,0.4974937438964844,65536.0,595.0193702999968,0
school3_capacity_100e,74,0.0001577264470356,1.2120558367534118,0.1734799897056315,0.6259535464373502,0.2063111510127782,459.0487012987013,inf,1.657414300988118,0.3674390006344765,0.645583262356619,0.3221960153896361,522.859375,0.4061008989810943,0.1411793231964111,0.1823577414557803,0.6646613956686146,0.3117542728152209,0.4244320052683569,0.4612287580966949,0.18017578125,0.2693834900731452,3867,1951,8537,0.7634023427963257,3.800130633572828,0.062050947093403,0.1508817766165904,0.25,2180,15,0.0068807339449541,3009,252,0.0837487537387836,5721,2441,0.4266736584513197,1494,1159,0.7757697456492637,34.60637405737463,0.4981293678283691,32768.0,599.0615176002029,2
school3_capacity_100e,75,0.0001464466094067,1.2110476360305564,0.1736226122100632,0.6258162540661825,0.2058043853851494,459.0201298701299,1.0131169442619596,1.6636670821656785,0.3705836640826116,0.6453512838731209,0.3238660692392538,522.859375,0.4023096859455108,0.1354646682739257,0.1787202861654805,0.6463112724872091,0.3157046114156723,0.4241997508530574,0.4592210650444031,0.179931640625,0.269196397882725,3916,2143,8488,0.7622234225273132,3.957544088830829,0.0555192684519921,0.1469627694317439,0.25,2180,23,0.0105504587155963,3009,262,0.0870721169823861,5721,2461,0.430169550777836,1494,1170,0.7831325301204819,34.45226368450654,0.4981226921081543,32768.0,591.7498898999766,0
school3_capacity_100e,76,0.0001355156862892,1.210019325358527,0.1733279286726535,0.6255546975058395,0.2055683488292353,459.0461038961039,1.019260915417176,1.6681525086363156,0.3776091404724866,0.6453719660639763,0.3225857035722583,522.859375,0.4006285965442657,0.1371911317110061,0.1811054289340972,0.6657768286171917,0.3015962592712028,0.4151362148365977,0.4548543095588684,0.1705322265625,0.2619381039070158,3741,1878,8663,0.7643691897392273,3.670150228608752,0.0613977792292619,0.1502286087524493,0.25,2180,16,0.0073394495412844,3009,219,0.0727816550348953,5721,2369,0.4140884460758608,1494,1137,0.7610441767068273,34.663460560450645,0.4972848892211914,32768.0,590.1410863001365,0
school3_capacity_100e,77,0.0001249444651847,1.2060886826221044,0.1714498572970752,0.6254675803246437,0.2045856228606267,458.9798701298701,1.0091084189229198,1.6638092529028654,0.3688044441708674,0.6460359180346131,0.3244844469397018,522.859375,0.4121678173542022,0.1431050300598144,0.1854273778444621,0.660547451237502,0.3248951950983553,0.4355579573088354,0.466925710439682,0.1865234375,0.2784110535405872,4030,2071,8374,0.764063835144043,3.984977139124755,0.0555192684519921,0.1450032658393207,0.25,2180,21,0.0096330275229357,3009,276,0.0917248255234297,5721,2579,0.4507953155042825,1494,1154,0.7724230254350736,34.49658956768684,0.4974517822265625,65536.0,594.5366311999969,0
school3_capacity_100e,78,0.0001147433786121,1.2066079568940324,0.1721041810638331,0.6254954354329543,0.2045041699784916,459.0746753246753,1.012072766717378,1.6615767596910398,0.3684642735558252,0.6453730765109261,0.3238697055106361,522.859375,0.4122317433357239,0.1388211697340011,0.1850863371364539,0.669025952140209,0.3200580457916801,0.4329806958228815,0.4669537246227264,0.1695556640625,0.2763084632516703,3970,1964,8434,0.7634811401367188,3.875898105813194,0.0600914435009797,0.1495754408883083,0.25,2180,18,0.0082568807339449,3009,282,0.0937188434695912,5721,2524,0.4411816116063625,1494,1146,0.7670682730923695,34.712452781397175,0.4979128837585449,65536.0,595.8444232998881,0
school3_capacity_100e,79,0.0001049224938121,1.201675434275107,0.1702615032045098,0.625245671883806,0.20308412940955,459.09090909090907,inf,1.6661549974232912,0.3684874926693737,0.6464979083587726,0.3255848011467606,522.859375,0.4049690663814544,0.1368236541748047,0.1808709604956675,0.6517741935483871,0.3257820058045791,0.4344227047946678,0.4620293080806732,0.1793212890625,0.2774840348829224,4041,2159,8363,0.7625318765640259,4.049640757674722,0.0555192684519921,0.1456564337034618,0.25,2180,20,0.0091743119266055,3009,277,0.0920571618477899,5721,2582,0.4513196993532599,1494,1162,0.7777777777777778,34.04105003261246,0.4979314804077148,65536.0,601.4896138999611,2
school3_capacity_100e,80,9.549150281252635e-05,1.202022774498184,0.1704695193000234,0.625308302973772,0.2031224751917572,459.09090909090907,1.0127809995374122,1.6665855900694926,0.3729629817729195,0.6454226033141216,0.3241000028792768,522.859375,0.4065351188182831,0.1384488493204116,0.1816311616916209,0.6563170933113129,0.3203805224121251,0.4305758708489083,0.4611829221248626,0.16455078125,0.2743527787366241,3974,2081,8430,0.7618997097015381,3.954931417374265,0.0574787720444154,0.1417374265186153,0.25,2180,20,0.0091743119266055,3009,263,0.0874044533067464,5721,2525,0.4413564062226883,1494,1166,0.7804551539491299,34.61494588986222,0.4981265068054199,65536.0,592.9418271998875,0
school3_capacity_100e,81,8.645971286271923e-05,1.2021918224436896,0.1702903114331813,0.6253528481180017,0.2032743314982621,459.06298701298704,1.018899737820997,1.6697290427982807,0.3737307896371931,0.6461672469352683,0.3249155033845454,522.859375,0.4043945372104645,0.1379317790269851,0.1801655999501235,0.6605739665186198,0.3117542728152209,0.4235951363785737,0.4618351459503174,0.173583984375,0.2687096101730248,3867,1987,8537,0.7634255290031433,3.823644676681907,0.0561724363161332,0.1528412802090137,0.25,2180,13,0.0059633027522935,3009,240,0.0797607178464606,5721,2467,0.4312183184757909,1494,1147,0.7677376171352075,34.47172263960206,0.4972243309020996,65536.0,591.9782417998649,0
school3_capacity_100e,82,7.78360372489926e-05,1.199269781677754,0.1688567152682256,0.6252413182289569,0.202585874570461,459.0487012987013,inf,1.6671264953911304,0.3724087954809268,0.6459612899149457,0.3243782022812714,522.859375,0.4078774452209472,0.1393755972385406,0.1830509088817052,0.6568417586036556,0.3215898097387939,0.4317800508740596,0.4645532965660095,0.1734619140625,0.2753313086692435,3989,2084,8415,0.763857901096344,3.966688438928805,0.0568256041802743,0.1443500979751796,0.25,2180,18,0.0082568807339449,3009,279,0.0927218344965104,5721,2531,0.4424051739206432,1494,1161,0.7771084337349398,34.67937915551196,0.5302629470825195,65536.0,604.8093938999809,2
school3_capacity_100e,83,6.962898649802815e-05,1.199082458290187,0.1689232327189151,0.6252356649606259,0.2024617793546481,459.0064935064935,1.0263292534591315,1.6674176324158907,0.3731265892274678,0.645351187326014,0.3244699265342206,522.859375,0.4064267575740814,0.1396582126617431,0.1821769009809941,0.6504947334822854,0.3286036762334731,0.43663631494376,0.4635028541088104,0.1790771484375,0.2792928600794847,4076,2190,8328,0.7610193490982056,4.092749836708034,0.0568256041802743,0.1391247550620509,0.25,2180,21,0.0096330275229357,3009,275,0.0913924891990694,5721,2615,0.4570879216920119,1494,1165,0.7797858099062919,33.156268232235064,0.4968376159667969,65536.0,624.9237800999545,0
school4_box_weight_100e,1,0.0009997532801828,2.8366003931342783,0.4897629568135583,0.770391380941713,0.5254820179629636,458.9759740259741,4.344718156851731,2.6296262219548225,0.5576070807874203,0.6807549248139063,0.4637547377496958,522.859375,0.0945506989955902,0.0009658309281803,0.0197003239254627,0.1647545744989834,0.1829248629474363,0.1733649144254278,0.1737810671329498,0.25244140625,0.0949094407495712,2269,11503,10135,0.6236046552658081,8.995427824951012,0.1724363161332462,0.6544741998693664,0.25,2180,3,0.0013761467889908,3009,725,0.2409438351611831,5721,1349,0.2357979374235273,1494,192,0.1285140562248996,36.04228763274418,0.406735897064209,1024.0,584.2288917999249,0
school4_box_weight_100e,2,0.0009990133642141,2.3714120143419737,0.3994483632604023,0.6692893178044975,0.4342247778719121,459.12142857142857,2.0663699234460857,2.349805091818174,0.421777496424814,0.6645157365128398,0.421170621799926,522.859375,0.2370220422744751,0.0235527865588665,0.075646804430653,0.4391739270732494,0.2194453402128345,0.2926567035802602,0.3154033422470093,0.2095947265625,0.1714105793450881,2722,3476,9682,0.6797765493392944,4.04833442194644,0.3285434356629654,0.5800130633572829,0.25,2180,33,0.015137614678899,3009,935,0.3107344632768362,5721,1521,0.2658626114315679,1494,233,0.1559571619812583,35.28336435143534,0.4248404502868652,1024.0,571.7019099001773,0
school4_box_weight_100e,3,0.0009977809823015,2.2370005313452186,0.3686587743074089,0.6627934974509401,0.4018494209879404,459.1077922077922,1.9380863205566037,2.2356931138783693,0.3821567310175548,0.6573054529726505,0.3987436460641523,522.859375,0.2827563285827636,0.0482940822839736,0.1002673536109796,0.5515055467511886,0.2244437278297323,0.3190465276186111,0.3510651886463165,0.201171875,0.1898009271884374,2784,2264,9620,0.7014198303222656,3.297191378184193,0.3533638145003265,0.5408229915088177,0.25,2180,28,0.0128440366972477,3009,877,0.2914589564639415,5721,1453,0.2539765775214123,1494,426,0.285140562248996,36.824563894600125,0.4077425003051758,2048.0,559.5032726000063,0
school4_box_weight_100e,4,0.0009960573506572,2.144261895294313,0.3468477529171225,0.6586657920828113,0.3795827831927832,459.0396103896104,1.8406147862022573,2.1733313351869583,0.3770913914001236,0.6559844529256225,0.3800851583170394,522.859375,0.3391535580158233,0.0642807707190513,0.1235386340646073,0.5175707113995347,0.3407771686552724,0.4109668951436488,0.4144542515277862,0.2403564453125,0.2586270190895741,4227,3940,8177,0.7075543999671936,5.334421946440235,0.0659699542782495,0.2566949706074461,0.25,2180,33,0.015137614678899,3009,873,0.2901296111665005,5721,2440,0.4264988638349938,1494,881,0.5896921017402945,36.52913905811176,0.4073638916015625,2048.0,551.1854127000552,0
school4_box_weight_100e,5,0.0009938441702975,2.0786950597515355,0.3315776915325747,0.6556659131081073,0.3638171519551958,459.0123376623376,1.8210833090466336,2.108302965760231,0.3526734855646888,0.6524747752894958,0.3677182345030208,522.859375,0.3610844314098358,0.0781935229897499,0.1368208552521537,0.7534502051473331,0.1628506933247339,0.2678157109711634,0.4388250112533569,0.165771484375,0.1546115575966322,2020,661,10384,0.7442521452903748,1.7511430437622468,0.3291966035271064,0.4617896799477465,0.25,2180,6,0.0027522935779816,3009,206,0.068461282818212,5721,1293,0.2260094389092816,1494,515,0.3447121820615796,37.84012768205994,0.4248404502868652,2048.0,540.3341535001528,0
school4_box_weight_100e,6,0.0009911436253643,2.0246623114331976,0.3194939974647063,0.6531830294178678,0.3506617618845655,459.087012987013,1.7452632113323585,2.06408483410875,0.3371847125235945,0.6524288874740402,0.3581570768728852,522.859375,0.4093157649040222,0.0991157665848732,0.1621896671393187,0.670337003670337,0.3239277652370203,0.4367866072399173,0.4742330908775329,0.20068359375,0.2794158553546592,4018,1976,8386,0.7324704527854919,3.915088177661659,0.116263879817113,0.240365774003919,0.25,2180,19,0.0087155963302752,3009,652,0.2166832834828846,5721,2402,0.4198566684146128,1494,945,0.6325301204819277,38.22758831061722,0.4074292182922363,4096.0,543.1736777999904,0
school4_box_weight_100e,7,0.0009879583809693,1.9864316094231296,0.3109544060446999,0.6513766301529748,0.3413668578805087,459.038961038961,1.6980632858229925,2.041981623818477,0.3356901086711635,0.6502593678111831,0.3520107176154852,522.859375,0.3906834721565246,0.096061997115612,0.1567486021885997,0.670623704541172,0.2869235730409545,0.4018971260798373,0.4562781751155853,0.197998046875,0.2514838892029395,3559,1748,8845,0.740172266960144,3.4663618549967343,0.1032005225342913,0.2227302416721097,0.25,2180,13,0.0059633027522935,3009,438,0.1455633100697906,5721,2108,0.3684670512148226,1494,1000,0.6693440428380187,38.82529583723597,0.4075746536254883,4096.0,543.058689000085,0
school4_box_weight_100e,8,0.0009842915805643,1.955728719606028,0.3043972484090111,0.6499190223681462,0.3338041504095127,459.0506493506493,1.6597287472966429,2.028083429982265,0.3381957224725435,0.6488753970091542,0.3470041061906765,522.859375,0.3811905086040497,0.0967878028750419,0.1528479346627136,0.608075628905624,0.3059496936472106,0.4070796460176991,0.4530990421772003,0.2037353515625,0.2555555555555555,3795,2446,8609,0.741719663143158,4.076420640104507,0.0796864794252122,0.2057478772044415,0.25,2180,3,0.0013761467889908,3009,402,0.1335992023928215,5721,2312,0.4041251529452893,1494,1078,0.7215528781793842,38.32752805396725,0.4248404502868652,8192.0,537.3290465997998,0
school4_box_weight_100e,9,0.0009801468428384,1.9282474221347212,0.2970659569196113,0.6488613429781679,0.3274400413423389,459.0831168831169,1.6328178271457747,2.022416547561685,0.3350775791332125,0.6500535815333327,0.3457617946745207,522.859375,0.4143325090408325,0.119440957903862,0.1750388912274502,0.6669383762634497,0.3298129635601419,0.441363685402956,0.4787554442882538,0.203857421875,0.2831729770886689,4091,2043,8313,0.7478412389755249,4.0065316786414105,0.0809928151534944,0.217504898758981,0.25,2180,19,0.0087155963302752,3009,636,0.2113659022931206,5721,2356,0.4118161160636252,1494,1080,0.7228915662650602,38.28182874851855,0.4078617095947265,8192.0,548.5300650000572,0
school4_box_weight_100e,10,0.0009755282581475,1.9024453996837916,0.2917586002644006,0.647706065936522,0.3209935774373543,458.9902597402597,1.5888009980901496,1.978784050792456,0.3221001152414828,0.6466266252100468,0.3366857692599296,522.859375,0.4350762367248535,0.1278398782014846,0.1846130406134762,0.7328342245989304,0.2762012254111577,0.4011944493237309,0.4948342740535736,0.1849365234375,0.2509338606899582,3426,1249,8978,0.7572482824325562,3.053559764859569,0.1443500979751796,0.2540822991508817,0.25,2180,4,0.0018348623853211,3009,311,0.1033565968760385,5721,2110,0.3688166404474742,1494,1001,0.6700133868808568,37.66724593838305,0.4248404502868652,8192.0,560.6917387000285,0
school4_box_weight_100e,11,0.0009704403844771,1.879913746226917,0.2880408170064548,0.646504857516908,0.3151226906807391,459.0694805194805,1.5785077454594822,1.9823659633596735,0.3223419839826723,0.6466901454453667,0.337777944902579,522.859375,0.4358715116977691,0.1340368390083313,0.1892588378628716,0.7542857142857143,0.255401483392454,0.381594796434594,0.4896405041217804,0.170166015625,0.2357844596606133,3168,1032,9236,0.7653483152389526,2.743305029392554,0.1286740692357936,0.2390594382756368,0.25,2180,3,0.0013761467889908,3009,178,0.0591558657361249,5721,1959,0.3424226533822758,1494,1028,0.6880856760374833,39.87867911597646,0.4078254699707031,16384.0,528.0373142999597,0
school4_box_weight_100e,12,0.0009648882429441,1.8651682277778527,0.2845001194093908,0.64572039819383,0.3116492369442017,459.0103896103896,1.5698836996957852,1.9709619594117005,0.3218394573001812,0.6471158256754279,0.3340022262806694,522.859375,0.4433155953884125,0.1373260766267776,0.1930983308353461,0.7231793265465936,0.2978071589809739,0.42188213796254,0.4986832737922668,0.179931640625,0.2673324649008539,3694,1414,8710,0.7603231072425842,3.3363814500326585,0.1247550620509471,0.2292619203135205,0.25,2180,6,0.0027522935779816,3009,326,0.1083416417414423,5721,2315,0.4046495367942667,1494,1047,0.7008032128514057,39.52317500624088,0.407599925994873,16384.0,532.62927210005,0
school4_box_weight_100e,13,0.0009588773128419,1.846111094719404,0.2807580754644685,0.6448583496855451,0.306831556190918,459.0974025974026,1.5525495188576834,1.99147736094892,0.3307389893258611,0.6475162791709105,0.3377407003038873,522.859375,0.4307668209075928,0.123476430773735,0.1843609262257814,0.7986751152073732,0.2235569171235085,0.3493323255228017,0.4847682416439056,0.159423828125,0.2116309242158284,2773,699,9631,0.7623151540756226,2.2677988242978446,0.2148922273024167,0.3076420640104507,0.25,2180,0,0.0,3009,145,0.0481887670322366,5721,1754,0.3065897570354833,1494,874,0.5850066934404283,39.537104699195005,0.4248404502868652,32768.0,529.5846319999546,0
school4_box_weight_100e,14,0.000952413526233,1.829786315831271,0.2760735422082536,0.6444915261361506,0.3030737493235569,459.0253246753247,1.5115597507009255,1.951909124230345,0.3156497255743791,0.6459709250678619,0.3300961575781305,522.859375,0.4646240770816803,0.1485307961702346,0.2021480916213477,0.7703306523681859,0.2779748468236053,0.4085308056872038,0.5182680487632751,0.1719970703125,0.2567004169148302,3448,1028,8956,0.765680730342865,2.923579359895493,0.1384715871979098,0.2299150881776616,0.25,2180,9,0.0041284403669724,3009,325,0.108009305417082,5721,2075,0.3626988288760706,1494,1039,0.6954484605087015,39.757945253086575,0.4075574874877929,32768.0,544.6061704000458,0
school4_box_weight_100e,15,0.0009455032620941,1.818723686948999,0.2737612314425505,0.6438217331062663,0.300380240380764,459.0902597402597,1.5073680737575927,1.962063594410817,0.3205941698203484,0.6460914642860492,0.331792654003948,522.859375,0.4458523988723755,0.1404131650924682,0.194443550077267,0.7478241949521323,0.2770880361173815,0.4043529411764705,0.5046842694282532,0.163330078125,0.2534100125341001,3437,1159,8967,0.76926189661026,3.001959503592423,0.1129980404964075,0.2201175702155454,0.25,2180,3,0.0013761467889908,3009,239,0.0794283815221003,5721,2120,0.3705645866107324,1494,1075,0.7195448460508701,39.71902293840909,0.4248404502868652,32768.0,531.2464176998474,0
school4_box_weight_100e,16,0.0009381533400219,1.804251372891587,0.2700358407741243,0.6430687664004116,0.2970489213799501,459.087012987013,1.4856772203724105,1.9343654736876488,0.3146969072210292,0.6454777441297969,0.3247302759749194,522.859375,0.4531673491001129,0.1543346643447876,0.2021616950223688,0.7420749279538905,0.2906320541760722,0.4176804541768045,0.5059705376625061,0.1695556640625,0.2639671963095848,3605,1253,8799,0.7713867425918579,3.1730894839973875,0.1097322011757021,0.2135858915741345,0.25,2180,5,0.0022935779816513,3009,242,0.0804253904951811,5721,2257,0.3945114490473693,1494,1101,0.7369477911646586,39.72872805337052,0.4073696136474609,65536.0,535.1703792999033,0
school4_box_weight_100e,17,0.0009303710135019,1.792870345208552,0.2686380790328824,0.6426271671598608,0.2938683664547158,459.0441558441559,inf,1.9427898799379664,0.3141574557715406,0.6451755641028285,0.3278189513366669,522.859375,0.4635740518569946,0.1503986567258834,0.202310512389522,0.7532493907392364,0.2990164463076427,0.4280932594644505,0.517013669013977,0.1827392578125,0.2723401130773185,3709,1215,8695,0.7658724784851074,3.216198563030699,0.1064663618549967,0.1966035271064663,0.25,2180,10,0.0045871559633027,3009,359,0.1193087404453306,5721,2249,0.3931130921167628,1494,1091,0.7302543507362784,40.02923615601684,0.4258508682250976,32768.0,543.8924839999527,2
school4_box_weight_100e,18,0.000922163962751,1.781231455369429,0.2649649522134236,0.6422512295571241,0.291338424510383,459.0785714285714,1.4555056426045183,1.93252775259316,0.3170426277598987,0.6451532340918978,0.3234439643565565,522.859375,0.4738949835300445,0.1564188599586486,0.2111696654930711,0.8058007566204287,0.2575782005804579,0.3903720447186755,0.5283633470535278,0.1597900390625,0.2425231516623652,3195,770,9209,0.7749456167221069,2.5898105813193992,0.170476812540823,0.2593076420640104,0.25,2180,3,0.0013761467889908,3009,260,0.0864074443336656,5721,1884,0.3293130571578395,1494,1048,0.7014725568942436,39.64248658010433,0.4248404502868652,32768.0,540.2097034000326,0
school4_box_weight_100e,19,0.0009135402871372,1.771549553066105,0.2637171933693545,0.6416784520660128,0.2887179693134574,459.1051948051948,1.4573367301132771,1.9606566323588293,0.3392230869891743,0.6445886564130584,0.325614963658154,522.859375,0.4301782846450805,0.1386264413595199,0.186727365796105,0.7625504904789383,0.2130764269590454,0.3330812854442344,0.4952994287014007,0.145263671875,0.1998185529598548,2643,823,9761,0.7740586996078491,2.263879817112998,0.1678641410842586,0.2723709993468321,0.25,2180,0,0.0,3009,61,0.0202725157859754,5721,1517,0.2651634329662646,1494,1065,0.7128514056224899,39.80896852633249,0.406959056854248,65536.0,531.3996588999871,0
school4_box_weight_100e,20,0.0009045084971874,1.7602404003793544,0.2611777546537387,0.6412884482702652,0.2859247330237519,459.1357142857143,inf,1.9492831447472172,0.3235324759346743,0.645586785239478,0.3267212932308515,522.859375,0.4478181600570678,0.1436448991298675,0.1948542342375731,0.7516650808753568,0.254756530151564,0.3805394990366088,0.5050513744354248,0.1600341796875,0.2349791790600832,3160,1044,9244,0.769453763961792,2.7459177008491182,0.131939908556499,0.2299150881776616,0.25,2180,0,0.0,3009,126,0.0418743768693918,5721,1951,0.3410242964516692,1494,1083,0.7248995983935743,39.92046414156892,0.4071612358093261,32768.0,530.7298866999336,2
school4_box_weight_100e,21,0.0008950775061878,1.7481164048244426,0.2587397595117618,0.640590795177918,0.2829286170857293,459.0694805194805,1.429422716157777,1.93284096258382,0.3292429724242538,0.6444773847858111,0.3197068694668512,522.859375,0.4481822550296783,0.1526192128658294,0.2010025608353317,0.7479030754892824,0.2587874879071267,0.3845232390991854,0.5074155330657959,0.157470703125,0.2380246181224974,3210,1082,9194,0.7772464156150818,2.803396472893533,0.1280209013716525,0.2246897452645329,0.25,2180,2,0.0009174311926605,3009,138,0.0458624127617148,5721,1947,0.340325117986366,1494,1123,0.7516733601070951,40.26753211084573,0.4067168235778808,32768.0,535.3531415998004,0
school4_box_weight_100e,22,0.0008852566213878,1.7396871218433627,0.2564011055105305,0.6404781979012799,0.2809359401077419,459.0103896103896,1.4187871043558244,1.9375342888136704,0.3258074675686657,0.6445693075656891,0.3223858377896249,522.859375,0.4485677480697632,0.1497233062982559,0.199312511109747,0.7836225596529284,0.2329893582715253,0.3591846880437485,0.5064990520477295,0.154052734375,0.218906226329344,2890,798,9514,0.7769392728805542,2.4088830829523187,0.1600261267145656,0.2547354670150228,0.25,2180,5,0.0022935779816513,3009,134,0.0445330674642738,5721,1694,0.2961020800559343,1494,1057,0.7074966532797858,40.40006171274189,0.4067220687866211,65536.0,536.4518718000036,0
school4_box_weight_100e,23,0.0008750555348152,1.7345821307851124,0.2560895171064835,0.6401602480705683,0.2794441212113802,459.0694805194805,inf,1.940674112488826,0.327466236660257,0.6448867507278919,0.3227737084186325,522.859375,0.4409966468811035,0.1517804265022277,0.2001078798435628,0.7634437805540467,0.2266204450177362,0.3494964565460649,0.5031386613845825,0.147216796875,0.2117514124293785,2811,871,9593,0.7823056578636169,2.4049640757674724,0.1508817766165904,0.2547354670150228,0.25,2180,0,0.0,3009,71,0.0235958790295779,5721,1644,0.2873623492396434,1494,1096,0.7336010709504686,40.37930646598397,0.406735897064209,32768.0,537.8755351,2
school4_box_weight_100e,24,0.0008644843137107,1.719443637906731,0.2520532479969325,0.6395256586663135,0.2759549107837987,459.0642857142857,1.383032851172732,1.945262106135488,0.3385579178575426,0.644421100926896,0.3207610285996149,522.859375,0.4489165246486664,0.1552841365337371,0.2011551505071111,0.7948106173575902,0.214850048371493,0.3382623595862157,0.5047691464424133,0.135498046875,0.2035594256034219,2665,688,9739,0.7792758941650391,2.190071848465056,0.1952971913781842,0.2815153494448073,0.25,2180,1,0.0004587155963302,3009,48,0.0159521435692921,5721,1572,0.2747771368641846,1494,1044,0.6987951807228916,40.77539484914435,0.407379150390625,32768.0,527.1793406999204,0
school4_box_weight_100e,25,0.0008535533905932,1.715310661436675,0.2518061084019673,0.6392712593465656,0.274744431500311,459.0551948051948,1.3887293292330456,1.9356919328371684,0.3364099895115942,0.6449061386908094,0.3181252674354861,522.859375,0.4446943700313568,0.1548331379890442,0.2002921992447227,0.7839541547277937,0.2205740083843921,0.3442808607021518,0.5007720589637756,0.138427734375,0.2079343365253078,2736,754,9668,0.7838739156723022,2.279555845852384,0.1691704768125408,0.2580013063357282,0.25,2180,0,0.0,3009,69,0.0229312063808574,5721,1597,0.27914700227233,1494,1070,0.7161981258366801,40.19637104898302,0.4078068733215332,65536.0,535.9797708999831,0
school4_box_weight_100e,26,0.0008422735529643,1.7068679762351049,0.2501514065333388,0.6388332269021443,0.2726277806445376,458.9538961038961,inf,1.93695405498147,0.3371817776933312,0.644506475267311,0.3184219336447616,522.859375,0.4306398630142212,0.1540361791849136,0.1952502032159827,0.7122207621550591,0.2621734924217994,0.38326458456099,0.5040066838264465,0.1563720703125,0.2370607960344073,3252,1314,9152,0.7843532562255859,2.982364467668191,0.1214892227302416,0.2299150881776616,0.25,2180,4,0.0018348623853211,3009,209,0.0694582917912927,5721,1902,0.3324593602517042,1494,1137,0.7610441767068273,40.30342232300851,0.4077491760253906,32768.0,531.0726473999675,2
school4_box_weight_100e,27,0.0008306559326618,1.7001419093701746,0.2486918187518785,0.638526201751325,0.2709746295658799,458.9759740259741,1.3806802864198562,1.9334271208693583,0.3248660352546721,0.6446267177040378,0.3213114564617474,522.859375,0.4541557133197784,0.155046135187149,0.2018197288329247,0.7745803357314148,0.2343598839084166,0.3598440304511976,0.5117441415786743,0.1534423828125,0.2193962264150943,2907,846,9497,0.7806296944618225,2.4513389941214894,0.1508817766165904,0.2468974526453298,0.25,2180,2,0.0009174311926605,3009,105,0.0348953140578265,5721,1725,0.3015207131620346,1494,1075,0.7195448460508701,40.08869518071814,0.4065189361572265,32768.0,548.3886659999844,0
school4_box_weight_100e,28,0.0008187119948743,1.69290005827879,0.2470968315789064,0.6381514425788607,0.2692172614881745,459.0402597402597,1.376684802770615,1.9114738460630176,0.3212269742507487,0.643520745759209,0.3155753751440595,522.859375,0.4535805284976959,0.1579685360193252,0.2034283569839317,0.724822695035461,0.2883747178329571,0.4125958821154623,0.5069653987884521,0.1611328125,0.2599186164801628,3577,1358,8827,0.7760549187660217,3.223383409536251,0.0960156760287393,0.1966035271064663,0.25,2180,4,0.0018348623853211,3009,195,0.0648055832502492,5721,2236,0.3908407621045272,1494,1142,0.7643908969210174,40.31333670183161,0.4248404502868652,65536.0,533.6684681000188,0
school4_box_weight_100e,29,0.0008064535268264,1.6839749653618057,0.2457300614130187,0.6378600265298571,0.2667949590977136,459.0954545454546,inf,1.9428968243300917,0.3343627355061471,0.6441029347479343,0.3214770527556538,522.859375,0.4231686294078827,0.141799658536911,0.1871695631285547,0.7190201729106628,0.2413737504030957,0.3614196040560115,0.4901909828186035,0.157470703125,0.2205687343450714,2994,1170,9410,0.7725353240966797,2.719790986283475,0.1182233834095362,0.2207707380796864,0.25,2180,3,0.0013761467889908,3009,84,0.0279162512462612,5721,1778,0.3107848278273029,1494,1129,0.7556894243641231,40.17491613342481,0.4069323539733886,32768.0,537.4438346000388,2
school4_box_weight_100e,30,0.0007938926261462,1.6789317564530806,0.2438338046579005,0.6376323827675411,0.265821855805524,459.07142857142856,1.355303838887772,1.9263301075746613,0.3261894587582598,0.6440955714012185,0.3186816925493379,522.859375,0.4580671787261963,0.1550805866718292,0.2048397031292552,0.745291095890411,0.2807158980973879,0.4078238463340361,0.5147102475166321,0.1636962890625,0.2561424157716639,3482,1190,8922,0.7721107602119446,3.051600261267146,0.0992815153494448,0.1952971913781842,0.25,2180,8,0.0036697247706422,3009,193,0.0641409106015287,5721,2143,0.3745848627862261,1494,1138,0.7617135207496654,40.235407554015325,0.4069375991821289,32768.0,534.310484000016,0
school4_box_weight_100e,31,0.000781041688926,1.6743432382484535,0.243836830474146,0.6373308410505196,0.2643918552181937,458.8415584415585,inf,1.9385121992478769,0.3333912147209048,0.6438587801530957,0.3204207347395519,522.859375,0.4142917692661285,0.1402903795242309,0.1850300690974108,0.7319506432134418,0.2247662044501773,0.3439215444396472,0.4724520742893219,0.1448974609375,0.2076722532588454,2788,1021,9616,0.7724176049232483,2.4879163945133898,0.1338994121489223,0.2384062704114957,0.25,2180,2,0.0009174311926605,3009,42,0.0139581256231306,5721,1617,0.2826428945988463,1494,1127,0.7543507362784472,40.290627906921465,0.4258508682250976,32768.0,535.7795720999129,2
school4_box_weight_100e,32,0.0007679133974894,1.6651770946267364,0.2412547473686856,0.6369036003366694,0.2623395811524484,459.07207792207794,1.3650640505474885,1.9567267304907243,0.3474764168107261,0.6463410913323363,0.3209697396960109,522.859375,0.4199593067169189,0.1430961340665817,0.1870143100619316,0.7308453491659599,0.2084005159625927,0.3243209334420676,0.4855393171310425,0.1414794921875,0.1935459718478586,2585,952,9819,0.7745335102081299,2.310254735467015,0.1456564337034618,0.2514696276943174,0.25,2180,2,0.0009174311926605,3009,44,0.0146227982718511,5721,1439,0.2515294528928509,1494,1100,0.7362784471218207,40.35839422704891,0.4248404502868652,32768.0,538.9109800998122,0
school4_box_weight_100e,33,0.0007545207078751,1.6591322779655455,0.2401049620774272,0.6366209071564984,0.2608021365841488,459.1149350649351,1.3543088595201442,1.9388625044375656,0.333407732580478,0.6454540298630794,0.3200002443045378,522.859375,0.4319490194320678,0.1439720541238784,0.1891625320597086,0.7193725099601593,0.232908739116414,0.3518879415347137,0.4938070774078369,0.15771484375,0.2135097184243588,2889,1127,9515,0.7699407935142517,2.6231221423905944,0.1273677335075114,0.2188112344872632,0.25,2180,10,0.0045871559633027,3009,59,0.0196078431372549,5721,1701,0.2973256423702149,1494,1119,0.748995983935743,40.21862912068683,0.4067058563232422,32768.0,536.9296460000332,0
school4_box_weight_100e,34,0.0007408768370508,1.6523444589856382,0.2386773026560421,0.6364489282106425,0.2590727434529886,459.1077922077922,inf,1.931323692202568,0.3310992713086307,0.6437749058629075,0.3188165048292528,522.859375,0.4334650039672851,0.1452538222074508,0.1915118241275195,0.7260402057035998,0.2504030957755562,0.3723774127802421,0.4864233434200287,0.1475830078125,0.2287860931054802,3106,1172,9298,0.7702580094337463,2.7942521227955583,0.0973220117570215,0.1966035271064663,0.25,2180,3,0.0013761467889908,3009,56,0.0186108341641741,5721,1896,0.3314105925537493,1494,1151,0.7704149933065596,39.8184043956136,0.4248404502868652,32768.0,539.4609194998629,2
school4_box_weight_100e,35,0.0007269952498697,1.6472351268514411,0.2379938595577493,0.6360510813338416,0.2577300615511931,459.06233766233765,1.3540506068375204,1.942570270349582,0.3393111890958001,0.64407052192837,0.3197295205512394,522.859375,0.4302544295787811,0.1462690681219101,0.1899137000975315,0.705482275350371,0.2759593679458239,0.3967315716272601,0.4846789538860321,0.1634521484375,0.2474517458252006,3423,1429,8981,0.7687163949012756,3.169170476812541,0.0822991508817766,0.1737426518615284,0.25,2180,29,0.0133027522935779,3009,128,0.0425390495181123,5721,2104,0.3677678727495193,1494,1162,0.7777777777777778,40.22507053210219,0.4069209098815918,32768.0,541.4326899999287,0
school4_box_weight_100e,36,0.0007128896457825,1.6420921125195242,0.236538959725143,0.6359459207429514,0.256535744270334,459.0538961038961,1.3487680728946414,1.915899936730663,0.3254142669805636,0.643165118371447,0.3157735171262175,522.859375,0.4607123434543609,0.1583151668310165,0.2062402496347203,0.710184182015168,0.3170751370525637,0.4384126630253037,0.5149798393249512,0.1783447265625,0.2807480905132415,3933,1605,8471,0.7704263925552368,3.617243631613325,0.0731548007838014,0.1574134552580013,0.25,2180,29,0.0133027522935779,3009,301,0.100033233632436,5721,2436,0.4257996853696906,1494,1167,0.7811244979919679,40.47749833776325,0.4078154563903808,32768.0,543.1888435001019,0
school4_box_weight_100e,37,0.0006985739453173,1.63660401655482,0.2357314084837963,0.6356058538347096,0.2550889179594331,459.1051948051948,inf,1.9264623938749237,0.3317828976238767,0.6436167775342861,0.3170209031086415,522.859375,0.4538260996341705,0.1576917320489883,0.2025392344570718,0.712549838617809,0.3025636891325379,0.4247637371965367,0.5061760544776917,0.17529296875,0.2696508118982612,3753,1514,8651,0.7701648473739624,3.4402351404310907,0.0796864794252122,0.1724363161332462,0.25,2180,19,0.0087155963302752,3009,192,0.0638085742771684,5721,2372,0.4146128299248383,1494,1170,0.7831325301204819,40.20450448965205,0.4069423675537109,32768.0,542.662421700079,2
school4_box_weight_100e,38,0.0006840622763423,1.6288416996404722,0.2338186170228502,0.6354160594475734,0.2532023409163797,459.1,1.3534572291683842,1.9398078316201768,0.3390674204565584,0.6437704820806781,0.318989975998799,522.859375,0.4340328276157379,0.1481435745954513,0.1930482757976278,0.7210038435451052,0.2570944856497903,0.3790336958459618,0.4900035858154297,0.1693115234375,0.2338319401671799,3189,1234,9215,0.7717244625091553,2.888961463096016,0.1025473546701502,0.2005225342913128,0.25,2180,14,0.0064220183486238,3009,113,0.0375540046527085,5721,1927,0.3368292256598497,1494,1135,0.7597054886211513,40.05498313272175,0.4065084457397461,32768.0,541.8757249000482,0
school4_box_weight_100e,39,0.0006693689601226,1.624955178313441,0.2331120790115424,0.6351202119093436,0.2522409624093539,458.9993506493507,1.3407596369068344,1.9433211330324407,0.3458560345849643,0.6436546236897508,0.3179368268853674,522.859375,0.4327361583709717,0.1490153670310974,0.193162351596402,0.7005862646566164,0.2697516930022573,0.389522700814901,0.4903058409690857,0.1575927734375,0.2418678617897932,3346,1430,9058,0.7681875228881836,3.119529719137818,0.0809928151534944,0.1776616590463749,0.25,2180,24,0.0110091743119266,3009,149,0.0495181123296776,5721,2014,0.3520363572801958,1494,1159,0.7757697456492637,40.52076771077671,0.4248404502868652,32768.0,531.6771857999265,0
school4_box_weight_100e,40,0.0006545084971874,1.619849586564225,0.2324376270658784,0.6349076114691697,0.2508347829828015,459.0298701298701,inf,1.9546866634239752,0.3466805115652581,0.6445131928970417,0.3211643184379985,522.859375,0.4248040318489074,0.1413359642028808,0.1877036340825725,0.6811332127787824,0.2732989358271525,0.3900811230654162,0.4809637069702148,0.156982421875,0.2422986205417768,3390,1587,9014,0.7641525268554688,3.2508164598301765,0.0849118223383409,0.1737426518615284,0.25,2180,30,0.0137614678899082,3009,150,0.0498504486540378,5721,2020,0.3530851249781507,1494,1190,0.7965194109772423,40.61427295436795,0.4074225425720215,32768.0,537.5551177000161,2
school4_box_weight_100e,41,0.0006394955530196,1.613918323718108,0.2308264494377684,0.6347488621999691,0.2494476705789566,458.92792207792206,1.3462558399160187,1.958886434013645,0.3476533140055835,0.6440162472426891,0.3224056234272818,522.859375,0.4070153832435608,0.1350116431713104,0.1792126892367377,0.6650841605524385,0.2484682360528861,0.3617795515905623,0.4740498661994934,0.1517333984375,0.2208369160217827,3082,1552,9322,0.7639076113700867,3.026779882429784,0.0836054866100587,0.1907250163291966,0.25,2180,7,0.0032110091743119,3009,69,0.0229312063808574,5721,1829,0.3196993532599196,1494,1177,0.7878179384203481,40.26234700900528,0.4069466590881347,32768.0,534.1032400999684,0
school4_box_weight_100e,42,0.0006243449435824,1.6099327198096685,0.2298078450918584,0.6345039426119297,0.2485403113744475,459.0409090909091,1.342608611111517,1.9549757968634367,0.3461607581314941,0.6445501027628779,0.3214216426325341,522.859375,0.4167285859584808,0.1350695043802261,0.1834486514533637,0.6992133271633503,0.2436310867462109,0.3613535812507473,0.4756891429424286,0.1527099609375,0.2205195563339171,3022,1300,9382,0.763576328754425,2.822991508817766,0.0986283474853037,0.1933376877857609,0.25,2180,23,0.0105504587155963,3009,72,0.0239282153539381,5721,1773,0.3099108547456738,1494,1154,0.7724230254350736,40.733911969656205,0.4077882766723633,65536.0,537.3206042000093,0
school4_box_weight_100e,43,0.0006090716206982,1.6031556422060187,0.2278932421238391,0.6342810715947832,0.2469937765172549,459.05584415584417,inf,1.960149801025788,0.3472868762910366,0.6443221969529986,0.3228469092864543,522.859375,0.4103793501853943,0.1334771662950515,0.1792183273893897,0.6733235232289257,0.258223153821348,0.3732882699143407,0.4755697548389435,0.1629638671875,0.2294741366958017,3203,1554,9201,0.7619873285293579,3.107119529719138,0.0829523187459177,0.1835401698236446,0.25,2180,34,0.0155963302752293,3009,126,0.0418743768693918,5721,1862,0.3254675755986715,1494,1181,0.7904953145917001,40.54904628896976,0.4069690704345703,32768.0,538.9937199999113,2
school4_box_weight_100e,44,0.0005936906572928,1.6009379074170993,0.2284711906226811,0.6340615699043521,0.2461350490036722,459.0,1.350506481644395,1.9561334364116192,0.3583609890968849,0.6447171559557319,0.3176850953605026,522.859375,0.4092819690704345,0.1371130496263504,0.1798942924418952,0.7027731689973927,0.2390357949048694,0.3567346447692955,0.4637894928455353,0.1434326171875,0.2170888856347927,2965,1254,9439,0.765231728553772,2.7557152188112344,0.1025473546701502,0.1913781841933376,0.25,2180,15,0.0068807339449541,3009,57,0.0189431704885343,5721,1722,0.3009963293130571,1494,1171,0.7838018741633199,40.07946681633387,0.4076075553894043,32768.0,538.9842010000721,0
school4_box_weight_100e,45,0.0005782172325201,1.5955893245610324,0.2262716998430815,0.6338179275587008,0.2451665653810872,459.0474025974026,inf,1.9625394493341448,0.3575081521800409,0.6448966888710856,0.3200448728942622,522.859375,0.4119319319725036,0.1357199102640152,0.1810420139809139,0.6643399712584684,0.2608835859400193,0.3746454413892909,0.4736488759517669,0.16064453125,0.2305007479165182,3236,1635,9168,0.7620512843132019,3.1815806662312216,0.0764206401045068,0.1796211626387981,0.25,2180,30,0.0137614678899082,3009,108,0.0358923230309072,5721,1902,0.3324593602517042,1494,1196,0.8005354752342704,40.262474225896256,0.4248404502868652,32768.0,544.9734736999962,2
school4_box_weight_100e,46,0.0005626666167821,1.5911554816481357,0.2261659645947156,0.6335016073731633,0.243829303534774,459.0487012987013,1.3508690833658368,1.9655399192124603,0.3542765808912615,0.6447858031218251,0.3221591748297214,522.859375,0.4086074829101562,0.1315712481737136,0.1785140747553669,0.6638620972706751,0.2608029667849081,0.3744863112808937,0.4703651666641235,0.1580810546875,0.2303802877083036,3235,1638,9169,0.7598280906677246,3.182887001959504,0.0816459830176355,0.1776616590463749,0.25,2180,40,0.018348623853211,3009,152,0.0505151213027583,5721,1854,0.324069218668065,1494,1189,0.7958500669344043,40.19818872337423,0.4248404502868652,32768.0,546.0816916001495,0
school4_box_weight_100e,47,0.0005470541566592,1.5845439865991666,0.2243692619992154,0.6334172373468225,0.2422524957107259,459.03311688311686,1.3304269244144489,1.956131749475996,0.3539162485394627,0.6436118564258019,0.3195345470837007,522.859375,0.4193664491176605,0.134626105427742,0.1844646906203706,0.6764643237486688,0.2560464366333441,0.3714837124978069,0.4801103472709656,0.1588134765625,0.2281117575235222,3176,1519,9228,0.76163250207901,3.0666231221423907,0.0751143043762246,0.1743958197256695,0.25,2180,18,0.0082568807339449,3009,114,0.0378863409770687,5721,1875,0.3277399056109072,1494,1169,0.7824631860776439,40.267174592282224,0.4078016281127929,32768.0,549.1053700000048,0
school4_box_weight_100e,48,0.0005313952597646,1.580383293891882,0.2238670441721167,0.6330894122650097,0.2411422789000071,459.00584415584416,inf,1.95310848330458,0.3509888735910256,0.6435900209471583,0.3195098625340809,522.859375,0.418787807226181,0.1354735940694809,0.1831284433341352,0.6394322312619006,0.2978071589809739,0.4063582861228755,0.4881444871425628,0.171875,0.2549872299302823,3694,2083,8710,0.7600690722465515,3.773350751143044,0.0542129327237099,0.1489222730241672,0.25,2180,39,0.0178899082568807,3009,214,0.071119973413094,5721,2231,0.3899667890228981,1494,1210,0.8099062918340026,39.8920840843502,0.4078178405761719,32768.0,548.3190853002016,2
school4_box_weight_100e,49,0.000515705379539,1.5768264228647406,0.2230629198398296,0.6329466330540645,0.2402722900951063,459.0837662337663,1.353184035691348,1.960463844239712,0.3595367474481463,0.644108608054618,0.3189394948227952,522.859375,0.4168686866760254,0.1354995965957641,0.1830561893759295,0.655709992486852,0.2814414704933892,0.3938402527075812,0.4769562780857086,0.1668701171875,0.2452061529816674,3491,1833,8913,0.7621346712112427,3.477465708687133,0.0581319399085565,0.1600261267145656,0.25,2180,41,0.0188073394495412,3009,162,0.0538384845463609,5721,2106,0.3681174619821709,1494,1182,0.7911646586345381,40.042806520603314,0.4078292846679687,32768.0,542.3116947999224,0
school4_box_weight_100e,50,0.0005,1.5718423043752645,0.2218036142165784,0.632901503784316,0.2390457288011327,458.95714285714286,1.3499605811648554,1.9744373665501675,0.3679197035574664,0.6440428017328182,0.3208249534945935,522.859375,0.4081053137779236,0.136622279882431,0.1810785198642406,0.6856247201074788,0.246855852950661,0.3630112625963248,0.4686217010021209,0.1534423828125,0.2217555040556199,3062,1404,9342,0.7647043466567993,2.917047681254082,0.0914435009797517,0.1868060091443501,0.25,2180,35,0.0160550458715596,3009,103,0.034230641409106,5721,1757,0.3071141408844607,1494,1167,0.7811244979919679,39.69975088073366,0.4069404602050781,32768.0,550.7437049001455,0
school4_box_weight_100e,51,0.0004842946204609,1.5691224528597547,0.2218769916514684,0.632596955941869,0.2382161687624145,459.0688311688312,inf,1.964735409244895,0.3605423543291787,0.6436793714140853,0.3201712282995383,522.859375,0.4009935259819031,0.133180633187294,0.1769672553986311,0.6509197324414716,0.2510480490164463,0.3623458226669769,0.4649311602115631,0.157958984375,0.2212590592582066,3114,1670,9290,0.7619338035583496,3.124755062050947,0.0770738079686479,0.1776616590463749,0.25,2180,24,0.0110091743119266,3009,110,0.0365569956796277,5721,1803,0.3151546932354483,1494,1177,0.7878179384203481,40.21734191815815,0.407388687133789,32768.0,550.0509227998555,2
school4_box_weight_100e,52,0.0004686047402353,1.562922259352424,0.2198235342303267,0.6324690005221925,0.2368765755133195,459.0902597402597,1.3629450743848628,1.9642181067417064,0.3605579982201258,0.6440609305476149,0.3198663943136732,522.859375,0.4120522439479828,0.1363024711608886,0.1811858450644649,0.6791926132703457,0.2549983876168977,0.3707871754293417,0.4717400074005127,0.163818359375,0.2275867031227514,3163,1494,9241,0.7635465264320374,3.041802743305029,0.0907903331156107,0.193990855649902,0.25,2180,52,0.0238532110091743,3009,127,0.042206713193752,5721,1814,0.3170774340150323,1494,1170,0.7831325301204819,40.18716933097331,0.4078145027160644,32768.0,550.1372903999873,0
school4_box_weight_100e,53,0.0004529458433407,1.5583246188504356,0.2191372672603889,0.6322898710315877,0.2356324936855923,459.038961038961,1.3578421706503088,1.9719472546130417,0.3610509135760367,0.6437574985126654,0.322379614925012,522.859375,0.401881068944931,0.1316671222448349,0.1786193098436342,0.649265581579992,0.2637052563689132,0.3750716660933379,0.4612295627593994,0.1546630859375,0.230823512807847,3271,1767,9133,0.7634419202804565,3.2906596995427826,0.0679294578706727,0.1737426518615284,0.25,2180,37,0.0169724770642201,3009,116,0.0385510136257893,5721,1919,0.3354308687292431,1494,1199,0.8025435073627845,39.94920609850824,0.4064979553222656,32768.0,552.7013127000537,0
school4_box_weight_100e,54,0.0004373333832178,1.5541502903808246,0.2187292290875664,0.6319280003959482,0.23449768680934,459.06103896103895,inf,1.9818456806242464,0.3674861458906283,0.6445539863780141,0.3232685190159827,522.859375,0.4086722135543823,0.1341421604156494,0.1779390297422651,0.6773988561745393,0.2578200580457916,0.3734890510948905,0.4691296815872192,0.152099609375,0.2296259065125296,3198,1523,9206,0.7612231373786926,3.083605486610059,0.0757674722403657,0.1724363161332462,0.25,2180,41,0.0188073394495412,3009,115,0.038218677301429,5721,1869,0.3266911379129523,1494,1173,0.785140562248996,40.01903435446207,0.4078359603881836,32768.0,550.9926307001151,2
school4_box_weight_100e,55,0.0004217827674798,1.553074229847301,0.2183400485035661,0.6319867804065927,0.2342491344681808,458.97662337662337,1.359033944544854,1.986020630846421,0.3771342110509674,0.6449684910476208,0.3213059750851244,522.859375,0.4037395119667053,0.1343700438737869,0.1774399457557592,0.6874852140998344,0.2342792647533053,0.3494678612230172,0.4653084278106689,0.1378173828125,0.2117304189435337,2906,1321,9498,0.7662299871444702,2.760940561724363,0.0927498367080339,0.2044415414761593,0.25,2180,17,0.0077981651376146,3009,54,0.0179461615154536,5721,1679,0.293480160811047,1494,1156,0.7737617135207496,39.78848981298587,0.4078383445739746,32768.0,547.2518273000605,0
school4_box_weight_100e,56,0.0004063093427071,1.5432179692503694,0.2162433547245991,0.6316055433316664,0.2317896898061811,459.07207792207794,1.3643722423485347,1.9734654147177932,0.3718795660727967,0.6435394597550234,0.319348794951414,522.859375,0.4004923403263092,0.1340164095163345,0.177546123904176,0.6498364677023712,0.2562882940986778,0.3675994449583719,0.4622586667537689,0.158447265625,0.2251894878515265,3179,1713,9225,0.7640045881271362,3.195297191378184,0.0692357935989549,0.1770084911822338,0.25,2180,33,0.015137614678899,3009,110,0.0365569956796277,5721,1853,0.3238944240517392,1494,1183,0.7918340026773761,39.50548674494527,0.4073567390441894,32768.0,550.2928750000428,0
school4_box_weight_100e,57,0.0003909283793017,1.5433298835506688,0.215135526236195,0.6317041045659548,0.2321634166910277,459.07207792207794,1.373587971499988,1.978635899722576,0.3680727360770106,0.6445827474817634,0.3219934722874313,522.859375,0.4076392650604248,0.1353376656770706,0.1797601549827959,0.6418188594856504,0.2776523702031602,0.3876195835678109,0.4681552946567535,0.166748046875,0.240402066173391,3444,1922,8960,0.7625612020492554,3.5048987589810583,0.0640104506858262,0.1606792945787067,0.25,2180,48,0.0220183486238532,3009,164,0.0545031571950814,5721,2028,0.3544834819087572,1494,1204,0.8058902275769746,39.75746214789885,0.4248404502868652,65536.0,560.7884973001201,0
school4_box_weight_100e,58,0.0003756550564175,1.540766822904735,0.2154571254290156,0.6314893614162098,0.2312734450177326,459.088961038961,1.367733472237339,1.97966942936182,0.366675862421592,0.6444240932663282,0.322856493992731,522.859375,0.4070685505867004,0.1284931600093841,0.1770303228739067,0.6743497568196236,0.2570944856497903,0.372264051829802,0.4658966958522796,0.1630859375,0.2287005163511187,3189,1540,9215,0.7619930505752563,3.088830829523188,0.0836054866100587,0.1815806662312214,0.25,2180,51,0.023394495412844,3009,126,0.0418743768693918,5721,1835,0.3207481209578744,1494,1177,0.7878179384203481,39.89939986414925,0.4065084457397461,65536.0,555.6169203999452,0
school4_box_weight_100e,59,0.0003605044469803,1.5367049602719096,0.2143449978927126,0.6313538906636176,0.2303353576400837,459.0798701298701,inf,1.985624206562837,0.3728128038346767,0.6442938928181926,0.3228391684436549,522.859375,0.4071501493453979,0.1338384300470352,0.1804702789522707,0.6899388810531265,0.2366172202515317,0.3523832392844279,0.4710921049118042,0.151123046875,0.213874517233841,2935,1319,9469,0.7648334503173828,2.7785760940561723,0.0960156760287393,0.2024820378837361,0.25,2180,24,0.0110091743119266,3009,74,0.0245928880026586,5721,1672,0.2922565984967663,1494,1165,0.7797858099062919,39.49350913633008,0.4073915481567383,32768.0,558.5489399000071,2
school4_box_weight_100e,60,0.0003454915028125,1.5307791256285332,0.2128983932123943,0.6309578950141932,0.2289742787646783,459.1344155844156,1.3804870699133192,1.9829713838795824,0.3697253900269667,0.6437927347918352,0.3231510868451248,522.859375,0.4109648168087005,0.1349819302558899,0.1811998272198252,0.685303867403315,0.25,0.3663535944237698,0.4709216356277466,0.1494140625,0.2242551345096904,3101,1424,9303,0.765371561050415,2.955584585238406,0.0986283474853037,0.1907250163291966,0.25,2180,28,0.0128440366972477,3009,113,0.0375540046527085,5721,1798,0.3142807201538192,1494,1162,0.7777777777777778,39.98538766098861,0.4073729515075683,32768.0,558.2300248001702,0
school4_box_weight_100e,61,0.0003306310398773,1.526487383517352,0.2120220117512848,0.6310467670490215,0.2278062007885861,459.0461038961039,inf,1.9854527562856676,0.3737239678545545,0.6449752977738777,0.3222511641215533,522.859375,0.4034713804721832,0.1371942907571792,0.1794634439342189,0.6520412056466998,0.2755562721702677,0.387396577127961,0.4641635715961456,0.15673828125,0.2402305313466404,3418,1824,8986,0.7623830437660217,3.423905943827564,0.069888961463096,0.1678641410842586,0.25,2180,78,0.0357798165137614,3009,173,0.0574941841143236,5721,1980,0.3460933403251179,1494,1187,0.7945113788487282,39.80374033518383,0.4073696136474609,32768.0,555.6244857001584,2
school4_box_weight_100e,62,0.0003159377236576,1.5260723178262834,0.2119450624451621,0.6307678518357215,0.2277864678242764,459.1207792207792,1.3717776482368444,1.981562581534187,0.3670784141092251,0.6442394157250723,0.323414915939793,522.859375,0.4053094685077667,0.133387491106987,0.1778327019885182,0.6704956392256967,0.254111576910674,0.368547208418591,0.4641360640525818,0.1524658203125,0.225901239876729,3152,1549,9252,0.7639826536178589,3.070542129327237,0.0842586544741998,0.1841933376877857,0.25,2180,41,0.0188073394495412,3009,112,0.0372216683283482,5721,1829,0.3196993532599196,1494,1170,0.7831325301204819,39.71915593772239,0.4078068733215332,32768.0,558.5456876999233,0
school4_box_weight_100e,63,0.0003014260546826,1.521202533508276,0.2115419843850972,0.6305436458293494,0.2263723010608515,459.0707792207792,1.392207642189868,1.9881279561668637,0.3726191169116646,0.6437625046819448,0.3239154452458024,522.859375,0.4100056886672973,0.1362557709217071,0.1798254325985908,0.6653019447287615,0.2620122541115769,0.3759615940771588,0.4692661762237549,0.1583251953125,0.2314979699408789,3250,1635,9154,0.7602951526641846,3.1907250163291967,0.0790333115610712,0.1730894839973873,0.25,2180,60,0.0275229357798165,3009,131,0.043536058491193,5721,1873,0.3273903163782555,1494,1186,0.7938420348058902,39.81937730099102,0.4067549705505371,32768.0,559.0216409000568,0
school4_box_weight_100e,64,0.0002871103542174,1.517489204081622,0.2098640979690985,0.6305335147040231,0.2256971974554774,459.0655844155844,1.375615778100955,1.9850251612563927,0.3702483211333553,0.6442035570119818,0.3235244276778151,522.859375,0.4051178991794586,0.1335832923650741,0.178209073934704,0.6427622841965471,0.27313769751693,0.3833663366336633,0.4669666886329651,0.1668701171875,0.2371386575208231,3388,1883,9016,0.7612031102180481,3.4428478118876558,0.0685826257348138,0.1724363161332462,0.25,2180,54,0.0247706422018348,3009,157,0.0521768029245596,5721,1986,0.3471421080230729,1494,1191,0.7971887550200804,40.08563246227157,0.4071793556213379,65536.0,562.4530827999115,0
school4_box_weight_100e,65,0.0002730047501302,1.5150501282184154,0.2094660559354664,0.6304019617956954,0.2250607031699898,458.94935064935066,inf,2.000098474944631,0.3817873009635756,0.6441165624807278,0.3247315370632956,522.859375,0.4015355110168457,0.1281420886516571,0.1756540038797538,0.6772250724960963,0.2447597549177684,0.3595665304672233,0.4602185785770416,0.1458740234375,0.2191899501841022,3036,1447,9368,0.7611076235771179,2.928151534944481,0.0953625081645983,0.1966035271064663,0.25,2180,40,0.018348623853211,3009,90,0.0299102691924227,5721,1735,0.3032686593252928,1494,1171,0.7838018741633199,39.66767234077618,0.4067115783691406,32768.0,557.0245861001313,2
school4_box_weight_100e,66,0.0002591231629491,1.51234122104459,0.2095362051015163,0.6302352266652244,0.2241899299931216,458.9974025974026,1.39952809806768,1.9851927297810716,0.3697310658171773,0.6434665760025382,0.3239983626020451,522.859375,0.4048961699008941,0.1289688050746917,0.1762161524835392,0.6680655475619505,0.2695098355369236,0.3840762867647059,0.4649537801742553,0.1593017578125,0.2376821898329185,3343,1661,9061,0.7599760890007019,3.2684519921619857,0.0842586544741998,0.178967994774657,0.25,2180,78,0.0357798165137614,3009,189,0.0628115653040877,5721,1894,0.3310610033210977,1494,1182,0.7911646586345381,40.422045322080656,0.4248404502868652,32768.0,554.5850937999785,0
school4_box_weight_100e,67,0.0002454792921248,1.5074458407117175,0.2077667719890158,0.6301735840060494,0.2231684944652892,458.9798701298701,1.3896809918152822,1.9886458379526928,0.3742624763399362,0.643841750609378,0.3235138724558055,522.859375,0.4114770889282226,0.1345162391662597,0.1824198727495968,0.6427076064200977,0.2970009674298613,0.4062637847375385,0.4734595715999603,0.16748046875,0.2549128148353169,3684,2048,8720,0.7599979043006897,3.743958197256695,0.0633572828216851,0.1567602873938602,0.25,2180,117,0.0536697247706422,3009,266,0.0884014622798271,5721,2091,0.3654955427372837,1494,1210,0.8099062918340026,39.93265184885825,0.4248404502868652,32768.0,558.9018823998049,0
school4_box_weight_100e,68,0.0002320866025105,1.504490085236438,0.2077960200365874,0.6299837522692494,0.2222367712042548,459.0409090909091,1.411770923300223,1.9972913501163323,0.3715155338092397,0.6444968109329542,0.3270930003685255,522.859375,0.413909912109375,0.1295752227306366,0.1780008706380613,0.6786081943586576,0.2657207352466946,0.3819013962111117,0.4739903211593628,0.1541748046875,0.2360186179735051,3296,1561,9108,0.7584192752838135,3.172436316133246,0.0829523187459177,0.178967994774657,0.25,2180,66,0.0302752293577981,3009,186,0.0618145563310069,5721,1871,0.3270407271456039,1494,1173,0.785140562248996,39.382436791848335,0.4078269004821777,65536.0,563.7235991000198,0
school4_box_weight_100e,69,0.0002189583110739,1.502001348021743,0.2069006900895725,0.6297528463137614,0.2217826042517826,458.94415584415583,inf,1.998905269429088,0.3780682214225332,0.6438981384659807,0.3256463035941124,522.859375,0.411027729511261,0.133896604180336,0.1796871286816895,0.669770206022187,0.2725733634311512,0.387462754985102,0.471208244562149,0.1629638671875,0.2402814298912657,3381,1667,9023,0.7610304951667786,3.297191378184193,0.0757674722403657,0.1717831482691051,0.25,2180,82,0.0376146788990825,3009,180,0.0598205383848454,5721,1940,0.3391015556720853,1494,1179,0.7891566265060241,39.738331030091466,0.4073500633239746,32768.0,562.2175889001228,2
school4_box_weight_100e,70,0.0002061073738537,1.4995938057249243,0.2066590684333017,0.6297214079986919,0.2210711093546895,459.1363636363636,1.414665265013645,2.0033133644610643,0.3788167271607865,0.6452799802646041,0.326405552138264,522.859375,0.4077625870704651,0.1324719339609146,0.1801388046704232,0.670349537967055,0.269026120606256,0.3839604188240708,0.4686943888664245,0.1571044921875,0.2375934496262015,3337,1641,9067,0.7615610361099243,3.2514696276943176,0.0829523187459177,0.1757021554539516,0.25,2180,96,0.0440366972477064,3009,199,0.0661349285476902,5721,1860,0.3251179863660199,1494,1182,0.7911646586345381,39.44906467168535,0.406930923461914,32768.0,562.950290299952,0
school4_box_weight_100e,71,0.0001935464731735,1.4986158513403558,0.2065102366899902,0.6296580080088083,0.2208158691111323,459.0935064935065,1.4124630841341883,1.9861200569818416,0.3703333667169015,0.6440989164014658,0.3238959242589772,522.859375,0.413980096578598,0.1319637894630432,0.1799156166176544,0.6606471030850264,0.2831344727507255,0.3963882618510158,0.4748582541942596,0.1624755859375,0.2471846846846846,3512,1804,8892,0.7616137266159058,3.472240365774004,0.0731548007838014,0.1717831482691051,0.25,2180,100,0.0458715596330275,3009,214,0.071119973413094,5721,2014,0.3520363572801958,1494,1184,0.7925033467202142,38.98486763416894,0.4075756072998047,65536.0,564.3432020000182,0
school4_box_weight_100e,72,0.0001812880051256,1.494974430350514,0.2054642310874028,0.629557616757108,0.2199841939735335,459.0474025974026,1.423571267453107,1.9923173636198044,0.3739315853454172,0.6444660670434436,0.3246399049336712,522.859375,0.4239453673362732,0.1403372585773468,0.185819873958826,0.6896758703481393,0.277894227668494,0.3961613607631307,0.4864654541015625,0.164306640625,0.2470082407739161,3447,1551,8957,0.7638819217681885,3.264532984977139,0.0849118223383409,0.1750489875898105,0.25,2180,96,0.0440366972477064,3009,246,0.0817547357926221,5721,1941,0.3392763502884111,1494,1164,0.7791164658634538,39.23739457085718,0.4069366455078125,65536.0,566.5784502997994,0
school4_box_weight_100e,73,0.0001693440673381,1.4915753139303876,0.2045063416485662,0.6294719932141242,0.2191989931967351,459.09090909090907,1.4043127309579353,1.990908782929182,0.3732722252607345,0.6441794506584605,0.3244857032162447,522.859375,0.4151910543441772,0.1344339251518249,0.1836703321430832,0.654746777999637,0.2907932924862947,0.4027242784569865,0.4777663648128509,0.1624755859375,0.2521319725989095,3607,1902,8797,0.7607865929603577,3.5983017635532333,0.0679294578706727,0.1613324624428478,0.25,2180,114,0.0522935779816513,3009,288,0.0957128614157527,5721,2007,0.350812794965915,1494,1198,0.8018741633199464,39.57413942899483,0.4071664810180664,65536.0,561.3653945000842,0
school4_box_weight_100e,74,0.0001577264470356,1.4908794523059548,0.2045612413823217,0.6295220591805198,0.2189320508971229,459.0487012987013,inf,1.986535869538784,0.3695446139511962,0.6439129896461964,0.3243594230152666,522.859375,0.4184246957302093,0.1395118236541748,0.1839456921981764,0.6694931222913134,0.286439858110287,0.401219581051324,0.4835081100463867,0.166748046875,0.2509535245091114,3553,1754,8851,0.762282133102417,3.4663618549967343,0.0679294578706727,0.1665578053559764,0.25,2180,99,0.0454128440366972,3009,252,0.0837487537387836,5721,2013,0.35186156266387,1494,1189,0.7958500669344043,39.53008385363893,0.4078021049499511,65536.0,562.8532679998316,2
school4_box_weight_100e,75,0.0001464466094067,1.4884470564978465,0.2043056408499742,0.6293335077437487,0.218269302507306,459.0201298701299,1.4260066016153856,2.0014187823981047,0.3786372093018144,0.6440907306969166,0.3262302799460788,522.859375,0.4098122715950012,0.1340095102787017,0.1798552590917097,0.6757843925985519,0.2708803611738149,0.3867403314917127,0.471310555934906,0.1632080078125,0.2397260273972602,3360,1612,9044,0.760185182094574,3.247550620509471,0.0796864794252122,0.171129980404964,0.25,2180,115,0.0527522935779816,3009,193,0.0641409106015287,5721,1862,0.3254675755986715,1494,1190,0.7965194109772423,39.90145921125497,0.4077954292297363,65536.0,564.9569212000351,0
school4_box_weight_100e,76,0.0001355156862892,1.4890365215090962,0.2049803109718607,0.6292182581378268,0.2182793177857801,459.0461038961039,1.428896634338738,2.0031932263324657,0.3827443094924092,0.6443288214504719,0.3253733622065435,522.859375,0.4053236246109009,0.1335832625627517,0.178511956371949,0.6778907242693774,0.2580619155111254,0.3738175872941726,0.4680393636226654,0.1514892578125,0.2298743267504488,3201,1521,9203,0.7623786330223083,3.0842586544742,0.0842586544741998,0.1841933376877857,0.25,2180,88,0.0403669724770642,3009,171,0.0568295114656031,5721,1773,0.3099108547456738,1494,1169,0.7824631860776439,39.65635887457697,0.4069576263427734,65536.0,565.8915868999902,0
school4_box_weight_100e,77,0.0001249444651847,1.482672368628638,0.2026397850316066,0.6289773463428795,0.2170184119761764,458.9798701298701,inf,2.00717591928939,0.3789788297532747,0.6443044332166513,0.3279642212825517,522.859375,0.4124273657798767,0.1353741586208343,0.1811789901461452,0.6734654608427939,0.2821670428893905,0.3977046758706892,0.4758512377738952,0.1629638671875,0.2482093468548329,3500,1697,8904,0.7615044116973877,3.3945133899412148,0.0790333115610712,0.1737426518615284,0.25,2180,106,0.0486238532110091,3009,236,0.0784313725490196,5721,1976,0.3453941618598147,1494,1182,0.7911646586345381,39.374177718744605,0.4071245193481445,65536.0,570.276069900021,2
school4_box_weight_100e,78,0.0001147433786121,1.4822352419425917,0.2026728718650418,0.6290747151359335,0.2168292185315838,459.0746753246753,inf,2.000470091899236,0.3745322657438616,0.6440603546798229,0.3272924921475351,522.859375,0.4129045605659485,0.1309665292501449,0.179601563885808,0.6677637947725072,0.2780554659787165,0.3926233707097729,0.4751462936401367,0.1595458984375,0.2442634560906515,3449,1716,8955,0.7580575346946716,3.3736120182887004,0.0816459830176355,0.170476812540823,0.25,2180,118,0.0541284403669724,3009,225,0.0747756729810568,5721,1915,0.3347316902639399,1494,1191,0.7971887550200804,39.287741571257456,0.4075856208801269,32768.0,573.2337412999477,2
school4_box_weight_100e,79,0.0001049224938121,1.4786580054790943,0.2022761216750005,0.6289831651108605,0.2157995725123139,459.09090909090907,1.4355215023477357,2.00762373705705,0.3774359924718737,0.644482335075736,0.328568468724067,522.859375,0.4137223958969116,0.1304215639829635,0.1787992274446878,0.6746487235305759,0.2748306997742664,0.390559660881022,0.4781379997730255,0.1578369140625,0.2426679954441913,3409,1644,8995,0.7588030099868774,3.3004572175048987,0.0920966688438928,0.1743958197256695,0.25,2180,102,0.046788990825688,3009,216,0.0717846460618145,5721,1905,0.3329837441006817,1494,1186,0.7938420348058902,40.072450939247005,0.4076042175292969,32768.0,564.4776374001522,0
school4_box_weight_100e,80,9.549150281252635e-05,1.4781567131544089,0.2022340358271227,0.6289047947564682,0.215672627367176,459.09090909090907,1.4306462481037363,2.000804821650187,0.3792413621364782,0.644319684865574,0.3257479283493012,522.859375,0.4219727516174316,0.1375786364078521,0.1850298765115439,0.6749149981110691,0.2880522412125121,0.4037744377895807,0.4857215881347656,0.166259765625,0.2529557522123893,3573,1721,8831,0.759703516960144,3.4578706727629003,0.0809928151534944,0.1730894839973873,0.25,2180,131,0.060091743119266,3009,284,0.0943835161183117,5721,1980,0.3460933403251179,1494,1178,0.7884872824631861,39.51064007910421,0.4077992439270019,65536.0,561.5728605999611,0
school4_box_weight_100e,81,8.645971286271923e-05,1.479560546751146,0.2025858231082365,0.6289824483843592,0.215997425108761,459.06298701298704,1.4310148107154028,2.008482754851381,0.3759659569089611,0.6451200554147363,0.3291322481818497,522.859375,0.4158933162689209,0.1307625323534011,0.1792963227257132,0.670079196445818,0.2796678490809416,0.3946305670894716,0.4783593416213989,0.165283203125,0.2458191609977324,3469,1708,8935,0.7585662603378296,3.3814500326583934,0.0770738079686479,0.1691704768125408,0.25,2180,102,0.046788990825688,3009,239,0.0794283815221003,5721,1938,0.3387519664394336,1494,1190,0.7965194109772423,39.43991501517395,0.4068970680236816,65536.0,571.4151854999363,0
school4_box_weight_100e,82,7.78360372489926e-05,1.4750768663047196,0.2011446094938687,0.6286980051885952,0.2150780829419563,459.0487012987013,1.4315645728018376,2.010365371281902,0.3813493646060427,0.6449811107789477,0.3280116310343146,522.859375,0.4100891053676605,0.1286192536354065,0.1792839690111577,0.6564644778334261,0.2853111899387294,0.3977521775779713,0.4725961983203888,0.16162109375,0.248246352413019,3539,1852,8865,0.7574993968009949,3.5212279555845853,0.0738079686479425,0.1665578053559764,0.25,2180,119,0.0545871559633027,3009,243,0.0807577268195413,5721,1981,0.3462681349414438,1494,1196,0.8005354752342704,39.82400934491712,0.4248404502868652,65536.0,562.1934599999804,0
school4_box_weight_100e,83,6.962898649802815e-05,1.4736857244720707,0.200651200894605,0.6287233683583024,0.2147703852649633,459.0064935064935,inf,2.0050963554531336,0.3830231955895821,0.6439917013049126,0.3260271509643644,522.859375,0.4149154126644134,0.1365652978420257,0.1820774701685877,0.6564211270093623,0.2995807803934214,0.4114032659839468,0.4807989597320556,0.1658935546875,0.2589727507143355,3716,1945,8688,0.7587130069732666,3.697583278902678,0.0679294578706727,0.1619856303069889,0.25,2180,125,0.0573394495412844,3009,285,0.0947158524426719,5721,2107,0.3682922565984968,1494,1199,0.8025435073627845,39.84493284717634,0.4065103530883789,32768.0,561.0498371999711,2
school4_box_weight_100e,84,6.184665997806824e-05,1.4746593682796925,0.2011781144258264,0.6287411666148669,0.214913363237079,459.0766233766234,1.4487812464500402,2.012084413940708,0.3832658461760729,0.6447229177380601,0.3280318810914953,522.859375,0.4039221405982971,0.1301295161247253,0.1776185625232756,0.6627161453273752,0.2749919380844888,0.3886958008090707,0.46719691157341,0.16015625,0.2412305516265912,3411,1736,8993,0.760528564453125,3.3618549967341607,0.0764206401045068,0.1665578053559764,0.25,2180,104,0.0477064220183486,3009,208,0.0691259554669325,5721,1911,0.3340325117986366,1494,1188,0.7951807228915663,39.80324126606808,0.4077768325805664,32768.0,569.0685043998528,0
school4_box_weight_100e,85,5.449673790581613e-05,1.4680049405469522,0.2000837325227338,0.6286014390069169,0.2131065904900625,459.03311688311686,1.4326522594922548,2.0153979094078145,0.3875789055600762,0.6443181966120998,0.3278336046108355,522.859375,0.4064782261848449,0.1302942782640457,0.1769557269290089,0.6659520561294094,0.2754756530151564,0.3897348160821214,0.4715025722980499,0.1619873046875,0.2420314492137696,3417,1714,8987,0.7586923837661743,3.3514043109079035,0.077726975832789,0.1730894839973873,0.25,2180,97,0.0444954128440367,3009,219,0.0727816550348953,5721,1907,0.3333333333333333,1494,1194,0.7991967871485943,39.30940588769065,0.407632827758789,32768.0,567.3297842000611,0
school4_box_weight_100e,86,4.758647376699034e-05,1.4693071952887944,0.200182417301195,0.628550547361374,0.2135247438807379,459.0571428571429,1.4308927034402823,2.018716232851148,0.3873371259154131,0.6449437011033297,0.3288117992536475,522.859375,0.4033333361148834,0.1254385411739349,0.1751370873302221,0.6550489826676714,0.2803128023218316,0.3926151761517615,0.4665125012397766,0.1656494140625,0.2442571127502634,3477,1831,8927,0.7578649520874023,3.467015022860876,0.0725016329196603,0.1678641410842586,0.25,2180,107,0.0490825688073394,3009,232,0.0771020272515786,5721,1941,0.3392763502884111,1494,1197,0.8012048192771084,39.89664999788938,0.4065084457397461,65536.0,566.7882419999223,0
school4_box_weight_100e,87,4.112268715800956e-05,1.4689532985160878,0.2000095034042349,0.6285408613356677,0.2134676448758933,459.0551948051948,1.4360147062834208,2.009153457979361,0.3822740436686824,0.6444862248996893,0.327464396910121,522.859375,0.4135394692420959,0.1329136043787002,0.1802032270934432,0.65750452079566,0.2931312479845211,0.4054867848778855,0.4777523279190063,0.16357421875,0.2543013008812421,3636,1894,8768,0.7568585872650146,3.612018288700196,0.0725016329196603,0.1652514696276943,0.25,2180,135,0.0619266055045871,3009,293,0.097374543037554,5721,2011,0.3515119734312183,1494,1197,0.8012048192771084,39.9564855777896,0.4078011512756347,65536.0,559.2672325000167,0
school4_box_weight_100e,88,3.511175705587434e-05,1.4694115998683035,0.1996474915317126,0.6286329164907529,0.2137103970658469,458.8655844155844,inf,2.014067063728968,0.3867907477542758,0.6447026608511806,0.3275245501815031,522.859375,0.4121543169021606,0.1355526447296142,0.1818363951519131,0.6697247706422018,0.2824895195098355,0.3973690179178952,0.4764438271522522,0.164306640625,0.247947919615058,3504,1728,8900,0.760420024394989,3.4173742651861527,0.0783801436969301,0.1691704768125408,0.25,2180,113,0.0518348623853211,3009,238,0.0790960451977401,5721,1965,0.3434714210802307,1494,1188,0.7951807228915663,39.57360502348257,0.4071536064147949,65536.0,565.0287081999704,2
school4_box_weight_100e,89,2.9559615522887284e-05,1.4658218143048225,0.1996439200813894,0.6283176310263671,0.2126200880081235,458.874025974026,1.439847976511175,2.014374653498332,0.385753924647967,0.6448239761715134,0.3279322530142963,522.859375,0.4063575267791748,0.1293935328722,0.1762813728302717,0.6535608308605341,0.2841019026120606,0.3960440548437851,0.4702178537845611,0.163818359375,0.2469170403587444,3524,1868,8880,0.7579959034919739,3.5218811234487264,0.0718484650555192,0.1652514696276943,0.25,2180,109,0.05,3009,226,0.075108009305417,5721,1988,0.3474916972557245,1494,1201,0.8038821954484605,39.74935548081511,0.4076161384582519,65536.0,567.8272811998613,0
school4_box_weight_100e,90,2.447174185242324e-05,1.4672355376280748,0.1993994302563853,0.6283519400404646,0.2131613889588164,459.02467532467534,inf,2.0064340314517417,0.3776478741783649,0.6446397981295983,0.3280487859155983,522.859375,0.4130491018295288,0.1348493546247482,0.1792812011670321,0.6653158961134648,0.291196388261851,0.4050916839567094,0.4754318296909332,0.1668701171875,0.253990577315238,3612,1817,8792,0.7573844194412231,3.5460483344219464,0.0705421293272371,0.1619856303069889,0.25,2180,123,0.0564220183486238,3009,279,0.0927218344965104,5721,2016,0.3523859465128474,1494,1194,0.7991967871485943,37.29250067653776,0.4075841903686523,32768.0,604.775722600054,2
