epoch,learning_rate,train_total,train_classification,train_quality,train_box,train_positive_count,train_gradient_norm,valid_total,valid_classification,valid_quality,valid_box,valid_positive_count,metric_ap50,metric_ap75,metric_map50_95,metric_precision,metric_recall,metric_f1,metric_best_f1,metric_best_f1_threshold,metric_detection_accuracy,metric_tp,metric_fp,metric_fn,metric_mean_tp_iou,metric_average_detections_per_image,metric_no_detection_image_rate,metric_zero_recall_image_rate,metric_score_threshold,metric_tiny_lt16_gt,metric_tiny_lt16_matched,metric_tiny_lt16_recall,metric_small_16_32_gt,metric_small_16_32_matched,metric_small_16_32_recall,metric_medium_32_96_gt,metric_medium_32_96_matched,metric_medium_32_96_recall,metric_large_ge96_gt,metric_large_ge96_matched,metric_large_ge96_recall,train_images_per_second,peak_vram_gib,amp_scale,seconds,warning_count
1,0.0009999383162408303,2.3769741398173494,0.49933307267628707,0.7923248824748126,0.5426580926234071,458.97597402597404,4.593221729529368,2.274154902125398,0.6179543011821806,0.6908968621864915,0.4826518694559733,522.859375,0.040516197681427,0.00022432365221902728,0.007337870668641245,0.102562744890395,0.15615930345049983,0.12380952380952381,0.12392107397317886,0.25048828125,0.06598984771573604,1937,16949,10467,0.5978915691375732,12.335728282168517,0.08752449379490529,0.6041802743305029,0.25,2180,2,0.0009174311926605505,3009,344,0.11432369557992689,5721,1402,0.24506205208879567,1494,189,0.12650602409638553,42.69361746693216,0.3569507598876953,1024.0,489.42561350000324,0
2,0.0009997532801828658,1.966310308351145,0.4023106682997245,0.6709098981572436,0.44654487203080934,459.12142857142857,1.6593557965445829,2.1449510206778846,0.591274062016358,0.6689722125108043,0.4423523733081917,522.859375,0.1380425989627838,0.0014594877138733864,0.027840416953870316,0.17824112077929186,0.2625765881973557,0.21234149362714738,0.22050873935222626,0.2939453125,0.1187819110138585,3257,15016,9147,0.6177552938461304,11.935336381450032,0.06009144350097975,0.47028086218158066,0.25,2180,12,0.005504587155963303,3009,751,0.2495845795945497,5721,2316,0.40482433141059254,1494,178,0.11914323962516733,42.83684651353197,0.3589344024658203,1024.0,482.968166000006,0
3,0.0009994449374809851,1.85686717103054,0.36954058391320244,0.6640495999679937,0.41163849308119194,459.1077922077922,1.4585637488148429,2.026396593078971,0.5442376256299516,0.6601940083007017,0.410982475305597,522.859375,0.24245789647102356,0.012538387440145016,0.07016071441919394,0.23857647378429775,0.35399871009351824,0.28504657729884125,0.29398149251937866,0.296142578125,0.16621243091831328,4391,14014,8013,0.6554396152496338,12.021554539516655,0.07511430437622468,0.3762246897452645,0.25,2180,61,0.02798165137614679,3009,1293,0.42971086739780656,5721,2709,0.4735186156266387,1494,328,0.21954484605087016,43.34879879771706,0.3579573631286621,1024.0,485.28160359998583,0
4,0.0009990133642141358,1.7881842473884682,0.348710587233692,0.6599965799551506,0.389738540003052,459.0396103896104,1.3603956490368039,2.105656544367472,0.6695309701996545,0.6564627982055148,0.38983138371258974,522.859375,0.2762790620326996,0.02718481421470642,0.08853629159324328,0.2004677699422375,0.45606256046436633,0.2785121729069739,0.3277374505996704,0.34912109375,0.1617857347137219,5657,22562,6747,0.671241283416748,18.431743958197256,0.022860875244937948,0.24363161332462444,0.25,2180,100,0.045871559633027525,3009,1444,0.47989365237620474,5721,3512,0.6138786925362699,1494,601,0.40227576974564927,43.35606449595082,0.35757875442504883,1024.0,478.93913500002236,0
5,0.000998458666866564,1.7368542966904579,0.3333642019079877,0.6568706498904662,0.37330972213636743,459.01233766233764,1.3057966094899487,1.925743805244565,0.5151335795720419,0.6526683342332641,0.3789709419943392,522.859375,0.2913602590560913,0.027347786352038383,0.09457814270117523,0.2992335270119916,0.3902773298935827,0.33874466447414453,0.35108625888824463,0.296875,0.20390884966934839,4841,11337,7563,0.6794430017471313,10.56694970607446,0.037230568256041804,0.3357282821685173,0.25,2180,69,0.03165137614678899,3009,1282,0.4260551678298438,5721,3168,0.5537493445201888,1494,322,0.21552878179384202,43.39796977126712,0.3589344024658203,1024.0,479.11310620000586,0
6,0.00099778098230154,1.6948818767225589,0.3201416479399452,0.6543439935554157,0.36019811879891855,459.087012987013,1.2576378570748614,2.018983479589224,0.62803291513895,0.653019322703282,0.3689656228137513,522.859375,0.3164246380329132,0.05593033879995346,0.11675706975875073,0.24134095354992136,0.507255723960013,0.32706952566601694,0.37583836913108826,0.328369140625,0.19550694466022434,6292,19779,6112,0.6942611932754517,17.028739386022206,0.017635532331809273,0.18158066623122143,0.25,2180,119,0.054587155963302755,3009,1591,0.5287470920571619,5721,3785,0.661597622793218,1494,797,0.5334672021419009,43.09421261728794,0.35764408111572266,1024.0,483.7447747999977,0
7,0.0009969804777275899,1.6644186236641623,0.3110422337693827,0.6525459871663676,0.3504152024430888,459.038961038961,1.2119357938890334,1.9824572087575991,0.6030392774070302,0.6497458089143038,0.36483606160618365,522.859375,0.3538106083869934,0.054576002061367035,0.12578775253787172,0.26560468140442134,0.526926797807159,0.3531827515400411,0.40694284439086914,0.33056640625,0.2144638403990025,6536,18072,5868,0.6889052391052246,16.0731548007838,0.003919007184846506,0.13716525146962769,0.25,2180,171,0.07844036697247707,3009,1654,0.5496842804918578,5721,3759,0.6570529627687467,1494,952,0.6372155287817939,43.06060511993849,0.3577895164489746,1024.0,486.7253397000022,0
8,0.000996057350657239,1.6406862272844687,0.30422538262489557,0.6510098577706844,0.3427254937879451,459.05064935064934,1.2053014845430077,2.013448191806674,0.6598112819095453,0.6484371504435936,0.3525998773984611,522.859375,0.362273633480072,0.07408250868320465,0.13817104047411705,0.25938695866328193,0.5519187358916479,0.35291388509420835,0.4236258864402771,0.34228515625,0.21426559419110514,6846,19547,5558,0.6976591944694519,17.239059438275635,0.002612671456564337,0.10646636185499674,0.25,2180,158,0.07247706422018349,3009,1605,0.5333998005982054,5721,4010,0.7009264114665268,1494,1073,0.7182061579651942,43.091634775060385,0.3589344024658203,1024.0,482.5641312999942,0
9,0.0009950118288582787,1.619035188640867,0.29666241099695106,0.6499499872907416,0.3362113942476836,459.0831168831169,1.1494439894889856,1.8376852497458458,0.4843884549724559,0.6477132790411512,0.3527917586422215,522.859375,0.43918126821517944,0.08344504237174988,0.16704496381207717,0.3464826758662067,0.5586907449209932,0.42771177287455636,0.4858382046222687,0.32177734375,0.2720314033366045,6930,13071,5474,0.7036437392234802,13.064010450685826,0.014369693011103853,0.12279555845852384,0.25,2180,205,0.09403669724770643,3009,1695,0.5633100697906281,5721,3949,0.6902639398706519,1494,1081,0.7235609103078983,42.59395859728742,0.3580765724182129,1024.0,483.28525190000073,0
10,0.0009938441702975688,1.5991205611786286,0.2910175821610859,0.6487513418708529,0.32967581785731503,458.9902597402597,1.125911292472443,1.8323846192409594,0.4886787408807625,0.647545101121068,0.3480803871061653,522.859375,0.41858139634132385,0.06649978458881378,0.15326767530041252,0.33277310924369746,0.5427281522089649,0.41257584114726975,0.46921679377555847,0.318359375,0.2599027102154274,6732,13498,5672,0.6979773044586182,13.213585891574134,0.020248203788373612,0.14304376224689747,0.25,2180,138,0.06330275229357799,3009,1631,0.542040545031572,5721,3949,0.6902639398706519,1494,1014,0.678714859437751,42.713295832790585,0.3589344024658203,1024.0,483.86188859998947,0
11,0.000992554663077387,1.582191868571492,0.28687967732548714,0.6475534938372575,0.3238793483221686,459.0694805194805,1.1128187470234834,1.7416948781659205,0.3925696111594637,0.6471030317867795,0.3510111205590268,522.859375,0.4501953423023224,0.0762779712677002,0.16899024655249378,0.4533928828699035,0.5074169622702354,0.47888609906414065,0.5034908652305603,0.285888671875,0.31482593037214884,6294,7588,6110,0.7067521214485168,9.067276290006532,0.02939255388634879,0.15871979098628347,0.25,2180,143,0.06559633027522936,3009,1543,0.5127949484878698,5721,3635,0.6353784303443454,1494,973,0.6512717536813922,42.91391445739172,0.35804033279418945,1024.0,477.0332543000113,0
12,0.0009911436253643444,1.5691995456621244,0.2825357020191558,0.646743114466791,0.3199603640220382,459.0103896103896,1.0901249652559106,1.7553630297382672,0.42744460771791637,0.6460006097331643,0.34095890703611076,522.859375,0.47045034170150757,0.09957560151815414,0.18482955540093826,0.4029885594209666,0.5565946468881006,0.46749729144095337,0.5171504020690918,0.322509765625,0.30505478967833155,6904,10228,5500,0.7109370827674866,11.190071848465056,0.020248203788373612,0.11952971913781842,0.25,2180,202,0.0926605504587156,3009,1712,0.5689597873047524,5721,3878,0.677853522111519,1494,1112,0.7443105756358769,42.56039909714343,0.3578147888183594,1024.0,487.22155499999644,0
13,0.0009896114053108828,1.5545669243707285,0.2789115945433641,0.6458347536526717,0.31491028831957224,459.0974025974026,1.0677318574933263,1.6888058024148147,0.3564621906261891,0.6460733056689302,0.3431351548836877,522.859375,0.47583135962486267,0.09236734360456467,0.18138422447591437,0.5194621960328658,0.5045952918413416,0.5119208277103015,0.5216790437698364,0.27734375,0.34401451027811364,6259,5790,6145,0.7104798555374146,7.870019595035925,0.05094709340300457,0.1619856303069889,0.25,2180,162,0.07431192660550459,3009,1528,0.5078099036224659,5721,3561,0.6224436287362349,1494,1008,0.6746987951807228,42.65384841143709,0.3589344024658203,2048.0,484.30240079999203,0
14,0.0009879583809693736,1.5422221244155587,0.27427723704800977,0.6454293542868131,0.31125776694192514,459.02532467532467,1.0585182310698869,1.6747784223407507,0.35845070409898955,0.6455485597252846,0.33538957879257697,522.859375,0.5046115517616272,0.13099315762519836,0.20558341892028692,0.5455765199161425,0.5245082231538214,0.5348349706112048,0.5468222498893738,0.276123046875,0.3650339449026539,6506,5419,5898,0.7191539406776428,7.7890267798824295,0.031352057478772045,0.12214239059438275,0.25,2180,197,0.09036697247706423,3009,1629,0.5413758723828515,5721,3590,0.6275126726096836,1494,1090,0.7295850066934404,42.95629979623601,0.3577723503112793,2048.0,483.196183299995,0
15,0.0009861849601988382,1.5326552394148591,0.27126677506542823,0.6447258699636955,0.30833129598335784,459.09025974025974,1.042683100158518,1.6539677785088618,0.32670901374270517,0.6482365091020862,0.33951112736637395,522.859375,0.5085317492485046,0.11434328556060791,0.20267654284398304,0.5902674591381872,0.5124153498871332,0.5485931296392198,0.5536691546440125,0.27392578125,0.3779733587059943,6356,4412,6048,0.7185090184211731,7.033311561071195,0.039843239712606136,0.1325930764206401,0.25,2180,142,0.06513761467889909,3009,1484,0.49318710535061483,5721,3601,0.6294354133892676,1494,1129,0.7556894243641231,42.74631660112171,0.3589344024658203,2048.0,475.0230809999921,0
16,0.0009842915805643154,1.5209948293574445,0.26796636186636885,0.6439908639951186,0.3045188019802044,459.087012987013,1.0307964653163761,1.6421208661049604,0.3320711578708142,0.6449846749504408,0.3325325165254374,522.859375,0.516894519329071,0.13832813501358032,0.21417591835524946,0.6068449813057233,0.5103192518542405,0.5544120867089993,0.559750497341156,0.2666015625,0.3835201454104817,6330,4101,6074,0.7255639433860779,6.81319399085565,0.040496407576747225,0.1286740692357936,0.25,2180,151,0.06926605504587156,3009,1534,0.5098039215686274,5721,3534,0.6177241740954379,1494,1111,0.7436412315930389,42.95128153535264,0.35758447647094727,2048.0,485.3506731999805,0
17,0.000982278709228899,1.5153236441798024,0.26660214087792805,0.6436116874992074,0.3025549075626708,459.04415584415585,1.0352468770819825,1.6600424591451883,0.34932259377092123,0.6453809415300688,0.332669459671403,522.859375,0.5155286192893982,0.146385058760643,0.21658176338823978,0.5311910747957259,0.5450661077071912,0.5380391532707305,0.5595372915267944,0.295654296875,0.3680256926677916,6761,5967,5643,0.7242997884750366,8.31352057478772,0.022207707380796866,0.116263879817113,0.25,2180,189,0.08669724770642202,3009,1602,0.5324027916251246,5721,3842,0.6715609159237895,1494,1128,0.7550200803212851,42.4252767606438,0.3596968650817871,2048.0,487.98025930000586,0
18,0.0009801468428384714,1.504307807498164,0.26243881477260744,0.6432253983887759,0.2993217964547795,459.0785714285714,0.9991236016928375,1.6390048786997795,0.33258818718604743,0.6447346188748876,0.3308410343403618,522.859375,0.5193598866462708,0.14002427458763123,0.21814591127549648,0.6229230922296289,0.504756530151564,0.5576486305945224,0.5612757802009583,0.270751953125,0.386624675805854,6261,3790,6143,0.7298456430435181,6.564990202482038,0.039190071848465055,0.13128674069235793,0.25,2180,149,0.06834862385321101,3009,1472,0.4891990694582918,5721,3572,0.6243663695158189,1494,1068,0.714859437751004,42.60560781793983,0.3589344024658203,2048.0,485.33380779999425,0
19,0.0009778965073991648,1.4974703317338771,0.2615850085852208,0.6426633952887028,0.2966109641863928,459.1051948051948,0.9983307512356089,1.6200042845060427,0.31278515770100057,0.644677004776895,0.33127105981111526,522.859375,0.5267007946968079,0.15375052392482758,0.22324785449527554,0.6730384529895532,0.48822960335375687,0.5659284179048686,0.5663758516311646,0.251220703125,0.3946305226117555,6056,2942,6348,0.7338451147079468,5.877204441541476,0.06009144350097975,0.14630960156760286,0.25,2180,172,0.07889908256880734,3009,1421,0.4722499169159189,5721,3334,0.5827652508302744,1494,1129,0.7556894243641231,42.86013819217016,0.3571739196777344,2048.0,474.5953676000063,0
20,0.0009755282581475766,1.4892410846499653,0.25871800828676716,0.6421550899744034,0.2941839927396217,459.1357142857143,0.984638331269289,1.633698873842756,0.33223074426253635,0.6450319234281778,0.32821810455061495,522.859375,0.5385105609893799,0.1864466518163681,0.2410750671988353,0.5960157932519742,0.5354724282489519,0.5641243417700017,0.5752861499786377,0.279296875,0.3928782680705075,6642,4502,5762,0.7360672354698181,7.278902677988243,0.035924232527759635,0.1280209013716525,0.25,2180,198,0.0908256880733945,3009,1581,0.5254237288135594,5721,3705,0.6476140534871526,1494,1158,0.7751004016064257,42.55848030650312,0.3573760986328125,2048.0,483.05653470000834,0
21,0.0009730426794137723,1.4811458604676382,0.256721874263573,0.6416363368560741,0.2913938244538648,459.0694805194805,0.9847964103539268,1.62393296820422,0.32422952679917216,0.6444969475269318,0.32760324600773555,522.859375,0.5325472354888916,0.16197022795677185,0.22911379386350744,0.6182836529333586,0.5250725572396001,0.5678786293486789,0.574247419834137,0.2666015625,0.3965296803652968,6513,4021,5891,0.7318862676620483,6.880470280862181,0.037883736120182886,0.11952971913781842,0.25,2180,177,0.08119266055045872,3009,1500,0.4985044865403789,5721,3640,0.6362524034259744,1494,1196,0.8005354752342704,42.87302773790518,0.3569316864013672,2048.0,478.7031630999991,0
22,0.0009704403844771124,1.4740872852988058,0.25403142203274487,0.6414178201904545,0.2893190219708077,459.0103896103896,0.9718218316699003,1.6195888184010983,0.3206471980859836,0.6442930692185959,0.3273242736856143,522.859375,0.5422586798667908,0.17941832542419434,0.23963920309906825,0.644813606249382,0.5257175104804902,0.5792068215126349,0.5815977454185486,0.257568359375,0.407664416104026,6521,3592,5883,0.7362834811210632,6.605486610058785,0.038536903984323974,0.12344872632266493,0.25,2180,186,0.0853211009174312,3009,1464,0.4865403788634098,5721,3701,0.6469148750218493,1494,1170,0.7831325301204819,42.970512903805805,0.3569369316101074,2048.0,484.1968198000104,0
23,0.0009677220154149334,1.468738548864018,0.25313074485725395,0.640970468869457,0.2873186674791497,459.0694805194805,0.9656020709252977,1.6226838988562424,0.314933750545606,0.6449210954209169,0.3314145280358692,522.859375,0.5285151600837708,0.16602253913879395,0.2297803405323066,0.6536585365853659,0.5077394388906804,0.5715322836789328,0.5740476846694946,0.265869140625,0.40010164538466425,6298,3337,6106,0.7351276278495789,6.293272370999347,0.038536903984323974,0.13324624428478118,0.25,2180,171,0.07844036697247707,3009,1453,0.482884679295447,5721,3487,0.6095088271281245,1494,1187,0.7945113788487282,42.35295270760477,0.3569507598876953,2048.0,482.07558129998506,0
24,0.0009648882429441253,1.4583965683138216,0.24939412331910102,0.6404183128437438,0.28429206547799046,459.0642857142857,0.9419901316816156,1.615695860857765,0.3116078093492736,0.6444297566389044,0.32982914708554745,522.859375,0.5375003814697266,0.17264887690544128,0.2363457684376044,0.6826120814328623,0.4946791357626572,0.5736455850044406,0.5749942064285278,0.24365234375,0.40217605033755,6136,2853,6268,0.7395356893539429,5.871325930764207,0.046374918354016983,0.13128674069235793,0.25,2180,114,0.05229357798165138,3009,1354,0.449983383183782,5721,3502,0.6121307463730117,1494,1166,0.7804551539491299,42.712586684602115,0.35759401321411133,2048.0,478.73488530001487,0
25,0.000961939766255643,1.4566611482725516,0.24915504850350417,0.640330687861938,0.2835877063502739,459.0551948051948,0.9465128647042559,1.6065156236290932,0.3165743570619573,0.6438692988206943,0.32303598360158503,522.859375,0.5376077890396118,0.18149250745773315,0.23985414413909895,0.6739672557736095,0.5011286681715575,0.5748370092939381,0.5761181116104126,0.2548828125,0.4033482577379794,6216,3007,6188,0.7429181933403015,6.0241672109732205,0.038536903984323974,0.13128674069235793,0.25,2180,152,0.06972477064220184,3009,1428,0.4745762711864407,5721,3476,0.6075860863485405,1494,1160,0.7764390896921017,42.79785559125408,0.35802173614501953,2048.0,483.32140889999573,0
26,0.0009588773128419901,1.4505587501185282,0.24780593926159591,0.6398525277128467,0.28145014058266365,458.9538961038961,0.9441767952658914,1.6221921083827813,0.328583937138319,0.643820916612943,0.3248936279366414,522.859375,0.527484655380249,0.18505032360553741,0.23822133924113587,0.6187572590011614,0.5153982586262496,0.5623680506685432,0.5634902119636536,0.267333984375,0.3911766505537539,6393,3939,6011,0.742596447467804,6.748530372305683,0.024820378837361202,0.1201828870019595,0.25,2180,139,0.06376146788990826,3009,1465,0.48687271518777003,5721,3586,0.6268134941443804,1494,1203,0.8052208835341366,42.58290012351415,0.35796403884887695,4096.0,481.8072253999999,0
27,0.0009557016383177221,1.4443815033931238,0.2456262723191992,0.6393524175340479,0.2797014072440661,458.97597402597404,0.9410732026611056,1.6132933180779219,0.3193173118246098,0.6441021462281545,0.3249369337378691,522.859375,0.5319804549217224,0.1777588278055191,0.23791307731589767,0.6507936507936508,0.5057239600128991,0.5691602776391599,0.5703393816947937,0.25390625,0.3977805960684845,6273,3366,6131,0.7415827512741089,6.295885042455911,0.039190071848465055,0.12214239059438275,0.25,2180,135,0.06192660550458716,3009,1317,0.43768693918245266,5721,3635,0.6353784303443454,1494,1186,0.7938420348058902,42.50139737054588,0.3567337989807129,4096.0,481.29881509998813,0
28,0.0009524135262330093,1.4405144436792894,0.24457955205111534,0.6391826914115386,0.27837609991237716,459.0402597402597,0.9379499881492033,1.6481003649532795,0.35718358238227665,0.6438149983684222,0.3235508950116734,522.859375,0.5335935354232788,0.18678538501262665,0.23985795009939465,0.5426819682439868,0.5565946468881006,0.5495502666560534,0.5698010921478271,0.300048828125,0.37888266930084513,6904,5818,5500,0.7349618077278137,8.309601567602874,0.012410189418680601,0.09666884389288047,0.25,2180,174,0.0798165137614679,3009,1570,0.5217680292455965,5721,3918,0.6848453067645517,1494,1242,0.8313253012048193,42.51720425355514,0.3589344024658203,4096.0,484.8753480000014,0
29,0.0009490137878803073,1.4342198940066548,0.2426305040959027,0.6389349481502137,0.2763272204956451,459.0954545454546,0.9308003325160448,1.6202780759582918,0.31784909575556713,0.6447919759278496,0.32881850252548855,522.859375,0.5253124237060547,0.18697085976600647,0.23973746410920285,0.6747431889236266,0.48718155433731053,0.5658239700374531,0.5678015947341919,0.2396240234375,0.3945289547561533,6043,2913,6361,0.7454161643981934,5.84977139124755,0.04441541476159373,0.1280209013716525,0.25,2180,137,0.06284403669724771,3009,1307,0.4343635759388501,5721,3398,0.5939521062751267,1494,1201,0.8038821954484605,42.72575976878762,0.357147216796875,4096.0,486.6810279000201,0
30,0.0009455032620941834,1.4318672939554438,0.24153021004583156,0.6388159902838918,0.2757605473135973,459.07142857142856,0.9251395520064738,1.6421076077967882,0.34418336969489854,0.6444157048438987,0.3267542701990654,522.859375,0.5429252982139587,0.17372730374336243,0.2361381983064348,0.5640607148686143,0.5572396001289907,0.5606294103333603,0.5825823545455933,0.285888671875,0.38949622450129606,6912,5342,5492,0.7303508520126343,8.003919007184846,0.020901371652514697,0.10189418680600915,0.25,2180,233,0.10688073394495413,3009,1597,0.5307411100033234,5721,3846,0.6722600943890928,1494,1236,0.8273092369477911,42.429413875962254,0.35715246200561523,4096.0,482.20066639999277,0
31,0.0009418828150443463,1.4267819840412634,0.24114969310338621,0.6382904435520048,0.27367092400015175,458.84155844155845,0.9230152612576237,1.6293679649631183,0.3281688200465093,0.6448910580947995,0.32815404135423404,522.859375,0.5227805972099304,0.17746026813983917,0.23507164310431108,0.6278815580286169,0.5094324411480168,0.5624888730639132,0.5651454925537109,0.260009765625,0.3912935785497554,6319,3745,6085,0.7415592670440674,6.573481384715872,0.024167210973220117,0.11495754408883083,0.25,2180,160,0.07339449541284404,3009,1402,0.4659355267530741,5721,3534,0.6177241740954379,1494,1223,0.8186077643908969,42.67251688379993,0.3596968650817871,4096.0,484.7188475000148,0
32,0.0009381533400219311,1.421343759669886,0.23874198599875748,0.6380684309578561,0.2722666712937417,459.07207792207794,0.9087800953488845,1.612604980667432,0.3191724667946498,0.6442902026077112,0.32457115477882326,522.859375,0.5427536368370056,0.17314571142196655,0.23876424649497494,0.6700283643239836,0.5141889712995807,0.5818546731742918,0.5825772285461426,0.2548828125,0.41029269861691864,6378,3141,6026,0.737006425857544,6.217504898758981,0.036577400391900716,0.11822338340953625,0.25,2180,205,0.09403669724770643,3009,1467,0.48753738783649053,5721,3521,0.6154518440832022,1494,1185,0.7931726907630522,42.474259600769244,0.3589344024658203,4096.0,490.04591159999836,0
33,0.0009343157572190951,1.4179169710580404,0.23787737002039885,0.6377905643605567,0.2711245180918025,459.1149350649351,0.9123203318614465,1.6384725496172905,0.34712461948705214,0.6440934815133611,0.3236272231830905,522.859375,0.540385365486145,0.19000419974327087,0.24567074411315842,0.5894407780479333,0.547242824895195,0.5675585284280935,0.577214241027832,0.28515625,0.39621760448283916,6788,4728,5616,0.7389862537384033,7.521881123448726,0.019595035924232528,0.10189418680600915,0.25,2180,199,0.09128440366972478,3009,1537,0.5108009305417082,5721,3837,0.6706869428421605,1494,1215,0.8132530120481928,42.512353910809566,0.3569207191467285,4096.0,484.88723500000197,0
34,0.0009303710135019713,1.4125790548789037,0.2363294359006278,0.6375820455613075,0.2693337859948734,459.1077922077922,0.909959168809575,1.620543910190463,0.32878288680997986,0.6439724123726288,0.3238943067844957,522.859375,0.5367307662963867,0.19360865652561188,0.2463298959628446,0.6262088974854932,0.5220090293453724,0.5693809356313753,0.5734827518463135,0.2705078125,0.3979961890712398,6475,3865,5929,0.7445921897888184,6.753755715218811,0.02612671456564337,0.10320052253429131,0.25,2180,136,0.062385321100917435,3009,1411,0.4689265536723164,5721,3720,0.6502359727320398,1494,1208,0.8085676037483266,42.68534682199825,0.3589344024658203,4096.0,482.3214974000002,0
35,0.0009263200821770456,1.410060050503,0.23550362378939405,0.6372987442202382,0.2686288421901015,459.06233766233765,0.9026596681638197,1.6351387562851112,0.34123668951603275,0.644655019355317,0.3246235226591428,522.859375,0.540262758731842,0.1773969829082489,0.23867166922645994,0.5906005221932115,0.5470815865849726,0.5680087051142547,0.5761247873306274,0.28466796875,0.3966565349544073,6786,4704,5618,0.7338669300079346,7.504898758981058,0.020248203788373612,0.0953625081645983,0.25,2180,200,0.09174311926605505,3009,1504,0.4998338318378199,5721,3831,0.6696381751442055,1494,1251,0.8373493975903614,42.569483802421004,0.3571357727050781,4096.0,484.41532000000007,0
36,0.000922163962751007,1.406500471721996,0.23469004481547065,0.6372261413119056,0.2672921431335536,459.0538961038961,0.8996906944877141,1.636087893197934,0.3446703372367968,0.6447883558770021,0.3233146018659075,522.859375,0.540029764175415,0.19147013127803802,0.24664940287766512,0.5680901834937876,0.5565946468881006,0.5622836665716496,0.576604425907135,0.283203125,0.39109499801733416,6904,5249,5500,0.7381817698478699,7.937949052906597,0.019595035924232528,0.09601567602873938,0.25,2180,175,0.08027522935779817,3009,1529,0.5081422399468262,5721,3972,0.6942842160461458,1494,1228,0.821954484605087,42.85608422431343,0.3580303192138672,4096.0,482.0364774999907,0
37,0.0009179036806841347,1.4021749584705798,0.23296784778887575,0.6368802307488082,0.26616343963262323,459.1051948051948,0.8913002958158394,1.6344503462314606,0.3476836726379891,0.6445331644887725,0.32111675447473925,522.859375,0.5477437973022461,0.19406871497631073,0.24836539854295553,0.5806020066889632,0.5598194130925508,0.5700213429650305,0.5852444767951965,0.2802734375,0.3986222732491389,6944,5016,5460,0.737070620059967,7.811887655127368,0.017635532331809273,0.09666884389288047,0.25,2180,225,0.10321100917431193,3009,1583,0.5260884014622799,5721,3912,0.6837965390665968,1494,1224,0.8192771084337349,42.605524480983796,0.35715723037719727,4096.0,486.6151019000099,0
38,0.0009135402871372803,1.3979391574085533,0.23158766136734515,0.6367351101977484,0.26480819293624397,459.1,0.8989590677928615,1.629230221733451,0.32972819715117413,0.6446628995860616,0.32741956249810755,522.859375,0.5384208559989929,0.183783620595932,0.2389029036698048,0.6051643622378903,0.5328119961302805,0.5666881028938906,0.5753006935119629,0.272705078125,0.3953697056712132,6609,4312,5795,0.7358229160308838,7.1332462442847815,0.024167210973220117,0.10646636185499674,0.25,2180,148,0.06788990825688074,3009,1395,0.46360917248255235,5721,3847,0.6724348890054186,1494,1219,0.8159303882195449,42.65599913956375,0.3567233085632324,4096.0,484.1053396000061,0
39,0.0009090748587125112,1.3962776130670076,0.2310945398379843,0.636583485347884,0.26429979429616557,458.9993506493507,0.8886229446569046,1.6206651342411835,0.32052014760362607,0.6453882011895379,0.32737839377174777,522.859375,0.5368032455444336,0.17984750866889954,0.23831702159368434,0.6554595928439235,0.5139471138342471,0.5761409850881157,0.5780898928642273,0.262939453125,0.4046334496985084,6375,3351,6029,0.739413321018219,6.352710646636186,0.037230568256041804,0.11365120836054866,0.25,2180,131,0.06009174311926606,3009,1396,0.4639415088069126,5721,3642,0.6366019926586262,1494,1206,0.8072289156626506,42.64785951024631,0.3589344024658203,8192.0,484.85239569999976,0
40,0.0009045084971874732,1.3920140130953356,0.2303062441190342,0.6362759888559193,0.26271589088749575,459.0298701298701,0.8901355793143247,1.6334838246305783,0.3378788790044685,0.6454359721392393,0.32508448938218254,522.859375,0.532925546169281,0.1963507980108261,0.24459401617059484,0.6076908855611018,0.5299903257013866,0.566187236241495,0.5735658407211304,0.27001953125,0.3948822681403171,6574,4244,5830,0.7423942685127258,7.065969954278249,0.02155453951665578,0.10907903331156107,0.25,2180,189,0.08669724770642202,3009,1386,0.46061814556331004,5721,3765,0.6581017304667016,1494,1234,0.8259705488621151,42.65572055565267,0.3576374053955078,8192.0,478.8727630000212,0
41,0.0008998423292435448,1.3883375921032646,0.22877383384514938,0.6362325515065874,0.26166560346042955,458.92792207792206,0.8809787860551438,1.6138440960397322,0.31955513753928244,0.6448686501632134,0.3247101524223884,522.859375,0.5284172892570496,0.19287754595279694,0.24254433693131433,0.6484602580108199,0.5024991938084489,0.5662245639534884,0.5666120648384094,0.250732421875,0.39491858328581386,6233,3379,6171,0.7460042238235474,6.278249510124102,0.031352057478772045,0.1077726975832789,0.25,2180,101,0.0463302752293578,3009,1268,0.42140245928880027,5721,3644,0.6369515818912778,1494,1220,0.8165997322623829,42.40915813001178,0.3571615219116211,8192.0,484.8182908000017,0
42,0.0008950775061878447,1.385468023318749,0.2274880478618207,0.6360029580144139,0.26098850870674306,459.0409090909091,0.8775987628218416,1.6314739628384511,0.3368289157903443,0.6452085220565399,0.3247182615256558,522.859375,0.536532998085022,0.181423619389534,0.2422356631141156,0.5909011066221675,0.5424056755885198,0.5656158049600672,0.5731217265129089,0.28271484375,0.3943265736724886,6728,4658,5676,0.737364649772644,7.436969301110385,0.023514043109079032,0.11038536903984324,0.25,2180,207,0.09495412844036698,3009,1519,0.5048188767032237,5721,3795,0.6633455689564761,1494,1207,0.8078982597054887,42.79735435174731,0.3580031394958496,8192.0,485.81087429999025,0
43,0.0008902152036691643,1.3827754909341985,0.22647385684313712,0.6359593401481579,0.26017114673922587,459.05584415584417,0.875903824300735,1.6480368028084438,0.353406600576515,0.6444881542896231,0.3250710245532294,522.859375,0.5258529782295227,0.1889471709728241,0.24043358446797355,0.570316509837468,0.5374879071267333,0.5534157881630283,0.562294602394104,0.2744140625,0.3825672806564526,6667,5023,5737,0.7409778237342834,7.635532331809275,0.016329196603527107,0.10124101894186806,0.25,2180,200,0.09174311926605505,3009,1427,0.47424393486208044,5721,3796,0.663520363572802,1494,1244,0.8326639892904953,42.663130670315425,0.35718393325805664,8192.0,486.8311637000006,0
44,0.000885256621387894,1.3808876632095932,0.22668853685646861,0.6355693038794902,0.25931491114489447,459.0,0.8802511180376078,1.6229415591806173,0.3285608395623664,0.6457488502686223,0.32431593630462885,522.859375,0.5333831906318665,0.1855640858411789,0.2417527313809842,0.6509034589571502,0.508223153821348,0.5707818371134953,0.571586012840271,0.254638671875,0.39936648717136525,6304,3381,6100,0.7425898313522339,6.325930764206401,0.030045721750489876,0.10973220117570215,0.25,2180,163,0.07477064220183487,3009,1265,0.4204054503157195,5721,3664,0.6404474742177941,1494,1212,0.8112449799196787,42.58498291954672,0.3578224182128906,8192.0,485.07292679999955,0
45,0.0008802029828000149,1.3758092378641105,0.2242440015319493,0.6354772068463362,0.2580440156645589,459.0474025974026,0.8717577551672985,1.6149092353880405,0.32448997457201284,0.6449749460443854,0.3227221592484663,522.859375,0.5415568351745605,0.18667247891426086,0.24455191467131954,0.6624437231703486,0.5100773943889068,0.5763607378729219,0.5778684616088867,0.24853515625,0.4048502687484003,6327,3224,6077,0.7430869936943054,6.238406270411495,0.035924232527759635,0.11430437622468975,0.25,2180,153,0.07018348623853211,3009,1348,0.44798936523762045,5721,3611,0.6311833595525258,1494,1215,0.8132530120481928,42.63975044635115,0.3589344024658203,8192.0,488.76231389999157,0
46,0.0008750555348152292,1.3741572129261959,0.2244907512099712,0.6352006970287918,0.2572328819082929,459.0487012987013,0.8713808585684021,1.630890724559625,0.33114262856543064,0.6450048865129551,0.3273716053615014,522.859375,0.5301138758659363,0.17475572228431702,0.23752677710726858,0.6470588235294118,0.5054821025475653,0.5675749072146284,0.5689255595207214,0.257568359375,0.3962335692618807,6270,3420,6134,0.7404809594154358,6.329196603527106,0.03069888961463096,0.11561071195297191,0.25,2180,156,0.07155963302752294,3009,1338,0.44466600199401796,5721,3565,0.6231428072015381,1494,1211,0.8105756358768407,42.964616698431556,0.3589344024658203,8192.0,486.2254936999816,0
47,0.0008698155474893041,1.3694327136138817,0.22268353338752475,0.6350471099862804,0.2558510357393073,459.03311688311686,0.8632774289358746,1.6311562806367874,0.34229391200157505,0.6451520963261524,0.32185513029495877,522.859375,0.5416295528411865,0.19334827363491058,0.24861452970653772,0.5992926613616268,0.5464366333440825,0.5716454415113434,0.5793021321296692,0.2734375,0.40021256495040153,6778,4532,5626,0.7412628531455994,7.387328543435663,0.023514043109079032,0.10124101894186806,0.25,2180,191,0.08761467889908257,3009,1470,0.4885343968095713,5721,3902,0.6820485929033385,1494,1215,0.8132530120481928,42.81977240640111,0.3580164909362793,8192.0,481.1919430999842,0
48,0.0008644843137107051,1.3666982998321582,0.22229010620481007,0.6346667958544446,0.254870699036431,459.00584415584416,0.8751726172574155,1.6577774000664551,0.3625515988096595,0.6460877706607183,0.32456901320256293,522.859375,0.531278669834137,0.18463514745235443,0.24101772449503187,0.5351800976800977,0.5653821347952274,0.549866708483613,0.5700891613960266,0.293701171875,0.379183563125169,7013,6091,5391,0.7355511784553528,8.559111691704768,0.009144350097975179,0.08817766165904638,0.25,2180,213,0.09770642201834863,3009,1501,0.4988368228647391,5721,4052,0.7082677853522111,1494,1247,0.8346720214190094,43.00866505578695,0.3580327033996582,8192.0,479.3415481999982,0
49,0.0008590631488815939,1.3648153079020513,0.22129138382514577,0.6346778592118969,0.2544230306109825,459.08376623376626,0.8699099242493704,1.6404994999368985,0.34497621189802885,0.6452843497196833,0.3251194682282706,522.859375,0.5345070958137512,0.17943544685840607,0.24076070493320004,0.6053643354082754,0.5331344727507256,0.5669581618655692,0.5722508430480957,0.27099609375,0.39563266527071494,6613,4311,5791,0.738264799118042,7.135205747877205,0.024167210973220117,0.10450685826257348,0.25,2180,180,0.08256880733944955,3009,1391,0.46227982718511135,5721,3827,0.6689389966789023,1494,1215,0.8132530120481928,42.71524295771043,0.3580441474914551,8192.0,487.29022230001283,0
50,0.0008535533905932731,1.3608408949591897,0.2201148351968883,0.6346171290843517,0.25305446544057364,458.95714285714286,0.8628359631284491,1.6244881028930347,0.3242785583715886,0.6456790141140422,0.3272652671051522,522.859375,0.5319353938102722,0.16254568099975586,0.2326397656914196,0.649979398434281,0.5087068687520154,0.5707308248914615,0.5719998478889465,0.251708984375,0.39931654220984686,6310,3398,6094,0.735572099685669,6.340953625081646,0.039843239712606136,0.10907903331156107,0.25,2180,144,0.06605504587155964,3009,1309,0.4350282485875706,5721,3662,0.6400978849851424,1494,1195,0.7998661311914324,42.739988517123074,0.35715532302856445,8192.0,489.25303239998175,0
51,0.0008479563982961564,1.3595663836250058,0.2198075930551662,0.6343184021773276,0.2527201930810879,459.0688311688312,0.8681570005107235,1.638762543598811,0.3359841958930095,0.6464550280943513,0.3281616623668621,522.859375,0.5275663733482361,0.19132746756076813,0.2434438951779157,0.5950085593296693,0.5324089003547243,0.5619708122367358,0.5687019228935242,0.275634765625,0.3907923545771939,6604,4495,5800,0.7450476884841919,7.249510124101894,0.013716525146962769,0.10842586544741999,0.25,2180,157,0.07201834862385322,3009,1425,0.47357926221335994,5721,3816,0.6670162558993183,1494,1206,0.8072289156626506,42.6027662071515,0.3576035499572754,8192.0,487.07821879998664,0
52,0.0008422735529643437,1.356429021312045,0.21885578725245092,0.6342490154814411,0.2516621093761611,459.09025974025974,0.8694868277613219,1.644836467380325,0.34884618362411857,0.6467480724677444,0.32462110215177137,522.859375,0.5338775515556335,0.1922490894794464,0.2450143019639654,0.5855612644779239,0.5420831989680748,0.5629840499016201,0.5708242654800415,0.279541015625,0.3917730000582649,6724,4759,5680,0.7409356236457825,7.500326583932071,0.013063357282821686,0.09340300457217506,0.25,2180,164,0.07522935779816514,3009,1420,0.47191758059155864,5721,3895,0.6808250305890579,1494,1245,0.8333333333333334,42.39338415328981,0.3580293655395508,16384.0,492.60549190000165,0
53,0.000836506256754886,1.354620208368673,0.21819537386491702,0.6341720810571274,0.2511263761427495,459.038961038961,0.866890174402045,1.6488807654629152,0.351676216814667,0.6462444799641768,0.32548003721361357,522.859375,0.5353156924247742,0.18434186279773712,0.24155908084940164,0.5815651576325058,0.5457916801031926,0.563110833853192,0.575853705406189,0.28076171875,0.3918958031837916,6770,4871,5634,0.7373632788658142,7.603527106466362,0.016982364467668192,0.08883082952318747,0.25,2180,158,0.07247706422018349,3009,1409,0.4682618810235959,5721,3958,0.6918370914175843,1494,1245,0.8333333333333334,42.17334714315994,0.35671281814575195,16384.0,488.83801549999043,0
54,0.0008306559326618253,1.3503207805868866,0.21680997475110866,0.633808512463198,0.24985114680482196,459.06103896103895,0.8560200294116875,1.6282113337268431,0.3322218298756828,0.6459745736792684,0.3250074612442404,522.859375,0.5282560586929321,0.19403140246868134,0.24467531125992537,0.6319713689233523,0.5124959690422445,0.5659974179762276,0.5674549341201782,0.26611328125,0.3946976282130883,6357,3702,6047,0.7485895156860352,6.5702155453951665,0.019595035924232528,0.10450685826257348,0.25,2180,125,0.05733944954128441,3009,1281,0.42572283150548357,5721,3731,0.6521587135116238,1494,1220,0.8165997322623829,40.221082685302505,0.3580508232116699,16384.0,509.9743155000033,0
55,0.0008247240241650912,1.349848837744106,0.21665990975770083,0.6338477445887281,0.24967059194074048,458.97662337662337,0.8671078575315414,1.6383653295536835,0.33976068867680925,0.6469071873774132,0.32584872655570507,522.859375,0.5220326781272888,0.19535459578037262,0.24441622346639633,0.622970064566621,0.5133827797484682,0.5628922478564483,0.5654602646827698,0.2587890625,0.39168409398449994,6368,3854,6036,0.7488205432891846,6.676681907250163,0.024820378837361202,0.1077726975832789,0.25,2180,106,0.04862385321100918,3009,1290,0.4287138584247258,5721,3758,0.656878168152421,1494,1214,0.8125836680053548,42.25532367062286,0.35805320739746094,16384.0,487.2831873999967,0
56,0.0008187119948743442,1.3454200276306698,0.21522557859780728,0.6336433988886995,0.2482755253164025,459.07207792207794,0.8601425238437467,1.631600519021352,0.3335300552037855,0.6465335035075744,0.325768480465437,522.859375,0.5349043011665344,0.193995863199234,0.24545334544964134,0.6154062940347581,0.5281360851338278,0.5684411471213502,0.5733852386474609,0.27392578125,0.3970784337495454,6551,4094,5853,0.7443825006484985,6.952971913781842,0.022860875244937948,0.10907903331156107,0.25,2180,134,0.061467889908256884,3009,1398,0.4646061814556331,5721,3828,0.6691137912952281,1494,1191,0.7971887550200804,42.41314542661842,0.3575716018676758,16384.0,486.0081801000051,0
57,0.000812621328167852,1.3442725385164285,0.2140976900791193,0.6337087224056195,0.2482330633835359,459.07207792207794,0.8530215048751274,1.650712779412667,0.3453621462297936,0.6473988220095634,0.3289759037240098,522.859375,0.5147711038589478,0.16431695222854614,0.22673389116534964,0.5893330893788309,0.519348597226701,0.552131990572102,0.5570072531700134,0.269287109375,0.3813413840052093,6442,4489,5962,0.7347515821456909,7.139777922926192,0.02155453951665578,0.09862834748530372,0.25,2180,80,0.03669724770642202,3009,1248,0.4147557328015952,5721,3887,0.6794266736584513,1494,1227,0.821285140562249,42.494933013789,0.3589344024658203,16384.0,488.6673490999965,0
58,0.0008064535268264877,1.3421668520995549,0.2141421787972961,0.633415751759108,0.2473044616351654,459.08896103896103,0.8588848595301827,1.6410478663941224,0.3385856096477558,0.6465927104776105,0.3279347720866402,522.859375,0.531297504901886,0.19603778421878815,0.2470390741713345,0.6064056280662778,0.5281360851338278,0.5645710346016287,0.5716910362243652,0.27099609375,0.39331171950048033,6551,4252,5853,0.7448685169219971,7.056172436316134,0.028739386022207707,0.10973220117570215,0.25,2180,134,0.061467889908256884,3009,1380,0.45862412761714855,5721,3826,0.6687642020625765,1494,1211,0.8105756358768407,42.737105785455896,0.3567233085632324,16384.0,487.23518389998935,0
59,0.0008002101126629415,1.34021317664679,0.21376709861608295,0.6332779170630815,0.24658408099180693,459.07987012987013,0.8594941551615666,1.6326234135776758,0.33001579352033633,0.647760825852553,0.32742339721880853,522.859375,0.5297330617904663,0.19003495573997498,0.24468761067837477,0.6305283757338552,0.5195098355369235,0.5696605374823197,0.5708213448524475,0.272705078125,0.3982694684796044,6444,3776,5960,0.7450051307678223,6.675375571521881,0.025473546701502287,0.11299804049640758,0.25,2180,118,0.05412844036697248,3009,1360,0.4519774011299435,5721,3757,0.6567033735360951,1494,1209,0.8092369477911646,42.483552278285934,0.3576064109802246,16384.0,488.325474799989,0
60,0.000793892626146236,1.3365486902850015,0.21223662420623488,0.633072989095341,0.24561953765231292,459.1344155844156,0.8569332617250356,1.6152563194433849,0.3207109900346647,0.6456160337353746,0.3244646502037843,522.859375,0.5280321836471558,0.19985193014144897,0.24774460438638926,0.6901408450704225,0.47799097065462753,0.5648011431293165,0.5676526427268982,0.2265625,0.393535112173105,5929,2662,6475,0.7563623189926147,5.611365120836055,0.039190071848465055,0.1280209013716525,0.25,2180,64,0.029357798165137616,3009,1211,0.4024592888002659,5721,3457,0.60426498863835,1494,1197,0.8012048192771084,42.426157259516536,0.3575878143310547,16384.0,492.2240746000025,0
61,0.0007875026260216388,1.333725645867261,0.2110974133014679,0.6332088305965646,0.24470970118781188,459.0461038961039,0.849795272733484,1.6463387869298458,0.34634150735413033,0.6461723620692889,0.32691246053824824,522.859375,0.5243226885795593,0.19059903919696808,0.24224922144785524,0.5999442431000837,0.5204772653982587,0.5573926181739693,0.5611166954040527,0.262939453125,0.3863785983601652,6456,4305,5948,0.7446030378341675,7.028739386022208,0.010450685826257348,0.10254735467015023,0.25,2180,113,0.051834862385321104,3009,1297,0.4310402126952476,5721,3815,0.6668414612829925,1494,1231,0.8239625167336011,42.44006233514592,0.35758447647094727,16384.0,489.7157032999967,0
62,0.0007810416889260649,1.3332762347413347,0.21091040645955833,0.6329198600022824,0.2447229843054499,459.12077922077924,0.8556724643552458,1.6289991326630116,0.32994588658524054,0.6470223261664311,0.3260154652719696,522.859375,0.521282434463501,0.1935608983039856,0.24277404688764365,0.6334850784016186,0.5048371493066752,0.5618915159944367,0.5634695291519165,0.262451171875,0.390715667311412,6262,3623,6142,0.7497720718383789,6.456564337034618,0.02155453951665578,0.10320052253429131,0.25,2180,58,0.026605504587155965,3009,1238,0.41143236955799267,5721,3770,0.6589757035483307,1494,1196,0.8005354752342704,42.614660621122496,0.35802173614501953,16384.0,485.96633899997687,0
63,0.0007745114089990654,1.3313940514991809,0.2109284637568446,0.6327165883469891,0.243874499743635,459.07077922077923,0.8614002021876248,1.6394776813685894,0.339916774071753,0.6469792642941078,0.3262908205700417,522.859375,0.5276988744735718,0.18477492034435272,0.2396207397803664,0.6143198090692125,0.5187842631409223,0.5625245858647668,0.5662240982055664,0.26220703125,0.391328144003892,6435,4040,5969,0.7425296306610107,6.841933376877858,0.023514043109079032,0.1038536903984324,0.25,2180,108,0.04954128440366973,3009,1345,0.4469923562645397,5721,3783,0.6612480335605664,1494,1199,0.8025435073627845,42.036919821725185,0.35696983337402344,16384.0,494.56137100001797,0
64,0.0007679133974894978,1.3288885611605334,0.20964903138190896,0.6326316886521005,0.24330392151877478,459.0655844155844,0.8564887294328057,1.6351135273774464,0.33259725927685696,0.6464211956287423,0.3280475391075015,522.859375,0.5327509641647339,0.19484089314937592,0.24640100700780748,0.6385374115771645,0.5166881651080296,0.5711866672608173,0.5723114609718323,0.26611328125,0.3997629740518962,6409,3628,5995,0.7464739084243774,6.555845852384063,0.025473546701502287,0.11038536903984324,0.25,2180,117,0.053669724770642205,3009,1349,0.4483217015619807,5721,3737,0.6532074812095787,1494,1206,0.8072289156626506,42.34817865461821,0.3573942184448242,16384.0,492.6022424999974,0
65,0.0007612492823579739,1.3262891077376031,0.20889016795758303,0.6324680550144864,0.2424654412579227,458.94935064935066,0.8587379636509078,1.628220706557234,0.3308064089311908,0.6467745192348957,0.3253198918731262,522.859375,0.5214813351631165,0.186138316988945,0.23982776748016477,0.6369426751592356,0.4998387616897775,0.5601228656608547,0.5613213777542114,0.261962890625,0.38900740368929604,6200,3534,6204,0.7463879585266113,6.357935989549314,0.024820378837361202,0.10450685826257348,0.25,2180,64,0.029357798165137616,3009,1200,0.3988035892323031,5721,3743,0.6542562489075336,1494,1193,0.7985274431057564,42.19284789617583,0.35692644119262695,32768.0,491.71716079997714,0
66,0.0007545207078751852,1.3238732268283893,0.20849668707746963,0.6323366894350424,0.24151992670127323,458.9974025974026,0.8537152324404035,1.6311646308749914,0.33326536129849654,0.6459458305810889,0.3259767206230511,522.859375,0.5138347148895264,0.19416899979114532,0.24141413420438768,0.6513430880104827,0.4808932602386327,0.5532881921899638,0.5538504719734192,0.254638671875,0.3824453420529589,5965,3193,6439,0.7539551854133606,5.98171129980405,0.026779882429784456,0.11822338340953625,0.25,2180,63,0.02889908256880734,3009,1091,0.36257892987703555,5721,3625,0.6336304841810873,1494,1186,0.7938420348058902,42.679510471322466,0.3589344024658203,32768.0,490.3189534000121,0
67,0.0007477293342162034,1.3216853747120152,0.20695638843848332,0.6324315384223864,0.24114872358449094,458.9798701298701,0.8552194574243063,1.6610358109076817,0.3563449849995474,0.6465282918264469,0.3290812640916556,522.859375,0.5238386988639832,0.19240017235279083,0.2407867429545149,0.5975274725274725,0.5260399871009351,0.5595095180929514,0.5663500428199768,0.267578125,0.3884159771414965,6525,4395,5879,0.7450008988380432,7.13259307642064,0.014369693011103853,0.10842586544741999,0.25,2180,119,0.054587155963302755,3009,1370,0.45530076437354605,5721,3821,0.6678902289809474,1494,1215,0.8132530120481928,42.39030635620354,0.3589344024658203,32768.0,492.1233265000046,0
68,0.0007408768370508571,1.3193402013221345,0.20711449209552307,0.6320299078117717,0.24009790104124454,459.0409090909091,0.8593521152030338,1.6620099563151598,0.3572751044606169,0.6473043110842506,0.3287152701523155,522.859375,0.5233562588691711,0.17848551273345947,0.23624311494641007,0.5554006397113098,0.545952918413415,0.5506362564540391,0.564620852470398,0.2880859375,0.3799158485273492,6772,5421,5632,0.7383920550346375,7.964075767472241,0.011103853690398433,0.09601567602873938,0.25,2180,115,0.052752293577981654,3009,1426,0.4739115985377202,5721,3989,0.6972557245236847,1494,1242,0.8313253012048193,42.62872692534384,0.35804176330566406,32768.0,489.1203758000047,0
69,0.0007339649071302863,1.3181685046329126,0.20581840245270883,0.6320213540807947,0.24016437440530047,458.94415584415583,0.853549750884632,1.64864498625199,0.3443656638264656,0.6469600085789958,0.3286596565352132,522.859375,0.5239320397377014,0.1818048655986786,0.2389379066415131,0.5804355461889709,0.5328926152853918,0.5556489576328177,0.5680704116821289,0.2724609375,0.38470492375742055,6610,4778,5794,0.7414023876190186,7.438275636838667,0.015022860875244938,0.10058785107772697,0.25,2180,98,0.044954128440366975,3009,1400,0.4652708541043536,5721,3904,0.6823981821359902,1494,1208,0.8085676037483266,42.8834621084542,0.35756492614746094,32768.0,484.2613922000164,0
70,0.0007269952498697729,1.315454859702618,0.2052551610467883,0.6319033541849681,0.23914817266843535,459.1363636363636,0.8521910299728443,1.6672487842539947,0.35834481101483107,0.6473159166052938,0.33079402792888385,522.859375,0.5184879302978516,0.16559770703315735,0.22847503258090002,0.5760105448154658,0.5284585617542729,0.5512108980827447,0.5596434473991394,0.275146484375,0.3804631725578966,6555,4825,5849,0.7351424098014832,7.433050293925539,0.018288700195950358,0.09797517962116264,0.25,2180,89,0.0408256880733945,3009,1335,0.4436689930209372,5721,3905,0.682572976752316,1494,1226,0.820615796519411,42.598132698095554,0.3571457862854004,32768.0,483.8266927000077,0
71,0.000719969584927957,1.3159384072601021,0.20543604139480498,0.6318823586423675,0.2393100044750548,459.0935064935065,0.8490488893606446,1.667843747884035,0.36315359951307374,0.6478183114280304,0.3284359214982639,522.859375,0.5205605626106262,0.17694708704948425,0.2353590212762356,0.5572596275385523,0.5331344727507256,0.5449301635696923,0.560126781463623,0.289794921875,0.3745044738928531,6613,5254,5791,0.7383027076721191,7.751143043762247,0.012410189418680601,0.09732201175702156,0.25,2180,100,0.045871559633027525,3009,1351,0.44898637421070126,5721,3942,0.6890403775563713,1494,1220,0.8165997322623829,42.314726007549616,0.357790470123291,32768.0,491.3467269000248,0
72,0.0007128896457825358,1.3116531512566976,0.20391691986519794,0.6316704299929854,0.2380329009967965,459.0474025974026,0.8555554269389672,1.6633838303387165,0.35286176623776555,0.6473616144309441,0.33158022646481794,522.859375,0.5138441920280457,0.1649014949798584,0.2264722184278071,0.5842645589170528,0.5184617865204773,0.5493998547691257,0.5569887757301331,0.2744140625,0.3787396937573616,6431,4576,5973,0.7369478344917297,7.189418680600914,0.015022860875244938,0.10058785107772697,0.25,2180,86,0.03944954128440367,3009,1259,0.41841143236955797,5721,3871,0.6766299597972383,1494,1215,0.8132530120481928,43.03413437782942,0.35715150833129883,32768.0,485.6525220000185,0
73,0.0007057571793025539,1.3100145307454196,0.20298469627348634,0.6316761597023381,0.23767683815646481,459.09090909090907,0.8522408548694153,1.6579763970027368,0.3493905302602798,0.6480116359889507,0.330287117511034,522.859375,0.5175862908363342,0.17542502284049988,0.23425762336701156,0.5970995630752068,0.5178168332795873,0.5546392642804715,0.5581708550453186,0.262451171875,0.38373760305890786,6423,4334,5981,0.7418547868728638,7.026126714565644,0.017635532331809273,0.10516002612671456,0.25,2180,86,0.03944954128440367,3009,1280,0.4253904951811233,5721,3851,0.6731340674707219,1494,1206,0.8072289156626506,42.99366573506294,0.35738134384155273,32768.0,485.8702331999957,0
74,0.0006985739453173898,1.309372789441765,0.2030657090101536,0.6317094096889744,0.23729883594946427,459.0487012987013,0.8585898005923668,1.6545536139359076,0.3463608236052096,0.6477123573422432,0.3302402168822785,522.859375,0.5100892782211304,0.15288710594177246,0.22370280986651778,0.5982634674633555,0.5166075459529185,0.5544451654769631,0.5579821467399597,0.271728515625,0.38355180463278865,6408,4303,5996,0.7351930737495422,6.996080992815154,0.022207707380796866,0.10189418680600915,0.25,2180,80,0.03669724770642202,3009,1343,0.4463276836158192,5721,3770,0.6589757035483307,1494,1215,0.8132530120481928,42.594658570013195,0.3580169677734375,32768.0,496.6312588999863,0
75,0.0006913417161825444,1.30892028568627,0.20314921348222664,0.6314898312091828,0.23714062100300543,459.0201298701299,0.8634518615224145,1.6655570156872272,0.3554592572618276,0.6484135774274667,0.3308420922451963,522.859375,0.5133523344993591,0.16925910115242004,0.2262908823089674,0.5842148087876322,0.5209609803289261,0.5507777541018538,0.5562057495117188,0.2861328125,0.3800505793095336,6462,4599,5942,0.7370386123657227,7.224689745264533,0.016329196603527107,0.0999346832135859,0.25,2180,85,0.0389908256880734,3009,1268,0.42140245928880027,5721,3869,0.6762803705645866,1494,1240,0.8299866131191432,42.78585270467367,0.35801029205322266,32768.0,487.85852080001496,0
76,0.0006840622763423385,1.3074647960724768,0.2034634865094702,0.6312542544556903,0.23637352747383056,459.0461038961039,0.856466793878512,1.650940020258228,0.3475794589612633,0.6468960925315818,0.32823223317973316,522.859375,0.5181546211242676,0.18149079382419586,0.23469837945449398,0.6085621040506816,0.5111254434053532,0.5556042415213392,0.5599452257156372,0.263671875,0.38466205557577965,6340,4078,6064,0.742591917514801,6.8047028086218155,0.015676028739386023,0.10124101894186806,0.25,2180,69,0.03165137614678899,3009,1231,0.4091060152874709,5721,3848,0.6726096836217444,1494,1192,0.7978580990629184,42.34747123054732,0.35717248916625977,32768.0,493.58453429999645,0
77,0.000676737421889628,1.3034874267392345,0.20153029039502143,0.6311552175066688,0.2354009597138925,458.9798701298701,0.8441792096216957,1.6892071614662807,0.3766287455024819,0.6489394965271155,0.33181946150337654,522.859375,0.5124142169952393,0.17589640617370605,0.22970430324785412,0.5336998087954111,0.5400677200902935,0.536864882192659,0.5553334951400757,0.311767578125,0.3669277537382922,6699,5853,5705,0.7370519638061523,8.198563030698889,0.013716525146962769,0.0953625081645983,0.25,2180,98,0.044954128440366975,3009,1344,0.44666001994017945,5721,4024,0.7033735360950882,1494,1233,0.8253012048192772,42.33211684187031,0.35733938217163086,32768.0,496.8494171999919,0
78,0.0006693689601226452,1.303366860476407,0.20120913160892276,0.6312713767026926,0.23544317540990842,459.0746753246753,0.8508907297601948,1.6680054900546868,0.35659734190752107,0.6484090217078725,0.33149956484946114,522.859375,0.5080145001411438,0.1640370786190033,0.22333114314824343,0.5692484121383204,0.5202354079329249,0.5436394271272115,0.5532884001731873,0.275146484375,0.3732862844912362,6453,4883,5951,0.7362265586853027,7.404310907903331,0.018288700195950358,0.09209666884389288,0.25,2180,70,0.03211009174311927,3009,1244,0.4134263875041542,5721,3901,0.6818737982870128,1494,1238,0.8286479250334672,42.17513715567816,0.3578004837036133,65536.0,498.29133609999553,0
79,0.0006619587090990741,1.2997403573680233,0.20011236238015162,0.6310817645741748,0.23427311503267909,459.09090909090907,0.8521921190155017,1.6742897468308608,0.3594414504089703,0.647901251912117,0.3334735219056408,522.859375,0.5109661221504211,0.16627170145511627,0.2265629115048796,0.5654871122761032,0.5217671718800387,0.542748123611053,0.5559313297271729,0.28466796875,0.3724463371122749,6472,4973,5932,0.736278772354126,7.475506205094709,0.017635532331809273,0.0953625081645983,0.25,2180,76,0.03486238532110092,3009,1319,0.43835161183117316,5721,3855,0.6738332459360251,1494,1222,0.8179384203480589,42.5273393517123,0.3578190803527832,65536.0,497.96463820000645,0
80,0.0006545084971874731,1.2983334135312539,0.19979390978039085,0.6310507857954347,0.23374435905512278,459.09090909090907,0.8576467779549686,1.6991602405905724,0.3848638580335925,0.6489273368691405,0.3326845228827248,522.859375,0.5129027962684631,0.16888348758220673,0.22970962300896644,0.5182195397963033,0.5537729764592068,0.5354066799173779,0.5584940314292908,0.30126953125,0.3655667908461948,6869,6386,5535,0.7336955666542053,8.657740039190072,0.011757021554539516,0.09079033311561072,0.25,2180,99,0.04541284403669725,3009,1426,0.4739115985377202,5721,4112,0.7187554623317601,1494,1232,0.8246318607764391,42.54871825131948,0.3580141067504883,65536.0,491.7273118000012,0
81,0.0006470201626161514,1.2988809775996517,0.199891790191268,0.631002041194346,0.23399357253854924,459.06298701298704,0.8508726256427827,1.6682966308047373,0.3555864099568377,0.6480490866427621,0.33233056411457557,522.859375,0.4997880756855011,0.1714688092470169,0.22496626261563507,0.5878850878850879,0.5015317639471139,0.541286000174019,0.5454298257827759,0.26416015625,0.3710706829704742,6221,4361,6183,0.7428781986236572,6.911822338340953,0.024820378837361202,0.10450685826257348,0.25,2180,39,0.017889908256880735,3009,1223,0.4064473246925889,5721,3751,0.6556546058381402,1494,1208,0.8085676037483266,42.34386786359952,0.35711193084716797,65536.0,496.6822303000081,0
82,0.0006394955530196142,1.2963518472460958,0.19894854262858241,0.6307834668980017,0.2333099184388464,459.0487012987013,0.8537056582508149,1.6899212766438723,0.3743152833388497,0.6486531579867005,0.33347641668903333,522.859375,0.5138316750526428,0.1744331270456314,0.23049635803326965,0.5514772446712205,0.540228958400516,0.5457951537365099,0.5605886578559875,0.291015625,0.37532205668197605,6701,5450,5703,0.738560676574707,7.936642717178315,0.009797517962116264,0.0953625081645983,0.25,2180,98,0.044954128440366975,3009,1427,0.47424393486208044,5721,3956,0.6914875021849327,1494,1220,0.8165997322623829,42.34368336929494,0.3589344024658203,65536.0,497.94854209999903,0
83,0.0006319365249826858,1.2936506762907103,0.1980090921091569,0.630589660499003,0.2325259621267195,459.0064935064935,0.8554535811404129,1.6626836036642392,0.351728717253233,0.6478335636978348,0.33156066240432364,522.859375,0.5116305351257324,0.1785675436258316,0.23104365506733301,0.5901125253643239,0.5158013544018059,0.550460294244171,0.556617021560669,0.279296875,0.3797483380816714,6398,4444,6006,0.7411823868751526,7.081645983017635,0.018941868060091443,0.0953625081645983,0.25,2180,69,0.03165137614678899,3009,1296,0.4307078763708873,5721,3825,0.6685894074462506,1494,1208,0.8085676037483266,42.24003736572197,0.35672521591186523,65536.0,493.989496299997,0
84,0.0006243449435824268,1.294643206797637,0.1983223227469565,0.6307125308296897,0.2328041757178771,459.0766233766234,0.8650804972687325,1.7173961475491524,0.4029789300014575,0.6488385408495864,0.33278934222956497,522.859375,0.5117015838623047,0.17174120247364044,0.2277240199415246,0.4875218455085634,0.5622379877458884,0.522220974203452,0.5557431578636169,0.311279296875,0.35338231568279704,6974,7331,5430,0.7337771058082581,9.34356629653821,0.007838014369693011,0.08033964728935336,0.25,2180,108,0.04954128440366973,3009,1479,0.4915254237288136,5721,4132,0.7222513546582765,1494,1255,0.8400267737617135,42.426139175008885,0.35799169540405273,65536.0,490.4958306000044,0
85,0.0006167226819279523,1.2882549622229167,0.19630542579409363,0.6304141072870849,0.2307677150159687,459.03311688311686,0.8487397919034029,1.6875405280540388,0.3746851293835789,0.6481627312799295,0.3323463306296617,522.859375,0.5090195536613464,0.17020437121391296,0.22595023290195967,0.5457312057904261,0.5349080941631732,0.5402654506961974,0.5551738142967224,0.28955078125,0.3701121213811569,6635,5523,5769,0.7361522912979126,7.941214892227302,0.014369693011103853,0.09732201175702156,0.25,2180,77,0.035321100917431195,3009,1364,0.4533067464273845,5721,3959,0.6920118860339102,1494,1235,0.8266398929049531,42.1687018106812,0.3578476905822754,65536.0,493.5235920000123,0
86,0.0006090716206982709,1.2890274451150523,0.1965831202829813,0.6304630038026091,0.2309906603647517,459.0571428571429,0.8597909266104946,1.6606875440726678,0.34660155993575853,0.6478362834701935,0.33312485211839277,522.859375,0.5116810202598572,0.16317537426948547,0.2257183577050455,0.599791013584117,0.5090293453724605,0.5506955649557368,0.5602002739906311,0.277099609375,0.3799723175061684,6314,4213,6090,0.7368873953819275,6.875898105813194,0.018941868060091443,0.11234487263226649,0.25,2180,42,0.01926605504587156,3009,1282,0.4260551678298438,5721,3811,0.6661422828176892,1494,1179,0.7891566265060241,42.457339251777185,0.3567233085632324,65536.0,495.3075351000007,0
87,0.0006013936476782558,1.2879292192010137,0.19608934263807612,0.6303697338351956,0.23073507273545513,459.0551948051948,0.8577802032425806,1.7022339242200057,0.3849346556235105,0.6481748552372059,0.33456220920197666,522.859375,0.5048098564147949,0.1585858017206192,0.22047433969564736,0.5211070512322165,0.5403901967107385,0.5305734752839673,0.5526988506317139,0.303955078125,0.3610751993104934,6703,6160,5701,0.731813907623291,8.401698236446768,0.013063357282821686,0.09601567602873938,0.25,2180,60,0.027522935779816515,3009,1388,0.4612828182120306,5721,4027,0.7038979199440657,1494,1228,0.821954484605087,42.18459438339503,0.3580160140991211,65536.0,492.44253490000847,0
88,0.000593690657292862,1.287626505478636,0.19540225378685183,0.6304661815816706,0.23087903490507758,458.8655844155844,0.8552613113220636,1.6788641201953094,0.36681201634928584,0.6479688032219807,0.3320416481389354,522.859375,0.5009461641311646,0.17209641635417938,0.22527484046586324,0.5406698564593302,0.5283779425991616,0.5344532333034332,0.5448403358459473,0.2822265625,0.36467838860449586,6554,5568,5850,0.7379801273345947,7.917700849118224,0.011757021554539516,0.09666884389288047,0.25,2180,69,0.03165137614678899,3009,1354,0.449983383183782,5721,3915,0.6843209229155742,1494,1216,0.8139223560910308,42.7146194041341,0.35736846923828125,65536.0,491.4955364000052,0
89,0.0005859645501397043,1.2841858231789105,0.19518366572628548,0.6301090318661231,0.22944656335688257,458.874025974026,0.8611495070643239,1.6761422169705231,0.3592697193380445,0.648173313587904,0.33434959198348224,522.859375,0.4997800290584564,0.1577133685350418,0.2220322749373736,0.5613323933732817,0.5135440180586908,0.5363758841360728,0.545070469379425,0.278564453125,0.36647106201817975,6370,4978,6034,0.7377452254295349,7.412148922273024,0.017635532331809273,0.1038536903984324,0.25,2180,56,0.025688073394495414,3009,1268,0.42140245928880027,5721,3845,0.672085299772767,1494,1201,0.8038821954484605,42.05000026365662,0.3578310012817383,65536.0,496.5893341000192,0
90,0.000578217232520115,1.2827089045728957,0.19414152997945036,0.6299900765155817,0.2292886495203167,459.02467532467534,0.8560399220748381,1.6937030634532373,0.3755873995056997,0.64864231304576,0.3347366733166079,522.859375,0.5029906630516052,0.16731585562229156,0.2240342707533273,0.5296559431627684,0.5349080941631732,0.5322690626128113,0.5538447499275208,0.29345703125,0.3626475732400525,6635,5892,5769,0.7364410758018494,8.182233834095362,0.007838014369693011,0.09470934030045722,0.25,2180,62,0.028440366972477066,3009,1356,0.4506480558325025,5721,3987,0.6969061352910331,1494,1230,0.8232931726907631,42.49216020247722,0.35779905319213867,65536.0,492.11348500000895,0
91,0.000570450615968791,1.2820257630441096,0.1946618279805044,0.6299320220560223,0.2287159577108823,459.08246753246755,0.8630153283863873,1.7051834395776193,0.38477199610012275,0.648831176571548,0.33579013698423904,522.859375,0.49683672189712524,0.1555531620979309,0.21876589543244335,0.5131179447255741,0.5313608513382779,0.5220800823795002,0.5476244688034058,0.2939453125,0.35325329617322326,6591,6254,5813,0.7340006828308105,8.389941214892227,0.009144350097975179,0.0999346832135859,0.25,2180,55,0.02522935779816514,3009,1323,0.43968095712861416,5721,3983,0.6962069568257298,1494,1230,0.8232931726907631,42.49107176614028,0.35758209228515625,131072.0,495.53685960001894,0
92,0.0005626666167821518,1.2800745414836066,0.19325388443063607,0.6299556433767467,0.22843250616804345,459.04155844155844,inf,1.7003256951769192,0.3787900257545213,0.6495807996640602,0.3359774318523705,522.859375,0.5013044476509094,0.15321926772594452,0.2190701795712812,0.5443290402991275,0.5281360851338278,0.5361103154793568,0.5528212785720825,0.29345703125,0.3662231663685152,6551,5484,5853,0.7330975532531738,7.860875244937949,0.008491182233834096,0.1038536903984324,0.25,2180,65,0.02981651376146789,3009,1305,0.4336989032901296,5721,3959,0.6920118860339102,1494,1222,0.8179384203480589,42.507792074663456,0.3589344024658203,65536.0,495.42397829997935,2
93,0.0005548671555455222,1.2793647727408965,0.19272077422734205,0.6299489133930826,0.22834754150796246,459.1045454545455,0.8567303265069987,1.71043960750103,0.3902282021784534,0.6493042095874747,0.3354535966645926,522.859375,0.4881552755832672,0.15241113305091858,0.21352732440136607,0.4787387908591264,0.5336988068365044,0.5047270509301616,0.5359277129173279,0.310791015625,0.3375484397307771,6620,7208,5784,0.7304759621620178,9.032005225342914,0.0032658393207054214,0.0999346832135859,0.25,2180,54,0.024770642201834864,3009,1281,0.42572283150548357,5721,4055,0.7087921692011886,1494,1230,0.8232931726907631,42.33724641398005,0.3578453063964844,65536.0,497.2112410000118,0
94,0.0005470541566592567,1.2750064575439923,0.19207190490968815,0.6295520402394332,0.22669125696668377,458.99285714285713,0.8616601695488025,1.6985291577875614,0.3764530630627026,0.6489971065893769,0.3365394933304439,522.859375,0.48419618606567383,0.1526278704404831,0.21308201314968755,0.5005776785026573,0.5239438890680426,0.5119943278055699,0.5312514305114746,0.29931640625,0.3440808979246082,6499,6484,5905,0.7323217391967773,8.480078380143697,0.010450685826257348,0.09144350097975179,0.25,2180,55,0.02522935779816514,3009,1267,0.42107012296444,5721,3960,0.6921866806502359,1494,1217,0.8145917001338688,42.45211444555771,0.3596968650817871,65536.0,495.81881150000845,0
95,0.000539229547863922,1.2738577476182542,0.19195855010736299,0.6295997506225264,0.2261497228321704,459.0961038961039,0.8614662957268876,1.6938820742070675,0.37449788744561374,0.6492850187545022,0.3350495845079422,522.859375,0.49942266941070557,0.1633831411600113,0.22273291407618673,0.5315168767791786,0.5268461786520477,0.5291712215069436,0.5458875298500061,0.289306640625,0.3597775820303898,6535,5760,5869,0.7366986274719238,8.03069888961463,0.014369693011103853,0.09862834748530372,0.25,2180,56,0.025688073394495414,3009,1309,0.4350282485875706,5721,3953,0.6909631183359553,1494,1217,0.8145917001338688,42.5143705058849,0.35761547088623047,65536.0,496.328148999979,0
96,0.0005313952597646562,1.2737227675202605,0.19106758658278297,0.6296356435332979,0.22650976891254448,459.03636363636366,0.864420961695058,1.7199651661018531,0.39921011845581234,0.6492416886612773,0.3357566779789825,522.859375,0.4976443946361542,0.1618022918701172,0.2204531692506862,0.4850372279495991,0.5461947758787488,0.5138025178219324,0.5443450808525085,0.306396484375,0.34571618104811963,6775,7193,5629,0.7326707243919373,9.123448726322666,0.009144350097975179,0.0868713259307642,0.25,2180,80,0.03669724770642202,3009,1380,0.45862412761714855,5721,4095,0.7157839538542213,1494,1220,0.8165997322623829,42.34461844414571,0.3589344024658203,65536.0,497.3453913000121,0
97,0.0005235532253548208,1.2728761956289216,0.19107891783215009,0.6295590800898415,0.22611909906391975,459.06103896103895,0.8680889968941738,1.692264363790552,0.36889791015225154,0.6487737614661455,0.33729634100260836,522.859375,0.494916170835495,0.15661294758319855,0.2178033097734442,0.537989891457453,0.523460174137375,0.5306255873820128,0.5428558588027954,0.27734375,0.36112347052280314,6493,5576,5911,0.7338974475860596,7.883082952318746,0.010450685826257348,0.09666884389288047,0.25,2180,67,0.030733944954128442,3009,1326,0.4406779661016949,5721,3897,0.6811746198217095,1494,1203,0.8052208835341366,42.18950645393668,0.3589344024658203,65536.0,497.72598100002506,0
98,0.0005157053795390637,1.268909305566317,0.18996931877132361,0.6292707076320401,0.22483463903719728,459.07272727272726,0.8631779372111543,1.7046485921988885,0.3771619846423467,0.6502799668038884,0.3386033163405955,522.859375,0.4927797317504883,0.1412142813205719,0.21209513141075148,0.5006449654753775,0.5319251854240568,0.5158112809287417,0.5387803316116333,0.298095703125,0.3475375296286542,6598,6581,5806,0.7311400175094604,8.608099281515349,0.007838014369693011,0.09340300457217506,0.25,2180,58,0.026605504587155965,3009,1376,0.45729478231970755,5721,3947,0.6899143506380003,1494,1217,0.8145917001338688,42.60579588341839,0.3572044372558594,65536.0,488.5846327999898,0
99,0.0005078536586559099,1.2695321282783112,0.19055204277301763,0.6293269641987689,0.22482656054682545,459.0376623376623,0.8752913502516685,1.7129943035542965,0.387404809317862,0.6500237574800849,0.3377828714437783,522.859375,0.48613524436950684,0.15955007076263428,0.21595971149217802,0.4845060153117025,0.5357142857142857,0.5088249932998966,0.5335169434547424,0.309326171875,0.3412241963643833,6645,7070,5759,0.7333396077156067,8.958197256694971,0.0045721750489875895,0.09405617243631613,0.25,2180,67,0.030733944954128442,3009,1374,0.45663010967098705,5721,3983,0.6962069568257298,1494,1221,0.8172690763052208,42.50873200663276,0.35800600051879883,65536.0,491.3076116000011,0
100,0.0004999999999999996,1.2679137780681833,0.18981084656212238,0.6292065466379191,0.2244481919115627,459.0746753246753,0.865096924366889,1.709545583774646,0.3860371282013754,0.6496806110565861,0.3369139245090385,522.859375,0.48322367668151855,0.15345773100852966,0.21171171633468475,0.4656014512977951,0.5379716220574008,0.4991771394374625,0.531985342502594,0.308349609375,0.332602302746349,6673,7659,5731,0.7309273481369019,9.36120182887002,0.0045721750489875895,0.09340300457217506,0.25,2180,62,0.028440366972477066,3009,1371,0.4556331006979063,5721,4034,0.7051214822583465,1494,1206,0.8072289156626506,42.40065304355918,0.3575572967529297,65536.0,491.78958579999744,0
101,0.0004921463413440893,1.268353930038291,0.1897321475693932,0.6293220609039455,0.22464986124208997,459.0668831168831,0.8718082992093904,1.7180669506390889,0.3966879219127198,0.6487018174181381,0.33633860433474183,522.859375,0.4806572198867798,0.17312979698181152,0.21853414482902736,0.4773053720195346,0.535794904869397,0.5048617441507142,0.5284109115600586,0.309814453125,0.33766893608373133,6646,7278,5758,0.7371647357940674,9.094709340300458,0.006531678641410843,0.09928151534944481,0.25,2180,70,0.03211009174311927,3009,1363,0.45297441010302425,5721,4007,0.7004020276175493,1494,1206,0.8072289156626506,42.381384210113815,0.35733890533447266,65536.0,494.86220819997834,0
102,0.0004842946204609354,1.2653657781226295,0.1887114003058765,0.6290289018448297,0.22381273794000026,459.1253246753247,0.8712581768631935,1.7311464330802362,0.40462673688307405,0.6492327122638623,0.3386434942949563,522.859375,0.471865177154541,0.15208740532398224,0.21057170233252692,0.4494164721573858,0.5432924862947436,0.4919157633490273,0.5267482399940491,0.31005859375,0.3261858664085189,6739,8256,5665,0.733490526676178,9.794252122795559,0.007184846505551927,0.09079033311561072,0.25,2180,80,0.03669724770642202,3009,1413,0.4695912263210369,5721,4025,0.7035483307114141,1494,1221,0.8172690763052208,42.49703956058658,0.3589344024658203,65536.0,492.20753929999773,0
103,0.00047644677464517824,1.264524220065637,0.18813354915322422,0.628992586205532,0.2236990421913661,459.10064935064935,0.8742678220976483,1.7237444029500086,0.39516263160233694,0.6503046723082662,0.3391385499077539,522.859375,0.49215948581695557,0.15845859050750732,0.2162684487644583,0.4849741686676854,0.5373266688165108,0.5098099208322179,0.5443609356880188,0.313720703125,0.3421106662560312,6665,7078,5739,0.7316457033157349,8.97648595689092,0.007184846505551927,0.0953625081645983,0.25,2180,59,0.02706422018348624,3009,1355,0.45031571950814225,5721,4016,0.7019751791644817,1494,1235,0.8266398929049531,42.39049685699412,0.35777997970581055,65536.0,491.25810420000926,0
104,0.00046860474023534287,1.2629972487688064,0.1882579721703932,0.6289844454108895,0.2228774144277944,459.0662337662338,0.8719929774666761,1.7115732946743567,0.383092771206672,0.6494211787357926,0.33952967162864905,522.859375,0.4684809446334839,0.1545671969652176,0.20758225154568208,0.4793844794581063,0.5249113189293776,0.5011159855306704,0.5249420404434204,0.302734375,0.3343260590500642,6511,7071,5893,0.7337812185287476,8.871325930764206,0.0045721750489875895,0.09274983670803397,0.25,2180,66,0.030275229357798167,3009,1358,0.451312728481223,5721,3876,0.6775039328788673,1494,1211,0.8105756358768407,42.40069901760647,0.35718488693237305,65536.0,493.1975727000099,0
105,0.00046077045213607716,1.26016354676965,0.1869390906258063,0.6288014992878035,0.22221147836028757,459.0857142857143,inf,1.7340010236948729,0.40392934111878276,0.6501870006322861,0.3399423408942918,522.859375,0.4625427722930908,0.14981208741664886,0.20397426886192987,0.4639363873056083,0.5315220896485005,0.49543490512868676,0.5195810794830322,0.311279296875,0.32928778343821796,6593,7618,5811,0.7324271202087402,9.282168517308948,0.007184846505551927,0.09601567602873938,0.25,2180,55,0.02522935779816514,3009,1312,0.43602525756065136,5721,4010,0.7009264114665268,1494,1216,0.8139223560910308,42.31403831455408,0.35671281814575195,65536.0,490.723846399982,2
106,0.0004529458433407424,1.2587213966753577,0.18615483458746562,0.6287905876512652,0.22188798786177263,459.0285714285714,0.8717122584194332,1.7208612952381372,0.39070979761891067,0.6499611620480815,0.3400951666602244,522.859375,0.46025606989860535,0.1560804396867752,0.20555302062712144,0.489081640416952,0.5182199290551435,0.5032293419971033,0.5223630666732788,0.29541015625,0.3362100528270307,6428,6715,5976,0.7360393404960632,8.58458523840627,0.008491182233834096,0.09732201175702156,0.25,2180,45,0.020642201834862386,3009,1285,0.42705217680292457,5721,3884,0.6789022898094739,1494,1214,0.8125836680053548,42.35223228476991,0.3579888343811035,65536.0,492.4299431000254,0
107,0.000445132844454477,1.2578538834661632,0.18607956997856692,0.6287722991658495,0.22150100694558064,459.02597402597405,0.8707113782887335,1.7341201889018218,0.40243256534449756,0.6493873711054524,0.341150124091655,522.859375,0.47112560272216797,0.15522754192352295,0.20672018672630657,0.45986262401998196,0.5343437600773944,0.4943133087220793,0.5249987840652466,0.322265625,0.3282975877953341,6628,7785,5776,0.7322114109992981,9.414108425865447,0.002612671456564337,0.09797517962116264,0.25,2180,55,0.02522935779816514,3009,1372,0.45596543702226655,5721,3996,0.6984792868379653,1494,1205,0.8065595716198126,42.74207739789327,0.3562893867492676,65536.0,490.92142830000375,0
108,0.0004373333832178475,1.258439152078195,0.18650048478179937,0.6286250001037276,0.22165683395192995,458.99285714285713,0.8813211634755135,1.7483272173752387,0.41807166137732565,0.6497003780677915,0.3402775867531697,522.859375,0.468624085187912,0.14505700767040253,0.2045305732768611,0.4461766889383816,0.532973234440503,0.48572793064178393,0.52086341381073,0.323486328125,0.3207666181465308,6611,8206,5793,0.729936420917511,9.677988242978445,0.007184846505551927,0.08883082952318747,0.25,2180,52,0.023853211009174313,3009,1335,0.4436689930209372,5721,4003,0.6997028491522461,1494,1221,0.8172690763052208,42.78596239116984,0.3575873374938965,65536.0,490.6575163999805,0
109,0.0004295493840312084,1.2563121465893534,0.18572549255347098,0.628569194442266,0.22100872986695982,458.86168831168834,0.8749072309825328,1.732832446694374,0.4014815998574098,0.6500173080712557,0.3406667697709054,522.859375,0.4815913140773773,0.15878993272781372,0.21338679896580287,0.46091922388881246,0.5400677200902935,0.49736431806370185,0.533187747001648,0.3115234375,0.3309946143584169,6699,7835,5705,0.7322266101837158,9.49314173742652,0.005225342913128674,0.09274983670803397,0.25,2180,62,0.028440366972477066,3009,1384,0.45995347291458955,5721,4031,0.704597098409369,1494,1222,0.8179384203480589,42.85038618376491,0.3589344024658203,65536.0,493.26918909998494,0
110,0.0004217827674798842,1.2543404273011467,0.18489176561789852,0.6285021680903126,0.2204732462231602,459.11233766233767,0.8759439354593104,1.736682169760267,0.4054662291891873,0.649279699039956,0.34096811843725544,522.859375,0.45083099603652954,0.1485580950975418,0.1996245417074533,0.4545518354741349,0.5220896485004837,0.4859855164909384,0.5127649307250977,0.291748046875,0.3209913258983891,6476,7771,5928,0.733712375164032,9.305682560418028,0.007184846505551927,0.09928151534944481,0.25,2180,56,0.025688073394495414,3009,1330,0.4420073113991359,5721,3875,0.6773291382625415,1494,1215,0.8132530120481928,42.2349923247025,0.3573722839355469,65536.0,501.0777473000053,0
111,0.00041403544986029484,1.2526728534853304,0.18495448618740232,0.6283481818127942,0.21968509215232615,459.0207792207792,0.8823976915184554,1.742559724797805,0.41187460262638825,0.6494158714388808,0.3406346236200382,522.859375,0.4780941903591156,0.15246236324310303,0.21026094813714735,0.43890904379372897,0.5461947758787488,0.48670977011494254,0.5311759114265442,0.3193359375,0.3216235461666271,6775,8661,5629,0.7310441136360168,10.082299150881777,0.005878510777269758,0.09470934030045722,0.25,2180,70,0.03211009174311927,3009,1451,0.4822200066467265,5721,4042,0.706519839188953,1494,1212,0.8112449799196787,42.46852349412015,0.35800790786743164,65536.0,498.76693270000396,0
112,0.0004063093427071374,1.2519632205173568,0.18373735271297492,0.6284758171090832,0.21987502518799398,459.06233766233765,0.8734495015693949,1.7381022535264492,0.39904916325273615,0.6502562928944826,0.3443984024537106,522.859375,0.46757379174232483,0.15133771300315857,0.20582616991450778,0.4590677907057758,0.5311996130280555,0.4925066337780768,0.5198678374290466,0.31396484375,0.3267056723522412,6589,7764,5815,0.7316504120826721,9.374918354016982,0.007838014369693011,0.09666884389288047,0.25,2180,84,0.03853211009174312,3009,1403,0.46626786307743434,5721,3906,0.6827477713686418,1494,1196,0.8005354752342704,42.57077592916671,0.35778188705444336,65536.0,497.63060899998527,0
113,0.00039860635232174353,1.2511743090756529,0.18374254828826947,0.6283229226415807,0.21955441977683599,459.09415584415586,0.8756209270907687,1.7453471527745326,0.4116947376945366,0.6499495257933935,0.3418514446821064,522.859375,0.4762170612812042,0.14825643599033356,0.20739822589966933,0.45098695215791235,0.5433731054498548,0.49288822260411713,0.5288950800895691,0.32470703125,0.32704158377407927,6740,8205,5664,0.7307807803153992,9.761593729588505,0.005225342913128674,0.09601567602873938,0.25,2180,72,0.03302752293577982,3009,1395,0.46360917248255235,5721,4054,0.7086173745848627,1494,1219,0.8159303882195449,42.38080876048552,0.3577895164489746,65536.0,493.632354100002,0
114,0.0003909283793017286,1.249900984996325,0.183775346218185,0.6281215523357515,0.21900204290914072,459.0396103896104,0.8778027346381894,1.7333780353267987,0.40176812287730473,0.6499175534894069,0.3408461822352062,522.859375,0.48938584327697754,0.1673963963985443,0.21955471112160013,0.4677989601386482,0.5440180586907449,0.5030377576503038,0.5382984280586243,0.325927734375,0.33603904188038447,6748,7677,5656,0.7350524067878723,9.421946440235141,0.006531678641410843,0.10058785107772697,0.25,2180,77,0.035321100917431195,3009,1442,0.47922897972748424,5721,4006,0.7002272330012236,1494,1223,0.8186077643908969,42.20725692448267,0.3571629524230957,65536.0,497.44434029998956,0
115,0.000383277318072047,1.2496023023283327,0.18325934898253385,0.6282471291817628,0.21904791239890958,458.8461038961039,0.8823177422021891,1.7113784576455753,0.3807699064879368,0.6497729383409023,0.34041780574868125,522.859375,0.47323352098464966,0.16257663071155548,0.21193520214728778,0.5009235031553024,0.5247500806191551,0.5125600440979604,0.5277963876724243,0.28857421875,0.344592090634761,6509,6485,5895,0.7368462681770325,8.48726322664925,0.007184846505551927,0.09862834748530372,0.25,2180,59,0.02706422018348624,3009,1367,0.45430375540046525,5721,3890,0.6799510575074288,1494,1193,0.7985274431057564,42.35925390364219,0.35782575607299805,65536.0,492.9389741999912,0
116,0.00037565505641757235,1.2467056303829342,0.18223699472070515,0.6280771836444929,0.2181957263112455,459.0688311688312,0.8839196294159084,1.7612047058840592,0.4230319090032329,0.6506739674756924,0.3437494153622538,522.859375,0.4724496603012085,0.14555422961711884,0.20557947795896325,0.443769592476489,0.5478071589809739,0.49033049502092646,0.5312111973762512,0.328369140625,0.3247932699201759,6795,8517,5609,0.7290782928466797,10.001306335728282,0.002612671456564337,0.09928151534944481,0.25,2180,83,0.038073394495412846,3009,1436,0.4772349617813227,5721,4069,0.71123929382975,1494,1207,0.8078982597054887,42.56205184300115,0.3575630187988281,65536.0,490.99142279999796,0
117,0.0003680634750173133,1.245777910870391,0.182153471665723,0.6280978118444418,0.2177633130753582,458.93701298701296,0.8820908350410399,1.7421926974008481,0.40558856291075546,0.6495065797741214,0.3435487817041576,522.859375,0.46168452501296997,0.15228338539600372,0.2047931755427271,0.4475857900745417,0.5373266688165108,0.48836783293643526,0.518653392791748,0.314697265625,0.3230731943771207,6665,8226,5739,0.7329654693603516,9.726322664924886,0.006531678641410843,0.08948399738732854,0.25,2180,64,0.029357798165137616,3009,1386,0.46061814556331004,5721,4008,0.7005768222338752,1494,1207,0.8078982597054887,42.15487606084407,0.35803937911987305,65536.0,496.72868110000854,0
118,0.00036050444698038515,1.2452035651578532,0.1823364872098356,0.6278647305516454,0.21750117341032277,459.0409090909091,inf,1.7456134582559268,0.4094283184191833,0.649580623023212,0.3433022604634364,522.859375,0.45313870906829834,0.15303024649620056,0.20336763441446237,0.45371523453715235,0.5287004192196065,0.4883461166132996,0.5159875154495239,0.30126953125,0.3230541871921182,6558,7896,5846,0.7360935807228088,9.440888308295232,0.003919007184846506,0.09405617243631613,0.25,2180,64,0.029357798165137616,3009,1348,0.44798936523762045,5721,3926,0.6862436636951582,1494,1220,0.8165997322623829,42.00798617091162,0.3580503463745117,65536.0,497.8555359999882,2
119,0.0003529798373838478,1.2417333479438508,0.18103111312760936,0.6276797111932333,0.21651126158411627,459.1318181818182,0.8909592172348654,1.746884474530816,0.4111034053688248,0.6499534885709485,0.3429137888209273,522.859375,0.4720001220703125,0.14960473775863647,0.20672782453330002,0.4495560936238902,0.5388584327636247,0.49017307128190085,0.5278486609458923,0.333251953125,0.32465513891587333,6684,8184,5720,0.7315468788146973,9.711299804049641,0.002612671456564337,0.09405617243631613,0.25,2180,66,0.030275229357798167,3009,1379,0.4582917912927883,5721,4032,0.7047718930256948,1494,1207,0.8078982597054887,42.15960607941507,0.3580513000488281,65536.0,497.2902169000008,0
120,0.0003454915028125262,1.2441953834388164,0.18106583749706096,0.6279563791179038,0.21758658355222893,459.10974025974025,0.8807445280544169,1.7517560757696629,0.4145331477435927,0.6502255077163378,0.34349871170707047,522.859375,0.46728798747062683,0.15524418652057648,0.20840807430795394,0.45437223545423616,0.5382940986778458,0.4927857116498764,0.5260893702507019,0.3212890625,0.3269513270002938,6677,8018,5727,0.7344085574150085,9.598301763553232,0.005878510777269758,0.09601567602873938,0.25,2180,62,0.028440366972477066,3009,1392,0.4626121635094716,5721,4015,0.701800384548156,1494,1208,0.8085676037483266,42.256091562131125,0.3571476936340332,65536.0,494.84565440000733,0
121,0.00033804129090092506,1.2410291699232994,0.18075931138274345,0.6277052352954815,0.21628231266392517,459.0064935064935,0.8888076554838713,1.7498027607798576,0.411847354999433,0.64980389457196,0.34407575560423237,522.859375,0.4443225562572479,0.14642265439033508,0.19842737777944422,0.4386525530923374,0.5311996130280555,0.48051048313582506,0.5091293454170227,0.306640625,0.31623152236513724,6589,8432,5815,0.7323267459869385,9.811234487263226,0.0032658393207054214,0.09340300457217506,0.25,2180,52,0.023853211009174313,3009,1357,0.45098039215686275,5721,3977,0.6951581891277748,1494,1203,0.8052208835341366,42.43352841753523,0.35716819763183594,65536.0,494.4983903999964,0
122,0.0003306310398773541,1.2390479934292955,0.1796737471667977,0.6276590203309989,0.21585761267062906,459.0694805194805,0.8853515398192715,1.7560022535423438,0.41678590544809896,0.6505554172520837,0.34433046565391123,522.859375,0.45573803782463074,0.1492103785276413,0.2014644329814473,0.43939893231397875,0.5374879071267333,0.4835188744243391,0.5218389630317688,0.327880859375,0.31884265901482545,6667,8506,5737,0.7321677207946777,9.910516002612672,0.005878510777269758,0.09862834748530372,0.25,2180,54,0.024770642201834864,3009,1392,0.4626121635094716,5721,4014,0.7016255899318301,1494,1207,0.8078982597054887,42.572511291267894,0.3578066825866699,65536.0,490.72884049999993,0
123,0.00032326257811037126,1.2393199826215768,0.17994868542466844,0.6276550694332494,0.21585811365927968,459.13051948051947,0.897490820520884,1.749298336605231,0.4070027694882204,0.6504464515795311,0.345924557497104,522.859375,0.43550699949264526,0.13748230040073395,0.19125144747376907,0.44843825749705657,0.5220090293453724,0.48243489922884925,0.5081683397293091,0.314208984375,0.31790062843676353,6475,7964,5929,0.7317485213279724,9.431090790333116,0.007184846505551927,0.10711952971913782,0.25,2180,50,0.022935779816513763,3009,1342,0.44599534729145895,5721,3906,0.6827477713686418,1494,1177,0.7878179384203481,42.584777141539625,0.3573884963989258,65536.0,491.07534690000466,0
124,0.0003159377236576609,1.2387237963351336,0.18009164110793696,0.6276076391919867,0.21551225783375952,459.0409090909091,0.8970904108378794,1.7809103187173605,0.4400433348491788,0.6501014372333884,0.3453827746367703,522.859375,0.4521639943122864,0.1441916525363922,0.19672428026096894,0.41350133917701487,0.5476459206707514,0.47121254162042175,0.5157684683799744,0.335205078125,0.3082263260583511,6793,9635,5611,0.7271707653999329,10.730241672109733,0.001959503592423253,0.08948399738732854,0.25,2180,70,0.03211009174311927,3009,1439,0.47823197075440343,5721,4065,0.7105401153644467,1494,1219,0.8159303882195449,42.43158785170181,0.3575859069824219,65536.0,496.57725659999414,0
125,0.000308658283817455,1.2369459241241603,0.17887408352130418,0.6275896532969041,0.2152410930095168,459.0779220779221,0.8885149279198089,1.7457301318645477,0.40313345395649475,0.6506874629606804,0.3459546056886514,522.859375,0.4633748531341553,0.1488530933856964,0.20302452489850112,0.44828053991724887,0.5328119961302805,0.4869046303458946,0.5205354690551758,0.315185546875,0.32179374817411627,6609,8134,5795,0.7294427752494812,9.629653821032004,0.006531678641410843,0.10581319399085565,0.25,2180,56,0.025688073394495414,3009,1403,0.46626786307743434,5721,3952,0.6907883237196294,1494,1198,0.8018741633199464,42.36556891915573,0.3579826354980469,65536.0,499.0428453999921,0
126,0.0003014260546826094,1.2359673962577598,0.17840080362345492,0.6275132036441332,0.21502669412497577,459.0655844155844,0.8960443604882662,1.756455209106207,0.41360251046717167,0.6505266828462481,0.34616300999186933,522.859375,0.44522443413734436,0.1455744355916977,0.19669932916003746,0.4355836381775856,0.5279748468236053,0.477349757644229,0.5122129917144775,0.3232421875,0.3134992819530876,6549,8486,5855,0.732611894607544,9.820378837361202,0.003919007184846506,0.10058785107772697,0.25,2180,63,0.02889908256880734,3009,1336,0.44400132934529746,5721,3940,0.6886907883237197,1494,1210,0.8099062918340026,42.36151347849706,0.3589344024658203,65536.0,496.9623328000016,0
127,0.0002942428206974454,1.2362135036038113,0.17867710570526588,0.627524447441101,0.2150059746989569,459.1487012987013,0.8919152507340753,1.746285952006777,0.40466352039948106,0.6498568163563808,0.345882806306084,522.859375,0.4551432132720947,0.14680267870426178,0.20119256059260807,0.4611852793670975,0.5263624637213802,0.49162305636082976,0.5182135701179504,0.30615234375,0.3259285143769968,6529,7628,5875,0.73241126537323,9.24689745264533,0.0045721750489875895,0.09732201175702156,0.25,2180,68,0.031192660550458717,3009,1366,0.453971419076105,5721,3910,0.6834469498339452,1494,1185,0.7931726907630522,42.210859143288054,0.3580055236816406,65536.0,497.56879390001995,0
128,0.00028711035421746345,1.232547369792864,0.1775621591305191,0.6272336581310669,0.21387577558589446,459.0662337662338,0.8938145261112745,1.7567415808637936,0.4143979375561078,0.6505272857223948,0.345908173903202,522.859375,0.43850669264793396,0.14643675088882446,0.19499456051707967,0.4412756202804746,0.5276523702031602,0.4806138933764135,0.5105015635490417,0.3154296875,0.31632110579479,6545,8287,5859,0.7334082722663879,9.687785760940562,0.006531678641410843,0.09862834748530372,0.25,2180,55,0.02522935779816514,3009,1371,0.4556331006979063,5721,3933,0.6874672260094389,1494,1186,0.7938420348058902,42.18513434681698,0.3579854965209961,65536.0,496.6569586000114,0
129,0.0002800304150720422,1.2329305221121032,0.17792656305548432,0.627346054996763,0.21382895178802602,459.0668831168831,0.8957981678766089,1.7635717584441106,0.4174148501673092,0.6501882830634713,0.34798431225741905,522.859375,0.42772069573402405,0.13944752514362335,0.18799284786509815,0.43959432604673476,0.5171718800386972,0.4752379894062303,0.5003103613853455,0.3076171875,0.3116801088329608,6415,8178,5989,0.7318739891052246,9.531678641410842,0.006531678641410843,0.10058785107772697,0.25,2180,53,0.02431192660550459,3009,1340,0.44533067464273846,5721,3817,0.6671910505156441,1494,1205,0.8065595716198126,42.15640101617699,0.35693836212158203,65536.0,497.88097899997956,0
130,0.0002730047501302264,1.2332643789904458,0.17761941703109,0.6273784989660437,0.21413323176274826,459.0487012987013,0.9033902431076223,1.7653189841657877,0.41805302662154037,0.6510698882242044,0.3480980320988844,522.859375,0.4579322636127472,0.13833491504192352,0.1976053218022571,0.4425469949695526,0.5390196710738472,0.4860424542018029,0.5180545449256897,0.328369140625,0.32104100643426486,6686,8422,5718,0.7270882725715637,9.868060091443501,0.005225342913128674,0.09666884389288047,0.25,2180,63,0.02889908256880734,3009,1422,0.47258225324027914,5721,4004,0.699877643768572,1494,1197,0.8012048192771084,42.36119165970773,0.3580479621887207,65536.0,493.87206669998704,0
131,0.0002660350928697132,1.2293488774980819,0.17652983284228807,0.6271105097098784,0.21285426710526664,459.02337662337663,inf,1.7539484991381566,0.4077182159914325,0.6507998347903291,0.3477152249154945,522.859375,0.45271849632263184,0.14037775993347168,0.19771070649148897,0.4515640071654954,0.5283779425991616,0.48696039824652654,0.5157996416091919,0.32177734375,0.3218424670988018,6554,7960,5850,0.7310000658035278,9.480078380143697,0.007838014369693011,0.09862834748530372,0.25,2180,64,0.029357798165137616,3009,1371,0.4556331006979063,5721,3929,0.6867680475441357,1494,1190,0.7965194109772423,42.49204382602704,0.3577756881713867,65536.0,493.8659867000242,2
132,0.0002591231629491421,1.229202463874569,0.17658100791469022,0.6270578067798119,0.21278182439893098,458.9974025974026,0.8998915048388691,1.7852023113518953,0.43658050219528377,0.6506793244431416,0.3489712399896234,522.859375,0.43568381667137146,0.13304124772548676,0.18842954502179055,0.40916339548577035,0.5378103837471784,0.4647485021596768,0.505058765411377,0.331787109375,0.3027181558288333,6671,9633,5733,0.7278169989585876,10.649248856956238,0.003919007184846506,0.09274983670803397,0.25,2180,71,0.03256880733944954,3009,1405,0.4669325357261549,5721,3983,0.6962069568257298,1494,1212,0.8112449799196787,42.47470167540778,0.35804319381713867,65536.0,495.27043610002147,0
133,0.00025227066578379596,1.228195162098129,0.17581521246050086,0.6271540934776331,0.21261292860976289,459.03376623376624,0.9028579351189848,1.7781165645768244,0.430090407996128,0.6505131081988414,0.34875652256111306,522.859375,0.4408203959465027,0.13787922263145447,0.19264060279529077,0.41504004004004,0.5348274750080619,0.4673805833450754,0.5079624652862549,0.328857421875,0.30495541049921854,6634,9350,5770,0.7287394404411316,10.44023514043109,0.0032658393207054214,0.09666884389288047,0.25,2180,62,0.028440366972477066,3009,1424,0.4732469258889997,5721,3958,0.6918370914175843,1494,1190,0.7965194109772423,42.15714617691102,0.3573880195617676,65536.0,497.6439789000142,0
134,0.0002454792921248141,1.2268577571813162,0.175178832725271,0.6271709320607124,0.2122539963137794,459.0876623376623,0.9008017386708941,1.79847903487583,0.44604416106206674,0.6510408576577902,0.35069700866006315,522.859375,0.4251788556575775,0.1331457644701004,0.18755052774067735,0.40092832599915607,0.5361980006449533,0.4588004000965751,0.49979931116104126,0.32861328125,0.29769044848267834,6651,9938,5753,0.7284658551216125,10.835401698236447,0.0032658393207054214,0.10058785107772697,0.25,2180,58,0.026605504587155965,3009,1387,0.46095048188767035,5721,4011,0.7011012060828526,1494,1195,0.7998661311914324,42.18405252750225,0.357149600982666,65536.0,495.32223320001503,0
135,0.00023875071764202534,1.2258334183460706,0.17590894929629255,0.6267950255762447,0.21156472077036834,459.0409090909091,0.9045883850230799,1.77141441591084,0.4219661697279662,0.6511251364524165,0.3491615546712031,522.859375,0.41658613085746765,0.1383322775363922,0.1837710895575583,0.41962082846383586,0.5210415994840374,0.46486369848234194,0.4926042854785919,0.313232421875,0.3028159115400834,6463,8939,5941,0.7329493165016174,10.06009144350098,0.006531678641410843,0.0999346832135859,0.25,2180,49,0.022477064220183487,3009,1348,0.44798936523762045,5721,3870,0.6764551651809124,1494,1196,0.8005354752342704,42.426573733306384,0.35800790786743164,65536.0,496.38609919999726,0
136,0.0002320866025105013,1.2257553774815102,0.1756523404802595,0.6269394516170799,0.21158179244534536,459.0298701298701,0.9173179776831106,1.7869966768970091,0.4359226857777685,0.6508524408563972,0.35011077594632906,522.859375,0.4320031702518463,0.1375088393688202,0.1882754627498798,0.40532148075986363,0.5366817155756207,0.4618426529762731,0.5035544037818909,0.329345703125,0.3002570925984394,6657,9767,5747,0.7278866171836853,10.727629000653168,0.0045721750489875895,0.10058785107772697,0.25,2180,73,0.033486238532110094,3009,1435,0.47690262545696244,5721,3962,0.6925362698828876,1494,1187,0.7945113788487282,42.555476975965774,0.35802173614501953,65536.0,497.1203226999787,0
137,0.0002254885910009338,1.2236510574817658,0.17401658096290254,0.6269142863812385,0.21136009491883315,459.08506493506496,0.904512173653423,1.7695125825703144,0.4160027732917418,0.6513381795957685,0.35108581829505664,522.859375,0.4382200837135315,0.13820578157901764,0.19135613496328005,0.4339309428950863,0.5268461786520477,0.47589571803087677,0.5096384882926941,0.31103515625,0.3122461656075302,6535,8525,5869,0.7290974259376526,9.83670803396473,0.0045721750489875895,0.09666884389288047,0.25,2180,60,0.027522935779816515,3009,1371,0.4556331006979063,5721,3930,0.6869428421604614,1494,1174,0.785809906291834,42.238711578700716,0.35691022872924805,65536.0,497.0445510999998,0
138,0.0002189583110739344,1.2251261545079095,0.1749548808320776,0.6269137684788023,0.21162875314037521,459.05,0.9139376721598885,1.7678876146674156,0.41591390742299456,0.6512084122126301,0.3503826435965796,522.859375,0.45103776454925537,0.14078281819820404,0.19706460123998112,0.42220385324601006,0.5353111899387294,0.47207706800327043,0.5125637054443359,0.3212890625,0.3089665441347541,6640,9087,5764,0.7291646599769592,10.272370999346832,0.0032658393207054214,0.10189418680600915,0.25,2180,67,0.030733944954128442,3009,1426,0.4739115985377202,5721,3963,0.6927110644992134,1494,1184,0.7925033467202142,42.74367690891702,0.3578500747680664,65536.0,493.2436488000094,0
139,0.00021249737397836048,1.2228221241142843,0.17362539030417992,0.6268927416631154,0.21115199614364605,459.14285714285717,0.9049054748245648,1.7833924690882366,0.4330772573594004,0.6507216080402335,0.3497968002532919,522.859375,0.4195699095726013,0.13017843663692474,0.18308996244159062,0.4012113870381587,0.5340212834569493,0.4581863457148786,0.4968355894088745,0.323974609375,0.2971736204576043,6624,9886,5780,0.7283626198768616,10.7838014369693,0.0032658393207054214,0.10189418680600915,0.25,2180,64,0.029357798165137616,3009,1408,0.46792954469923564,5721,3967,0.6934102429645167,1494,1185,0.7931726907630522,42.3602937881178,0.3589344024658203,65536.0,499.21627959999023,0
140,0.00020610737385376327,1.22134825482771,0.17347838658500803,0.6267003326059936,0.21058476743373003,459.06493506493507,0.9060688691866863,1.7528925395260255,0.40210204136868316,0.6508734881257018,0.34995850439493853,522.859375,0.4523521363735199,0.14382363855838776,0.19743643561232602,0.45080328207956977,0.5270880361173815,0.48597019362991045,0.5140634775161743,0.3115234375,0.3209779566989052,6538,7965,5866,0.7313159704208374,9.472893533638144,0.003919007184846506,0.09797517962116264,0.25,2180,59,0.02706422018348624,3009,1376,0.45729478231970755,5721,3925,0.6860688690788324,1494,1178,0.7884872824631861,42.269792534221,0.35716772079467773,65536.0,496.9120257999748,0
141,0.00019978988733705783,1.2204563639767758,0.17343463273114199,0.6266658645558667,0.21017793389400105,459.0571428571429,0.9038854038367024,1.7795149416973193,0.42755157585876685,0.6511487690731883,0.3504072984990974,522.859375,0.4368947148323059,0.1378459483385086,0.19157956122944597,0.41265619200791787,0.5378103837471784,0.4669933496674834,0.505074679851532,0.322265625,0.30462578199917806,6671,9495,5733,0.7294763326644897,10.559111691704768,0.0013063357282821686,0.10124101894186806,0.25,2180,60,0.027522935779816515,3009,1423,0.47291458956463944,5721,4009,0.700751616850201,1494,1179,0.7891566265060241,42.29525875421733,0.3573946952819824,65536.0,502.0235066000023,0
142,0.00019354647317351147,1.2196564328360868,0.17320113078050026,0.6265593543842242,0.20994797420095312,459.0857142857143,0.9103493447234104,1.770014797647794,0.41701882674048346,0.6510359334448973,0.35098001748944324,522.859375,0.44361960887908936,0.13972888886928558,0.19342904302466196,0.4281351526965562,0.5311996130280555,0.474131107433259,0.5082035064697266,0.327880859375,0.3107286017448715,6589,8801,5815,0.7299734354019165,10.052253429131287,0.003919007184846506,0.10254735467015023,0.25,2180,61,0.02798165137614679,3009,1404,0.4666001994017946,5721,3933,0.6874672260094389,1494,1191,0.7971887550200804,42.541638252478656,0.3573746681213379,65536.0,501.08708220001427,0
143,0.00018737867183214719,1.2206891486397038,0.17342273173007097,0.6267422464373824,0.21026208545867497,459.1025974025974,0.907706375342685,1.7838130028297503,0.42834549536928535,0.6516171849022309,0.35192516174477834,522.859375,0.421371191740036,0.13478919863700867,0.18507029061875074,0.4098411904464174,0.5284585617542729,0.4616522290302134,0.4966823160648346,0.3193359375,0.300096140640022,6555,9439,5849,0.7297079563140869,10.446766819072502,0.007838014369693011,0.10058785107772697,0.25,2180,63,0.02889908256880734,3009,1395,0.46360917248255235,5721,3909,0.6832721552176193,1494,1188,0.7951807228915663,42.20191825897718,0.35741519927978516,65536.0,500.08816579999984,0
144,0.0001812880051256549,1.217818028547547,0.1724487213587219,0.6265989886862892,0.20938515848927683,459.0772727272727,inf,1.786205854266882,0.43247901275753975,0.6510882868121067,0.3513192774262279,522.859375,0.4107882082462311,0.12908442318439484,0.1801315237142262,0.40519593253968256,0.5268461786520477,0.45808215337165287,0.4949131906032562,0.306396484375,0.2970859662681275,6535,9593,5869,0.7297855019569397,10.534291312867406,0.005878510777269758,0.10320052253429131,0.25,2180,75,0.034403669724770644,3009,1396,0.4639415088069126,5721,3884,0.6789022898094739,1494,1180,0.7898259705488622,42.417855448495075,0.3575420379638672,65536.0,495.1180352999945,2
145,0.00017527597583490801,1.2170186501818818,0.17222809343078693,0.6265536292806848,0.2091184641633715,459.0694805194805,0.9137427267896665,1.7695946712046862,0.4136865399777889,0.6512334489574035,0.3523373412123571,522.859375,0.42733415961265564,0.1353757083415985,0.18747223312966527,0.44609665427509293,0.5224121251209287,0.48124767916821387,0.50264972448349,0.304931640625,0.31687041564792173,6480,8046,5924,0.730858564376831,9.48791639451339,0.005878510777269758,0.10124101894186806,0.25,2180,69,0.03165137614678899,3009,1397,0.46427384513127284,5721,3831,0.6696381751442055,1494,1183,0.7918340026773761,42.40999704530595,0.357576847076416,65536.0,496.97169829998165,0
146,0.00016934406733817395,1.2188063181065893,0.17252347163565748,0.626653718058165,0.20981456354357206,459.01363636363635,0.9216175251966947,1.7957854208846886,0.44348122955610353,0.6512153785054883,0.3505444057130565,522.859375,0.42684778571128845,0.14004695415496826,0.18909786491130945,0.4010823812387252,0.5377297645920671,0.4594613212096163,0.5015543699264526,0.331298828125,0.2982471829726346,6670,9960,5734,0.7306370735168457,10.862181580666231,0.002612671456564337,0.09405617243631613,0.25,2180,71,0.03256880733944954,3009,1419,0.4715852442671984,5721,3986,0.6967313406747072,1494,1194,0.7991967871485943,42.283081730673125,0.35694074630737305,65536.0,495.7500263999973,0
147,0.0001634937432451131,1.2159371295919665,0.1718300093255647,0.6264122543396888,0.20884743302383207,458.94675324675325,0.9219455233835555,1.7899052121986945,0.43337861844338477,0.6512165184443196,0.3526550396345556,522.859375,0.4271271824836731,0.13526149094104767,0.18561103905230994,0.40862410294481566,0.5324895195098356,0.4624054886586391,0.4992915689945221,0.322998046875,0.3007330510403861,6605,9559,5799,0.7277151346206665,10.557805355976486,0.005225342913128674,0.10124101894186806,0.25,2180,69,0.03165137614678899,3009,1419,0.4715852442671984,5721,3935,0.6878168152420906,1494,1182,0.7911646586345381,42.240818646454336,0.35782861709594727,65536.0,499.41494489999604,0
148,0.00015772644703565544,1.2170012225578357,0.17266950226546107,0.626321394954409,0.20900516228435875,459.0201298701299,0.919778524455312,1.7776459231972694,0.4185248382855207,0.6513717776785294,0.35387465365541476,522.859375,0.42129772901535034,0.13132062554359436,0.18205289253091905,0.4301340625625292,0.5199129313124798,0.47078147242398805,0.4976488947868347,0.307373046875,0.30785755203360704,6449,8544,5955,0.7285589575767517,9.792945787067277,0.005878510777269758,0.10711952971913782,0.25,2180,60,0.027522935779816515,3009,1365,0.45363908275174475,5721,3857,0.6741828351686768,1494,1167,0.7811244979919679,42.35716304724132,0.35798215866088867,65536.0,497.3211313000065,0
149,0.00015204360170384266,1.215115214013434,0.17153731311199727,0.6263463095798121,0.20861579523748391,459.0987012987013,0.9192369943121811,1.7838949287931125,0.42748664459213614,0.6514296975607673,0.35248929518274963,522.859375,0.44857990741729736,0.14189139008522034,0.19564352258166764,0.43103000389660995,0.5350693324733957,0.47744766563556584,0.5138989686965942,0.3271484375,0.31358374675171274,6637,8761,5767,0.7282359600067139,10.057478772044416,0.0032658393207054214,0.10058785107772697,0.25,2180,62,0.028440366972477066,3009,1416,0.47058823529411764,5721,3969,0.6937598321971683,1494,1190,0.7965194109772423,42.13927491902311,0.35780858993530273,65536.0,499.677528900007,0
150,0.0001464466094067261,1.2152344811659355,0.1712927384543922,0.6265581205680772,0.2086918120840927,458.88051948051947,0.9208941342381688,1.7964252568781376,0.43550489043506485,0.6516367783769965,0.3546417918987572,522.859375,0.4271298348903656,0.1314355880022049,0.18508784440491582,0.4013647261326612,0.5263624637213802,0.4554427819050609,0.5007020235061646,0.33056640625,0.2948694788185349,6529,9738,5875,0.7274206280708313,10.625081645983018,0.002612671456564337,0.10124101894186806,0.25,2180,63,0.02889908256880734,3009,1412,0.46925888999667664,5721,3875,0.6773291382625415,1494,1179,0.7891566265060241,42.29953229600694,0.3571596145629883,65536.0,498.45790149999084,0
151,0.00014093685111840547,1.2149191295558757,0.17159259453561013,0.6263564398923478,0.20848504748050267,459.0779220779221,0.9218472082506527,1.793429333716631,0.434610834888493,0.6517084265748659,0.35355503546694916,522.859375,0.42871448397636414,0.13572348654270172,0.18820571434189332,0.41529292416941416,0.5280554659787166,0.46493469619534356,0.5031163096427917,0.316650390625,0.30287616757606584,6550,9222,5854,0.7295467853546143,10.301763553233181,0.002612671456564337,0.10189418680600915,0.25,2180,65,0.02981651376146789,3009,1403,0.46626786307743434,5721,3903,0.6822233875196644,1494,1179,0.7891566265060241,42.30081862932372,0.35810184478759766,65536.0,497.2063543999975,0
152,0.00013551568628929414,1.2127604067712636,0.17011647990287898,0.626346782314313,0.20814857197465836,459.11753246753244,0.9156142276409385,1.807577117656668,0.44821255599769455,0.651228832701842,0.3540678662247956,522.859375,0.41673415899276733,0.13218849897384644,0.18206838259939104,0.39253231211105793,0.528861657529829,0.45061134771259787,0.4929163157939911,0.330322265625,0.290831707749601,6560,10152,5844,0.7270819544792175,10.9157413455258,0.002612671456564337,0.10254735467015023,0.25,2180,55,0.02522935779816514,3009,1376,0.45729478231970755,5721,3943,0.6892151721726971,1494,1186,0.7938420348058902,42.31750874340813,0.357790470123291,65536.0,497.3501522000006,0
153,0.00013018445251069497,1.2127677668224681,0.17048856481038904,0.6263161464945063,0.20798152820146704,459.0376623376623,0.9174689676467475,1.794583858922124,0.4351017895775537,0.6515285531058908,0.353976759283493,522.859375,0.44946855306625366,0.14191174507141113,0.1960867310190224,0.42140068018642146,0.5394227668494034,0.47316314263489145,0.5147440433502197,0.338623046875,0.30989764253624197,6691,9187,5713,0.7266469597816467,10.370999346832136,0.002612671456564337,0.09732201175702156,0.25,2180,78,0.03577981651376147,3009,1446,0.48055832502492524,5721,3987,0.6969061352910331,1494,1180,0.7898259705488622,42.081246445565036,0.3589344024658203,65536.0,504.89832219999516,0
154,0.0001249444651847701,1.212126667855622,0.17055742661771062,0.6262300735170191,0.20766958384351297,459.03636363636366,0.9239293327579251,1.8110541254281998,0.4513318875494103,0.6517222455392281,0.3539999989637484,522.859375,0.4140516221523285,0.12734118103981018,0.17926020457816777,0.3822224782533556,0.5349080941631732,0.44585559251419543,0.491567999124527,0.337158203125,0.28688170183327566,6635,10724,5769,0.7251052856445312,11.338340953625082,0.0032658393207054214,0.09666884389288047,0.25,2180,64,0.029357798165137616,3009,1392,0.4626121635094716,5721,3986,0.6967313406747072,1494,1193,0.7985274431057564,42.044952767643096,0.35782861709594727,65536.0,501.4299211000034,0
155,0.00011979701719998438,1.2106851115242228,0.17047531475107391,0.6260955947947192,0.2070571011972505,459.0948051948052,0.9229951834136789,1.8215314677606027,0.460381322617953,0.6518581916267673,0.35464597508932155,522.859375,0.38524729013442993,0.11865738779306412,0.16750061293278123,0.385955523843501,0.5232989358271525,0.44425432893025796,0.4786585569381714,0.322998046875,0.2855571686243456,6491,10327,5913,0.7278065085411072,10.984977139124755,0.003919007184846506,0.10646636185499674,0.25,2180,59,0.02706422018348624,3009,1378,0.45795945496842805,5721,3885,0.6790770844257997,1494,1169,0.7824631860776439,42.00410721764621,0.3579869270324707,65536.0,503.9684728999855,0
156,0.00011474337861210527,1.210291287690014,0.16964789892655688,0.6261609395990124,0.2072412259489685,459.06363636363636,0.9218194895363473,1.794646851097544,0.43393312317008775,0.6520151887089014,0.354349271627143,522.859375,0.44056180119514465,0.13705027103424072,0.19138586630288046,0.42396106806685024,0.5337794259916157,0.4725741408229542,0.50714510679245,0.31884765625,0.30939252336448597,6621,8996,5783,0.7267122268676758,10.200522534291313,0.0032658393207054214,0.0999346832135859,0.25,2180,67,0.030733944954128442,3009,1409,0.4682618810235959,5721,3956,0.6914875021849327,1494,1189,0.7958500669344043,42.021870764517246,0.35672426223754883,65536.0,498.61921659999643,0
157,0.00010978479633083506,1.2078049926401733,0.16934432268336222,0.6259585984728553,0.20625103551459004,459.0584415584416,inf,1.8160346057265997,0.45935317253073055,0.6512444075196981,0.3527185118291527,522.859375,0.40282803773880005,0.13226990401744843,0.17766127797949594,0.3808724832214765,0.530715898097388,0.44347884667205606,0.4839913845062256,0.330322265625,0.2849166847002813,6583,10701,5821,0.7293559312820435,11.2893533638145,0.002612671456564337,0.0999346832135859,0.25,2180,71,0.03256880733944954,3009,1405,0.4669325357261549,5721,3929,0.6867680475441357,1494,1178,0.7884872824631861,42.03868679785048,0.35800886154174805,65536.0,500.22359400001005,2
158,0.00010492249381215464,1.209440332728547,0.16991627642086574,0.6261386521063842,0.20669270273443166,458.7766233766234,0.9257401521910321,1.8064374501506488,0.4420706575425963,0.6521581566582123,0.3561043159570545,522.859375,0.42285647988319397,0.13077935576438904,0.18406941878783983,0.4070304695304695,0.5255562721702677,0.45876143560872623,0.4983844459056854,0.31884765625,0.297657641203598,6519,9497,5885,0.7272679209709167,10.461136512083606,0.002612671456564337,0.09797517962116264,0.25,2180,55,0.02522935779816514,3009,1369,0.4549684280491858,5721,3914,0.6841461282992484,1494,1181,0.7904953145917001,42.34448769706979,0.3589344024658203,65536.0,494.32862399998703,0
159,0.00010015767075645462,1.2082829088746727,0.1685915401737605,0.6261496363135127,0.20677086693996732,458.9733766233766,0.9258235408888235,1.7973791025578976,0.4382521007210016,0.6517655402421951,0.353680729555587,522.859375,0.42809024453163147,0.12760086357593536,0.18471718849614263,0.41124241855811916,0.5302321831667204,0.4632179455576293,0.5014845132827759,0.326171875,0.3014207149404216,6577,9416,5827,0.7254580855369568,10.44611365120836,0.0013063357282821686,0.1038536903984324,0.25,2180,68,0.031192660550458717,3009,1387,0.46095048188767035,5721,3938,0.688341199091068,1494,1184,0.7925033467202142,42.07545387113175,0.358034610748291,65536.0,492.78829660001793,0
160,9.549150281252619e-05,1.2074816529239927,0.16890667815535487,0.6260306154365664,0.20627218044133155,459.0668831168831,0.9267861835368267,1.8114584206293027,0.4489648592037459,0.6518980242932836,0.3552977698855102,522.859375,0.4147528111934662,0.13181786239147186,0.18043121236405568,0.3893333333333333,0.5296678490809417,0.4487858191878138,0.49279290437698364,0.334716796875,0.2893126073362984,6570,10305,5834,0.7258912324905396,11.022207707380797,0.001959503592423253,0.0953625081645983,0.25,2180,65,0.02981651376146789,3009,1401,0.46560319042871384,5721,3928,0.6865932529278098,1494,1176,0.7871485943775101,41.87784108414403,0.3578476905822754,65536.0,501.10968609998235,0
161,9.092514128748822e-05,1.2064737540947927,0.16863316662561198,0.6258884842906679,0.20597605223876314,458.9824675324675,0.9212360862594147,1.797022442643841,0.43637799091326696,0.6515447978551189,0.354549831788366,522.859375,0.43162620067596436,0.1344049870967865,0.18729381402517903,0.41776420436470063,0.5293453724604966,0.466981970769176,0.5030457377433777,0.32958984375,0.3046160983530503,6566,9151,5838,0.7268168926239014,10.265839320705421,0.0045721750489875895,0.10124101894186806,0.25,2180,75,0.034403669724770644,3009,1402,0.4659355267530741,5721,3909,0.6832721552176193,1494,1180,0.7898259705488622,42.531671712252525,0.3589344024658203,65536.0,492.92442510000546,0
162,8.645971286271907e-05,1.2060418188184887,0.16829801230364805,0.6260712256679287,0.2058362912435036,459.0084415584416,0.9217563037748461,1.8235259025047224,0.4630360257967065,0.6516826627776027,0.3544036083233853,522.859375,0.41663897037506104,0.13068293035030365,0.1802177774399752,0.37969989159582357,0.5365204772653983,0.44468945240720326,0.49402931332588196,0.341796875,0.28591682419659736,6655,10872,5749,0.7250309586524963,11.448073154800785,0.002612671456564337,0.09666884389288047,0.25,2180,74,0.03394495412844037,3009,1440,0.4785643070787637,5721,3958,0.6918370914175843,1494,1183,0.7918340026773761,41.30015087090332,0.35742855072021484,65536.0,505.54761770000914,0
163,8.209631931586485e-05,1.2054337092808314,0.1678612891729776,0.6258403546624369,0.20586603214214375,458.97727272727275,0.9279777271019948,1.8245642414937417,0.4613646287471056,0.651997160166502,0.35560122698855895,522.859375,0.41446879506111145,0.1272561103105545,0.17872465588880004,0.37898216219296743,0.536117381489842,0.44405862909418714,0.4922599196434021,0.3466796875,0.2853954765889876,6650,10897,5754,0.7250410914421082,11.461136512083606,0.003919007184846506,0.09797517962116264,0.25,2180,74,0.03394495412844037,3009,1419,0.4715852442671984,5721,3964,0.6928858591155392,1494,1193,0.7985274431057564,42.202485146114455,0.35715627670288086,65536.0,498.55870749999303,0
164,7.783603724899246e-05,1.2053747551394747,0.16814183002071723,0.6259337690743533,0.20564957847939683,458.9461038961039,0.9299484111658939,1.80582805039982,0.4425974912786235,0.6517082549010714,0.355761147569865,522.859375,0.41552823781967163,0.13029061257839203,0.18004429939610417,0.40267669914888365,0.5263624637213802,0.4562862534069466,0.49245819449424744,0.330322265625,0.2955769840191951,6529,9685,5875,0.7267206907272339,10.59046374918354,0.0045721750489875895,0.10058785107772697,0.25,2180,63,0.02889908256880734,3009,1392,0.4626121635094716,5721,3887,0.6794266736584513,1494,1187,0.7945113788487282,42.26260566287738,0.35759735107421875,65536.0,500.2577283999999,0
165,7.367991782295392e-05,1.204934192400474,0.16788037897801245,0.625978056254325,0.20553787868324813,458.96688311688314,0.9276320985578871,1.834195574124654,0.47170342683481675,0.6519047568241755,0.35529369907453656,522.859375,0.40572389960289,0.12734127044677734,0.17689205914066405,0.36839464882943146,0.5328119961302805,0.4356050619562351,0.4866381287574768,0.339111328125,0.2784495470823678,6609,11331,5795,0.7266731858253479,11.717831482691052,0.0032658393207054214,0.09405617243631613,0.25,2180,69,0.03165137614678899,3009,1420,0.47191758059155864,5721,3939,0.6885159937073938,1494,1181,0.7904953145917001,42.12499565900018,0.3567366600036621,65536.0,506.1103049000085,0
166,6.962898649802802e-05,1.205250555315575,0.16786527047296623,0.6259130686134488,0.20573610816296045,459.00324675324674,0.9293210002896074,1.8122065129379432,0.4486704013155152,0.6519084889441729,0.3558138109122713,522.859375,0.4071105122566223,0.1282341033220291,0.17779045420320472,0.3968253968253968,0.5240245082231538,0.45163979988882713,0.488176167011261,0.32958984375,0.2916891042900736,6500,9880,5904,0.7284220457077026,10.69888961463096,0.0013063357282821686,0.10450685826257348,0.25,2180,70,0.03211009174311927,3009,1388,0.4612828182120306,5721,3883,0.678727495193148,1494,1159,0.7757697456492637,42.01868477407879,0.3567337989807129,65536.0,505.61748799998895,0
167,6.568424278090424e-05,1.2055588214428394,0.1685464590618556,0.6257587771524082,0.20562679191398156,458.96558441558443,0.9307783352283688,1.813382704431812,0.4489456157510479,0.6519278079892198,0.3562546408114334,522.859375,0.4078560769557953,0.13022273778915405,0.17889674186881166,0.38982949087415947,0.523460174137375,0.4468685478320715,0.48464345932006836,0.329345703125,0.2877210085523109,6493,10163,5911,0.7288976311683655,10.8791639451339,0.005225342913128674,0.10516002612671456,0.25,2180,71,0.03256880733944954,3009,1394,0.4632768361581921,5721,3859,0.6745324244013284,1494,1169,0.7824631860776439,42.154006238014446,0.35796451568603516,65536.0,504.1815454000025,0
168,6.184665997806812e-05,1.2035421482541344,0.16723617795225862,0.625917005732462,0.20519448195572024,459.03636363636366,0.924677246963823,1.826466762771209,0.46204889557945233,0.6521640404437979,0.3561269121710211,522.859375,0.4038850665092468,0.12723392248153687,0.17515473284584004,0.3853416735512805,0.5264430828764914,0.4449744463373083,0.48891857266426086,0.332275390625,0.28615249780893953,6530,10416,5874,0.7274762392044067,11.068582625734814,0.0032658393207054214,0.0999346832135859,0.25,2180,67,0.030733944954128442,3009,1375,0.4569624459953473,5721,3905,0.682572976752316,1494,1183,0.7918340026773761,42.09815655722251,0.3580188751220703,65536.0,501.1020335999783,0
169,5.811718495565318e-05,1.2053357978919883,0.16741485656178617,0.6260922834857717,0.20591432823279462,458.80454545454546,0.9301562777780867,1.8376371059566736,0.47526743713145453,0.6519519742578268,0.35520885038810474,522.859375,0.39463624358177185,0.12271742522716522,0.1725599432043964,0.3679371447676362,0.5323282811996131,0.43512355848434925,0.4840656816959381,0.341552734375,0.2780561755169074,6603,11343,5801,0.7271703481674194,11.721750489875898,0.002612671456564337,0.1038536903984324,0.25,2180,68,0.031192660550458717,3009,1409,0.4682618810235959,5721,3947,0.6899143506380003,1494,1179,0.7891566265060241,41.940752422298296,0.35741329193115234,65536.0,502.9816517000145,0
170,5.449673790581603e-05,1.2022298842668533,0.1669532015484262,0.6257266042681483,0.20477503868569802,459.09025974025974,inf,1.811594397450487,0.4473564454043905,0.6520186973114809,0.3561096287642916,522.859375,0.41161012649536133,0.13143916428089142,0.18027776414674007,0.38469700542324925,0.5261206062560464,0.44442931081449194,0.48570796847343445,0.3251953125,0.28570177742754577,6526,10438,5878,0.7283809185028076,11.080339647289353,0.003919007184846506,0.0999346832135859,0.25,2180,66,0.030275229357798167,3009,1389,0.46161515453639085,5721,3892,0.6803006467400804,1494,1179,0.7891566265060241,41.82972623193699,0.3573780059814453,65536.0,504.1814338999975,2
171,5.098621211969216e-05,1.2034258945421739,0.1672497631135312,0.6258964996833306,0.20513981590410332,459.02337662337663,0.9273969072606656,1.8221968201299508,0.45923253086706,0.6519770585000515,0.35549361693362397,522.859375,0.40890032052993774,0.12904267013072968,0.1780540211344487,0.384988034786669,0.5317639471138342,0.4466262653620882,0.489857017993927,0.34130859375,0.28752016041149037,6596,10537,5808,0.7273610830307007,11.190725016329196,0.003919007184846506,0.09666884389288047,0.25,2180,73,0.033486238532110094,3009,1409,0.4682618810235959,5721,3935,0.6878168152420906,1494,1179,0.7891566265060241,42.31562016103124,0.3589344024658203,65536.0,494.25316510000266,0
172,4.7586473766990253e-05,1.2014653303406455,0.16663710165091536,0.6256716403094205,0.2045782944066571,458.9311688311688,0.9265570128699402,1.8211290128529072,0.45246840819406015,0.6524929829562703,0.35808381081248325,522.859375,0.40387243032455444,0.12293092161417007,0.17398488455073674,0.39445902239580155,0.5211222186391486,0.44902921051717554,0.48594143986701965,0.3251953125,0.2895149370717069,6464,9923,5940,0.7263862490653992,10.703461789679947,0.003919007184846506,0.0999346832135859,0.25,2180,63,0.02889908256880734,3009,1343,0.4463276836158192,5721,3888,0.6796014682747772,1494,1170,0.7831325301204819,42.110243001072675,0.35718774795532227,65536.0,498.7408699999796,0
173,4.4298361682277405e-05,1.2025788249520513,0.16748749620535158,0.6257329196124882,0.20467920449937319,458.98441558441556,0.9345588769812089,1.8193060333530109,0.45394552087721723,0.6522446172311902,0.3565579482043783,522.859375,0.4222480058670044,0.1312815099954605,0.18334811286331387,0.3917702782711664,0.5334569493711706,0.4517648665255684,0.4955720603466034,0.338623046875,0.2917934471049963,6617,10273,5787,0.7257594466209412,11.032005225342914,0.003919007184846506,0.09601567602873938,0.25,2180,64,0.029357798165137616,3009,1419,0.4715852442671984,5721,3949,0.6902639398706519,1494,1185,0.7931726907630522,42.01619766293132,0.3589344024658203,65536.0,500.7058771000011,0
174,4.1122687158009486e-05,1.2009771069148918,0.16643166311278745,0.6257818499942879,0.20438179720144767,459.0564935064935,0.9283922822057427,1.8035044204443693,0.4377173315733671,0.6520458500211438,0.3568706210547437,522.859375,0.42184531688690186,0.12876677513122559,0.1818041404185351,0.40750047113512156,0.5229764592067075,0.458072944250256,0.4942997395992279,0.33837890625,0.2970782194541125,6487,9432,5917,0.72636479139328,10.39777922926192,0.003919007184846506,0.10124101894186806,0.25,2180,64,0.029357798165137616,3009,1383,0.4596211365902293,5721,3871,0.6766299597972383,1494,1169,0.7824631860776439,41.971024047690356,0.35713624954223633,65536.0,501.07177439998486,0
175,3.8060233744356686e-05,1.199952320270724,0.1663113536385747,0.6257402074801457,0.20395037997272109,459.06493506493507,0.9279024069572424,1.8313506338745356,0.46501266312164563,0.6521086823195219,0.3571146479031692,522.859375,0.4028235375881195,0.12022367864847183,0.17437928104191086,0.38179490164125246,0.528861657529829,0.4434529845197052,0.4868374168872833,0.33740234375,0.2848953357074611,6560,10622,5844,0.7250251770019531,11.22273024167211,0.003919007184846506,0.09666884389288047,0.25,2180,64,0.029357798165137616,3009,1376,0.45729478231970755,5721,3936,0.6879916098584163,1494,1184,0.7925033467202142,42.123426505631826,0.3573951721191406,65536.0,498.0865211999917,0
176,3.511175705587427e-05,1.2012656016009196,0.1666025954649433,0.6256647065475389,0.20449914981598977,459.0006493506493,0.9294948008733911,1.8222216876844566,0.4535592508036643,0.6523247283572952,0.35816885189463693,522.859375,0.40607282519340515,0.1216220036149025,0.17494910873938352,0.39447373204871844,0.5248306997742663,0.45040993530978657,0.488797664642334,0.329345703125,0.29066392820467024,6510,9993,5894,0.7259076237678528,10.779229261920314,0.003919007184846506,0.09928151534944481,0.25,2180,68,0.031192660550458717,3009,1363,0.45297441010302425,5721,3904,0.6823981821359902,1494,1175,0.786479250334672,42.13990484591034,0.358029842376709,65536.0,503.240852500021,0
177,3.2277984585066264e-05,1.2010774624038052,0.1666609460512152,0.6257082794780855,0.20435411836710068,459.1136363636364,0.929946343852328,1.8077065801868837,0.4420909765176475,0.6520339185371995,0.3567908428764592,522.859375,0.4252278506755829,0.13266733288764954,0.18388193434802816,0.4127463946092323,0.5283779425991616,0.46345861471555344,0.49916186928749084,0.330322265625,0.3016245570435823,6554,9325,5850,0.726595401763916,10.371652514696278,0.0045721750489875895,0.0953625081645983,0.25,2180,71,0.03256880733944954,3009,1399,0.46493851777999334,5721,3903,0.6822233875196644,1494,1181,0.7904953145917001,42.273534874022005,0.357999324798584,65536.0,502.8506473999878,0
178,2.955961552288723e-05,1.202244215777942,0.1667822629939039,0.6258142808041015,0.20482383517475872,458.98376623376623,0.9307158710507604,1.81257826089859,0.44420814723707736,0.6524622294430932,0.3579539376466225,522.859375,0.4136935770511627,0.12594927847385406,0.1787763235406601,0.4051627384960718,0.5238632699129313,0.45692989241262916,0.49267786741256714,0.328857421875,0.2961173897192855,6498,9540,5906,0.7265011668205261,10.475506205094709,0.005878510777269758,0.09928151534944481,0.25,2180,66,0.030275229357798167,3009,1384,0.45995347291458955,5721,3880,0.6782031113441706,1494,1168,0.7817938420348058,42.10048181718966,0.35802602767944336,65536.0,503.94531129999086,0
179,2.6957320586227313e-05,1.1994887241295407,0.16578291972204076,0.6257579951317279,0.2039739050116245,458.82987012987013,0.9299661039338484,1.836314498136441,0.46944663821098703,0.652240440249443,0.3573137106529127,522.859375,0.4089352786540985,0.12455010414123535,0.17646952032228,0.3779206613468052,0.530715898097388,0.44147134761761053,0.489006370306015,0.33203125,0.2832616179001721,6583,10836,5821,0.725237250328064,11.377531025473546,0.003919007184846506,0.09732201175702156,0.25,2180,67,0.030733944954128442,3009,1382,0.45928880026586905,5721,3946,0.6897395560216746,1494,1188,0.7951807228915663,41.87894372061989,0.3571290969848633,65536.0,501.0903645000071,0
180,2.44717418524232e-05,1.1987004150817921,0.16605365081605586,0.6256307591865589,0.20350800249483678,459.13831168831166,0.9298334224270536,1.8422739896923304,0.47645227587781847,0.6519924867898226,0.35691461091240245,522.859375,0.4011482000350952,0.1261187195777893,0.1749168138281675,0.37225908017541887,0.5337794259916157,0.43862206028486256,0.48536452651023865,0.340087890625,0.28091985234842376,6621,11165,5783,0.727220892906189,11.617243631613325,0.003919007184846506,0.09601567602873938,0.25,2180,74,0.03394495412844037,3009,1416,0.47058823529411764,5721,3944,0.6893899667890229,1494,1187,0.7945113788487282,42.12342922725487,0.3578672409057617,65536.0,499.6636492999969,0
181,2.210349260083491e-05,1.1991351900936722,0.16607161377641289,0.6255663564065834,0.2037486106786248,459.0883116883117,0.9332637783768889,1.7882258612662554,0.42466726852580905,0.6517120844994982,0.35592325722488266,522.859375,0.44435420632362366,0.13184483349323273,0.1907364626720664,0.42901032814747025,0.5291035149951628,0.47382860443289293,0.5102704763412476,0.33349609375,0.3104688017408581,6563,8735,5841,0.7251767516136169,9.992161985630307,0.0045721750489875895,0.09928151534944481,0.25,2180,68,0.031192660550458717,3009,1415,0.4702558989697574,5721,3913,0.6839713336829225,1494,1167,0.7811244979919679,42.1587163578347,0.3573775291442871,65536.0,496.21846839998034,0
182,1.9853157161528496e-05,1.198167837014446,0.1657625890349026,0.6255917656731296,0.203406741407204,459.08376623376626,0.932607509253861,1.8117906221499045,0.4457848477177322,0.6520790116240581,0.3569633783772588,522.859375,0.4207521975040436,0.13204002380371094,0.1829538696882082,0.4096955178717771,0.5239438890680426,0.45982948314288746,0.49736398458480835,0.324462890625,0.29855751561925764,6499,9364,5905,0.7273935079574585,10.36120182887002,0.003919007184846506,0.10058785107772697,0.25,2180,67,0.030733944954128442,3009,1372,0.45596543702226655,5721,3884,0.6789022898094739,1494,1176,0.7871485943775101,42.216055782664256,0.35797119140625,65536.0,493.7516980000073,0
183,1.7721290771100992e-05,1.1975409172959142,0.16552849366244946,0.6256133648482236,0.20319952924626988,459.1012987012987,inf,1.812671718498071,0.4489978589117527,0.6519122819105784,0.35588078992441297,522.859375,0.41647979617118835,0.12968887388706207,0.1809546731397859,0.3863462331389527,0.5287810383747178,0.44647901705183624,0.49135622382164,0.3271484375,0.287398124616598,6559,10418,5845,0.7258315086364746,11.088830829523188,0.0045721750489875895,0.0953625081645983,0.25,2180,67,0.030733944954128442,3009,1391,0.46227982718511135,5721,3920,0.6851948959972033,1494,1181,0.7904953145917001,42.12526487666217,0.35756731033325195,65536.0,498.91935070001637,2
184,1.5708419435684497e-05,1.2004276930124729,0.16621146178139107,0.6256896610383863,0.2042632857071502,458.9896103896104,0.9346858391707594,1.8287845669935148,0.46228821117741364,0.652133916815122,0.3571812203153968,522.859375,0.40181663632392883,0.12061531841754913,0.1726318949193228,0.3792742498255408,0.5257981296356015,0.44067567567567567,0.48477399349212646,0.345458984375,0.2826068116821215,6522,10674,5882,0.7249137759208679,11.231874591770085,0.003919007184846506,0.10124101894186806,0.25,2180,57,0.02614678899082569,3009,1362,0.452642073778664,5721,3918,0.6848453067645517,1494,1185,0.7931726907630522,41.927185696972586,0.35802602767944336,65536.0,501.287315900001,0
185,1.3815039801161704e-05,1.1982261888779604,0.16609921087450408,0.6254167917873952,0.20335509326163825,458.87987012987014,0.9347564831569597,1.8216851974527042,0.45334082647847634,0.6525495390718182,0.3578974187839776,522.859375,0.41579917073249817,0.12908987700939178,0.17999295183108188,0.3904337492572787,0.5297484682360529,0.44954505028391606,0.491899311542511,0.329345703125,0.2899439615231876,6571,10259,5833,0.7258718013763428,10.992815153494448,0.003919007184846506,0.09732201175702156,0.25,2180,71,0.03256880733944954,3009,1384,0.45995347291458955,5721,3942,0.6890403775563713,1494,1174,0.785809906291834,42.442827444746676,0.3589344024658203,65536.0,496.46765959999175,0
186,1.2041619030626323e-05,1.19820872309146,0.16535733586007897,0.625567138465968,0.20364212391341663,459.0512987012987,0.9295787849983612,1.8271728791296482,0.46119999086173874,0.6522200663263599,0.35687641023347777,522.859375,0.4051287770271301,0.1242508739233017,0.17558315760834375,0.3872993306083763,0.5270880361173815,0.44650845142564455,0.48843351006507874,0.333984375,0.28742251725502266,6538,10343,5866,0.726471483707428,11.026126714565644,0.0045721750489875895,0.10124101894186806,0.25,2180,70,0.03211009174311927,3009,1396,0.4639415088069126,5721,3900,0.6816990036706869,1494,1172,0.784471218206158,42.03196061642308,0.35672521591186523,65536.0,501.6170778000087,0
187,1.0388594689117057e-05,1.1986077746013541,0.16549095748742293,0.6255374846133319,0.20378966675950336,459.0298701298701,0.9269534026066978,1.833493589113156,0.4651715976651758,0.6523520573973656,0.357984965822349,522.859375,0.4069698452949524,0.12779198586940765,0.1767184404641739,0.3803680981595092,0.5298290873911642,0.44282730274240284,0.4878026247024536,0.345703125,0.2843790566854176,6572,10706,5832,0.726051926612854,11.285434356629654,0.003919007184846506,0.10058785107772697,0.25,2180,72,0.03302752293577982,3009,1398,0.4646061814556331,5721,3931,0.6871176367767873,1494,1171,0.7838018741633199,42.216798353023144,0.35800981521606445,65536.0,499.95128609999665,0
188,8.856374635655629e-06,1.1974986077903154,0.16581527186775363,0.6254420463914995,0.20312064489857717,458.887012987013,0.9344258024514496,1.8130505438894033,0.4469458457703392,0.6520297570774952,0.3570374718401581,522.859375,0.4086688458919525,0.1253734678030014,0.1764458882593317,0.40723300056507816,0.5228958400515963,0.4578730013059899,0.4903191030025482,0.3310546875,0.296910048065919,6486,9441,5918,0.7271009683609009,10.40300457217505,0.0045721750489875895,0.10058785107772697,0.25,2180,68,0.031192660550458717,3009,1368,0.4546360917248255,5721,3876,0.6775039328788673,1494,1174,0.785809906291834,42.29531917757584,0.35756444931030273,65536.0,498.4305278999964,0
189,7.445336922613057e-06,1.1961763669531067,0.16516211516671367,0.6253346221787589,0.2028398147118943,459.1012987012987,0.9307221991868763,1.8376730121672153,0.46965857059694827,0.652459534506003,0.35777745326049626,522.859375,0.39525678753852844,0.1214396059513092,0.17071730498864782,0.37579985011817607,0.5255562721702677,0.4382373701724312,0.4805395007133484,0.332763671875,0.2806043388429752,6519,10828,5885,0.7266673445701599,11.330502939255389,0.003919007184846506,0.10058785107772697,0.25,2180,67,0.030733944954128442,3009,1376,0.45729478231970755,5721,3903,0.6822233875196644,1494,1173,0.785140562248996,42.056354052938936,0.3589344024658203,65536.0,504.48720610002056,0
190,6.155829702431163e-06,1.1972551278092645,0.16530464392687594,0.6255485072151407,0.20320098859729704,458.987012987013,0.9263279273138418,1.8496460784226656,0.481855128503715,0.652342799740533,0.3577240752832343,522.859375,0.39518508315086365,0.11671417206525803,0.16924755247455323,0.36982464003585636,0.5321670428893905,0.4363864740686874,0.48288220167160034,0.344482421875,0.2790884491797734,6601,11248,5803,0.7246185541152954,11.658393207054212,0.003919007184846506,0.10058785107772697,0.25,2180,73,0.033486238532110094,3009,1396,0.4639415088069126,5721,3955,0.6913127075686069,1494,1177,0.7878179384203481,42.32233747427862,0.35782957077026367,65536.0,500.87482259998797,0
191,4.988171141721226e-06,1.1970695681773222,0.16513428128771968,0.625463899892646,0.20323569437416342,459.0935064935065,0.9233053212041978,1.8305585111180942,0.4636864493756245,0.6523676213497916,0.35725222194256884,522.859375,0.39819076657295227,0.1229606494307518,0.17220042059052504,0.38417113560021215,0.5255562721702677,0.4438770299254418,0.48268330097198486,0.32666015625,0.2852454712522972,6519,10450,5885,0.7263569831848145,11.08360548661006,0.005878510777269758,0.09862834748530372,0.25,2180,69,0.03165137614678899,3009,1398,0.4646061814556331,5721,3882,0.6785527005768223,1494,1170,0.7831325301204819,41.768955792549306,0.3589344024658203,65536.0,503.9674783000082,0
192,3.942649342761113e-06,1.197553987201158,0.16557221639078934,0.6256417334079742,0.2031700189237471,459.0655844155844,0.9320807790794929,1.8087935013075669,0.4431567485444248,0.6522185945262512,0.3567090808258702,522.859375,0.41604870557785034,0.13094504177570343,0.18060596509021706,0.40573847015622083,0.5255562721702677,0.45793965789750973,0.4944338798522949,0.330810546875,0.2969661078717201,6519,9548,5885,0.7275676131248474,10.494448073154802,0.0045721750489875895,0.09666884389288047,0.25,2180,68,0.031192660550458717,3009,1391,0.46227982718511135,5721,3884,0.6789022898094739,1494,1176,0.7871485943775101,42.001483129566964,0.3576078414916992,65536.0,501.012611299986,0
193,3.0195222724101985e-06,1.196076875421908,0.1652160497092001,0.6254705174789801,0.20269515462606758,459.06298701298704,0.9252072414794525,1.8501442211369674,0.481683283423384,0.6525088464841247,0.3579760443729659,522.859375,0.4030459225177765,0.12218450754880905,0.17378753079101444,0.370717553844437,0.5356336665591744,0.4381718657257798,0.4872080683708191,0.34375,0.28055062916983364,6644,11278,5760,0.7242498397827148,11.706074461136511,0.003919007184846506,0.09601567602873938,0.25,2180,73,0.033486238532110094,3009,1412,0.46925888999667664,5721,3972,0.6942842160461458,1494,1187,0.7945113788487282,41.91275988082345,0.3569507598876953,65536.0,499.9297341000056,0
194,2.219017698459999e-06,1.1978664295626926,0.16582016305780256,0.6253791664327893,0.2033335505900058,459.074025974026,0.9353420846648031,1.825061305736502,0.4571026899696638,0.652346681493024,0.357805964925016,522.859375,0.4102991819381714,0.127215176820755,0.1773210631625261,0.3853724658180104,0.5271686552724928,0.44525398338553723,0.48783525824546814,0.332763671875,0.28638374282836243,6539,10429,5865,0.7258607149124146,11.082952318745917,0.003919007184846506,0.10124101894186806,0.25,2180,69,0.03165137614678899,3009,1393,0.46294449983383185,5721,3902,0.6820485929033385,1494,1175,0.786479250334672,41.917736142774984,0.35806941986083984,65536.0,502.7168755000166,0
195,1.5413331334360161e-06,1.1973235672170466,0.16532596548317702,0.6254390082189015,0.20327929630875588,459.12142857142857,0.9281763218440019,1.8274499444911878,0.46064583600188297,0.6522637726739049,0.35727016907185316,522.859375,0.4075459837913513,0.12554149329662323,0.17770305045560236,0.3999016836671992,0.5246694614640438,0.45386707580723895,0.4874119460582733,0.3251953125,0.29354984212900315,6508,9766,5896,0.7274755835533142,10.629653821032004,0.003919007184846506,0.09732201175702156,0.25,2180,69,0.03165137614678899,3009,1388,0.4612828182120306,5721,3873,0.6769795490298899,1494,1178,0.7884872824631861,41.96577391430482,0.35738515853881836,65536.0,499.90843720000703,0
196,9.866357858642194e-07,1.1967130891688458,0.16521653911800355,0.6255001364590286,0.20299820647417724,459.09805194805193,inf,1.8224444122364123,0.4574083622234563,0.6522007746001085,0.3564176373959829,522.859375,0.39746004343032837,0.12025003135204315,0.17154272670450155,0.3875655073844688,0.5246694614640438,0.44581449513632004,0.4836080074310303,0.3310546875,0.2868476727785614,6508,10284,5896,0.7272859215736389,10.967994774657086,0.005878510777269758,0.10516002612671456,0.25,2180,61,0.02798165137614679,3009,1368,0.4546360917248255,5721,3909,0.6832721552176193,1494,1170,0.7831325301204819,42.38684038078306,0.3578171730041504,65536.0,496.61723909998545,2
197,5.550625190150475e-07,1.1955383874766239,0.16499721922415805,0.6253382309690698,0.20260146841793866,458.837012987013,0.9290963858366013,1.8282498562087615,0.4597102263942361,0.6524822684004903,0.3580286814831197,522.859375,0.42157140374183655,0.13160859048366547,0.18306710455944994,0.3900608639130178,0.5321670428893905,0.45016537661540557,0.4959021806716919,0.339111328125,0.2904602657748834,6601,10322,5803,0.7262343168258667,11.05355976485957,0.003919007184846506,0.09666884389288047,0.25,2180,74,0.03394495412844037,3009,1418,0.47125290794283814,5721,3939,0.6885159937073938,1494,1170,0.7831325301204819,42.26695529264178,0.3577842712402344,65536.0,499.5909782999952,0
198,2.4671981713419966e-07,1.1977222227430964,0.16526323727682812,0.6255103100816924,0.20347433743345272,459.0116883116883,0.9278526381625758,1.8250320212294657,0.45625844101111096,0.6525696100046238,0.3581019858053575,522.859375,0.4101247489452362,0.12427821010351181,0.1771830483485246,0.3955791762290132,0.5280554659787166,0.45231682894827707,0.49165254831314087,0.330810546875,0.29225414956273427,6550,10008,5854,0.7261470556259155,10.815153494448072,0.0045721750489875895,0.09862834748530372,0.25,2180,63,0.02889908256880734,3009,1389,0.46161515453639085,5721,3913,0.6839713336829225,1494,1185,0.7931726907630522,42.303197542117545,0.35782957077026367,65536.0,495.81506070002797,0
199,6.168375916970607e-08,1.1976807540500318,0.1654181823835938,0.62560896710916,0.20332680193150973,459.09935064935064,0.9272938841929683,1.8390532471239567,0.4734992941375822,0.6521573811769485,0.3566982813645154,522.859375,0.4061630666255951,0.12471563369035721,0.17531923932838253,0.370501999111506,0.5378910029022896,0.43877416809154285,0.48729443550109863,0.349853515625,0.281044650379107,6672,11336,5732,0.7247176766395569,11.762246897452645,0.0032658393207054214,0.09732201175702156,0.25,2180,73,0.033486238532110094,3009,1412,0.46925888999667664,5721,3990,0.6974305191400105,1494,1197,0.8012048192771084,42.35553795346862,0.3580136299133301,65536.0,496.23610700000427,0
200,0.0,1.1977609379725023,0.16525371001138314,0.6256150831262787,0.20344607189007394,458.99675324675326,0.9280236889402588,1.8372037938485544,0.47150207970601815,0.6521690087392926,0.356766353516529,522.859375,0.4018467366695404,0.12175457179546356,0.17452317880815826,0.3766122588745577,0.532005804579168,0.44102118559112474,0.4865221679210663,0.33447265625,0.28289107043340334,6599,10923,5805,0.7253804802894592,11.444807315480078,0.0032658393207054214,0.0999346832135859,0.25,2180,72,0.03302752293577982,3009,1401,0.46560319042871384,5721,3947,0.6899143506380003,1494,1179,0.7891566265060241,42.22320567666927,0.35796499252319336,65536.0,501.6997660000052,0
