epoch,learning_rate,train_total,train_classification,train_quality,train_box,train_positive_count,train_gradient_norm,valid_total,valid_classification,valid_quality,valid_box,valid_positive_count,metric_ap50,metric_ap75,metric_map50_95,metric_precision,metric_recall,metric_f1,metric_best_f1,metric_best_f1_threshold,metric_detection_accuracy,metric_tp,metric_fp,metric_fn,metric_mean_tp_iou,metric_average_detections_per_image,metric_no_detection_image_rate,metric_zero_recall_image_rate,metric_score_threshold,metric_tiny_lt16_gt,metric_tiny_lt16_matched,metric_tiny_lt16_recall,metric_small_16_32_gt,metric_small_16_32_matched,metric_small_16_32_recall,metric_medium_32_96_gt,metric_medium_32_96_matched,metric_medium_32_96_recall,metric_large_ge96_gt,metric_large_ge96_matched,metric_large_ge96_recall,train_images_per_second,peak_vram_gib,amp_scale,seconds,warning_count
1,0.0002499845790602076,1.5752103246651687,0.28221026597084936,0.6469833297001851,0.3230083644003063,458.97597402597404,0.8987171491438692,1.6353115557382505,0.3181493164350589,0.6439803612108032,0.3365909409088393,522.859375,0.45312654972076416,0.11313749849796295,0.1849757129792124,0.8545981772990886,0.1663173169945179,0.27844513429612633,0.51642906665802,0.153076171875,0.1617404939239514,2063,351,10341,0.77238929271698,1.5767472240365774,0.25146962769431747,0.31352057478772044,0.25,2180,8,0.003669724770642202,3009,81,0.026919242273180457,5721,999,0.17461982170949134,1494,975,0.6526104417670683,39.569671174726025,0.3569507598876953,1024.0,540.4827704000054,0
2,0.00024993832004571644,1.536001270003133,0.2690389172210322,0.6450000505942803,0.3109811503585283,459.12142857142857,0.8711984930100379,1.6200438539187114,0.3121323821445306,0.6437556094800433,0.3320779296724747,522.859375,0.45662954449653625,0.11981052905321121,0.18974090004339814,0.8263431542461005,0.19219606578523057,0.3118581987049513,0.5208333730697632,0.15869140625,0.1847345989926385,2384,501,10020,0.7652209401130676,1.884389288047028,0.21685173089483997,0.2795558458523841,0.25,2180,18,0.008256880733944955,3009,122,0.040545031571950815,5721,1244,0.21744450270931656,1494,1000,0.6693440428380187,39.82191093321597,0.3589344024658203,1024.0,538.5346278999932,0
3,0.0002498612343702463,1.519477519741306,0.2651029488676554,0.6440605866057533,0.30515699228876597,459.1077922077922,0.8738028764724731,1.622187150021394,0.30906740358720225,0.6436248750736316,0.3347474366116027,522.859375,0.45806586742401123,0.12089790403842926,0.18916892904089763,0.8264090177133655,0.20686875201547889,0.33090463601779607,0.5198715329170227,0.158203125,0.19825388240747896,2566,539,9838,0.7634739875793457,2.028086218158067,0.17308948399738733,0.24232527759634226,0.25,2180,11,0.005045871559633028,3009,144,0.047856430707876374,5721,1378,0.24086698129697606,1494,1033,0.6914323962516734,39.83591344783231,0.3579573631286621,1024.0,533.1607278999873,0
4,0.00024975334105353396,1.5072370536915667,0.2608700135505045,0.6435344372863894,0.30141630090482824,459.0396103896104,0.8773650531451423,1.618434900417924,0.3114852133827905,0.6435347587491075,0.33170746398779255,522.859375,0.4508856236934662,0.12879879772663116,0.1919357093051076,0.8187418936446174,0.20356336665591745,0.32605888429752067,0.5086775422096252,0.155517578125,0.1947851577566921,2525,559,9879,0.7678385972976685,2.014369693011104,0.17766165904637493,0.248203788373612,0.25,2180,14,0.006422018348623854,3009,118,0.0392156862745098,5721,1350,0.23597273203985317,1494,1043,0.6981258366800536,39.84073672929467,0.35757875442504883,1024.0,533.0838165000314,0
5,0.000249614666716641,1.494106242641226,0.25768279261983834,0.6428613334507137,0.2967810586191617,459.01233766233764,0.8917675160355382,1.6150529409448307,0.31100136678044993,0.6430577822029591,0.33049689900750917,522.859375,0.4658172130584717,0.12779662013053894,0.19631597951520235,0.8338637810311903,0.21122218639148663,0.3370641965778979,0.5222034454345703,0.1595458984375,0.20269224818195886,2620,522,9784,0.7662111520767212,2.052253429131287,0.17308948399738733,0.24559111691704769,0.25,2180,15,0.006880733944954129,3009,145,0.048188767032236623,5721,1417,0.24768397133368292,1494,1043,0.6981258366800536,40.275113896846236,0.3589344024658203,1024.0,533.7684238000074,0
6,0.000249445245575385,1.484313096551152,0.2551051195759278,0.6421972312323458,0.29350537242633956,459.087012987013,0.8935522830525002,1.6139685021092494,0.30977258753652376,0.6430467494452993,0.3305745817100008,522.859375,0.4601520001888275,0.1288798451423645,0.1955225495621562,0.8315377081292851,0.20533698806836503,0.3293463502941747,0.5128024816513062,0.157470703125,0.1971362229102167,2547,516,9857,0.767422080039978,2.000653167864141,0.17635532331809275,0.25146962769431747,0.25,2180,10,0.0045871559633027525,3009,117,0.038883349950149554,5721,1381,0.2413913651459535,1494,1039,0.6954484605087015,40.21531581654098,0.35764408111572266,1024.0,530.7275514999637,0
7,0.00024924511943189747,1.4780401311137459,0.25342817160409764,0.6418670004064386,0.29137247928551263,459.038961038961,0.9057799419799408,1.6168203658113878,0.3155765530342857,0.6430754233151674,0.3290841930235426,522.859375,0.4631544053554535,0.1307801604270935,0.19690899327397346,0.8326639892904953,0.20058045791680104,0.3232848232848233,0.5158645510673523,0.154296875,0.19280843149411037,2488,500,9916,0.7699995040893555,1.9516655780535597,0.19137818419333769,0.25865447419986937,0.25,2180,13,0.005963302752293578,3009,110,0.036556995679627786,5721,1340,0.234224785876595,1494,1025,0.6860776439089692,40.27954505062149,0.3577895164489746,1024.0,528.1846011999878,0
8,0.00024901433766430975,1.4704335746052977,0.25151614873827277,0.6413199393393157,0.2887987426155573,459.05064935064934,0.9162085274597267,1.6230634227395058,0.3153449248056859,0.6430283083269993,0.3323450960063686,522.859375,0.4600891172885895,0.12251915037631989,0.19255353682674467,0.8281637717121588,0.21525314414704935,0.3416943946762222,0.5113583207130432,0.1510009765625,0.2060503164068529,2670,554,9734,0.762086808681488,2.1058131939908558,0.16263879817112997,0.23318092749836708,0.25,2180,9,0.004128440366972477,3009,114,0.03788634097706879,5721,1474,0.2576472644642545,1494,1073,0.7182061579651942,40.099127033645054,0.3589344024658203,1024.0,528.5376115000108,0
9,0.0002487529572145697,1.4651861002692927,0.2495317907979736,0.641139970932688,0.2872571697095772,459.0831168831169,0.9123434048968476,1.624307829265793,0.3149647487637897,0.6428879663969079,0.3332275557331741,522.859375,0.4651557505130768,0.1294318288564682,0.1963502713595517,0.8407943453382699,0.20138664946791357,0.3249430894308943,0.5177444219589233,0.1539306640625,0.19398928321814088,2498,473,9906,0.767837643623352,1.9405617243631614,0.18811234487263226,0.26192031352057477,0.25,2180,9,0.004128440366972477,3009,115,0.03821867730142905,5721,1335,0.23335081279496592,1494,1039,0.6954484605087015,40.408603693909996,0.3580765724182129,1024.0,533.6243595000124,0
10,0.0002484610425743922,1.4594021009160327,0.2478876304413591,0.6407555367652472,0.28537946706274886,458.9902597402597,0.925737969770834,1.6283144845316808,0.3223609912674874,0.6428414561475316,0.3315560194508483,522.859375,0.46430444717407227,0.1317393183708191,0.19613971059734467,0.8626045400238949,0.1746210899709771,0.2904458598726115,0.5153966546058655,0.1439208984375,0.16989567809239942,2166,345,10238,0.7735793590545654,1.6401045068582625,0.2364467668190725,0.3030698889614631,0.25,2180,5,0.0022935779816513763,3009,62,0.02060485211033566,5721,1127,0.19699353259919594,1494,972,0.6506024096385542,40.212956197933245,0.3589344024658203,1024.0,530.799174200045,0
11,0.00024813866576934673,1.452545191483064,0.24707374905611013,0.6402712059872491,0.28260011827790893,459.0694805194805,0.9365351466002403,1.6310695447027683,0.3205232070758939,0.6433521782358488,0.3335970794626822,522.859375,0.4649116098880768,0.12957808375358582,0.19693583361804484,0.8364001338240215,0.2015478877781361,0.3248229714805431,0.5158504843711853,0.14892578125,0.193903668657411,2500,489,9904,0.7700085639953613,1.952318745917701,0.17570215545395165,0.24493794905290658,0.25,2180,8,0.003669724770642202,3009,113,0.03755400465270854,5721,1344,0.23492396434189827,1494,1035,0.6927710843373494,39.77039413417299,0.35804033279418945,1024.0,530.4779143999913,0
12,0.0002477859063410861,1.4490745092367197,0.24599287387032012,0.6400026295479242,0.2815395021980459,459.0103896103896,0.9382260124985273,1.6137854016075532,0.31618369595768553,0.6429503355175257,0.32732568502736586,522.859375,0.469784677028656,0.13378214836120605,0.20146308140829206,0.8367808661926309,0.20872299258303773,0.3341076267905536,0.5194277763366699,0.1524658203125,0.200557750406693,2589,505,9815,0.7691361308097839,2.020901371652515,0.17896799477465708,0.24755062050947094,0.25,2180,11,0.005045871559633028,3009,146,0.04852110335659687,5721,1390,0.24296451669288585,1494,1042,0.6974564926372155,39.95194101189679,0.3578147888183594,1024.0,530.5844043000252,0
13,0.0002474028513277207,1.441847173888962,0.24401478190216924,0.6394515715636216,0.27919040951248886,459.0974025974026,0.9496668117580476,1.623122666652004,0.32341965901044506,0.642969662634035,0.32836667269778747,522.859375,0.46374329924583435,0.12895600497722626,0.19804693320766092,0.8588007736943907,0.17897452434698485,0.2962172259657082,0.5114838480949402,0.141845703125,0.1738585637089827,2220,365,10184,0.7739275693893433,1.6884389288047028,0.23056825604180275,0.29719137818419333,0.25,2180,3,0.0013761467889908258,3009,71,0.023595879029577934,5721,1211,0.21167628037056457,1494,935,0.6258366800535475,40.32163035044272,0.3589344024658203,2048.0,528.6148707999964,0
14,0.0002469895952423434,1.43920912502648,0.24251859901206835,0.6396149955786667,0.2785377648743716,459.02532467532467,0.9471968932004718,1.6254820215205352,0.3190636986400932,0.6433953999852141,0.3315114606327067,522.859375,0.4652634859085083,0.1346045583486557,0.19845925136469306,0.8551437216338881,0.18227990970654628,0.3005050505050505,0.5126109719276428,0.1466064453125,0.17682020802377416,2261,383,10143,0.774074137210846,1.7269758327890268,0.23056825604180275,0.29261920313520573,0.25,2180,4,0.001834862385321101,3009,75,0.024925224327018942,5721,1220,0.21324943191749693,1494,962,0.643908969210174,40.3088250984643,0.3577723503112793,2048.0,530.1762354000239,0
15,0.00024654624004970954,1.4361669904999919,0.2419242040290461,0.6392430207946084,0.2774998822866322,459.09025974025974,0.9568360727909323,1.6301636497179668,0.32038008243155974,0.642762185074389,0.333510694714884,522.859375,0.4537726044654846,0.12725137174129486,0.19192476002499462,0.8204962939091202,0.2052563689132538,0.32836783388147295,0.5030917525291443,0.1510009765625,0.19643546022683436,2546,557,9858,0.7670027017593384,2.0267798824297842,0.17962116263879818,0.24624428478118876,0.25,2180,7,0.003211009174311927,3009,85,0.02824858757062147,5721,1410,0.2464604090194022,1494,1044,0.6987951807228916,40.14716106426174,0.3589344024658203,2048.0,525.4076459999778,0
16,0.00024607289514107884,1.4301985101266341,0.2399087130394462,0.6389034216667151,0.2756931877078174,459.087012987013,0.95730864674627,1.626039815445741,0.3250551635865122,0.6425132813553015,0.32923568474749726,522.859375,0.46567729115486145,0.12818071246147156,0.19690565848723054,0.8578544061302682,0.18050628829409868,0.2982549620354336,0.5145086050033569,0.148193359375,0.1752641878669276,2239,371,10165,0.7722324728965759,1.7047681254082299,0.22991508817766165,0.2906596995427825,0.25,2180,9,0.004128440366972477,3009,82,0.02725157859754071,5721,1172,0.20485929033385772,1494,976,0.6532797858099063,39.951606316431295,0.35758447647094727,2048.0,528.0003008000203,0
17,0.00024556967730722474,1.4284872655744676,0.2400038332230859,0.6387335131307701,0.2748749605150192,459.04415584415585,0.9790187035288129,1.6248472798615694,0.3177698825796445,0.642761234814922,0.33215808185438317,522.859375,0.4610188603401184,0.12415026873350143,0.19442324629053473,0.8422796554009278,0.20493389229280878,0.3296589288030087,0.50936359167099,0.154052734375,0.19736024844720496,2542,476,9862,0.7649944424629211,1.9712606139777924,0.19660352710646636,0.25473546701502287,0.25,2180,4,0.001834862385321101,3009,95,0.031571950814223995,5721,1440,0.2517042475091767,1494,1003,0.6713520749665328,39.85043963772274,0.3596968650817871,2048.0,527.926873199991,0
18,0.00024503671070961786,1.4229786106518336,0.23766649081916005,0.6386150349270213,0.27334854209964926,459.0785714285714,0.9683094952981194,1.6279362719506025,0.32254441594704986,0.6425396408885717,0.3314261049187432,522.859375,0.46225041151046753,0.12606148421764374,0.19534864560700954,0.8542750929368029,0.1852628184456627,0.304491851066649,0.513095498085022,0.1514892578125,0.1795873710534542,2298,392,10106,0.7696155905723572,1.7570215545395167,0.22991508817766165,0.28870019595035923,0.25,2180,5,0.0022935779816513763,3009,79,0.026254569624459954,5721,1246,0.2177940919419682,1494,968,0.6479250334672021,40.01629421152309,0.3589344024658203,2048.0,531.7187570999959,0
19,0.0002444741268497912,1.4199938319720231,0.23782571866721303,0.6382324432010774,0.27196783506638045,459.1051948051948,0.9896529678981025,1.6359714803596337,0.32572466352333623,0.6431227416420976,0.3335620370538284,522.859375,0.46369025111198425,0.12627896666526794,0.19456009573768823,0.8485540334855404,0.17978071589809738,0.2967003725385844,0.5167281627655029,0.146728515625,0.17419153257303546,2230,398,10174,0.7709861397743225,1.7165251469627694,0.22338340953625083,0.29327237099934683,0.25,2180,5,0.0022935779816513763,3009,64,0.021269524759056163,5721,1190,0.20800559342772243,1494,971,0.6499330655957162,40.356628294927816,0.3571739196777344,2048.0,524.2467544000247,0
20,0.00024388206453689415,1.416892088543285,0.23660489094818568,0.6381503973688398,0.2710683994188711,459.1357142857143,0.9786603472643084,1.6264521318177383,0.32001878196994465,0.6428788450236121,0.3317772513255477,522.859375,0.4645450711250305,0.13191966712474823,0.198052455089055,0.8324289818065752,0.21025475653015158,0.3357147454463539,0.5168153643608093,0.1524658203125,0.20171707015237064,2608,525,9796,0.7654241323471069,2.046374918354017,0.17896799477465708,0.24559111691704769,0.25,2180,5,0.0022935779816513763,3009,78,0.0259222333000997,5721,1503,0.2627163083377032,1494,1022,0.6840696117804551,40.25486388629605,0.3573760986328125,2048.0,525.4829631999601,0
21,0.00024326066985344308,1.4115915906893743,0.2352786335223294,0.6377893932841041,0.26926178149395175,459.0694805194805,0.9974324125941698,1.6236849632114172,0.3215742122847587,0.6427159799883763,0.32969738643926877,522.859375,0.4706437587738037,0.12875981628894806,0.19919119984842837,0.8483033932135728,0.20557884553369882,0.3309539260220636,0.5201404094696045,0.155517578125,0.19828926905132194,2550,456,9854,0.7660250663757324,1.9634225996080992,0.19856303069888961,0.25538863487916397,0.25,2180,8,0.003669724770642202,3009,99,0.03290129611166501,5721,1435,0.25083027442754763,1494,1008,0.6746987951807228,39.953825543446236,0.3569316864013672,2048.0,529.1938008999568,0
22,0.0002426100961192781,1.407927223149832,0.23352957632537785,0.6378756259168897,0.2682610098320942,459.0103896103896,0.9923079996333494,1.6302909993877013,0.32140118900376063,0.6428175456821918,0.33303613355383277,522.859375,0.46686357259750366,0.1284296214580536,0.1970489425584674,0.8458938830686042,0.20178974524346985,0.32584781618173536,0.5145902037620544,0.1483154296875,0.19463452566096423,2503,456,9901,0.7668421268463135,1.9327237099934684,0.20182887001959504,0.263879817112998,0.25,2180,9,0.004128440366972477,3009,90,0.02991026919242273,5721,1419,0.24803356056633455,1494,985,0.6593038821954484,39.6264056818233,0.3569369316101074,2048.0,530.6872344000149,0
23,0.00024193050385373335,1.4081832528888405,0.23453852685240956,0.6377043041315946,0.2679702109040378,459.0694805194805,1.00370792344019,1.6274415291845798,0.3236858716700226,0.6428114358956615,0.3304721110034734,522.859375,0.4626157879829407,0.12931884825229645,0.1964651993010193,0.8393868710429857,0.20307965172524992,0.327036676403765,0.5119507312774658,0.1455078125,0.1954834704330281,2519,482,9885,0.7680714726448059,1.960156760287394,0.19725669497060744,0.25930764206401047,0.25,2180,4,0.001834862385321101,3009,73,0.024260551678298437,5721,1423,0.2487327390316378,1494,1019,0.6820615796519411,40.007137205746005,0.3569507598876953,2048.0,526.9944080999703,0
24,0.00024122206073603133,1.4015646319884758,0.23214007868588746,0.6373373084254079,0.2660436218822157,459.0642857142857,1.0014888540877924,1.6218362140158813,0.3162350691854954,0.6430454229315122,0.331277862812082,522.859375,0.47182053327560425,0.12783882021903992,0.20027715573087335,0.8222156045265039,0.22258948726217348,0.35033625174470245,0.5252246856689453,0.156982421875,0.2123682793631259,2761,597,9643,0.7649075984954834,2.193337687785761,0.16917047681254083,0.2364467668190725,0.25,2180,7,0.003211009174311927,3009,113,0.03755400465270854,5721,1594,0.27862261842335256,1494,1047,0.7008032128514057,40.42717358201014,0.35759401321411133,2048.0,528.6322942000115,0
25,0.00024048494156391075,1.3999099659455287,0.23189718133540121,0.6372013269306778,0.2654057285905658,459.0551948051948,1.0102508642263226,1.6389352176338434,0.3255417944552998,0.6428170554960767,0.3352881818233679,522.859375,0.45685285329818726,0.12263581156730652,0.1913302581757307,0.8354827466016034,0.1932441148016769,0.31388725201335693,0.5118041634559631,0.14599609375,0.18616029822926375,2397,472,10007,0.765792727470398,1.8739386022207707,0.2077073807968648,0.27433050293925537,0.25,2180,4,0.001834862385321101,3009,66,0.02193419740777667,5721,1329,0.23230204509701102,1494,998,0.6680053547523427,40.334492288218115,0.35802173614501953,2048.0,525.9709083000198,0
26,0.00023971932821049752,1.3967689422817973,0.2307539052632335,0.636973462863402,0.26452078679939367,458.9538961038961,1.0195607076991688,1.629692451407512,0.32471843366511166,0.6425983045871059,0.33118786096262437,522.859375,0.4623293876647949,0.12993687391281128,0.19650549502111972,0.8272577996715927,0.20307965172524992,0.32610524953071396,0.5152406692504883,0.1531982421875,0.19481825212683682,2519,526,9885,0.7669967412948608,1.9888961463096015,0.19203135205747876,0.25865447419986937,0.25,2180,4,0.001834862385321101,3009,99,0.03290129611166501,5721,1386,0.2422653382275826,1494,1030,0.6894243641231593,39.89946963048781,0.35796403884887695,4096.0,521.6405609999783,0
27,0.00023892540957943053,1.3944845581209504,0.23036374885637265,0.6367190633114282,0.2637008728145005,458.97597402597404,1.0199492180115217,1.6245885745932658,0.32194397031950456,0.6426273475711545,0.3300086280020575,522.859375,0.456061989068985,0.12619119882583618,0.19353531803935767,0.818209593644974,0.21589809738793939,0.34164699878803345,0.5039253830909729,0.153076171875,0.20601584737287484,2678,595,9726,0.7637029886245728,2.137818419333769,0.18419333768778576,0.24689745264532986,0.25,2180,5,0.0022935779816513763,3009,83,0.027583914921900963,5721,1541,0.26935850375808423,1494,1049,0.7021419009370816,40.0468896882723,0.3567337989807129,4096.0,525.9308061000193,0
28,0.0002381033815582523,1.3927667522585236,0.22989375560798428,0.6366838829470919,0.2630945576088769,459.0402597402597,1.0294309828962598,1.6346450503915548,0.3255522365216166,0.6426741123820344,0.33320934923055273,522.859375,0.4579586982727051,0.1281358301639557,0.19381474312394859,0.8242212333121424,0.20904546920348274,0.33350482315112545,0.5079206824302673,0.155029296875,0.20012348537470093,2593,553,9811,0.7667470574378967,2.054866100587851,0.18419333768778576,0.24755062050947094,0.25,2180,7,0.003211009174311927,3009,92,0.030574941841143236,5721,1461,0.25537493445201886,1494,1033,0.6914323962516734,40.43755902796669,0.3589344024658203,4096.0,527.3222545000026,0
29,0.00023725344697007682,1.3890723451391442,0.22885938804935324,0.6365416093693151,0.26183567412874914,459.0954545454546,1.0257905446863793,1.6369452439248562,0.32604387813868624,0.6431970975051323,0.33385213596435886,522.859375,0.4535743296146393,0.12373802810907364,0.19103370229713618,0.8136917786808378,0.2098516607545953,0.33365378452861627,0.5079154372215271,0.1513671875,0.20023076923076924,2603,596,9801,0.7634593844413757,2.0894839973873287,0.17243631613324625,0.240365774003919,0.25,2180,5,0.0022935779816513763,3009,73,0.024260551678298437,5721,1457,0.2546757559867156,1494,1068,0.714859437751004,40.27798186852406,0.357147216796875,4096.0,529.4896635999903,0
30,0.00023637581552354584,1.3875521007296328,0.22810864512409482,0.636479791727933,0.26148183160013966,459.07142857142856,1.0409532836505344,1.6297256220132113,0.32711026274288696,0.6426754572118322,0.3299699514949073,522.859375,0.4638984501361847,0.1295143961906433,0.1954109137877822,0.833168480052753,0.20372460496613995,0.32739521927835724,0.5099841356277466,0.150146484375,0.1957397366382649,2527,506,9877,0.764752984046936,1.9810581319399085,0.19790986283474854,0.2599608099281515,0.25,2180,5,0.0022935779816513763,3009,76,0.025257560651379195,5721,1415,0.24733438210103129,1494,1031,0.6900937081659974,40.14950175609066,0.35715246200561523,4096.0,527.3182447999716,0
31,0.00023547070376108656,1.3849096127918787,0.22822282369454186,0.6362065442970821,0.2602401226855718,458.84155844155845,1.0475335019555958,1.6252799953023593,0.3249384122124563,0.6426626686006784,0.3288394568953663,522.859375,0.4641425311565399,0.13277852535247803,0.1976279266644269,0.8357071878105333,0.20340212834569493,0.3271737016144719,0.5125989317893982,0.1551513671875,0.1955813953488372,2523,496,9881,0.7664610147476196,1.9719137818419334,0.18745917700849118,0.2521227955584585,0.25,2180,7,0.003211009174311927,3009,73,0.024260551678298437,5721,1412,0.24680999825205382,1494,1031,0.6900937081659974,40.04928920171077,0.3596968650817871,4096.0,531.4098935999791,0
32,0.00023453833500548278,1.3829128999988753,0.2274247395963251,0.6360568198290738,0.2597156703278616,459.07207792207794,1.048220245656255,1.6364165811489026,0.3304504395152132,0.642500632442534,0.3317327582432578,522.859375,0.4635494649410248,0.12937870621681213,0.19463952351361513,0.8363197794624397,0.1956626894550145,0.3171305370442964,0.5144478678703308,0.1419677734375,0.18844630794316328,2427,475,9977,0.7670198082923889,1.8954931417374266,0.19137818419333769,0.2566949706074461,0.25,2180,5,0.0022935779816513763,3009,48,0.015952143569292122,5721,1332,0.23282642894598846,1494,1042,0.6974564926372155,40.171918283530594,0.3589344024658203,4096.0,529.1707968999981,0
33,0.00023357893930477376,1.3790466769175096,0.22602840297214397,0.6359184590252963,0.25854990771645076,459.1149350649351,1.045425040071661,1.6223651226609945,0.3197100181132555,0.6425061405946811,0.3300744772423059,522.859375,0.4649624526500702,0.12974391877651215,0.19653105773031712,0.8068085106382978,0.2292808771364076,0.3570845627471906,0.5148704648017883,0.1556396484375,0.21734810852120748,2844,681,9560,0.7601054906845093,2.302416721097322,0.15284128020901372,0.21815806662312215,0.25,2180,7,0.003211009174311927,3009,107,0.035559986706547024,5721,1655,0.2892850900192274,1494,1075,0.7195448460508701,40.23405846458678,0.3569207191467285,4096.0,526.2184890999924,0
34,0.00023259275337549282,1.3761518420337082,0.2254336538930218,0.6357111717973437,0.25750350773140984,459.1077922077922,1.0512090560677763,1.6216636716077726,0.3227907063749929,0.6423009003823003,0.3282860335117827,522.859375,0.4709770679473877,0.13176433742046356,0.19934413679875435,0.8358778625954199,0.21186713963237666,0.3380499099562645,0.5195401906967163,0.15185546875,0.20340557275541796,2628,516,9776,0.7651856541633606,2.053559764859569,0.17700849118223383,0.23905943827563683,0.25,2180,6,0.0027522935779816515,3009,89,0.02957793286806248,5721,1494,0.2611431567907708,1494,1039,0.6954484605087015,40.3765434125814,0.3589344024658203,4096.0,529.9740737000247,0
35,0.0002315800205442614,1.3752722390286334,0.22518189830536192,0.6356113207804692,0.25723950888042324,459.06233766233765,1.061775939185898,1.629078408703208,0.3236034572279702,0.6426949795956413,0.3313899898591141,522.859375,0.47066813707351685,0.1290573626756668,0.2003687989898026,0.8258491652274036,0.23129635601418896,0.3613805265146744,0.5237346291542053,0.1591796875,0.22053962641248367,2869,605,9535,0.7638139724731445,2.2691051600261267,0.1541476159372959,0.22207707380796865,0.25,2180,8,0.003669724770642202,3009,129,0.04287138584247258,5721,1671,0.29208180388044047,1494,1061,0.7101740294511378,40.17522206938098,0.3571357727050781,4096.0,526.5422079000273,0
36,0.00023054099068775175,1.3738756118656752,0.22482355134440707,0.6356284088515616,0.25671182435441325,459.0538961038961,1.0590912291755925,1.634084848066171,0.3231696926523,0.6427517775446177,0.33408169029280543,522.859375,0.46420812606811523,0.1253098100423813,0.19447656217962503,0.8226092089728453,0.2246855852950661,0.3529635258358662,0.5144874453544617,0.15966796875,0.2143021914648212,2787,601,9617,0.7589786052703857,2.2129327237099936,0.16002612671456565,0.23056825604180275,0.25,2180,8,0.003669724770642202,3009,115,0.03821867730142905,5721,1607,0.2808949484355882,1494,1057,0.7074966532797858,40.02834625434536,0.3580303192138672,4096.0,526.3619047999964,0
37,0.00022947592017103367,1.3714616499163887,0.22370020400297333,0.635426667797101,0.2561673880978064,459.1051948051948,1.0635896090563242,1.6249909059454997,0.3227809378877282,0.6425698871413866,0.3298200408462435,522.859375,0.47468510270118713,0.13370251655578613,0.20105098283383996,0.8268741159830268,0.2356497903901967,0.36677332329506246,0.52199387550354,0.162109375,0.22456976029502151,2923,612,9481,0.7638343572616577,2.308948399738733,0.16655780535597647,0.22142390594382758,0.25,2180,9,0.004128440366972477,3009,133,0.044200731139913595,5721,1726,0.3016955077783604,1494,1055,0.7061579651941098,40.03525110033055,0.35715723037719727,4096.0,529.1514343000017,0
38,0.00022838507178432008,1.368343112221012,0.22298429268230865,0.6353745362588338,0.25499214118757807,459.1,1.0735425154497098,1.633463139956196,0.32126101890268427,0.6428850525990129,0.3346585343436648,522.859375,0.45474761724472046,0.1223551332950592,0.18916469267569483,0.8000550812448362,0.23419864559819414,0.36233239787963833,0.5033034086227417,0.1666259765625,0.22124904798172124,2905,726,9499,0.7591052055358887,2.371652514696277,0.15610711952971915,0.21423905943827565,0.25,2180,5,0.0022935779816513763,3009,104,0.03456297773346627,5721,1720,0.30064674008040554,1494,1076,0.7202141900937081,40.15156783473774,0.3567233085632324,4096.0,524.5327278000186,0
39,0.0002272687146781278,1.3672505693776267,0.2224336095831611,0.6352401646313729,0.2547883979685895,458.9993506493507,1.0729489007166453,1.6381361403812964,0.3290967168286443,0.6430860180407763,0.3329766997291396,522.859375,0.4605923593044281,0.1285254806280136,0.19455793976667338,0.8304975922953451,0.20856175427281523,0.33339777047490177,0.5141464471817017,0.1483154296875,0.20004639653572534,2587,528,9817,0.7655988335609436,2.0346178967994777,0.18484650555192683,0.24559111691704769,0.25,2180,6,0.0027522935779816515,3009,67,0.022266533732136922,5721,1497,0.2616675406397483,1494,1017,0.6807228915662651,40.264699086128225,0.3589344024658203,8192.0,528.9658426000387,0
40,0.0002261271242968683,1.365269220881648,0.22211542192411113,0.6351326666482083,0.25401056715613834,459.0298701298701,1.07717476471678,1.6398820752898853,0.3299626250906537,0.6427468278755745,0.3335863104245315,522.859375,0.45690611004829407,0.12350796908140182,0.19204584317631088,0.7990252293577982,0.2246855852950661,0.350742511955701,0.5083955526351929,0.15283203125,0.2126669210225105,2787,701,9617,0.7628374695777893,2.278249510124102,0.1534944480731548,0.22599608099281515,0.25,2180,8,0.003669724770642202,3009,103,0.03423064140910601,5721,1589,0.2777486453417235,1494,1087,0.7275769745649264,40.29701984276243,0.3576374053955078,8192.0,526.0304174000048,0
41,0.0002249605823108862,1.3623099869721895,0.2211866161798115,0.6348252651753363,0.25314905320282105,458.92792207792206,1.0783807167372146,1.646614156042536,0.33061006797167164,0.6427498400832216,0.3366271210058282,522.859375,0.4575677216053009,0.11519335955381393,0.18912533747497945,0.8102625298329356,0.21896162528216703,0.34475755267834474,0.5130606889724731,0.1571044921875,0.20828220858895705,2716,636,9688,0.7579441666603088,2.1894186806009146,0.16786414108425865,0.2357935989549314,0.25,2180,8,0.003669724770642202,3009,96,0.031904287138584245,5721,1559,0.27250480685194894,1494,1053,0.7048192771084337,40.074436838682956,0.3571615219116211,8192.0,525.8500176999951,0
42,0.00022376937654696117,1.361154701338186,0.2206583685785919,0.6348281546072526,0.2528340889165154,459.0409090909091,1.0889863349400557,1.6344328727573156,0.32805406853246194,0.64276546270897,0.331806667537118,522.859375,0.4539564251899719,0.12301650643348694,0.19024098464287817,0.7927902355946637,0.22516930022573364,0.350725183650405,0.504059910774231,0.1588134765625,0.21265417999086342,2793,730,9611,0.7621296048164368,2.30111038536904,0.14696276943174397,0.21881123448726322,0.25,2180,8,0.003669724770642202,3009,85,0.02824858757062147,5721,1620,0.2831672784478238,1494,1080,0.7228915662650602,40.14805430764928,0.3580031394958496,8192.0,526.6384652999695,0
43,0.00022255380091729107,1.3594944854835411,0.22016870764072066,0.6348740982544887,0.2522258395498449,459.05584415584417,1.0887344471045903,1.634216696023941,0.32565604864309233,0.6427088944862286,0.33292587466227513,522.859375,0.46298712491989136,0.12195547670125961,0.1924969157669693,0.8146101903007981,0.21396323766526926,0.33890946239305325,0.5146335363388062,0.152099609375,0.20402829028290284,2654,604,9750,0.7592797875404358,2.1280209013716527,0.16133246244284782,0.2318745917700849,0.25,2180,8,0.003669724770642202,3009,99,0.03290129611166501,5721,1489,0.26026918370914176,1494,1058,0.7081659973226239,40.173344414385724,0.35718393325805664,8192.0,524.7822856000275,0
44,0.0002213141553469735,1.3587561508277795,0.22056659561666575,0.6345872997850567,0.2518011275533732,459.0,1.0919117522704136,1.6432250508417685,0.3309651644279559,0.6430133345226446,0.33462327493665117,522.859375,0.4554390609264374,0.11932767927646637,0.18862607795745134,0.8153299792838118,0.22210577233150597,0.3491098016853576,0.50605309009552,0.1617431640625,0.21146760822843108,2755,624,9649,0.7581589818000793,2.2070542129327237,0.15871979098628347,0.2279555845852384,0.25,2180,6,0.0027522935779816515,3009,91,0.030242605516782983,5721,1615,0.28229330536619474,1494,1043,0.6981258366800536,40.332392938742906,0.3578224182128906,8192.0,529.5641370000085,0
45,0.00022005074570000374,1.355882891973892,0.21852461497795272,0.6345660557220508,0.2513961115440765,459.0474025974026,1.0908446921930686,1.6428708291302125,0.328725961347421,0.6428086447219054,0.3356681123065452,522.859375,0.45531928539276123,0.1159980446100235,0.18838194753043352,0.7977653631284917,0.23024830699774265,0.35735735735735735,0.5080891251564026,0.1580810546875,0.21755027422303475,2856,724,9548,0.7558819651603699,2.3383409536250817,0.15153494448073154,0.22599608099281515,0.25,2180,7,0.003211009174311927,3009,101,0.03356596876038551,5721,1653,0.28893550078657576,1494,1095,0.7329317269076305,40.011001408325654,0.3589344024658203,8192.0,531.5019507000106,0
46,0.0002187638837038073,1.3543665718722653,0.2189493113669095,0.6342990178566474,0.25055912082845516,459.0487012987013,1.099089113651932,1.6437388478467863,0.3328410372293244,0.6429032894472281,0.3339972578299542,522.859375,0.45529600977897644,0.11594903469085693,0.18812471486162394,0.8051079355427182,0.21347952273460175,0.3374753074619257,0.50778728723526,0.1485595703125,0.20298965120735915,2648,641,9756,0.7614994049072266,2.148269105160026,0.16002612671456565,0.23318092749836708,0.25,2180,6,0.0027522935779816515,3009,90,0.02991026919242273,5721,1495,0.2613179514070967,1494,1057,0.7074966532797858,40.111848879443,0.3589344024658203,8192.0,527.6369886000175,0
47,0.00021745388687232603,1.3516370932777206,0.2176585270164462,0.6342831622857552,0.2498477019369602,459.03311688311686,1.0984528630971908,1.6350674865146477,0.3239999034752448,0.642686192256709,0.3341906969435513,522.859375,0.45306387543678284,0.12153572589159012,0.18827233819756656,0.781888745148771,0.2436310867462109,0.3715040875284283,0.5049265623092651,0.158935546875,0.22812712312221636,3022,843,9382,0.7558148503303528,2.5244937949052906,0.1404310907903331,0.20901371652514697,0.25,2180,9,0.004128440366972477,3009,140,0.04652708541043536,5721,1780,0.31113441705995454,1494,1093,0.7315930388219545,40.063202696753315,0.3580164909362793,8192.0,524.8649773999932,0
48,0.00021612107842767627,1.3498146266132207,0.21751056591218168,0.634004197376115,0.24914993089321372,459.00584415584416,1.1096512028923282,1.636393591761589,0.32794085478720564,0.6429469296708703,0.3327529043114434,522.859375,0.4598263204097748,0.12292243540287018,0.1922506261151284,0.7938382541720154,0.2492744276039987,0.37940977974108836,0.5113147497177124,0.15869140625,0.23411827061406829,3092,803,9312,0.7547109723091125,2.5440888308295233,0.1410842586544742,0.20705421293272372,0.25,2180,10,0.0045871559633027525,3009,140,0.04652708541043536,5721,1848,0.3230204509701101,1494,1094,0.7322623828647925,40.010833616721484,0.3580327033996582,8192.0,529.1094185999827,0
49,0.00021476578722039847,1.349866204137926,0.21761806457750982,0.6340567889538679,0.24909567537826377,459.08376623376626,1.1085176468282552,1.6396386983493965,0.3270620849604408,0.6429338604211807,0.3348213767943283,522.859375,0.45364007353782654,0.11565586179494858,0.18722170959226786,0.7673267326732673,0.26241534988713316,0.39108494533221194,0.5079281330108643,0.1641845703125,0.24307370622059593,3255,987,9149,0.7525014281272888,2.7707380796864793,0.1077726975832789,0.18549967341606793,0.25,2180,9,0.004128440366972477,3009,166,0.055167829843801926,5721,1950,0.34084950183534346,1494,1130,0.7563587684069611,40.55038873478175,0.3580441474914551,8192.0,528.5527372999932,0
50,0.00021338834764831827,1.3467308064559838,0.21598529329450875,0.6341506649921467,0.24829742367584984,458.95714285714286,1.1079603265632283,1.641968108092745,0.33326570068796474,0.6427716417238116,0.3329653824524333,522.859375,0.45628008246421814,0.12282725423574448,0.19037841295357794,0.7979518405756989,0.23242502418574654,0.3599925079602922,0.5083221793174744,0.1561279296875,0.2195066240292371,2883,730,9521,0.7595114707946777,2.3598954931417375,0.14826910516002612,0.22077073807968647,0.25,2180,8,0.003669724770642202,3009,108,0.03589232303090728,5721,1695,0.2962768746722601,1494,1072,0.7175368139223561,40.02106296656371,0.35715532302856445,8192.0,531.5951878000051,0
51,0.0002119890995740391,1.3468035176976936,0.2166445063112618,0.6339195259205707,0.24811974366183404,459.0688311688312,1.1189694373251555,1.6510347481817007,0.33040644880384207,0.6430061726520458,0.33881106538077194,522.859375,0.4446641504764557,0.11882738769054413,0.18476384913083166,0.7688318103235366,0.2509674298613351,0.37841123199416526,0.501447856426239,0.16357421875,0.23335832083958022,3113,936,9291,0.7543261647224426,2.6446766819072502,0.12540822991508818,0.20444154147615937,0.25,2180,9,0.004128440366972477,3009,152,0.05051512130275839,5721,1841,0.3217968886558294,1494,1111,0.7436412315930389,40.195626824622344,0.3576035499572754,8192.0,525.171141800005,0
52,0.00021056838824108593,1.343977897894847,0.2156831049638522,0.6337447390927897,0.24727502738113527,459.09025974025974,1.1152130578245436,1.6486866114040215,0.33163199860913056,0.6436000658820072,0.3367272731071959,522.859375,0.4482748210430145,0.12183327972888947,0.18701368460897355,0.7843450479233227,0.23750403095775557,0.36460396039603965,0.5025495886802673,0.153076171875,0.22294536098077797,2946,810,9458,0.7567266225814819,2.4532984977139125,0.14826910516002612,0.2161985630306989,0.25,2180,8,0.003669724770642202,3009,126,0.04187437686939183,5721,1738,0.30379304317427025,1494,1074,0.7188755020080321,40.11807875133046,0.3580293655395508,16384.0,522.5923916000174,0
53,0.0002091265641887215,1.3424471060951035,0.21515429863198238,0.6337708387281987,0.24676098471338098,459.038961038961,1.1217678795774262,1.6341768919179838,0.32808741197610897,0.6428543596218029,0.3316175639629364,522.859375,0.4599408507347107,0.1251157522201538,0.1932485041790642,0.7913486005089059,0.2507255723960013,0.380800783641484,0.5111966729164124,0.1634521484375,0.235178463399879,3110,820,9294,0.7567978501319885,2.5669497060744613,0.1410842586544742,0.2077073807968648,0.25,2180,10,0.0045871559633027525,3009,130,0.04320372216683283,5721,1858,0.3247683971333683,1494,1112,0.7443105756358769,40.291360660493275,0.35671281814575195,16384.0,528.3042704000254,0
54,0.00020766398316545632,1.3409103943930043,0.21460141076573302,0.6335818443592492,0.24636356892523828,459.06103896103895,1.1217554491448711,1.6501576540370781,0.3361405650308977,0.6430456796661019,0.335485704553624,522.859375,0.4528261721134186,0.12120641767978668,0.18944073617458343,0.7817168903519879,0.24887133182844243,0.3775454045129334,0.5068202018737793,0.163330078125,0.2327001356852103,3087,862,9317,0.755738377571106,2.5793598954931416,0.13128674069235793,0.19856303069888961,0.25,2180,9,0.004128440366972477,3009,153,0.05084745762711865,5721,1826,0.31917496941094214,1494,1099,0.7356091030789826,39.99946991126245,0.3580508232116699,16384.0,528.9938916999963,0
55,0.0002061810060412728,1.3394869124734556,0.214421835275633,0.6335000015311427,0.24578253750677231,458.97662337662337,1.1370621095617097,1.6591653991490602,0.3413424401854475,0.6430750557531913,0.33737394974256557,522.859375,0.44979411363601685,0.11467894911766052,0.18415249593672342,0.7905138339920948,0.22573363431151242,0.35118525021949076,0.5061163902282715,0.158935546875,0.21299254526091588,2800,742,9604,0.757367730140686,2.3135205747877206,0.15545395166557804,0.22926192031352058,0.25,2180,3,0.0013761467889908258,3009,85,0.02824858757062147,5721,1639,0.2864883761580143,1494,1073,0.7182061579651942,40.21810487820031,0.35805320739746094,16384.0,524.1739899999811,0
56,0.00020467799871858605,1.3370113542327633,0.21377107447811536,0.6334116352843,0.244914321620743,459.07207792207794,1.1307960856657524,1.6464515371869008,0.33532636154753465,0.6427686537305514,0.33417826145887375,522.859375,0.4505784511566162,0.11927901953458786,0.18690973164048047,0.7796823796319637,0.24935504675910997,0.3778632948506505,0.5033135414123535,0.1552734375,0.23294170808856757,3093,874,9311,0.7548186182975769,2.5911169170476813,0.1338994121489223,0.19660352710646636,0.25,2180,10,0.0045871559633027525,3009,155,0.051512130275839146,5721,1821,0.3183009963293131,1494,1107,0.7409638554216867,40.04769410610181,0.3575716018676758,16384.0,523.1193946999847,0
57,0.000203155332041963,1.3357628669057573,0.21251475750045343,0.6334433908973421,0.24490236002322915,459.07207792207794,1.1332531113903244,1.6551779452711344,0.331593452875192,0.6433307904129227,0.3401268549884359,522.859375,0.45311665534973145,0.10880466550588608,0.18330424129962922,0.7784228350266086,0.2594324411480168,0.38916434877252387,0.5094364881515503,0.1697998046875,0.2415915915915916,3218,916,9186,0.7487761974334717,2.7001959503592423,0.1201828870019595,0.19333768778576094,0.25,2180,12,0.005504587155963303,3009,166,0.055167829843801926,5721,1950,0.34084950183534346,1494,1090,0.7295850066934404,40.66555424231756,0.3589344024658203,16384.0,521.566490199999,0
58,0.0002016133817066219,1.3355123019837714,0.21316417411163255,0.6333091228426276,0.24451950253410773,459.08896103896103,1.136430519122582,1.6593395788222551,0.3436766535354157,0.6429097643122077,0.33637658149624866,522.859375,0.44892263412475586,0.11376059800386429,0.18466647977475076,0.8041116005873715,0.22073524669461464,0.34638497058637485,0.5022006630897522,0.1529541015625,0.20947134878739193,2738,667,9666,0.7560946941375732,2.224036577400392,0.16655780535597647,0.23709993468321358,0.25,2180,9,0.004128440366972477,3009,90,0.02991026919242273,5721,1582,0.2765250830274428,1494,1057,0.7074966532797858,40.393240290565174,0.3567233085632324,16384.0,524.1583049999899,0
59,0.00020005252816573536,1.3339306586748594,0.21302541625480373,0.6332428404650131,0.24383120053967872,459.07987012987013,1.1385946013710715,1.654563673461477,0.344259200617671,0.6431142635022601,0.33359510358422995,522.859375,0.46066397428512573,0.12447278946638107,0.1924634294817224,0.8147289069295448,0.22653982586262497,0.35450703336907846,0.5133452415466309,0.149658203125,0.21544123284520433,2810,639,9594,0.7596085667610168,2.2527759634225997,0.17112998040496408,0.23318092749836708,0.25,2180,8,0.003669724770642202,3009,107,0.035559986706547024,5721,1645,0.28753714385596923,1494,1050,0.7028112449799196,40.109322871429434,0.3576064109802246,16384.0,532.1805630999734,0
60,0.000198473156536559,1.3323838586157017,0.21183128353063163,0.6330867815327335,0.24373289742446566,459.1344155844156,1.1458041352111024,1.654695074384411,0.33861477688575786,0.6430772189050913,0.336501540383324,522.859375,0.45255374908447266,0.11536844074726105,0.185626658576075,0.7931587386424372,0.23927765237020315,0.3676452372104546,0.5045592784881592,0.1553955078125,0.22522385794505995,2968,774,9436,0.7541874647140503,2.4441541476159374,0.15153494448073154,0.22599608099281515,0.25,2180,11,0.005045871559633028,3009,140,0.04652708541043536,5721,1766,0.3086872924313931,1494,1051,0.7034805890227577,40.11676616071402,0.3575878143310547,16384.0,535.8432018000167,0
61,0.0001968756565054097,1.3297627291509084,0.21100773971479433,0.6331881938429622,0.24278339738776158,459.0461038961039,1.141178296893448,1.6479411534965038,0.3359725872675578,0.6428657891228795,0.33455138304270804,522.859375,0.46114227175712585,0.12058958411216736,0.18942059541586787,0.7890739833414993,0.2596742986133505,0.3907557927938857,0.5120307207107544,0.16015625,0.242819449679608,3221,861,9183,0.7527235746383667,2.666231221423906,0.13585891574134554,0.19725669497060744,0.25,2180,10,0.0045871559633027525,3009,142,0.04719175805915587,5721,1973,0.3448697780108373,1494,1096,0.7336010709504686,40.28423818293426,0.35758447647094727,16384.0,524.1812566999579,0
62,0.00019526042223151621,1.3295541815943532,0.21075671185533723,0.6329561532317818,0.24292065877612534,459.12077922077924,1.143235794948293,1.6508977798124154,0.33404007903300226,0.6434299014508724,0.33671389931502443,522.859375,0.4506129026412964,0.11803559213876724,0.18654940487467683,0.7735381565906838,0.2516930022573363,0.37980535279805355,0.5039852857589722,0.15283203125,0.2344195825198979,3122,914,9282,0.7535114288330078,2.636185499673416,0.12736773350751143,0.1959503592423253,0.25,2180,7,0.003211009174311927,3009,119,0.03954802259887006,5721,1882,0.3289634679251879,1494,1114,0.7456492637215528,40.09273549283685,0.35802173614501953,16384.0,525.6439250999829,0
63,0.00019362785224976635,1.3284646028822118,0.2114254907741175,0.6327789788896387,0.24213006623186073,459.07077922077923,1.1569842140008877,1.6589102130383253,0.34062207536771894,0.643201209915181,0.33754346217028797,522.859375,0.4492204189300537,0.11630817502737045,0.1847342836786993,0.7733977619532044,0.24516285069332475,0.37230656219392755,0.5036003589630127,0.1605224609375,0.22873260624294847,3041,891,9363,0.7545444965362549,2.5682560418027434,0.12932723709993468,0.20509470934030047,0.25,2180,10,0.0045871559633027525,3009,111,0.036889332003988036,5721,1808,0.31602866631707743,1494,1112,0.7443105756358769,40.06043654915586,0.35696983337402344,16384.0,527.8678498999798,0
64,0.00019197834937237444,1.3269805265324457,0.21029057926558828,0.632770834263269,0.24195955565997532,459.0655844155844,1.1515496371628402,1.6499493326991796,0.33858473040163517,0.6432513461137811,0.33405662910081446,522.859375,0.45941123366355896,0.12108169496059418,0.19057712736539542,0.7873521602703355,0.26297968397291194,0.394270864809331,0.5115876197814941,0.165771484375,0.24554008280015055,3262,881,9142,0.7527198791503906,2.706074461136512,0.124101894186806,0.20182887001959504,0.25,2180,15,0.006880733944954129,3009,193,0.06414091060152875,5721,1952,0.3411990910679951,1494,1102,0.7376171352074966,40.19178220274247,0.3573942184448242,16384.0,526.042790699983,0
65,0.00019031232058949347,1.3257260907005954,0.2095785248831108,0.6327555327833473,0.2416960161421206,458.94935064935066,1.1565874537090202,1.665182548885544,0.3458906406691919,0.6432684076329073,0.33801175118424,522.859375,0.44728779792785645,0.11722531914710999,0.18440959870349616,0.7867095391211146,0.23669783940664302,0.36390679226574113,0.5008239150047302,0.154052734375,0.2224242424242424,2936,796,9468,0.7535383105278015,2.4376224689745265,0.1410842586544742,0.2155453951665578,0.25,2180,5,0.0022935779816513763,3009,113,0.03755400465270854,5721,1724,0.3013459185457088,1494,1094,0.7322623828647925,40.06595522152966,0.35692644119262695,32768.0,529.4206958999857,0
66,0.0001886301769687963,1.3234305695279853,0.20925216770114063,0.6325952923530108,0.24079155500059005,458.9974025974026,1.1506991826868675,1.66355840737621,0.3404260646396627,0.6435299273580313,0.33980121098769206,522.859375,0.4452444314956665,0.11095836013555527,0.18074131495668552,0.7736225380204438,0.2501612383102225,0.37806883947608894,0.49973708391189575,0.15869140625,0.23309795673076922,3103,908,9301,0.7488963603973389,2.619856303069889,0.12998040496407576,0.20509470934030047,0.25,2180,12,0.005504587155963303,3009,156,0.0518444666001994,5721,1850,0.3233700402027618,1494,1085,0.7262382864792504,40.25412130804953,0.3589344024658203,32768.0,527.5259409999708,0
67,0.00018693233355405084,1.3235481246725305,0.20903421635558078,0.632774602399244,0.24086965209284386,458.9798701298701,1.1609380240564222,1.6617039895306032,0.33756834353941184,0.6433957607174913,0.3403699438398083,522.859375,0.4464320242404938,0.11225134134292603,0.18151554733049124,0.7649635036496351,0.25346662366978395,0.38076783335351827,0.5003883242607117,0.1544189453125,0.23515332834704564,3144,966,9260,0.7484638690948486,2.6845199216198563,0.11952971913781842,0.19790986283474854,0.25,2180,9,0.004128440366972477,3009,148,0.04918577600531738,5721,1886,0.3296626463904912,1494,1101,0.7369477911646586,40.22749134097425,0.3589344024658203,32768.0,526.6463477000361,0
68,0.00018521920926271428,1.3213008196322948,0.208893370144553,0.6325218118630447,0.23994281918003962,459.0409090909091,1.1709626692456085,1.671467821424206,0.3489456498064101,0.643670653924346,0.3394257614854723,522.859375,0.4512243866920471,0.11446058750152588,0.18422372837085277,0.7918443496801706,0.23951950983553694,0.3677890566972023,0.5026223659515381,0.1519775390625,0.22533181645809633,2971,781,9433,0.7517828345298767,2.4506858262573483,0.14892227302416722,0.23122142390594383,0.25,2180,8,0.003669724770642202,3009,127,0.04220671319375208,5721,1790,0.3128823632232127,1494,1046,0.7001338688085676,40.08543062147309,0.35804176330566406,32768.0,528.8517051999806,0
69,0.00018349122678257157,1.320357977763399,0.20828028579133673,0.6323497998249995,0.23986394505996209,458.94415584415583,1.1627568627332712,1.6661895339687665,0.34439592715352774,0.6433530130113164,0.3392202974452327,522.859375,0.45404359698295593,0.1115214079618454,0.18406704619992525,0.7930135557872784,0.24524346984843598,0.37463054187192113,0.506418764591217,0.1619873046875,0.23048946810122745,3042,794,9362,0.7500196099281311,2.5055519268451993,0.14696276943174397,0.2161985630306989,0.25,2180,13,0.005963302752293578,3009,149,0.049518112329677635,5721,1819,0.3179514070966614,1494,1061,0.7101740294511378,40.27220417487866,0.35756492614746094,32768.0,529.306913999957,0
70,0.00018174881246744323,1.3187982364134354,0.20777940410975512,0.6323867755276816,0.23931602810497407,459.1363636363636,1.1686869202883212,1.6691453345119953,0.3506897826058169,0.6436034695555767,0.33742604140813154,522.859375,0.4528428018093109,0.11532898992300034,0.18536968869157136,0.7918918918918919,0.23621412447597548,0.3638847491306507,0.5049522519111633,0.1522216796875,0.22240777288598756,2930,770,9474,0.7532150745391846,2.4167210973220117,0.14500326583932072,0.2240365774003919,0.25,2180,11,0.005045871559633028,3009,128,0.042539049518112326,5721,1731,0.3025694808599895,1494,1060,0.7095046854082999,40.1098520894828,0.3571457862854004,32768.0,531.6342019999865,0
71,0.00017999239623198924,1.319399455692861,0.2081126413658842,0.6323318616523371,0.23947747608090375,459.0935064935065,1.1717789140227552,1.6617917759964864,0.3413152858459701,0.6435761287187537,0.3384501812203477,522.859375,0.4515034556388855,0.11092871427536011,0.18344623963930645,0.783743842364532,0.2565301515640116,0.3865403304178815,0.5043026804924011,0.1630859375,0.23957235356121065,3182,878,9222,0.7496556639671326,2.651861528412802,0.12671456564337036,0.20052253429131286,0.25,2180,8,0.003669724770642202,3009,145,0.048188767032236623,5721,1914,0.33455689564761404,1494,1115,0.7463186077643909,39.898405991363255,0.357790470123291,32768.0,530.4646126999869,0
72,0.00017822241144563395,1.3166066717017781,0.20696228805494,0.6322588233204631,0.2386927791810655,459.0474025974026,1.1718213215663835,1.6714031205823023,0.3454338183316092,0.643660755828023,0.34115427484114963,522.859375,0.4504363536834717,0.11107511818408966,0.18180702461977488,0.7785588752196837,0.25,0.37847073900042716,0.5042773485183716,0.15869140625,0.23340358271865122,3101,882,9303,0.7481542825698853,2.6015676028739385,0.1338994121489223,0.21032005225342912,0.25,2180,6,0.0027522935779816515,3009,136,0.04519774011299435,5721,1881,0.3287886733088621,1494,1078,0.7215528781793842,39.93469327479363,0.35715150833129883,32768.0,529.1710472000414,0
73,0.00017643929482563848,1.3144208085227322,0.20632128307184616,0.6321168939788621,0.23799131559087083,459.09090909090907,1.1750581802098783,1.6578374008337657,0.33721578734305996,0.6434777782609066,0.33857191835219663,522.859375,0.4498659670352936,0.1131490021944046,0.18364983112551272,0.7541557305336833,0.2779748468236053,0.4062205466540999,0.5045387148857117,0.161376953125,0.25487876995860437,3448,1124,8956,0.7473444938659668,2.986283474853037,0.10907903331156107,0.1900718484650555,0.25,2180,14,0.006422018348623854,3009,209,0.06945829179129279,5721,2119,0.3703897919944066,1494,1106,0.7402945113788487,40.29661326502043,0.35738134384155273,32768.0,524.1574260999914,0
74,0.00017464348632934744,1.314853107464778,0.20652017724978458,0.6322316726306816,0.23805062867604293,459.0487012987013,nan,1.669785976409912,0.3464031594339758,0.6434495119998852,0.3399666575714946,522.859375,0.4496588408946991,0.10943246632814407,0.18095299856504427,0.7812255541069101,0.24153498871331827,0.3689882381920068,0.5039435625076294,0.16162109375,0.22623272672355207,2996,839,9408,0.749770998954773,2.5048987589810583,0.1417374265186153,0.22273024167210972,0.25,2180,8,0.003669724770642202,3009,145,0.048188767032236623,5721,1778,0.31078482782730293,1494,1065,0.7128514056224899,40.31115954394287,0.3580169677734375,16384.0,531.9670388000086,1
75,0.0001728354290456361,1.3146038416144137,0.2066758881141613,0.6320758636508669,0.23792604472149503,459.0201298701299,1.187027008347697,1.6765387213478486,0.3512025704452147,0.6439202735200524,0.34070793779877323,522.859375,0.44628801941871643,0.10884127020835876,0.18001089293975384,0.7795275590551181,0.24742018703643986,0.37561960712318704,0.5021591782569885,0.1513671875,0.2312386980108499,3069,868,9335,0.7477171421051025,2.5715218811234486,0.1378184193337688,0.20966688438928804,0.25,2180,8,0.003669724770642202,3009,129,0.04287138584247258,5721,1854,0.32406921866806504,1494,1078,0.7215528781793842,39.83286395363376,0.35801029205322266,16384.0,531.6564709999948,0
76,0.00017101556908558462,1.3142697290166632,0.2066974512361861,0.63191187997143,0.23783019929156676,459.0461038961039,1.182711311052372,1.6765526967744033,0.3507536188699305,0.6437984478349487,0.34100031526759267,522.859375,0.44381195306777954,0.1074448823928833,0.1796214833506383,0.7778062532034854,0.2446791357626572,0.372255611431375,0.4946366846561432,0.1480712890625,0.22869414512847563,3035,867,9369,0.7483634948730469,2.5486610058785106,0.14369693011103854,0.21358589157413455,0.25,2180,6,0.0027522935779816515,3009,124,0.04120970422067132,5721,1842,0.3219716832721552,1494,1063,0.7115127175368139,40.16746932165915,0.35717248916625977,16384.0,525.5126381000155,0
77,0.000169184355472407,1.31100657357798,0.20499530539593913,0.6318480486993666,0.23708161006306672,458.9798701298701,1.1822568780416018,1.6707504217823346,0.3445271415791164,0.6437303870916367,0.3412464490781228,522.859375,0.44669148325920105,0.1108698919415474,0.18086816548602655,0.7723942330418341,0.2634633989035795,0.39290652239254586,0.49644777178764343,0.1549072265625,0.24448268122989453,3268,963,9136,0.7464034557342529,2.7635532331809274,0.1247550620509471,0.20313520574787722,0.25,2180,10,0.0045871559633027525,3009,151,0.05018278497839814,5721,2019,0.35291033036182484,1494,1088,0.7282463186077643,40.404745173013666,0.35733938217163086,16384.0,527.3048811999615,0
78,0.0001673422400306613,1.3126408697722793,0.20559851001319174,0.6320114080782061,0.23751547599767708,459.0746753246753,1.1807137461838784,1.6720949187874794,0.344255813707908,0.6438060089324912,0.34201655032423633,522.859375,0.43983110785484314,0.1016870066523552,0.17578549603931606,0.760586319218241,0.26354401805869077,0.3914501257334452,0.49742555618286133,0.164794921875,0.2433559145388223,3269,1029,9135,0.7432490587234497,2.80731548007838,0.12148922273024167,0.20313520574787722,0.25,2180,11,0.005045871559633028,3009,165,0.054835493519441676,5721,2001,0.34976402726796013,1494,1092,0.7309236947791165,40.29464162695629,0.3578004837036133,16384.0,527.3181264000013,0
79,0.00016548967727476852,1.3088828113171962,0.20441518479643703,0.6319073703768966,0.23628012756635616,459.09090909090907,1.1877680654649612,1.6754683343072732,0.34614075246887904,0.644108235836029,0.3426096704788506,522.859375,0.4474221467971802,0.10763952136039734,0.17882250933907926,0.7702801461632156,0.25491776846178654,0.38306378339087777,0.49940329790115356,0.150146484375,0.23690717015059565,3162,943,9242,0.746645987033844,2.681254082299151,0.13585891574134554,0.2077073807968648,0.25,2180,6,0.0027522935779816515,3009,141,0.04685942173479561,5721,1931,0.33752840412515295,1494,1084,0.7255689424364123,40.06464213134407,0.3578190803527832,16384.0,532.9131156000076,0
80,0.00016362712429686827,1.3082496487475062,0.20429275520629697,0.6318333220559281,0.2360617846250534,459.09090909090907,1.1881955836887483,1.666407074779272,0.34509628855933744,0.6434802183260521,0.3389152818514655,522.859375,0.45049601793289185,0.11006415635347366,0.1824119518394582,0.7621057307863172,0.27660432118671396,0.4058913995031349,0.5044451951980591,0.163818359375,0.2546196660482375,3431,1071,8973,0.746903121471405,2.940561724363161,0.11365120836054866,0.1900718484650555,0.25,2180,15,0.006880733944954129,3009,199,0.06613492854769026,5721,2120,0.3705645866107324,1494,1097,0.7342704149933066,40.31179790513924,0.3580141067504883,16384.0,526.4483521999791,0
81,0.00016175504065403786,1.3111933998086236,0.2049136159578701,0.6319456236703055,0.2371670802305271,459.06298701298704,1.1988452375322194,1.6794763530294101,0.3558964914797495,0.6442106089865168,0.3396846262427668,522.859375,0.4387984275817871,0.11299164593219757,0.18019036636687816,0.775953523617075,0.24766204450177362,0.3754812687160057,0.49024850130081177,0.148193359375,0.2311338499736664,3072,887,9332,0.7504811882972717,2.5858915741345525,0.13520574787720444,0.20901371652514697,0.25,2180,7,0.003211009174311927,3009,117,0.038883349950149554,5721,1870,0.3268659325292781,1494,1078,0.7215528781793842,40.289016809685094,0.35711193084716797,16384.0,526.6651473999955,0
82,0.00015987388825490354,1.3070578139323692,0.20379551208832047,0.6316759470608327,0.2357931764385143,459.0487012987013,1.19571071859304,1.6795473738263051,0.3512514734175056,0.6440048751731714,0.34214551327750087,522.859375,0.4418890178203583,0.10483786463737488,0.17680464416043834,0.7673366834170854,0.24621089970977103,0.372802734375,0.4988848567008972,0.154541015625,0.2291072768192048,3054,926,9350,0.7459779977798462,2.5996080992815154,0.1325930764206401,0.20836054866100587,0.25,2180,5,0.0022935779816513763,3009,132,0.04386839481555334,5721,1841,0.3217968886558294,1494,1076,0.7202141900937081,40.0109462961275,0.3589344024658203,16384.0,525.2976931000012,0
83,0.00015798413124567146,1.3068279448267701,0.2036238729711864,0.6316663236587079,0.23576887318646753,459.0064935064935,1.200677290558815,1.6864693661530812,0.35720453209554154,0.644073900145789,0.34259546602455276,522.859375,0.4495156407356262,0.10606850683689117,0.17979489722638392,0.7841342486651411,0.24862947436310867,0.37754789741078537,0.504023551940918,0.149658203125,0.23270202972911794,3084,849,9320,0.745381772518158,2.5689092096668844,0.1456564337034618,0.22207707380796865,0.25,2180,10,0.0045871559633027525,3009,163,0.05417082087072117,5721,1854,0.32406921866806504,1494,1057,0.7074966532797858,40.188711197740744,0.35672521591186523,16384.0,528.2486847999971,0
84,0.0001560862358956067,1.3070571033985583,0.20398278857593413,0.6316187441736073,0.235727785140663,459.0766233766234,1.2027818285412604,1.6716929040849209,0.34306351204092306,0.6439533668259779,0.3423380106687546,522.859375,0.44485312700271606,0.10616905987262726,0.17762941789114847,0.7404595015576324,0.3065946468881006,0.4336374002280502,0.5025039911270142,0.17724609375,0.2768435611851205,3803,1333,8601,0.7382432222366333,3.3546701502286087,0.10058785107772697,0.178314826910516,0.25,2180,15,0.006880733944954129,3009,258,0.08574277168494517,5721,2421,0.42317776612480335,1494,1109,0.7423025435073628,39.708858810799875,0.35799169540405273,16384.0,531.1612007000367,0
85,0.00015418067048198806,1.3033524969955543,0.20286360473021284,0.6315462898511391,0.2344713027697879,459.03311688311686,1.1964609621794193,1.6784869028876226,0.34904549255346257,0.6440542467559377,0.34269358318609494,522.859375,0.4451581835746765,0.10449206829071045,0.1779280137619935,0.7574610244988864,0.27418574653337635,0.4026281520066296,0.5010172128677368,0.1658935546875,0.2520566219521233,3401,1089,9003,0.7418450713157654,2.932723709993468,0.11299804049640758,0.1946440235140431,0.25,2180,12,0.005504587155963303,3009,196,0.0651379195746095,5721,2076,0.36287362349239644,1494,1117,0.7476572958500669,40.381706544101554,0.3578476905822754,16384.0,524.6631826999946,0
86,0.00015226790517456772,1.3036415715109217,0.2026067558966287,0.6315798225340905,0.2347274975439945,459.0571428571429,1.2103718549787224,1.673028984417518,0.34774011947835487,0.6442273091524839,0.3405307801440358,522.859375,0.4455869793891907,0.10910295695066452,0.17968844180577434,0.763722611249153,0.27257336343115124,0.40175865961618445,0.500605046749115,0.15771484375,0.2513754646840149,3381,1046,9023,0.7448384761810303,2.89157413455258,0.1201828870019595,0.19333768778576094,0.25,2180,9,0.004128440366972477,3009,186,0.06181455633100698,5721,2096,0.36636951581891275,1494,1090,0.7295850066934404,39.95553100505254,0.3567233085632324,16384.0,527.3363949999912,0
87,0.00015034841191956396,1.302890054281656,0.20218682648589859,0.631527717895322,0.23458775496715076,459.0551948051948,1.2043727742387103,1.6752211985488732,0.35079533684377867,0.6434338307008147,0.3404960164334625,522.859375,0.44554996490478516,0.10589051246643066,0.17910857175593264,0.7667948427957476,0.27329893582715253,0.40297176820208025,0.5016465783119202,0.163330078125,0.252326014142166,3390,1031,9014,0.7426440119743347,2.8876551273677333,0.11691704768125408,0.1946440235140431,0.25,2180,11,0.005045871559633028,3009,202,0.06713193752077103,5721,2075,0.36269882887607063,1494,1102,0.7376171352074966,40.05786713582689,0.3580160140991211,32768.0,524.1913165999576,0
88,0.0001484226643232155,1.30314088111574,0.20206652970670105,0.6316700801446841,0.23470213569023393,458.8655844155844,1.2023663687628585,1.6822842949380477,0.3545427384475867,0.6438010769585768,0.34197023743763566,522.859375,0.44756966829299927,0.10129578411579132,0.1774897417111788,0.7579257246376812,0.2698323121573686,0.39797859690844234,0.5050209760665894,0.1575927734375,0.24842277146886366,3347,1069,9057,0.7425965070724487,2.884389288047028,0.11495754408883083,0.19790986283474854,0.25,2180,9,0.004128440366972477,3009,182,0.060485211033565967,5721,2052,0.3586785527005768,1494,1104,0.7389558232931727,40.43863600092977,0.35736846923828125,32768.0,523.8693095000344,0
89,0.00014649113753492608,1.3006437517992862,0.2022678814489733,0.6313225288282741,0.2335266714746302,458.874025974026,1.2100393283676791,1.6888891818622749,0.3556748339130233,0.6442209165543318,0.3444967142616709,522.859375,0.43318086862564087,0.10232143849134445,0.17214376296033151,0.7494252873563219,0.26281844566268947,0.38916079742151133,0.4886508285999298,0.1566162109375,0.2415888543056173,3260,1090,9144,0.7427231073379517,2.8412802090137164,0.11757021554539517,0.1952971913781842,0.25,2180,13,0.005963302752293578,3009,153,0.05084745762711865,5721,1980,0.34609334032511796,1494,1114,0.7456492637215528,40.38238444921886,0.3578310012817383,32768.0,525.508349599957,0
90,0.00014455430813002876,1.3000410090793262,0.20150228716529808,0.6312716210043275,0.2336335499371801,459.02467532467534,1.2140442794019526,1.6774407469977934,0.3502439739337812,0.6442075728749236,0.3414946000557393,522.859375,0.44775983691215515,0.10674122720956802,0.18019016007019673,0.7729808391947611,0.2569332473395679,0.3856719307799359,0.5033153295516968,0.1566162109375,0.2389055472263868,3187,936,9217,0.7464702725410461,2.6930111038536904,0.12932723709993468,0.21032005225342912,0.25,2180,6,0.0027522935779816515,3009,165,0.054835493519441676,5721,1944,0.3398007341373886,1494,1072,0.7175368139223561,40.24073952861853,0.35779905319213867,32768.0,528.2597498999676,0
91,0.00014261265399219774,1.299186770521201,0.2014006825720335,0.6311567792644749,0.23331465540187699,459.08246753246755,1.213128475593282,1.6988781324277322,0.36389994885151583,0.6444719079881907,0.34525314105364185,522.859375,0.44271960854530334,0.10302536189556122,0.17701906026341022,0.7722672064777328,0.24604966139954854,0.3731963805331377,0.49950215220451355,0.1529541015625,0.22940469031870114,3052,900,9352,0.744642972946167,2.581319399085565,0.1378184193337688,0.21489222730241672,0.25,2180,8,0.003669724770642202,3009,148,0.04918577600531738,5721,1841,0.3217968886558294,1494,1055,0.7061579651941098,40.348910342017746,0.35758209228515625,32768.0,526.6301806999836,0
92,0.00014066665419553795,1.2985109192597402,0.20073998063415677,0.6312928504758067,0.23323904422970562,459.04155844155844,1.217389352639,1.6909491047263145,0.3607786388602108,0.6443924469252428,0.34288901059577864,522.859375,0.4377375543117523,0.1062665730714798,0.17559918292681687,0.7600687622789783,0.24951628506933246,0.3756979849478028,0.4931328296661377,0.150390625,0.23129810925939764,3095,977,9309,0.7471567392349243,2.659699542782495,0.1286740692357936,0.2077073807968648,0.25,2180,9,0.004128440366972477,3009,145,0.048188767032236623,5721,1861,0.32529278098234576,1494,1080,0.7228915662650602,40.22596665482838,0.3589344024658203,32768.0,524.1770984000177,0
93,0.00013871678888638056,1.2989805806766856,0.20110699434752588,0.6312415373789799,0.2333160250895209,459.1045454545455,1.2227104617016655,1.680880146721999,0.3536577581738432,0.6440322529524565,0.34159506337406736,522.859375,0.4471682906150818,0.10432156175374985,0.17868383108871058,0.7613111726685133,0.2658819735569171,0.3941204588910134,0.5045294761657715,0.1585693359375,0.24542342610507517,3298,1034,9106,0.7446842789649963,2.829523187459177,0.1201828870019595,0.1952971913781842,0.25,2180,10,0.0045871559633027525,3009,183,0.06081754735792622,5721,2008,0.35098758958224086,1494,1097,0.7342704149933066,40.33899195663826,0.3578453063964844,32768.0,522.0205880999565,0
94,0.00013676353916481417,1.2951372511201091,0.20019223691000568,0.6310012501555604,0.23197188242882877,458.99285714285713,1.2144850159233267,1.6898819748312235,0.36044525463754934,0.6441117584084471,0.3426624828328689,522.859375,0.4467780888080597,0.10321972519159317,0.17650270894519055,0.7752755150934355,0.26088358594001937,0.39039691156955,0.5042909383773804,0.1590576171875,0.2425423474741418,3236,938,9168,0.7444850206375122,2.7263226649248855,0.13063357282821686,0.20182887001959504,0.25,2180,8,0.003669724770642202,3009,166,0.055167829843801926,5721,1982,0.3464429295577696,1494,1080,0.7228915662650602,40.23913557235441,0.3596968650817871,32768.0,531.0971128999954,0
95,0.0001348073869659805,1.295936111699451,0.20039018042288817,0.6311237677351221,0.2322110813740012,459.0961038961039,1.2256200661906949,1.694359685604771,0.3585572652518749,0.6440721803034345,0.3458651197919001,522.859375,0.44358834624290466,0.10054276883602142,0.17527645317604765,0.7697893972403776,0.2563689132537891,0.384638645297853,0.5008376240730286,0.1470947265625,0.2381130662673156,3180,951,9224,0.741285502910614,2.698236446766819,0.13520574787720444,0.20966688438928804,0.25,2180,14,0.006422018348623854,3009,164,0.05450315719508142,5721,1921,0.33578045796189476,1494,1081,0.7235609103078983,39.96082998063871,0.35761547088623047,32768.0,534.3944338000147,0
96,0.00013284881494116406,1.2951909914419248,0.19965029818961372,0.6310579861913409,0.23224135399251788,459.03636363636366,1.2213345149120727,1.6941100154072046,0.3624334925164779,0.6442857319489121,0.3436953948500256,522.859375,0.4487246870994568,0.10284902900457382,0.17862580915680154,0.7742564602632862,0.2560464366333441,0.38482975887556037,0.5016882419586182,0.152587890625,0.2382595648912228,3176,926,9228,0.7422653436660767,2.6792945787067275,0.12606139777922926,0.20966688438928804,0.25,2180,19,0.00871559633027523,3009,174,0.05782652043868395,5721,1921,0.33578045796189476,1494,1062,0.7108433734939759,40.185967298298294,0.3589344024658203,32768.0,532.7471511999611,0
97,0.0001308883063387052,1.2945052960476318,0.19992513342627458,0.6310074030965954,0.2317863796244968,459.06103896103895,1.2338975813481714,1.7026390818258126,0.3656535596431543,0.644246220899125,0.34636965091340244,522.859375,0.4359954595565796,0.09411254525184631,0.17066457959299441,0.7690967902463299,0.24919380844888744,0.37642330877428,0.4938100278377533,0.14697265625,0.23184818481848185,3091,928,9313,0.7431800365447998,2.6250816459830175,0.13063357282821686,0.20966688438928804,0.25,2180,12,0.005504587155963303,3009,147,0.04885343968095713,5721,1857,0.3245936025170425,1494,1075,0.7195448460508701,39.97974575853579,0.3589344024658203,32768.0,527.1732417999883,0
98,0.00012892634488476592,1.2916240587637022,0.19952505127853387,0.6307668588765256,0.23066607263761682,459.07272727272726,1.2287780830999473,1.6968314809103806,0.36392608587630093,0.6442839202160636,0.34431073620604974,522.859375,0.43994081020355225,0.09849090129137039,0.17432577028230298,0.7672653680748799,0.24451789745243468,0.3708504004401785,0.49634721875190735,0.1468505859375,0.22763434404082858,3033,920,9371,0.7448776364326477,2.5819725669497062,0.131939908556499,0.21815806662312215,0.25,2180,11,0.005045871559633028,3009,130,0.04320372216683283,5721,1818,0.3177766124803356,1494,1074,0.7188755020080321,40.253758136287864,0.3572044372558594,32768.0,527.0492072000052,0
99,0.00012696341466397748,1.2924313458142342,0.1999394669354736,0.630874597948867,0.23080864029561543,459.0376623376623,1.237519348751415,1.6923305485397577,0.36028039711527526,0.6447020911922058,0.3436740329489112,522.859375,0.44359564781188965,0.10363724082708359,0.1772557619086001,0.7553733658320407,0.2748306997742664,0.40302654134893895,0.49903038144111633,0.163818359375,0.25236896653834767,3409,1104,8995,0.741756021976471,2.947746570868713,0.11038536903984324,0.1868060091443501,0.25,2180,7,0.003211009174311927,3009,191,0.06347623795280824,5721,2103,0.3675930781331935,1494,1108,0.7416331994645248,40.576894706401575,0.35800600051879883,32768.0,526.2375951999566,0
100,0.0001249999999999999,1.290485450664124,0.19874077689434802,0.6307106855240735,0.23051699352535335,459.0746753246753,1.2314620605923914,1.6912996495763462,0.3571606148810436,0.6443175490324696,0.34491074706117314,522.859375,0.4442330598831177,0.10143598169088364,0.17519531176658348,0.7555949479282074,0.27491131892937765,0.4031447656203818,0.4986191689968109,0.160400390625,0.25246168653290885,3410,1103,8994,0.7414721846580505,2.947746570868713,0.11822338340953625,0.1998693664271718,0.25,2180,8,0.003669724770642202,3009,169,0.05616483881688269,5721,2149,0.3756336304841811,1494,1084,0.7255689424364123,39.69309416845171,0.3575572967529297,65536.0,534.3659768999787,0
101,0.00012303658533602233,1.2918806108948473,0.19946626165954323,0.6308322059643733,0.2307910719378428,459.0668831168831,1.2368696268889812,1.7050765336801608,0.3711904398320864,0.6443980140611529,0.34474403962182504,522.859375,0.4326775372028351,0.10180296003818512,0.17250705117767212,0.766580310880829,0.23855207997420186,0.3638711264141662,0.487395703792572,0.1470947265625,0.22239759488913943,2959,901,9445,0.7458592653274536,2.5212279555845853,0.13912475506205094,0.22338340953625083,0.25,2180,6,0.0027522935779816515,3009,99,0.03290129611166501,5721,1787,0.31235797937423526,1494,1067,0.714190093708166,40.07266970841132,0.35733890533447266,65536.0,523.9108316000202,0
102,0.00012107365511523385,1.2904412039688655,0.19844095129761602,0.6307113428007473,0.23064445572627054,459.1253246753247,1.2431938005345209,1.6974573669334252,0.36340834115010995,0.6443026146541039,0.3448732059138517,522.859375,0.44005680084228516,0.10033204406499863,0.17371261352091097,0.7636319961566178,0.25628829409867787,0.38377497434659263,0.49616920948028564,0.1556396484375,0.23745144905885868,3179,984,9225,0.7408344149589539,2.7191378184193336,0.12540822991508818,0.20574787720444154,0.25,2180,10,0.0045871559633027525,3009,153,0.05084745762711865,5721,1941,0.33927635028841113,1494,1075,0.7195448460508701,38.69898090197404,0.3589344024658203,65536.0,540.4696420999826,0
103,0.00011911169366129456,1.2896035881011516,0.19832623738360095,0.6306384996934371,0.23031942556043725,459.10064935064935,nan,1.7045013420283794,0.3672158263313274,0.6445751882468661,0.34635516613100964,522.859375,0.43976208567619324,0.100218266248703,0.17363060686329845,0.7764053440887321,0.24830699774266365,0.3762751206401564,0.49476438760757446,0.1451416015625,0.23173576104130614,3080,887,9324,0.7435059547424316,2.5911169170476813,0.13455258001306336,0.2116263879817113,0.25,2180,7,0.003211009174311927,3009,135,0.0448654037886341,5721,1861,0.32529278098234576,1494,1077,0.7208835341365462,40.03595431443826,0.35777997970581055,32768.0,529.4114273000159,1
104,0.00011715118505883572,1.2899046180310187,0.1987053718563024,0.6306787351122151,0.23026025523613025,459.0662337662338,1.2446206530967316,1.6910818510999281,0.35883948144813377,0.6443424914032221,0.34394994090932113,522.859375,0.4465428292751312,0.09999989718198776,0.17594205102650448,0.7610401255323919,0.2737020316027088,0.40260895345389863,0.5022109150886536,0.1595458984375,0.2520415738678545,3395,1066,9009,0.7399917244911194,2.913781841933377,0.1201828870019595,0.19856303069888961,0.25,2180,13,0.005963302752293578,3009,192,0.06380857427716849,5721,2112,0.36916622968012586,1494,1078,0.7215528781793842,39.95070956544109,0.35718488693237305,32768.0,534.6707535000169,0
105,0.00011519261303401929,1.2877695602255983,0.1976468250058688,0.6306159923215965,0.2297533716861304,459.0857142857143,1.2474304676829995,1.7005641118933756,0.36231318512000144,0.6447583887105187,0.34674627147614956,522.859375,0.441406786441803,0.09513523429632187,0.17256711628870108,0.7553263063467145,0.27152531441470495,0.3994544268516872,0.4986858069896698,0.154541015625,0.24957391626528344,3368,1091,9036,0.7381427884101868,2.912475506205095,0.12214239059438275,0.20182887001959504,0.25,2180,10,0.0045871559633027525,3009,178,0.05915586573612496,5721,2116,0.3698654081454291,1494,1064,0.7121820615796519,40.28378482048467,0.35671281814575195,32768.0,530.4540872999933,0
106,0.0001132364608351856,1.2868414465870177,0.19751803221350367,0.6306174858049913,0.22935296451890624,459.0285714285714,1.2427096469448757,1.701826447620988,0.3693608952841411,0.6443954082205892,0.3440350745028506,522.859375,0.4378538131713867,0.10104486346244812,0.17400191490596625,0.7713787085514834,0.24943566591422123,0.3769722814498934,0.4904141426086426,0.142822265625,0.232264844981608,3094,917,9310,0.7437960505485535,2.619856303069889,0.1280209013716525,0.21293272370999347,0.25,2180,8,0.003669724770642202,3009,116,0.0385510136257893,5721,1904,0.3328089494843559,1494,1066,0.713520749665328,39.58699115094031,0.3579888343811035,32768.0,529.1818330999813,0
107,0.00011128321111361925,1.2853730875176268,0.19698993470761683,0.6305562327047447,0.22891345904148244,459.02597402597405,1.2451297170156008,1.7071247063577175,0.36918479995802045,0.6445404396702846,0.3466997374004374,522.859375,0.4362982511520386,0.09892495721578598,0.1714688686275622,0.756923781185626,0.2666075459529184,0.3943242115304358,0.4943622052669525,0.152587890625,0.24558146442893214,3307,1062,9097,0.7413436770439148,2.853690398432397,0.124101894186806,0.20640104506858262,0.25,2180,10,0.0045871559633027525,3009,168,0.05583250249252243,5721,2028,0.3544834819087572,1494,1101,0.7369477911646586,39.94371007378207,0.3562893867492676,32768.0,526.7382886999985,0
108,0.00010933334580446188,1.2873616660570169,0.19814063039692967,0.6304979879360695,0.22936152465544737,458.99285714285713,1.247808565567066,1.7039777003228664,0.3673066374224921,0.6445225610708197,0.3460742506819467,522.859375,0.43396109342575073,0.09778749942779541,0.17131813971791415,0.7571846078908914,0.25064495324089003,0.37662023016353724,0.4909774959087372,0.142333984375,0.23199761211849862,3109,997,9295,0.7434086203575134,2.681907250163292,0.12214239059438275,0.20248203788373612,0.25,2180,10,0.0045871559633027525,3009,137,0.0455300764373546,5721,1877,0.3280894948435588,1494,1085,0.7262382864792504,39.78793328627548,0.3575873374938965,32768.0,530.8603388000047,0
109,0.0001073873460078021,1.2861529561993363,0.19727098680548855,0.6304738693810129,0.22920405039346065,458.86168831168834,1.2553379751258082,1.7012403178960085,0.36530275208254653,0.6442112090686957,0.34586317689778906,522.859375,0.4418956935405731,0.09901752322912216,0.1738576908741379,0.7631094756209752,0.26749435665914223,0.39613180515759316,0.49822452664375305,0.1585693359375,0.24698526127735596,3318,1030,9086,0.7401303052902222,2.8399738732854343,0.12083605486610059,0.1998693664271718,0.25,2180,11,0.005045871559633028,3009,165,0.054835493519441676,5721,2066,0.36112567732913825,1494,1076,0.7202141900937081,40.103539788993466,0.3589344024658203,32768.0,533.295736,0
110,0.00010544569186997105,1.284072989031866,0.19679964824833654,0.6303997803044009,0.2284367798984825,459.11233766233767,1.2483098775535435,1.7077375128865242,0.3700281123165041,0.6444886898001035,0.3466103569759677,522.859375,0.4340205192565918,0.09560514986515045,0.1701605960726738,0.7672038884625224,0.24177684617865206,0.36768221663703793,0.49145692586898804,0.137451171875,0.2252516148415202,2999,910,9405,0.7427176237106323,2.5532331809274984,0.14239059438275636,0.22077073807968647,0.25,2180,7,0.003211009174311927,3009,120,0.03988035892323031,5721,1823,0.3186505855619647,1494,1049,0.7021419009370816,39.70159658801173,0.3573722839355469,32768.0,536.1069754000055,0
111,0.00010350886246507371,1.2823840773337847,0.1965624728905303,0.6302610399661126,0.2277802821780954,459.0207792207792,1.255200700636034,1.6947225375721853,0.3612893767034014,0.6446349108591676,0.34439912671223283,522.859375,0.4402005672454834,0.10189063847064972,0.1749344226962421,0.7491792514773473,0.27595936794582393,0.4033464914864785,0.4974398910999298,0.1561279296875,0.252619926199262,3423,1146,8981,0.741343080997467,2.984323971260614,0.11757021554539517,0.19856303069888961,0.25,2180,12,0.005504587155963303,3009,191,0.06347623795280824,5721,2140,0.37406047893724875,1494,1080,0.7228915662650602,39.78031281248511,0.35800790786743164,32768.0,531.5520906000165,0
112,0.00010157733567678435,1.2832510935795771,0.19598672963291794,0.630439545930206,0.2284124082462354,459.06233766233765,1.24906257445162,1.708708346510927,0.3670971334601442,0.6447993842884898,0.34840591391548514,522.859375,0.4384241998195648,0.09593094140291214,0.17048638455744367,0.7634815515610217,0.26023863269912934,0.38816738816738816,0.49602872133255005,0.15576171875,0.24082363473589974,3228,1000,9176,0.7397573590278625,2.7615937295885042,0.12932723709993468,0.21097322011757022,0.25,2180,12,0.005504587155963303,3009,159,0.05284147557328016,5721,1988,0.34749169725572454,1494,1069,0.715528781793842,39.96985153441846,0.35778188705444336,32768.0,528.1917601000168,0
113,9.965158808043588e-05,1.2823540383732164,0.19596779347917476,0.6302958685856361,0.2280451888097571,459.09415584415586,1.2517672239185929,1.7021173505733411,0.3655681891056399,0.6444278598452607,0.3460606514321019,522.859375,0.43975961208343506,0.097072534263134,0.17270714935148135,0.758675799086758,0.2678974524346985,0.3959723546234509,0.4951661229133606,0.15234375,0.2468613030235495,3323,1057,9081,0.7394875288009644,2.860875244937949,0.11691704768125408,0.20574787720444154,0.25,2180,9,0.004128440366972477,3009,158,0.05250913924891991,5721,2078,0.3632232127250481,1494,1078,0.7215528781793842,39.8850575179208,0.3577895164489746,32768.0,533.8112548000063,0
114,9.773209482543215e-05,1.2822041738729972,0.19619447677940519,0.6302259928994365,0.22789185348075705,459.0396103896104,1.2498508658114966,1.6934025672574837,0.3636033346410841,0.6443317787100872,0.34273372194729745,522.859375,0.447597473859787,0.10035218298435211,0.17708525469643063,0.7579347340187751,0.2733795549822638,0.40182486076549356,0.5037958025932312,0.1572265625,0.25142730036331284,3391,1083,9013,0.7411249876022339,2.922273024167211,0.116263879817113,0.19856303069888961,0.25,2180,10,0.0045871559633027525,3009,170,0.05649717514124294,5721,2113,0.36934102429645166,1494,1098,0.7349397590361446,40.2961102201054,0.3571629524230957,32768.0,530.2132977999863,0
115,9.581932951801175e-05,1.2822765969997876,0.19604370412114377,0.630338491131733,0.2279472012266323,458.8461038961039,1.2608008399799273,1.705645252019167,0.3696512751436482,0.6445381393035253,0.3457279185919712,522.859375,0.4344717860221863,0.09890166670084,0.17119230041862465,0.7558886509635975,0.25612705578845535,0.38260974287950866,0.49362000823020935,0.1505126953125,0.23655994043186895,3177,1026,9227,0.742242157459259,2.745264532984977,0.12606139777922926,0.2122795558458524,0.25,2180,7,0.003211009174311927,3009,137,0.0455300764373546,5721,1949,0.34067470721901766,1494,1084,0.7255689424364123,40.1610096399901,0.35782575607299805,32768.0,526.1516122000176,0
116,9.391376410439309e-05,1.2806179213446456,0.19568781608884986,0.6302231616788097,0.22735347181268326,459.0688311688312,nan,1.7049603816121817,0.36974738297673565,0.6444684745122989,0.34537226186754805,522.859375,0.4480222165584564,0.0989713966846466,0.17569666411727666,0.7744960150023441,0.26636568848758463,0.3964007198560287,0.5046958923339844,0.1572265625,0.24719437378422865,3304,962,9100,0.7395447492599487,2.7864141084258653,0.12083605486610059,0.20052253429131286,0.25,2180,12,0.005504587155963303,3009,185,0.06148222000664673,5721,2024,0.35378430344345396,1494,1083,0.7248995983935743,39.87498684852938,0.3575630187988281,32768.0,526.2146708000218,1
117,9.201586875432833e-05,1.2796263029436012,0.1954347800947242,0.6301938339487299,0.22699884479115537,458.93701298701296,1.2665098102835866,1.7032719869166613,0.36514909138592583,0.6446292487283548,0.3467468241384874,522.859375,0.437908411026001,0.09816022217273712,0.17214721333875788,0.7453498671390612,0.27136407610448243,0.39787234042553193,0.4945831596851349,0.1485595703125,0.24833997343957503,3366,1150,9038,0.739106297492981,2.9497060744611363,0.10842586544741999,0.1952971913781842,0.25,2180,11,0.005045871559633028,3009,179,0.05948820206048521,5721,2079,0.3633980073413739,1494,1097,0.7342704149933066,40.270796352095886,0.35803937911987305,32768.0,526.8859809000278,0
118,9.012611174509629e-05,1.2791968759778258,0.1957561770671761,0.6299823531856784,0.22672917296166545,459.0409090909091,1.2646077348427338,1.7089727135996025,0.37042854850490886,0.6446493547409773,0.3469474023828904,522.859375,0.4351949393749237,0.1005089059472084,0.17090041260235012,0.7554524361948955,0.2624959690422444,0.3896134976666268,0.4909172058105469,0.1541748046875,0.2419378808143855,3256,1054,9148,0.741123378276825,2.815153494448073,0.11495754408883083,0.19268451992161986,0.25,2180,9,0.004128440366972477,3009,155,0.051512130275839146,5721,1977,0.34556895647614055,1494,1115,0.7463186077643909,40.042137301024354,0.3580503463745117,32768.0,530.8393826000392,0
119,8.824495934596195e-05,1.2775241626934573,0.19503324122784974,0.6300427062170846,0.22622410684049904,459.1318181818182,1.2634545213990398,1.7128515411168337,0.37605927838012576,0.6443910654634237,0.3462006006545077,522.859375,0.4373449683189392,0.097450390458107,0.1717695431492757,0.7725024727992087,0.25185424056755884,0.379863813229572,0.49302247166633606,0.1453857421875,0.2344641248874212,3124,920,9280,0.7421693205833435,2.6414108425865446,0.13128674069235793,0.2116263879817113,0.25,2180,4,0.001834862385321101,3009,120,0.03988035892323031,5721,1918,0.3352560741129173,1494,1082,0.7242302543507363,40.132442466722736,0.3580513000488281,32768.0,535.2661772999563,0
120,8.637287570313156e-05,1.2784789106288514,0.19474684539456646,0.6300794620405544,0.22682630123643133,459.10974025974025,1.2581500069274532,1.7056231026848157,0.3682355317287147,0.6447437160337964,0.3463219288581361,522.859375,0.4335874319076538,0.09904592484235764,0.17143467895220965,0.7433260393873086,0.2738632699129313,0.4002592199835042,0.49068236351013184,0.1572265625,0.2502025484274877,3397,1173,9007,0.7409705519676208,2.984977139124755,0.11169170476812541,0.19268451992161986,0.25,2180,9,0.004128440366972477,3009,162,0.053838484546360914,5721,2106,0.36811746198217093,1494,1120,0.749665327978581,39.95010095570612,0.3571476936340332,32768.0,535.5035105000134,0
121,8.451032272523127e-05,1.2766225212580198,0.19420771283859556,0.6299386648775696,0.22623807204427657,459.0064935064935,1.2671174327661465,1.709818613405029,0.3709988332508753,0.6448729382827878,0.3469734210520983,522.859375,0.43384167551994324,0.09792780876159668,0.1697132138593588,0.7566800662095058,0.2579812963560142,0.38477725004509106,0.490424782037735,0.1468505859375,0.2382193106528698,3200,1029,9204,0.7399531006813049,2.7622468974526453,0.124101894186806,0.20444154147615937,0.25,2180,8,0.003669724770642202,3009,158,0.05250913924891991,5721,1958,0.34224785876595,1494,1076,0.7202141900937081,40.27962086654004,0.35716819763183594,32768.0,525.8587548999931,0
122,8.265775996933852e-05,1.276346984815288,0.19382951302187784,0.6299300372213512,0.2262937177504812,459.0694805194805,1.2648891426139064,1.7116500524183114,0.374203479460751,0.6449103942140937,0.34626808715984225,522.859375,0.4363965392112732,0.09880150109529495,0.1720074400131125,0.7643238227789376,0.26564011609158333,0.39425665569847446,0.4944065809249878,0.1466064453125,0.2455290611028316,3295,1016,9109,0.740768313407898,2.815806662312214,0.12083605486610059,0.2037883736120183,0.25,2180,6,0.0027522935779816515,3009,138,0.045862412761714856,5721,2055,0.35920293654955426,1494,1096,0.7336010709504686,40.25451122167284,0.3578066825866699,32768.0,527.7716705999919,0
123,8.081564452759281e-05,1.276550931706057,0.19437261663087002,0.6299883799119429,0.22609496763967848,459.13051948051947,1.275337804950677,1.7114929327120383,0.37393915218611556,0.6447886334111294,0.3463825747991602,522.859375,0.4326440393924713,0.09424901008605957,0.16940605640993453,0.7482406356413167,0.2657207352466946,0.392170860848355,0.4894830584526062,0.149169921875,0.24391326870421076,3296,1109,9108,0.7409845590591431,2.877204441541476,0.11561071195297191,0.19856303069888961,0.25,2180,10,0.0045871559633027525,3009,159,0.05284147557328016,5721,2030,0.35483307114140883,1494,1097,0.7342704149933066,40.03825469700223,0.3573884963989258,32768.0,532.5025059999898,0
124,7.898443091441522e-05,1.2770978415941263,0.19469946990539502,0.6300651205824567,0.22616662576601101,459.0409090909091,1.2746698777784,1.7039930106451113,0.36161509924568236,0.6446288398777446,0.3488745365757495,522.859375,0.4378322958946228,0.09356587380170822,0.17033456897770521,0.7325773195876288,0.286439858110287,0.41184652834125424,0.49480336904525757,0.1583251953125,0.2593241369243121,3553,1297,8851,0.7352159023284912,3.1678641410842587,0.0999346832135859,0.18419333768778576,0.25,2180,11,0.005045871559633028,3009,224,0.07444333665669657,5721,2194,0.3834993882188429,1494,1124,0.7523427041499331,40.22279570408524,0.3575859069824219,32768.0,530.4116440999787,0
125,7.716457095436375e-05,1.2763380526335208,0.19400096277815182,0.6301010894697981,0.22611799993878834,459.0779220779221,1.269877112066591,1.710928422709306,0.3710097329846273,0.6449682268624505,0.3474752349623789,522.859375,0.4328024983406067,0.09547024965286255,0.16982513507828118,0.7527829313543599,0.26168977749113187,0.38837042354630297,0.48938488960266113,0.1485595703125,0.24097995545657017,3246,1066,9158,0.7399702072143555,2.8164598301763553,0.12214239059438275,0.20640104506858262,0.25,2180,7,0.003211009174311927,3009,131,0.04353605849119309,5721,2019,0.35291033036182484,1494,1089,0.7289156626506024,40.083809422584174,0.3579826354980469,32768.0,525.0714060000028,0
126,7.535651367065235e-05,1.2757559071887623,0.19393847320567478,0.6298658571072987,0.2259757894200164,459.0655844155844,1.263604492994098,1.7136336173862219,0.3741748109459877,0.6448307012518247,0.3473140518181026,522.859375,0.4262346625328064,0.09416221082210541,0.16704000888566953,0.7312689475963621,0.27225088681070625,0.396780636822935,0.4823647737503052,0.1458740234375,0.2474899230487358,3377,1241,9027,0.7386621832847595,3.016329196603527,0.10646636185499674,0.1952971913781842,0.25,2180,9,0.004128440366972477,3009,158,0.05250913924891991,5721,2105,0.36794266736584513,1494,1105,0.7396251673360107,40.29397902404565,0.3589344024658203,32768.0,524.5149321000208,0
127,7.356070517436135e-05,1.2765801045027647,0.1938062857739724,0.6300854269560281,0.22634419475669984,459.1487012987013,1.2727819643624416,1.7081464249640703,0.3715125172554205,0.6448386190459132,0.34589764615520835,522.859375,0.4366605281829834,0.09715206921100616,0.17112388683017343,0.7573202155071446,0.2606417284746856,0.387812631200144,0.4930049479007721,0.1400146484375,0.24055059523809524,3233,1036,9171,0.7396683692932129,2.7883736120182885,0.12148922273024167,0.20509470934030047,0.25,2180,7,0.003211009174311927,3009,144,0.047856430707876374,5721,2006,0.35063800034958925,1494,1076,0.7202141900937081,40.10736524898494,0.3580055236816406,32768.0,534.2528123999946,0
128,7.177758855436586e-05,1.2739001793907834,0.19363857430780862,0.6297832845480411,0.2252391601731251,459.0662337662338,nan,1.7119058618942897,0.37116587775138515,0.645003700007995,0.3478681386914104,522.859375,0.4260636270046234,0.09443473070859909,0.16675298539630604,0.735354927636113,0.25806191551112545,0.382049292832846,0.48256024718284607,0.15771484375,0.23613160224254942,3201,1152,9203,0.7391135692596436,2.84323971260614,0.11169170476812541,0.1992161985630307,0.25,2180,6,0.0027522935779816515,3009,135,0.0448654037886341,5721,1963,0.3431218318475791,1494,1097,0.7342704149933066,40.03077573315714,0.3579854965209961,16384.0,534.6104142999975,1
129,7.000760376801055e-05,1.2733426177656495,0.1935217865875789,0.629877869533254,0.22497148227382016,459.0668831168831,1.2727322552885327,1.714433095107476,0.3783196214741717,0.6449055078749856,0.34560398540149134,522.859375,0.4351773262023926,0.09674472361803055,0.17137898065848275,0.7559322033898305,0.2516930022573363,0.3776460626587637,0.4934152066707611,0.1473388671875,0.23277661795407098,3122,1008,9282,0.7421934604644775,2.697583278902678,0.1338994121489223,0.2194644023514043,0.25,2180,8,0.003669724770642202,3009,133,0.044200731139913595,5721,1909,0.333682922565985,1494,1072,0.7175368139223561,39.4764965724098,0.35693836212158203,16384.0,531.8575518999714,0
130,6.82511875325566e-05,1.273576804414972,0.19342764645524613,0.6298476074423108,0.2251507748353791,459.0487012987013,1.2850927410574702,1.7073705562700827,0.3724830658175051,0.6447518216446042,0.3450678337054948,522.859375,0.44166556000709534,0.09787140041589737,0.1741262031631777,0.7507802050824788,0.27152531441470495,0.39881586737714625,0.5002033114433289,0.1568603515625,0.24907558053542375,3368,1118,9036,0.7398862242698669,2.930111038536904,0.11822338340953625,0.2037883736120183,0.25,2180,8,0.003669724770642202,3009,180,0.05982053838484546,5721,2091,0.3654955427372837,1494,1089,0.7289156626506024,39.941512698389154,0.3580479621887207,16384.0,530.4406189000001,0
131,6.65087732174283e-05,1.2711534221451004,0.1925668496590156,0.6297875070726716,0.22439953290990422,459.02337662337663,1.2770784434560056,1.709759556998809,0.3733839112489174,0.6448129642133912,0.3457813404966146,522.859375,0.4338698387145996,0.10034032166004181,0.17136739651323296,0.7514164305949008,0.25661077071912286,0.3825721153846154,0.49133941531181335,0.142333984375,0.23653117336702087,3183,1053,9221,0.7425497770309448,2.766819072501633,0.11822338340953625,0.20313520574787722,0.25,2180,7,0.003211009174311927,3009,137,0.0455300764373546,5721,1952,0.3411990910679951,1494,1087,0.7275769745649264,40.007116279608645,0.3577756881713867,16384.0,533.2530908999615,0
132,6.478079073728552e-05,1.2724221757093033,0.19292689870510782,0.6296964589651529,0.2248994091307962,458.9974025974026,1.2798658886126109,1.7208584230393171,0.3794698833953589,0.6446953456227978,0.34834659619567293,522.859375,0.433547705411911,0.09363508969545364,0.16875231672311203,0.758763388510224,0.25128990648178007,0.3775436046511628,0.4890691339969635,0.14501953125,0.23269876819708846,3117,991,9287,0.7396881580352783,2.683213585891574,0.12344872632266493,0.2116263879817113,0.25,2180,7,0.003211009174311927,3009,135,0.0448654037886341,5721,1900,0.3321097710190526,1494,1075,0.7195448460508701,39.906658836687875,0.35804319381713867,16384.0,534.2637890999904,0
133,6.306766644594899e-05,1.2705170064003437,0.19189412702213635,0.6298638017146618,0.22437953868663157,459.03376623376624,1.2780557702501099,1.7173410983135302,0.3766464355867356,0.6447855699807405,0.34795454641183216,522.859375,0.43730542063713074,0.09764068573713303,0.17120892742241267,0.7532169117647058,0.26426959045469206,0.39126283122463595,0.4939993917942047,0.1461181640625,0.24321115892565662,3278,1074,9126,0.739044189453125,2.842586544741999,0.11691704768125408,0.1992161985630307,0.25,2180,12,0.005504587155963303,3009,174,0.05782652043868395,5721,1998,0.34923964341898267,1494,1094,0.7322623828647925,40.03342269014821,0.3573880195617676,16384.0,534.1585122999968,0
134,6.136982303120352e-05,1.270155815180246,0.19171055520509744,0.6297242761045307,0.22436049230299987,459.0876623376623,1.2767320676283402,1.712796635304888,0.3766000100877136,0.6448186254128814,0.3456889985439678,522.859375,0.44099876284599304,0.09946028143167496,0.17333987337187864,0.7625059552167699,0.25806191551112545,0.3856161908203831,0.4947918951511383,0.1405029296875,0.23886277143496754,3201,997,9203,0.7418380975723267,2.7419986936642715,0.11952971913781842,0.2077073807968648,0.25,2180,9,0.004128440366972477,3009,154,0.0511797939514789,5721,1973,0.3448697780108373,1494,1065,0.7128514056224899,40.05946440941098,0.357149600982666,16384.0,531.1433150000521,0
135,5.9687679410506336e-05,1.2711192192969385,0.19270307951933377,0.6295608015029461,0.2244276685277363,459.0409090909091,1.2816435626961968,1.723179493099451,0.3844575146213174,0.644862849265337,0.34692956670187414,522.859375,0.42847052216529846,0.09390697628259659,0.16652429064561147,0.7601513240857504,0.24298613350532086,0.3682570712932983,0.4809556007385254,0.1492919921875,0.22568326469487082,3014,951,9390,0.7406982183456421,2.5898105813193992,0.1365120836054866,0.21815806662312215,0.25,2180,6,0.0027522935779816515,3009,119,0.03954802259887006,5721,1820,0.3181262017129872,1494,1069,0.715528781793842,39.7958051465304,0.35800790786743164,16384.0,530.1730021000258,0
136,5.802165062762532e-05,1.2707655497185595,0.19294457937796394,0.6296086742893442,0.22410614871746534,459.0298701298701,1.2972510679975733,1.7192908183981974,0.37755439383909106,0.6449623377993703,0.3483870425261557,522.859375,0.4322095513343811,0.09410876035690308,0.16766884589451364,0.741371582250112,0.2666881651080297,0.392268469109451,0.4899113178253174,0.145751953125,0.2439887889069184,3308,1154,9096,0.7373783588409424,2.914435009797518,0.11299804049640758,0.1992161985630307,0.25,2180,11,0.005045871559633028,3009,182,0.060485211033565967,5721,2037,0.35605663345568955,1494,1078,0.7215528781793842,40.15049836591011,0.35802173614501953,16384.0,534.1991089999792,0
137,5.637214775023345e-05,1.2679105746668655,0.1911567376902351,0.629606690538394,0.22357357244019385,459.08506493506496,1.2775009959162056,1.7190968363235395,0.377428462728858,0.6452727910752097,0.348197790949295,522.859375,0.4335225820541382,0.09595140814781189,0.16990983362193218,0.7551515151515151,0.25112866817155755,0.37691330389013256,0.4916774332523346,0.142578125,0.2322200685850604,3115,1010,9289,0.7400227785110474,2.6943174395819725,0.131939908556499,0.21815806662312215,0.25,2180,3,0.0013761467889908258,3009,144,0.047856430707876374,5721,1890,0.33036182485579446,1494,1078,0.7215528781793842,40.55381673103995,0.35691022872924805,16384.0,535.4928889999865,0
138,5.47395777684836e-05,1.2697509885608376,0.19142787641325554,0.6296451327475634,0.2243389902176795,459.05,1.2831280717214981,1.7159759569913149,0.3768788684780399,0.6451423761124412,0.34697735294078785,522.859375,0.43853524327278137,0.09965137392282486,0.17286580510553903,0.759277108433735,0.2540309577555627,0.38069348797873626,0.4948408007621765,0.146728515625,0.23509662015966576,3151,999,9253,0.74225252866745,2.7106466361854995,0.12540822991508818,0.20836054866100587,0.25,2180,6,0.0027522935779816515,3009,146,0.04852110335659687,5721,1923,0.3361300471945464,1494,1076,0.7202141900937081,39.90670430468914,0.3578500747680664,16384.0,534.7399539000471,0
139,5.312434349459012e-05,1.2678525608081321,0.19106746339178704,0.6295887699761948,0.22359816332335597,459.14285714285717,1.2827353167456466,1.7142960503697395,0.37623928238948184,0.6448952201753855,0.3465807753770302,522.859375,0.4332522451877594,0.09460513293743134,0.16977645248989576,0.7477456647398844,0.26072234762979685,0.3866339888815829,0.49085381627082825,0.1505126953125,0.23964431270841052,3234,1091,9170,0.7398012280464172,2.8249510124101893,0.1201828870019595,0.20640104506858262,0.25,2180,7,0.003211009174311927,3009,154,0.0511797939514789,5721,1999,0.3494144380353085,1494,1074,0.7188755020080321,39.73839936285189,0.3589344024658203,16384.0,533.0827052000095,0
140,5.1526843463440816e-05,1.2670977766637679,0.19093839296369583,0.629516488081449,0.22332144854227443,459.06493506493507,1.2896785764338135,1.720967552314202,0.378018334430332,0.6450354801490903,0.3489568669659396,522.859375,0.4289228320121765,0.09366625547409058,0.1681558646116173,0.739149988756465,0.2649951628506933,0.3901252151207643,0.4901560842990875,0.1531982421875,0.2423326452373931,3287,1160,9117,0.7386355400085449,2.904637491835402,0.116263879817113,0.1998693664271718,0.25,2180,8,0.003669724770642202,3009,174,0.05782652043868395,5721,2021,0.3532599195944765,1494,1084,0.7255689424364123,40.280981124727774,0.35716772079467773,16384.0,531.2743292000378,0
141,4.994747183426446e-05,1.2676656066984324,0.1911932619699797,0.6295113437748575,0.22348049975834883,459.0571428571429,1.2836092287069791,1.7179717533290386,0.3794675578052799,0.6448748223483562,0.3468146852683276,522.859375,0.43299436569213867,0.09590400755405426,0.16946116764156613,0.7516152189519024,0.25322476620445017,0.3788216848579871,0.4918539226055145,0.147216796875,0.23367058473441452,3141,1038,9263,0.7398278117179871,2.729588504245591,0.12606139777922926,0.21358589157413455,0.25,2180,7,0.003211009174311927,3009,138,0.045862412761714856,5721,1923,0.3361300471945464,1494,1073,0.7182061579651942,39.88685160009028,0.3573946952819824,32768.0,533.618233199988,0
142,4.838661829337787e-05,1.266614396579854,0.1911789062686942,0.6293878928407446,0.22302379946333248,459.0857142857143,1.287128496905426,1.7214019062618415,0.3789772119683524,0.6450101404140393,0.3487072732920448,522.859375,0.4370689392089844,0.09263080358505249,0.16910095636267214,0.7561314206385933,0.2634633989035795,0.3907688628482602,0.49565020203590393,0.1539306640625,0.24282954376578986,3268,1054,9136,0.7367808222770691,2.822991508817766,0.12279555845852384,0.20444154147615937,0.25,2180,7,0.003211009174311927,3009,168,0.05583250249252243,5721,2036,0.35588183883936375,1494,1057,0.7074966532797858,40.21744860980302,0.3573746681213379,32768.0,536.6322787000099,0
143,4.6844667958036797e-05,1.268613737318423,0.19125371002047867,0.6296634944615426,0.22384826649319042,459.1025974025974,1.2886781141355441,1.7288092859089375,0.38317547971382737,0.64544701607277,0.35009339498355985,522.859375,0.4276694357395172,0.09087386727333069,0.1655550304800272,0.7501191043353979,0.2538697194453402,0.37935188531502234,0.4853024184703827,0.1444091796875,0.23407418419683343,3149,1049,9255,0.7375591397285461,2.7419986936642715,0.12671456564337036,0.2116263879817113,0.25,2180,6,0.0027522935779816515,3009,139,0.046194749086075106,5721,1938,0.33875196643943367,1494,1066,0.713520749665328,40.04544145582061,0.35741519927978516,32768.0,532.5349537000293,0
144,4.532200128141373e-05,1.2661576389492333,0.19100636118998776,0.6293611341482633,0.22289507213931578,459.0772727272727,1.289591357498974,1.7203459683805704,0.3824183971155435,0.6448328113183379,0.34654737954648834,522.859375,0.4337337911128998,0.09767868369817734,0.17024963911389931,0.755581947743468,0.25644953240890034,0.382930058986397,0.4921328127384186,0.1546630859375,0.2368048834958684,3181,1029,9223,0.7421488165855408,2.7498367080339645,0.124101894186806,0.21293272370999347,0.25,2180,9,0.004128440366972477,3009,148,0.04918577600531738,5721,1958,0.34224785876595,1494,1066,0.713520749665328,39.928733529511966,0.3575420379638672,32768.0,531.3660563000012,0
145,4.3818993958727004e-05,1.2668882239174533,0.19120367547231062,0.6295326370310473,0.2230759564013063,459.0694805194805,nan,1.7167658327768247,0.37530572107061744,0.6450563386703531,0.3482018855089943,522.859375,0.4315008521080017,0.09135081619024277,0.16772422345238738,0.7461485398942286,0.26160915833602066,0.3873933026920552,0.4893498122692108,0.1453857421875,0.24022801302931596,3245,1104,9159,0.7378418445587158,2.8406270411495753,0.11822338340953625,0.20705421293272372,0.25,2180,7,0.003211009174311927,3009,157,0.05217680292455965,5721,2004,0.3502884111169376,1494,1077,0.7208835341365462,40.353404915638784,0.357576847076416,16384.0,529.6053921999992,1
146,4.233601683454349e-05,1.2672324326905338,0.19103311173037274,0.6295599502402467,0.2233196854252707,459.01363636363635,1.301166658084114,1.7180976960808039,0.3758165275988479,0.6451138826087117,0.3485836402978748,522.859375,0.43158453702926636,0.09235873818397522,0.16683858857140876,0.7378021978021978,0.27063850370848114,0.3960127403562581,0.4902372658252716,0.1510009765625,0.2468926969184379,3357,1193,9047,0.7362276315689087,2.971913781841933,0.10516002612671456,0.1946440235140431,0.25,2180,8,0.003669724770642202,3009,157,0.05217680292455965,5721,2086,0.3646215696556546,1494,1106,0.7402945113788487,40.58166375125728,0.35694074630737305,16384.0,534.7818356999778,0
147,4.0873435811278273e-05,1.2653323126690728,0.19048833257772707,0.6293830044857868,0.22273048752701127,458.94675324675325,1.2911677499483158,1.7262068179746468,0.382523189454029,0.6450764695182443,0.3493035778713723,522.859375,0.4264402389526367,0.09292323142290115,0.1659359296609182,0.745333026042867,0.26072234762979685,0.3863106970077047,0.48522672057151794,0.14697265625,0.23939595825005552,3234,1105,9170,0.7376991510391235,2.8340953625081644,0.11822338340953625,0.2037883736120183,0.25,2180,8,0.003669724770642202,3009,146,0.04852110335659687,5721,2008,0.35098758958224086,1494,1072,0.7175368139223561,40.09352299382192,0.35782861709594727,16384.0,534.3899636999704,0
148,3.943161175891386e-05,1.265903539704038,0.19095372814539965,0.6293136337747821,0.2228180885508463,459.0201298701299,1.2994017553019834,1.72610504925251,0.38267446340372163,0.6451605396966139,0.34913502431785065,522.859375,0.4323102831840515,0.09264729917049408,0.1683896818489302,0.7562647754137116,0.25790067720090293,0.3846338824095227,0.4903876483440399,0.1522216796875,0.2381094157052475,3199,1031,9205,0.7371057271957397,2.7629000653167863,0.12736773350751143,0.2116263879817113,0.25,2180,7,0.003211009174311927,3009,158,0.05250913924891991,5721,1966,0.34364621569655657,1494,1068,0.714859437751004,40.02187516055439,0.35798215866088867,16384.0,533.6951658000471,0
149,3.8010900425960664e-05,1.26557961578493,0.1904934463756425,0.6294493783991059,0.2228183954905767,459.0987012987013,1.2934341366027857,1.7228249609470367,0.38259247395520407,0.6450939740364751,0.3475692584179342,522.859375,0.4316709637641907,0.09134165942668915,0.1670680940966122,0.7516587677725118,0.25572396001289904,0.3816169393647738,0.4878133237361908,0.1419677734375,0.23580136782634553,3172,1048,9232,0.7383063435554504,2.7563683866753754,0.11952971913781842,0.20836054866100587,0.25,2180,6,0.0027522935779816515,3009,130,0.04320372216683283,5721,1972,0.34469498339451143,1494,1064,0.7121820615796519,40.34541587994776,0.35780858993530273,16384.0,524.5012118000304,0
150,3.661165235168152e-05,1.2658297775627732,0.1910566686084131,0.6294324571436102,0.22267032604809706,458.88051948051947,1.3055488382067,1.721001861616969,0.3790197914155821,0.6450103561704358,0.3484858555408816,522.859375,0.42766129970550537,0.09118130803108215,0.16644274773134385,0.7481674154646488,0.255079006772009,0.38044850598208374,0.48818618059158325,0.146728515625,0.2349097928576732,3164,1065,9240,0.7384232878684998,2.7622468974526453,0.11822338340953625,0.20509470934030047,0.25,2180,6,0.0027522935779816515,3009,141,0.04685942173479561,5721,1952,0.3411990910679951,1494,1065,0.7128514056224899,40.13120354076448,0.3571596145629883,16384.0,534.9612980000093,0
151,3.523421277960137e-05,1.2655142795342904,0.19060078973506953,0.62937916555962,0.22276716106510783,459.0779220779221,1.2998232725378756,1.7217124036202829,0.3808048291442295,0.6451400012398759,0.34788378498827416,522.859375,0.4297935664653778,0.09539652615785599,0.16858385659288616,0.7498261071180153,0.26072234762979685,0.38691152718789257,0.4862731099128723,0.1494140625,0.23985759845731663,3234,1079,9170,0.7395148873329163,2.8171129980404963,0.11561071195297191,0.20509470934030047,0.25,2180,7,0.003211009174311927,3009,139,0.046194749086075106,5721,2006,0.35063800034958925,1494,1082,0.7242302543507363,40.3168482057742,0.35810184478759766,16384.0,535.5067680000211,0
152,3.3878921572323536e-05,1.2643428880285907,0.18982913535717247,0.6293469060551037,0.22258342340975612,459.11753246753244,1.2929562748639614,1.7306834856669109,0.38972019295518595,0.6451102516924342,0.3479265176380674,522.859375,0.4352318346500397,0.09308149665594101,0.16886547657777556,0.7648087978005499,0.24669461464043857,0.37305699481865284,0.4934728145599365,0.1441650390625,0.22929936305732485,3060,941,9344,0.7396279573440552,2.6133246244284782,0.12998040496407576,0.21293272370999347,0.25,2180,4,0.001834862385321101,3009,135,0.0448654037886341,5721,1875,0.3277399056109072,1494,1046,0.7001338688085676,40.2019832466403,0.357790470123291,16384.0,533.1197491000057,0
153,3.254611312767374e-05,1.2635098096999255,0.1896993745795705,0.629310568663981,0.22224993262585108,459.0376623376623,1.287501761317253,1.7316969664146502,0.3875645633476476,0.6450829946746429,0.3495247047394514,522.859375,0.4312039315700531,0.09223302453756332,0.1666651331644971,0.75017413512886,0.26048049016446306,0.38669140087367604,0.4878281056880951,0.1417236328125,0.23968842729970327,3231,1076,9173,0.7395934462547302,2.81319399085565,0.11299804049640758,0.20313520574787722,0.25,2180,8,0.003669724770642202,3009,138,0.045862412761714856,5721,2006,0.35063800034958925,1494,1079,0.7222222222222222,40.31598051844723,0.3589344024658203,16384.0,526.5163116999902,0
154,3.123611629619252e-05,1.2639248645150816,0.1903197126632387,0.6293648453888955,0.2221201529944098,459.03636363636366,1.3021664116676752,1.718073945492506,0.3790181629980604,0.6448738888526956,0.347090944647789,522.859375,0.43383172154426575,0.09446761757135391,0.1695598415681161,0.7472948602344455,0.26725249919380845,0.39370546318289784,0.49152320623397827,0.149169921875,0.24510166358595195,3315,1121,9089,0.7383418679237366,2.89745264532985,0.11365120836054866,0.1998693664271718,0.25,2180,7,0.003211009174311927,3009,162,0.053838484546360914,5721,2080,0.3635728019576997,1494,1066,0.713520749665328,40.27157650406495,0.35782861709594727,16384.0,528.3791168000316,0
155,2.9949254299996094e-05,1.2636260835381297,0.19033337075311643,0.6292827568657986,0.22200497882803538,459.0948051948052,1.3023637883848957,1.7309798368563254,0.38956965909649927,0.6453495109453797,0.34803033418332535,522.859375,0.4245624244213104,0.09408721327781677,0.16635672695701942,0.7552518349784865,0.24056755885198322,0.36490369917456433,0.4829816222190857,0.13330078125,0.2231695460324583,2984,967,9420,0.7417402863502502,2.5806662312214237,0.12998040496407576,0.21685173089483997,0.25,2180,4,0.001834862385321101,3009,105,0.03489531405782652,5721,1820,0.3181262017129872,1494,1055,0.7061579651941098,40.58268734468313,0.3579869270324707,16384.0,532.1395924999961,0
156,2.8685844653026318e-05,1.264113550875094,0.19021680388454493,0.6293251676605893,0.222285789677075,459.06363636363636,1.2901237697570356,1.727475514014562,0.38328797292585176,0.6451188658053676,0.34953433826255303,522.859375,0.42870938777923584,0.0928984060883522,0.16624479501042516,0.7355692448094913,0.2599161560786843,0.38410674927026867,0.48803621530532837,0.1439208984375,0.23770552237705522,3224,1159,9180,0.7381641268730164,2.8628347485303722,0.11561071195297191,0.20313520574787722,0.25,2180,9,0.004128440366972477,3009,148,0.04918577600531738,5721,1985,0.3469673134067471,1494,1082,0.7242302543507363,40.00740241492021,0.35672426223754883,16384.0,535.5861822000006,0
157,2.7446199082708765e-05,1.2616537714546376,0.18941438310815917,0.6292108561311449,0.2215142666712984,459.0584415584416,1.2942616695320452,1.7228737187882264,0.3810613793320954,0.6450892193242908,0.3483615628598879,522.859375,0.43058449029922485,0.09691938757896423,0.1689168855198659,0.7455806668158425,0.2686230248306998,0.3949505126533515,0.48887917399406433,0.1475830078125,0.24606749870762867,3332,1137,9072,0.7381218075752258,2.9190071848465053,0.11365120836054866,0.20248203788373612,0.25,2180,7,0.003211009174311927,3009,164,0.05450315719508142,5721,2084,0.36427198042300296,1494,1077,0.7208835341365462,39.798608588645635,0.35800886154174805,16384.0,534.7911849000375,0
158,2.623062345303866e-05,1.263235221396793,0.19038764801505323,0.6292850336084118,0.22178127082524363,458.7766233766234,1.3019885107294304,1.7283805664628744,0.3864323932987948,0.6454393217960993,0.3482544265377025,522.859375,0.4322279691696167,0.09424116462469101,0.168481055367738,0.7543611504007544,0.2579812963560142,0.3844767511714526,0.4896966516971588,0.14697265625,0.23798899300907334,3200,1042,9204,0.7388936877250671,2.7707380796864793,0.12148922273024167,0.20444154147615937,0.25,2180,4,0.001834862385321101,3009,144,0.047856430707876374,5721,1986,0.3471421080230729,1494,1066,0.713520749665328,40.217339332269056,0.3589344024658203,32768.0,529.9120429999894,0
159,2.5039417689113655e-05,1.262285319783471,0.18916589528709263,0.6292527625313052,0.2219333306051694,458.9733766233766,1.3031781221365,1.721282950292031,0.3800419568239401,0.6450714816649755,0.3480847574925671,522.859375,0.4335249364376068,0.09393057227134705,0.16886353909503668,0.7462921348314607,0.26773621412447596,0.39409042363830543,0.4903392195701599,0.1524658203125,0.24540013300820218,3321,1129,9083,0.7382661700248718,2.906596995427825,0.10907903331156107,0.1952971913781842,0.25,2180,10,0.0045871559633027525,3009,161,0.053506148222000664,5721,2054,0.35902814193322846,1494,1096,0.7336010709504686,39.824777906628604,0.358034610748291,32768.0,533.535111300007,0
160,2.3872875703131548e-05,1.2612805407542687,0.1893750707340705,0.6291576981157452,0.2213738865763336,459.0668831168831,1.2929012927142056,1.7249359544366598,0.38290640742828447,0.6451579763864478,0.3484357863975068,522.859375,0.42636507749557495,0.09262402355670929,0.16625144085264765,0.7437747265534094,0.25765881973556914,0.382731572959703,0.483606219291687,0.142333984375,0.23665309144761199,3196,1101,9208,0.7385396957397461,2.806662312214239,0.11365120836054866,0.20313520574787722,0.25,2180,6,0.0027522935779816515,3009,134,0.044533067464273844,5721,1986,0.3471421080230729,1494,1070,0.7161981258366801,40.381330122312185,0.3578476905822754,32768.0,535.4283686000272,0
161,2.2731285321872055e-05,1.2607517992908304,0.1892410752254647,0.6290877623991533,0.22121147995258306,458.9824675324675,1.2943605951674573,1.7317651050786178,0.38702806069826085,0.6452705003321171,0.34973327078235644,522.859375,0.43213438987731934,0.09017350524663925,0.16655239811516367,0.7522248243559719,0.25894872621734927,0.38527048098836514,0.48835232853889465,0.1373291015625,0.2385975337988412,3212,1058,9192,0.7371658086776733,2.78902677988243,0.11822338340953625,0.1998693664271718,0.25,2180,8,0.003669724770642202,3009,148,0.04918577600531738,5721,1980,0.34609334032511796,1494,1076,0.7202141900937081,40.24801174993571,0.3589344024658203,32768.0,530.4066340000136,0
162,2.1614928215679768e-05,1.2606845437319247,0.189292267898654,0.6291624291376634,0.2211149233744129,459.0084415584416,1.293044488615804,1.7324188618610303,0.38876063097268343,0.6451663703968128,0.34924593086664873,522.859375,0.4291270673274994,0.09314338117837906,0.16720534178311935,0.7567824845311756,0.2563689132537891,0.3829940985186077,0.48663529753685,0.1456298828125,0.23685386563384478,3180,1022,9224,0.7380877733230591,2.744611365120836,0.12214239059438275,0.20901371652514697,0.25,2180,4,0.001834862385321101,3009,140,0.04652708541043536,5721,1976,0.3453941618598147,1494,1060,0.7095046854082999,40.329636050948146,0.35742855072021484,32768.0,526.1247860000003,0
163,2.0524079828966214e-05,1.2618045042087505,0.18970713376418336,0.6291758761390464,0.22146074633996982,458.97727272727275,1.3005830954808693,1.727747393772006,0.38266168705498177,0.6451587726672491,0.3499634702069064,522.859375,0.4294092059135437,0.0904947966337204,0.16597222075797619,0.7469795539033457,0.259190583682683,0.38484558295427335,0.4895399510860443,0.147705078125,0.2382716964351886,3215,1089,9189,0.737002968788147,2.8112344872632264,0.11952971913781842,0.20705421293272372,0.25,2180,7,0.003211009174311927,3009,158,0.05250913924891991,5721,1971,0.34452018877818563,1494,1079,0.7222222222222222,40.11503691665376,0.35715627670288086,32768.0,526.5552551000146,0
164,1.9459009312248114e-05,1.2626596991891985,0.18981350978667086,0.6291481996511484,0.22184899458540724,458.9461038961039,1.3057140258999613,1.7281140610575676,0.3882462441300352,0.6451001592601339,0.34738382829042774,522.859375,0.43584296107292175,0.09682667255401611,0.17132480936124922,0.7620640229335881,0.25717510480490163,0.38456901748040984,0.4938600957393646,0.146240234375,0.2380597014925373,3190,996,9214,0.7412958741188049,2.7341606792945785,0.1247550620509471,0.20966688438928804,0.25,2180,5,0.0022935779816513763,3009,140,0.04652708541043536,5721,1989,0.34766649187205034,1494,1056,0.7068273092369478,40.19381761563408,0.35759735107421875,32768.0,532.5704201000044,0
165,1.841997945573848e-05,1.2613994615805613,0.18917053081579022,0.6292086521526435,0.22151013926735946,458.96688311688314,1.2961214941430401,1.7360329789419968,0.39201338418448967,0.645403084034721,0.34930825520617265,522.859375,0.43128517270088196,0.09360134601593018,0.16744128112331963,0.7525967894239849,0.2570138664946791,0.38317307692307695,0.48916923999786377,0.144775390625,0.2369907820398454,3188,1048,9216,0.7384145259857178,2.766819072501633,0.11822338340953625,0.20901371652514697,0.25,2180,9,0.004128440366972477,3009,153,0.05084745762711865,5721,1965,0.3434714210802307,1494,1061,0.7101740294511378,40.21375467583607,0.3567366600036621,32768.0,538.5857085999451,0
166,1.7407246624507005e-05,1.2615971006356277,0.1893834313256787,0.6291062834200921,0.22155369182492232,459.00324675324674,1.307396446226479,1.730808896323045,0.38934255375837284,0.6452313124512633,0.3481175173074007,522.859375,0.4274224042892456,0.09395337104797363,0.1667337115621194,0.746286535697173,0.25112866817155755,0.3757992520207504,0.4848325550556183,0.142578125,0.23137487929881898,3115,1059,9289,0.7398204207420349,2.7263226649248855,0.1201828870019595,0.20509470934030047,0.25,2180,4,0.001834862385321101,3009,131,0.04353605849119309,5721,1898,0.331760181786401,1494,1082,0.7242302543507363,39.75653203031666,0.3567337989807129,32768.0,532.3322655000375,0
167,1.642106069522606e-05,1.2624180263900138,0.1901728606456286,0.6290644499775652,0.22159035827045317,458.96558441558443,1.3083444731963145,1.7384890305499237,0.39221106593807537,0.6454757408549389,0.35040111203367513,522.859375,0.42524397373199463,0.09209947288036346,0.16514361548470333,0.7474821911078359,0.24532408900354724,0.3694081942336874,0.4826761484146118,0.1427001953125,0.2265485407980941,3043,1028,9361,0.7386791706085205,2.659046374918354,0.12998040496407576,0.2194644023514043,0.25,2180,5,0.0022935779816513763,3009,124,0.04120970422067132,5721,1846,0.32267086173745846,1494,1068,0.714859437751004,39.9924275854064,0.35796451568603516,32768.0,532.1132807999966,0
168,1.546166499451703e-05,1.260279123194806,0.18891674583995496,0.6291270496009232,0.22111766507679767,459.03636363636366,1.2949983116094168,1.7288319151848555,0.38423837240164477,0.6452529762561122,0.34967028435009223,522.859375,0.42596006393432617,0.09156141430139542,0.16589799603971186,0.7373853211009175,0.259190583682683,0.3835600095442615,0.48451972007751465,0.1483154296875,0.23728688464093292,3215,1145,9189,0.738507091999054,2.8478118876551273,0.10907903331156107,0.19725669497060744,0.25,2180,6,0.0027522935779816515,3009,141,0.04685942173479561,5721,2001,0.34976402726796013,1494,1067,0.714190093708166,40.22802729363769,0.3580188751220703,32768.0,532.7955713000265,0
169,1.4529296238913296e-05,1.2629044617151286,0.1893611114230249,0.6294686769123201,0.22203733679149057,458.80454545454546,1.2998982693854864,1.7249677771081526,0.38368977590774495,0.6451841406524181,0.34804693042921525,522.859375,0.43366357684135437,0.09550680220127106,0.16931594802881592,0.746769440036273,0.26555949693647213,0.39179304192685105,0.48951584100723267,0.1397705078125,0.24362103394719326,3294,1117,9110,0.7383669018745422,2.881123448726323,0.11038536903984324,0.19660352710646636,0.25,2180,9,0.004128440366972477,3009,156,0.0518444666001994,5721,2039,0.3564062226883412,1494,1090,0.7295850066934404,40.31171375187074,0.35741329193115234,32768.0,535.0663896999904,0
170,1.3624184476454007e-05,1.2592891503851136,0.18839766848590467,0.6290265395656809,0.22093247067328398,459.09025974025974,1.2935064679229413,1.7278655202438433,0.38334133972724277,0.6453620297834277,0.3495810768411805,522.859375,0.4277782738208771,0.09334154427051544,0.16718564906623215,0.748792270531401,0.26241534988713316,0.38863351441704974,0.48627376556396484,0.151611328125,0.2411825726141079,3255,1092,9149,0.7368146777153015,2.8393207054212932,0.11822338340953625,0.20248203788373612,0.25,2180,6,0.0027522935779816515,3009,155,0.051512130275839146,5721,2021,0.3532599195944765,1494,1073,0.7182061579651942,39.869384905326804,0.3573780059814453,32768.0,533.6064315999974,0
171,1.274655302992304e-05,1.2605032428131475,0.18888596010866104,0.6292078779115305,0.22120470333021958,459.02337662337663,1.3073523610443263,1.7222507931292057,0.38047114682073396,0.64498329286774,0.3483981758666535,522.859375,0.42784443497657776,0.09173863381147385,0.16717385891533923,0.740478905359179,0.26177039664624313,0.3868008815295729,0.485871285200119,0.145751953125,0.2397725594446906,3247,1138,9157,0.737682580947876,2.8641410842586543,0.11038536903984324,0.20052253429131286,0.25,2180,8,0.003669724770642202,3009,153,0.05084745762711865,5721,2017,0.35256074112917324,1494,1069,0.715528781793842,40.139659603113316,0.3589344024658203,65536.0,529.6005743000424,0
172,1.1896618441747563e-05,1.259296088443174,0.188727553087202,0.6291172159182561,0.2207256598228758,458.9311688311688,1.297802824130306,1.7314651670555274,0.3871476052639385,0.6454076282680035,0.34945497172884643,522.859375,0.42518794536590576,0.09215320646762848,0.16549488842138088,0.7463322290582111,0.2542728152208965,0.3793144918821407,0.48263028264045715,0.1461181640625,0.2340457108934402,3154,1072,9250,0.7385883331298828,2.760287393860222,0.116263879817113,0.20182887001959504,0.25,2180,7,0.003211009174311927,3009,137,0.0455300764373546,5721,1930,0.33735360950882715,1494,1080,0.7228915662650602,39.830323468514834,0.35718774795532227,65536.0,534.1952424999909,0
173,1.1074590420569351e-05,1.2615590669892052,0.1896436723650663,0.6291201299274123,0.2213976327571776,458.98441558441556,1.3124838257377798,1.7308780085295439,0.38790756293262046,0.6452642409130931,0.34885310055688024,522.859375,0.43026164174079895,0.09463433176279068,0.16848463732167146,0.7473367299675776,0.2601580135440181,0.3859586173902643,0.4878687262535095,0.1448974609375,0.23912560207484254,3227,1091,9177,0.7385228872299194,2.820378837361202,0.1201828870019595,0.20509470934030047,0.25,2180,8,0.003669724770642202,3009,155,0.051512130275839146,5721,1983,0.3466177241740954,1494,1081,0.7235609103078983,40.193110903403884,0.3589344024658203,65536.0,536.0051182000316,0
174,1.0280671789502372e-05,1.26023777038246,0.18886496863001354,0.6291903038690616,0.22109124794505633,459.0564935064935,1.297974835549082,1.7355607748031616,0.390073268674314,0.645392018991212,0.3500477444225301,522.859375,0.42665281891822815,0.09187182784080505,0.16670251753821502,0.7477730895452415,0.25717510480490163,0.38272345530893825,0.4860380291938782,0.1480712890625,0.23664688427299704,3190,1076,9214,0.7384077310562134,2.7864141084258653,0.1201828870019595,0.20509470934030047,0.25,2180,7,0.003211009174311927,3009,148,0.04918577600531738,5721,1974,0.3450445726271631,1494,1061,0.7101740294511378,40.240496067436816,0.35713624954223633,65536.0,536.7392913000076,0
175,9.515058436089172e-06,1.2576640060582718,0.1880418126749528,0.6290659156712619,0.22027813875442975,459.06493506493507,nan,1.7330727074295282,0.38795745465904474,0.6453813510015607,0.3498669492546469,522.859375,0.42806538939476013,0.09119471162557602,0.16570611386559903,0.7493378280760896,0.2508868107062238,0.37591351090173336,0.48674827814102173,0.144287109375,0.23146150985496466,3112,1041,9292,0.7391771674156189,2.712606139777923,0.12083605486610059,0.20966688438928804,0.25,2180,7,0.003211009174311927,3009,132,0.04386839481555334,5721,1910,0.3338577171823108,1494,1063,0.7115127175368139,39.65396135712845,0.3573951721191406,32768.0,530.491769300017,1
176,8.777939263968568e-06,1.2602820468800409,0.18914323560409732,0.6289966698590811,0.2210710706213465,459.0006493506493,1.3119842576516139,1.7358110199371974,0.3897131076082587,0.6453250950823227,0.3503864105635633,522.859375,0.4234469532966614,0.0897950530052185,0.16452797062811442,0.7445887445887446,0.24959690422444372,0.3738678903514069,0.48198097944259644,0.1409912109375,0.22991237189959898,3096,1062,9308,0.7375996112823486,2.7158719790986283,0.11822338340953625,0.20966688438928804,0.25,2180,5,0.0022935779816513763,3009,130,0.04320372216683283,5721,1892,0.33071141408844607,1494,1069,0.715528781793842,39.868447144280054,0.358029842376709,32768.0,528.0773665999877,0
177,8.069496146266566e-06,1.2605978624774263,0.18947281494446389,0.6290914602480926,0.22101679302074692,459.1136363636364,1.2942387699306785,1.7258566804230213,0.3835547423611085,0.6449758571883043,0.3486630382637183,522.859375,0.43231669068336487,0.09384766221046448,0.16819451847695746,0.7502906300860265,0.2601580135440181,0.38635139179886263,0.49058884382247925,0.142578125,0.23942721472028491,3227,1074,9177,0.7381977438926697,2.8092749836708033,0.11561071195297191,0.20509470934030047,0.25,2180,8,0.003669724770642202,3009,152,0.05051512130275839,5721,2004,0.3502884111169376,1494,1063,0.7115127175368139,40.36105983474105,0.357999324798584,32768.0,528.2757931000087,0
178,7.3899038807218074e-06,1.2611964678222483,0.18904900825159116,0.6291833235071851,0.2214820683244374,458.98376623376623,1.300454036717291,1.7258548724154632,0.38479391671717167,0.6451594159007072,0.34795076966596145,522.859375,0.4307364225387573,0.09322047233581543,0.16846204843895976,0.7495335820895522,0.25910996452757173,0.38509465612269345,0.48652324080467224,0.1533203125,0.2384626799228372,3214,1074,9190,0.7379010915756226,2.8007838014369693,0.116263879817113,0.20574787720444154,0.25,2180,6,0.0027522935779816515,3009,145,0.048188767032236623,5721,1981,0.3462681349414438,1494,1082,0.7242302543507363,40.51402913929363,0.35802602767944336,32768.0,534.1018578999792,0
179,6.739330146556828e-06,1.2589603453100502,0.18823664369811485,0.629224236019246,0.2207497324552629,458.82987012987013,1.2942542356717122,1.729281355937322,0.3850469541115065,0.6452701125914851,0.3494821424440791,522.859375,0.4271431267261505,0.0919986367225647,0.1656701227009762,0.7360529217199558,0.2691067397613673,0.394120077926678,0.4857887625694275,0.14794921875,0.24542313065215793,3338,1197,9066,0.7347465753555298,2.962116263879817,0.10711952971913782,0.1959503592423253,0.25,2180,8,0.003669724770642202,3009,163,0.05417082087072117,5721,2072,0.3621744450270932,1494,1095,0.7329317269076305,40.110657968095225,0.3571290969848633,32768.0,532.9499166000169,0
180,6.1179354631058e-06,1.2588141707243858,0.18871181408402982,0.6289830377349606,0.2205596601711465,459.13831168831166,1.3080816166354465,1.7264467515051365,0.38204429717734456,0.645221522077918,0.349590467599531,522.859375,0.426929235458374,0.0904020369052887,0.1647465118439868,0.7328918322295805,0.2676555949693647,0.39211054682886504,0.48547443747520447,0.150634765625,0.24386660790362863,3320,1210,9084,0.7355535626411438,2.958850424559112,0.10646636185499674,0.19660352710646636,0.25,2180,7,0.003211009174311927,3009,156,0.0518444666001994,5721,2058,0.3597273203985317,1494,1099,0.7356091030789826,40.095172154967294,0.3578672409057617,32768.0,529.8369392000022,0
181,5.525873150208728e-06,1.2601980416805714,0.18865022613824187,0.6291847161658398,0.2211815503510562,459.0883116883117,1.3020458271751156,1.7211461334178846,0.3810376951781412,0.6449145895118514,0.3475969246743868,522.859375,0.43081745505332947,0.09274892508983612,0.16770931021892466,0.75040110016044,0.263947113834247,0.39052901532772705,0.4881967008113861,0.1517333984375,0.24264433409916253,3274,1089,9130,0.7378029823303223,2.8497713912475504,0.1201828870019595,0.20509470934030047,0.25,2180,6,0.0027522935779816515,3009,150,0.049850448654037885,5721,2044,0.3572801957699703,1494,1074,0.7188755020080321,40.209605199086525,0.3573775291442871,32768.0,529.6269513000152,0
182,4.963289290382124e-06,1.2587198943286748,0.18857695599171248,0.6291121954267676,0.22051537164619991,459.08376623376626,1.3003751366169423,1.7270063279817502,0.3858767965187629,0.6450346934919556,0.34804741813180345,522.859375,0.4244839549064636,0.09123420715332031,0.16466532537306194,0.7385037748798902,0.26023863269912934,0.3848584202682564,0.4812086820602417,0.137451171875,0.23828153834797372,3228,1143,9176,0.7376121878623962,2.8549967341606792,0.11038536903984324,0.20117570215545394,0.25,2180,8,0.003669724770642202,3009,137,0.0455300764373546,5721,1996,0.34889005418633107,1494,1087,0.7275769745649264,40.16618579763446,0.35797119140625,32768.0,531.9354823000031,0
183,4.430322692775248e-06,1.2572741021196563,0.18750624581687636,0.6291158655247131,0.22032599476250736,459.1012987012987,1.2959301652846398,1.7247635213037331,0.38513616286218166,0.645187015645206,0.3472201698459685,522.859375,0.4325619637966156,0.09264755994081497,0.16820166683173737,0.7557377049180328,0.2601580135440181,0.38706968933669184,0.4884141683578491,0.146728515625,0.23997917751171266,3227,1043,9177,0.7389700412750244,2.78902677988243,0.12083605486610059,0.20705421293272372,0.25,2180,7,0.003211009174311927,3009,137,0.0455300764373546,5721,2022,0.3534347142108023,1494,1061,0.7101740294511378,40.11527233217913,0.35756731033325195,32768.0,538.7247305000201,0
184,3.927104858921124e-06,1.2596106442151132,0.18871601939007834,0.6291581363647015,0.22086824442852626,458.9896103896104,1.307825181004289,1.732915538052718,0.38862950121983886,0.6452496955171227,0.34951817453838885,522.859375,0.42371731996536255,0.09048330783843994,0.1643760569335427,0.7358750574184658,0.25830377297645923,0.38238453276047263,0.48088520765304565,0.1436767578125,0.23638778220451528,3204,1150,9200,0.7380955815315247,2.843892880470281,0.11495754408883083,0.20313520574787722,0.25,2180,8,0.003669724770642202,3009,135,0.0448654037886341,5721,1987,0.3473169026393987,1494,1074,0.7188755020080321,40.23511404894472,0.35802602767944336,32768.0,526.4624849000247,0
185,3.453759950290426e-06,1.2585575377012228,0.18857576049767533,0.6289412753148512,0.2205202507701787,458.87987012987014,1.2923247079570572,1.7311148246129353,0.3875261295276384,0.6453468867888054,0.3491209007333964,522.859375,0.43050527572631836,0.09183724969625473,0.16645903608878143,0.7501167678654834,0.25894872621734927,0.38499340764712936,0.4883944094181061,0.144775390625,0.23838503785067539,3212,1070,9192,0.7370206713676453,2.796864794252123,0.12148922273024167,0.20444154147615937,0.25,2180,7,0.003211009174311927,3009,148,0.04918577600531738,5721,1979,0.34591854570879216,1494,1078,0.7215528781793842,39.690851916422595,0.3589344024658203,32768.0,536.7432384000276,0
186,3.0104047576565808e-06,1.2577272416322263,0.18803261269319368,0.6289831704907604,0.22035572930396377,459.0512987012987,1.2960927978738561,1.7320407542089622,0.3880631973346074,0.6452825190499425,0.34934751704956096,522.859375,0.43225884437561035,0.09246745705604553,0.1679849279636983,0.7567822599669733,0.2586262495969042,0.38550742053716275,0.49096909165382385,0.142333984375,0.23877930777819129,3208,1031,9196,0.7384489178657532,2.768778576094056,0.11691704768125408,0.20640104506858262,0.25,2180,9,0.004128440366972477,3009,150,0.049850448654037885,5721,1976,0.3453941618598147,1494,1073,0.7182061579651942,40.31008829519569,0.35672521591186523,32768.0,527.2517041999963,0
187,2.5971486722792643e-06,1.2588750166165363,0.18819913214870862,0.6289853645609571,0.22084526043240127,459.0298701298701,1.3009442104921713,1.7277049403637648,0.3849163429501156,0.6452066889032722,0.34879095790286857,522.859375,0.43156230449676514,0.09285522997379303,0.16786374011426233,0.7571059431524548,0.25983553692357303,0.3868915431246624,0.4874478876590729,0.1483154296875,0.23984223842833755,3223,1034,9181,0.7379683256149292,2.7805355976485955,0.124101894186806,0.20640104506858262,0.25,2180,9,0.004128440366972477,3009,151,0.05018278497839814,5721,2014,0.3520363572801958,1494,1049,0.7021419009370816,40.61382861180248,0.35800981521606445,32768.0,534.5995115999831,0
188,2.2140936589139072e-06,1.2593687057495118,0.18911628735723435,0.6289614063191723,0.22064550580916467,458.887012987013,1.3097384657178606,1.732733467593789,0.3898619581013918,0.6451851772144437,0.3488431708731999,522.859375,0.4358691871166229,0.0928267240524292,0.16892074513598346,0.759263629926835,0.2593518219929055,0.38663541854455863,0.4945620894432068,0.144775390625,0.23964541120381405,3217,1020,9187,0.7375758290290833,2.767472240365774,0.1201828870019595,0.20836054866100587,0.25,2180,8,0.003669724770642202,3009,149,0.049518112329677635,5721,1983,0.3466177241740954,1494,1077,0.7208835341365462,40.340090019701954,0.35756444931030273,65536.0,534.6315943999798,0
189,1.8613342306532642e-06,1.2577204970957396,0.1883529522250612,0.6288146515171249,0.22027644700818247,459.1012987012987,1.3038604422436133,1.730330690741539,0.3874735433297853,0.6451829914003611,0.34883707816091675,522.859375,0.43123969435691833,0.09467993676662445,0.1684393623028882,0.7529328953542938,0.2587068687520155,0.38509540381615265,0.4889761507511139,0.1494140625,0.23846325332540685,3209,1053,9195,0.7374866008758545,2.783801436969301,0.1247550620509471,0.2077073807968648,0.25,2180,7,0.003211009174311927,3009,161,0.053506148222000664,5721,1978,0.34574375109246636,1494,1063,0.7115127175368139,39.96066997049507,0.3589344024658203,65536.0,533.8494914000039,0
190,1.5389574256077906e-06,1.2573511213064195,0.18784355973558767,0.62895917443486,0.22027419332366485,458.987012987013,1.2971179323149966,1.7329885481546323,0.3888542875647545,0.6451837696755925,0.34947524398254853,522.859375,0.42670556902885437,0.09160155802965164,0.16579217581893319,0.7457904583723106,0.25709448564979037,0.38237410071942446,0.4847208559513092,0.140625,0.2363798087613965,3189,1087,9215,0.7371655106544495,2.7929457870672763,0.116263879817113,0.2037883736120183,0.25,2180,7,0.003211009174311927,3009,147,0.04885343968095713,5721,1952,0.3411990910679951,1494,1083,0.7248995983935743,40.15166189221246,0.35782957077026367,65536.0,530.4616539999843,0
191,1.2470427854303065e-06,1.2584044963508458,0.1880518120217633,0.6289333450716811,0.2207096693771226,459.0935064935065,nan,1.7270241118967533,0.3862912898572783,0.6450851742799083,0.3478238205425441,522.859375,0.4321400225162506,0.09438088536262512,0.16889785549137742,0.7480549199084668,0.26354401805869077,0.38976988196017653,0.4905852973461151,0.1395263671875,0.2420584968530174,3269,1101,9135,0.7377611398696899,2.854343566296538,0.11169170476812541,0.20117570215545394,0.25,2180,8,0.003669724770642202,3009,156,0.0518444666001994,5721,2016,0.3523859465128474,1494,1089,0.7289156626506024,40.345875148656425,0.3589344024658203,32768.0,533.2991607000004,1
192,9.856623356902783e-07,1.257778168305174,0.1880739012370249,0.6291219132287161,0.22029117693664965,459.0655844155844,1.2948716261170128,1.7324544818451006,0.38821148639544845,0.6452407467489442,0.34950112574733794,522.859375,0.42267748713493347,0.08885525912046432,0.1643664858827833,0.7450275581116702,0.25064495324089003,0.37509802738734394,0.48103001713752747,0.1400146484375,0.23084348084348083,3109,1064,9295,0.7386049628257751,2.7256694970607445,0.12083605486610059,0.21293272370999347,0.25,2180,5,0.0022935779816513763,3009,121,0.04021269524759056,5721,1911,0.3340325117986366,1494,1072,0.7175368139223561,40.4335134966325,0.3576078414916992,32768.0,532.3741876000422,0
193,7.548805681025496e-07,1.2578583910480723,0.18784024124215176,0.6289945219631319,0.22051181353435115,459.06298701298704,1.295208266145223,1.7278583173950512,0.38644905264178914,0.6452772576982776,0.34806600127679604,522.859375,0.436027854681015,0.09339313954114914,0.1701511249761097,0.7540453074433657,0.26297968397291194,0.3899581589958159,0.49379992485046387,0.1474609375,0.24220374220374222,3262,1064,9142,0.7375149130821228,2.8256041802743304,0.1201828870019595,0.2077073807968648,0.25,2180,9,0.004128440366972477,3009,172,0.057161847789963444,5721,2019,0.35291033036182484,1494,1062,0.7108433734939759,40.22331291287187,0.3569507598876953,32768.0,534.4306898000068,0
194,5.547544246149997e-07,1.2590386821078015,0.1889084791885568,0.6289109447559753,0.22060962878167628,459.074025974026,1.3038537315346979,1.7346008035043876,0.39079587316761416,0.645271965302527,0.3492664850006501,522.859375,0.42569270730018616,0.09036719799041748,0.165044080093503,0.7437722419928826,0.25274105127378266,0.3772790179914555,0.4825054109096527,0.145751953125,0.23249777514090775,3135,1080,9269,0.7370864152908325,2.75310254735467,0.1247550620509471,0.2116263879817113,0.25,2180,5,0.0022935779816513763,3009,131,0.04353605849119309,5721,1931,0.33752840412515295,1494,1068,0.714859437751004,40.61179918773891,0.35806941986083984,32768.0,526.9884482999914,0
195,3.8533328335900403e-07,1.2572404756561502,0.18820120663950582,0.6290005906835779,0.22001933887504138,459.12142857142857,1.2983902902572186,1.733270002529025,0.39031439724688727,0.6453086311618487,0.3488234836452951,522.859375,0.4317219853401184,0.09407522529363632,0.16886124847223982,0.751885014137606,0.2572557239600129,0.38334935127342623,0.4896308481693268,0.1392822265625,0.23712565950806272,3191,1053,9213,0.7396257519721985,2.7720444154147614,0.11495754408883083,0.20444154147615937,0.25,2180,7,0.003211009174311927,3009,150,0.049850448654037885,5721,1952,0.3411990910679951,1494,1082,0.7242302543507363,40.37444502811355,0.35738515853881836,32768.0,529.9067245000042,0
196,2.4665894646605484e-07,1.2576906020378138,0.18787741466098792,0.6290170052995929,0.22039809032500565,459.09805194805193,1.3006364024691768,1.7231578677892685,0.38470965313414734,0.6449258572732409,0.34676117667307454,522.859375,0.43257319927215576,0.09320961683988571,0.16877911495394074,0.7460893221491726,0.26531763947113834,0.39143621766280107,0.49140816926956177,0.14501953125,0.24334516415261756,3291,1120,9113,0.7387264966964722,2.881123448726323,0.10646636185499674,0.19725669497060744,0.25,2180,8,0.003669724770642202,3009,147,0.04885343968095713,5721,2051,0.358503758084251,1494,1085,0.7262382864792504,40.37659237881603,0.3578171730041504,32768.0,528.0413748000283,0
197,1.3876562975376188e-07,1.257847255158734,0.18838272525795868,0.6289072349474027,0.22027864751297158,458.837012987013,1.3014711301435125,1.7256948091089725,0.3837765953503549,0.6452050323908528,0.3483565906062722,522.859375,0.4323606491088867,0.09299419820308685,0.1686163849197328,0.7445652173913043,0.26507578200580456,0.39096313912009506,0.4899960160255432,0.1517333984375,0.24297960390186224,3288,1128,9116,0.7370679974555969,2.884389288047028,0.11495754408883083,0.20248203788373612,0.25,2180,8,0.003669724770642202,3009,162,0.053838484546360914,5721,2046,0.35762978500262194,1494,1072,0.7175368139223561,40.24390237370125,0.3577842712402344,32768.0,533.2076753000147,0
198,6.167995428354992e-08,1.2584149563080305,0.1887593801290571,0.6289634709621404,0.22034605258664527,459.0116883116883,1.301745797016404,1.7345015505949657,0.39135035453364253,0.6452854042872787,0.34893289565419155,522.859375,0.42312851548194885,0.0912255197763443,0.16391701719840057,0.7407673860911271,0.24903257013866495,0.3727525039218052,0.48054763674736023,0.1402587890625,0.22906933629959214,3089,1081,9315,0.7381415367126465,2.7237099934683213,0.11822338340953625,0.20836054866100587,0.25,2180,6,0.0027522935779816515,3009,122,0.040545031571950815,5721,1899,0.3319349764027268,1494,1062,0.7108433734939759,40.216664134976995,0.35782957077026367,32768.0,529.377338499995,0
199,1.5420939792426517e-08,1.2582112384693964,0.1881586526847118,0.6290156670592048,0.22051845996023772,459.09935064935064,nan,1.7265833138177793,0.3848864020158847,0.644982093013823,0.3483574117999524,522.859375,0.4293372333049774,0.09412848949432373,0.16756675191572867,0.7437902483900644,0.26072234762979685,0.3861031518624642,0.48563429713249207,0.1429443359375,0.23923657345761207,3234,1114,9170,0.7378807067871094,2.8399738732854343,0.11430437622468975,0.20052253429131286,0.25,2180,7,0.003211009174311927,3009,150,0.049850448654037885,5721,2001,0.34976402726796013,1494,1076,0.7202141900937081,40.166206104927966,0.3580136299133301,16384.0,527.0581096999813,1
200,0.0,1.2584390226509663,0.18836013758434103,0.6290891673270758,0.2204948593269695,458.99675324675326,1.3107860226909835,1.7289679665118456,0.38628454056258005,0.645180143105487,0.3487516419651608,522.859375,0.4306243658065796,0.09510147571563721,0.1682496687222738,0.7438556933483653,0.2659625927120284,0.3918284933784667,0.48831650614738464,0.1495361328125,0.24364844903988184,3299,1136,9105,0.7370920777320862,2.896799477465709,0.11103853690398433,0.20117570215545394,0.25,2180,8,0.003669724770642202,3009,160,0.053173811897640415,5721,2057,0.3595525257822059,1494,1074,0.7188755020080321,40.23524196092551,0.35796499252319336,16384.0,531.6344337000046,0
