timestamp,frame,scenario,detection,confidence,model_xmin,model_ymin,model_xmax,model_ymax,camera_xmin,camera_ymin,camera_xmax,camera_ymax,center_x,center_y,bottom_center_x,bottom_center_y,normalized_center_x,normalized_center_y,normalized_bottom_center_x,normalized_bottom_center_y,box_width_px,box_height_px,size_class
2026-08-12T15:06:22.892,18,unlabeled,1,0.2019716501235962,93.03175449371338,224.3063393831253,136.76745891571045,237.03746592998505,186.06350898742676,448.6126787662506,273.5349178314209,474.0749318599701,229.79921340942383,461.34380531311035,229.79921340942383,474.0749318599701,0.35906127095222473,0.9611329277356465,0.35906127095222473,0.9876561080416043,43.73570442199707,12.731126546859741,tiny_lt16
2026-08-12T15:06:23.264,22,unlabeled,1,0.218662291765213,89.51587152481079,223.41318073868752,139.97186136245728,237.4122777879238,179.03174304962158,446.82636147737503,279.94372272491455,474.8245555758476,229.48773288726807,460.8254585266113,229.48773288726807,474.8245555758476,0.35857458263635633,0.9600530385971069,0.35857458263635633,0.9892178241163492,50.455989837646484,13.999097049236298,tiny_lt16
2026-08-12T15:06:24.485,36,unlabeled,1,0.2019716501235962,94.94185519218445,224.23198372125626,135.0181872844696,237.37323611974716,189.8837103843689,448.4639674425125,270.0363745689392,474.7464722394943,229.96004247665405,461.6052198410034,229.96004247665405,474.7464722394943,0.35931256636977194,0.9616775413354238,0.35931256636977194,0.9890551504989465,40.076332092285156,13.141252398490906,tiny_lt16
2026-08-12T15:06:24.910,41,unlabeled,1,0.20742715895175934,93.42568278312683,224.43704664707184,135.91135382652283,237.16817319393158,186.85136556625366,448.8740932941437,271.82270765304565,474.33634638786316,229.33703660964966,461.6052198410034,229.33703660964966,474.33634638786316,0.3583391197025776,0.9616775413354238,0.3583391197025776,0.9882007216413816,42.485671043395996,12.731126546859741,tiny_lt16
2026-08-12T15:06:26.158,56,unlabeled,1,0.20742715895175934,90.98473954200745,223.54237166047096,138.65704464912415,237.54146870970726,181.9694790840149,447.0847433209419,277.3140892982483,475.0829374194145,229.6417841911316,461.0838403701782,229.6417841911316,475.0829374194145,0.35881528779864313,0.960591334104538,0.35881528779864313,0.9897561196237803,47.6723051071167,13.999097049236298,tiny_lt16
2026-08-12T15:06:27.094,67,unlabeled,1,0.218662291765213,201.93354868888855,214.5381242632866,235.47515416145325,240.0,403.8670973777771,429.0762485265732,470.9503083229065,480.0,437.4087028503418,454.5381242632866,437.4087028503418,480.0,0.683451098203659,0.9469544255485137,0.683451098203659,1.0,33.5416054725647,25.46187573671341,small_16_32
2026-08-12T15:06:27.158,68,unlabeled,1,0.22444185614585876,117.78970885276794,110.10270261764526,209.96790099143982,194.9680962562561,235.5794177055359,220.20540523529053,419.93580198287964,389.9361925125122,327.75760984420776,305.07079887390137,327.75760984420776,389.9361925125122,0.5121212653815747,0.6355641643206279,0.5121212653815747,0.8123670677344005,92.17819213867188,84.86539363861084,regular_ge32
2026-08-12T15:06:27.336,70,unlabeled,1,0.22444185614585876,175.3885898590088,116.99751287698746,195.2676067352295,146.18462651968002,350.7771797180176,233.99502575397491,390.535213470459,292.36925303936005,370.6561965942383,263.1821393966675,370.6561965942383,292.36925303936005,0.5791503071784974,0.5482961237430573,0.5791503071784974,0.6091026104986668,19.879016876220703,29.187113642692566,small_16_32
2026-08-12T15:06:27.421,71,unlabeled,1,0.24242530763149261,112.22013103961945,108.22900795936584,211.13402950763702,198.68715071678162,224.4402620792389,216.4580159187317,422.26805901527405,397.37430143356323,323.35416054725647,306.91615867614746,323.35416054725647,397.37430143356323,0.5052408758550883,0.6394086639086406,0.5052408758550883,0.8278631279865901,98.91389846801758,90.45814275741577,regular_ge32
2026-08-12T15:06:27.509,72,unlabeled,1,0.2363237887620926,17.20669651031494,119.07385635375977,158.5252275466919,240.0,34.41339302062988,238.14771270751953,317.0504550933838,480.0,175.73192405700684,359.07385635375977,175.73192405700684,480.0,0.2745811313390732,0.7480705340703329,0.2745811313390732,1.0,141.31853103637695,120.92614364624023,regular_ge32
2026-08-12T15:06:27.509,72,unlabeled,2,0.22444185614585876,127.60260486602783,99.13001811504364,213.325909614563,130.99427139759064,255.20520973205566,198.26003623008728,426.651819229126,261.9885427951813,340.9285144805908,230.12428951263428,340.9285144805908,261.9885427951813,0.5327008038759231,0.47942560315132143,0.5327008038759231,0.5458094641566277,85.72330474853516,31.864253282546997,small_16_32
2026-08-12T15:06:27.574,73,unlabeled,1,0.24863308668136597,58.28543758392334,87.50648927688599,239.60595226287842,142.78547954559326,116.57087516784668,175.01297855377197,479.21190452575684,285.5709590911865,297.89138984680176,230.29196882247925,297.89138984680176,285.5709590911865,0.46545529663562774,0.4797749350468318,0.46545529663562774,0.5949394981066386,181.32051467895508,55.278990268707275,regular_ge32
2026-08-12T15:06:27.932,77,unlabeled,1,0.21299070119857788,65.2078378200531,142.76317352056503,76.39738202095032,163.10497337579727,130.4156756401062,285.52634704113007,152.79476404190063,326.20994675159454,141.60521984100342,305.8681468963623,141.60521984100342,326.20994675159454,0.22125815600156784,0.6372253060340881,0.22125815600156784,0.6796040557324886,11.189544200897217,20.34179985523224,small_16_32
2026-08-12T15:06:27.932,77,unlabeled,2,0.2019716501235962,131.39601719379425,228.49058112502098,144.5428980588913,239.69912758469582,262.7920343875885,456.98116225004196,289.0857961177826,479.39825516939163,275.93891525268555,468.1897087097168,275.93891525268555,479.39825516939163,0.43115455508232114,0.9753952264785767,0.43115455508232114,0.9987463649362326,13.146880865097046,11.208546459674835,tiny_lt16
2026-08-12T15:06:28.122,79,unlabeled,1,0.2549463212490082,157.75407361984253,180.4984509050846,167.58296298980713,194.06225046515465,315.50814723968506,360.9969018101692,335.16592597961426,388.1245009303093,325.33703660964966,374.56070137023926,325.33703660964966,388.1245009303093,0.5083391197025776,0.7803347945213318,0.5083391197025776,0.8085927102714777,9.8288893699646,13.563799560070038,tiny_lt16
2026-08-12T15:06:28.453,83,unlabeled,1,0.33097806572914124,101.6141374707222,181.9505352973938,110.82417505979538,196.85979795455933,203.2282749414444,363.9010705947876,221.64835011959076,393.71959590911865,212.43831253051758,378.8103332519531,212.43831253051758,393.71959590911865,0.33193486332893374,0.7891881942749024,0.33193486332893374,0.8202491581439972,9.210037589073181,14.909262657165527,tiny_lt16
2026-08-12T15:06:28.453,83,unlabeled,2,0.2549463212490082,177.47411727905273,122.61891770362854,320.0,238.59890151023865,354.94823455810547,245.23783540725708,640.0,477.1978030204773,497.47411727905273,361.2178192138672,497.47411727905273,477.1978030204773,0.7773033082485199,0.7525371233622233,0.7773033082485199,0.9941620896259944,142.52588272094727,115.97998380661011,regular_ge32
2026-08-12T15:06:28.783,87,unlabeled,1,0.37690892815589905,270.3388855457306,145.56341177225113,278.1627700328827,158.70466417074203,540.6777710914612,291.12682354450226,556.3255400657654,317.40932834148407,548.5016555786133,304.26807594299316,548.5016555786133,317.40932834148407,0.8570338368415833,0.6338918248812357,0.8570338368415833,0.6612694340447585,7.8238844871521,13.141252398490906,tiny_lt16
2026-08-12T15:06:28.783,87,unlabeled,2,0.32359981536865234,165.38554346561432,145.48610082268715,174.3004993200302,159.0499003827572,330.77108693122864,290.9722016453743,348.6009986400604,318.0998007655144,339.68604278564453,304.53600120544434,339.68604278564453,318.0998007655144,0.5307594418525696,0.6344500025113423,0.5307594418525696,0.6627079182614882,8.914955854415894,13.563799560070038,tiny_lt16
2026-08-12T15:06:28.783,87,unlabeled,3,0.3019951581954956,182.7397719025612,147.80290532112122,191.36883825063705,160.13600993156433,365.4795438051224,295.60581064224243,382.7376765012741,320.27201986312866,374.10861015319824,307.93891525268555,374.10861015319824,320.27201986312866,0.5845447033643723,0.6415394067764282,0.5845447033643723,0.6672333747148513,8.629066348075867,12.333104610443115,tiny_lt16
2026-08-12T15:06:28.783,87,unlabeled,4,0.2880568504333496,189.04233384132385,147.34275856614113,200.59945034980774,161.34185561537743,378.0846676826477,294.68551713228226,401.1989006996155,322.68371123075485,389.6417841911316,308.68461418151855,389.6417841911316,322.68371123075485,0.6088152877986431,0.643092946211497,0.6088152877986431,0.6722577317307393,11.557116508483887,13.999097049236298,tiny_lt16
2026-08-12T15:06:28.783,87,unlabeled,5,0.2880568504333496,264.0761459469795,146.16060158610344,273.2861835360527,158.10747435688972,528.152291893959,292.3212031722069,546.5723670721054,316.21494871377945,537.3623294830322,304.26807594299316,537.3623294830322,316.21494871377945,0.8396286398172379,0.6338918248812357,0.8396286398172379,0.6587811431537072,9.210037589073181,11.946872770786285,tiny_lt16
2026-08-12T15:06:28.783,87,unlabeled,6,0.21299070119857788,151.85643422603607,145.611394405365,162.34435427188873,160.52065706253052,303.71286845207214,291.22278881073,324.68870854377747,321.04131412506104,314.2007884979248,306.1320514678955,314.2007884979248,321.04131412506104,0.49093873202800753,0.6377751072247823,0.49093873202800753,0.6688360710938771,10.487920045852661,14.909262657165527,tiny_lt16
2026-08-12T15:06:28.877,88,unlabeled,1,0.2019716501235962,269.48298037052155,145.13448944687843,280.3162330389023,159.13358649611473,538.9659607410431,290.26897889375687,560.6324660778046,318.26717299222946,549.7992134094238,304.26807594299316,549.7992134094238,318.26717299222946,0.8590612709522247,0.6338918248812357,0.8590612709522247,0.663056610400478,10.833252668380737,13.999097049236298,tiny_lt16
2026-08-12T15:06:29.948,89,unlabeled,1,0.2549463212490082,116.88997650146484,145.97365361452103,125.24207496643066,160.42112749814987,233.7799530029297,291.94730722904205,250.48414993286133,320.84225499629974,242.1320514678955,306.3947811126709,242.1320514678955,320.84225499629974,0.37833133041858674,0.6383224606513977,0.37833133041858674,0.6684213645756245,8.35209846496582,14.447473883628845,tiny_lt16
2026-08-12T15:06:29.948,89,unlabeled,2,0.2019716501235962,95.08310425281525,147.6646142601967,105.91635692119598,166.21109718084335,190.1662085056305,295.3292285203934,211.83271384239197,332.4221943616867,200.99946117401123,313.87571144104004,200.99946117401123,332.4221943616867,0.31406165808439257,0.6539077321688335,0.31406165808439257,0.692546238253514,10.833252668380737,18.546482920646667,small_16_32
2026-08-12T15:06:30.054,90,unlabeled,1,0.3019951581954956,116.75149255990982,145.4794421195984,125.38055890798569,160.38870477676392,233.50298511981964,290.9588842391968,250.76111781597137,320.77740955352783,242.1320514678955,305.8681468963623,242.1320514678955,320.77740955352783,0.37833133041858674,0.6372253060340881,0.37833133041858674,0.668286269903183,8.629066348075867,14.909262657165527,tiny_lt16
2026-08-12T15:06:30.054,90,unlabeled,2,0.21299070119857788,129.61579793691635,147.0308382511139,137.6995878815651,159.363942861557,259.2315958738327,294.0616765022278,275.3991757631302,318.727885723114,267.31538581848145,306.3947811126709,267.31538581848145,318.727885723114,0.41768029034137727,0.6383224606513977,0.41768029034137727,0.6640164285898209,8.083789944648743,12.333104610443115,tiny_lt16
2026-08-12T15:06:30.054,90,unlabeled,3,0.2019716501235962,95.8169721364975,147.49521213769913,106.30489218235016,166.0416950583458,191.633944272995,294.99042427539825,212.60978436470032,332.0833901166916,202.12186431884766,313.5369071960449,202.12186431884766,332.0833901166916,0.3158154129981995,0.6532018899917602,0.3158154129981995,0.6918403960764408,10.487920045852661,18.546482920646667,small_16_32
2026-08-12T15:06:30.123,91,unlabeled,1,0.2613641023635864,116.75802421569824,145.84228879213333,125.11012268066406,160.28976267576218,233.51604843139648,291.68457758426666,250.22024536132812,320.57952535152435,241.8681468963623,306.1320514678955,241.8681468963623,320.57952535152435,0.3779189795255661,0.6377751072247823,0.3779189795255661,0.667874011149009,8.35209846496582,14.447473883628845,tiny_lt16
2026-08-12T15:06:30.226,92,unlabeled,1,0.2949781119823456,116.88997650146484,145.84228879213333,125.24207496643066,160.28976267576218,233.7799530029297,291.68457758426666,250.48414993286133,320.57952535152435,242.1320514678955,306.1320514678955,242.1320514678955,320.57952535152435,0.37833133041858674,0.6377751072247823,0.37833133041858674,0.667874011149009,8.35209846496582,14.447473883628845,tiny_lt16
2026-08-12T15:06:30.226,92,unlabeled,2,0.21299070119857788,129.73894971609116,147.29152703285217,137.8227396607399,159.6246316432953,259.4778994321823,294.58305406570435,275.6454793214798,319.2492632865906,267.56168937683105,306.91615867614746,267.56168937683105,319.2492632865906,0.41806513965129855,0.6394086639086406,0.41806513965129855,0.6651026318470638,8.083789944648743,12.333104610443115,tiny_lt16
2026-08-12T15:06:30.292,93,unlabeled,1,0.2549463212490082,116.75802421569824,145.84228879213333,125.11012268066406,160.28976267576218,233.51604843139648,291.68457758426666,250.22024536132812,320.57952535152435,241.8681468963623,306.1320514678955,241.8681468963623,320.57952535152435,0.3779189795255661,0.6377751072247823,0.3779189795255661,0.667874011149009,8.35209846496582,14.447473883628845,tiny_lt16
2026-08-12T15:06:30.404,94,unlabeled,1,0.3019951581954956,116.88997650146484,145.57786637544632,125.24207496643066,160.02534025907516,233.7799530029297,291.15573275089264,250.48414993286133,320.05068051815033,242.1320514678955,305.6032066345215,242.1320514678955,320.05068051815033,0.37833133041858674,0.6366733471552531,0.37833133041858674,0.6667722510794799,8.35209846496582,14.447473883628845,tiny_lt16
2026-08-12T15:06:30.404,94,unlabeled,2,0.23032912611961365,95.4756897687912,147.40792328119278,105.96360981464386,165.95440620183945,190.9513795375824,294.81584656238556,211.92721962928772,331.9088124036789,201.43929958343506,313.3623294830322,201.43929958343506,331.9088124036789,0.3147489055991173,0.6528381864229839,0.3147489055991173,0.6914766925076644,10.487920045852661,18.546482920646667,small_16_32
2026-08-12T15:06:30.404,94,unlabeled,3,0.22444185614585876,129.99320340156555,146.8994734287262,137.81708788871765,159.2325780391693,259.9864068031311,293.7989468574524,275.6341757774353,318.4651560783386,267.8102912902832,306.1320514678955,267.8102912902832,318.4651560783386,0.4184535801410675,0.6377751072247823,0.4184535801410675,0.6634690751632054,7.8238844871521,12.333104610443115,tiny_lt16
2026-08-12T15:06:30.469,95,unlabeled,1,0.2613641023635864,116.75970834493637,145.97365361452103,124.84349828958511,160.42112749814987,233.51941668987274,291.94730722904205,249.68699657917023,320.84225499629974,241.60320663452148,306.3947811126709,241.60320663452148,320.84225499629974,0.3775050103664398,0.6383224606513977,0.3775050103664398,0.6684213645756245,8.083789944648743,14.447473883628845,tiny_lt16
2026-08-12T15:06:30.469,95,unlabeled,2,0.21299070119857788,95.70173490047455,147.6646142601967,106.18965494632721,166.21109718084335,191.4034698009491,295.3292285203934,212.37930989265442,332.4221943616867,201.89138984680176,313.87571144104004,201.89138984680176,332.4221943616867,0.31545529663562777,0.6539077321688335,0.31545529663562777,0.692546238253514,10.487920045852661,18.546482920646667,small_16_32
2026-08-12T15:06:30.567,96,unlabeled,1,0.2880568504333496,116.75149255990982,145.4794421195984,125.38055890798569,160.38870477676392,233.50298511981964,290.9588842391968,250.76111781597137,320.77740955352783,242.1320514678955,305.8681468963623,242.1320514678955,320.77740955352783,0.37833133041858674,0.6372253060340881,0.37833133041858674,0.668286269903183,8.629066348075867,14.909262657165527,tiny_lt16
2026-08-12T15:06:30.567,96,unlabeled,2,0.23032912611961365,129.74575066566467,147.0308382511139,137.56963515281677,159.363942861557,259.49150133132935,294.0616765022278,275.13927030563354,318.727885723114,267.31538581848145,306.3947811126709,267.31538581848145,318.727885723114,0.41768029034137727,0.6383224606513977,0.41768029034137727,0.6640164285898209,7.8238844871521,12.333104610443115,tiny_lt16
2026-08-12T15:06:30.567,96,unlabeled,3,0.218662291765213,95.41529619693756,147.49521213769913,106.2485488653183,166.0416950583458,190.83059239387512,294.99042427539825,212.4970977306366,332.0833901166916,201.66384506225586,313.5369071960449,201.66384506225586,332.0833901166916,0.3150997579097748,0.6532018899917602,0.3150997579097748,0.6918403960764408,10.833252668380737,18.546482920646667,small_16_32
2026-08-12T15:06:30.567,96,unlabeled,4,0.21299070119857788,166.15557146072388,146.97388607263565,173.0189700126648,157.82973903417587,332.31114292144775,293.9477721452713,346.0379400253296,315.65947806835175,339.1745414733887,304.8036251068115,339.1745414733887,315.65947806835175,0.5299602210521698,0.6350075523058574,0.5299602210521698,0.6576239126423995,6.863398551940918,10.855852961540222,tiny_lt16
2026-08-12T15:06:30.647,97,unlabeled,1,0.2949781119823456,116.62555408477783,145.97365361452103,124.97765254974365,160.42112749814987,233.25110816955566,291.94730722904205,249.9553050994873,320.84225499629974,241.60320663452148,306.3947811126709,241.60320663452148,320.84225499629974,0.3775050103664398,0.6383224606513977,0.3775050103664398,0.6684213645756245,8.35209846496582,14.447473883628845,tiny_lt16
2026-08-12T15:06:30.647,97,unlabeled,2,0.22444185614585876,130.24503636360168,147.0308382511139,138.06892085075378,159.363942861557,260.49007272720337,294.0616765022278,276.13784170150757,318.727885723114,268.31395721435547,306.3947811126709,268.31395721435547,318.727885723114,0.41924055814743044,0.6383224606513977,0.41924055814743044,0.6640164285898209,7.8238844871521,12.333104610443115,tiny_lt16
2026-08-12T15:06:30.647,97,unlabeled,3,0.2019716501235962,96.10098004341125,147.77793753147125,106.25421404838562,165.75896966457367,192.2019600868225,295.5558750629425,212.50842809677124,331.51793932914734,202.35519409179688,313.5369071960449,202.35519409179688,331.51793932914734,0.3161799907684326,0.6532018899917602,0.3161799907684326,0.6906623736023902,10.153234004974365,17.981032133102417,small_16_32
2026-08-12T15:06:30.717,98,unlabeled,1,0.2880568504333496,116.61954027414322,145.74275922775269,125.24860662221909,160.6520218849182,233.23908054828644,291.48551845550537,250.49721324443817,321.3040437698364,241.8681468963623,306.3947811126709,241.8681468963623,321.3040437698364,0.3779189795255661,0.6383224606513977,0.3779189795255661,0.6693834245204926,8.629066348075867,14.909262657165527,tiny_lt16
2026-08-12T15:06:30.717,98,unlabeled,2,0.21299070119857788,95.8169721364975,147.58077484369278,106.30489218235016,166.12725776433945,191.633944272995,295.16154968738556,212.60978436470032,332.2545155286789,202.12186431884766,313.7080326080322,202.12186431884766,332.2545155286789,0.3158154129981995,0.6535584012667338,0.3158154129981995,0.6921969073514144,10.487920045852661,18.546482920646667,small_16_32
2026-08-12T15:06:30.717,98,unlabeled,3,0.21299070119857788,129.74575066566467,147.29152703285217,137.56963515281677,159.6246316432953,259.49150133132935,294.58305406570435,275.13927030563354,319.2492632865906,267.31538581848145,306.91615867614746,267.31538581848145,319.2492632865906,0.41768029034137727,0.6394086639086406,0.41768029034137727,0.6651026318470638,7.8238844871521,12.333104610443115,tiny_lt16
2026-08-12T15:06:30.794,99,unlabeled,1,0.30910593271255493,116.75149255990982,145.71033650636673,125.38055890798569,160.15781038999557,233.50298511981964,291.42067301273346,250.76111781597137,320.31562077999115,242.1320514678955,305.8681468963623,242.1320514678955,320.31562077999115,0.37833133041858674,0.6372253060340881,0.37833133041858674,0.6673242099583149,8.629066348075867,14.447473883628845,tiny_lt16
2026-08-12T15:06:30.794,99,unlabeled,2,0.22444185614585876,129.61579793691635,147.0308382511139,137.6995878815651,159.363942861557,259.2315958738327,294.0616765022278,275.3991757631302,318.727885723114,267.31538581848145,306.3947811126709,267.31538581848145,318.727885723114,0.41768029034137727,0.6383224606513977,0.41768029034137727,0.6640164285898209,8.083789944648743,12.333104610443115,tiny_lt16
2026-08-12T15:06:30.794,99,unlabeled,3,0.20742715895175934,96.10098004341125,147.9473396539688,106.25421404838562,165.92837178707123,192.2019600868225,295.8946793079376,212.50842809677124,331.85674357414246,202.35519409179688,313.87571144104004,202.35519409179688,331.85674357414246,0.3161799907684326,0.6539077321688335,0.3161799907684326,0.6913682157794635,10.153234004974365,17.981032133102417,small_16_32
2026-08-12T15:06:30.900,100,unlabeled,1,0.2880568504333496,116.61954027414322,145.87346696853638,125.24860662221909,160.7827296257019,233.23908054828644,291.74693393707275,250.49721324443817,321.5654592514038,241.8681468963623,306.6561965942383,241.8681468963623,321.5654592514038,0.3779189795255661,0.6388670762379964,0.3779189795255661,0.6699280401070913,8.629066348075867,14.909262657165527,tiny_lt16
2026-08-12T15:06:30.900,100,unlabeled,2,0.20742715895175934,130.24503636360168,147.16154599189758,138.06892085075378,159.4946506023407,260.49007272720337,294.32309198379517,276.13784170150757,318.9893012046814,268.31395721435547,306.6561965942383,268.31395721435547,318.9893012046814,0.41924055814743044,0.6388670762379964,0.41924055814743044,0.6645610441764196,7.8238844871521,12.333104610443115,tiny_lt16
2026-08-12T15:06:30.964,101,unlabeled,1,0.28123316168785095,116.49263858795166,145.4794421195984,124.84473705291748,160.38870477676392,232.98527717590332,290.9588842391968,249.68947410583496,320.77740955352783,241.33737564086914,305.8681468963623,241.33737564086914,320.77740955352783,0.37708964943885803,0.6372253060340881,0.37708964943885803,0.668286269903183,8.35209846496582,14.909262657165527,tiny_lt16
2026-08-12T15:06:30.964,101,unlabeled,2,0.21299070119857788,129.74575066566467,147.0308382511139,137.56963515281677,159.363942861557,259.49150133132935,294.0616765022278,275.13927030563354,318.727885723114,267.31538581848145,306.3947811126709,267.31538581848145,318.727885723114,0.41768029034137727,0.6383224606513977,0.41768029034137727,0.6640164285898209,7.8238844871521,12.333104610443115,tiny_lt16
2026-08-12T15:06:31.068,102,unlabeled,1,0.26788532733917236,0.0,89.00173425674438,28.49939775466919,194.9906325340271,0.0,178.00346851348877,56.99879550933838,389.9812650680542,28.49939775466919,283.9923667907715,28.49939775466919,389.9812650680542,0.04453030899167061,0.5916507641474406,0.04453030899167061,0.8124609688917795,28.49939775466919,105.98889827728271,regular_ge32
2026-08-12T15:06:31.068,102,unlabeled,2,0.2613641023635864,116.35935020446777,146.10436135530472,124.7114486694336,160.55183523893356,232.71870040893555,292.20872271060944,249.4228973388672,321.1036704778671,241.07079887390137,306.6561965942383,241.07079887390137,321.1036704778671,0.37667312324047086,0.6388670762379964,0.37667312324047086,0.6689659801622232,8.35209846496582,14.447473883628845,tiny_lt16
2026-08-12T15:06:31.068,102,unlabeled,3,0.2019716501235962,130.11860060691833,147.29152703285217,137.94248509407043,159.6246316432953,260.23720121383667,294.58305406570435,275.88497018814087,319.2492632865906,268.06108570098877,306.91615867614746,268.06108570098877,319.2492632865906,0.418845446407795,0.6394086639086406,0.418845446407795,0.6651026318470638,7.8238844871521,12.333104610443115,tiny_lt16
2026-08-12T15:06:31.149,103,unlabeled,1,0.26788532733917236,116.35991758108139,146.61928445100784,124.44370752573013,161.0667583346367,232.71983516216278,293.2385689020157,248.88741505146027,322.1335166692734,240.80362510681152,307.68604278564453,240.80362510681152,322.1335166692734,0.376255664229393,0.6410125891367594,0.376255664229393,0.6711114930609862,8.083789944648743,14.447473883628845,tiny_lt16
2026-08-12T15:06:31.231,104,unlabeled,1,0.27450883388519287,116.22576332092285,146.26097440719604,124.57786178588867,161.17023706436157,232.4515266418457,292.5219488143921,249.15572357177734,322.34047412872314,240.80362510681152,307.4312114715576,240.80362510681152,322.34047412872314,0.376255664229393,0.640481690565745,0.376255664229393,0.6715426544348398,8.35209846496582,14.909262657165527,tiny_lt16
2026-08-12T15:06:31.231,104,unlabeled,2,0.26788532733917236,0.02980947494506836,105.04228019714355,47.70211458206177,237.0663299560547,0.05961894989013672,210.0845603942871,95.40422916412354,474.1326599121094,47.731924057006836,342.10861015319824,47.731924057006836,474.1326599121094,0.07458113133907318,0.7127262711524963,0.07458113133907318,0.9877763748168945,47.6723051071167,132.02404975891113,regular_ge32
2026-08-12T15:06:31.297,105,unlabeled,1,0.3019951581954956,0.0,107.65108871459961,65.96488857269287,173.5332088470459,0.0,215.30217742919922,131.92977714538574,347.0664176940918,65.96488857269287,281.1842975616455,65.96488857269287,347.0664176940918,0.10307013839483262,0.5858006199200948,0.10307013839483262,0.7230550368626912,65.96488857269287,65.88212013244629,regular_ge32
2026-08-12T15:06:31.297,105,unlabeled,2,0.23032912611961365,117.15549558401108,146.45853081345558,125.23928552865982,160.45762786269188,234.31099116802216,292.91706162691116,250.47857105731964,320.91525572538376,242.3947811126709,306.91615867614746,242.3947811126709,320.91525572538376,0.3787418454885483,0.6394086639086406,0.3787418454885483,0.6685734494278829,8.083789944648743,13.999097049236298,tiny_lt16
2026-08-12T15:06:31.391,106,unlabeled,1,0.23032912611961365,117.542032122612,146.45853081345558,125.11416447162628,160.45762786269188,235.084064245224,292.91706162691116,250.22832894325256,320.91525572538376,242.65619659423828,306.91615867614746,242.65619659423828,320.91525572538376,0.3791503071784973,0.6394086639086406,0.3791503071784973,0.6685734494278829,7.572132349014282,13.999097049236298,tiny_lt16
2026-08-12T15:06:31.473,107,unlabeled,1,0.2549463212490082,9.529346466064453,115.77259683609009,77.68637084960938,166.89036512374878,19.058692932128906,231.54519367218018,155.37274169921875,333.78073024749756,87.21571731567383,282.66296195983887,87.21571731567383,333.78073024749756,0.13627455830574037,0.5888811707496643,0.13627455830574037,0.6953765213489532,68.15702438354492,51.11776828765869,regular_ge32
2026-08-12T15:06:31.696,110,unlabeled,1,0.218662291765213,269.518217086792,143.41830438375473,279.67145109176636,160.84977155923843,539.036434173584,286.83660876750946,559.3429021835327,321.69954311847687,549.1896681785583,304.26807594299316,549.1896681785583,321.69954311847687,0.8581088565289974,0.6338918248812357,0.8581088565289974,0.6702073814968268,10.153234004974365,17.431467175483704,small_16_32
2026-08-12T15:06:31.787,111,unlabeled,1,0.22444185614585876,268.3031016588211,142.05807024240494,281.03393495082855,160.6045531630516,536.6062033176422,284.1161404848099,562.0678699016571,321.2091063261032,549.3370366096497,302.66262340545654,549.3370366096497,321.2091063261032,0.8583391197025776,0.6305471320947011,0.8583391197025776,0.6691856381793817,12.730833292007446,18.546482920646667,small_16_32
2026-08-12T15:06:31.871,112,unlabeled,1,0.22444185614585876,269.2835865020752,144.87938755750656,280.8407030105591,161.77680903673172,538.5671730041504,289.7587751150131,561.6814060211182,323.55361807346344,550.1242895126343,306.6561965942383,550.1242895126343,323.55361807346344,0.8595692023634911,0.6388670762379964,0.8595692023634911,0.6740700376530488,11.557116508483887,16.89742147922516,small_16_32
2026-08-12T15:06:32.014,114,unlabeled,1,0.2363237887620926,270.24349296092987,16.873852133750916,282.9743262529373,59.187233567237854,540.4869859218597,33.74770426750183,565.9486525058746,118.37446713447571,553.2178192138672,76.06108570098877,553.2178192138672,118.37446713447571,0.8644028425216674,0.15846059521039327,0.8644028425216674,0.2466134731968244,12.730833292007446,42.31338143348694,regular_ge32
2026-08-12T15:06:32.110,115,unlabeled,1,0.2949781119823456,287.0238871574402,117.87599098682404,296.5384740829468,133.75043761730194,574.0477743148804,235.75198197364807,593.0769481658936,267.5008752346039,583.562361240387,251.62642860412598,583.562361240387,267.5008752346039,0.9118161894381046,0.5242217262585958,0.9118161894381046,0.5572934900720914,9.514586925506592,15.874446630477905,tiny_lt16
2026-08-12T15:06:32.110,115,unlabeled,2,0.27450883388519287,278.42709851264954,118.65198022127151,289.61664271354675,133.09945410490036,556.8541970252991,237.30396044254303,579.2332854270935,266.1989082098007,568.0437412261963,251.75143432617188,568.0437412261963,266.1989082098007,0.8875683456659317,0.5244821548461914,0.8875683456659317,0.5545810587704182,11.189544200897217,14.447473883628845,tiny_lt16
2026-08-12T15:06:32.110,115,unlabeled,3,0.2613641023635864,287.82027411460876,1.833730936050415,299.009818315506,42.99172759056091,575.6405482292175,3.66746187210083,598.019636631012,85.98345518112183,586.8300924301147,44.82545852661133,586.8300924301147,85.98345518112183,0.9169220194220543,0.09338637193044026,0.9169220194220543,0.1791321982940038,11.189544200897217,41.1579966545105,regular_ge32
2026-08-12T15:06:32.173,116,unlabeled,1,0.22444185614585876,287.80520510673523,85.40799134969711,297.63409447669983,100.79279714822769,575.6104102134705,170.81598269939423,595.2681889533997,201.58559429645538,585.4392995834351,186.2007884979248,585.4392995834351,201.58559429645538,0.9147489055991173,0.3879183093706767,0.9147489055991173,0.4199699881176154,9.8288893699646,15.384805798530579,tiny_lt16
2026-08-12T15:06:32.355,118,unlabeled,1,0.218662291765213,244.30712342262268,9.102534234523773,259.7366178035736,32.788855612277985,488.61424684524536,18.205068469047546,519.4732356071472,65.57771122455597,504.0437412261963,41.89138984680176,504.0437412261963,65.57771122455597,0.7875683456659317,0.08727372884750366,0.7875683456659317,0.13662023171782495,15.429494380950928,23.68632137775421,small_16_32
2026-08-12T15:06:32.999,126,unlabeled,1,0.27450883388519287,311.58695816993713,51.92241442203522,320.0,86.6688836812973,623.1739163398743,103.84482884407043,640.0,173.3377673625946,631.5869581699371,138.59129810333252,631.5869581699371,173.3377673625946,0.9868546221405268,0.2887318710486094,0.9868546221405268,0.3611203486720721,8.413041830062866,34.746469259262085,regular_ge32
2026-08-12T15:06:32.999,126,unlabeled,2,0.2549463212490082,194.95440578460693,4.623937487602234,231.6368923187256,51.813703656196594,389.90881156921387,9.247874975204468,463.2737846374512,103.62740731239319,426.5912981033325,56.43764114379883,426.5912981033325,103.62740731239319,0.6665489032864571,0.1175784190495809,0.6665489032864571,0.21589043190081914,36.68248653411865,47.18976616859436,regular_ge32
2026-08-12T15:06:33.084,127,unlabeled,1,0.21299070119857788,282.06800389289856,35.886030197143555,314.61661028862,111.80001258850098,564.1360077857971,71.77206039428711,629.23322057724,223.60002517700195,596.6846141815186,147.68604278564453,596.6846141815186,223.60002517700195,0.9323197096586228,0.3076792558034261,0.9323197096586228,0.4658333857854207,32.548606395721436,75.91398239135742,regular_ge32
2026-08-12T15:06:33.166,128,unlabeled,1,0.2880568504333496,249.84234714508057,0.0,317.9993715286255,72.77797794342041,499.68469429016113,0.0,635.998743057251,145.55595588684082,567.841718673706,72.77797794342041,567.841718673706,145.55595588684082,0.8872526854276657,0.15162078738212587,0.8872526854276657,0.30324157476425173,68.15702438354492,72.77797794342041,regular_ge32
2026-08-12T15:06:33.166,128,unlabeled,2,0.24863308668136597,140.4961748123169,21.23051166534424,261.1070318222046,113.58519077301025,280.9923496246338,42.46102333068848,522.2140636444092,227.1703815460205,401.6032066345215,134.8157024383545,401.6032066345215,227.1703815460205,0.6275050103664398,0.28086604674657184,0.6275050103664398,0.47327162822087604,120.6108570098877,92.35467910766602,regular_ge32
2026-08-12T15:06:33.166,128,unlabeled,3,0.23032912611961365,67.3789312839508,124.28669393062592,89.90882658958435,156.1509472131729,134.7578625679016,248.57338786125183,179.8176531791687,312.3018944263458,157.28775787353516,280.4376411437988,157.28775787353516,312.3018944263458,0.2457621216773987,0.5842450857162476,0.2457621216773987,0.6506289467215538,22.529895305633545,31.864253282546997,small_16_32
2026-08-12T15:06:33.166,128,unlabeled,4,0.22444185614585876,255.14941501617432,73.71347212791443,300.16597080230713,156.74962067604065,510.29883003234863,147.42694425582886,600.3319416046143,313.4992413520813,555.3153858184814,230.46309280395508,555.3153858184814,313.4992413520813,0.8676802903413773,0.4801314433415731,0.8676802903413773,0.6531234194835027,45.01655578613281,83.03614854812622,regular_ge32
2026-08-12T15:06:33.259,129,unlabeled,1,0.24863308668136597,246.66618537902832,87.30697798728943,286.7425174713135,158.10172486305237,493.33237075805664,174.61395597457886,573.485034942627,316.20344972610474,533.4087028503418,245.4087028503418,533.4087028503418,316.20344972610474,0.833451098203659,0.5112681309382121,0.833451098203659,0.6587571869293849,40.076332092285156,70.79474687576294,regular_ge32
2026-08-12T15:06:33.259,129,unlabeled,2,0.23032912611961365,278.86466002464294,89.52319717407227,314.4727156162262,155.40531730651855,557.7293200492859,179.04639434814453,628.9454312324524,310.8106346130371,593.3373756408691,244.92851448059082,593.3373756408691,310.8106346130371,0.9270896494388581,0.5102677385012309,0.9270896494388581,0.6475221554438273,35.60805559158325,65.88212013244629,regular_ge32
2026-08-12T15:06:33.348,130,unlabeled,1,0.5911299586296082,177.72599291801453,127.3557853102684,187.8792269229889,148.33025747537613,355.45198583602905,254.7115706205368,375.7584538459778,296.66051495075226,365.6052198410034,275.68604278564453,365.6052198410034,296.66051495075226,0.5712581560015678,0.5743459224700928,0.5712581560015678,0.6180427394807338,10.153234004974365,20.974472165107727,small_16_32
2026-08-12T15:06:33.348,130,unlabeled,2,0.5,198.0363906621933,124.4514811038971,208.52431070804596,146.74489378929138,396.0727813243866,248.9029622077942,417.0486214160919,293.48978757858276,406.56070137023926,271.1963748931885,406.56070137023926,293.48978757858276,0.6352510958909988,0.5649924476941427,0.6352510958909988,0.6114370574553808,10.487920045852661,22.293412685394287,small_16_32
2026-08-12T15:06:33.348,130,unlabeled,3,0.37690892815589905,212.44009709358215,119.04007887840271,221.95468401908875,141.333491563797,424.8801941871643,238.08015775680542,443.9093680381775,282.666983127594,434.3947811126709,260.3735704421997,434.3947811126709,282.666983127594,0.6787418454885483,0.5424449384212494,0.6787418454885483,0.5888895481824875,9.514586925506592,22.293412685394287,small_16_32
2026-08-12T15:06:33.348,130,unlabeled,4,0.2880568504333496,217.86952781677246,17.841262817382812,312.26252365112305,92.026686668396,435.7390556335449,35.682525634765625,624.5250473022461,184.053373336792,530.1320514678955,109.86794948577881,530.1320514678955,184.053373336792,0.8283313304185868,0.22889156142870584,0.8283313304185868,0.38344452778498334,94.39299583435059,74.18542385101318,regular_ge32
2026-08-12T15:06:33.348,130,unlabeled,5,0.2880568504333496,0.0,128.14254820346832,16.621455669403076,184.86025750637054,0.0,256.28509640693665,33.24291133880615,369.7205150127411,16.621455669403076,313.00280570983887,16.621455669403076,369.7205150127411,0.025971024483442306,0.6520891785621643,0.025971024483442306,0.7702510729432106,16.621455669403076,56.71770930290222,regular_ge32
2026-08-12T15:06:33.348,130,unlabeled,6,0.2613641023635864,223.32370269298553,110.0970538854599,232.23865854740143,133.07748758792877,446.64740538597107,220.1941077709198,464.47731709480286,266.15497517585754,455.56236124038696,243.17454147338867,455.56236124038696,266.15497517585754,0.7118161894381047,0.5066136280695598,0.7118161894381047,0.5544895316163699,8.914955854415894,22.980433702468872,small_16_32
2026-08-12T15:06:33.348,130,unlabeled,7,0.23032912611961365,144.93072444200516,142.87665963172913,154.14076203107834,159.25519347190857,289.8614488840103,285.75331926345825,308.2815240621567,318.51038694381714,299.0714864730835,302.1318531036377,299.0714864730835,318.51038694381714,0.467299197614193,0.6294413606325785,0.467299197614193,0.6635633061329523,9.210037589073181,16.378533840179443,small_16_32
2026-08-12T15:06:33.348,130,unlabeled,8,0.23032912611961365,1.9698615670204163,167.8286176919937,10.598927915096283,190.80905139446259,3.9397231340408325,335.6572353839874,21.197855830192566,381.61810278892517,12.5687894821167,358.6376690864563,12.5687894821167,381.61810278892517,0.019638733565807344,0.747161810596784,0.019638733565807344,0.7950377141435941,8.629066348075867,22.980433702468872,small_16_32
2026-08-12T15:06:33.348,130,unlabeled,9,0.22444185614585876,130.49585342407227,131.4184137582779,138.8479518890381,149.3994458913803,260.99170684814453,262.8368275165558,277.6959037780762,298.7988917827606,269.34380531311035,280.8178596496582,269.34380531311035,298.7988917827606,0.4208496958017349,0.5850372076034546,0.4208496958017349,0.6224976912140846,8.35209846496582,17.981032133102417,small_16_32
2026-08-12T15:06:33.348,130,unlabeled,10,0.218662291765213,120.62482571601868,128.57864904403687,131.8143699169159,150.20353364944458,241.24965143203735,257.15729808807373,263.6287398338318,300.40706729888916,252.43919563293457,278.78218269348145,252.43919563293457,300.40706729888916,0.39443624317646026,0.580796213944753,0.39443624317646026,0.6258480568726857,11.189544200897217,21.624884605407715,small_16_32
2026-08-12T15:06:33.348,130,unlabeled,11,0.218662291765213,19.339557886123657,149.40318632125854,34.769052267074585,183.16560316085815,38.679115772247314,298.8063726425171,69.53810453414917,366.3312063217163,54.10861015319824,332.5687894821167,54.10861015319824,366.3312063217163,0.08454470336437225,0.6928516447544097,0.08454470336437225,0.7631900131702423,15.429494380950928,33.76241683959961,regular_ge32
2026-08-12T15:06:33.443,131,unlabeled,1,0.32359981536865234,4.22086626291275,153.9735023379326,12.849932610988617,179.89444714784622,8.4417325258255,307.9470046758652,25.699865221977234,359.78889429569244,17.070798873901367,333.8679494857788,17.070798873901367,359.78889429569244,0.026673123240470886,0.6955582280953725,0.026673123240470886,0.7495601964493592,8.629066348075867,25.920944809913635,small_16_32
2026-08-12T15:06:33.443,131,unlabeled,2,0.2880568504333496,196.8011610507965,112.17870992422104,206.6300504207611,135.86503130197525,393.602322101593,224.35741984844208,413.2601008415222,271.7300626039505,403.4312114715576,248.0437412261963,403.4312114715576,271.7300626039505,0.6303612679243088,0.5167577942212422,0.6303612679243088,0.5661042970915635,9.8288893699646,23.68632137775421,small_16_32
2026-08-12T15:06:33.443,131,unlabeled,3,0.2363237887620926,211.66298180818558,105.05970841646194,220.87301939725876,131.76575011014938,423.32596361637115,210.1194168329239,441.7460387945175,263.53150022029877,432.53600120544434,236.82545852661133,432.53600120544434,263.53150022029877,0.6758375018835068,0.49338637193044027,0.6758375018835068,0.549023958792289,9.210037589073181,26.70604169368744,small_16_32
2026-08-12T15:06:33.443,131,unlabeled,4,0.22444185614585876,176.69063025712967,114.81791776418686,185.90066784620285,134.54441171884537,353.38126051425934,229.63583552837372,371.8013356924057,269.08882343769073,362.5912981033325,249.36232948303223,362.5912981033325,269.08882343769073,0.566548903286457,0.5195048530896504,0.566548903286457,0.560601715495189,9.210037589073181,19.72649395465851,small_16_32
2026-08-12T15:06:33.443,131,unlabeled,5,0.218662291765213,0.0,110.44952201843262,16.373844742774963,173.17690658569336,0.0,220.89904403686523,32.74768948554993,346.3538131713867,16.373844742774963,283.626428604126,16.373844742774963,346.3538131713867,0.02558413241058588,0.5908883929252624,0.02558413241058588,0.7215704441070556,16.373844742774963,62.72738456726074,regular_ge32
2026-08-12T15:06:33.443,131,unlabeled,6,0.2019716501235962,18.890129566192627,157.86193054914474,30.447246074676514,183.78287535905838,37.780259132385254,315.7238610982895,60.89449214935303,367.56575071811676,49.33737564086914,341.6448059082031,49.33737564086914,367.56575071811676,0.07708964943885803,0.7117600123087565,0.07708964943885803,0.7657619806627433,11.557116508483887,25.920944809913635,small_16_32
2026-08-12T15:06:33.526,132,unlabeled,1,0.2019716501235962,147.47125363349915,124.34519857168198,158.66079783439636,141.77666574716568,294.9425072669983,248.69039714336395,317.3215956687927,283.55333149433136,306.1320514678955,266.12186431884766,306.1320514678955,283.55333149433136,0.4783313304185867,0.554420550664266,0.4783313304185867,0.590736107279857,11.189544200897217,17.431467175483704,small_16_32
2026-08-12T15:06:33.592,133,unlabeled,1,0.400795578956604,51.2894167304039,158.86538660526276,59.37320667505264,174.73983323574066,102.5788334608078,317.7307732105255,118.74641335010529,349.4796664714813,110.66262340545654,333.6052198410034,110.66262340545654,349.4796664714813,0.17291034907102584,0.6950108746687571,0.17291034907102584,0.7280826384822527,8.083789944648743,15.874446630477905,tiny_lt16
2026-08-12T15:06:33.592,133,unlabeled,2,0.37690892815589905,88.16343480348587,153.98950517177582,97.37347239255905,171.97053730487823,176.32686960697174,307.97901034355164,194.7469447851181,343.94107460975647,185.53690719604492,325.96004247665405,185.53690719604492,343.94107460975647,0.2899014174938202,0.6790834218263626,0.2899014174938202,0.7165439054369926,9.210037589073181,17.981032133102417,small_16_32
2026-08-12T15:06:33.592,133,unlabeled,3,0.35360580682754517,63.87902271747589,161.19105809926987,74.71227538585663,180.91755205392838,127.75804543495178,322.38211619853973,149.42455077171326,361.83510410785675,138.59129810333252,342.10861015319824,138.59129810333252,361.83510410785675,0.21654890328645707,0.7127262711524963,0.21654890328645707,0.7538231335580349,10.833252668380737,19.72649395465851,small_16_32
2026-08-12T15:06:33.592,133,unlabeled,4,0.3019951581954956,16.11911690235138,160.57864904403687,26.952369570732117,182.20353364944458,32.23823380470276,321.15729808807373,53.90473914146423,364.40706729888916,43.071486473083496,342.78218269348145,43.071486473083496,364.40706729888916,0.06729919761419297,0.7141295472780863,0.06729919761419297,0.759181390206019,10.833252668380737,21.624884605407715,small_16_32
2026-08-12T15:06:33.592,133,unlabeled,5,0.2880568504333496,99.00712168216705,155.24414628744125,107.92207753658295,175.5859461426735,198.0142433643341,310.4882925748825,215.8441550731659,351.171892285347,206.92919921875,330.83009243011475,206.92919921875,351.171892285347,0.32332687377929686,0.6892293592294058,0.32332687377929686,0.7316081089278063,8.914955854415894,20.34179985523224,small_16_32
2026-08-12T15:06:33.592,133,unlabeled,6,0.24863308668136597,1.0235512256622314,155.9254931807518,10.538138151168823,176.89996534585953,2.047102451324463,311.8509863615036,21.076276302337646,353.79993069171906,11.561689376831055,332.8254585266113,11.561689376831055,353.79993069171906,0.018065139651298523,0.6933863719304403,0.018065139651298523,0.7370831889410814,9.514586925506592,20.974472165107727,small_16_32
2026-08-12T15:06:33.592,133,unlabeled,7,0.218662291765213,64.69063025712967,135.75118213891983,73.90066784620285,146.60703510046005,129.38126051425934,271.50236427783966,147.8013356924057,293.2140702009201,138.59129810333252,282.3582172393799,138.59129810333252,293.2140702009201,0.21654890328645707,0.5882462859153748,0.21654890328645707,0.6108626462519169,9.210037589073181,10.855852961540222,tiny_lt16
2026-08-12T15:06:33.702,134,unlabeled,1,0.5083773732185364,62.941091537475586,177.10193192958832,74.49820804595947,200.0823656320572,125.88218307495117,354.20386385917664,148.99641609191895,400.1647312641144,137.43929958343506,377.1842975616455,137.43929958343506,400.1647312641144,0.21474890559911727,0.7858006199200948,0.21474890559911727,0.8336765234669049,11.557116508483887,22.980433702468872,small_16_32
2026-08-12T15:06:33.702,134,unlabeled,2,0.39277467131614685,176.30363869667053,158.3849482536316,185.81822562217712,180.0098328590393,352.60727739334106,316.7698965072632,371.63645124435425,360.0196657180786,362.12186431884766,338.3947811126709,362.12186431884766,360.0196657180786,0.5658154129981995,0.7049891273180644,0.5658154129981995,0.7500409702459971,9.514586925506592,21.624884605407715,small_16_32
2026-08-12T15:06:33.702,134,unlabeled,3,0.34598395228385925,167.85400891304016,157.12129426002502,177.68289828300476,179.4147069454193,335.7080178260803,314.24258852005005,355.3657965660095,358.8294138908386,345.5369071960449,336.53600120544434,345.5369071960449,358.8294138908386,0.5399014174938201,0.7011166691780091,0.5399014174938201,0.7475612789392472,9.8288893699646,22.293412685394287,small_16_32
2026-08-12T15:06:33.702,134,unlabeled,4,0.34598395228385925,20.97519624233246,175.66695767641068,31.46311628818512,202.3729993700981,41.95039248466492,351.33391535282135,62.92623257637024,404.7459987401962,52.43831253051758,378.0399570465088,52.43831253051758,404.7459987401962,0.08193486332893371,0.7875832438468933,0.08193486332893371,0.8432208307087421,10.487920045852661,26.70604169368744,small_16_32
2026-08-12T15:06:33.702,134,unlabeled,5,0.30910593271255493,51.95401978492737,176.17355912923813,59.77790427207947,191.5583649277687,103.90803956985474,352.34711825847626,119.55580854415894,383.1167298555374,111.73192405700684,367.73192405700684,111.73192405700684,383.1167298555374,0.1745811313390732,0.7661081751187643,0.1745811313390732,0.798159853865703,7.8238844871521,15.384805798530579,tiny_lt16
2026-08-12T15:06:33.702,134,unlabeled,6,0.27450883388519287,98.78934502601624,171.29360860586166,108.9425790309906,192.2680807709694,197.57869005203247,342.5872172117233,217.8851580619812,384.5361615419388,207.73192405700684,363.56168937683105,207.73192405700684,384.5361615419388,0.3245811313390732,0.7574201862017313,0.3245811313390732,0.8011170032123724,10.153234004974365,20.974472165107727,small_16_32
2026-08-12T15:06:33.702,134,unlabeled,7,0.27450883388519287,0.0,176.0652538537979,12.231133341789246,216.09302842617035,0.0,352.1305077075958,24.46226668357849,432.1860568523407,12.231133341789246,392.15828227996826,12.231133341789246,432.1860568523407,0.019111145846545698,0.8169964214166006,0.019111145846545698,0.9003876184423765,12.231133341789246,40.02777457237244,regular_ge32
2026-08-12T15:06:33.702,134,unlabeled,8,0.26788532733917236,226.3709124326706,157.84127593040466,233.94304478168488,174.2198097705841,452.7418248653412,315.6825518608093,467.88608956336975,348.4396195411682,460.31395721435547,332.06108570098877,460.31395721435547,348.4396195411682,0.7192405581474304,0.6917939285437266,0.7192405581474304,0.7259158740441004,7.572132349014282,16.378533840179443,small_16_32
2026-08-12T15:06:33.702,134,unlabeled,9,0.26788532733917236,245.66697216033936,157.66073328256607,254.01907062530518,176.20721620321274,491.3339443206787,315.32146656513214,508.03814125061035,352.4144324064255,499.68604278564453,333.8679494857788,499.68604278564453,352.4144324064255,0.7807594418525696,0.6955582280953725,0.7807594418525696,0.734196734180053,8.35209846496582,18.546482920646667,small_16_32
2026-08-12T15:06:33.702,134,unlabeled,10,0.2613641023635864,255.7871225476265,153.06636261940002,264.9971601366997,174.69124722480774,511.574245095253,306.13272523880005,529.9943202733994,349.3824944496155,520.7842826843262,327.75760984420776,520.7842826843262,349.3824944496155,0.8137254416942596,0.6828283538420995,0.8137254416942596,0.7278801967700322,9.210037589073181,21.624884605407715,small_16_32
2026-08-12T15:06:33.702,134,unlabeled,11,0.24242530763149261,88.52007257938385,170.82805186510086,99.35332524776459,189.9562308192253,177.0401451587677,341.6561037302017,198.70665049552917,379.9124616384506,187.87339782714844,360.7842826843262,187.87339782714844,379.9124616384506,0.29355218410491946,0.7516339222590128,0.29355218410491946,0.7914842950801054,10.833252668380737,19.12817895412445,small_16_32
2026-08-12T15:06:33.702,134,unlabeled,12,0.2363237887620926,285.4993871450424,144.32174336910248,303.5844532251358,189.02206194400787,570.9987742900848,288.64348673820496,607.1689064502716,378.04412388801575,589.0838403701782,333.34380531311035,589.0838403701782,378.04412388801575,0.9204435005784035,0.6944662610689799,0.9204435005784035,0.7875919247666995,18.085066080093384,44.700318574905396,regular_ge32
2026-08-12T15:06:33.702,134,unlabeled,13,0.23032912611961365,125.85895335674286,154.23241370916367,134.77390921115875,175.2068858742714,251.71790671348572,308.46482741832733,269.5478184223175,350.4137717485428,260.6328625679016,329.43929958343506,260.6328625679016,350.4137717485428,0.40723884776234626,0.6863318741321563,0.40723884776234626,0.7300286911427974,8.914955854415894,20.974472165107727,small_16_32
2026-08-12T15:06:33.702,134,unlabeled,14,0.20742715895175934,310.38981825113297,140.0228013396263,319.01888459920883,163.70912271738052,620.7796365022659,280.0456026792526,638.0377691984177,327.41824543476105,629.4087028503418,303.73192405700684,629.4087028503418,327.41824543476105,0.9834510982036591,0.6327748417854309,0.9834510982036591,0.6821213446557521,8.629066348075867,23.68632137775421,small_16_32
2026-08-12T15:06:33.774,135,unlabeled,1,0.5334624648094177,63.09278345108032,176.32795751094818,75.02908086776733,199.30839121341705,126.18556690216064,352.65591502189636,150.05816173553467,398.6167824268341,138.12186431884766,375.63634872436523,138.12186431884766,398.6167824268341,0.21581541299819945,0.7825757265090942,0.21581541299819945,0.8304516300559044,11.936297416687012,22.980433702468872,small_16_32
2026-08-12T15:06:33.774,135,unlabeled,2,0.400795578956604,21.22029721736908,176.89466685056686,31.70821726322174,201.30612164735794,42.44059443473816,353.7893337011337,63.41643452644348,402.6122432947159,52.92851448059082,378.2007884979248,52.92851448059082,402.6122432947159,0.08270080387592316,0.7879183093706766,0.08270080387592316,0.8387755068639914,10.487920045852661,24.411454796791077,small_16_32
2026-08-12T15:06:33.774,135,unlabeled,3,0.39277467131614685,177.86890244483948,160.07550966739655,185.69278693199158,178.05654180049896,355.73780488967896,320.1510193347931,371.38557386398315,356.1130836009979,363.56168937683105,338.1320514678955,363.56168937683105,356.1130836009979,0.5680651396512986,0.704441773891449,0.5680651396512986,0.741902257502079,7.8238844871521,17.981032133102417,small_16_32
2026-08-12T15:06:33.774,135,unlabeled,4,0.3848111629486084,166.67533189058304,157.86875194311142,175.88536947965622,177.59524589776993,333.3506637811661,315.73750388622284,351.77073895931244,355.19049179553986,342.56070137023926,335.46399784088135,342.56070137023926,355.19049179553986,0.5352510958909988,0.6988833288351695,0.5352510958909988,0.739980191240708,9.210037589073181,19.72649395465851,small_16_32
2026-08-12T15:06:33.774,135,unlabeled,5,0.37690892815589905,226.5933774113655,157.04002678394318,235.8034150004387,175.0210589170456,453.186754822731,314.08005356788635,471.6068300008774,350.0421178340912,462.3967924118042,332.06108570098877,462.3967924118042,350.0421178340912,0.722494988143444,0.6917939285437266,0.722494988143444,0.7292544121543566,9.210037589073181,17.981032133102417,small_16_32
2026-08-12T15:06:33.774,135,unlabeled,6,0.34598395228385925,244.57080483436584,154.4832067489624,254.08539175987244,176.10809135437012,489.1416096687317,308.9664134979248,508.1707835197449,352.21618270874023,498.6561965942383,330.5912981033325,498.6561965942383,352.21618270874023,0.7791503071784973,0.6887318710486094,0.7791503071784973,0.7337837139765422,9.514586925506592,21.624884605407715,small_16_32
2026-08-12T15:06:33.774,135,unlabeled,7,0.3384403884410858,188.5024710893631,162.53274244070053,198.65570509433746,183.50721460580826,377.0049421787262,325.06548488140106,397.3114101886749,367.0144292116165,387.15817618370056,346.0399570465088,387.15817618370056,367.0144292116165,0.6049346502870321,0.7209165771802266,0.6049346502870321,0.7646133941908677,10.153234004974365,20.974472165107727,small_16_32
2026-08-12T15:06:33.774,135,unlabeled,8,0.31630825996398926,50.62997794151306,174.45051431655884,58.45386242866516,189.35977697372437,101.25995588302612,348.9010286331177,116.90772485733032,378.71955394744873,109.08384037017822,363.8102912902832,109.08384037017822,378.71955394744873,0.17044350057840346,0.7579381068547567,0.17044350057840346,0.7889990707238516,7.8238844871521,14.909262657165527,tiny_lt16
2026-08-12T15:06:33.774,135,unlabeled,9,0.2880568504333496,256.9003994464874,151.6557675600052,266.414986371994,174.63620126247406,513.8007988929749,303.3115351200104,532.829972743988,349.2724025249481,523.3153858184814,326.29196882247925,523.3153858184814,349.2724025249481,0.8176802903413772,0.6797749350468317,0.8176802903413772,0.7276508385936419,9.514586925506592,22.980433702468872,small_16_32
2026-08-12T15:06:33.774,135,unlabeled,10,0.218662291765213,274.3153725862503,149.61179637908936,285.14862525463104,177.9505648612976,548.6307451725006,299.2235927581787,570.2972505092621,355.9011297225952,559.4639978408813,327.56236124038696,559.4639978408813,355.9011297225952,0.8741624966263771,0.6824215859174728,0.8741624966263771,0.7414606869220733,10.833252668380737,28.338768482208252,small_16_32
2026-08-12T15:06:33.774,135,unlabeled,11,0.218662291765213,87.97061395645142,169.36829942464828,99.5277304649353,189.0947933793068,175.94122791290283,338.73659884929657,199.0554609298706,378.1895867586136,187.49834442138672,358.4630928039551,187.49834442138672,378.1895867586136,0.2929661631584167,0.7467981100082397,0.2929661631584167,0.7878949724137783,11.557116508483887,19.72649395465851,small_16_32
2026-08-12T15:06:33.774,135,unlabeled,12,0.20742715895175934,98.3153725862503,169.06636261940002,109.14862525463104,190.69124722480774,196.6307451725006,338.13272523880005,218.29725050926208,381.3824944496155,207.46399784088135,359.75760984420776,207.46399784088135,381.3824944496155,0.3241624966263771,0.7494950205087662,0.3241624966263771,0.7945468634366989,10.833252668380737,21.624884605407715,small_16_32
2026-08-12T15:06:33.878,136,unlabeled,1,0.441620409488678,244.92857670783997,152.98876184225082,254.75746607780457,176.67508322000504,489.85715341567993,305.97752368450165,509.51493215560913,353.35016644001007,499.68604278564453,329.66384506225586,499.68604278564453,353.35016644001007,0.7807594418525696,0.686799677213033,0.7807594418525696,0.7361461800833543,9.8288893699646,23.68632137775421,small_16_32
2026-08-12T15:06:33.878,136,unlabeled,2,0.4251631200313568,179.02403157949448,160.33758223056793,187.10782152414322,178.31861436367035,358.04806315898895,320.67516446113586,374.21564304828644,356.6372287273407,366.1318531036377,338.6561965942383,366.1318531036377,356.6372287273407,0.5720810204744339,0.7055337429046631,0.5720810204744339,0.7429942265152931,8.083789944648743,17.981032133102417,small_16_32
2026-08-12T15:06:33.878,136,unlabeled,3,0.4251631200313568,63.64303278923035,175.41637080907822,73.79626679420471,195.75817066431046,127.2860655784607,350.83274161815643,147.59253358840942,391.5163413286209,137.43929958343506,371.1745414733887,137.43929958343506,391.5163413286209,0.21474890559911727,0.7732802947362264,0.21474890559911727,0.8156590444346269,10.153234004974365,20.34179985523224,small_16_32
2026-08-12T15:06:33.878,136,unlabeled,4,0.4169939160346985,167.36390137672424,156.97736352682114,176.87848830223083,177.95183569192886,334.7278027534485,313.9547270536423,353.75697660446167,355.9036713838577,344.2423896789551,334.92919921875,344.2423896789551,355.9036713838577,0.5378787338733673,0.6977691650390625,0.5378787338733673,0.7414659820497036,9.514586925506592,20.974472165107727,small_16_32
2026-08-12T15:06:33.878,136,unlabeled,5,0.40887001156806946,226.34513199329376,155.4968426823616,235.26008784770966,174.62502163648605,452.6902639865875,310.9936853647232,470.5201756954193,349.2500432729721,461.6052198410034,330.12186431884766,461.6052198410034,349.2500432729721,0.7212581560015678,0.6877538839975993,0.7212581560015678,0.7276042568186919,8.914955854415894,19.12817895412445,small_16_32
2026-08-12T15:06:33.878,136,unlabeled,6,0.400795578956604,22.342636585235596,175.63167637586594,33.89975309371948,201.55262118577957,44.68527317047119,351.2633527517319,67.79950618743896,403.10524237155914,56.24238967895508,377.1842975616455,56.24238967895508,403.10524237155914,0.08787873387336731,0.7858006199200948,0.08787873387336731,0.8398025882740815,11.557116508483887,25.920944809913635,small_16_32
2026-08-12T15:06:33.878,136,unlabeled,7,0.400795578956604,50.6265606880188,174.09512782096863,58.97865915298462,190.47366166114807,101.2531213760376,348.19025564193726,117.95731830596924,380.94732332229614,109.60521984100342,364.5687894821167,109.60521984100342,380.94732332229614,0.17125815600156785,0.7595183114210765,0.17125815600156785,0.7936402569214503,8.35209846496582,16.378533840179443,small_16_32
2026-08-12T15:06:33.878,136,unlabeled,8,0.39277467131614685,188.77473545074463,162.1586236357689,198.28932237625122,181.8851175904274,377.54947090148926,324.3172472715378,396.57864475250244,363.7702351808548,387.06405782699585,344.0437412261963,387.06405782699585,363.7702351808548,0.604787590354681,0.7167577942212423,0.604787590354681,0.7578546566267809,9.514586925506592,19.72649395465851,small_16_32
2026-08-12T15:06:33.878,136,unlabeled,9,0.36130279302597046,256.1464874744415,151.6557675600052,265.9753768444061,174.63620126247406,512.292974948883,303.3115351200104,531.9507536888123,349.2724025249481,522.1218643188477,326.29196882247925,522.1218643188477,349.2724025249481,0.8158154129981995,0.6797749350468317,0.8158154129981995,0.7276508385936419,9.8288893699646,22.980433702468872,small_16_32
2026-08-12T15:06:33.878,136,unlabeled,10,0.24863308668136597,273.6036241054535,149.38457256555557,284.7931683063507,178.57168620824814,547.207248210907,298.76914513111115,569.5863366127014,357.1433724164963,558.3967924118042,327.9562587738037,558.3967924118042,357.1433724164963,0.8724949881434441,0.6832422057787577,0.8724949881434441,0.7440486925343672,11.189544200897217,29.187113642692566,small_16_32
2026-08-12T15:06:33.878,136,unlabeled,11,0.24242530763149261,286.06337893009186,142.5696575641632,301.00810754299164,188.5018289089203,572.1267578601837,285.1393151283264,602.0162150859833,377.0036578178406,587.0714864730835,331.0714864730835,587.0714864730835,377.0036578178406,0.917299197614193,0.6897322634855906,0.917299197614193,0.7854242871205012,14.94472861289978,45.93217134475708,regular_ge32
2026-08-12T15:06:33.878,136,unlabeled,12,0.22444185614585876,87.71200501918793,168.26103657484055,100.03942930698395,187.98753052949905,175.42401003837585,336.5220731496811,200.0788586139679,375.9750610589981,187.75143432617188,356.2485671043396,187.75143432617188,375.9750610589981,0.29336161613464357,0.7421845148007075,0.29336161613464357,0.783281377206246,12.32742428779602,19.72649395465851,small_16_32
2026-08-12T15:06:33.878,136,unlabeled,13,0.2019716501235962,97.69001471996307,167.52181196212769,108.17793476581573,189.81522464752197,195.38002943992615,335.04362392425537,216.35586953163147,379.63044929504395,205.8679494857788,357.33703660964966,205.8679494857788,379.63044929504395,0.3216686710715294,0.7444521596034368,0.3216686710715294,0.7908967693646749,10.487920045852661,22.293412685394287,small_16_32
2026-08-12T15:06:33.951,137,unlabeled,1,0.4748867154121399,178.23668003082275,158.034097969532,186.58877849578857,177.16227692365646,356.4733600616455,316.068195939064,373.17755699157715,354.3245538473129,364.8254585266113,335.1963748931885,364.8254585266113,354.3245538473129,0.5700397789478302,0.698325781027476,0.5700397789478302,0.7381761538485686,8.35209846496582,19.12817895412445,small_16_32
2026-08-12T15:06:33.951,137,unlabeled,2,0.4665374755859375,257.08036160469055,149.6086831688881,267.2335956096649,174.76488727331161,514.1607232093811,299.2173663377762,534.4671912193298,349.52977454662323,524.3139572143555,324.3735704421997,524.3139572143555,349.52977454662323,0.8192405581474305,0.6757782717545827,0.8192405581474305,0.728187030305465,10.153234004974365,25.156204104423523,small_16_32
2026-08-12T15:06:33.951,137,unlabeled,3,0.441620409488678,247.33231282234192,152.79594838619232,257.4855468273163,175.7763820886612,494.66462564468384,305.59189677238464,514.9710936546326,351.5527641773224,504.8178596496582,328.5723304748535,504.8178596496582,351.5527641773224,0.788777905702591,0.6845256884892782,0.788777905702591,0.7324015920360883,10.153234004974365,22.980433702468872,small_16_32
2026-08-12T15:06:33.951,137,unlabeled,4,0.40887001156806946,167.36069643497467,155.9254931807518,176.27565228939056,176.89996534585953,334.72139286994934,311.8509863615036,352.5513045787811,353.79993069171906,343.63634872436523,332.8254585266113,343.63634872436523,353.79993069171906,0.5369317948818206,0.6933863719304403,0.5369317948818206,0.7370831889410814,8.914955854415894,20.974472165107727,small_16_32
2026-08-12T15:06:33.951,137,unlabeled,5,0.3690716028213501,188.75750732421875,161.2201914191246,198.91074132919312,181.56199127435684,377.5150146484375,322.4403828382492,397.82148265838623,363.1239825487137,387.66824865341187,342.78218269348145,387.66824865341187,363.1239825487137,0.605731638520956,0.7141295472780863,0.605731638520956,0.7565082969764868,10.153234004974365,20.34179985523224,small_16_32
2026-08-12T15:06:33.951,137,unlabeled,6,0.36130279302597046,226.47649681568146,154.41403990983963,235.39145267009735,173.54221886396408,452.9529936313629,308.82807981967926,470.7829053401947,347.08443772792816,461.8679494857788,327.9562587738037,461.8679494857788,347.08443772792816,0.7216686710715294,0.6832422057787577,0.7216686710715294,0.7230925785998503,8.914955854415894,19.12817895412445,small_16_32
2026-08-12T15:06:33.951,137,unlabeled,7,0.34598395228385925,288.28525280952454,140.6249840259552,303.71474719047546,186.55715537071228,576.5705056190491,281.2499680519104,607.4294943809509,373.11431074142456,592.0,327.1821393966675,592.0,373.11431074142456,0.925,0.6816294570763906,0.925,0.7773214807113011,15.429494380950928,45.93217134475708,regular_ge32
2026-08-12T15:06:33.951,137,unlabeled,8,0.3019951581954956,272.0623941421509,148.8106369972229,283.9986915588379,177.14940547943115,544.1247882843018,297.6212739944458,567.9973831176758,354.2988109588623,556.0610857009888,325.96004247665405,556.0610857009888,354.2988109588623,0.8688454464077949,0.6790834218263626,0.8688454464077949,0.7381225228309631,11.936297416687012,28.338768482208252,small_16_32
2026-08-12T15:06:33.951,137,unlabeled,9,0.26788532733917236,126.52254331111908,153.59190505743027,135.43749916553497,174.566377222538,253.04508662223816,307.18381011486053,270.87499833106995,349.132754445076,261.96004247665405,328.15828227996826,261.96004247665405,349.132754445076,0.409312566369772,0.6836630880832673,0.409312566369772,0.7273599050939084,8.914955854415894,20.974472165107727,small_16_32
2026-08-12T15:06:33.951,137,unlabeled,10,0.2613641023635864,21.979935467243195,175.97702115774155,31.189973056316376,196.95149332284927,43.95987093448639,351.9540423154831,62.37994611263275,393.90298664569855,53.16990852355957,372.9285144805908,53.16990852355957,393.90298664569855,0.08307798206806183,0.7769344051678976,0.08307798206806183,0.8206312221785387,9.210037589073181,20.974472165107727,small_16_32
2026-08-12T15:06:33.951,137,unlabeled,11,0.24863308668136597,288.62129855155945,179.07460874319077,298.45018792152405,198.80110269784927,577.2425971031189,358.14921748638153,596.9003758430481,397.60220539569855,587.0714864730835,377.87571144104004,587.0714864730835,397.60220539569855,0.917299197614193,0.7872410655021668,0.917299197614193,0.8283379279077053,9.8288893699646,19.72649395465851,small_16_32
2026-08-12T15:06:33.951,137,unlabeled,12,0.24242530763149261,0.0,175.82608777284622,9.185841798782349,202.53212946653366,0.0,351.65217554569244,18.371683597564697,405.0642589330673,9.185841798782349,378.3582172393799,9.185841798782349,405.0642589330673,0.014352877810597419,0.7882462859153747,0.014352877810597419,0.8438838727772235,9.185841798782349,26.70604169368744,small_16_32
2026-08-12T15:06:33.951,137,unlabeled,13,0.22444185614585876,64.4051166176796,173.36988526582718,73.03418296575546,192.49806421995163,128.8102332353592,346.73977053165436,146.06836593151093,384.99612843990326,137.43929958343506,365.8679494857788,137.43929958343506,384.99612843990326,0.21474890559911727,0.7622248947620391,0.21474890559911727,0.8020752675831317,8.629066348075867,19.12817895412445,small_16_32
2026-08-12T15:06:33.951,137,unlabeled,14,0.2019716501235962,51.01654374599457,173.72195798158646,58.58867609500885,188.1694318652153,102.03308749198914,347.4439159631729,117.1773521900177,376.3388637304306,109.60521984100342,361.89138984680176,109.60521984100342,376.3388637304306,0.17125815600156785,0.7539403955141704,0.17125815600156785,0.7840392994383971,7.572132349014282,14.447473883628845,tiny_lt16
2026-08-12T15:06:34.053,138,unlabeled,1,0.5,20.563748836517334,173.5893702507019,32.12086534500122,195.21425485610962,41.12749767303467,347.1787405014038,64.24173069000244,390.42850971221924,52.684614181518555,368.8036251068115,52.684614181518555,390.42850971221924,0.08231970965862274,0.7683408856391907,0.08231970965862274,0.8133927285671234,11.557116508483887,21.624884605407715,small_16_32
2026-08-12T15:06:34.053,138,unlabeled,2,0.39277467131614685,166.93361341953278,158.16790944337845,175.84856927394867,177.2960883975029,333.86722683906555,316.3358188867569,351.69713854789734,354.5921767950058,342.78218269348145,335.46399784088135,342.78218269348145,354.5921767950058,0.5355971604585648,0.6988833288351695,0.5355971604585648,0.7387337016562621,8.914955854415894,19.12817895412445,small_16_32
2026-08-12T15:06:34.053,138,unlabeled,3,0.3848111629486084,177.10051304101944,158.74148285388947,185.7295793890953,176.72251498699188,354.2010260820389,317.48296570777893,371.4591587781906,353.44502997398376,362.83009243011475,335.46399784088135,362.83009243011475,353.44502997398376,0.5669220194220543,0.6988833288351695,0.5669220194220543,0.7363438124457995,8.629066348075867,17.981032133102417,small_16_32
2026-08-12T15:06:34.053,138,unlabeled,4,0.3848111629486084,258.0195300579071,150.63406670093536,267.8484194278717,173.61450040340424,516.0390601158142,301.2681334018707,535.6968388557434,347.2290008068085,525.8679494857788,324.2485671043396,525.8679494857788,347.2290008068085,0.8216686710715294,0.6755178481340408,0.8216686710715294,0.723393751680851,9.8288893699646,22.980433702468872,small_16_32
2026-08-12T15:06:34.053,138,unlabeled,5,0.34598395228385925,246.2563089132309,153.46220326423645,256.74422895908356,175.75561594963074,492.5126178264618,306.9244065284729,513.4884579181671,351.5112318992615,503.00053787231445,329.2178192138672,503.00053787231445,351.5112318992615,0.7859383404254914,0.6858704566955567,0.7859383404254914,0.7323150664567948,10.487920045852661,22.293412685394287,small_16_32
2026-08-12T15:06:34.053,138,unlabeled,6,0.32359981536865234,226.99316865205765,155.95517885684967,236.20320624113083,173.9362109899521,453.9863373041153,311.91035771369934,472.40641248226166,347.8724219799042,463.1963748931885,329.89138984680176,463.1963748931885,347.8724219799042,0.723744335770607,0.6872737288475037,0.723744335770607,0.7247342124581337,9.210037589073181,17.981032133102417,small_16_32
2026-08-12T15:06:34.053,138,unlabeled,7,0.3019951581954956,5.6141374707221985,170.3288306593895,14.82417505979538,190.67063051462173,11.228274941444397,340.657661318779,29.64835011959076,381.34126102924347,20.438312530517578,360.99946117401123,20.438312530517578,381.34126102924347,0.031934863328933714,0.75208221077919,0.031934863328933714,0.7944609604775905,9.210037589073181,20.34179985523224,small_16_32
2026-08-12T15:06:34.053,138,unlabeled,8,0.27450883388519287,289.56828677654266,146.6173882484436,301.8957110643387,180.3798050880432,579.1365735530853,293.2347764968872,603.7914221286774,360.7596101760864,591.4639978408813,326.9971933364868,591.4639978408813,360.7596101760864,0.9241624966263771,0.6812441527843476,0.9241624966263771,0.7515825212001801,12.32742428779602,33.76241683959961,regular_ge32
2026-08-12T15:06:34.053,138,unlabeled,9,0.2549463212490082,272.613916516304,150.4627909064293,283.44716918468475,174.87424570322037,545.227833032608,300.9255818128586,566.8943383693695,349.74849140644073,556.0610857009888,325.33703660964966,556.0610857009888,349.74849140644073,0.8688454464077949,0.6777854929367702,0.8688454464077949,0.7286426904300849,10.833252668380737,24.411454796791077,small_16_32
2026-08-12T15:06:34.053,138,unlabeled,10,0.24242530763149261,188.94282519817352,161.936179459095,199.43074524402618,181.06435841321945,377.88565039634705,323.87235891819,398.86149048805237,362.1287168264389,388.3735704421997,343.00053787231445,388.3735704421997,362.1287168264389,0.606833703815937,0.7145844539006551,0.606833703815937,0.7544348267217477,10.487920045852661,19.12817895412445,small_16_32
2026-08-12T15:06:34.053,138,unlabeled,11,0.21299070119857788,86.20373368263245,151.8286176919937,96.35696768760681,174.80905139446259,172.4074673652649,303.6572353839874,192.71393537521362,349.61810278892517,182.56070137023926,326.6376690864563,182.56070137023926,349.61810278892517,0.28525109589099884,0.6804951439301173,0.28525109589099884,0.7283710474769275,10.153234004974365,22.980433702468872,small_16_32
2026-08-12T15:06:34.138,139,unlabeled,1,0.4665374755859375,20.28294587135315,177.52085602283478,30.11183524131775,193.39530265331268,40.5658917427063,355.04171204566956,60.2236704826355,386.79060530662537,50.3947811126709,370.91615867614746,50.3947811126709,386.79060530662537,0.07874184548854828,0.7727419972419739,0.07874184548854828,0.8058137610554695,9.8288893699646,15.874446630477905,tiny_lt16
2026-08-12T15:06:34.138,139,unlabeled,2,0.4665374755859375,64.36421835422516,178.1586236357689,75.1974710226059,197.8851175904274,128.72843670845032,356.3172472715378,150.3949420452118,395.7702351808548,139.56168937683105,376.0437412261963,139.56168937683105,395.7702351808548,0.21806513965129853,0.783424460887909,0.21806513965129853,0.8245213232934475,10.833252668380737,19.72649395465851,small_16_32
2026-08-12T15:06:34.138,139,unlabeled,3,0.36130279302597046,52.74933326244354,174.75384345650673,60.321465611457825,188.31764301657677,105.49866652488708,349.50768691301346,120.64293122291565,376.63528603315353,113.07079887390137,363.0714864730835,113.07079887390137,376.63528603315353,0.17667312324047088,0.7563989301522572,0.17667312324047088,0.7846568459024031,7.572132349014282,13.563799560070038,tiny_lt16
2026-08-12T15:06:34.138,139,unlabeled,4,0.30910593271255493,87.43720471858978,174.22346234321594,97.92512476444244,190.60199618339539,174.87440943717957,348.4469246864319,195.8502495288849,381.20399236679077,185.36232948303223,364.8254585266113,185.36232948303223,381.20399236679077,0.28962863981723785,0.7600530385971069,0.28962863981723785,0.7941749840974808,10.487920045852661,16.378533840179443,small_16_32
2026-08-12T15:06:34.138,139,unlabeled,5,0.2880568504333496,97.76385021209717,175.7137685418129,109.70014762878418,188.8550209403038,195.52770042419434,351.4275370836258,219.40029525756836,377.7100418806076,207.46399784088135,364.5687894821167,207.46399784088135,377.7100418806076,0.3241624966263771,0.7595183114210765,0.3241624966263771,0.7868959205845992,11.936297416687012,13.141252398490906,tiny_lt16
2026-08-12T15:06:34.138,139,unlabeled,6,0.2613641023635864,289.4934974908829,135.82616543769836,305.4226611852646,172.6121470928192,578.9869949817657,271.65233087539673,610.8453223705292,345.2242941856384,594.9161586761475,308.4383125305176,594.9161586761475,345.2242941856384,0.9295564979314804,0.6425798177719116,0.9295564979314804,0.7192172795534134,15.929163694381714,36.78598165512085,regular_ge32
2026-08-12T15:06:34.138,139,unlabeled,7,0.24242530763149261,3.957988739013672,177.37912076711655,12.310087203979492,194.81058794260025,7.915977478027344,354.7582415342331,24.620174407958984,389.6211758852005,16.268075942993164,372.1897087097168,16.268075942993164,389.6211758852005,0.025418868660926817,0.7753952264785766,0.025418868660926817,0.8117107830941677,8.35209846496582,17.431467175483704,small_16_32
2026-08-12T15:06:34.227,140,unlabeled,1,0.441620409488678,49.498284578323364,168.5889242887497,59.327173948287964,191.56935799121857,98.99656915664673,337.1778485774994,118.65434789657593,383.13871598243713,108.82545852661133,360.15828227996826,108.82545852661133,383.13871598243713,0.1700397789478302,0.7503297547499339,0.1700397789478302,0.7982056582967441,9.8288893699646,22.980433702468872,small_16_32
2026-08-12T15:06:34.227,140,unlabeled,2,0.40887001156806946,61.283586502075195,173.63729399442673,72.84070301055908,198.0487487912178,122.56717300415039,347.27458798885345,145.68140602111816,396.0974975824356,134.12428951263428,371.68604278564453,134.12428951263428,396.0974975824356,0.20956920236349105,0.7743459224700928,0.20956920236349105,0.8252031199634076,11.557116508483887,24.411454796791077,small_16_32
2026-08-12T15:06:34.227,140,unlabeled,3,0.3848111629486084,20.80252993106842,174.97404038906097,31.635782599449158,197.95447409152985,41.60505986213684,349.94808077812195,63.271565198898315,395.9089481830597,52.43831253051758,372.9285144805908,52.43831253051758,395.9089481830597,0.08193486332893371,0.7769344051678976,0.08193486332893371,0.8248103087147077,10.833252668380737,22.980433702468872,small_16_32
2026-08-12T15:06:34.227,140,unlabeled,4,0.3690716028213501,2.0874037742614746,174.96235007047653,13.644520282745361,199.3738048672676,4.174807548522949,349.92470014095306,27.289040565490723,398.7476097345352,15.731924057006836,374.33615493774414,15.731924057006836,398.7476097345352,0.024581131339073182,0.7798669894536336,0.024581131339073182,0.8307241869469484,11.557116508483887,24.411454796791077,small_16_32
2026-08-12T15:06:34.227,140,unlabeled,5,0.2549463212490082,87.74410939216614,167.49420696496964,97.25869631767273,186.62238591909409,175.48821878433228,334.98841392993927,194.51739263534546,373.24477183818817,185.00280570983887,354.1165928840637,185.00280570983887,373.24477183818817,0.2890668839216232,0.7377429018417995,0.2890668839216232,0.7775932746628921,9.514586925506592,19.12817895412445,small_16_32
2026-08-12T15:06:34.227,140,unlabeled,6,0.2549463212490082,96.68962264060974,167.60950285196304,107.87916684150696,187.95130270719528,193.37924528121948,335.2190057039261,215.75833368301392,375.90260541439056,204.5687894821167,355.5608055591583,204.5687894821167,375.90260541439056,0.31963873356580735,0.7407516782482465,0.31963873356580735,0.783130427946647,11.189544200897217,20.34179985523224,small_16_32
2026-08-12T15:06:34.315,141,unlabeled,1,0.2949781119823456,70.60566818714142,180.43085277080536,83.75254905223846,207.94271767139435,141.21133637428284,360.8617055416107,167.50509810447693,415.8854353427887,154.35821723937988,388.3735704421997,154.35821723937988,415.8854353427887,0.24118471443653106,0.809111605087916,0.24118471443653106,0.8664279902974764,13.146880865097046,27.51186490058899,small_16_32
2026-08-12T15:06:34.315,141,unlabeled,2,0.2880568504333496,81.69456017017365,181.70912390947342,94.84144103527069,208.41516560316086,163.3891203403473,363.41824781894684,189.68288207054138,416.8303312063217,176.53600120544434,390.1242895126343,176.53600120544434,416.8303312063217,0.27583750188350675,0.8127589364846547,0.27583750188350675,0.8683965233465035,13.146880865097046,26.70604169368744,small_16_32
2026-08-12T15:06:34.315,141,unlabeled,3,0.23032912611961365,32.9471480846405,190.69631505012512,44.13669228553772,212.9897277355194,65.894296169281,381.39263010025024,88.27338457107544,425.9794554710388,77.08384037017822,403.68604278564453,77.08384037017822,425.9794554710388,0.12044350057840347,0.8410125891367595,0.12044350057840347,0.8874571988979976,11.189544200897217,22.293412685394287,small_16_32
2026-08-12T15:06:34.315,141,unlabeled,4,0.218662291765213,46.24349296092987,189.13438194990158,58.97432625293732,215.05532675981522,92.48698592185974,378.26876389980316,117.94865250587463,430.11065351963043,105.21781921386719,404.1897087097168,105.21781921386719,430.11065351963043,0.16440284252166748,0.8420618931452434,0.16440284252166748,0.8960638614992301,12.730833292007446,25.920944809913635,small_16_32
2026-08-12T15:06:34.382,142,unlabeled,1,0.2549463212490082,49.954922795295715,173.73136603832245,80.59550106525421,231.91343986988068,99.90984559059143,347.4627320766449,161.19100213050842,463.82687973976135,130.55042386054993,405.6448059082031,130.55042386054993,463.82687973976135,0.20398503728210926,0.8450933456420898,0.20398503728210926,0.9663059994578361,30.640578269958496,58.18207383155823,regular_ge32
2026-08-12T15:06:53.986,375,unlabeled,1,0.37690892815589905,0.0,188.56313490867615,18.829039812088013,240.0,0.0,377.1262698173523,37.658079624176025,480.0,18.829039812088013,428.56313490867615,18.829039812088013,480.0,0.02942037470638752,0.8928398643930753,0.02942037470638752,1.0,18.829039812088013,51.43686509132385,regular_ge32
2026-08-12T15:06:54.086,376,unlabeled,1,0.24863308668136597,52.85089433193207,136.37253594398499,63.33881437778473,164.71130442619324,105.70178866386414,272.74507188796997,126.67762875556946,329.4226088523865,116.1897087097168,301.0838403701782,116.1897087097168,329.4226088523865,0.1815464198589325,0.6272580007712046,0.1815464198589325,0.6862971017758052,10.487920045852661,28.338768482208252,small_16_32
2026-08-12T15:06:54.152,377,unlabeled,1,0.21299070119857788,0.0,0.0,74.03216171264648,211.8443741798401,0.0,0.0,148.06432342529297,423.6887483596802,74.03216171264648,211.8443741798401,74.03216171264648,423.6887483596802,0.11567525267601013,0.44134244620800017,0.11567525267601013,0.8826848924160003,74.03216171264648,211.8443741798401,regular_ge32
2026-08-12T15:06:54.343,379,unlabeled,1,0.24863308668136597,0.0,0.0,119.57618045806885,218.15304374694824,0.0,0.0,239.1523609161377,436.3060874938965,119.57618045806885,218.15304374694824,119.57618045806885,436.3060874938965,0.18683778196573259,0.45448550780614216,0.18683778196573259,0.9089710156122843,119.57618045806885,218.15304374694824,regular_ge32
2026-08-12T15:06:54.433,380,unlabeled,1,0.33097806572914124,0.0,6.999549865722656,147.31318616867065,233.00045013427734,0.0,13.999099731445312,294.6263723373413,466.0009002685547,147.31318616867065,240.0,147.31318616867065,466.0009002685547,0.2301768533885479,0.5,0.2301768533885479,0.9708352088928223,147.31318616867065,226.0009002685547,regular_ge32
2026-08-12T15:06:54.519,381,unlabeled,1,0.21299070119857788,3.3146934509277344,16.549410820007324,174.0226821899414,202.68335819244385,6.629386901855469,33.09882164001465,348.0453643798828,405.3667163848877,177.33737564086914,219.23276901245117,177.33737564086914,405.3667163848877,0.27708964943885805,0.4567349354426066,0.27708964943885805,0.844513992468516,170.70798873901367,186.13394737243652,regular_ge32
2026-08-12T15:06:54.601,382,unlabeled,1,0.26788532733917236,9.588313102722168,100.45904874801636,137.84289836883545,234.47015047073364,19.176626205444336,200.91809749603271,275.6857967376709,468.9403009414673,147.43121147155762,334.92919921875,147.43121147155762,468.9403009414673,0.23036126792430878,0.6977691650390625,0.23036126792430878,0.9769589602947235,128.25458526611328,134.01110172271729,regular_ge32
2026-08-12T15:06:54.601,382,unlabeled,2,0.24242530763149261,0.0,107.15258169174194,31.552566289901733,235.1835732460022,0.0,214.3051633834839,63.10513257980347,470.3671464920044,31.552566289901733,342.33615493774414,31.552566289901733,470.3671464920044,0.04930088482797146,0.713200322786967,0.04930088482797146,0.9799315551916759,31.552566289901733,128.03099155426025,regular_ge32
2026-08-12T15:06:54.670,383,unlabeled,1,0.2949781119823456,9.20968246459961,37.5584979057312,155.83591651916504,235.24512720108032,18.41936492919922,75.1169958114624,311.6718330383301,470.49025440216064,165.04559898376465,272.8036251068115,165.04559898376465,470.49025440216064,0.25788374841213224,0.5683408856391907,0.25788374841213224,0.9801880300045014,146.62623405456543,197.68662929534912,regular_ge32
2026-08-12T15:06:54.752,384,unlabeled,1,0.21299070119857788,6.900901794433594,122.66297769546509,46.97723388671875,240.0,13.801803588867188,245.32595539093018,93.9544677734375,480.0,53.878135681152344,362.6629776954651,53.878135681152344,480.0,0.08418458700180054,0.7555478701988856,0.08418458700180054,1.0,40.076332092285156,117.33702230453491,regular_ge32
2026-08-12T15:06:54.857,385,unlabeled,1,0.43337342143058777,10.302520275115967,59.64483594894409,162.26626920700073,235.35235738754272,20.605040550231934,119.28967189788818,324.53253841400146,470.70471477508545,172.5687894821167,294.9971933364868,172.5687894821167,470.70471477508545,0.26963873356580736,0.6145774861176808,0.26963873356580736,0.9806348224480946,151.96374893188477,175.70752143859863,regular_ge32
2026-08-12T15:06:54.945,386,unlabeled,1,0.5,12.592028617858887,67.12325477600098,159.21826267242432,232.9378309249878,25.184057235717773,134.24650955200195,318.43652534484863,465.8756618499756,171.8102912902832,300.06108570098877,171.8102912902832,465.8756618499756,0.2684535801410675,0.6251272618770599,0.2684535801410675,0.9705742955207824,146.62623405456543,165.81457614898682,regular_ge32
2026-08-12T15:06:55.035,387,unlabeled,1,0.4665374755859375,17.20669651031494,69.15538740158081,158.5252275466919,233.2414050102234,34.41339302062988,138.31077480316162,317.0504550933838,466.4828100204468,175.73192405700684,302.3967924118042,175.73192405700684,466.4828100204468,0.2745811313390732,0.6299933175245921,0.2745811313390732,0.9718391875425975,141.31853103637695,164.08601760864258,regular_ge32
2026-08-12T15:06:55.098,388,unlabeled,1,0.43337342143058777,16.91959571838379,73.87785053253174,152.97179412841797,237.96386814117432,33.83919143676758,147.75570106506348,305.94358825683594,475.92773628234863,169.89138984680176,311.84171867370605,169.89138984680176,475.92773628234863,0.2654552966356277,0.6496702472368876,0.2654552966356277,0.991516117254893,136.05219841003418,164.08601760864258,regular_ge32
2026-08-12T15:06:55.190,389,unlabeled,1,0.36130279302597046,15.347349643707275,76.1228666305542,159.31527376174927,240.0,30.69469928741455,152.2457332611084,318.63054752349854,480.0,174.66262340545654,316.1228666305542,174.66262340545654,480.0,0.27291034907102585,0.6585893054803212,0.27291034907102585,1.0,143.967924118042,163.8771333694458,regular_ge32
2026-08-12T15:06:55.274,390,unlabeled,1,0.3019951581954956,29.134565353393555,82.60997295379639,152.27413749694824,239.57383155822754,58.26913070678711,165.21994590759277,304.5482749938965,479.1476631164551,181.4087028503418,322.1838045120239,181.4087028503418,479.1476631164551,0.28345109820365905,0.6712162594000498,0.28345109820365905,0.9982242981592814,123.13957214355469,156.96385860443115,regular_ge32
2026-08-12T15:06:55.364,391,unlabeled,1,0.33097806572914124,31.26916217803955,85.86768043041229,169.94865703582764,237.29049575328827,62.5383243560791,171.73536086082458,339.8973140716553,474.58099150657654,201.2178192138672,323.15817618370056,201.2178192138672,474.58099150657654,0.3144028425216675,0.6732462003827095,0.3144028425216675,0.9887103989720345,138.6794948577881,151.42281532287598,regular_ge32
2026-08-12T15:06:55.446,392,unlabeled,1,0.5167500376701355,42.83202648162842,91.41430401802063,165.9715986251831,235.22336506843567,85.66405296325684,182.82860803604126,331.9431972503662,470.44673013687134,208.80362510681152,326.6376690864563,208.80362510681152,470.44673013687134,0.326255664229393,0.6804951439301173,0.326255664229393,0.9800973544518153,123.13957214355469,143.80906105041504,regular_ge32
2026-08-12T15:06:55.530,393,unlabeled,1,0.5501002073287964,51.832000732421875,90.89698934555054,164.98585891723633,238.54231023788452,103.66400146484375,181.79397869110107,329.97171783447266,477.08462047576904,216.8178596496582,329.43929958343506,216.8178596496582,477.08462047576904,0.3387779057025909,0.6863318741321563,0.3387779057025909,0.9939262926578522,113.15385818481445,147.64532089233398,regular_ge32
2026-08-12T15:06:55.597,394,unlabeled,1,0.3848111629486084,54.45578193664551,97.29286003112793,165.17064666748047,240.0,108.91156387329102,194.58572006225586,330.34129333496094,480.0,219.62642860412598,337.29286003112793,219.62642860412598,480.0,0.3431662946939468,0.7026934583981832,0.3431662946939468,1.0,110.71486473083496,142.70713996887207,regular_ge32
2026-08-12T15:06:55.694,395,unlabeled,1,0.43337342143058777,64.79852962493896,102.16045761108398,166.01717281341553,240.0,129.59705924987793,204.32091522216797,332.03434562683105,480.0,230.8157024383545,342.160457611084,230.8157024383545,480.0,0.3606495350599289,0.7128342866897583,0.3606495350599289,1.0,101.21864318847656,137.83954238891602,regular_ge32
2026-08-12T15:06:55.757,396,unlabeled,1,0.4916226267814636,74.17890453338623,102.73340559005737,166.3570966720581,240.0,148.35780906677246,205.46681118011475,332.7141933441162,480.0,240.53600120544434,342.7334055900574,240.53600120544434,480.0,0.3758375018835068,0.7140279283126195,0.3758375018835068,1.0,92.17819213867188,137.26659440994263,regular_ge32
2026-08-12T15:06:55.852,397,unlabeled,1,0.5334624648094177,75.2390022277832,104.22362756729126,167.41719436645508,240.0,150.4780044555664,208.44725513458252,334.83438873291016,480.0,242.65619659423828,344.22362756729126,242.65619659423828,480.0,0.3791503071784973,0.7171325574318568,0.3791503071784973,1.0,92.17819213867188,135.77637243270874,regular_ge32
2026-08-12T15:06:55.931,398,unlabeled,1,0.5083773732185364,75.14580917358398,104.70313882827759,169.53880500793457,240.0,150.29161834716797,209.40627765655518,339.07761001586914,480.0,244.68461418151855,344.7031388282776,244.68461418151855,480.0,0.3823197096586227,0.7181315392255783,0.3823197096586227,1.0,94.39299583435059,135.2968611717224,regular_ge32
2026-08-12T15:06:56.025,399,unlabeled,1,0.43337342143058777,73.00730800628662,101.47333478927612,171.9212064743042,240.0,146.01461601257324,202.94666957855225,343.8424129486084,480.0,244.92851448059082,341.4733347892761,244.92851448059082,480.0,0.38270080387592315,0.711402780810992,0.38270080387592315,1.0,98.91389846801758,138.52666521072388,regular_ge32
2026-08-12T15:06:56.091,400,unlabeled,1,0.40887001156806946,71.74044132232666,104.56717252731323,170.65433979034424,240.0,143.48088264465332,209.13434505462646,341.3086795806885,480.0,242.3947811126709,344.56717252731323,242.3947811126709,480.0,0.3787418454885483,0.7178482760985693,0.3787418454885483,1.0,98.91389846801758,135.43282747268677,regular_ge32
2026-08-12T15:06:56.190,401,unlabeled,1,0.4251631200313568,74.60088157653809,108.09872341156006,164.5954933166504,240.0,149.20176315307617,216.19744682312012,329.1909866333008,480.0,239.19637489318848,348.09872341156006,239.19637489318848,480.0,0.373744335770607,0.7252056737740834,0.373744335770607,1.0,89.9946117401123,131.90127658843994,regular_ge32
2026-08-12T15:06:56.255,402,unlabeled,1,0.4169939160346985,75.12743854522705,114.76680862903595,158.7639513015747,240.0,150.2548770904541,229.5336172580719,317.5279026031494,480.0,233.89138984680176,354.76680862903595,233.89138984680176,480.0,0.36545529663562776,0.7390975179771583,0.36545529663562776,1.0,83.63651275634766,125.23319137096405,regular_ge32
2026-08-12T15:06:56.350,403,unlabeled,1,0.3690716028213501,69.69208455085754,110.0952525138855,161.87027668952942,238.12624406814575,139.3841691017151,220.190505027771,323.74055337905884,476.2524881362915,231.56236124038696,348.22149658203125,231.56236124038696,476.2524881362915,0.3618161894381046,0.7254614512125651,0.3618161894381046,0.992192683617274,92.17819213867188,128.03099155426025,regular_ge32
2026-08-12T15:06:56.433,404,unlabeled,1,0.2949781119823456,61.95271110534668,114.1485036611557,158.59116172790527,240.0,123.90542221069336,228.2970073223114,317.18232345581055,480.0,220.54387283325195,354.1485036611557,220.54387283325195,480.0,0.34459980130195617,0.7378093826274077,0.34459980130195617,1.0,96.6384506225586,125.8514963388443,regular_ge32
2026-08-12T15:06:56.497,405,unlabeled,1,0.33097806572914124,67.69668865203857,110.35707426071167,153.41999340057373,238.38806581497192,135.39337730407715,220.71414852142334,306.83998680114746,476.77613162994385,221.1166820526123,348.7451400756836,221.1166820526123,476.77613162994385,0.34549481570720675,0.7265523751576741,0.34549481570720675,0.993283607562383,85.72330474853516,128.03099155426025,regular_ge32
2026-08-12T15:06:56.591,406,unlabeled,1,0.32359981536865234,68.86664390563965,110.35707426071167,152.5031566619873,238.38806581497192,137.7332878112793,220.71414852142334,305.0063133239746,476.77613162994385,221.36980056762695,348.7451400756836,221.36980056762695,476.77613162994385,0.3458903133869171,0.7265523751576741,0.3458903133869171,0.993283607562383,83.63651275634766,128.03099155426025,regular_ge32
2026-08-12T15:06:56.678,407,unlabeled,1,0.27450883388519287,68.1126937866211,115.34611546993256,153.83599853515625,239.36612451076508,136.2253875732422,230.6922309398651,307.6719970703125,478.73224902153015,221.94869232177734,354.71223998069763,221.94869232177734,478.73224902153015,0.3467948317527771,0.7389838332931201,0.3467948317527771,0.9973588521281879,85.72330474853516,124.02000904083252,regular_ge32
2026-08-12T15:06:56.758,408,unlabeled,1,0.31630825996398926,65.60439491271973,114.3425258398056,155.59900665283203,240.0,131.20878982543945,228.6850516796112,311.19801330566406,480.0,221.20340156555176,354.3425258398056,221.20340156555176,480.0,0.34563031494617463,0.738213595499595,0.34563031494617463,1.0,89.9946117401123,125.6574741601944,regular_ge32
2026-08-12T15:06:56.841,409,unlabeled,1,0.33097806572914124,65.51646709442139,116.72277820110321,155.5110788345337,238.73334777355194,131.03293418884277,233.44555640220642,311.0221576690674,477.4666955471039,221.02754592895508,355.45612597465515,221.02754592895508,477.4666955471039,0.3453555405139923,0.7405335957805316,0.3453555405139923,0.9947222823897998,89.9946117401123,122.01056957244873,regular_ge32
2026-08-12T15:06:56.908,410,unlabeled,1,0.33097806572914124,61.61747360229492,116.67179548740387,158.25592422485352,238.6823650598526,123.23494720458984,233.34359097480774,316.51184844970703,477.3647301197052,219.87339782714844,355.35416054725647,219.87339782714844,477.3647301197052,0.34355218410491944,0.7403211678067844,0.34355218410491944,0.9945098544160526,96.6384506225586,122.01056957244873,regular_ge32
2026-08-12T15:06:56.999,411,unlabeled,1,0.3690716028213501,70.39501786231995,116.88396644592285,158.23784470558167,238.89453601837158,140.7900357246399,233.7679328918457,316.47568941116333,477.78907203674316,228.6328625679016,355.77850246429443,228.6328625679016,477.78907203674316,0.35723884776234627,0.7412052134672801,0.35723884776234627,0.9953939000765483,87.84282684326172,122.01056957244873,regular_ge32
2026-08-12T15:06:57.076,412,unlabeled,1,0.441620409488678,67.96693992614746,118.66851830482483,164.60539054870605,238.66851830482483,135.93387985229492,237.33703660964966,329.2107810974121,477.33703660964966,232.57233047485352,357.33703660964966,232.57233047485352,477.33703660964966,0.3633942663669586,0.7444521596034368,0.3633942663669586,0.9944521596034368,96.6384506225586,120.0,regular_ge32
2026-08-12T15:06:57.139,413,unlabeled,1,0.5167500376701355,77.82509708404541,122.50973868370056,167.81970882415771,238.48972249031067,155.65019416809082,245.01947736740112,335.63941764831543,476.97944498062134,245.64480590820312,360.99946117401123,245.64480590820312,476.97944498062134,0.3838200092315674,0.75208221077919,0.3838200092315674,0.9937071770429611,89.9946117401123,115.97998380661011,regular_ge32
2026-08-12T15:06:57.227,414,unlabeled,1,0.4665374755859375,87.72572374343872,121.0844259262085,165.30182218551636,239.07385635375977,175.45144748687744,242.168851852417,330.6036443710327,478.14771270751953,253.02754592895508,360.15828227996826,253.02754592895508,478.14771270751953,0.3953555405139923,0.7503297547499339,0.3953555405139923,0.9961410681406657,77.57609844207764,117.98943042755127,regular_ge32
2026-08-12T15:06:57.310,415,unlabeled,1,0.5,90.68147420883179,121.29145002365112,174.31798696517944,239.2808804512024,181.36294841766357,242.58290004730225,348.6359739303589,478.5617609024048,264.99946117401123,360.5723304748535,264.99946117401123,478.5617609024048,0.41406165808439255,0.7511923551559448,0.41406165808439255,0.9970036685466767,83.63651275634766,117.98943042755127,regular_ge32
2026-08-12T15:06:57.373,416,unlabeled,1,0.5251132845878601,100.49230146408081,121.50501537322998,178.06839990615845,239.49444580078125,200.98460292816162,243.01003074645996,356.1367998123169,478.9888916015625,278.56070137023926,360.99946117401123,278.56070137023926,478.9888916015625,0.43525109589099886,0.75208221077919,0.43525109589099886,0.9978935241699218,77.57609844207764,117.98943042755127,regular_ge32
2026-08-12T15:06:57.465,417,unlabeled,1,0.37690892815589905,103.12680435180664,123.07094025611877,182.68939208984375,239.05092406272888,206.25360870361328,246.14188051223755,365.3787841796875,478.10184812545776,285.8161964416504,362.12186431884766,285.8161964416504,478.10184812545776,0.4465878069400787,0.7544205506642659,0.4465878069400787,0.996045516928037,79.56258773803711,115.97998380661011,regular_ge32
2026-08-12T15:06:57.552,418,unlabeled,1,0.4916226267814636,104.0158679485321,122.84193062782288,187.65238070487976,238.82191443443298,208.0317358970642,245.68386125564575,375.3047614097595,477.64382886886597,291.66824865341187,361.66384506225586,291.66824865341187,477.64382886886597,0.45573163852095605,0.7534663438796997,0.45573163852095605,0.9950913101434707,83.63651275634766,115.97998380661011,regular_ge32
2026-08-12T15:06:57.637,419,unlabeled,1,0.5167500376701355,104.12755119800568,121.0844259262085,187.76406395435333,239.07385635375977,208.25510239601135,242.168851852417,375.52812790870667,478.14771270751953,291.891615152359,360.15828227996826,291.891615152359,478.14771270751953,0.456080648675561,0.7503297547499339,0.456080648675561,0.9961410681406657,83.63651275634766,117.98943042755127,regular_ge32
2026-08-12T15:06:57.705,420,unlabeled,1,0.5251132845878601,104.24504494667053,119.97812938690186,187.8815577030182,239.97812938690186,208.49008989334106,239.9562587738037,375.7631154060364,479.9562587738037,292.1266026496887,359.9562587738037,292.1266026496887,479.9562587738037,0.4564478166401386,0.7499088724454244,0.4564478166401386,0.9999088724454244,83.63651275634766,120.0,regular_ge32
2026-08-12T15:06:57.786,421,unlabeled,1,0.4832499325275421,104.65024757385254,119.78118062019348,186.23307037353516,239.78118062019348,209.30049514770508,239.56236124038696,372.4661407470703,479.56236124038696,290.8833179473877,359.56236124038696,290.8833179473877,479.56236124038696,0.4545051842927933,0.7490882525841395,0.4545051842927933,0.9990882525841395,81.58282279968262,120.0,regular_ge32
2026-08-12T15:06:57.879,422,unlabeled,1,0.4748867154121399,103.8588238954544,121.0844259262085,187.49533665180206,239.07385635375977,207.7176477909088,242.168851852417,374.9906733036041,478.14771270751953,291.35416054725647,360.15828227996826,291.35416054725647,478.14771270751953,0.4552408758550882,0.7503297547499339,0.4552408758550882,0.9961410681406657,83.63651275634766,117.98943042755127,regular_ge32
2026-08-12T15:06:57.969,423,unlabeled,1,0.43337342143058777,105.75073504447937,122.72965788841248,185.31332278251648,238.70964169502258,211.50147008895874,245.45931577682495,370.62664556503296,477.41928339004517,291.06405782699585,361.43929958343506,291.06405782699585,477.41928339004517,0.454787590354681,0.752998540798823,0.454787590354681,0.9946235070625941,79.56258773803711,115.97998380661011,regular_ge32
2026-08-12T15:06:58.053,424,unlabeled,1,0.5167500376701355,102.15540504455566,123.3056571483612,181.71799278259277,239.2856409549713,204.31081008911133,246.6113142967224,363.43598556518555,478.5712819099426,283.87339782714844,362.5912981033325,283.87339782714844,478.5712819099426,0.4435521841049194,0.7553985377152761,0.4435521841049194,0.9970235039790472,79.56258773803711,115.97998380661011,regular_ge32
2026-08-12T15:06:58.135,425,unlabeled,1,0.5334624648094177,102.23192930221558,123.3056571483612,179.8080277442932,239.2856409549713,204.46385860443115,246.6113142967224,359.6160554885864,478.5712819099426,282.0399570465088,362.5912981033325,282.0399570465088,478.5712819099426,0.44068743288517,0.7553985377152761,0.44068743288517,0.9970235039790472,77.57609844207764,115.97998380661011,regular_ge32
2026-08-12T15:06:58.216,426,unlabeled,1,0.5334624648094177,100.9871597290039,123.18760514259338,180.54974746704102,239.1675889492035,201.9743194580078,246.37521028518677,361.09949493408203,478.335177898407,281.5369071960449,362.3551940917969,281.5369071960449,478.335177898407,0.43990141749382017,0.7549066543579102,0.43990141749382017,0.9965316206216812,79.56258773803711,115.97998380661011,regular_ge32
2026-08-12T15:06:58.280,427,unlabeled,1,0.5334624648094177,99.93254089355469,122.95570302009583,179.4951286315918,238.93568682670593,199.86508178710938,245.91140604019165,358.9902572631836,477.87137365341187,279.4276695251465,361.89138984680176,279.4276695251465,477.87137365341187,0.4366057336330414,0.7539403955141704,0.4366057336330414,0.9955653617779414,79.56258773803711,115.97998380661011,regular_ge32
2026-08-12T15:06:58.374,428,unlabeled,1,0.5417929887771606,101.98040437698364,123.18760514259338,179.55650281906128,239.1675889492035,203.96080875396729,246.37521028518677,359.11300563812256,478.335177898407,281.5369071960449,362.3551940917969,281.5369071960449,478.335177898407,0.43990141749382017,0.7549066543579102,0.43990141749382017,0.9965316206216812,77.57609844207764,115.97998380661011,regular_ge32
2026-08-12T15:06:58.456,429,unlabeled,1,0.558379590511322,101.15656185150146,123.18760514259338,180.71914958953857,239.1675889492035,202.31312370300293,246.37521028518677,361.43829917907715,478.335177898407,281.87571144104004,362.3551940917969,281.87571144104004,478.335177898407,0.4404307991266251,0.7549066543579102,0.4404307991266251,0.9965316206216812,79.56258773803711,115.97998380661011,regular_ge32
2026-08-12T15:06:58.545,430,unlabeled,1,0.5501002073287964,102.39105939865112,123.3056571483612,179.96715784072876,239.2856409549713,204.78211879730225,246.6113142967224,359.9343156814575,478.5712819099426,282.3582172393799,362.5912981033325,282.3582172393799,478.5712819099426,0.44118471443653107,0.7553985377152761,0.44118471443653107,0.9970235039790472,77.57609844207764,115.97998380661011,regular_ge32
2026-08-12T15:06:58.623,431,unlabeled,1,0.5417929887771606,102.82833528518677,124.54933738708496,180.4044337272644,238.52214908599854,205.65667057037354,249.09867477416992,360.8088674545288,477.04429817199707,283.2327690124512,363.0714864730835,283.2327690124512,477.04429817199707,0.44255120158195493,0.7563989301522572,0.44255120158195493,0.9938422878583272,77.57609844207764,113.97281169891357,regular_ge32
2026-08-12T15:06:58.704,432,unlabeled,1,0.5501002073287964,102.31234502792358,124.67128705978394,179.88844347000122,238.6440987586975,204.62469005584717,249.34257411956787,359.77688694000244,477.288197517395,282.2007884979248,363.31538581848145,282.2007884979248,477.288197517395,0.4409387320280075,0.756907053788503,0.4409387320280075,0.9943504114945729,77.57609844207764,113.97281169891357,regular_ge32
2026-08-12T15:06:58.771,433,unlabeled,1,0.558379590511322,102.1498064994812,123.42505431175232,179.72590494155884,239.40503811836243,204.2996129989624,246.85010862350464,359.4518098831177,478.81007623672485,281.87571144104004,362.83009243011475,281.87571144104004,478.81007623672485,0.4404307991266251,0.7558960258960724,0.4404307991266251,0.9975209921598435,77.57609844207764,115.97998380661011,regular_ge32
2026-08-12T15:06:58.868,434,unlabeled,1,0.5666266083717346,102.68915128707886,123.5457513332367,180.2652497291565,239.5257351398468,205.37830257415771,247.0915026664734,360.530499458313,479.0514702796936,282.95440101623535,363.0714864730835,282.95440101623535,479.0514702796936,0.4421162515878677,0.7563989301522572,0.4421162515878677,0.9980238964160283,77.57609844207764,115.97998380661011,regular_ge32
2026-08-12T15:06:58.953,435,unlabeled,1,0.5167500376701355,103.20813417434692,123.07094025611877,180.78423261642456,239.05092406272888,206.41626834869385,246.14188051223755,361.5684652328491,478.10184812545776,283.9923667907715,362.12186431884766,283.9923667907715,478.10184812545776,0.44373807311058044,0.7544205506642659,0.44373807311058044,0.996045516928037,77.57609844207764,115.97998380661011,regular_ge32
2026-08-12T15:06:59.034,436,unlabeled,1,0.4748867154121399,103.26614236831665,123.3056571483612,180.8422408103943,239.2856409549713,206.5322847366333,246.6113142967224,361.6844816207886,478.5712819099426,284.10838317871094,362.5912981033325,284.10838317871094,478.5712819099426,0.44391934871673583,0.7553985377152761,0.44391934871673583,0.9970235039790472,77.57609844207764,115.97998380661011,regular_ge32
2026-08-12T15:06:59.109,437,unlabeled,1,0.3848111629486084,102.94349479675293,121.8372073173523,182.50608253479004,239.82663774490356,205.88698959350586,243.6744146347046,365.0121650695801,479.65327548980713,285.44957733154297,361.66384506225586,285.44957733154297,479.65327548980713,0.4460149645805359,0.7534663438796997,0.4460149645805359,0.9992776572704315,79.56258773803711,117.98943042755127,regular_ge32
2026-08-12T15:06:59.175,438,unlabeled,1,0.400795578956604,104.69481611251831,122.2961733341217,186.27763891220093,238.2761571407318,209.38963222503662,244.5923466682434,372.55527782440186,476.5523142814636,290.97245502471924,360.5723304748535,290.97245502471924,476.5523142814636,0.4546444609761238,0.7511923551559448,0.4546444609761238,0.9928173214197159,81.58282279968262,115.97998380661011,regular_ge32
2026-08-12T15:06:59.265,439,unlabeled,1,0.4169939160346985,105.79779422283173,123.1954197883606,185.36038196086884,237.16823148727417,211.59558844566345,246.3908395767212,370.72076392173767,474.33646297454834,291.15817618370056,360.36365127563477,291.15817618370056,474.33646297454834,0.4549346502870321,0.7507576068242391,0.4549346502870321,0.988200964530309,79.56258773803711,113.97281169891357,regular_ge32
2026-08-12T15:06:59.349,440,unlabeled,1,0.40887001156806946,104.83601891994476,122.08914923667908,186.41884171962738,238.06913304328918,209.67203783988953,244.17829847335815,372.83768343925476,476.13826608657837,291.25486063957214,360.15828227996826,291.25486063957214,476.13826608657837,0.4550857197493315,0.7503297547499339,0.4550857197493315,0.991954721013705,81.58282279968262,115.97998380661011,regular_ge32
2026-08-12T15:06:59.434,441,unlabeled,1,0.4251631200313568,105.79779422283173,120.69055080413818,185.36038196086884,238.67998123168945,211.59558844566345,241.38110160827637,370.72076392173767,477.3599624633789,291.15817618370056,359.37053203582764,291.15817618370056,477.3599624633789,0.4549346502870321,0.7486886084079742,0.4549346502870321,0.994499921798706,79.56258773803711,117.98943042755127,regular_ge32
2026-08-12T15:06:59.500,442,unlabeled,1,0.400795578956604,104.74061751365662,121.69527411460876,186.32344031333923,237.67525792121887,209.48123502731323,243.39054822921753,372.64688062667847,475.35051584243774,291.06405782699585,359.37053203582764,291.06405782699585,475.35051584243774,0.454787590354681,0.7486886084079742,0.454787590354681,0.9903135746717453,81.58282279968262,115.97998380661011,regular_ge32
2026-08-12T15:06:59.589,443,unlabeled,1,0.40887001156806946,104.88566887378693,122.08914923667908,186.46849167346954,238.06913304328918,209.77133774757385,244.17829847335815,372.9369833469391,476.13826608657837,291.35416054725647,360.15828227996826,291.35416054725647,476.13826608657837,0.4552408758550882,0.7503297547499339,0.4552408758550882,0.991954721013705,81.58282279968262,115.97998380661011,regular_ge32
2026-08-12T15:06:59.673,444,unlabeled,1,0.37690892815589905,104.44502079486847,121.88881301879883,186.0278435945511,237.86879682540894,208.89004158973694,243.77762603759766,372.0556871891022,475.73759365081787,290.47286438941956,359.75760984420776,290.47286438941956,475.73759365081787,0.45386385060846807,0.7494950205087662,0.45386385060846807,0.9911199867725372,81.58282279968262,115.97998380661011,regular_ge32
2026-08-12T15:06:59.752,445,unlabeled,1,0.37690892815589905,101.97215747833252,122.30093383789062,183.55498027801514,240.0,203.94431495666504,244.60186767578125,367.1099605560303,480.0,285.52713775634766,362.3009338378906,285.52713775634766,480.0,0.4461361527442932,0.7547936121622721,0.4461361527442932,1.0,81.58282279968262,117.69906616210938,regular_ge32
2026-08-12T15:06:59.831,446,unlabeled,1,0.441620409488678,102.63961696624756,123.07094025611877,182.20220470428467,239.05092406272888,205.27923393249512,246.14188051223755,364.40440940856934,478.10184812545776,284.8418216705322,362.12186431884766,284.8418216705322,478.10184812545776,0.4450653463602066,0.7544205506642659,0.4450653463602066,0.996045516928037,79.56258773803711,115.97998380661011,regular_ge32
2026-08-12T15:06:59.898,447,unlabeled,1,0.4251631200313568,102.73247909545898,123.18760514259338,182.2950668334961,239.1675889492035,205.46495819091797,246.37521028518677,364.5901336669922,478.335177898407,285.0275459289551,362.3551940917969,285.0275459289551,478.335177898407,0.4453555405139923,0.7549066543579102,0.4453555405139923,0.9965316206216812,79.56258773803711,115.97998380661011,regular_ge32
2026-08-12T15:06:59.998,448,unlabeled,1,0.5334624648094177,103.26614236831665,123.3056571483612,180.8422408103943,239.2856409549713,206.5322847366333,246.6113142967224,361.6844816207886,478.5712819099426,284.10838317871094,362.5912981033325,284.10838317871094,478.5712819099426,0.44391934871673583,0.7553985377152761,0.44391934871673583,0.9970235039790472,77.57609844207764,115.97998380661011,regular_ge32
2026-08-12T15:07:00.064,449,unlabeled,1,0.5334624648094177,104.35406923294067,122.95570302009583,179.9776816368103,238.93568682670593,208.70813846588135,245.91140604019165,359.9553632736206,477.87137365341187,284.331750869751,361.89138984680176,284.331750869751,477.87137365341187,0.4442683607339859,0.7539403955141704,0.4442683607339859,0.9955653617779414,75.62361240386963,115.97998380661011,regular_ge32
2026-08-12T15:07:00.160,450,unlabeled,1,0.5251132845878601,104.1248927116394,123.18760514259338,179.74850511550903,239.1675889492035,208.2497854232788,246.37521028518677,359.49701023101807,478.335177898407,283.87339782714844,362.3551940917969,283.87339782714844,478.335177898407,0.4435521841049194,0.7549066543579102,0.4435521841049194,0.9965316206216812,75.62361240386963,115.97998380661011,regular_ge32
2026-08-12T15:07:00.243,451,unlabeled,1,0.5417929887771606,100.2662558555603,122.95570302009583,177.84235429763794,238.93568682670593,200.5325117111206,245.91140604019165,355.6847085952759,477.87137365341187,278.10861015319824,361.89138984680176,278.10861015319824,477.87137365341187,0.43454470336437223,0.7539403955141704,0.43454470336437223,0.9955653617779414,77.57609844207764,115.97998380661011,regular_ge32
2026-08-12T15:07:00.310,452,unlabeled,1,0.5417929887771606,93.62131786346436,123.3056571483612,175.20414066314697,239.2856409549713,187.2426357269287,246.6113142967224,350.40828132629395,478.5712819099426,268.8254585266113,362.5912981033325,268.8254585266113,478.5712819099426,0.4200397789478302,0.7553985377152761,0.4200397789478302,0.9970235039790472,81.58282279968262,115.97998380661011,regular_ge32
2026-08-12T15:07:00.413,453,unlabeled,1,0.5251132845878601,88.72941732406616,122.0662169456482,174.45272207260132,240.0,177.45883464813232,244.1324338912964,348.90544414520264,480.0,263.1821393966675,362.0662169456482,263.1821393966675,480.0,0.41122209280729294,0.7543046186367671,0.41122209280729294,1.0,85.72330474853516,117.9337830543518,regular_ge32
2026-08-12T15:07:00.477,454,unlabeled,1,0.4832499325275421,87.80686593055725,121.95097970962524,173.5301706790924,239.9404101371765,175.6137318611145,243.9019594192505,347.0603413581848,479.880820274353,261.33703660964966,361.89138984680176,261.33703660964966,479.880820274353,0.4083391197025776,0.7539403955141704,0.4083391197025776,0.9997517089049022,85.72330474853516,117.98943042755127,regular_ge32
2026-08-12T15:07:00.572,455,unlabeled,1,0.4498997628688812,87.02759885787964,120.18182563781738,172.7509036064148,240.0,174.05519771575928,240.36365127563477,345.5018072128296,480.0,259.77850246429443,360.1818256378174,259.77850246429443,480.0,0.40590391010046006,0.7503788034121196,0.40590391010046006,1.0,85.72330474853516,119.81817436218262,regular_ge32
2026-08-12T15:07:00.656,456,unlabeled,1,0.4169939160346985,88.93665158748627,121.0844259262085,170.51947438716888,239.07385635375977,177.87330317497253,242.168851852417,341.03894877433777,478.14771270751953,259.45612597465515,360.15828227996826,259.45612597465515,478.14771270751953,0.4054001968353987,0.7503297547499339,0.4054001968353987,0.9961410681406657,81.58282279968262,117.98943042755127,regular_ge32
2026-08-12T15:07:00.723,457,unlabeled,1,0.4169939160346985,89.61700427532196,121.29145002365112,169.17959201335907,239.2808804512024,179.23400855064392,242.58290004730225,338.35918402671814,478.5617609024048,258.79659628868103,360.5723304748535,258.79659628868103,478.5617609024048,0.40436968170106413,0.7511923551559448,0.40436968170106413,0.9970036685466767,79.56258773803711,117.98943042755127,regular_ge32
2026-08-12T15:07:00.820,458,unlabeled,1,0.441620409488678,89.79779422283173,122.2961733341217,169.36038196086884,238.2761571407318,179.59558844566345,244.5923466682434,338.72076392173767,476.5523142814636,259.15817618370056,360.5723304748535,259.15817618370056,476.5523142814636,0.4049346502870321,0.7511923551559448,0.4049346502870321,0.9928173214197159,79.56258773803711,115.97998380661011,regular_ge32
2026-08-12T15:07:00.896,459,unlabeled,1,0.4665374755859375,90.05283045768738,122.84193062782288,169.6154181957245,238.82191443443298,180.10566091537476,245.68386125564575,339.230836391449,477.64382886886597,259.66824865341187,361.66384506225586,259.66824865341187,477.64382886886597,0.40573163852095606,0.7534663438796997,0.40573163852095606,0.9950913101434707,79.56258773803711,115.97998380661011,regular_ge32
2026-08-12T15:07:00.983,460,unlabeled,1,0.4916226267814636,91.21576738357544,122.84193062782288,168.79186582565308,238.82191443443298,182.43153476715088,245.68386125564575,337.58373165130615,477.64382886886597,260.0076332092285,361.66384506225586,260.0076332092285,477.64382886886597,0.40626192688941953,0.7534663438796997,0.40626192688941953,0.9950913101434707,77.57609844207764,115.97998380661011,regular_ge32
2026-08-12T15:07:01.063,461,unlabeled,1,0.5167500376701355,89.68034029006958,124.55192828178406,173.31685304641724,240.0,179.36068058013916,249.10385656356812,346.6337060928345,480.0,262.9971933364868,364.55192828178406,262.9971933364868,480.0,0.41093311458826065,0.7594831839203835,0.41093311458826065,1.0,83.63651275634766,115.44807171821594,regular_ge32
2026-08-12T15:07:01.155,462,unlabeled,1,0.5417929887771606,91.59678983688354,125.20840430259705,175.2333025932312,240.0,183.1935796737671,250.4168086051941,350.4666051864624,480.0,266.83009243011475,365.20840430259705,266.83009243011475,480.0,0.4169220194220543,0.7608508422970772,0.4169220194220543,1.0,83.63651275634766,114.79159569740295,regular_ge32
2026-08-12T15:07:01.230,463,unlabeled,1,0.558379590511322,100.49230146408081,127.88146495819092,178.06839990615845,239.85045909881592,200.98460292816162,255.76292991638184,356.1367998123169,479.70091819763184,278.56070137023926,367.73192405700684,278.56070137023926,479.70091819763184,0.43525109589099886,0.7661081751187643,0.43525109589099886,0.999376912911733,77.57609844207764,111.968994140625,regular_ge32
2026-08-12T15:07:01.313,464,unlabeled,1,0.5334624648094177,102.39105939865112,128.14954090118408,179.96715784072876,240.0,204.78211879730225,256.29908180236816,359.9343156814575,480.0,282.3582172393799,368.1495409011841,282.3582172393799,480.0,0.44118471443653107,0.7669782102108001,0.44118471443653107,1.0,77.57609844207764,111.85045909881592,regular_ge32
2026-08-12T15:07:01.385,465,unlabeled,1,0.3690716028213501,105.1298975944519,128.28350353240967,180.75350999832153,240.0,210.2597951889038,256.56700706481934,361.50701999664307,480.0,285.88340759277344,368.28350353240967,285.88340759277344,480.0,0.4466928243637085,0.7672572990258535,0.4466928243637085,1.0,75.62361240386963,111.71649646759033,regular_ge32
2026-08-12T15:07:01.478,466,unlabeled,1,0.36130279302597046,105.34520089626312,127.74750185012817,184.90778863430023,239.71649599075317,210.69040179252625,255.49500370025635,369.81557726860046,479.43299198150635,290.25298953056335,367.46399784088135,290.25298953056335,479.43299198150635,0.45352029614150524,0.7655499955018361,0.45352029614150524,0.9988187332948049,79.56258773803711,111.968994140625,regular_ge32
2026-08-12T15:07:01.562,467,unlabeled,1,0.3690716028213501,105.1519792675972,126.07952070236206,184.7145670056343,240.0,210.3039585351944,252.15904140472412,369.4291340112686,480.0,289.8665462732315,366.07952070236206,289.8665462732315,480.0,0.45291647855192424,0.762665668129921,0.45291647855192424,1.0,79.56258773803711,113.92047929763794,regular_ge32
2026-08-12T15:07:01.642,468,unlabeled,1,0.43337342143058777,105.61700427532196,127.08142948150635,185.17959201335907,239.05042362213135,211.23400855064392,254.1628589630127,370.35918402671814,478.1008472442627,290.79659628868103,366.1318531036377,290.79659628868103,478.1008472442627,0.4543696817010641,0.7627746939659119,0.4543696817010641,0.9960434317588807,79.56258773803711,111.968994140625,regular_ge32
2026-08-12T15:07:01.710,469,unlabeled,1,0.45820698142051697,106.10795736312866,127.34681463241577,185.67054510116577,239.31580877304077,212.21591472625732,254.69362926483154,371.34109020233154,478.63161754608154,291.77850246429443,366.66262340545654,291.77850246429443,478.63161754608154,0.45590391010046005,0.7638804654280344,0.45590391010046005,0.9971492032210032,79.56258773803711,111.968994140625,regular_ge32
2026-08-12T15:07:01.796,470,unlabeled,1,0.4665374755859375,104.49817490577698,126.47819375991821,188.13468766212463,240.0,208.99634981155396,252.95638751983643,376.26937532424927,480.0,292.6328625679016,366.4781937599182,292.6328625679016,480.0,0.45723884776234625,0.7634962369998296,0.45723884776234625,1.0,83.63651275634766,113.52180624008179,regular_ge32
2026-08-12T15:07:01.891,471,unlabeled,1,0.4748867154121399,104.43257141113281,126.47819375991821,188.06908416748047,240.0,208.86514282226562,252.95638751983643,376.13816833496094,480.0,292.5016555786133,366.4781937599182,292.5016555786133,480.0,0.4570338368415833,0.7634962369998296,0.4570338368415833,1.0,83.63651275634766,113.52180624008179,regular_ge32
2026-08-12T15:07:01.955,472,unlabeled,1,0.5083773732185364,105.95245504379272,127.61369037628174,187.53527784347534,239.58268451690674,211.90491008758545,255.22738075256348,375.0705556869507,479.1653690338135,293.48773288726807,367.1963748931885,293.48773288726807,479.1653690338135,0.45857458263635636,0.7649924476941427,0.45857458263635636,0.9982611854871114,81.58282279968262,111.968994140625,regular_ge32
2026-08-12T15:07:02.051,473,unlabeled,1,0.4916226267814636,105.59220385551453,127.88146495819092,187.17502665519714,239.85045909881592,211.18440771102905,255.76292991638184,374.3500533103943,479.70091819763184,292.76723051071167,367.73192405700684,292.76723051071167,479.70091819763184,0.45744879767298696,0.7661081751187643,0.45744879767298696,0.999376912911733,81.58282279968262,111.968994140625,regular_ge32
2026-08-12T15:07:02.134,474,unlabeled,1,0.4832499325275421,104.93665158748627,128.14954090118408,186.51947438716888,240.0,209.87330317497253,256.29908180236816,373.03894877433777,480.0,291.45612597465515,368.1495409011841,291.45612597465515,480.0,0.4554001968353987,0.7669782102108001,0.4554001968353987,1.0,81.58282279968262,111.85045909881592,regular_ge32
2026-08-12T15:07:02.198,475,unlabeled,1,0.4832499325275421,106.10795736312866,129.14920020103455,185.67054510116577,239.11887574195862,212.21591472625732,258.2984004020691,371.34109020233154,478.23775148391724,291.77850246429443,368.26807594299316,291.77850246429443,478.23775148391724,0.45590391010046005,0.767225158214569,0.45590391010046005,0.9963286489248275,79.56258773803711,109.96967554092407,regular_ge32
2026-08-12T15:07:02.293,476,unlabeled,1,0.4832499325275421,104.93665158748627,130.68071627616882,186.51947438716888,238.65665936470032,209.87330317497253,261.36143255233765,373.03894877433777,477.31331872940063,291.45612597465515,369.33737564086914,291.45612597465515,477.31331872940063,0.4554001968353987,0.7694528659184774,0.4554001968353987,0.994402747352918,81.58282279968262,107.9759430885315,regular_ge32
2026-08-12T15:07:02.376,477,unlabeled,1,0.4748867154121399,105.21240520477295,129.01516222953796,186.79522800445557,238.98483777046204,210.4248104095459,258.0303244590759,373.59045600891113,477.9696755409241,292.0076332092285,368.0,292.0076332092285,477.9696755409241,0.4562619268894196,0.7666666666666667,0.4562619268894196,0.9957701573769252,81.58282279968262,109.96967554092407,regular_ge32
2026-08-12T15:07:02.459,478,unlabeled,1,0.4748867154121399,103.59074640274048,129.55056166648865,189.31405115127563,239.52023720741272,207.18149280548096,259.1011233329773,378.62810230255127,479.04047441482544,292.9047975540161,369.07079887390137,292.9047975540161,479.04047441482544,0.4576637461781502,0.7688974976539612,0.4576637461781502,0.9980009883642197,85.72330474853516,109.96967554092407,regular_ge32
2026-08-12T15:07:02.538,479,unlabeled,1,0.45820698142051697,103.26263117790222,129.28316283226013,188.98593592643738,239.2528383731842,206.52526235580444,258.56632566452026,377.97187185287476,478.5056767463684,292.2485671043396,368.53600120544434,292.2485671043396,478.5056767463684,0.45663838610053065,0.7677833358446757,0.45663838610053065,0.9968868265549342,85.72330474853516,109.96967554092407,regular_ge32
2026-08-12T15:07:02.622,480,unlabeled,1,0.4665374755859375,106.6711049079895,131.078054189682,186.2336926460266,239.0539972782135,213.342209815979,262.156108379364,372.4673852920532,478.107994556427,292.9047975540161,370.1320514678955,292.9047975540161,478.107994556427,0.4576637461781502,0.7711084405581157,0.4576637461781502,0.9960583219925563,79.56258773803711,107.9759430885315,regular_ge32
2026-08-12T15:07:02.691,481,unlabeled,1,0.43337342143058777,104.0158679485321,132.8485722541809,187.65238070487976,238.83747053146362,208.0317358970642,265.6971445083618,375.3047614097595,477.67494106292725,291.66824865341187,371.68604278564453,291.66824865341187,477.67494106292725,0.45573163852095605,0.7743459224700928,0.45573163852095605,0.9951561272144318,83.63651275634766,105.98889827728271,regular_ge32
2026-08-12T15:07:02.783,482,unlabeled,1,0.40887001156806946,105.21240520477295,132.97500848770142,186.79522800445557,238.96390676498413,210.4248104095459,265.95001697540283,373.59045600891113,477.92781352996826,292.0076332092285,371.93891525268555,292.0076332092285,477.92781352996826,0.4562619268894196,0.7748727401097616,0.4562619268894196,0.9956829448541006,81.58282279968262,105.98889827728271,regular_ge32
2026-08-12T15:07:02.864,483,unlabeled,1,0.43337342143058777,104.77657771110535,134.21434569358826,188.413090467453,238.22396683692932,209.5531554222107,268.4286913871765,376.826180934906,476.44793367385864,293.18966817855835,372.4383125305176,293.18966817855835,476.44793367385864,0.4581088565289974,0.775913151105245,0.4581088565289974,0.9925998618205388,83.63651275634766,104.00962114334106,regular_ge32
2026-08-12T15:07:02.948,484,unlabeled,1,0.4665374755859375,104.36989402770996,134.33749651908875,190.09319877624512,238.3471176624298,208.73978805541992,268.6749930381775,380.18639755249023,476.6942353248596,294.4630928039551,372.68461418151855,294.4630928039551,476.6942353248596,0.4600985825061798,0.7764262795448303,0.4600985825061798,0.9931129902601242,85.72330474853516,104.00962114334106,regular_ge32
2026-08-12T15:07:03.028,485,unlabeled,1,0.43337342143058777,104.03795433044434,134.45944666862488,189.7612590789795,238.46906781196594,208.07590866088867,268.91889333724976,379.522518157959,476.9381356239319,293.7992134094238,372.9285144805908,293.7992134094238,476.9381356239319,0.4590612709522247,0.7769344051678976,0.4590612709522247,0.9936211158831915,85.72330474853516,104.00962114334106,regular_ge32
2026-08-12T15:07:03.110,486,unlabeled,1,0.4251631200313568,102.74710488319397,134.69954085350037,190.5899317264557,238.70916199684143,205.49420976638794,269.39908170700073,381.1798634529114,477.41832399368286,293.33703660964966,373.4087028503418,293.33703660964966,477.41832399368286,0.45833911970257757,0.7779347976048787,0.45833911970257757,0.9946215083201726,87.84282684326172,104.00962114334106,regular_ge32
2026-08-12T15:07:03.178,487,unlabeled,1,0.4665374755859375,105.0171525478363,134.21434569358826,190.74045729637146,238.22396683692932,210.0343050956726,268.4286913871765,381.4809145927429,476.44793367385864,295.75760984420776,372.4383125305176,295.75760984420776,476.44793367385864,0.4621212653815746,0.775913151105245,0.4621212653815746,0.9925998618205388,85.72330474853516,104.00962114334106,regular_ge32
2026-08-12T15:07:03.267,488,unlabeled,1,0.43337342143058777,103.14073133468628,132.97500848770142,190.983558177948,238.96390676498413,206.28146266937256,265.95001697540283,381.967116355896,477.92781352996826,294.1242895126343,371.93891525268555,294.1242895126343,477.92781352996826,0.4595692023634911,0.7748727401097616,0.4595692023634911,0.9956829448541006,87.84282684326172,105.98889827728271,regular_ge32
2026-08-12T15:07:03.351,489,unlabeled,1,0.40887001156806946,103.95739150047302,133.3232877254486,191.80021834373474,237.33290886878967,207.91478300094604,266.6465754508972,383.6004366874695,474.66581773757935,295.75760984420776,370.6561965942383,295.75760984420776,474.66581773757935,0.4621212653815746,0.7722004095713297,0.4621212653815746,0.9888871202866236,87.84282684326172,104.00962114334106,regular_ge32
2026-08-12T15:07:03.432,490,unlabeled,1,0.4169939160346985,102.4105453491211,133.4532687664032,192.4051570892334,237.46288990974426,204.8210906982422,266.9065375328064,384.8103141784668,474.9257798194885,294.8157024383545,370.91615867614746,294.8157024383545,474.9257798194885,0.4606495350599289,0.7727419972419739,0.4606495350599289,0.9894287079572678,89.9946117401123,104.00962114334106,regular_ge32
2026-08-12T15:07:03.513,491,unlabeled,1,0.4498997628688812,103.22457098960876,133.71079516410828,191.06739783287048,237.72041630744934,206.44914197921753,267.42159032821655,382.13479566574097,475.4408326148987,294.29196882247925,371.4312114715576,294.29196882247925,475.4408326148987,0.45983120128512384,0.7738150238990784,0.45983120128512384,0.9905017346143723,87.84282684326172,104.00962114334106,regular_ge32
2026-08-12T15:07:03.594,492,unlabeled,1,0.43337342143058777,103.52196288108826,131.3401267528534,189.2452676296234,239.3160698413849,207.0439257621765,262.6802535057068,378.4905352592468,478.6321396827698,292.76723051071167,370.6561965942383,292.76723051071167,478.6321396827698,0.45744879767298696,0.7722004095713297,0.45744879767298696,0.9971502910057704,85.72330474853516,107.9759430885315,regular_ge32
2026-08-12T15:07:03.665,493,unlabeled,1,0.4498997628688812,103.59074640274048,131.2094190120697,189.31405115127563,239.1853621006012,207.18149280548096,262.4188380241394,378.62810230255127,478.3707242012024,292.9047975540161,370.3947811126709,292.9047975540161,478.3707242012024,0.4576637461781502,0.771655793984731,0.4576637461781502,0.9966056754191717,85.72330474853516,107.9759430885315,regular_ge32
2026-08-12T15:07:03.745,494,unlabeled,1,0.45820698142051697,103.95923972129822,132.72115659713745,189.68254446983337,238.71005487442017,207.91847944259644,265.4423131942749,379.36508893966675,477.42010974884033,293.6417841911316,371.4312114715576,293.6417841911316,477.42010974884033,0.4588152877986431,0.7738150238990784,0.4588152877986431,0.9946252286434174,85.72330474853516,105.98889827728271,regular_ge32
2026-08-12T15:07:03.856,495,unlabeled,1,0.4748867154121399,103.88221406936646,130.9461019039154,189.6055188179016,238.9220449924469,207.7644281387329,261.8922038078308,379.2110376358032,477.8440899848938,293.48773288726807,369.8681468963623,293.48773288726807,477.8440899848938,0.45857458263635636,0.7705586393674214,0.45857458263635636,0.995508520801862,85.72330474853516,107.9759430885315,regular_ge32
2026-08-12T15:07:03.921,496,unlabeled,1,0.4748867154121399,103.22457098960876,130.9461019039154,191.06739783287048,238.9220449924469,206.44914197921753,261.8922038078308,382.13479566574097,477.8440899848938,294.29196882247925,369.8681468963623,294.29196882247925,477.8440899848938,0.45983120128512384,0.7705586393674214,0.45983120128512384,0.995508520801862,87.84282684326172,107.9759430885315,regular_ge32
2026-08-12T15:07:04.019,497,unlabeled,1,0.5,104.9195282459259,132.0715765953064,190.64283299446106,238.0604748725891,209.8390564918518,264.1431531906128,381.2856659889221,476.1209497451782,295.56236124038696,370.1320514678955,295.56236124038696,476.1209497451782,0.46181618943810465,0.7711084405581157,0.46181618943810465,0.9919186453024547,85.72330474853516,105.98889827728271,regular_ge32
2026-08-12T15:07:04.085,498,unlabeled,1,0.4916226267814636,107.60072994232178,133.5824601650238,189.1835527420044,237.59208130836487,215.20145988464355,267.1649203300476,378.3671054840088,475.18416261672974,296.7842826843262,371.1745414733887,296.7842826843262,475.18416261672974,0.46372544169425967,0.7732802947362264,0.46372544169425967,0.9899670054515203,81.58282279968262,104.00962114334106,regular_ge32
2026-08-12T15:07:04.183,499,unlabeled,1,0.4832499325275421,104.72941732406616,133.3232877254486,190.45272207260132,237.33290886878967,209.45883464813232,266.6465754508972,380.90544414520264,474.66581773757935,295.1821393966675,370.6561965942383,295.1821393966675,474.66581773757935,0.4612220928072929,0.7722004095713297,0.4612220928072929,0.9888871202866236,85.72330474853516,104.00962114334106,regular_ge32
2026-08-12T15:07:04.249,500,unlabeled,1,0.5083773732185364,105.77281332015991,133.4532687664032,189.40932607650757,237.46288990974426,211.54562664031982,266.9065375328064,378.81865215301514,474.9257798194885,295.1821393966675,370.91615867614746,295.1821393966675,474.9257798194885,0.4612220928072929,0.7727419972419739,0.4612220928072929,0.9894287079572678,83.63651275634766,104.00962114334106,regular_ge32
2026-08-12T15:07:04.357,501,unlabeled,1,0.5083773732185364,105.41329002380371,132.8485722541809,189.04980278015137,238.83747053146362,210.82658004760742,265.6971445083618,378.09960556030273,477.67494106292725,294.4630928039551,371.68604278564453,294.4630928039551,477.67494106292725,0.4600985825061798,0.7743459224700928,0.4600985825061798,0.9951561272144318,83.63651275634766,105.98889827728271,regular_ge32
2026-08-12T15:07:04.424,502,unlabeled,1,0.5083773732185364,105.96292424201965,133.83821082115173,189.5994369983673,237.8478319644928,211.9258484840393,267.67642164230347,379.1988739967346,475.6956639289856,295.56236124038696,371.68604278564453,295.56236124038696,475.6956639289856,0.46181618943810465,0.7743459224700928,0.46181618943810465,0.9910326331853867,83.63651275634766,104.00962114334106,regular_ge32
2026-08-12T15:07:04.513,503,unlabeled,1,0.5167500376701355,105.86700963973999,132.8485722541809,189.50352239608765,238.83747053146362,211.73401927947998,265.6971445083618,379.0070447921753,477.67494106292725,295.37053203582764,371.68604278564453,295.37053203582764,477.67494106292725,0.4615164563059807,0.7743459224700928,0.4615164563059807,0.9951561272144318,83.63651275634766,105.98889827728271,regular_ge32
2026-08-12T15:07:04.593,504,unlabeled,1,0.5083773732185364,105.11647701263428,133.5824601650238,190.83978176116943,237.59208130836487,210.23295402526855,267.1649203300476,381.67956352233887,475.18416261672974,295.9562587738037,371.1745414733887,295.9562587738037,475.18416261672974,0.4624316543340683,0.7732802947362264,0.4624316543340683,0.9899670054515203,85.72330474853516,104.00962114334106,regular_ge32
2026-08-12T15:07:04.659,505,unlabeled,1,0.5083773732185364,105.21748876571655,133.3232877254486,190.9407935142517,237.33290886878967,210.4349775314331,266.6465754508972,381.8815870285034,474.66581773757935,296.15828227996826,370.6561965942383,296.15828227996826,474.66581773757935,0.4627473160624504,0.7722004095713297,0.4627473160624504,0.9888871202866236,85.72330474853516,104.00962114334106,regular_ge32
2026-08-12T15:07:04.735,506,unlabeled,1,0.5083773732185364,104.82361364364624,133.71079516410828,190.5469183921814,237.72041630744934,209.64722728729248,267.42159032821655,381.0938367843628,475.4408326148987,295.37053203582764,371.4312114715576,295.37053203582764,475.4408326148987,0.4615164563059807,0.7738150238990784,0.4615164563059807,0.9905017346143723,85.72330474853516,104.00962114334106,regular_ge32
2026-08-12T15:07:04.835,507,unlabeled,1,0.5,106.36356925964355,133.4532687664032,190.0000820159912,237.46288990974426,212.7271385192871,266.9065375328064,380.0001640319824,474.9257798194885,296.36365127563477,370.91615867614746,296.36365127563477,474.9257798194885,0.4630682051181793,0.7727419972419739,0.4630682051181793,0.9894287079572678,83.63651275634766,104.00962114334106,regular_ge32
2026-08-12T15:07:04.920,508,unlabeled,1,0.5,106.57388496398926,133.96464705467224,190.2103977203369,237.9742681980133,213.14776992797852,267.9292941093445,380.4207954406738,475.9485363960266,296.7842826843262,371.93891525268555,296.7842826843262,475.9485363960266,0.46372544169425967,0.7748727401097616,0.46372544169425967,0.9915594508250555,83.63651275634766,104.00962114334106,regular_ge32
2026-08-12T15:07:05.012,509,unlabeled,1,0.5,105.77281332015991,134.21434569358826,189.40932607650757,238.22396683692932,211.54562664031982,268.4286913871765,378.81865215301514,476.44793367385864,295.1821393966675,372.4383125305176,295.1821393966675,476.44793367385864,0.4612220928072929,0.775913151105245,0.4612220928072929,0.9925998618205388,83.63651275634766,104.00962114334106,regular_ge32
2026-08-12T15:07:05.096,510,unlabeled,1,0.5083773732185364,104.11836886405945,133.22470712661743,189.8416736125946,239.21360540390015,208.2367377281189,266.44941425323486,379.6833472251892,478.4272108078003,293.96004247665405,372.4383125305176,293.96004247665405,478.4272108078003,0.45931256636977197,0.775913151105245,0.45931256636977197,0.9967233558495839,85.72330474853516,105.98889827728271,regular_ge32
2026-08-12T15:07:05.193,511,unlabeled,1,0.5083773732185364,104.54619884490967,133.10040521621704,190.26950359344482,239.08930349349976,209.09239768981934,266.2008104324341,380.53900718688965,478.1786069869995,294.8157024383545,372.1897087097168,294.8157024383545,478.1786069869995,0.4606495350599289,0.7753952264785766,0.4606495350599289,0.9962054312229156,85.72330474853516,105.98889827728271,regular_ge32
2026-08-12T15:07:05.256,512,unlabeled,1,0.5334624648094177,105.1617648601532,133.06633353233337,188.79827761650085,240.0,210.3235297203064,266.13266706466675,377.5965552330017,480.0,293.96004247665405,373.0663335323334,293.96004247665405,480.0,0.45931256636977197,0.7772215281923612,0.45931256636977197,1.0,83.63651275634766,106.93366646766663,regular_ge32
2026-08-12T15:07:05.352,513,unlabeled,1,0.5417929887771606,109.63375234603882,134.93425726890564,189.19634008407593,238.9438784122467,219.26750469207764,269.8685145378113,378.39268016815186,477.8877568244934,298.83009243011475,373.87813568115234,298.83009243011475,477.8877568244934,0.4669220194220543,0.7789127826690674,0.4669220194220543,0.9955994933843613,79.56258773803711,104.00962114334106,regular_ge32
2026-08-12T15:07:05.440,514,unlabeled,1,0.5251132845878601,108.40053176879883,134.58014369010925,187.96311950683594,238.58976483345032,216.80106353759766,269.1602873802185,375.9262390136719,477.17952966690063,296.36365127563477,373.16990852355957,296.36365127563477,477.17952966690063,0.4630682051181793,0.7774373094240824,0.4630682051181793,0.9941240201393763,79.56258773803711,104.00962114334106,regular_ge32
2026-08-12T15:07:05.506,515,unlabeled,1,0.5167500376701355,107.08739352226257,134.69954085350037,188.6702163219452,238.70916199684143,214.17478704452515,269.39908170700073,377.3404326438904,477.41832399368286,295.75760984420776,373.4087028503418,295.75760984420776,477.41832399368286,0.4621212653815746,0.7779347976048787,0.4621212653815746,0.9946215083201726,81.58282279968262,104.00962114334106,regular_ge32
2026-08-12T15:07:05.607,516,unlabeled,1,0.5251132845878601,106.52742314338684,134.93425726890564,188.11024594306946,238.9438784122467,213.05484628677368,269.8685145378113,376.2204918861389,477.8877568244934,294.6376690864563,373.87813568115234,294.6376690864563,477.8877568244934,0.460371357947588,0.7789127826690674,0.460371357947588,0.9955994933843613,81.58282279968262,104.00962114334106,regular_ge32
2026-08-12T15:07:05.677,517,unlabeled,1,0.4832499325275421,107.8394365310669,135.7090241909027,191.47594928741455,239.71864533424377,215.6788730621338,271.4180483818054,382.9518985748291,479.43729066848755,299.31538581848145,375.4276695251465,299.31538581848145,479.43729066848755,0.46768029034137726,0.7821409781773885,0.46768029034137726,0.9988276888926824,83.63651275634766,104.00962114334106,regular_ge32
2026-08-12T15:07:05.770,518,unlabeled,1,0.45820698142051697,110.89060878753662,135.4954583644867,190.45319652557373,239.50507950782776,221.78121757507324,270.9909167289734,380.90639305114746,479.0101590156555,301.34380531311035,375.00053787231445,301.34380531311035,479.0101590156555,0.4708496958017349,0.7812511205673218,0.4708496958017349,0.9979378312826157,79.56258773803711,104.00962114334106,regular_ge32
2026-08-12T15:07:05.855,519,unlabeled,1,0.5167500376701355,112.14592552185059,135.0494945049286,189.72202396392822,239.05911564826965,224.29185104370117,270.0989890098572,379.44404792785645,478.1182312965393,301.8679494857788,374.10861015319824,301.8679494857788,478.1182312965393,0.4716686710715294,0.779392937819163,0.4716686710715294,0.9960796485344569,77.57609844207764,104.00962114334106,regular_ge32
2026-08-12T15:07:05.919,520,unlabeled,1,0.5083773732185364,111.7538709640503,135.3862807750702,189.32996940612793,239.39590191841125,223.5077419281006,270.7725615501404,378.65993881225586,478.7918038368225,301.0838403701782,374.78218269348145,301.0838403701782,478.7918038368225,0.47044350057840345,0.780796213944753,0.47044350057840345,0.9974829246600468,77.57609844207764,104.00962114334106,regular_ge32
2026-08-12T15:07:06.018,521,unlabeled,1,0.5167500376701355,111.36892938613892,134.33749651908875,188.94502782821655,238.3471176624298,222.73785877227783,268.6749930381775,377.8900556564331,476.6942353248596,300.31395721435547,372.68461418151855,300.31395721435547,476.6942353248596,0.46924055814743043,0.7764262795448303,0.46924055814743043,0.9931129902601242,77.57609844207764,104.00962114334106,regular_ge32
2026-08-12T15:07:06.084,522,unlabeled,1,0.5417929887771606,108.82761573791504,134.71938562393188,188.39020347595215,240.0,217.65523147583008,269.43877124786377,376.7804069519043,480.0,297.2178192138672,374.7193856239319,297.2178192138672,480.0,0.46440284252166747,0.7806653867165247,0.46440284252166747,1.0,79.56258773803711,105.28061437606812,regular_ge32
2026-08-12T15:07:06.184,523,unlabeled,1,0.558379590511322,108.27409553527832,133.34785795211792,185.85019397735596,239.33675622940063,216.54819107055664,266.69571590423584,371.7003879547119,478.67351245880127,294.1242895126343,372.68461418151855,294.1242895126343,478.67351245880127,0.4595692023634911,0.7764262795448303,0.4595692023634911,0.9972364842891693,77.57609844207764,105.98889827728271,regular_ge32
2026-08-12T15:07:06.250,524,unlabeled,1,0.558379590511322,109.77926349639893,133.59050512313843,185.40287590026855,239.57940340042114,219.55852699279785,267.18101024627686,370.8057518005371,479.1588068008423,295.1821393966675,373.16990852355957,295.1821393966675,479.1588068008423,0.4612220928072929,0.7774373094240824,0.4612220928072929,0.9982475141684214,75.62361240386963,105.98889827728271,regular_ge32
2026-08-12T15:07:06.347,525,unlabeled,1,0.5501002073287964,107.80678486824036,132.83443140983582,185.382883310318,240.0,215.6135697364807,265.66886281967163,370.765766620636,480.0,293.18966817855835,372.8344314098358,293.18966817855835,480.0,0.4581088565289974,0.7767383987704913,0.4581088565289974,1.0,77.57609844207764,107.16556859016418,regular_ge32
2026-08-12T15:07:06.429,526,unlabeled,1,0.5417929887771606,108.3579351902008,132.72115659713745,185.93403363227844,238.71005487442017,216.7158703804016,265.4423131942749,371.8680672645569,477.42010974884033,294.29196882247925,371.4312114715576,294.29196882247925,477.42010974884033,0.45983120128512384,0.7738150238990784,0.45983120128512384,0.9946252286434174,77.57609844207764,105.98889827728271,regular_ge32
2026-08-12T15:07:06.520,527,unlabeled,1,0.5417929887771606,107.03959822654724,133.10040521621704,186.60218596458435,239.08930349349976,214.07919645309448,266.2008104324341,373.2043719291687,478.1786069869995,293.6417841911316,372.1897087097168,293.6417841911316,478.1786069869995,0.4588152877986431,0.7753952264785766,0.4588152877986431,0.9962054312229156,79.56258773803711,105.98889827728271,regular_ge32
2026-08-12T15:07:06.603,528,unlabeled,1,0.5501002073287964,109.19008016586304,132.8485722541809,186.76617860794067,238.83747053146362,218.38016033172607,265.6971445083618,373.53235721588135,477.67494106292725,295.9562587738037,371.68604278564453,295.9562587738037,477.67494106292725,0.4624316543340683,0.7743459224700928,0.4624316543340683,0.9951561272144318,77.57609844207764,105.98889827728271,regular_ge32
2026-08-12T15:07:06.692,529,unlabeled,1,0.5501002073287964,109.49811601638794,133.46980810165405,187.07421445846558,239.45870637893677,218.99623203277588,266.9396162033081,374.14842891693115,478.91741275787354,296.5723304748535,372.9285144805908,296.5723304748535,478.91741275787354,0.46339426636695863,0.7769344051678976,0.46339426636695863,0.9977446099122366,77.57609844207764,105.98889827728271,regular_ge32
2026-08-12T15:07:06.781,530,unlabeled,1,0.558379590511322,110.6879243850708,132.47628569602966,186.31153678894043,240.0,221.3758487701416,264.9525713920593,372.62307357788086,480.0,296.99946117401123,372.47628569602966,296.99946117401123,480.0,0.46406165808439254,0.7759922618667284,0.46406165808439254,1.0,75.62361240386963,107.52371430397034,regular_ge32
2026-08-12T15:07:06.866,531,unlabeled,1,0.558379590511322,111.96903848648071,133.59050512313843,187.59265089035034,239.57940340042114,223.93807697296143,267.18101024627686,375.1853017807007,479.1588068008423,299.56168937683105,373.16990852355957,299.56168937683105,479.1588068008423,0.46806513965129853,0.7774373094240824,0.46806513965129853,0.9982475141684214,75.62361240386963,105.98889827728271,regular_ge32
2026-08-12T15:07:06.952,532,unlabeled,1,0.5501002073287964,111.24912595748901,133.46980810165405,186.87273836135864,239.45870637893677,222.49825191497803,266.9396162033081,373.7454767227173,478.91741275787354,298.12186431884766,372.9285144805908,298.12186431884766,478.91741275787354,0.46581541299819945,0.7769344051678976,0.46581541299819945,0.9977446099122366,75.62361240386963,105.98889827728271,regular_ge32
2026-08-12T15:07:07.018,533,unlabeled,1,0.5501002073287964,111.48384284973145,133.8279538154602,187.10745525360107,239.81685209274292,222.9676856994629,267.6559076309204,374.21491050720215,479.63370418548584,298.5912981033325,373.6448059082031,298.5912981033325,479.63370418548584,0.46654890328645704,0.7784266789754232,0.46654890328645704,0.9992368837197622,75.62361240386963,105.98889827728271,regular_ge32
2026-08-12T15:07:07.109,534,unlabeled,1,0.558379590511322,111.96903848648071,133.70990228652954,187.59265089035034,239.69880056381226,223.93807697296143,267.4198045730591,375.1853017807007,479.3976011276245,299.56168937683105,373.4087028503418,299.56168937683105,479.3976011276245,0.46806513965129853,0.7779347976048787,0.46806513965129853,0.9987450023492177,75.62361240386963,105.98889827728271,regular_ge32
2026-08-12T15:07:07.195,535,unlabeled,1,0.5501002073287964,110.99279546737671,134.1736283302307,188.56889390945435,240.0,221.98559093475342,268.3472566604614,377.1377878189087,480.0,299.56168937683105,374.1736283302307,299.56168937683105,480.0,0.46806513965129853,0.7795283923546473,0.46806513965129853,1.0,77.57609844207764,105.82637166976929,regular_ge32
2026-08-12T15:07:07.277,536,unlabeled,1,0.5501002073287964,110.27288293838501,134.05985593795776,187.84898138046265,240.0,220.54576587677002,268.1197118759155,375.6979627609253,480.0,298.12186431884766,374.05985593795776,298.12186431884766,480.0,0.46581541299819945,0.779291366537412,0.46581541299819945,1.0,77.57609844207764,105.94014406204224,regular_ge32
2026-08-12T15:07:07.358,537,unlabeled,1,0.5501002073287964,112.47258853912354,133.8279538154602,188.09620094299316,239.81685209274292,224.94517707824707,267.6559076309204,376.1924018859863,479.63370418548584,300.5687894821167,373.6448059082031,300.5687894821167,479.63370418548584,0.4696387335658073,0.7784266789754232,0.4696387335658073,0.9992368837197622,75.62361240386963,105.98889827728271,regular_ge32
2026-08-12T15:07:07.447,538,unlabeled,1,0.5501002073287964,112.86009645462036,134.28590154647827,188.48370885849,240.0,225.72019290924072,268.57180309295654,376.96741771698,480.0,301.34380531311035,374.28590154647827,301.34380531311035,480.0,0.4708496958017349,0.7797622948884964,0.4708496958017349,1.0,75.62361240386963,105.71409845352173,regular_ge32
2026-08-12T15:07:07.530,539,unlabeled,1,0.558379590511322,111.02011632919312,132.23118472099304,186.64372873306274,240.0,222.04023265838623,264.4623694419861,373.2874574661255,480.0,297.66384506225586,372.23118472099304,297.66384506225586,480.0,0.46509975790977476,0.7754816348354022,0.46509975790977476,1.0,75.62361240386963,107.76881527900696,regular_ge32
2026-08-12T15:07:07.615,540,unlabeled,1,0.558379590511322,111.60324001312256,133.70990228652954,187.2268524169922,239.69880056381226,223.20648002624512,267.4198045730591,374.4537048339844,479.3976011276245,298.83009243011475,373.4087028503418,298.83009243011475,479.3976011276245,0.4669220194220543,0.7779347976048787,0.4669220194220543,0.9987450023492177,75.62361240386963,105.98889827728271,regular_ge32
2026-08-12T15:07:07.686,541,unlabeled,1,0.558379590511322,108.3579351902008,131.72763419151306,185.93403363227844,239.70357728004456,216.7158703804016,263.4552683830261,371.8680672645569,479.4071545600891,294.29196882247925,371.4312114715576,294.29196882247925,479.4071545600891,0.45983120128512384,0.7738150238990784,0.45983120128512384,0.998764905333519,77.57609844207764,107.9759430885315,regular_ge32
2026-08-12T15:07:07.788,542,unlabeled,1,0.5666266083717346,108.1115574836731,131.3401267528534,185.68765592575073,239.3160698413849,216.2231149673462,262.6802535057068,371.37531185150146,478.6321396827698,293.7992134094238,370.6561965942383,293.7992134094238,478.6321396827698,0.4590612709522247,0.7722004095713297,0.4590612709522247,0.9971502910057704,77.57609844207764,107.9759430885315,regular_ge32
2026-08-12T15:07:07.852,543,unlabeled,1,0.5666266083717346,106.88722443580627,130.9461019039154,186.44981217384338,238.9220449924469,213.77444887161255,261.8922038078308,372.89962434768677,477.8440899848938,293.33703660964966,369.8681468963623,293.33703660964966,477.8440899848938,0.45833911970257757,0.7705586393674214,0.45833911970257757,0.995508520801862,79.56258773803711,107.9759430885315,regular_ge32
2026-08-12T15:07:07.950,544,unlabeled,1,0.5666266083717346,106.96257257461548,129.8167655467987,186.5251603126526,239.78644108772278,213.92514514923096,259.6335310935974,373.0503206253052,479.57288217544556,293.48773288726807,369.6032066345215,293.48773288726807,479.57288217544556,0.45857458263635636,0.7700066804885864,0.45857458263635636,0.9991101711988449,79.56258773803711,109.96967554092407,regular_ge32
2026-08-12T15:07:08.033,545,unlabeled,1,0.5417929887771606,105.5250198841095,130.54742789268494,187.10784268379211,238.52337098121643,211.050039768219,261.0948557853699,374.21568536758423,477.04674196243286,292.6328625679016,369.07079887390137,292.6328625679016,477.04674196243286,0.45723884776234625,0.7688974976539612,0.45723884776234625,0.9938473790884018,81.58282279968262,107.9759430885315,regular_ge32
2026-08-12T15:07:08.113,546,unlabeled,1,0.4748867154121399,102.86641061306,129.14920020103455,188.58971536159515,239.11887574195862,205.73282122612,258.2984004020691,377.1794307231903,478.23775148391724,291.45612597465515,368.26807594299316,291.45612597465515,478.23775148391724,0.4554001968353987,0.767225158214569,0.4554001968353987,0.9963286489248275,85.72330474853516,109.96967554092407,regular_ge32
2026-08-12T15:07:08.195,547,unlabeled,1,0.4832499325275421,102.86641061306,128.14954090118408,188.58971536159515,240.0,205.73282122612,256.29908180236816,377.1794307231903,480.0,291.45612597465515,368.1495409011841,291.45612597465515,480.0,0.4554001968353987,0.7669782102108001,0.4554001968353987,1.0,85.72330474853516,111.85045909881592,regular_ge32
2026-08-12T15:07:08.265,548,unlabeled,1,0.5083773732185364,103.26263117790222,129.8167655467987,188.98593592643738,239.78644108772278,206.52526235580444,259.6335310935974,377.97187185287476,479.57288217544556,292.2485671043396,369.6032066345215,292.2485671043396,479.57288217544556,0.45663838610053065,0.7700066804885864,0.45663838610053065,0.9991101711988449,85.72330474853516,109.96967554092407,regular_ge32
2026-08-12T15:07:08.365,549,unlabeled,1,0.4251631200313568,102.3747798204422,131.47010779380798,188.09808456897736,239.44605088233948,204.7495596408844,262.94021558761597,376.1961691379547,478.89210176467896,290.47286438941956,370.91615867614746,290.47286438941956,478.89210176467896,0.45386385060846807,0.7727419972419739,0.45386385060846807,0.9976918786764145,85.72330474853516,107.9759430885315,regular_ge32
2026-08-12T15:07:08.446,550,unlabeled,1,0.5,104.74653482437134,134.05985593795776,180.37014722824097,240.0,209.49306964874268,268.1197118759155,360.74029445648193,480.0,285.1166820526123,374.05985593795776,285.1166820526123,480.0,0.4454948157072067,0.779291366537412,0.4454948157072067,1.0,75.62361240386963,105.94014406204224,regular_ge32
2026-08-12T15:07:08.533,551,unlabeled,1,0.5334624648094177,105.4192762374878,134.28590154647827,179.12459659576416,240.0,210.8385524749756,268.57180309295654,358.2491931915283,480.0,284.54387283325195,374.28590154647827,284.54387283325195,480.0,0.4445998013019562,0.7797622948884964,0.4445998013019562,1.0,73.70532035827637,105.71409845352173,regular_ge32
2026-08-12T15:07:08.612,552,unlabeled,1,0.5830061435699463,106.14349460601807,134.61340951919556,177.96488857269287,240.0,212.28698921203613,269.2268190383911,355.92977714538574,480.0,284.10838317871094,374.61340951919556,284.10838317871094,480.0,0.44391934871673583,0.7804446031649908,0.44391934871673583,1.0,71.8213939666748,105.38659048080444,regular_ge32
2026-08-12T15:07:08.690,553,unlabeled,1,0.5911299586296082,104.47882080078125,135.9160487651825,178.18414115905762,239.92566990852356,208.9576416015625,271.832097530365,356.36828231811523,479.8513398170471,282.66296195983887,375.84171867370605,282.66296195983887,479.8513398170471,0.44166087806224824,0.7830035805702209,0.44166087806224824,0.9996902912855148,73.70532035827637,104.00962114334106,regular_ge32
2026-08-12T15:07:08.757,554,unlabeled,1,0.5748369097709656,101.90202856063843,135.22437143325806,177.52564096450806,240.0,203.80405712127686,270.4487428665161,355.0512819290161,480.0,279.4276695251465,375.22437143325806,279.4276695251465,480.0,0.4366057336330414,0.7817174404859543,0.4366057336330414,1.0,75.62361240386963,104.77562856674194,regular_ge32
2026-08-12T15:07:08.861,555,unlabeled,1,0.5748369097709656,103.64874267578125,135.85956716537476,177.35406303405762,240.0,207.2974853515625,271.7191343307495,354.70812606811523,480.0,281.00280570983887,375.85956716537476,281.00280570983887,480.0,0.43906688392162324,0.7830407649278641,0.43906688392162324,1.0,73.70532035827637,104.14043283462524,regular_ge32
2026-08-12T15:07:08.931,556,unlabeled,1,0.5748369097709656,101.23868465423584,135.85956716537476,180.80127239227295,240.0,202.47736930847168,271.7191343307495,361.6025447845459,480.0,282.0399570465088,375.85956716537476,282.0399570465088,480.0,0.44068743288517,0.7830407649278641,0.44068743288517,1.0,79.56258773803711,104.14043283462524,regular_ge32
2026-08-12T15:07:09.030,557,unlabeled,1,0.5,80.39145803451538,136.02552938461304,188.69238233566284,240.0,160.78291606903076,272.0510587692261,377.3847646713257,480.0,269.0838403701782,376.02552938461304,269.0838403701782,480.0,0.42044350057840346,0.7833865195512771,0.42044350057840346,1.0,108.30092430114746,103.97447061538696,regular_ge32
2026-08-12T15:07:09.116,558,unlabeled,1,0.35360580682754517,73.59570693969727,136.10594511032104,207.03376007080078,240.0,147.19141387939453,272.2118902206421,414.06752014160156,480.0,280.62946701049805,376.10594511032104,280.62946701049805,480.0,0.4384835422039032,0.7835540523131689,0.4384835422039032,1.0,133.43805313110352,103.89405488967896,regular_ge32
2026-08-12T15:07:09.204,559,unlabeled,1,0.43337342143058777,86.33924531936646,138.08081984519958,180.73224115371704,240.0,172.6784906387329,276.16163969039917,361.4644823074341,480.0,267.0714864730835,378.0808198451996,267.0714864730835,480.0,0.417299197614193,0.7876683746774992,0.417299197614193,1.0,94.39299583435059,101.91918015480042,regular_ge32
2026-08-12T15:07:09.291,560,unlabeled,1,0.2549463212490082,95.40813755989075,138.3266899585724,167.22953152656555,236.45549273490906,190.8162751197815,276.6533799171448,334.4590630531311,472.9109854698181,262.6376690864563,374.78218269348145,262.6376690864563,472.9109854698181,0.41037135794758794,0.780796213944753,0.41037135794758794,0.9852312197287877,71.8213939666748,98.12880277633667,regular_ge32
2026-08-12T15:07:09.469,562,unlabeled,1,0.35360580682754517,129.235209941864,139.91044330596924,150.40113878250122,169.9676923751831,258.470419883728,279.8208866119385,300.80227756500244,339.9353847503662,279.63634872436523,309.87813568115234,279.63634872436523,339.9353847503662,0.43693179488182066,0.6455794493357341,0.43693179488182066,0.7081987182299296,21.165928840637207,30.057249069213867,small_16_32
2026-08-12T15:07:09.469,562,unlabeled,2,0.21299070119857788,142.66726863384247,156.71918034553528,161.33273136615753,202.65135169029236,285.33453726768494,313.43836069107056,322.66546273231506,405.3027033805847,304.0,359.37053203582764,304.0,405.3027033805847,0.475,0.7486886084079742,0.475,0.8443806320428848,18.665462732315063,45.93217134475708,regular_ge32
2026-08-12T15:07:09.555,563,unlabeled,1,0.5083773732185364,128.18573641777039,139.00694119930267,153.68997502326965,170.87119448184967,256.37147283554077,278.01388239860535,307.3799500465393,341.74238896369934,281.87571144104004,309.87813568115234,281.87571144104004,341.74238896369934,0.4404307991266251,0.6455794493357341,0.4404307991266251,0.7119633103410403,25.504238605499268,31.864253282546997,small_16_32
2026-08-12T15:07:09.555,563,unlabeled,2,0.21299070119857788,146.22816288471222,162.42124885320663,159.37504374980927,182.76304870843887,292.45632576942444,324.84249770641327,318.75008749961853,365.52609741687775,305.6032066345215,345.1842975616455,305.6032066345215,365.52609741687775,0.47750501036643983,0.7191339532534281,0.47750501036643983,0.7615127029518286,13.146880865097046,20.34179985523224,small_16_32
2026-08-12T15:07:09.646,564,unlabeled,1,0.4169939160346985,130.00824809074402,139.06622982025146,154.73689198493958,169.12347888946533,260.01649618148804,278.13245964050293,309.47378396987915,338.24695777893066,284.7451400756836,308.1897087097168,284.7451400756836,338.24695777893066,0.4449142813682556,0.6420618931452433,0.4449142813682556,0.7046811620394389,24.728643894195557,30.057249069213867,small_16_32
2026-08-12T15:07:09.733,565,unlabeled,1,0.3384403884410858,136.68552994728088,141.391355574131,154.77059602737427,166.54755967855453,273.37105989456177,282.782711148262,309.54119205474854,333.09511935710907,291.45612597465515,307.93891525268555,291.45612597465515,333.09511935710907,0.4554001968353987,0.6415394067764282,0.4554001968353987,0.6939481653273105,18.085066080093384,25.156204104423523,small_16_32
2026-08-12T15:07:09.733,565,unlabeled,2,0.218662291765213,149.8500256538391,163.59899991750717,161.78632307052612,181.03046709299088,299.7000513076782,327.19799983501434,323.57264614105225,362.06093418598175,311.63634872436523,344.62946701049805,311.63634872436523,362.06093418598175,0.4869317948818207,0.717978056271871,0.4869317948818207,0.754293612887462,11.936297416687012,17.431467175483704,small_16_32
2026-08-12T15:07:09.797,566,unlabeled,1,0.35360580682754517,135.05148363113403,140.61643677949905,157.58137893676758,167.3224784731865,270.10296726226807,281.2328735589981,315.16275787353516,334.644956946373,292.6328625679016,307.93891525268555,292.6328625679016,334.644956946373,0.45723884776234625,0.6415394067764282,0.45723884776234625,0.697176993638277,22.529895305633545,26.70604169368744,small_16_32
2026-08-12T15:07:09.900,567,unlabeled,1,0.34598395228385925,136.71318173408508,141.1112363934517,159.24307703971863,167.81727808713913,273.42636346817017,282.2224727869034,318.48615407943726,335.63455617427826,295.9562587738037,308.9285144805908,295.9562587738037,335.63455617427826,0.4624316543340683,0.6436010718345642,0.4624316543340683,0.699238658696413,22.529895305633545,26.70604169368744,small_16_32
2026-08-12T15:07:09.966,568,unlabeled,1,0.33097806572914124,135.8538463115692,139.6255994439125,162.97624611854553,168.81271308660507,271.7076926231384,279.251198887825,325.95249223709106,337.62542617321014,298.83009243011475,308.4383125305176,298.83009243011475,337.62542617321014,0.4669220194220543,0.6425798177719116,0.4669220194220543,0.7033863045275212,27.12239980697632,29.187113642692566,small_16_32
2026-08-12T15:07:09.966,568,unlabeled,2,0.24863308668136597,213.39976453781128,149.99947559833527,227.41809511184692,165.87392222881317,426.79952907562256,299.99895119667053,454.83619022369385,331.74784445762634,440.8178596496582,315.87339782714844,440.8178596496582,331.74784445762634,0.6887779057025909,0.6580695788065593,0.6887779057025909,0.6911413426200549,14.018330574035645,15.874446630477905,tiny_lt16
2026-08-12T15:07:10.065,569,unlabeled,1,0.39277467131614685,135.11915349960327,138.49469769001007,163.95233297348022,169.44421756267548,270.23830699920654,276.98939538002014,327.90466594696045,338.88843512535095,299.0714864730835,307.93891525268555,299.0714864730835,338.88843512535095,0.467299197614193,0.6415394067764282,0.467299197614193,0.7060175731778144,28.833179473876953,30.949519872665405,small_16_32
2026-08-12T15:07:10.065,569,unlabeled,2,0.218662291765213,211.68724715709686,150.03033089637756,230.35270988941193,166.408864736557,423.3744943141937,300.0606617927551,460.70541977882385,332.817729473114,442.0399570465088,316.43919563293457,442.0399570465088,332.817729473114,0.69068743288517,0.6592483242352803,0.69068743288517,0.6933702697356542,18.665462732315063,16.378533840179443,small_16_32
2026-08-12T15:07:10.154,570,unlabeled,1,0.441620409488678,136.9147219657898,138.4294548034668,165.74790143966675,168.48670387268066,273.8294439315796,276.8589096069336,331.4958028793335,336.9734077453613,302.66262340545654,306.91615867614746,302.66262340545654,336.9734077453613,0.47291034907102586,0.6394086639086406,0.47291034907102586,0.7020279328028362,28.833179473876953,30.057249069213867,small_16_32
2026-08-12T15:07:10.154,570,unlabeled,2,0.30910593271255493,214.31036639213562,150.53074753284454,228.78483700752258,166.40519416332245,428.62073278427124,301.0614950656891,457.56967401504517,332.8103883266449,443.0952033996582,316.935941696167,443.0952033996582,332.8103883266449,0.692336255311966,0.6602832118670146,0.692336255311966,0.6933549756805102,14.474470615386963,15.874446630477905,tiny_lt16
2026-08-12T15:07:10.242,571,unlabeled,1,0.37690892815589905,138.68570637702942,139.06622982025146,166.65166926383972,169.12347888946533,277.37141275405884,278.13245964050293,333.30333852767944,338.24695777893066,305.33737564086914,308.1897087097168,305.33737564086914,338.24695777893066,0.477089649438858,0.6420618931452433,0.477089649438858,0.7046811620394389,27.965962886810303,30.057249069213867,small_16_32
2026-08-12T15:07:10.312,572,unlabeled,1,0.32359981536865234,138.58100295066833,139.748750269413,164.882994890213,168.93586391210556,277.16200590133667,279.497500538826,329.765989780426,337.8717278242111,303.46399784088135,308.68461418151855,303.46399784088135,337.8717278242111,0.4741624966263771,0.643092946211497,0.4741624966263771,0.7038994329671066,26.301991939544678,29.187113642692566,small_16_32
2026-08-12T15:07:10.312,572,unlabeled,2,0.22444185614585876,162.5501549243927,165.0909965634346,172.3790442943573,179.53847044706345,325.1003098487854,330.1819931268692,344.7580885887146,359.0769408941269,334.92919921875,344.62946701049805,334.92919921875,359.0769408941269,0.5233268737792969,0.717978056271871,0.5233268737792969,0.7480769601960977,9.8288893699646,14.447473883628845,tiny_lt16
2026-08-12T15:07:10.410,573,unlabeled,1,0.37690892815589905,139.78328013420105,139.50129753351212,165.28751873970032,168.68841117620468,279.5665602684021,279.00259506702423,330.57503747940063,337.37682235240936,305.07079887390137,308.1897087097168,305.07079887390137,337.37682235240936,0.4766731232404709,0.6420618931452433,0.4766731232404709,0.7028683799008528,25.504238605499268,29.187113642692566,small_16_32
2026-08-12T15:07:10.410,573,unlabeled,2,0.23032912611961365,162.38798260688782,164.52641767263412,172.54121661186218,179.9112234711647,324.77596521377563,329.05283534526825,345.08243322372437,359.8224469423294,334.92919921875,344.4376411437988,334.92919921875,359.8224469423294,0.5233268737792969,0.7175784190495809,0.5233268737792969,0.7496300977965196,10.153234004974365,15.384805798530579,tiny_lt16
2026-08-12T15:07:10.472,574,unlabeled,1,0.3848111629486084,140.03749060630798,139.12204891443253,164.76613450050354,168.3091625571251,280.07498121261597,278.24409782886505,329.5322690010071,336.6183251142502,304.8036251068115,307.4312114715576,304.8036251068115,336.6183251142502,0.476255664229393,0.640481690565745,0.476255664229393,0.7012881773213545,24.728643894195557,29.187113642692566,small_16_32
2026-08-12T15:07:10.570,575,unlabeled,1,0.5334624648094177,138.97987961769104,138.11251080036163,164.4841182231903,169.06203067302704,277.9597592353821,276.22502160072327,328.9682364463806,338.1240613460541,303.46399784088135,307.1745414733887,303.46399784088135,338.1240613460541,0.4741624966263771,0.6399469614028931,0.4741624966263771,0.7044251278042793,25.504238605499268,30.949519872665405,small_16_32
2026-08-12T15:07:10.653,576,unlabeled,1,0.4251631200313568,135.48232078552246,138.11251080036163,166.12289905548096,169.06203067302704,270.9646415710449,276.22502160072327,332.2457981109619,338.1240613460541,301.6052198410034,307.1745414733887,301.6052198410034,338.1240613460541,0.47125815600156784,0.6399469614028931,0.47125815600156784,0.7044251278042793,30.640578269958496,30.949519872665405,small_16_32
2026-08-12T15:07:10.719,577,unlabeled,1,0.4498997628688812,135.8538463115692,138.68698120117188,162.97624611854553,168.74423027038574,271.7076926231384,277.37396240234375,325.95249223709106,337.4884605407715,298.83009243011475,307.4312114715576,298.83009243011475,337.4884605407715,0.4669220194220543,0.640481690565745,0.4669220194220543,0.7031009594599406,27.12239980697632,30.057249069213867,small_16_32
2026-08-12T15:07:10.814,578,unlabeled,1,0.3690716028213501,138.0367147922516,140.61643677949905,161.27867102622986,167.3224784731865,276.0734295845032,281.2328735589981,322.5573420524597,334.644956946373,299.31538581848145,307.93891525268555,299.31538581848145,334.644956946373,0.46768029034137726,0.6415394067764282,0.46768029034137726,0.697176993638277,23.24195623397827,26.70604169368744,small_16_32
2026-08-12T15:07:10.896,579,unlabeled,1,0.441620409488678,135.45791363716125,139.54622149467468,161.75990557670593,167.88498997688293,270.9158272743225,279.09244298934937,323.51981115341187,335.76997995376587,297.2178192138672,307.4312114715576,297.2178192138672,335.76997995376587,0.46440284252166747,0.640481690565745,0.46440284252166747,0.6995207915703455,26.301991939544678,28.338768482208252,small_16_32
2026-08-12T15:07:10.896,579,unlabeled,2,0.2949781119823456,106.19314193725586,137.1992461681366,176.16507530212402,239.23839497566223,212.38628387451172,274.3984923362732,352.33015060424805,478.47678995132446,282.3582172393799,376.4376411437988,282.3582172393799,478.47678995132446,0.44118471443653107,0.7842450857162475,0.44118471443653107,0.9968266457319259,69.97193336486816,102.03914880752563,regular_ge32
2026-08-12T15:07:10.977,580,unlabeled,1,0.40887001156806946,134.51794123649597,139.54622149467468,161.6403410434723,167.88498997688293,269.03588247299194,279.09244298934937,323.2806820869446,335.76997995376587,296.15828227996826,307.4312114715576,296.15828227996826,335.76997995376587,0.4627473160624504,0.640481690565745,0.4627473160624504,0.6995207915703455,27.12239980697632,28.338768482208252,small_16_32
2026-08-12T15:07:10.977,580,unlabeled,2,0.2549463212490082,105.10928153991699,136.3099229335785,176.9306755065918,240.0,210.21856307983398,272.619845867157,353.8613510131836,480.0,282.0399570465088,376.3099229335785,282.0399570465088,480.0,0.44068743288517,0.7839790061116219,0.44068743288517,1.0,71.8213939666748,103.69007706642151,regular_ge32
2026-08-12T15:07:11.054,581,unlabeled,1,0.45820698142051697,133.7652359008789,139.3759008049965,162.59841537475586,168.56301444768906,267.5304718017578,278.751801609993,325.1968307495117,337.1260288953781,296.36365127563477,307.93891525268555,296.36365127563477,337.1260288953781,0.4630682051181793,0.6415394067764282,0.4630682051181793,0.7023458935320377,28.833179473876953,29.187113642692566,small_16_32
2026-08-12T15:07:11.054,581,unlabeled,2,0.2549463212490082,105.189697265625,136.67635416984558,177.0110912322998,240.0,210.37939453125,273.35270833969116,354.0221824645996,480.0,282.2007884979248,376.6763541698456,282.2007884979248,480.0,0.4409387320280075,0.7847424045205116,0.4409387320280075,1.0,71.8213939666748,103.32364583015442,regular_ge32
2026-08-12T15:07:11.122,582,unlabeled,1,0.45820698142051697,132.36497688293457,138.49469769001007,163.00555515289307,169.44421756267548,264.72995376586914,276.98939538002014,326.01111030578613,338.88843512535095,295.37053203582764,307.93891525268555,295.37053203582764,338.88843512535095,0.4615164563059807,0.6415394067764282,0.4615164563059807,0.7060175731778144,30.640578269958496,30.949519872665405,small_16_32
2026-08-12T15:07:11.122,582,unlabeled,2,0.24863308668136597,106.27016639709473,134.69319319725037,176.2420997619629,240.0,212.54033279418945,269.38638639450073,352.4841995239258,480.0,282.5122661590576,374.69319319725037,282.5122661590576,480.0,0.4414254158735275,0.7806108191609382,0.4414254158735275,1.0,69.97193336486816,105.30680680274963,regular_ge32
2026-08-12T15:07:11.214,583,unlabeled,1,0.4916226267814636,133.0165297985077,138.1627277135849,162.74108004570007,170.0269809961319,266.0330595970154,276.3254554271698,325.48216009140015,340.0539619922638,295.75760984420776,308.1897087097168,295.75760984420776,340.0539619922638,0.4621212653815746,0.6420618931452433,0.4621212653815746,0.7084457541505496,29.724550247192383,31.864253282546997,small_16_32
2026-08-12T15:07:11.214,583,unlabeled,2,0.20742715895175934,104.85775661468506,135.68671560287476,176.67915058135986,240.0,209.71551322937012,271.3734312057495,353.3583011627197,480.0,281.5369071960449,375.68671560287476,281.5369071960449,480.0,0.43990141749382017,0.782680657505989,0.43990141749382017,1.0,71.8213939666748,104.31328439712524,regular_ge32
2026-08-12T15:07:11.294,584,unlabeled,1,0.4748867154121399,133.0165297985077,138.49469769001007,162.74108004570007,169.44421756267548,266.0330595970154,276.98939538002014,325.48216009140015,338.88843512535095,295.75760984420776,307.93891525268555,295.75760984420776,338.88843512535095,0.4621212653815746,0.6415394067764282,0.4621212653815746,0.7060175731778144,29.724550247192383,30.949519872665405,small_16_32
2026-08-12T15:07:11.294,584,unlabeled,2,0.2549463212490082,104.77046775817871,135.7740044593811,176.59186172485352,240.0,209.54093551635742,271.5480089187622,353.18372344970703,480.0,281.3623294830322,375.7740044593811,281.3623294830322,480.0,0.4396286398172379,0.7828625092903773,0.4396286398172379,1.0,71.8213939666748,104.2259955406189,regular_ge32
2026-08-12T15:07:11.385,585,unlabeled,1,0.5,133.56153964996338,138.49469769001007,162.39471912384033,169.44421756267548,267.12307929992676,276.98939538002014,324.78943824768066,338.88843512535095,295.9562587738037,307.93891525268555,295.9562587738037,338.88843512535095,0.4624316543340683,0.6415394067764282,0.4624316543340683,0.7060175731778144,28.833179473876953,30.949519872665405,small_16_32
2026-08-12T15:07:11.385,585,unlabeled,2,0.26788532733917236,104.00135612487793,136.02552938461304,177.7066764831543,240.0,208.00271224975586,272.0510587692261,355.4133529663086,480.0,281.7080326080322,376.02552938461304,281.7080326080322,480.0,0.44016880095005034,0.7833865195512771,0.44016880095005034,1.0,73.70532035827637,103.97447061538696,regular_ge32
2026-08-12T15:07:11.469,586,unlabeled,1,0.5167500376701355,134.08314085006714,138.81439685821533,162.9163203239441,168.8716459274292,268.1662817001343,277.62879371643066,325.8326406478882,337.7432918548584,296.99946117401123,307.68604278564453,296.99946117401123,337.7432918548584,0.46406165808439254,0.6410125891367594,0.46406165808439254,0.703631858030955,28.833179473876953,30.057249069213867,small_16_32
2026-08-12T15:07:11.469,586,unlabeled,2,0.218662291765213,102.78034257888794,135.94340658187866,178.40395498275757,240.0,205.56068515777588,271.8868131637573,356.80790996551514,480.0,281.1842975616455,375.94340658187866,281.1842975616455,480.0,0.43935046494007113,0.7832154303789138,0.43935046494007113,1.0,75.62361240386963,104.05659341812134,regular_ge32
2026-08-12T15:07:11.548,587,unlabeled,1,0.5083773732185364,134.64434242248535,139.19053173065186,163.4775218963623,169.24778079986572,269.2886848449707,278.3810634613037,326.9550437927246,338.49556159973145,298.12186431884766,308.4383125305176,298.12186431884766,338.49556159973145,0.46581541299819945,0.6425798177719116,0.46581541299819945,0.7051990866661072,28.833179473876953,30.057249069213867,small_16_32
2026-08-12T15:07:11.626,588,unlabeled,1,0.5083773732185364,134.79541778564453,138.94083309173584,164.5199680328369,168.9980821609497,269.59083557128906,277.8816661834717,329.0399360656738,337.9961643218994,299.31538581848145,307.93891525268555,299.31538581848145,337.9961643218994,0.46768029034137726,0.6415394067764282,0.46768029034137726,0.7041586756706237,29.724550247192383,30.057249069213867,small_16_32
2026-08-12T15:07:11.709,589,unlabeled,1,0.4916226267814636,136.21964478492737,138.7443963289261,163.3420445919037,169.6939162015915,272.43928956985474,277.4887926578522,326.6840891838074,339.387832403183,299.56168937683105,308.4383125305176,299.56168937683105,339.387832403183,0.46806513965129853,0.6425798177719116,0.46806513965129853,0.7070579841732979,27.12239980697632,30.949519872665405,small_16_32
2026-08-12T15:07:11.776,590,unlabeled,1,0.3848111629486084,137.15302634239197,139.57954514026642,162.65726494789124,170.52906501293182,274.30605268478394,279.15909028053284,325.31452989578247,341.05813002586365,299.8102912902832,310.10861015319824,299.8102912902832,341.05813002586365,0.4684535801410675,0.6460596044858297,0.4684535801410675,0.7105377708872159,25.504238605499268,30.949519872665405,small_16_32
2026-08-12T15:07:11.868,591,unlabeled,1,0.5251132845878601,88.81962847709656,140.30983316898346,116.78559136390686,197.02754247188568,177.63925695419312,280.6196663379669,233.57118272781372,394.05508494377136,205.60521984100342,337.33737564086914,205.60521984100342,394.05508494377136,0.3212581560015678,0.7027861992518107,0.3212581560015678,0.820948093632857,27.965962886810303,56.71770930290222,regular_ge32
2026-08-12T15:07:11.868,591,unlabeled,2,0.4251631200313568,138.04318809509277,138.83262634277344,162.017897605896,172.59504318237305,276.08637619018555,277.6652526855469,324.035795211792,345.1900863647461,300.06108570098877,311.4276695251465,300.06108570098877,345.1900863647461,0.46884544640779496,0.6488076448440552,0.46884544640779496,0.7191460132598877,23.974709510803223,33.76241683959961,regular_ge32
2026-08-12T15:07:11.949,592,unlabeled,1,0.5,98.63025641441345,140.7664338350296,116.151926279068,190.54895198345184,197.2605128288269,281.5328676700592,232.303852558136,381.0979039669037,214.78218269348145,331.31538581848145,214.78218269348145,381.0979039669037,0.33559716045856475,0.6902403871218363,0.33559716045856475,0.793953966597716,17.52166986465454,49.78251814842224,regular_ge32
2026-08-12T15:07:11.949,592,unlabeled,2,0.4665374755859375,136.95099329948425,138.7479602098465,164.91695618629456,173.49442946910858,273.9019865989685,277.495920419693,329.8339123725891,346.98885893821716,301.8679494857788,312.2423896789551,301.8679494857788,346.98885893821716,0.4716686710715294,0.6505049784978231,0.4716686710715294,0.7228934561212857,27.965962886810303,34.746469259262085,regular_ge32
2026-08-12T15:07:12.031,593,unlabeled,1,0.45820698142051697,137.34833025932312,139.51997017860413,165.31429314613342,172.32174849510193,274.69666051864624,279.03994035720825,330.62858629226685,344.64349699020386,302.66262340545654,311.84171867370605,302.66262340545654,344.64349699020386,0.47291034907102586,0.6496702472368876,0.47291034907102586,0.718007285396258,27.965962886810303,32.8017783164978,regular_ge32
2026-08-12T15:07:12.098,594,unlabeled,1,0.5083773732185364,135.3126676082611,138.17309665679932,163.2786304950714,171.93551349639893,270.6253352165222,276.34619331359863,326.5572609901428,343.87102699279785,298.5912981033325,310.10861015319824,298.5912981033325,343.87102699279785,0.46654890328645704,0.6460596044858297,0.46654890328645704,0.7163979729016622,27.965962886810303,33.76241683959961,regular_ge32
2026-08-12T15:07:12.196,595,unlabeled,1,0.4169939160346985,135.27072262763977,137.79484283924103,162.3931224346161,172.5413120985031,270.54144525527954,275.58968567848206,324.7862448692322,345.0826241970062,297.66384506225586,310.33615493774414,297.66384506225586,345.0826241970062,0.46509975790977476,0.6465336561203003,0.46509975790977476,0.718922133743763,27.12239980697632,34.746469259262085,regular_ge32
2026-08-12T15:07:12.196,595,unlabeled,2,0.2019716501235962,119.10991358757019,138.6418948173523,175.5277554988861,238.72043466567993,238.21982717514038,277.2837896347046,351.0555109977722,477.44086933135986,294.6376690864563,377.3623294830322,294.6376690864563,477.44086933135986,0.460371357947588,0.7861715197563172,0.460371357947588,0.9946684777736664,56.41784191131592,100.07853984832764,regular_ge32
2026-08-12T15:07:12.261,596,unlabeled,1,0.36130279302597046,135.07795071601868,138.39914226531982,163.04391360282898,172.16155910491943,270.15590143203735,276.79828453063965,326.08782720565796,344.32311820983887,298.12186431884766,310.56070137023926,298.12186431884766,344.32311820983887,0.46581541299819945,0.6470014611879985,0.46581541299819945,0.717339829603831,27.965962886810303,33.76241683959961,regular_ge32
2026-08-12T15:07:12.355,597,unlabeled,1,0.36130279302597046,135.11915349960327,138.44493973255157,163.95233297348022,173.19140899181366,270.23830699920654,276.88987946510315,327.90466594696045,346.3828179836273,299.0714864730835,311.63634872436523,299.0714864730835,346.3828179836273,0.467299197614193,0.6492423931757609,0.467299197614193,0.7216308707992236,28.833179473876953,34.746469259262085,regular_ge32
2026-08-12T15:07:12.439,598,unlabeled,1,0.36130279302597046,134.8366894721985,138.80405032634735,165.47726774215698,174.55827915668488,269.673378944397,277.6081006526947,330.95453548431396,349.11655831336975,300.31395721435547,313.3623294830322,300.31395721435547,349.11655831336975,0.46924055814743043,0.6528381864229839,0.46924055814743043,0.7273261631528537,30.640578269958496,35.754228830337524,regular_ge32
2026-08-12T15:07:12.526,599,unlabeled,1,0.3384403884410858,136.98072028160095,138.7266502380371,164.10312008857727,172.48906707763672,273.9614405632019,277.4533004760742,328.20624017715454,344.97813415527344,301.0838403701782,311.2157173156738,301.0838403701782,344.97813415527344,0.47044350057840345,0.6483660777409871,0.47044350057840345,0.7187044461568196,27.12239980697632,33.76241683959961,regular_ge32
2026-08-12T15:07:12.526,599,unlabeled,2,0.20742715895175934,115.20379590988159,138.6418948173523,181.58048677444458,238.72043466567993,230.40759181976318,277.2837896347046,363.16097354888916,477.44086933135986,296.7842826843262,377.3623294830322,296.7842826843262,477.44086933135986,0.46372544169425967,0.7861715197563172,0.46372544169425967,0.9946684777736664,66.37669086456299,100.07853984832764,regular_ge32
2026-08-12T15:07:12.592,600,unlabeled,1,0.3690716028213501,135.79786324501038,138.54762470722198,163.76382613182068,173.29409396648407,271.59572649002075,277.09524941444397,327.52765226364136,346.58818793296814,299.56168937683105,311.84171867370605,299.56168937683105,346.58818793296814,0.46806513965129853,0.6496702472368876,0.46806513965129853,0.7220587248603503,27.965962886810303,34.746469259262085,regular_ge32
2026-08-12T15:07:12.695,601,unlabeled,1,0.35360580682754517,136.4254777431488,139.43352508544922,161.92971634864807,173.19594192504883,272.8509554862976,278.86705017089844,323.85943269729614,346.39188385009766,298.3551940917969,312.62946701049805,298.3551940917969,346.39188385009766,0.46617999076843264,0.6513113896052043,0.46617999076843264,0.7216497580210368,25.504238605499268,33.76241683959961,regular_ge32
2026-08-12T15:07:12.695,601,unlabeled,2,0.2363237887620926,101.2447339296341,153.65514409542084,114.39161479473114,185.51939737796783,202.4894678592682,307.3102881908417,228.78322958946228,371.03879475593567,215.63634872436523,339.1745414733887,215.63634872436523,371.03879475593567,0.3369317948818207,0.7066136280695597,0.3369317948818207,0.772997489074866,13.146880865097046,31.864253282546997,small_16_32
2026-08-12T15:07:12.695,601,unlabeled,3,0.21299070119857788,115.70233249664307,138.1795506477356,183.859356880188,238.25809049606323,231.40466499328613,276.3591012954712,367.718713760376,476.51618099212646,299.56168937683105,376.4376411437988,299.56168937683105,476.51618099212646,0.46806513965129853,0.7842450857162475,0.46806513965129853,0.9927420437335968,68.15702438354492,100.07853984832764,regular_ge32
2026-08-12T15:07:12.766,602,unlabeled,1,0.35360580682754517,135.3126676082611,139.71094036102295,163.2786304950714,173.47335720062256,270.6253352165222,279.4218807220459,326.5572609901428,346.9467144012451,298.5912981033325,313.1842975616455,298.5912981033325,346.9467144012451,0.46654890328645704,0.6524672865867615,0.46654890328645704,0.722805655002594,27.965962886810303,33.76241683959961,regular_ge32
2026-08-12T15:07:12.766,602,unlabeled,2,0.31630825996398926,109.82086038589478,138.98070859909058,187.3969588279724,239.0592484474182,219.64172077178955,277.96141719818115,374.7939176559448,478.1184968948364,297.2178192138672,378.0399570465088,297.2178192138672,478.1184968948364,0.46440284252166747,0.7875832438468933,0.46440284252166747,0.9960802018642425,77.57609844207764,100.07853984832764,regular_ge32
2026-08-12T15:07:12.766,602,unlabeled,3,0.24863308668136597,101.85002565383911,152.96181297302246,113.78632307052612,186.72422981262207,203.70005130767822,305.9236259460449,227.57264614105225,373.44845962524414,215.63634872436523,339.68604278564453,215.63634872436523,373.44845962524414,0.3369317948818207,0.707679255803426,0.3369317948818207,0.7780176242192586,11.936297416687012,33.76241683959961,regular_ge32
2026-08-12T15:07:12.867,603,unlabeled,1,0.36130279302597046,108.82761573791504,139.78961491584778,188.39020347595215,237.91841769218445,217.65523147583008,279.57922983169556,376.7804069519043,475.8368353843689,297.2178192138672,377.7080326080322,297.2178192138672,475.8368353843689,0.46440284252166747,0.7868917346000671,0.46440284252166747,0.9913267403841018,79.56258773803711,98.12880277633667,regular_ge32
2026-08-12T15:07:12.867,603,unlabeled,2,0.3384403884410858,134.96271347999573,139.7999563217163,162.92867636680603,173.56237316131592,269.92542695999146,279.5999126434326,325.85735273361206,347.12474632263184,297.89138984680176,313.3623294830322,297.89138984680176,347.12474632263184,0.46545529663562774,0.6528381864229839,0.46545529663562774,0.7231765548388164,27.965962886810303,33.76241683959961,regular_ge32
2026-08-12T15:07:12.973,604,unlabeled,1,0.4498997628688812,102.265371799469,140.1147072315216,190.1081986427307,238.24351000785828,204.530743598938,280.2294144630432,380.2163972854614,476.48702001571655,292.3735704421997,378.3582172393799,292.3735704421997,476.48702001571655,0.456833703815937,0.7882462859153747,0.456833703815937,0.9926812916994094,87.84282684326172,98.12880277633667,regular_ge32
2026-08-12T15:07:13.066,605,unlabeled,1,0.4916226267814636,103.26263117790222,139.87345433235168,188.98593592643738,238.00225710868835,206.52526235580444,279.74690866470337,377.97187185287476,476.0045142173767,292.2485671043396,377.87571144104004,292.2485671043396,476.0045142173767,0.45663838610053065,0.7872410655021668,0.45663838610053065,0.9916760712862015,85.72330474853516,98.12880277633667,regular_ge32
2026-08-12T15:07:13.154,606,unlabeled,1,0.5083773732185364,103.22457098960876,136.67635416984558,191.06739783287048,240.0,206.44914197921753,273.35270833969116,382.13479566574097,480.0,294.29196882247925,376.6763541698456,294.29196882247925,480.0,0.45983120128512384,0.7847424045205116,0.45983120128512384,1.0,87.84282684326172,103.32364583015442,regular_ge32
2026-08-12T15:07:13.219,607,unlabeled,1,0.4832499325275421,105.42451286315918,138.00040411949158,191.14781761169434,240.0,210.84902572631836,276.00080823898315,382.2956352233887,480.0,296.5723304748535,378.0004041194916,296.5723304748535,480.0,0.46339426636695863,0.7875008419156074,0.46339426636695863,1.0,85.72330474853516,101.99959588050842,regular_ge32
2026-08-12T15:07:13.330,608,unlabeled,1,0.5334624648094177,103.95739150047302,135.60304808616638,191.80021834373474,239.61266922950745,207.91478300094604,271.20609617233276,383.6004366874695,479.2253384590149,295.75760984420776,375.2157173156738,295.75760984420776,479.2253384590149,0.4621212653815746,0.7816994110743205,0.4621212653815746,0.9983861217896144,87.84282684326172,104.00962114334106,regular_ge32
2026-08-12T15:07:13.398,609,unlabeled,1,0.5417929887771606,106.46790885925293,136.4965922832489,190.1044216156006,240.0,212.93581771850586,272.9931845664978,380.2088432312012,480.0,296.5723304748535,376.4965922832489,296.5723304748535,480.0,0.46339426636695863,0.7843679005901019,0.46339426636695863,1.0,83.63651275634766,103.5034077167511,regular_ge32
2026-08-12T15:07:13.509,610,unlabeled,1,0.5251132845878601,105.0171525478363,137.01516795158386,190.74045729637146,240.0,210.0343050956726,274.0303359031677,381.4809145927429,480.0,295.75760984420776,377.01516795158386,295.75760984420776,480.0,0.4621212653815746,0.7854482665657997,0.4621212653815746,1.0,85.72330474853516,102.98483204841614,regular_ge32
2026-08-12T15:07:13.574,611,unlabeled,1,0.5083773732185364,103.48643779754639,136.4107174873352,191.3292646408081,240.0,206.97287559509277,272.8214349746704,382.6585292816162,480.0,294.8157024383545,376.4107174873352,294.8157024383545,480.0,0.4606495350599289,0.7841889947652817,0.4606495350599289,1.0,87.84282684326172,103.5892825126648,regular_ge32
2026-08-12T15:07:13.679,612,unlabeled,1,0.4916226267814636,106.0840425491333,138.52802729606628,191.80734729766846,240.0,212.1680850982666,277.05605459213257,383.6146945953369,480.0,297.89138984680176,378.5280272960663,297.89138984680176,480.0,0.46545529663562774,0.7886000568668048,0.46545529663562774,1.0,85.72330474853516,101.47197270393372,regular_ge32
2026-08-12T15:07:13.748,613,unlabeled,1,0.4832499325275421,105.53048896789551,137.47238993644714,191.25379371643066,240.0,211.06097793579102,274.9447798728943,382.5075874328613,480.0,296.7842826843262,377.47238993644714,296.7842826843262,480.0,0.46372544169425967,0.7864008123675982,0.46372544169425967,1.0,85.72330474853516,102.52761006355286,regular_ge32
2026-08-12T15:07:13.851,614,unlabeled,1,0.4832499325275421,107.8394365310669,137.09558367729187,191.47594928741455,240.0,215.6788730621338,274.19116735458374,382.9518985748291,480.0,299.31538581848145,377.09558367729187,299.31538581848145,480.0,0.46768029034137726,0.7856157993276914,0.46768029034137726,1.0,83.63651275634766,102.90441632270813,regular_ge32
2026-08-12T15:07:13.934,615,unlabeled,1,0.5,105.0171525478363,135.68671560287476,190.74045729637146,240.0,210.0343050956726,271.3734312057495,381.4809145927429,480.0,295.75760984420776,375.68671560287476,295.75760984420776,480.0,0.4621212653815746,0.782680657505989,0.4621212653815746,1.0,85.72330474853516,104.31328439712524,regular_ge32
2026-08-12T15:07:14.023,616,unlabeled,1,0.4916226267814636,103.66965627670288,136.33703184127808,191.5124831199646,240.0,207.33931255340576,272.67406368255615,383.0249662399292,480.0,295.1821393966675,376.3370318412781,295.1821393966675,480.0,0.4612220928072929,0.7840354830026627,0.4612220928072929,1.0,87.84282684326172,103.66296815872192,regular_ge32
2026-08-12T15:07:14.105,617,unlabeled,1,0.5,104.82361364364624,136.10594511032104,190.5469183921814,240.0,209.64722728729248,272.2118902206421,381.0938367843628,480.0,295.37053203582764,376.10594511032104,295.37053203582764,480.0,0.4615164563059807,0.7835540523131689,0.4615164563059807,1.0,85.72330474853516,103.89405488967896,regular_ge32
2026-08-12T15:07:14.184,618,unlabeled,1,0.5083773732185364,104.45718216896057,135.03200697898865,190.18048691749573,240.0,208.91436433792114,270.0640139579773,380.36097383499146,480.0,294.6376690864563,375.03200697898865,294.6376690864563,480.0,0.460371357947588,0.7813166812062263,0.460371357947588,1.0,85.72330474853516,104.96799302101135,regular_ge32
2026-08-12T15:07:14.252,619,unlabeled,1,0.5,103.66965627670288,135.1911370754242,191.5124831199646,240.0,207.33931255340576,270.3822741508484,383.0249662399292,480.0,295.1821393966675,375.1911370754242,295.1821393966675,480.0,0.4612220928072929,0.781648202240467,0.4612220928072929,1.0,87.84282684326172,104.8088629245758,regular_ge32
2026-08-12T15:07:14.354,620,unlabeled,1,0.4916226267814636,104.63694429397583,135.11242270469666,190.360249042511,240.0,209.27388858795166,270.2248454093933,380.720498085022,480.0,294.9971933364868,375.11242270469666,294.9971933364868,480.0,0.46093311458826064,0.7814842139681181,0.46093311458826064,1.0,85.72330474853516,104.88757729530334,regular_ge32
2026-08-12T15:07:14.442,621,unlabeled,1,0.4748867154121399,103.66965627670288,136.18465948104858,191.5124831199646,240.0,207.33931255340576,272.36931896209717,383.0249662399292,480.0,295.1821393966675,376.1846594810486,295.1821393966675,480.0,0.4612220928072929,0.7837180405855179,0.4612220928072929,1.0,87.84282684326172,103.81534051895142,regular_ge32
2026-08-12T15:07:14.525,622,unlabeled,1,0.5083773732185364,103.39742112159729,137.1742980480194,191.240247964859,240.0,206.79484224319458,274.3485960960388,382.480495929718,480.0,294.6376690864563,377.1742980480194,294.6376690864563,480.0,0.460371357947588,0.7857797876000404,0.460371357947588,1.0,87.84282684326172,102.82570195198059,regular_ge32
2026-08-12T15:07:14.614,623,unlabeled,1,0.4916226267814636,101.4550929069519,137.09558367729187,191.4497046470642,240.0,202.9101858139038,274.19116735458374,382.8994092941284,480.0,292.9047975540161,377.09558367729187,292.9047975540161,480.0,0.4576637461781502,0.7856157993276914,0.4576637461781502,1.0,89.9946117401123,102.90441632270813,regular_ge32
2026-08-12T15:07:14.686,624,unlabeled,1,0.4916226267814636,102.81542789936066,138.00040411949158,188.5387326478958,240.0,205.6308557987213,276.00080823898315,377.0774652957916,480.0,291.35416054725647,378.0004041194916,291.35416054725647,480.0,0.4552408758550882,0.7875008419156074,0.4552408758550882,1.0,85.72330474853516,101.99959588050842,regular_ge32
2026-08-12T15:07:14.765,625,unlabeled,1,0.5167500376701355,105.27188992500305,137.74887919425964,186.85471272468567,239.78802800178528,210.5437798500061,275.4977583885193,373.70942544937134,479.57605600357056,292.1266026496887,377.5369071960449,292.1266026496887,479.57605600357056,0.4564478166401386,0.7865352233250936,0.4564478166401386,0.999116783340772,81.58282279968262,102.03914880752563,regular_ge32
2026-08-12T15:07:14.862,626,unlabeled,1,0.3848111629486084,104.2786774635315,136.3099229335785,181.85477590560913,240.0,208.557354927063,272.619845867157,363.70955181121826,480.0,286.1334533691406,376.3099229335785,286.1334533691406,480.0,0.4470835208892822,0.7839790061116219,0.4470835208892822,1.0,77.57609844207764,103.69007706642151,regular_ge32
2026-08-12T15:07:14.945,627,unlabeled,1,0.4916226267814636,102.46808385848999,139.70990228652954,180.04418230056763,239.78844213485718,204.93616771697998,279.4198045730591,360.08836460113525,479.57688426971436,282.5122661590576,379.4983444213867,282.5122661590576,479.57688426971436,0.4414254158735275,0.790621550877889,0.4414254158735275,0.9991185088952382,77.57609844207764,100.07853984832764,regular_ge32
2026-08-12T15:07:14.945,627,unlabeled,2,0.21299070119857788,88.73229503631592,163.0806645154953,112.70700454711914,202.00317585468292,177.46459007263184,326.1613290309906,225.41400909423828,404.00635170936584,201.43929958343506,365.0838403701782,201.43929958343506,404.00635170936584,0.3147489055991173,0.7605913341045379,0.3147489055991173,0.8416798993945122,23.974709510803223,38.92251133918762,regular_ge32
2026-08-12T15:07:15.037,628,unlabeled,1,0.4832499325275421,92.46613836288452,136.9330451488495,176.10265111923218,240.0,184.93227672576904,273.866090297699,352.20530223846436,480.0,268.5687894821167,376.9330451488495,268.5687894821167,480.0,0.41963873356580733,0.7852771773934364,0.41963873356580733,1.0,83.63651275634766,103.06695485115051,regular_ge32
2026-08-12T15:07:15.114,629,unlabeled,1,0.4498997628688812,86.32941436767578,137.1742980480194,174.1722412109375,240.0,172.65882873535156,274.3485960960388,348.344482421875,480.0,260.5016555786133,377.1742980480194,260.5016555786133,480.0,0.40703383684158323,0.7857797876000404,0.40703383684158323,1.0,87.84282684326172,102.82570195198059,regular_ge32
2026-08-12T15:07:15.197,630,unlabeled,1,0.4251631200313568,85.47688472270966,138.00040411949158,173.31971156597137,240.0,170.9537694454193,276.00080823898315,346.63942313194275,480.0,258.79659628868103,378.0004041194916,258.79659628868103,480.0,0.40436968170106413,0.7875008419156074,0.40436968170106413,1.0,87.84282684326172,101.99959588050842,regular_ge32
2026-08-12T15:07:15.197,630,unlabeled,2,0.2363237887620926,240.67655038833618,48.4209246635437,318.2526488304138,228.74898386001587,481.35310077667236,96.8418493270874,636.5052976608276,457.49796772003174,558.92919921875,277.16990852355957,558.92919921875,457.49796772003174,0.8733268737792969,0.5774373094240824,0.8733268737792969,0.9531207660833995,77.57609844207764,180.32805919647217,regular_ge32
2026-08-12T15:07:15.273,631,unlabeled,1,0.4498997628688812,86.15540504455566,135.2755401134491,165.71799278259277,239.28516125679016,172.31081008911133,270.5510802268982,331.43598556518555,478.5703225135803,251.87339782714844,374.56070137023926,251.87339782714844,478.5703225135803,0.39355218410491943,0.7803347945213318,0.39355218410491943,0.9970215052366257,79.56258773803711,104.00962114334106,regular_ge32
2026-08-12T15:07:15.273,631,unlabeled,2,0.32359981536865234,226.39448070526123,53.38546299934387,312.1177854537964,240.0,452.78896141052246,106.77092599868774,624.2355709075928,480.0,538.5122661590576,293.3854629993439,538.5122661590576,480.0,0.8414254158735275,0.6112197145819664,0.8414254158735275,1.0,85.72330474853516,186.61453700065613,regular_ge32
2026-08-12T15:07:15.367,632,unlabeled,1,0.4169939160346985,85.81028938293457,135.2755401134491,167.3931121826172,239.28516125679016,171.62057876586914,270.5510802268982,334.7862243652344,478.5703225135803,253.20340156555176,374.56070137023926,253.20340156555176,478.5703225135803,0.3956303149461746,0.7803347945213318,0.3956303149461746,0.9970215052366257,81.58282279968262,104.00962114334106,regular_ge32
2026-08-12T15:07:15.367,632,unlabeled,2,0.3690716028213501,207.32967472076416,60.1956148147583,313.24265575408936,237.46823024749756,414.6593494415283,120.3912296295166,626.4853115081787,474.9364604949951,520.5723304748535,297.66384506225586,520.5723304748535,474.9364604949951,0.8133942663669587,0.6201330105463664,0.8133942663669587,0.9894509593645732,105.9129810333252,177.27261543273926,regular_ge32
2026-08-12T15:07:15.449,633,unlabeled,1,0.5251132845878601,86.89551877975464,135.2755401134491,164.47161722183228,239.28516125679016,173.79103755950928,270.5510802268982,328.94323444366455,478.5703225135803,251.3671360015869,374.56070137023926,251.3671360015869,478.5703225135803,0.3927611500024796,0.7803347945213318,0.3927611500024796,0.9970215052366257,77.57609844207764,104.00962114334106,regular_ge32
2026-08-12T15:07:15.449,633,unlabeled,2,0.45820698142051697,245.5494327545166,68.49891138076782,315.52136611938477,232.5849289894104,491.0988655090332,136.99782276153564,631.0427322387695,465.1698579788208,561.0707988739014,301.0838403701782,561.0707988739014,465.1698579788208,0.8766731232404709,0.6272580007712046,0.8766731232404709,0.96910387078921,69.97193336486816,164.08601760864258,regular_ge32
2026-08-12T15:07:15.531,634,unlabeled,1,0.5334624648094177,83.93254089355469,132.59282159805298,163.4951286315918,238.5817198753357,167.86508178710938,265.18564319610596,326.9902572631836,477.1634397506714,247.42766952514648,371.1745414733887,247.42766952514648,477.1634397506714,0.3866057336330414,0.7732802947362264,0.3866057336330414,0.9940904994805654,79.56258773803711,105.98889827728271,regular_ge32
2026-08-12T15:07:15.531,634,unlabeled,2,0.34598395228385925,199.0134060382843,67.63284063339233,319.624263048172,238.49921083450317,398.0268120765686,135.26568126678467,639.248526096344,476.99842166900635,518.6376690864563,306.1320514678955,518.6376690864563,476.99842166900635,0.810371357947588,0.6377751072247823,0.810371357947588,0.9937467118104298,120.6108570098877,170.86637020111084,regular_ge32
2026-08-12T15:07:15.600,635,unlabeled,1,0.5083773732185364,75.28085088729858,128.88112425804138,154.8434386253357,238.85079979896545,150.56170177459717,257.76224851608276,309.6868772506714,477.7015995979309,230.12428951263428,367.73192405700684,230.12428951263428,477.7015995979309,0.35956920236349105,0.7661081751187643,0.35956920236349105,0.9952116658290228,79.56258773803711,109.96967554092407,regular_ge32
2026-08-12T15:07:15.600,635,unlabeled,2,0.30910593271255493,174.99842739105225,81.77494084835052,316.3169584274292,240.0,349.9968547821045,163.54988169670105,632.6339168548584,480.0,491.31538581848145,321.7749408483505,491.31538581848145,480.0,0.7676802903413773,0.6703644601007303,0.7676802903413773,1.0,141.31853103637695,158.22505915164948,regular_ge32
2026-08-12T15:07:15.694,636,unlabeled,1,0.4498997628688812,72.7045431137085,119.78118062019348,156.34105587005615,239.78118062019348,145.409086227417,239.56236124038696,312.6821117401123,479.56236124038696,229.04559898376465,359.56236124038696,229.04559898376465,479.56236124038696,0.3578837484121323,0.7490882525841395,0.3578837484121323,0.9990882525841395,83.63651275634766,120.0,regular_ge32
2026-08-12T15:07:15.694,636,unlabeled,2,0.33097806572914124,171.63257789611816,87.95774233341217,318.2588119506836,235.60306322574615,343.2651557922363,175.91548466682434,636.5176239013672,471.2061264514923,489.89138984680176,323.5608055591583,489.89138984680176,471.2061264514923,0.7654552966356277,0.6740850115815799,0.7654552966356277,0.9816794301072757,146.62623405456543,147.64532089233398,regular_ge32
2026-08-12T15:07:15.784,637,unlabeled,1,0.4916226267814636,68.14644432067871,116.37361073493958,149.72926712036133,240.0,136.29288864135742,232.74722146987915,299.45853424072266,480.0,217.87571144104004,356.3736107349396,217.87571144104004,480.0,0.34043079912662505,0.7424450223644574,0.34043079912662505,1.0,81.58282279968262,123.62638926506042,regular_ge32
2026-08-12T15:07:15.784,637,unlabeled,2,0.35360580682754517,153.55386877059937,89.72779107093811,305.51761770248413,235.46187710762024,307.10773754119873,179.45558214187622,611.0352354049683,470.9237542152405,459.0714864730835,325.18966817855835,459.0714864730835,470.9237542152405,0.7172991976141929,0.6774784753719966,0.7172991976141929,0.9810911546150843,151.96374893188477,145.73408603668213,regular_ge32
2026-08-12T15:07:15.872,638,unlabeled,1,0.43337342143058777,67.01406478881836,112.14693915843964,152.73736953735352,240.0,134.02812957763672,224.29387831687927,305.47473907470703,480.0,219.75143432617188,352.14693915843964,219.75143432617188,480.0,0.34336161613464355,0.7336394565800826,0.34336161613464355,1.0,85.72330474853516,127.85306084156036,regular_ge32
2026-08-12T15:07:15.872,638,unlabeled,2,0.3019951581954956,159.35557079315186,89.72879838943481,305.9818048477173,239.27066278457642,318.7111415863037,179.45759677886963,611.9636096954346,478.54132556915283,465.33737564086914,328.99946117401123,465.33737564086914,478.54132556915283,0.727089649438858,0.6854155441125234,0.727089649438858,0.996961094935735,146.62623405456543,149.5418643951416,regular_ge32
2026-08-12T15:07:15.953,639,unlabeled,1,0.5167500376701355,53.22973847389221,106.54205083847046,145.4079306125641,240.0,106.45947694778442,213.08410167694092,290.8158612251282,480.0,198.6376690864563,346.54205083847046,198.6376690864563,480.0,0.31037135794758797,0.7219626059134802,0.31037135794758797,1.0,92.17819213867188,133.45794916152954,regular_ge32
2026-08-12T15:07:15.953,639,unlabeled,2,0.3384403884410858,154.82073545455933,91.23827171325684,306.7844843864441,238.88359260559082,309.64147090911865,182.47654342651367,613.5689687728882,477.76718521118164,461.6052198410034,330.12186431884766,461.6052198410034,477.76718521118164,0.7212581560015678,0.6877538839975993,0.7212581560015678,0.9953483025232951,151.96374893188477,147.64532089233398,regular_ge32
2026-08-12T15:07:16.041,640,unlabeled,1,0.37690892815589905,48.370699644088745,106.00984573364258,149.5893428325653,238.0338954925537,96.74139928817749,212.01969146728516,299.1786856651306,476.0677909851074,197.96004247665405,344.0437412261963,197.96004247665405,476.0677909851074,0.30931256636977195,0.7167577942212423,0.30931256636977195,0.9918078978856405,101.21864318847656,132.02404975891113,regular_ge32
2026-08-12T15:07:16.041,640,unlabeled,2,0.30910593271255493,178.25829553604126,91.71308279037476,314.31049394607544,239.35840368270874,356.5165910720825,183.4261655807495,628.6209878921509,478.7168073654175,492.5687894821167,331.0714864730835,492.5687894821167,478.7168073654175,0.7696387335658074,0.6897322634855906,0.7696387335658074,0.9973266820112864,136.05219841003418,147.64532089233398,regular_ge32
2026-08-12T15:07:16.124,641,unlabeled,1,0.4916226267814636,37.749197006225586,99.88228416442871,132.14219284057617,239.80375862121582,75.49839401245117,199.76456832885742,264.28438568115234,479.60751724243164,169.89138984680176,339.68604278564453,169.89138984680176,479.60751724243164,0.2654552966356277,0.707679255803426,0.2654552966356277,0.9991823275883992,94.39299583435059,139.9214744567871,regular_ge32
2026-08-12T15:07:16.124,641,unlabeled,2,0.28123316168785095,91.88166284561157,98.57466220855713,273.20217752456665,238.49613666534424,183.76332569122314,197.14932441711426,546.4043550491333,476.9922733306885,365.0838403701782,337.07079887390137,365.0838403701782,476.9922733306885,0.5704435005784034,0.7022308309872946,0.5704435005784034,0.9937339027722677,181.32051467895508,139.9214744567871,regular_ge32
2026-08-12T15:07:16.211,642,unlabeled,1,0.39277467131614685,32.75186634063721,98.39250326156616,122.74647808074951,240.0,65.50373268127441,196.78500652313232,245.49295616149902,480.0,155.49834442138672,338.39250326156616,155.49834442138672,480.0,0.24296616315841674,0.7049843817949295,0.24296616315841674,1.0,89.9946117401123,141.60749673843384,regular_ge32
2026-08-12T15:07:16.211,642,unlabeled,2,0.30910593271255493,169.77686595916748,96.09546947479248,261.95505809783936,239.90453052520752,339.55373191833496,192.19093894958496,523.9101161956787,479.80906105041504,431.73192405700684,336.0,431.73192405700684,479.80906105041504,0.6745811313390732,0.7,0.6745811313390732,0.999602210521698,92.17819213867188,143.80906105041504,regular_ge32
2026-08-12T15:07:16.286,643,unlabeled,1,0.39277467131614685,17.263277053833008,100.47765016555786,135.36618995666504,238.4385085105896,34.526554107666016,200.95530033111572,270.7323799133301,476.8770170211792,152.62946701049805,338.91615867614746,152.62946701049805,476.8770170211792,0.2384835422039032,0.7060753305753072,0.2384835422039032,0.99349378546079,118.10291290283203,137.96085834503174,regular_ge32
2026-08-12T15:07:16.286,643,unlabeled,2,0.2613641023635864,107.42388916015625,95.13295698165894,251.39181327819824,240.0,214.8477783203125,190.26591396331787,502.7836265563965,480.0,358.8157024383545,335.13295698165894,358.8157024383545,480.0,0.5606495350599289,0.6981936603784561,0.5606495350599289,1.0,143.967924118042,144.86704301834106,regular_ge32
2026-08-12T15:07:16.382,644,unlabeled,1,0.400795578956604,154.0686206817627,95.13295698165894,244.063232421875,240.0,308.1372413635254,190.26591396331787,488.12646484375,480.0,398.1318531036377,335.13295698165894,398.1318531036377,480.0,0.6220810204744339,0.6981936603784561,0.6220810204744339,1.0,89.9946117401123,144.86704301834106,regular_ge32
2026-08-12T15:07:16.382,644,unlabeled,2,0.34598395228385925,7.0611982345581055,99.62653350830078,132.7490930557251,239.5480079650879,14.122396469116211,199.25306701660156,265.4981861114502,479.0960159301758,139.8102912902832,339.1745414733887,139.8102912902832,479.0960159301758,0.2184535801410675,0.7066136280695597,0.2184535801410675,0.9981166998545329,125.68789482116699,139.9214744567871,regular_ge32
2026-08-12T15:07:16.473,645,unlabeled,1,0.40887001156806946,145.05160999298096,95.82746839523315,226.63443279266357,239.6365294456482,290.1032199859619,191.6549367904663,453.26886558532715,479.2730588912964,371.68604278564453,335.46399784088135,371.68604278564453,479.2730588912964,0.5807594418525696,0.6988833288351695,0.5807594418525696,0.9984855393568675,81.58282279968262,143.80906105041504,regular_ge32
2026-08-12T15:07:16.473,645,unlabeled,2,0.27450883388519287,0.5193662643432617,88.6807336807251,176.5514326095581,240.0,1.0387325286865234,177.3614673614502,353.1028652191162,480.0,177.07079887390137,328.6807336807251,177.07079887390137,480.0,0.2766731232404709,0.6847515285015107,0.2766731232404709,1.0,176.03206634521484,151.3192663192749,regular_ge32
2026-08-12T15:07:16.560,646,unlabeled,1,0.34598395228385925,0.0,85.60715579986572,121.88451957702637,238.89449977874756,0.0,171.21431159973145,243.76903915405273,477.7889995574951,121.88451957702637,324.5016555786133,121.88451957702637,477.7889995574951,0.1904445618391037,0.6760451157887777,0.1904445618391037,0.9953937490781148,121.88451957702637,153.28734397888184,regular_ge32
2026-08-12T15:07:16.560,646,unlabeled,2,0.31630825996398926,128.40597915649414,96.3957166671753,209.98880195617676,238.26690673828125,256.8119583129883,192.7914333343506,419.9776039123535,476.5338134765625,338.3947811126709,334.66262340545654,338.3947811126709,476.5338134765625,0.5287418454885483,0.6972137987613678,0.5287418454885483,0.9927787780761719,81.58282279968262,141.87119007110596,regular_ge32
2026-08-12T15:07:16.646,647,unlabeled,1,0.31630825996398926,3.758395195007324,86.23439991474152,134.59679889678955,237.6572152376175,7.516790390014648,172.46879982948303,269.1935977935791,475.314430475235,138.35519409179688,323.891615152359,138.35519409179688,475.314430475235,0.2161799907684326,0.6747741982340812,0.2161799907684326,0.9902383968234062,130.83840370178223,151.42281532287598,regular_ge32
2026-08-12T15:07:16.646,647,unlabeled,2,0.2549463212490082,127.36892938613892,100.54020643234253,204.94502782821655,236.53059244155884,254.73785877227783,201.08041286468506,409.8900556564331,473.0611848831177,332.31395721435547,337.07079887390137,332.31395721435547,473.0611848831177,0.5192405581474304,0.7022308309872946,0.5192405581474304,0.9855441351731619,77.57609844207764,135.9903860092163,regular_ge32
2026-08-12T15:07:16.732,648,unlabeled,1,0.3690716028213501,11.159171104431152,88.36773347854614,131.77002811431885,239.79054880142212,22.318342208862305,176.73546695709229,263.5400562286377,479.58109760284424,142.92919921875,328.15828227996826,142.92919921875,479.58109760284424,0.22332687377929689,0.6836630880832673,0.22332687377929689,0.9991272866725922,120.6108570098877,151.42281532287598,regular_ge32
2026-08-12T15:07:16.732,648,unlabeled,2,0.35360580682754517,141.0878005027771,96.63086891174316,216.71141290664673,240.0,282.1756010055542,193.26173782348633,433.42282581329346,480.0,357.7992134094238,336.63086891174316,357.7992134094238,480.0,0.5590612709522247,0.7013143102327982,0.5590612709522247,1.0,75.62361240386963,143.36913108825684,regular_ge32
2026-08-12T15:07:16.797,649,unlabeled,1,0.4916226267814636,130.8919129371643,103.81685209274292,202.7133069038391,237.8279538154602,261.7838258743286,207.63370418548584,405.4266138076782,475.6559076309204,333.6052198410034,341.6448059082031,333.6052198410034,475.6559076309204,0.5212581560015679,0.7117600123087565,0.5212581560015679,0.9909498075644175,71.8213939666748,134.01110172271729,regular_ge32
2026-08-12T15:07:16.797,649,unlabeled,2,0.4498997628688812,28.0687198638916,95.29386568069458,118.0633316040039,239.10292673110962,56.1374397277832,190.58773136138916,236.1266632080078,478.20585346221924,146.1320514678955,334.3967924118042,146.1320514678955,478.20585346221924,0.22833133041858672,0.6966599841912587,0.22833133041858672,0.9962621947129567,89.9946117401123,143.80906105041504,regular_ge32
2026-08-12T15:07:16.895,650,unlabeled,1,0.5251132845878601,133.2820339202881,108.73401355743408,203.25396728515625,238.76433086395264,266.5640678405762,217.46802711486816,406.5079345703125,477.5286617279053,336.53600120544434,347.4983444213867,336.53600120544434,477.5286617279053,0.5258375018835068,0.7239548842112223,0.5258375018835068,0.9948513785998027,69.97193336486816,130.03031730651855,regular_ge32
2026-08-12T15:07:16.895,650,unlabeled,2,0.36130279302597046,32.932602882385254,96.76415729522705,120.77542972564697,240.0,65.86520576477051,193.5283145904541,241.55085945129395,480.0,153.70803260803223,336.76415729522705,153.70803260803223,480.0,0.24016880095005036,0.7015919943650564,0.24016880095005036,1.0,87.84282684326172,143.23584270477295,regular_ge32
2026-08-12T15:07:16.967,651,unlabeled,1,0.4748867154121399,35.865646839141846,99.62653350830078,130.25864267349243,239.5480079650879,71.73129367828369,199.25306701660156,260.51728534698486,479.0960159301758,166.12428951263428,339.1745414733887,166.12428951263428,479.0960159301758,0.25956920236349107,0.7066136280695597,0.25956920236349107,0.9981166998545329,94.39299583435059,139.9214744567871,regular_ge32
2026-08-12T15:07:16.967,651,unlabeled,2,0.43337342143058777,139.66434955596924,116.2699271440506,217.24044799804688,238.28049671649933,279.3286991119385,232.5398542881012,434.48089599609375,476.56099343299866,356.9047975540161,354.5504238605499,356.9047975540161,476.56099343299866,0.5576637461781502,0.7386467163761457,0.5576637461781502,0.9928354029854138,77.57609844207764,122.01056957244873,regular_ge32
2026-08-12T15:07:17.069,652,unlabeled,1,0.5334624648094177,140.3579351902008,119.31883454322815,217.93403363227844,239.31883454322815,280.7158703804016,238.6376690864563,435.8680672645569,478.6376690864563,358.29196882247925,358.6376690864563,358.29196882247925,478.6376690864563,0.5598312012851239,0.747161810596784,0.5598312012851239,0.997161810596784,77.57609844207764,120.0,regular_ge32
2026-08-12T15:07:17.069,652,unlabeled,2,0.5251132845878601,37.90230083465576,101.23872709274292,127.89691257476807,239.19958543777466,75.80460166931152,202.47745418548584,255.79382514953613,478.3991708755493,165.79921340942383,340.4383125305176,165.79921340942383,478.3991708755493,0.25906127095222475,0.7092464844385783,0.25906127095222475,0.9966649393240611,89.9946117401123,137.96085834503174,regular_ge32
2026-08-12T15:07:17.151,653,unlabeled,1,0.5417929887771606,140.04051113128662,120.07914113998413,221.62333393096924,240.0,280.08102226257324,240.15828227996826,443.2466678619385,480.0,361.66384506225586,360.07914113998413,361.66384506225586,480.0,0.5650997579097747,0.750164877374967,0.5650997579097747,1.0,81.58282279968262,119.92085886001587,regular_ge32
2026-08-12T15:07:17.151,653,unlabeled,2,0.5334624648094177,37.5019736289978,105.90883445739746,129.68016576766968,237.9328842163086,75.0039472579956,211.81766891479492,259.36033153533936,475.8657684326172,167.18213939666748,343.84171867370605,167.18213939666748,475.8657684326172,0.2612220928072929,0.7163369139035543,0.2612220928072929,0.9913870175679524,92.17819213867188,132.02404975891113,regular_ge32
2026-08-12T15:07:17.237,654,unlabeled,1,0.5501002073287964,138.6814742088318,120.07914113998413,222.31798696517944,240.0,277.3629484176636,240.15828227996826,444.6359739303589,480.0,360.99946117401123,360.07914113998413,360.99946117401123,480.0,0.5640616580843926,0.750164877374967,0.5640616580843926,1.0,83.63651275634766,119.92085886001587,regular_ge32
2026-08-12T15:07:17.237,654,unlabeled,2,0.5167500376701355,41.13951873779297,108.66840934753418,128.9823455810547,238.69872665405273,82.27903747558594,217.33681869506836,257.9646911621094,477.39745330810547,170.12186431884766,347.3671360015869,170.12186431884766,477.39745330810547,0.26581541299819944,0.7236815333366394,0.26581541299819944,0.9945780277252197,87.84282684326172,130.03031730651855,regular_ge32
2026-08-12T15:07:17.320,655,unlabeled,1,0.4916226267814636,137.85799741744995,121.8372073173523,223.5813021659851,239.82663774490356,275.7159948348999,243.6744146347046,447.1626043319702,479.65327548980713,361.43929958343506,361.66384506225586,361.43929958343506,479.65327548980713,0.5647489055991173,0.7534663438796997,0.5647489055991173,0.9992776572704315,85.72330474853516,117.98943042755127,regular_ge32
2026-08-12T15:07:17.320,655,unlabeled,2,0.4748867154121399,50.277976512908936,114.07830810546875,127.85407495498657,240.0,100.55595302581787,228.1566162109375,255.70814990997314,480.0,178.1320514678955,354.07830810546875,178.1320514678955,480.0,0.2783313304185867,0.7376631418863933,0.2783313304185867,1.0,77.57609844207764,125.92169189453125,regular_ge32
2026-08-12T15:07:17.386,656,unlabeled,1,0.5334624648094177,45.365567207336426,117.66323351860046,126.94839000701904,239.6738030910492,90.73113441467285,235.32646703720093,253.8967800140381,479.3476061820984,172.31395721435547,357.33703660964966,172.31395721435547,479.3476061820984,0.2692405581474304,0.7444521596034368,0.2692405581474304,0.998640846212705,81.58282279968262,122.01056957244873,regular_ge32
2026-08-12T15:07:17.386,656,unlabeled,2,0.5251132845878601,142.1425633430481,124.16698670387268,223.7253861427307,240.0,284.2851266860962,248.33397340774536,447.4507722854614,480.0,365.8679494857788,364.1669867038727,365.8679494857788,480.0,0.5716686710715294,0.7586812222997348,0.5716686710715294,1.0,81.58282279968262,115.83301329612732,regular_ge32
2026-08-12T15:07:17.484,657,unlabeled,1,0.5666266083717346,44.623634815216064,120.39214134216309,126.20645761489868,240.0,89.24726963043213,240.78428268432617,252.41291522979736,480.0,170.83009243011475,360.3921413421631,170.83009243011475,480.0,0.2669220194220543,0.7508169611295065,0.2669220194220543,1.0,81.58282279968262,119.60785865783691,regular_ge32
2026-08-12T15:07:17.484,657,unlabeled,2,0.4748867154121399,140.38618564605713,122.72965788841248,221.96900844573975,238.70964169502258,280.77237129211426,245.45931577682495,443.9380168914795,477.41928339004517,362.3551940917969,361.43929958343506,362.3551940917969,477.41928339004517,0.5661799907684326,0.752998540798823,0.5661799907684326,0.9946235070625941,81.58282279968262,115.97998380661011,regular_ge32
2026-08-12T15:07:17.551,658,unlabeled,1,0.558379590511322,50.54004907608032,123.07094025611877,128.11614751815796,239.05092406272888,101.08009815216064,246.14188051223755,256.2322950363159,478.10184812545776,178.65619659423828,362.12186431884766,178.65619659423828,478.10184812545776,0.2791503071784973,0.7544205506642659,0.2791503071784973,0.996045516928037,77.57609844207764,115.97998380661011,regular_ge32
2026-08-12T15:07:17.551,658,unlabeled,2,0.39277467131614685,153.63807821273804,124.55192828178406,239.3613829612732,240.0,307.2761564254761,249.10385656356812,478.7227659225464,480.0,392.99946117401123,364.55192828178406,392.99946117401123,480.0,0.6140616580843925,0.7594831839203835,0.6140616580843925,1.0,85.72330474853516,115.44807171821594,regular_ge32
2026-08-12T15:07:17.656,659,unlabeled,1,0.5748369097709656,51.43110704421997,124.42864036560059,129.0072054862976,238.40145206451416,102.86221408843994,248.85728073120117,258.0144109725952,476.8029041290283,180.43831253051758,362.83009243011475,180.43831253051758,476.8029041290283,0.2819348633289337,0.7558960258960724,0.2819348633289337,0.9933393836021424,77.57609844207764,113.97281169891357,regular_ge32
2026-08-12T15:07:17.656,659,unlabeled,2,0.441620409488678,152.15772771835327,129.01516222953796,240.000554561615,238.98483777046204,304.31545543670654,258.0303244590759,480.00110912323,477.9696755409241,392.15828227996826,368.0,392.15828227996826,477.9696755409241,0.6127473160624504,0.7666666666666667,0.6127473160624504,0.9957701573769252,87.84282684326172,109.96967554092407,regular_ge32
2026-08-12T15:07:17.736,660,unlabeled,1,0.5417929887771606,51.55425786972046,124.67128705978394,129.1303563117981,238.6440987586975,103.10851573944092,249.34257411956787,258.2607126235962,477.288197517395,180.68461418151855,363.31538581848145,180.68461418151855,477.288197517395,0.28231970965862274,0.756907053788503,0.28231970965862274,0.9943504114945729,77.57609844207764,113.97281169891357,regular_ge32
2026-08-12T15:07:17.736,660,unlabeled,2,0.400795578956604,165.2424988746643,130.01202845573425,240.86611127853394,237.98797154426575,330.4849977493286,260.0240569114685,481.73222255706787,475.9759430885315,406.10861015319824,368.0,406.10861015319824,475.9759430885315,0.6345447033643723,0.7666666666666667,0.6345447033643723,0.9916165481011073,75.62361240386963,107.9759430885315,regular_ge32
2026-08-12T15:07:17.826,661,unlabeled,1,0.400795578956604,51.86531162261963,125.0759346485138,135.50182437896729,240.0,103.73062324523926,250.1518692970276,271.00364875793457,480.0,187.3671360015869,365.0759346485138,187.3671360015869,480.0,0.29276115000247954,0.7605748638510704,0.29276115000247954,1.0,83.63651275634766,114.9240653514862,regular_ge32
2026-08-12T15:07:17.826,661,unlabeled,2,0.39277467131614685,164.7122197151184,128.88112425804138,242.28831815719604,238.85079979896545,329.4244394302368,257.76224851608276,484.5766363143921,477.7015995979309,407.00053787231445,367.73192405700684,407.00053787231445,477.7015995979309,0.6359383404254914,0.7661081751187643,0.6359383404254914,0.9952116658290228,77.57609844207764,109.96967554092407,regular_ge32
2026-08-12T15:07:17.890,662,unlabeled,1,0.45820698142051697,59.839436531066895,128.14954090118408,143.47594928741455,240.0,119.67887306213379,256.29908180236816,286.9518985748291,480.0,203.31538581848145,368.1495409011841,203.31538581848145,480.0,0.31768029034137724,0.7669782102108001,0.31768029034137724,1.0,83.63651275634766,111.85045909881592,regular_ge32
2026-08-12T15:07:17.890,662,unlabeled,2,0.34598395228385925,171.8205065727234,130.813631772995,234.74019479751587,238.7895748615265,343.6410131454468,261.62726354599,469.48038959503174,477.579149723053,406.56070137023926,369.6032066345215,406.56070137023926,477.579149723053,0.6352510958909988,0.7700066804885864,0.6352510958909988,0.9949565619230271,62.91968822479248,107.9759430885315,regular_ge32
2026-08-12T15:07:18.012,663,unlabeled,1,0.45820698142051697,50.11032819747925,128.55090236663818,151.3289713859558,240.0,100.2206563949585,257.10180473327637,302.6579427719116,480.0,201.43929958343506,368.5509023666382,201.43929958343506,480.0,0.3147489055991173,0.7678143799304962,0.3147489055991173,1.0,101.21864318847656,111.44909763336182,regular_ge32
2026-08-12T15:07:18.012,663,unlabeled,2,0.2949781119823456,169.3966088294983,129.55056166648865,235.77329969406128,239.52023720741272,338.7932176589966,259.1011233329773,471.54659938812256,479.04047441482544,405.16990852355957,369.07079887390137,405.16990852355957,479.04047441482544,0.6330779820680619,0.7688974976539612,0.6330779820680619,0.9980009883642197,66.37669086456299,109.96967554092407,regular_ge32
2026-08-12T15:07:18.078,664,unlabeled,1,0.5167500376701355,67.52332210540771,128.14954090118408,149.10614490509033,240.0,135.04664421081543,256.29908180236816,298.21228981018066,480.0,216.62946701049805,368.1495409011841,216.62946701049805,480.0,0.3384835422039032,0.7669782102108001,0.3384835422039032,1.0,81.58282279968262,111.85045909881592,regular_ge32
2026-08-12T15:07:18.078,664,unlabeled,2,0.3690716028213501,164.34473037719727,130.6024329662323,238.05005073547363,240.0,328.68946075439453,261.2048659324646,476.10010147094727,480.0,402.3947811126709,370.6024329662323,402.3947811126709,480.0,0.6287418454885483,0.772088402012984,0.6287418454885483,1.0,73.70532035827637,109.3975670337677,regular_ge32
2026-08-12T15:07:18.169,665,unlabeled,1,0.45820698142051697,70.75955247879028,130.2125527858734,148.33565092086792,240.0,141.51910495758057,260.4251055717468,296.67130184173584,480.0,219.0952033996582,370.2125527858734,219.0952033996582,480.0,0.34233625531196593,0.7712761516372363,0.34233625531196593,1.0,77.57609844207764,109.78744721412659,regular_ge32
2026-08-12T15:07:18.169,665,unlabeled,2,0.3384403884410858,162.00062894821167,130.6024329662323,230.1576533317566,240.0,324.00125789642334,261.2048659324646,460.3153066635132,480.0,392.15828227996826,370.6024329662323,392.15828227996826,480.0,0.6127473160624504,0.772088402012984,0.6127473160624504,1.0,68.15702438354492,109.3975670337677,regular_ge32
2026-08-12T15:07:18.252,666,unlabeled,1,0.5334624648094177,75.68026781082153,130.68071627616882,161.4035725593567,238.65665936470032,151.36053562164307,261.36143255233765,322.8071451187134,477.31331872940063,237.08384037017822,369.33737564086914,237.08384037017822,477.31331872940063,0.3704435005784035,0.7694528659184774,0.3704435005784035,0.994402747352918,85.72330474853516,107.9759430885315,regular_ge32
2026-08-12T15:07:18.252,666,unlabeled,2,0.4665374755859375,158.16632318496704,132.33364915847778,233.78993558883667,238.3225474357605,316.3326463699341,264.66729831695557,467.57987117767334,476.645094871521,391.9562587738037,370.6561965942383,391.9562587738037,476.645094871521,0.6124316543340683,0.7722004095713297,0.6124316543340683,0.9930106143156687,75.62361240386963,105.98889827728271,regular_ge32
