timestamp,frame,scenario,detection,confidence,model_xmin,model_ymin,model_xmax,model_ymax,camera_xmin,camera_ymin,camera_xmax,camera_ymax,center_x,center_y,bottom_center_x,bottom_center_y,normalized_center_x,normalized_center_y,normalized_bottom_center_x,normalized_bottom_center_y,box_width_px,box_height_px,size_class
2026-08-12T15:25:47.582,1,unlabeled,1,0.4169939160346985,184.9902205467224,103.85046625137329,305.6010775566101,231.88145780563354,369.9804410934448,207.70093250274658,611.2021551132202,463.7629156112671,490.5912981033325,335.73192405700684,490.5912981033325,463.7629156112671,0.7665489032864571,0.6994415084520976,0.7665489032864571,0.9661727408568065,120.6108570098877,128.03099155426025,regular_ge32
2026-08-12T15:25:48.256,2,unlabeled,1,0.36130279302597046,186.6062364578247,104.53191566467285,304.70914936065674,228.55192470550537,373.2124729156494,209.0638313293457,609.4182987213135,457.10384941101074,491.31538581848145,333.0838403701782,491.31538581848145,457.10384941101074,0.7676802903413773,0.6939246674378713,0.7676802903413773,0.952299686272939,118.10291290283203,124.02000904083252,regular_ge32
2026-08-12T15:25:48.442,3,unlabeled,1,0.39277467131614685,187.6065993309021,102.656662940979,303.22349309921265,234.68071269989014,375.2131986618042,205.313325881958,606.4469861984253,469.3614253997803,490.83009243011475,337.33737564086914,490.83009243011475,469.3614253997803,0.7669220194220543,0.7027861992518107,0.7669220194220543,0.9778363029162089,115.61689376831055,132.02404975891113,regular_ge32
2026-08-12T15:25:48.559,4,unlabeled,1,0.3848111629486084,187.487202167511,102.85080337524414,303.10409593582153,232.8811206817627,374.974404335022,205.70160675048828,606.2081918716431,465.7622413635254,490.5912981033325,335.73192405700684,490.5912981033325,465.7622413635254,0.7665489032864571,0.6994415084520976,0.7665489032864571,0.970338002840678,115.61689376831055,130.03031730651855,regular_ge32
2026-08-12T15:25:48.668,5,unlabeled,1,0.400795578956604,187.84924602508545,102.58302879333496,303.466139793396,232.61334609985352,375.6984920501709,205.16605758666992,606.932279586792,465.22669219970703,491.31538581848145,335.1963748931885,491.31538581848145,465.22669219970703,0.7676802903413773,0.698325781027476,0.7676802903413773,0.9692222754160563,115.61689376831055,130.03031730651855,regular_ge32
2026-08-12T15:25:48.783,6,unlabeled,1,0.4169939160346985,186.6062364578247,104.25250482559204,304.70914936065674,232.2834963798523,373.2124729156494,208.50500965118408,609.4182987213135,464.5669927597046,491.31538581848145,336.53600120544434,491.31538581848145,464.5669927597046,0.7676802903413773,0.7011166691780091,0.7676802903413773,0.9678479015827179,118.10291290283203,128.03099155426025,regular_ge32
2026-08-12T15:25:48.895,7,unlabeled,1,0.441620409488678,188.83811712265015,102.12201309204102,301.9919753074646,234.14606285095215,377.6762342453003,204.24402618408203,603.9839506149292,468.2921257019043,490.83009243011475,336.26807594299316,490.83009243011475,468.2921257019043,0.7669220194220543,0.7005584915479024,0.7669220194220543,0.9756085952123006,113.15385818481445,132.02404975891113,regular_ge32
2026-08-12T15:25:49.070,8,unlabeled,1,0.400795578956604,185.10961771011353,102.3897876739502,305.7204747200012,234.41383743286133,370.21923542022705,204.7795753479004,611.4409494400024,468.82767486572266,490.83009243011475,336.8036251068115,490.83009243011475,468.82767486572266,0.7669220194220543,0.701674218972524,0.7669220194220543,0.9767243226369222,120.6108570098877,132.02404975891113,regular_ge32
2026-08-12T15:25:49.199,9,unlabeled,1,0.39277467131614685,182.93689727783203,102.78957843780518,308.624792098999,234.8136281967163,365.87379455566406,205.57915687561035,617.249584197998,469.6272563934326,491.56168937683105,337.6032066345215,491.56168937683105,469.6272563934326,0.7680651396512985,0.7033400138219198,0.7680651396512985,0.978390117486318,125.68789482116699,132.02404975891113,regular_ge32
2026-08-12T15:25:49.321,10,unlabeled,1,0.37690892815589905,183.1865954399109,102.656662940979,308.8744902610779,234.68071269989014,366.3731908798218,205.313325881958,617.7489805221558,469.3614253997803,492.06108570098877,337.33737564086914,492.06108570098877,469.3614253997803,0.768845446407795,0.7027861992518107,0.768845446407795,0.9778363029162089,125.68789482116699,132.02404975891113,regular_ge32
2026-08-12T15:25:49.445,11,unlabeled,1,0.36130279302597046,181.4084506034851,104.57211208343506,309.6630358695984,234.6024293899536,362.8169012069702,209.14422416687012,619.3260717391968,469.2048587799072,491.0714864730835,339.1745414733887,491.0714864730835,469.2048587799072,0.767299197614193,0.7066136280695597,0.767299197614193,0.9775101224581401,128.25458526611328,130.03031730651855,regular_ge32
2026-08-12T15:25:49.564,12,unlabeled,1,0.3848111629486084,182.61203956604004,103.38665390014648,305.7516117095947,233.41697120666504,365.2240791320801,206.77330780029297,611.5032234191895,466.8339424133301,488.36365127563477,336.8036251068115,488.36365127563477,466.8339424133301,0.7630682051181793,0.701674218972524,0.7630682051181793,0.9725707133611043,123.13957214355469,130.03031730651855,regular_ge32
2026-08-12T15:25:49.667,13,unlabeled,1,0.33097806572914124,180.2384910583496,104.18223190307617,311.07689476013184,234.21254920959473,360.4769821166992,208.36446380615234,622.1537895202637,468.42509841918945,491.31538581848145,338.3947811126709,491.31538581848145,468.42509841918945,0.7676802903413773,0.7049891273180644,0.7676802903413773,0.9758856217066447,130.83840370178223,130.03031730651855,regular_ge32
2026-08-12T15:25:49.786,14,unlabeled,1,0.2880568504333496,180.86519289016724,103.38665390014648,311.70359659194946,233.41697120666504,361.7303857803345,206.77330780029297,623.4071931838989,466.8339424133301,492.5687894821167,336.8036251068115,492.5687894821167,466.8339424133301,0.7696387335658074,0.701674218972524,0.7696387335658074,0.9725707133611043,130.83840370178223,130.03031730651855,regular_ge32
2026-08-12T15:25:49.890,15,unlabeled,1,0.3019951581954956,182.54461002349854,103.5202407836914,310.7991952896118,233.55055809020996,365.08922004699707,207.0404815673828,621.5983905792236,467.1011161804199,493.34380531311035,337.07079887390137,493.34380531311035,467.1011161804199,0.7708496958017349,0.7022308309872946,0.7708496958017349,0.9731273253758749,128.25458526611328,130.03031730651855,regular_ge32
2026-08-12T15:25:49.998,16,unlabeled,1,0.3384403884410858,183.0611982345581,103.38665390014648,308.7490930557251,233.41697120666504,366.1223964691162,206.77330780029297,617.4981861114502,466.8339424133301,491.8102912902832,336.8036251068115,491.8102912902832,466.8339424133301,0.7684535801410675,0.701674218972524,0.7684535801410675,0.9725707133611043,125.68789482116699,130.03031730651855,regular_ge32
2026-08-12T15:25:50.109,17,unlabeled,1,0.35360580682754517,182.33364963531494,104.11854219436646,308.02154445648193,232.1495337486267,364.6672992706299,208.2370843887329,616.0430889129639,464.2990674972534,490.3551940917969,336.26807594299316,490.3551940917969,464.2990674972534,0.7661799907684326,0.7005584915479024,0.7661799907684326,0.9672897239526113,125.68789482116699,128.03099155426025,regular_ge32
2026-08-12T15:25:50.253,18,unlabeled,1,0.32359981536865234,182.69179582595825,103.85046625137329,308.37969064712524,231.88145780563354,365.3835916519165,207.70093250274658,616.7593812942505,463.7629156112671,491.0714864730835,335.73192405700684,491.0714864730835,463.7629156112671,0.767299197614193,0.6994415084520976,0.767299197614193,0.9661727408568065,125.68789482116699,128.03099155426025,regular_ge32
2026-08-12T15:25:50.363,19,unlabeled,1,0.34598395228385925,185.4482741355896,103.98450422286987,303.55118703842163,232.01549577713013,370.8965482711792,207.96900844573975,607.1023740768433,464.03099155426025,488.99946117401123,336.0,488.99946117401123,464.03099155426025,0.7640616580843925,0.7,0.7640616580843925,0.9667312324047088,118.10291290283203,128.03099155426025,regular_ge32
2026-08-12T15:25:50.480,20,unlabeled,1,0.34598395228385925,182.57109880447388,103.38665390014648,308.25899362564087,233.41697120666504,365.14219760894775,206.77330780029297,616.5179872512817,466.8339424133301,490.83009243011475,336.8036251068115,490.83009243011475,466.8339424133301,0.7669220194220543,0.701674218972524,0.7669220194220543,0.9725707133611043,125.68789482116699,130.03031730651855,regular_ge32
2026-08-12T15:25:50.593,21,unlabeled,1,0.31630825996398926,181.0503044128418,103.98450422286987,309.3048896789551,232.01549577713013,362.1006088256836,207.96900844573975,618.6097793579102,464.03099155426025,490.3551940917969,336.0,490.3551940917969,464.03099155426025,0.7661799907684326,0.7,0.7661799907684326,0.9667312324047088,128.25458526611328,128.03099155426025,regular_ge32
2026-08-12T15:25:50.694,22,unlabeled,1,0.33097806572914124,181.77785301208496,103.38665390014648,310.03243827819824,233.41697120666504,363.5557060241699,206.77330780029297,620.0648765563965,466.8339424133301,491.8102912902832,336.8036251068115,491.8102912902832,466.8339424133301,0.7684535801410675,0.701674218972524,0.7684535801410675,0.9725707133611043,128.25458526611328,130.03031730651855,regular_ge32
2026-08-12T15:25:50.808,23,unlabeled,1,0.31630825996398926,180.73777675628662,103.25284194946289,311.57618045806885,233.28315925598145,361.47555351257324,206.50568389892578,623.1523609161377,466.5663185119629,492.31395721435547,336.53600120544434,492.31395721435547,466.5663185119629,0.7692405581474304,0.7011166691780091,0.7692405581474304,0.9720131635665894,130.83840370178223,130.03031730651855,regular_ge32
2026-08-12T15:25:50.912,24,unlabeled,1,0.31630825996398926,182.28543663024902,103.78644466400146,310.5400218963623,233.81676197052002,364.57087326049805,207.57288932800293,621.0800437927246,467.63352394104004,492.8254585266113,337.6032066345215,492.8254585266113,467.63352394104004,0.7700397789478302,0.7033400138219198,0.7700397789478302,0.9742365082105001,128.25458526611328,130.03031730651855,regular_ge32
2026-08-12T15:25:51.015,25,near,1,0.34598395228385925,183.44044733047485,103.85046625137329,309.12834215164185,231.88145780563354,366.8808946609497,207.70093250274658,618.2566843032837,463.7629156112671,492.5687894821167,335.73192405700684,492.5687894821167,463.7629156112671,0.7696387335658074,0.6994415084520976,0.7696387335658074,0.9661727408568065,125.68789482116699,128.03099155426025,regular_ge32
2026-08-12T15:25:51.131,26,near,1,0.3384403884410858,183.0611982345581,103.98450422286987,308.7490930557251,232.01549577713013,366.1223964691162,207.96900844573975,617.4981861114502,464.03099155426025,491.8102912902832,336.0,491.8102912902832,464.03099155426025,0.7684535801410675,0.7,0.7684535801410675,0.9667312324047088,125.68789482116699,128.03099155426025,regular_ge32
2026-08-12T15:25:51.232,27,near,1,0.3690716028213501,186.6062364578247,103.58269166946411,304.70914936065674,231.61368322372437,373.2124729156494,207.16538333892822,609.4182987213135,463.22736644744873,491.31538581848145,335.1963748931885,491.31538581848145,463.22736644744873,0.7676802903413773,0.698325781027476,0.7676802903413773,0.9650570134321849,118.10291290283203,128.03099155426025,regular_ge32
2026-08-12T15:25:51.345,28,near,1,0.34598395228385925,182.28543663024902,104.25250482559204,310.5400218963623,232.2834963798523,364.57087326049805,208.50500965118408,621.0800437927246,464.5669927597046,492.8254585266113,336.53600120544434,492.8254585266113,464.5669927597046,0.7700397789478302,0.7011166691780091,0.7700397789478302,0.9678479015827179,128.25458526611328,128.03099155426025,regular_ge32
2026-08-12T15:25:51.447,29,near,1,0.30910593271255493,181.53040027618408,103.25284194946289,309.78498554229736,233.28315925598145,363.06080055236816,206.50568389892578,619.5699710845947,466.5663185119629,491.31538581848145,336.53600120544434,491.31538581848145,466.5663185119629,0.7676802903413773,0.7011166691780091,0.7676802903413773,0.9720131635665894,128.25458526611328,130.03031730651855,regular_ge32
2026-08-12T15:25:51.561,30,near,1,0.2949781119823456,180.4859437942505,101.78745126724243,311.3243474960327,231.817768573761,360.971887588501,203.57490253448486,622.6486949920654,463.635537147522,491.8102912902832,333.6052198410034,491.8102912902832,463.635537147522,0.7684535801410675,0.6950108746687571,0.7684535801410675,0.9659073690573374,130.83840370178223,130.03031730651855,regular_ge32
2026-08-12T15:25:51.663,31,near,1,0.30910593271255493,180.87916088104248,101.58616256713867,314.317214012146,233.6102123260498,361.75832176208496,203.17232513427734,628.634428024292,467.2204246520996,495.1963748931885,335.1963748931885,495.1963748931885,467.2204246520996,0.773744335770607,0.698325781027476,0.773744335770607,0.9733758846918742,133.43805313110352,132.02404975891113,regular_ge32
2026-08-12T15:25:51.776,32,near,1,0.27450883388519287,177.88732814788818,101.52984857559204,291.04118633270264,235.54095029830933,355.77465629577637,203.05969715118408,582.0823726654053,471.08190059661865,468.9285144805908,337.07079887390137,468.9285144805908,471.08190059661865,0.7327008038759232,0.7022308309872946,0.7327008038759232,0.9814206262429556,113.15385818481445,134.01110172271729,regular_ge32
2026-08-12T15:25:51.883,33,near,1,0.28123316168785095,177.39252853393555,101.92852258682251,290.54638671875,235.9396243095398,354.7850570678711,203.85704517364502,581.0927734375,471.8792486190796,467.93891525268555,337.8681468963623,467.93891525268555,471.8792486190796,0.7311545550823212,0.7038919727007548,0.7311545550823212,0.9830817679564158,113.15385818481445,134.01110172271729,regular_ge32
2026-08-12T15:25:51.985,34,near,1,0.24863308668136597,176.28640747070312,103.05400085449219,291.9033012390137,235.07805061340332,352.57281494140625,206.10800170898438,583.8066024780273,470.15610122680664,468.1897087097168,338.1320514678955,468.1897087097168,470.15610122680664,0.7315464198589325,0.704441773891449,0.7315464198589325,0.9794918775558472,115.61689376831055,132.02404975891113,regular_ge32
2026-08-12T15:25:52.098,35,near,1,0.28123316168785095,179.69687271118164,104.18223190307617,290.4117374420166,234.21254920959473,359.3937454223633,208.36446380615234,580.8234748840332,468.42509841918945,470.10861015319824,338.3947811126709,470.10861015319824,468.42509841918945,0.7345447033643723,0.7049891273180644,0.7345447033643723,0.9758856217066447,110.71486473083496,130.03031730651855,regular_ge32
2026-08-12T15:25:52.199,36,near,1,0.2549463212490082,176.533860206604,102.92204856872559,292.15075397491455,234.94609832763672,353.067720413208,205.84409713745117,584.3015079498291,469.89219665527344,468.68461418151855,337.8681468963623,468.68461418151855,469.89219665527344,0.7323197096586227,0.7038919727007548,0.7323197096586227,0.978942076365153,115.61689376831055,132.02404975891113,regular_ge32
2026-08-12T15:25:52.314,37,near,1,0.2363237887620926,181.0503044128418,104.31293964385986,309.3048896789551,234.34325695037842,362.1006088256836,208.62587928771973,618.6097793579102,468.68651390075684,490.3551940917969,338.6561965942383,490.3551940917969,468.68651390075684,0.7661799907684326,0.7055337429046631,0.7661799907684326,0.9764302372932434,128.25458526611328,130.03031730651855,regular_ge32
2026-08-12T15:25:52.416,38,near,1,0.21299070119857788,179.31151628494263,104.82786273956299,312.74956941604614,234.85818004608154,358.62303256988525,209.65572547912598,625.4991388320923,469.7163600921631,492.06108570098877,339.68604278564453,492.06108570098877,469.7163600921631,0.768845446407795,0.707679255803426,0.768845446407795,0.9785757501920064,133.43805313110352,130.03031730651855,regular_ge32
2026-08-12T15:25:52.528,39,near,1,0.20742715895175934,179.99584436416626,104.18223190307617,310.8342480659485,234.21254920959473,359.9916887283325,208.36446380615234,621.668496131897,468.42509841918945,490.83009243011475,338.3947811126709,490.83009243011475,468.42509841918945,0.7669220194220543,0.7049891273180644,0.7669220194220543,0.9758856217066447,130.83840370178223,130.03031730651855,regular_ge32
2026-08-12T15:25:52.629,40,near,1,0.22444185614585876,178.79429054260254,104.33028221130371,317.4737854003906,236.35433197021484,357.5885810852051,208.66056442260742,634.9475708007812,472.7086639404297,496.26807594299316,340.68461418151855,496.26807594299316,472.7086639404297,0.7754188686609268,0.7097596128781637,0.7754188686609268,0.9848097165425619,138.6794948577881,132.02404975891113,regular_ge32
2026-08-12T15:25:52.739,41,near,1,0.400795578956604,187.10552215576172,100.54020643234253,305.20843505859375,236.53059244155884,374.21104431152344,201.08041286468506,610.4168701171875,473.0611848831177,492.31395721435547,337.07079887390137,492.31395721435547,473.0611848831177,0.7692405581474304,0.7022308309872946,0.7692405581474304,0.9855441351731619,118.10291290283203,135.9903860092163,regular_ge32
2026-08-12T15:25:52.840,42,near,1,0.39277467131614685,186.0094757080078,102.52337455749512,304.11238861083984,234.54742431640625,372.0189514160156,205.04674911499023,608.2247772216797,469.0948486328125,490.12186431884766,337.07079887390137,490.12186431884766,469.0948486328125,0.7658154129981994,0.7022308309872946,0.7658154129981994,0.9772809346516927,118.10291290283203,132.02404975891113,regular_ge32
2026-08-12T15:25:52.955,43,near,1,0.39277467131614685,186.0094757080078,103.05400085449219,304.11238861083984,235.07805061340332,372.0189514160156,206.10800170898438,608.2247772216797,470.15610122680664,490.12186431884766,338.1320514678955,490.12186431884766,470.15610122680664,0.7658154129981994,0.704441773891449,0.7658154129981994,0.9794918775558472,118.10291290283203,132.02404975891113,regular_ge32
2026-08-12T15:25:53.072,44,near,1,0.32359981536865234,177.99156427383423,103.18536567687988,316.6710591316223,235.20941543579102,355.98312854766846,206.37073135375977,633.3421182632446,470.41883087158203,494.66262340545654,338.3947811126709,494.66262340545654,470.41883087158203,0.7729103490710258,0.7049891273180644,0.7729103490710258,0.9800392309824626,138.6794948577881,132.02404975891113,regular_ge32
2026-08-12T15:25:53.196,45,near,1,0.21299070119857788,181.12450981140137,64.29776573181152,319.80400466918945,240.0,362.24901962280273,128.59553146362305,639.6080093383789,480.0,500.9285144805908,304.2977657318115,500.9285144805908,480.0,0.7827008038759231,0.6339536786079407,0.7827008038759231,1.0,138.6794948577881,175.70223426818848,regular_ge32
2026-08-12T15:25:53.314,46,near,1,0.26788532733917236,191.65916681289673,61.56128549575806,320.0,237.2688069343567,383.31833362579346,123.12257099151611,640.0,474.5376138687134,511.65916681289673,298.83009243011475,511.65916681289673,474.5376138687134,0.7994674481451511,0.6225626925627391,0.7994674481451511,0.9886200288931529,128.34083318710327,175.70752143859863,regular_ge32
2026-08-12T15:25:53.422,47,near,1,0.3690716028213501,205.93048286437988,61.44188833236694,320.0,237.14940977096558,411.86096572875977,122.88377666473389,640.0,474.29881954193115,525.9304828643799,298.5912981033325,525.9304828643799,474.29881954193115,0.8217663794755936,0.6220652043819428,0.8217663794755936,0.9881225407123566,114.06951713562012,175.70752143859863,regular_ge32
2026-08-12T15:25:53.524,48,near,1,0.28123316168785095,219.0141406059265,68.21224021911621,320.0,240.0,438.028281211853,136.42448043823242,640.0,480.0,539.0141406059265,308.2122402191162,539.0141406059265,480.0,0.8422095946967602,0.6421088337898254,0.8422095946967602,1.0,100.98585939407349,171.7877597808838,regular_ge32
2026-08-12T15:25:53.736,50,near,1,0.2363237887620926,233.7756290435791,59.21763324737549,320.0,219.78290462493896,467.5512580871582,118.43526649475098,640.0,439.56580924987793,553.7756290435791,279.00053787231445,553.7756290435791,439.56580924987793,0.8652744203805923,0.5812511205673218,0.8652744203805923,0.9157621026039123,86.2243709564209,160.56527137756348,regular_ge32
2026-08-12T15:25:54.158,54,near,1,0.2549463212490082,270.853262424469,83.7937240600586,320.0,231.43904495239258,541.706524848938,167.5874481201172,640.0,462.87808990478516,590.853262424469,315.2327690124512,590.853262424469,462.87808990478516,0.9232082225382328,0.6567349354426066,0.9232082225382328,0.9643293539683024,49.146737575531006,147.64532089233398,regular_ge32
2026-08-12T15:25:54.271,55,near,1,0.2363237887620926,264.8716902732849,101.11442518234253,320.0,239.07528352737427,529.7433805465698,202.22885036468506,640.0,478.15056705474854,584.8716902732849,340.1897087097168,584.8716902732849,478.15056705474854,0.9138620160520077,0.70872855981191,0.9138620160520077,0.9961470146973928,55.12830972671509,137.96085834503174,regular_ge32
2026-08-12T15:25:54.485,57,near,1,0.24863308668136597,268.1595230102539,152.42862153053284,320.0,240.0,536.3190460205078,304.8572430610657,640.0,480.0,588.1595230102539,392.42862153053284,588.1595230102539,480.0,0.9189992547035217,0.81755962818861,0.9189992547035217,1.0,51.840476989746094,87.57137846946716,regular_ge32
2026-08-12T15:25:54.586,58,near,1,0.33097806572914124,240.85218238830566,174.61732959747314,320.0,238.9098081588745,481.7043647766113,349.2346591949463,640.0,477.819616317749,560.8521823883057,413.52713775634766,560.8521823883057,477.819616317749,0.8763315349817276,0.8615148703257243,0.8763315349817276,0.9954575339953105,79.14781761169434,64.29247856140137,regular_ge32
2026-08-12T15:25:54.700,59,near,1,0.2949781119823456,227.25590085983276,192.03140258789062,320.0,240.0,454.5118017196655,384.06280517578125,640.0,480.0,547.2559008598328,432.0314025878906,547.2559008598328,480.0,0.8550873450934887,0.9000654220581055,0.8550873450934887,1.0,92.74409914016724,47.968597412109375,regular_ge32
2026-08-12T15:25:54.802,60,near,1,0.2019716501235962,42.38708281517029,34.85066604614258,317.3705270290375,240.0,84.77416563034058,69.70133209228516,634.741054058075,480.0,359.75760984420776,274.8506660461426,359.75760984420776,480.0,0.5621212653815746,0.572605554262797,0.5621212653815746,1.0,274.9834442138672,205.14933395385742,regular_ge32
2026-08-12T15:25:57.362,84,near,1,0.2949781119823456,24.298810482025146,173.3815433382988,48.27351999282837,197.79299813508987,48.59762096405029,346.7630866765976,96.54703998565674,395.58599627017975,72.57233047485352,371.1745414733887,72.57233047485352,395.58599627017975,0.11339426636695862,0.7732802947362264,0.11339426636695862,0.8241374922295411,23.974709510803223,24.411454796791077,small_16_32
2026-08-12T15:25:57.574,86,near,1,0.24863308668136597,0.0,137.7789044380188,44.54317498207092,237.85744428634644,0.0,275.5578088760376,89.08634996414185,475.71488857269287,44.54317498207092,375.63634872436523,44.54317498207092,475.71488857269287,0.06959871090948581,0.7825757265090942,0.06959871090948581,0.9910726845264435,44.54317498207092,100.07853984832764,regular_ge32
2026-08-12T15:25:57.676,87,near,1,0.2549463212490082,0.0,135.94340658187866,45.2061243057251,240.0,0.0,271.8868131637573,90.4122486114502,480.0,45.2061243057251,375.94340658187866,45.2061243057251,480.0,0.07063456922769547,0.7832154303789138,0.07063456922769547,1.0,45.2061243057251,104.05659341812134,regular_ge32
2026-08-12T15:25:57.792,88,near,1,0.2613641023635864,0.0,133.83020281791687,46.67021083831787,240.0,0.0,267.66040563583374,93.34042167663574,480.0,46.67021083831787,373.83020281791687,46.67021083831787,480.0,0.07292220443487167,0.7788129225373268,0.07292220443487167,1.0,46.67021083831787,106.16979718208313,regular_ge32
2026-08-12T15:25:57.892,89,empty,1,0.2613641023635864,0.0,132.72115659713745,47.07732439041138,238.71005487442017,0.0,265.4423131942749,94.15464878082275,477.42010974884033,47.07732439041138,371.4312114715576,47.07732439041138,477.42010974884033,0.07355831936001778,0.7738150238990784,0.07355831936001778,0.9946252286434174,47.07732439041138,105.98889827728271,regular_ge32
2026-08-12T15:25:58.004,90,empty,1,0.2613641023635864,0.0,127.41540670394897,44.30516839027405,240.0,0.0,254.83081340789795,88.6103367805481,480.0,44.30516839027405,367.415406703949,44.30516839027405,480.0,0.0692268256098032,0.7654487639665604,0.0692268256098032,1.0,44.30516839027405,112.58459329605103,regular_ge32
2026-08-12T15:25:58.105,91,empty,1,0.2363237887620926,0.0,133.34785795211792,27.672722816467285,239.33675622940063,0.0,266.69571590423584,55.34544563293457,478.67351245880127,27.672722816467285,372.68461418151855,27.672722816467285,478.67351245880127,0.04323862940073013,0.7764262795448303,0.04323862940073013,0.9972364842891693,27.672722816467285,105.98889827728271,regular_ge32
2026-08-12T15:25:58.219,92,empty,1,0.26788532733917236,0.0,140.99073791503906,45.17988729476929,233.34541702270508,0.0,281.9814758300781,90.35977458953857,466.69083404541016,45.17988729476929,374.33615493774414,45.17988729476929,466.69083404541016,0.07059357389807701,0.7798669894536336,0.07059357389807701,0.9722725709279378,45.17988729476929,92.35467910766602,regular_ge32
2026-08-12T15:25:58.320,93,empty,1,0.2549463212490082,0.0,133.10040521621704,28.339475631713867,239.08930349349976,0.0,266.2008104324341,56.678951263427734,478.1786069869995,28.339475631713867,372.1897087097168,28.339475631713867,478.1786069869995,0.044280430674552916,0.7753952264785766,0.044280430674552916,0.9962054312229156,28.339475631713867,105.98889827728271,regular_ge32
2026-08-12T15:25:58.432,94,empty,1,0.2549463212490082,2.757164478302002,159.15457391738892,45.242835521698,240.0,5.514328956604004,318.30914783477783,90.485671043396,480.0,48.0,399.1545739173889,48.0,480.0,0.075,0.8315720289945603,0.075,1.0,42.485671043395996,80.84542608261108,regular_ge32
2026-08-12T15:26:00.574,114,empty,1,0.23032912611961365,99.2840223312378,204.58135533332825,162.20371055603027,240.0,198.5680446624756,409.1627106666565,324.40742111206055,480.0,261.48773288726807,444.58135533332825,261.48773288726807,480.0,0.4085745826363564,0.9262111569444339,0.4085745826363564,1.0,62.91968822479248,35.41864466667175,regular_ge32
2026-08-12T15:26:00.677,115,empty,1,0.32359981536865234,99.97070121765137,179.53591442108154,164.60162925720215,240.0,199.94140243530273,359.0718288421631,329.2032585144043,480.0,264.5723304748535,419.53591442108154,264.5723304748535,480.0,0.41339426636695864,0.8740331550439199,0.41339426636695864,1.0,64.63092803955078,60.46408557891846,regular_ge32
2026-08-12T15:26:00.796,116,empty,1,0.37690892815589905,206.6979820728302,188.31835901737213,222.12747645378113,233.01867759227753,413.3959641456604,376.63671803474426,444.25495290756226,466.03735518455505,428.8254585266113,421.33703660964966,428.8254585266113,466.03735518455505,0.6700397789478302,0.8777854929367701,0.6700397789478302,0.9709111566344897,15.429494380950928,44.700318574905396,regular_ge32
2026-08-12T15:26:00.796,116,empty,2,0.30910593271255493,80.52943897247314,167.02044868469238,166.2527437210083,236.1540927886963,161.0588779449463,334.04089736938477,332.5054874420166,472.3081855773926,246.78218269348145,403.1745414733887,246.78218269348145,472.3081855773926,0.38559716045856474,0.839946961402893,0.38559716045856474,0.9839753866195678,85.72330474853516,69.1336441040039,regular_ge32
2026-08-12T15:26:00.899,117,empty,1,0.2949781119823456,193.39900040626526,175.64123010635376,216.64095664024353,235.3131709098816,386.7980008125305,351.2824602127075,433.28191328048706,470.6263418197632,410.0399570465088,410.95440101623535,410.0399570465088,470.6263418197632,0.6406874328851699,0.856155002117157,0.6406874328851699,0.98047154545784,23.24195623397827,59.67194080352783,regular_ge32
2026-08-12T15:26:00.899,117,empty,2,0.2549463212490082,76.71843671798706,160.20293712615967,156.28102445602417,234.38836097717285,153.43687343597412,320.40587425231934,312.56204891204834,468.7767219543457,232.99946117401123,394.5912981033325,232.99946117401123,468.7767219543457,0.36406165808439256,0.8220652043819427,0.36406165808439256,0.9766181707382202,79.56258773803711,74.18542385101318,regular_ge32
2026-08-12T15:26:01.014,118,empty,1,0.35360580682754517,50.65114116668701,154.07299542427063,158.95206546783447,237.10914397239685,101.30228233337402,308.14599084854126,317.90413093566895,474.2182879447937,209.60320663452148,391.1821393966675,209.60320663452148,474.2182879447937,0.3275050103664398,0.814962790409724,0.3275050103664398,0.9879547665516536,108.30092430114746,83.03614854812622,regular_ge32
2026-08-12T15:26:01.116,119,empty,1,0.33097806572914124,12.686813354492188,138.00040411949158,164.65056228637695,240.0,25.373626708984375,276.00080823898315,329.3011245727539,480.0,177.33737564086914,378.0004041194916,177.33737564086914,480.0,0.27708964943885805,0.7875008419156074,0.27708964943885805,1.0,151.96374893188477,101.99959588050842,regular_ge32
2026-08-12T15:26:01.231,120,empty,1,0.34598395228385925,17.067838668823242,130.9461019039154,166.35983085632324,238.9220449924469,34.135677337646484,261.8922038078308,332.7196617126465,477.8440899848938,183.42766952514648,369.8681468963623,183.42766952514648,477.8440899848938,0.28660573363304137,0.7705586393674214,0.28660573363304137,0.995508520801862,149.2919921875,107.9759430885315,regular_ge32
2026-08-12T15:26:01.334,121,empty,1,0.31630825996398926,23.25240135192871,136.62193536758423,161.9318962097168,240.0,46.50480270385742,273.24387073516846,323.8637924194336,480.0,185.1842975616455,376.62193536758423,185.1842975616455,480.0,0.2893504649400711,0.7846290320158005,0.2893504649400711,1.0,138.6794948577881,103.37806463241577,regular_ge32
2026-08-12T15:26:01.449,122,empty,1,0.31630825996398926,63.824883460998535,148.77474522590637,176.978741645813,239.23288798332214,127.64976692199707,297.54949045181274,353.957483291626,478.4657759666443,240.80362510681152,388.0076332092285,240.80362510681152,478.4657759666443,0.376255664229393,0.8083492358525594,0.376255664229393,0.9968036999305089,113.15385818481445,90.45814275741577,regular_ge32
2026-08-12T15:26:01.552,123,empty,1,0.35360580682754517,29.261239051818848,147.6109058856964,186.5804796218872,240.0,58.522478103637695,295.2218117713928,373.1609592437744,480.0,215.84171867370605,387.6109058856964,215.84171867370605,480.0,0.33725268542766573,0.8075227205952008,0.33725268542766573,1.0,157.31924057006836,92.38909411430359,regular_ge32
2026-08-12T15:26:01.665,124,empty,1,0.24863308668136597,66.11753845214844,157.023845911026,174.4184627532959,240.0,132.23507690429688,314.047691822052,348.8369255065918,480.0,240.53600120544434,397.023845911026,240.53600120544434,480.0,0.3758375018835068,0.8271330123146375,0.3758375018835068,1.0,108.30092430114746,82.976154088974,regular_ge32
2026-08-12T15:26:01.769,125,empty,1,0.2880568504333496,35.18828582763672,151.11925888061523,181.81451988220215,239.69644355773926,70.37657165527344,302.23851776123047,363.6290397644043,479.3928871154785,217.00280570983887,390.8157024383545,217.00280570983887,479.3928871154785,0.3390668839216232,0.8141993800799052,0.3390668839216232,0.9987351814905803,146.62623405456543,88.57718467712402,regular_ge32
2026-08-12T15:26:01.888,126,empty,1,0.34598395228385925,83.94894313812256,168.09504199028015,157.65426349639893,235.59100079536438,167.89788627624512,336.1900839805603,315.30852699279785,471.18200159072876,241.60320663452148,403.68604278564453,241.60320663452148,471.18200159072876,0.3775050103664398,0.8410125891367595,0.3775050103664398,0.981629169980685,73.70532035827637,67.49595880508423,regular_ge32
2026-08-12T15:26:01.990,127,empty,1,0.35360580682754517,89.63532257080078,171.69061279296875,157.7923469543457,234.4179973602295,179.27064514160156,343.3812255859375,315.5846939086914,468.835994720459,247.42766952514648,406.10861015319824,247.42766952514648,468.835994720459,0.3866057336330414,0.8460596044858296,0.3866057336330414,0.9767416556676228,68.15702438354492,62.72738456726074,regular_ge32
2026-08-12T15:26:02.105,128,empty,1,0.3384403884410858,77.41117286682129,164.38531589508057,169.58936500549316,240.0,154.82234573364258,328.77063179016113,339.1787300109863,480.0,247.00053787231445,404.38531589508057,247.00053787231445,480.0,0.38593834042549136,0.8424694081147511,0.38593834042549136,1.0,92.17819213867188,75.61468410491943,regular_ge32
2026-08-12T15:26:02.209,129,empty,1,0.30910593271255493,22.391619205474854,163.88709235191345,185.0723786354065,240.0,44.78323841094971,327.7741847038269,370.144757270813,480.0,207.46399784088135,403.88709235191345,207.46399784088135,480.0,0.3241624966263771,0.8414314423998197,0.3241624966263771,1.0,162.68075942993164,76.11290764808655,regular_ge32
2026-08-12T15:26:02.325,130,empty,1,0.33097806572914124,84.43752670288086,169.07442355155945,164.00011444091797,236.57038235664368,168.87505340576172,338.1488471031189,328.00022888183594,473.14076471328735,248.43764114379883,405.6448059082031,248.43764114379883,473.14076471328735,0.3881838142871857,0.8450933456420898,0.3881838142871857,0.9857099264860153,79.56258773803711,67.49595880508423,regular_ge32
2026-08-12T15:26:02.427,131,empty,1,0.2613641023635864,82.92755651473999,165.80001711845398,160.50365495681763,236.59476399421692,165.85511302947998,331.60003423690796,321.00730991363525,473.18952798843384,243.43121147155762,402.3947811126709,243.43121147155762,473.18952798843384,0.3803612679243088,0.8383224606513977,0.3803612679243088,0.9858115166425705,77.57609844207764,70.79474687576294,regular_ge32
2026-08-12T15:26:02.545,132,empty,1,0.27450883388519287,83.49905681610107,162.97708225250244,163.06164455413818,238.89106464385986,166.99811363220215,325.9541645050049,326.12328910827637,477.7821292877197,246.56070137023926,401.8681468963623,246.56070137023926,477.7821292877197,0.3852510958909988,0.8372253060340882,0.3852510958909988,0.9953794360160828,79.56258773803711,75.91398239135742,regular_ge32
2026-08-12T15:26:02.648,133,empty,1,0.31630825996398926,81.99991798400879,159.58075141906738,165.63643074035645,237.24470710754395,163.99983596801758,319.16150283813477,331.2728614807129,474.4894142150879,247.63634872436523,396.8254585266113,247.63634872436523,474.4894142150879,0.38693179488182067,0.8267197052637736,0.38693179488182067,0.9885196129480998,83.63651275634766,77.66395568847656,regular_ge32
2026-08-12T15:26:02.761,134,empty,1,0.27450883388519287,74.3851261138916,157.2922990322113,171.0235767364502,238.5179922580719,148.7702522277832,314.5845980644226,342.0471534729004,477.0359845161438,245.4087028503418,395.8102912902832,245.4087028503418,477.0359845161438,0.3834510982036591,0.8246047735214234,0.3834510982036591,0.9938249677419663,96.6384506225586,81.2256932258606,regular_ge32
2026-08-12T15:26:02.869,135,empty,1,0.2019716501235962,72.87816524505615,155.09083533287048,169.51661586761475,238.1269838809967,145.7563304901123,310.18167066574097,339.0332317352295,476.2539677619934,242.3947811126709,393.2178192138672,242.3947811126709,476.2539677619934,0.3787418454885483,0.81920379002889,0.3787418454885483,0.9921957661708196,96.6384506225586,83.03614854812622,regular_ge32
2026-08-12T15:26:02.971,136,empty,1,0.2613641023635864,67.6243941783905,157.11455464363098,162.0173900127411,236.54929041862488,135.248788356781,314.22910928726196,324.0347800254822,473.09858083724976,229.6417841911316,393.66384506225586,229.6417841911316,473.09858083724976,0.35881528779864313,0.8201330105463663,0.35881528779864313,0.985622043410937,94.39299583435059,79.4347357749939,regular_ge32
2026-08-12T15:26:03.085,137,empty,1,0.2613641023635864,70.19706916809082,155.54285788536072,162.3752613067627,238.57900643348694,140.39413833618164,311.08571577072144,324.7505226135254,477.1580128669739,232.57233047485352,394.12186431884766,232.57233047485352,477.1580128669739,0.3633942663669586,0.8210872173309326,0.3633942663669586,0.9940791934728622,92.17819213867188,83.03614854812622,regular_ge32
2026-08-12T15:26:03.186,138,empty,1,0.2549463212490082,67.86564683914185,155.9960629940033,162.25864267349243,237.2217562198639,135.7312936782837,311.9921259880066,324.51728534698486,474.4435124397278,230.12428951263428,393.2178192138672,230.12428951263428,474.4435124397278,0.35956920236349105,0.81920379002889,0.35956920236349105,0.9884239842494329,94.39299583435059,81.2256932258606,regular_ge32
2026-08-12T15:26:03.301,139,empty,1,0.28123316168785095,63.63188076019287,155.31384825706482,167.18382167816162,238.34999680519104,127.26376152038574,310.62769651412964,334.36764335632324,476.6999936103821,230.8157024383545,393.66384506225586,230.8157024383545,476.6999936103821,0.3606495350599289,0.8201330105463663,0.3606495350599289,0.993124986688296,103.55194091796875,83.03614854812622,regular_ge32
2026-08-12T15:26:03.403,140,empty,1,0.31630825996398926,54.67459273338318,148.44800889492035,175.28544974327087,238.90615165233612,109.34918546676636,296.8960177898407,350.57089948654175,477.81230330467224,229.96004247665405,387.35416054725647,229.96004247665405,477.81230330467224,0.35931256636977194,0.806987834473451,0.35931256636977194,0.9954422985514005,120.6108570098877,90.45814275741577,regular_ge32
2026-08-12T15:26:03.517,141,empty,1,0.3019951581954956,66.90947151184082,147.3088879585266,172.82245254516602,239.66356706619263,133.81894302368164,294.6177759170532,345.64490509033203,479.32713413238525,239.73192405700684,386.97245502471924,239.73192405700684,479.32713413238525,0.37458113133907317,0.8061926146348317,0.37458113133907317,0.9985981961091359,105.9129810333252,92.35467910766602,regular_ge32
2026-08-12T15:26:03.620,142,empty,1,0.39277467131614685,72.51250839233398,150.09502291679382,171.42640686035156,238.67220759391785,145.02501678466797,300.19004583358765,342.8528137207031,477.3444151878357,243.93891525268555,388.76723051071167,243.93891525268555,477.3444151878357,0.38115455508232116,0.8099317302306493,0.38115455508232116,0.9944675316413244,98.91389846801758,88.57718467712402,regular_ge32
2026-08-12T15:26:03.726,143,middle,1,0.34598395228385925,57.47541618347168,152.79884958267212,178.08627319335938,237.66424322128296,114.95083236694336,305.59769916534424,356.17254638671875,475.3284864425659,235.56168937683105,390.4630928039551,235.56168937683105,475.3284864425659,0.3680651396512985,0.8134647766749065,0.3680651396512985,0.990267680088679,120.6108570098877,84.86539363861084,regular_ge32
2026-08-12T15:26:03.841,144,middle,1,0.31630825996398926,72.63790512084961,148.71673619747162,171.5518035888672,239.1748789548874,145.27581024169922,297.43347239494324,343.1036071777344,478.3497579097748,244.1897087097168,387.891615152359,244.1897087097168,478.3497579097748,0.3815464198589325,0.8081075315674145,0.3815464198589325,0.9965619956453641,98.91389846801758,90.45814275741577,regular_ge32
2026-08-12T15:26:03.943,145,middle,1,0.34598395228385925,70.41063451766968,143.9295494556427,162.58882665634155,240.0,140.82126903533936,287.8590989112854,325.1776533126831,480.0,232.99946117401123,383.9295494556427,232.99946117401123,480.0,0.36406165808439256,0.799853228032589,0.36406165808439256,1.0,92.17819213867188,96.0704505443573,regular_ge32
2026-08-12T15:26:03.943,145,middle,2,0.24863308668136597,291.89311146736145,222.4339559674263,307.3226058483124,236.88142985105515,583.7862229347229,444.8679119348526,614.6452116966248,473.7628597021103,599.2157173156738,459.31538581848145,599.2157173156738,473.7628597021103,0.9362745583057404,0.956907053788503,0.9362745583057404,0.9870059577127298,15.429494380950928,14.447473883628845,tiny_lt16
2026-08-12T15:26:03.943,145,middle,3,0.2019716501235962,216.49857902526855,200.39504253864288,254.2836036682129,240.0,432.9971580505371,400.79008507728577,508.5672073364258,480.0,470.78218269348145,440.3950425386429,470.78218269348145,480.0,0.7355971604585647,0.917489671955506,0.7355971604585647,1.0,37.785024642944336,39.60495746135712,regular_ge32
2026-08-12T15:26:04.056,146,middle,1,0.22444185614585876,50.78361129760742,142.89400321245193,159.08453559875488,240.0,101.56722259521484,285.78800642490387,318.16907119750977,480.0,209.8681468963623,382.89400321245193,209.8681468963623,480.0,0.3279189795255661,0.7976958400259415,0.3279189795255661,1.0,108.30092430114746,97.10599678754807,regular_ge32
2026-08-12T15:26:04.056,146,middle,2,0.2019716501235962,210.221764087677,200.2049332857132,252.707435131073,240.0,420.443528175354,400.4098665714264,505.414870262146,480.0,462.92919921875,440.2049332857132,462.92919921875,480.0,0.7233268737792968,0.9170936110119025,0.7233268737792968,1.0,42.485671043395996,39.795066714286804,regular_ge32
2026-08-12T15:26:04.158,147,middle,1,0.2613641023635864,46.99315643310547,143.99389505386353,162.61005020141602,240.0,93.98631286621094,287.98779010772705,325.22010040283203,480.0,209.60320663452148,383.9938950538635,209.60320663452148,480.0,0.3275050103664398,0.7999872813622156,0.3275050103664398,1.0,115.61689376831055,96.00610494613647,regular_ge32
2026-08-12T15:26:04.275,148,middle,1,0.2880568504333496,48.224674224853516,144.42182612419128,161.37853240966797,240.0,96.44934844970703,288.84365224838257,322.75706481933594,480.0,209.60320663452148,384.4218261241913,209.60320663452148,480.0,0.3275050103664398,0.8008788044253985,0.3275050103664398,1.0,113.15385818481445,95.57817387580872,regular_ge32
2026-08-12T15:26:04.378,149,middle,1,0.4251631200313568,40.14070796966553,148.07348823547363,168.3952932357788,240.0,80.28141593933105,296.14697647094727,336.7905864715576,480.0,208.53600120544434,388.07348823547363,208.53600120544434,480.0,0.3258375018835068,0.8084864338239034,0.3258375018835068,1.0,128.25458526611328,91.92651176452637,regular_ge32
2026-08-12T15:26:04.492,150,middle,1,0.441620409488678,44.8919620513916,153.85346841812134,165.5028190612793,238.71886205673218,89.7839241027832,307.7069368362427,331.0056381225586,477.43772411346436,210.3947811126709,392.5723304748535,210.3947811126709,477.43772411346436,0.3287418454885483,0.8178590218226115,0.3287418454885483,0.9946619252363841,120.6108570098877,84.86539363861084,regular_ge32
2026-08-12T15:26:04.594,151,middle,1,0.27450883388519287,61.9286789894104,155.65952277183533,170.22960329055786,238.69567131996155,123.8573579788208,311.31904554367065,340.4592065811157,477.3913426399231,232.15828227996826,394.3551940917969,232.15828227996826,477.3913426399231,0.3627473160624504,0.8215733210245768,0.3627473160624504,0.9945652971665064,108.30092430114746,83.03614854812622,regular_ge32
2026-08-12T15:26:04.711,152,middle,1,0.2363237887620926,65.639075756073,155.09083533287048,169.19101667404175,238.1269838809967,131.278151512146,310.18167066574097,338.3820333480835,476.2539677619934,234.83009243011475,393.2178192138672,234.83009243011475,476.2539677619934,0.36692201942205427,0.81920379002889,0.36692201942205427,0.9921957661708196,103.55194091796875,83.03614854812622,regular_ge32
2026-08-12T15:26:04.813,153,middle,1,0.32359981536865234,71.732985496521,161.7034215927124,172.95162868499756,239.36737728118896,143.465970993042,323.4068431854248,345.9032573699951,478.73475456237793,244.68461418151855,401.07079887390137,244.68461418151855,478.73475456237793,0.3823197096586227,0.8355641643206279,0.3823197096586227,0.997364072004954,101.21864318847656,77.66395568847656,regular_ge32
2026-08-12T15:26:04.927,154,middle,1,0.39277467131614685,97.32933902740479,174.50683569908142,165.4863634109497,235.69395279884338,194.65867805480957,349.01367139816284,330.9727268218994,471.38790559768677,262.8157024383545,410.2007884979248,262.8157024383545,471.38790559768677,0.4106495350599289,0.8545849760373433,0.4106495350599289,0.9820581366618474,68.15702438354492,61.18711709976196,regular_ge32
2026-08-12T15:26:05.028,155,middle,1,0.30910593271255493,96.0930347442627,170.31801795959473,169.79835510253906,234.6104965209961,192.1860694885254,340.63603591918945,339.5967102050781,469.2209930419922,265.89138984680176,404.9285144805908,265.89138984680176,469.2209930419922,0.41545529663562775,0.8436010718345642,0.41545529663562775,0.9775437355041504,73.70532035827637,64.29247856140137,regular_ge32
2026-08-12T15:26:05.143,156,middle,1,0.2949781119823456,94.26733493804932,168.90196132659912,169.89094734191895,234.7840814590454,188.53466987609863,337.80392265319824,339.7818946838379,469.5681629180908,264.15828227996826,403.68604278564453,264.15828227996826,469.5681629180908,0.4127473160624504,0.8410125891367595,0.4127473160624504,0.9782670060793559,75.62361240386963,65.88212013244629,regular_ge32
2026-08-12T15:26:05.143,156,middle,2,0.21299070119857788,228.30712342262268,224.8133692741394,243.7366178035736,239.72263193130493,456.61424684524536,449.6267385482788,487.4732356071472,479.44526386260986,472.0437412261963,464.53600120544434,472.0437412261963,479.44526386260986,0.7375683456659317,0.9677833358446757,0.7375683456659317,0.9988442997137705,15.429494380950928,14.909262657165527,tiny_lt16
2026-08-12T15:26:05.244,157,middle,1,0.4251631200313568,94.41860818862915,177.07483851909637,154.01903295516968,235.2569123506546,188.8372163772583,354.14967703819275,308.03806591033936,470.5138247013092,248.43764114379883,412.331750869751,248.43764114379883,470.5138247013092,0.3881838142871857,0.8590244809786479,0.3881838142871857,0.9802371347943942,59.60042476654053,58.18207383155823,regular_ge32
2026-08-12T15:26:05.359,158,middle,1,0.441620409488678,95.8416862487793,190.69737672805786,150.71901512145996,239.17057275772095,191.6833724975586,381.3947534561157,301.4380302429199,478.3411455154419,246.56070137023926,429.8679494857788,246.56070137023926,478.3411455154419,0.3852510958909988,0.8955582280953726,0.3852510958909988,0.9965440531571707,54.877328872680664,48.473196029663086,regular_ge32
2026-08-12T15:26:05.461,159,middle,1,0.37690892815589905,90.4677882194519,185.45911860466003,150.06821298599243,239.32516407966614,180.9355764389038,370.91823720932007,300.13642597198486,478.6503281593323,240.53600120544434,424.7842826843262,240.53600120544434,478.6503281593323,0.3758375018835068,0.8849672555923462,0.3758375018835068,0.9971881836652756,59.60042476654053,53.8660454750061,regular_ge32
2026-08-12T15:26:05.577,160,middle,1,0.3384403884410858,87.53553104400635,186.82145714759827,148.77842617034912,239.3004071712494,175.0710620880127,373.64291429519653,297.55685234069824,478.6008143424988,236.31395721435547,426.12186431884766,236.31395721435547,478.6008143424988,0.3692405581474304,0.8877538839975992,0.3692405581474304,0.9970850298802058,61.24289512634277,52.47895002365112,regular_ge32
2026-08-12T15:26:05.680,161,middle,1,0.36130279302597046,88.00475549697876,181.36136186122894,150.92444372177124,239.54343569278717,176.00951099395752,362.7227237224579,301.8488874435425,479.08687138557434,238.92919921875,420.9047975540161,238.92919921875,479.08687138557434,0.37332687377929685,0.8768849949042002,0.37332687377929685,0.9980976487199466,62.91968822479248,58.18207383155823,regular_ge32
2026-08-12T15:26:05.795,162,middle,1,0.3384403884410858,68.0625810623169,194.24813830852509,169.28122425079346,240.0,136.1251621246338,388.49627661705017,338.5624485015869,480.0,237.34380531311035,434.2481383085251,237.34380531311035,480.0,0.37084969580173494,0.9046836214760939,0.37084969580173494,1.0,101.21864318847656,45.751861691474915,regular_ge32
2026-08-12T15:26:05.897,163,middle,1,0.3848111629486084,85.22027921676636,192.6321017742157,149.85120725631714,238.56427311897278,170.44055843353271,385.2642035484314,299.7024145126343,477.12854623794556,235.0714864730835,431.1963748931885,235.0714864730835,477.12854623794556,0.36729919761419294,0.898325781027476,0.36729919761419294,0.9940178046623865,64.63092803955078,45.93217134475708,regular_ge32
2026-08-12T15:26:06.010,164,middle,1,0.2949781119823456,80.54326248168945,196.0959711074829,158.1193609237671,239.59007167816162,161.0865249633789,392.1919422149658,316.2387218475342,479.18014335632324,238.66262340545654,435.68604278564453,238.66262340545654,479.18014335632324,0.3729103490710258,0.9076792558034261,0.3729103490710258,0.9982919653256734,77.57609844207764,43.49410057067871,regular_ge32
2026-08-12T15:26:06.111,165,middle,1,0.28123316168785095,75.18671798706055,200.9239684343338,156.76954078674316,240.0,150.3734359741211,401.8479368686676,313.5390815734863,480.0,231.9562587738037,440.9239684343338,231.9562587738037,480.0,0.3624316543340683,0.9185916009048621,0.3624316543340683,1.0,81.58282279968262,39.0760315656662,regular_ge32
2026-08-12T15:26:06.223,166,middle,1,0.33097806572914124,83.0445761680603,203.0751872062683,153.01650953292847,240.0,166.0891523361206,406.1503744125366,306.03301906585693,480.0,236.06108570098877,443.0751872062683,236.06108570098877,480.0,0.36884544640779493,0.9230733066797256,0.36884544640779493,1.0,69.97193336486816,36.92481279373169,regular_ge32
2026-08-12T15:26:06.325,167,middle,1,0.2949781119823456,91.80977582931519,201.16522133350372,171.3723635673523,240.0,183.61955165863037,402.33044266700745,342.7447271347046,480.0,263.1821393966675,441.1652213335037,263.1821393966675,480.0,0.41122209280729294,0.919094211111466,0.41122209280729294,1.0,79.56258773803711,38.83477866649628,regular_ge32
2026-08-12T15:26:06.437,168,middle,1,0.31630825996398926,107.27173566818237,211.7152419090271,157.72772550582886,240.0,214.54347133636475,423.4304838180542,315.4554510116577,480.0,264.99946117401123,451.7152419090271,264.99946117401123,480.0,0.41406165808439255,0.9410734206438065,0.41406165808439255,1.0,50.455989837646484,28.2847580909729,small_16_32
2026-08-12T15:26:06.538,169,middle,1,0.20742715895175934,207.10408943891525,228.65585064888,215.187879383564,240.0,414.2081788778305,457.31170129776,430.375758767128,480.0,422.29196882247925,468.65585064888,422.29196882247925,480.0,0.6598312012851238,0.9763663555185,0.6598312012851238,1.0,8.083789944648743,11.344149351119995,tiny_lt16
2026-08-12T15:26:06.651,170,middle,1,0.30910593271255493,88.44014048576355,210.805499792099,143.3174693584442,240.0,176.8802809715271,421.610999584198,286.6349387168884,480.0,231.75760984420776,450.805499792099,231.75760984420776,480.0,0.36212126538157463,0.9391781245668729,0.36212126538157463,1.0,54.877328872680664,29.194500207901,small_16_32
2026-08-12T15:26:06.752,171,middle,1,0.32359981536865234,66.32223176956177,201.31759369373322,141.9458441734314,240.0,132.64446353912354,402.63518738746643,283.8916883468628,480.0,208.26807594299316,441.3175936937332,208.26807594299316,480.0,0.32541886866092684,0.9194116535286109,0.32541886866092684,1.0,75.62361240386963,38.682406306266785,regular_ge32
2026-08-12T15:26:06.863,172,middle,1,0.37690892815589905,77.6341004371643,183.7683560848236,134.05194234848022,239.04734635353088,155.2682008743286,367.5367121696472,268.10388469696045,478.09469270706177,211.68604278564453,422.8157024383545,211.68604278564453,478.09469270706177,0.33075944185256956,0.8808660467465719,0.33075944185256956,0.9960306098063787,56.41784191131592,55.278990268707275,regular_ge32
2026-08-12T15:26:06.965,173,middle,1,0.3019951581954956,70.21142387390137,173.22461581230164,140.18335723876953,234.4117329120636,140.42284774780273,346.44923162460327,280.36671447753906,468.8234658241272,210.3947811126709,407.63634872436523,210.3947811126709,468.8234658241272,0.3287418454885483,0.8492423931757609,0.3287418454885483,0.976715553800265,69.97193336486816,61.18711709976196,regular_ge32
2026-08-12T15:26:06.965,173,middle,2,0.21299070119857788,189.72987365722656,216.6565698981285,219.45442390441895,240.0,379.4597473144531,433.313139796257,438.9088478088379,480.0,409.1842975616455,456.6565698981285,409.1842975616455,480.0,0.6393504649400711,0.9513678539544344,0.6393504649400711,1.0,29.724550247192383,23.34343010187149,small_16_32
2026-08-12T15:26:07.078,174,middle,1,0.37690892815589905,47.37913417816162,198.12535309791565,131.01564693450928,239.28334975242615,94.75826835632324,396.2507061958313,262.03129386901855,478.5666995048523,178.3947811126709,437.4087028503418,178.3947811126709,478.5666995048523,0.2787418454885483,0.9112681309382121,0.2787418454885483,0.9970139573017757,83.63651275634766,41.1579966545105,regular_ge32
2026-08-12T15:26:07.179,175,middle,1,0.2019716501235962,0.0,32.744107723236084,277.7852907180786,240.0,0.0,65.48821544647217,555.5705814361572,480.0,277.7852907180786,272.7441077232361,277.7852907180786,480.0,0.4340395167469978,0.5682168910900752,0.4340395167469978,1.0,277.7852907180786,207.25589227676392,regular_ge32
2026-08-12T15:26:07.293,176,middle,1,0.34598395228385925,143.48183923959732,225.76567643880844,150.81012958288193,240.0,286.96367847919464,451.5313528776169,301.62025916576385,480.0,294.29196882247925,465.76567643880844,294.29196882247925,480.0,0.45983120128512384,0.9703451592475176,0.45983120128512384,1.0,7.328290343284607,14.234323561191559,tiny_lt16
2026-08-12T15:26:07.395,177,middle,1,0.2019716501235962,0.0,14.55040693283081,244.33065700531006,227.8443741798401,0.0,29.10081386566162,488.6613140106201,455.6887483596802,244.33065700531006,242.3947811126709,244.33065700531006,455.6887483596802,0.381766651570797,0.5049891273180643,0.381766651570797,0.949351559082667,244.33065700531006,213.29396724700928,regular_ge32
2026-08-12T15:26:08.059,183,middle,1,0.21299070119857788,24.62300157546997,203.99860274791718,81.04084348678589,239.7528315782547,49.24600315093994,407.99720549583435,162.08168697357178,479.5056631565094,105.66384506225586,443.7514343261719,105.66384506225586,479.5056631565094,0.16509975790977477,0.9244821548461915,0.16509975790977477,0.9989701315760613,56.41784191131592,35.754228830337524,regular_ge32
2026-08-12T15:26:08.172,184,middle,1,0.2613641023635864,4.955780029296875,199.63982224464417,103.86967849731445,240.0,9.91156005859375,399.27964448928833,207.7393569946289,480.0,108.82545852661133,439.63982224464417,108.82545852661133,480.0,0.1700397789478302,0.9159162963430086,0.1700397789478302,1.0,98.91389846801758,40.360177755355835,regular_ge32
2026-08-12T15:26:08.273,185,middle,1,0.2549463212490082,51.98925161361694,203.09708535671234,118.36594247817993,240.0,103.97850322723389,406.1941707134247,236.73188495635986,480.0,170.35519409179688,443.09708535671234,170.35519409179688,480.0,0.26617999076843263,0.9231189278264841,0.26617999076843263,1.0,66.37669086456299,36.90291464328766,regular_ge32
2026-08-12T15:26:08.385,186,middle,1,0.24863308668136597,51.757349491119385,203.88026762008667,118.13404035568237,240.0,103.51469898223877,407.76053524017334,236.26808071136475,480.0,169.89138984680176,443.88026762008667,169.89138984680176,480.0,0.2654552966356277,0.9247505575418472,0.2654552966356277,1.0,66.37669086456299,36.11973237991333,regular_ge32
2026-08-12T15:26:08.487,187,middle,1,0.2549463212490082,49.25412034988403,210.84810215234756,124.87773275375366,240.0,98.50824069976807,421.69620430469513,249.75546550750732,480.0,174.1318531036377,450.84810215234756,174.1318531036377,480.0,0.2720810204744339,0.9392668794840574,0.2720810204744339,1.0,75.62361240386963,29.151897847652435,small_16_32
2026-08-12T15:26:08.601,188,middle,1,0.26788532733917236,54.67420148849487,203.60319256782532,115.91709661483765,240.0,109.34840297698975,407.20638513565063,231.8341932296753,480.0,170.59129810333252,443.6031925678253,170.59129810333252,480.0,0.2665489032864571,0.9241733178496361,0.2665489032864571,1.0,61.24289512634277,36.39680743217468,regular_ge32
2026-08-12T15:26:08.704,189,middle,1,0.31630825996398926,18.451610565185547,195.3654464483261,119.67025375366211,240.0,36.903221130371094,390.7308928966522,239.34050750732422,480.0,138.12186431884766,435.3654464483261,138.12186431884766,480.0,0.21581541299819945,0.9070113467673461,0.21581541299819945,1.0,101.21864318847656,44.63455355167389,regular_ge32
2026-08-12T15:26:08.820,190,middle,1,0.30910593271255493,50.207335472106934,185.89889979362488,114.83826351165771,239.76494526863098,100.41467094421387,371.79779958724976,229.67652702331543,479.52989053726196,165.04559898376465,425.66384506225586,165.04559898376465,479.52989053726196,0.25788374841213224,0.886799677213033,0.25788374841213224,0.9990206052859624,64.63092803955078,53.8660454750061,regular_ge32
2026-08-12T15:26:08.923,191,middle,1,0.2949781119823456,48.35274410247803,177.18089950084686,127.91533184051514,235.3629733324051,96.70548820495605,354.3617990016937,255.83066368103027,470.7259466648102,176.26807594299316,412.54387283325195,176.26807594299316,470.7259466648102,0.2754188686609268,0.8594664017359416,0.2754188686609268,0.9806790555516879,79.56258773803711,58.18207383155823,regular_ge32
2026-08-12T15:26:08.923,191,middle,2,0.24863308668136597,242.0523557662964,215.1131071448326,292.50834560394287,239.5245619416237,484.1047115325928,430.2262142896652,585.0166912078857,479.0491238832474,534.5607013702393,454.6376690864563,534.5607013702393,479.0491238832474,0.8352510958909989,0.947161810596784,0.8352510958909989,0.9980190080900987,50.455989837646484,24.411454796791077,small_16_32
2026-08-12T15:26:08.923,191,middle,3,0.2363237887620926,192.97759127616882,202.01593899726868,229.66007781028748,238.80192065238953,385.95518255233765,404.03187799453735,459.32015562057495,477.60384130477905,422.6376690864563,440.8178596496582,422.6376690864563,477.60384130477905,0.660371357947588,0.9183705409367879,0.660371357947588,0.9950080027182897,36.68248653411865,36.78598165512085,regular_ge32
2026-08-12T15:26:09.034,192,middle,1,0.3848111629486084,53.93232440948486,174.51202487945557,125.75371837615967,237.2394094467163,107.86464881896973,349.02404975891113,251.50743675231934,474.4788188934326,179.68604278564453,411.7514343261719,179.68604278564453,474.4788188934326,0.28075944185256957,0.8578154881795247,0.28075944185256957,0.9884975393613179,71.8213939666748,62.72738456726074,regular_ge32
2026-08-12T15:26:09.138,193,middle,1,0.33097806572914124,60.613986015319824,178.12253522872925,148.45681285858154,240.0,121.22797203063965,356.2450704574585,296.9136257171631,480.0,209.07079887390137,418.12253522872925,209.07079887390137,480.0,0.3266731232404709,0.8710886150598526,0.3266731232404709,1.0,87.84282684326172,61.87746477127075,regular_ge32
2026-08-12T15:26:09.138,193,middle,2,0.218662291765213,246.25752997398376,218.31471544504166,285.17368149757385,237.4428943991661,492.51505994796753,436.6294308900833,570.3473629951477,474.8857887983322,531.4312114715576,455.75760984420776,531.4312114715576,474.8857887983322,0.8303612679243088,0.9494950205087662,0.8303612679243088,0.9893453933298588,38.91615152359009,19.12817895412445,small_16_32
2026-08-12T15:26:09.252,194,middle,1,0.34598395228385925,58.33400583267212,178.2153958082199,148.32861757278442,240.0,116.66801166534424,356.4307916164398,296.65723514556885,480.0,206.66262340545654,418.2153958082199,206.66262340545654,480.0,0.32291034907102584,0.8712820746004581,0.32291034907102584,1.0,89.9946117401123,61.78460419178009,regular_ge32
2026-08-12T15:26:09.252,194,middle,2,0.22444185614585876,185.94485306739807,203.39521896839142,218.4934594631195,238.1416882276535,371.88970613479614,406.79043793678284,436.986918926239,476.283376455307,404.4383125305176,441.5369071960449,404.4383125305176,476.283376455307,0.6319348633289337,0.9198685566584269,0.6319348633289337,0.9922570342818896,32.548606395721436,34.746469259262085,regular_ge32
2026-08-12T15:26:09.355,195,middle,1,0.40887001156806946,28.718299865722656,180.0012755393982,118.71291160583496,240.0,57.43659973144531,360.0025510787964,237.42582321166992,480.0,147.43121147155762,420.0012755393982,147.43121147155762,480.0,0.23036126792430878,0.8750026573737463,0.23036126792430878,1.0,89.9946117401123,59.99872446060181,regular_ge32
2026-08-12T15:26:09.355,195,middle,2,0.23032912611961365,180.10111784934998,205.3240064382553,215.70917344093323,237.1882597208023,360.20223569869995,410.6480128765106,431.41834688186646,474.3765194416046,395.8102912902832,442.5122661590576,395.8102912902832,474.3765194416046,0.6184535801410675,0.9219005544980367,0.6184535801410675,0.9882844155033429,35.60805559158325,31.864253282546997,small_16_32
2026-08-12T15:26:09.470,196,middle,1,0.33097806572914124,25.159672737121582,195.10792005062103,115.15428447723389,239.80823862552643,50.319345474243164,390.21584010124207,230.30856895446777,479.61647725105286,140.31395721435547,434.91615867614746,140.31395721435547,479.61647725105286,0.21924055814743043,0.9060753305753072,0.21924055814743043,0.9992009942730268,89.9946117401123,44.700318574905396,regular_ge32
2026-08-12T15:26:09.470,196,middle,2,0.27450883388519287,156.41676211357117,171.91750359535217,173.9384319782257,224.3964536190033,312.83352422714233,343.83500719070435,347.8768639564514,448.7929072380066,330.3551940917969,396.31395721435547,330.3551940917969,448.7929072380066,0.5161799907684326,0.8256540775299073,0.5161799907684326,0.9349852234125138,17.52166986465454,52.47895002365112,regular_ge32
2026-08-12T15:26:09.572,197,middle,1,0.35360580682754517,13.097548484802246,194.3620126247406,103.09216022491455,240.0,26.195096969604492,388.7240252494812,206.1843204498291,480.0,116.1897087097168,434.3620126247406,116.1897087097168,480.0,0.1815464198589325,0.9049208596348762,0.1815464198589325,1.0,89.9946117401123,45.6379873752594,regular_ge32
2026-08-12T15:26:09.572,197,middle,2,0.2019716501235962,170.55142617225647,217.13945889472961,202.13318800926208,239.4328715801239,341.10285234451294,434.27891778945923,404.26637601852417,478.8657431602478,372.68461418151855,456.5723304748535,372.68461418151855,478.8657431602478,0.5823197096586228,0.9511923551559448,0.5823197096586228,0.9976369649171829,31.581761837005615,22.293412685394287,small_16_32
2026-08-12T15:26:09.683,198,middle,1,0.3690716028213501,24.78111219406128,200.35885739326477,91.15780305862427,240.0,49.56222438812256,400.71771478652954,182.31560611724854,480.0,115.93891525268555,440.35885739326477,115.93891525268555,480.0,0.18115455508232117,0.9174142862359683,0.18115455508232117,1.0,66.37669086456299,39.64114260673523,regular_ge32
2026-08-12T15:26:10.751,208,middle,1,0.3384403884410858,74.31262588500977,181.0332466363907,135.55552101135254,239.2153204679489,148.62525177001953,362.0664932727814,271.1110420227051,478.4306409358978,209.8681468963623,420.2485671043396,209.8681468963623,478.4306409358978,0.3279189795255661,0.8755178481340409,0.3279189795255661,0.9967305019497872,61.24289512634277,58.18207383155823,regular_ge32
2026-08-12T15:26:10.854,209,middle,1,0.3848111629486084,51.17937135696411,140.18032789230347,147.8178219795227,240.0,102.35874271392822,280.36065578460693,295.6356439590454,480.0,198.99719333648682,380.18032789230347,198.99719333648682,480.0,0.3109331145882607,0.7920423497756323,0.3109331145882607,1.0,96.6384506225586,99.81967210769653,regular_ge32
2026-08-12T15:26:10.854,209,middle,2,0.21299070119857788,207.38528108596802,162.84461212158203,315.6862053871155,238.75859451293945,414.77056217193604,325.68922424316406,631.372410774231,477.5171890258789,523.0714864730835,401.6032066345215,523.0714864730835,477.5171890258789,0.817299197614193,0.8366733471552531,0.817299197614193,0.9948274771372477,108.30092430114746,75.91398239135742,regular_ge32
2026-08-12T15:26:10.968,210,middle,1,0.30910593271255493,44.36876583099365,121.33002543449402,157.5226240158081,235.3028371334076,88.7375316619873,242.66005086898804,315.0452480316162,470.6056742668152,201.89138984680176,356.6328625679016,201.89138984680176,470.6056742668152,0.31545529663562777,0.7429851303497951,0.31545529663562777,0.980428488055865,113.15385818481445,113.97281169891357,regular_ge32
2026-08-12T15:26:10.968,210,middle,2,0.2019716501235962,246.72963905334473,161.8367099761963,316.7015724182129,239.50066566467285,493.45927810668945,323.6734199523926,633.4031448364258,479.0013313293457,563.4312114715576,401.33737564086914,563.4312114715576,479.0013313293457,0.8803612679243088,0.836119532585144,0.8803612679243088,0.9979194402694702,69.97193336486816,77.66395568847656,regular_ge32
2026-08-12T15:26:11.071,211,middle,1,0.441620409488678,34.38493728637695,132.2029414176941,142.6858615875244,238.1918396949768,68.7698745727539,264.4058828353882,285.3717231750488,476.3836793899536,177.07079887390137,370.3947811126709,177.07079887390137,476.3836793899536,0.2766731232404709,0.771655793984731,0.2766731232404709,0.99246599872907,108.30092430114746,105.98889827728271,regular_ge32
2026-08-12T15:26:11.071,211,middle,2,0.22444185614585876,223.89734935760498,161.6107304096222,307.53386211395264,240.0,447.79469871520996,323.2214608192444,615.0677242279053,480.0,531.4312114715576,401.6107304096222,531.4312114715576,480.0,0.8303612679243088,0.8366890216867129,0.8303612679243088,1.0,83.63651275634766,78.38926959037781,regular_ge32
2026-08-12T15:26:11.187,212,middle,1,0.3384403884410858,46.824690103530884,124.51375889778137,152.73767113685608,234.48343443870544,93.64938020706177,249.02751779556274,305.47534227371216,468.9668688774109,199.56236124038696,358.9971933364868,199.56236124038696,468.9668688774109,0.31181618943810463,0.7479108194510142,0.31181618943810463,0.9770143101612727,105.9129810333252,109.96967554092407,regular_ge32
2026-08-12T15:26:11.187,212,middle,2,0.2949781119823456,220.4803991317749,159.21660685539246,308.3232259750366,238.65134263038635,440.9607982635498,318.4332137107849,616.6464519500732,477.3026852607727,528.8036251068115,397.8679494857788,528.8036251068115,477.3026852607727,0.826255664229393,0.8288915614287059,0.826255664229393,0.9943805942932765,87.84282684326172,79.4347357749939,regular_ge32
2026-08-12T15:26:11.290,213,middle,1,0.3384403884410858,36.84131860733032,113.65335965156555,162.52921342849731,240.0,73.68263721466064,227.3067193031311,325.05842685699463,480.0,199.37053203582764,353.65335965156555,199.37053203582764,480.0,0.3115164563059807,0.7367778326074282,0.3115164563059807,1.0,125.68789482116699,126.34664034843445,regular_ge32
2026-08-12T15:26:11.405,214,middle,1,0.33097806572914124,29.369281768798828,119.06214475631714,152.50885391235352,239.06214475631714,58.738563537597656,238.12428951263428,305.01770782470703,478.1242895126343,181.87813568115234,358.1242895126343,181.87813568115234,478.1242895126343,0.28418458700180055,0.746092269817988,0.28418458700180055,0.996092269817988,123.13957214355469,120.0,regular_ge32
2026-08-12T15:26:11.405,214,middle,2,0.23032912611961365,195.69518613815308,100.28784954547882,209.71351671218872,150.07036769390106,391.39037227630615,200.57569909095764,419.42703342437744,300.1407353878021,405.4087028503418,250.35821723937988,405.4087028503418,300.1407353878021,0.6334510982036591,0.5215796192487081,0.6334510982036591,0.6252931987245878,14.018330574035645,49.78251814842224,regular_ge32
2026-08-12T15:26:11.506,215,middle,1,0.3848111629486084,37.58042335510254,123.95928907394409,148.2952880859375,237.93210077285767,75.16084671020508,247.91857814788818,296.590576171875,475.86420154571533,185.87571144104004,361.89138984680176,185.87571144104004,475.86420154571533,0.29043079912662506,0.7539403955141704,0.29043079912662506,0.9913837532202403,110.71486473083496,113.97281169891357,regular_ge32
2026-08-12T15:26:11.506,215,middle,2,0.2363237887620926,231.92047262191772,161.7034215927124,293.1633677482605,239.36737728118896,463.84094524383545,323.4068431854248,586.326735496521,478.73475456237793,525.0838403701782,401.07079887390137,525.0838403701782,478.73475456237793,0.8204435005784034,0.8355641643206279,0.8204435005784034,0.997364072004954,61.24289512634277,77.66395568847656,regular_ge32
2026-08-12T15:26:11.621,216,middle,1,0.3690716028213501,50.5081090927124,130.73754978179932,156.4210901260376,236.72644805908203,101.0162181854248,261.47509956359863,312.8421802520752,473.45289611816406,206.92919921875,367.46399784088135,206.92919921875,473.45289611816406,0.32332687377929686,0.7655499955018361,0.32332687377929686,0.9863602002461751,105.9129810333252,105.98889827728271,regular_ge32
2026-08-12T15:26:11.723,217,middle,1,0.4748867154121399,55.078450202941895,126.1927592754364,153.99234867095947,236.16243481636047,110.15690040588379,252.3855185508728,307.98469734191895,472.32486963272095,209.07079887390137,362.3551940917969,209.07079887390137,472.32486963272095,0.3266731232404709,0.7549066543579102,0.3266731232404709,0.9840101450681686,98.91389846801758,109.96967554092407,regular_ge32
2026-08-12T15:26:11.837,218,middle,1,0.4169939160346985,55.21173858642578,131.6742386817932,154.12563705444336,237.66313695907593,110.42347717285156,263.3484773635864,308.2512741088867,475.32627391815186,209.33737564086914,369.33737564086914,209.33737564086914,475.32627391815186,0.32708964943885804,0.7694528659184774,0.32708964943885804,0.9902630706628164,98.91389846801758,105.98889827728271,regular_ge32
2026-08-12T15:26:11.940,219,middle,1,0.4251631200313568,49.97748422622681,128.04257130622864,155.890465259552,236.01851439476013,99.95496845245361,256.0851426124573,311.780930519104,472.03702878952026,205.8679494857788,364.06108570098877,205.8679494857788,472.03702878952026,0.3216686710715294,0.7584605952103932,0.3216686710715294,0.9834104766448338,105.9129810333252,107.9759430885315,regular_ge32
2026-08-12T15:26:11.940,219,middle,2,0.24863308668136597,199.32110571861267,108.85384511947632,213.79557633399963,159.971613407135,398.64221143722534,217.70769023895264,427.59115266799927,319.94322681427,413.1166820526123,268.8254585266113,413.1166820526123,319.94322681427,0.6454948157072067,0.560053038597107,0.6454948157072067,0.6665483891963959,14.474470615386963,51.11776828765869,regular_ge32
2026-08-12T15:26:11.940,219,middle,3,0.22444185614585876,245.83580493927002,161.6107304096222,308.7554931640625,240.0,491.67160987854004,323.2214608192444,617.510986328125,480.0,554.5912981033325,401.6107304096222,554.5912981033325,480.0,0.8665489032864571,0.8366890216867129,0.8665489032864571,1.0,62.91968822479248,78.38926959037781,regular_ge32
2026-08-12T15:26:12.053,220,middle,1,0.32359981536865234,40.09452795982361,122.51219081878662,158.19744086265564,236.4850025177002,80.18905591964722,245.02438163757324,316.3948817253113,472.9700050354004,198.29196882247925,358.9971933364868,198.29196882247925,472.9700050354004,0.3098312012851238,0.7479108194510142,0.3098312012851238,0.9853541771570842,118.10291290283203,113.97281169891357,regular_ge32
2026-08-12T15:26:12.053,220,middle,2,0.20742715895175934,251.8205065727234,161.64119625091553,314.74019479751587,237.55517864227295,503.6410131454468,323.28239250183105,629.4803895950317,475.1103572845459,566.5607013702393,399.1963748931885,566.5607013702393,475.1103572845459,0.8852510958909988,0.8316591143608093,0.8852510958909988,0.9898132443428039,62.91968822479248,75.91398239135742,regular_ge32
2026-08-12T15:26:12.155,221,middle,1,0.45820698142051697,46.6814603805542,135.56537985801697,154.98238468170166,237.6045286655426,93.3629207611084,271.13075971603394,309.9647693634033,475.2090573310852,201.66384506225586,373.16990852355957,201.66384506225586,475.2090573310852,0.3150997579097748,0.7774373094240824,0.3150997579097748,0.9900188694397608,108.30092430114746,102.03914880752563,regular_ge32
2026-08-12T15:26:12.155,221,middle,2,0.32359981536865234,197.8830440044403,116.12468385696411,215.40471386909485,167.2424521446228,395.7660880088806,232.24936771392822,430.8094277381897,334.4849042892456,413.28775787353516,283.3671360015869,413.28775787353516,334.4849042892456,0.6457621216773987,0.5903482000033061,0.6457621216773987,0.6968435506025951,17.52166986465454,51.11776828765869,regular_ge32
2026-08-12T15:26:12.270,222,middle,1,0.3690716028213501,25.635103225708008,127.55708241462708,156.47350692749023,237.52675795555115,51.270206451416016,255.11416482925415,312.94701385498047,475.0535159111023,182.10861015319824,365.0838403701782,182.10861015319824,475.0535159111023,0.28454470336437226,0.7605913341045379,0.28454470336437226,0.9896948248147964,130.83840370178223,109.96967554092407,regular_ge32
2026-08-12T15:26:12.270,222,middle,2,0.3384403884410858,198.98701810836792,113.36838364601135,213.00534868240356,165.84733366966248,397.97403621673584,226.7367672920227,426.01069736480713,331.69466733932495,411.9923667907715,279.2157173156738,411.9923667907715,331.69466733932495,0.6437380731105804,0.5816994110743204,0.6437380731105804,0.691030556956927,14.018330574035645,52.47895002365112,regular_ge32
2026-08-12T15:26:12.373,223,middle,1,0.4916226267814636,198.3157480955124,114.6090098619461,211.04658138751984,164.39152801036835,396.6314961910248,229.2180197238922,422.0931627750397,328.7830560207367,409.3623294830322,279.00053787231445,409.3623294830322,328.7830560207367,0.6396286398172378,0.5812511205673218,0.6396286398172378,0.6849647000432014,12.730833292007446,49.78251814842224,regular_ge32
2026-08-12T15:26:12.373,223,middle,2,0.37690892815589905,43.91283917427063,126.92030787467957,152.2137634754181,236.88998341560364,87.82567834854126,253.84061574935913,304.4275269508362,473.7799668312073,196.12660264968872,363.8102912902832,196.12660264968872,473.7799668312073,0.30644781664013865,0.7579381068547567,0.30644781664013865,0.9870415975650152,108.30092430114746,109.96967554092407,regular_ge32
2026-08-12T15:26:12.487,224,middle,1,0.34598395228385925,34.22666835784912,132.59282159805298,167.66472148895264,238.5817198753357,68.45333671569824,265.18564319610596,335.3294429779053,477.1634397506714,201.89138984680176,371.1745414733887,201.89138984680176,477.1634397506714,0.31545529663562777,0.7732802947362264,0.31545529663562777,0.9940904994805654,133.43805313110352,105.98889827728271,regular_ge32
2026-08-12T15:26:12.487,224,middle,2,0.2949781119823456,198.02635526657104,117.27461636066437,215.00119066238403,167.0571345090866,396.0527105331421,234.54923272132874,430.00238132476807,334.1142690181732,413.0275459289551,284.331750869751,413.0275459289551,334.1142690181732,0.6453555405139924,0.5923578143119812,0.6453555405139924,0.6960713937878609,16.97483539581299,49.78251814842224,regular_ge32
2026-08-12T15:26:12.590,225,far,1,0.4251631200313568,44.03198051452637,136.78313302993774,157.18583869934082,236.86167287826538,88.06396102905273,273.5662660598755,314.37167739868164,473.72334575653076,201.2178192138672,373.6448059082031,201.2178192138672,473.72334575653076,0.3144028425216675,0.7784266789754232,0.3144028425216675,0.9869236369927724,113.15385818481445,100.07853984832764,regular_ge32
2026-08-12T15:26:12.590,225,far,2,0.2880568504333496,197.980553150177,116.86202669143677,214.95538854599,167.97979497909546,395.961106300354,233.72405338287354,429.91077709198,335.9595899581909,412.935941696167,284.8418216705322,412.935941696167,335.9595899581909,0.6452124089002609,0.5934204618136089,0.6452124089002609,0.6999158124128978,16.97483539581299,51.11776828765869,regular_ge32
2026-08-12T15:26:12.590,225,far,3,0.21299070119857788,217.37550354003906,161.8412628173828,309.55369567871094,236.026686668396,434.7510070800781,323.6825256347656,619.1073913574219,472.053373336792,526.92919921875,397.8679494857788,526.92919921875,472.053373336792,0.8233268737792969,0.8288915614287059,0.8233268737792969,0.9834445277849834,92.17819213867188,74.18542385101318,regular_ge32
2026-08-12T15:26:12.707,226,far,1,0.39277467131614685,43.70923614501953,129.34334015846252,156.86309432983398,237.31928324699402,87.41847229003906,258.68668031692505,313.72618865966797,474.63856649398804,200.57233047485352,366.66262340545654,200.57233047485352,474.63856649398804,0.3133942663669586,0.7638804654280344,0.3133942663669586,0.9888303468624751,113.15385818481445,107.9759430885315,regular_ge32
2026-08-12T15:26:12.707,226,far,2,0.31630825996398926,198.40798819065094,115.01665806770325,214.33715188503265,167.49560809135437,396.8159763813019,230.0333161354065,428.6743037700653,334.99121618270874,412.7451400756836,282.5122661590576,412.7451400756836,334.99121618270874,0.6449142813682556,0.5885672211647034,0.6449142813682556,0.6978983670473099,15.929163694381714,52.47895002365112,regular_ge32
2026-08-12T15:26:12.810,227,far,1,0.37690892815589905,58.74190545082092,132.92926287651062,171.89576363563538,236.93888401985168,117.48381090164185,265.85852575302124,343.79152727127075,473.87776803970337,230.6376690864563,369.8681468963623,230.6376690864563,473.87776803970337,0.36037135794758796,0.7705586393674214,0.36037135794758796,0.9872453500827153,113.15385818481445,104.00962114334106,regular_ge32
2026-08-12T15:26:12.810,227,far,2,0.2949781119823456,245.81563663482666,168.10289549827576,315.7875699996948,238.8976423740387,491.6312732696533,336.2057909965515,631.5751399993896,477.7952847480774,561.6032066345215,407.00053787231445,561.6032066345215,477.7952847480774,0.8775050103664398,0.8479177872339885,0.8775050103664398,0.9954068432251613,69.97193336486816,70.79474687576294,regular_ge32
2026-08-12T15:26:12.930,228,far,1,0.400795578956604,61.71202778816223,131.13958883285522,167.62500882148743,237.12848711013794,123.42405557632446,262.27917766571045,335.25001764297485,474.2569742202759,229.33703660964966,368.26807594299316,229.33703660964966,474.2569742202759,0.3583391197025776,0.767225158214569,0.3583391197025776,0.988035362958908,105.9129810333252,105.98889827728271,regular_ge32
2026-08-12T15:26:12.930,228,far,2,0.2363237887620926,235.59678983688354,165.4922423362732,319.2333025932312,239.67766618728638,471.1935796737671,330.9844846725464,638.4666051864624,479.35533237457275,554.8300924301147,405.16990852355957,554.8300924301147,479.35533237457275,0.8669220194220543,0.844103976090749,0.8669220194220543,0.9986569424470265,83.63651275634766,74.18542385101318,regular_ge32
2026-08-12T15:26:13.033,229,far,1,0.33097806572914124,37.33787822723389,133.83821082115173,163.02577304840088,237.8478319644928,74.67575645446777,267.67642164230347,326.05154609680176,475.6956639289856,200.36365127563477,371.68604278564453,200.36365127563477,475.6956639289856,0.31306820511817934,0.7743459224700928,0.31306820511817934,0.9910326331853867,125.68789482116699,104.00962114334106,regular_ge32
2026-08-12T15:26:13.033,229,far,2,0.2949781119823456,198.69946360588074,117.73659789562225,213.1739342212677,164.9263640642166,397.3989272117615,235.4731957912445,426.3478684425354,329.8527281284332,411.87339782714844,282.66296195983887,411.87339782714844,329.8527281284332,0.6435521841049194,0.5888811707496643,0.6435521841049194,0.6871931836009025,14.474470615386963,47.18976616859436,regular_ge32
2026-08-12T15:26:13.146,230,far,1,0.33097806572914124,37.903250217437744,138.66399359703064,166.15783548355103,240.0,75.80650043487549,277.3279871940613,332.31567096710205,480.0,204.06108570098877,378.66399359703064,204.06108570098877,480.0,0.31884544640779494,0.7888833199938138,0.31884544640779494,1.0,128.25458526611328,101.33600640296936,regular_ge32
2026-08-12T15:26:13.250,231,far,1,0.4251631200313568,196.69418263435364,131.98871755599976,212.12367701530457,183.10648584365845,393.3883652687073,263.9774351119995,424.24735403060913,366.2129716873169,408.8178596496582,315.0952033996582,408.8178596496582,366.2129716873169,0.638777905702591,0.6564483404159546,0.638777905702591,0.7629436910152435,15.429494380950928,51.11776828765869,regular_ge32
2026-08-12T15:26:13.250,231,far,2,0.2880568504333496,48.40585517883301,145.58161079883575,151.95779609680176,240.0,96.81171035766602,291.1632215976715,303.9155921936035,480.0,200.36365127563477,385.58161079883575,200.36365127563477,480.0,0.31306820511817934,0.8032950224975745,0.31306820511817934,1.0,103.55194091796875,94.41838920116425,regular_ge32
2026-08-12T15:26:13.366,232,far,1,0.43337342143058777,43.96140217781067,148.77474522590637,154.67626690864563,239.23288798332214,87.92280435562134,297.54949045181274,309.35253381729126,478.4657759666443,198.6376690864563,388.0076332092285,198.6376690864563,478.4657759666443,0.31037135794758797,0.8083492358525594,0.31037135794758797,0.9968036999305089,110.71486473083496,90.45814275741577,regular_ge32
2026-08-12T15:26:13.366,232,far,2,0.23032912611961365,233.65399360656738,188.316251039505,298.28492164611816,231.81035161018372,467.30798721313477,376.63250207901,596.5698432922363,463.62070322036743,531.9389152526855,420.1266026496887,531.9389152526855,463.62070322036743,0.8311545550823212,0.8752637555201849,0.8311545550823212,0.9658764650424322,64.63092803955078,43.49410057067871,regular_ge32
2026-08-12T15:26:13.468,233,far,1,0.4169939160346985,38.32386016845703,153.6464443206787,144.23684120178223,238.51183795928955,76.64772033691406,307.2928886413574,288.47368240356445,477.0236759185791,182.56070137023926,392.15828227996826,182.56070137023926,477.0236759185791,0.28525109589099884,0.8169964214166006,0.28525109589099884,0.9937993248303731,105.9129810333252,84.86539363861084,regular_ge32
2026-08-12T15:26:13.468,233,far,2,0.24863308668136597,209.51967859268188,184.84815788269043,313.07161951065063,238.71420335769653,419.03935718536377,369.69631576538086,626.1432390213013,477.42840671539307,522.5912981033325,423.56236124038696,522.5912981033325,477.42840671539307,0.816548903286457,0.8824215859174729,0.816548903286457,0.9946425139904023,103.55194091796875,53.8660454750061,regular_ge32
2026-08-12T15:26:13.587,234,far,1,0.4169939160346985,39.078450202941895,156.92289662361145,137.99234867095947,238.14858984947205,78.15690040588379,313.8457932472229,275.98469734191895,476.2971796989441,177.07079887390137,395.0714864730835,177.07079887390137,476.2971796989441,0.2766731232404709,0.823065596818924,0.2766731232404709,0.9922857910394669,98.91389846801758,81.2256932258606,regular_ge32
2026-08-12T15:26:13.587,234,far,2,0.23032912611961365,217.63807821273804,184.74054622650146,303.3613829612732,237.2194962501526,435.2761564254761,369.48109245300293,606.7227659225464,474.4389925003052,520.9994611740112,421.96004247665405,520.9994611740112,474.4389925003052,0.8140616580843926,0.8790834218263626,0.8140616580843926,0.9884145677089691,85.72330474853516,52.47895002365112,regular_ge32
2026-08-12T15:26:13.690,235,far,1,0.400795578956604,34.775508403778076,167.88297724723816,140.68848943710327,238.6777241230011,69.55101680755615,335.7659544944763,281.37697887420654,477.3554482460022,175.46399784088135,406.56070137023926,175.46399784088135,477.3554482460022,0.2741624966263771,0.8470014611879985,0.2741624966263771,0.9944905171791713,105.9129810333252,70.79474687576294,regular_ge32
2026-08-12T15:26:13.802,236,far,1,0.3690716028213501,39.85493564605713,169.25135231018066,141.0735788345337,238.38499641418457,79.70987129211426,338.5027046203613,282.1471576690674,476.76999282836914,180.92851448059082,407.63634872436523,180.92851448059082,476.76999282836914,0.28270080387592317,0.8492423931757609,0.28270080387592317,0.9932708183924357,101.21864318847656,69.1336441040039,regular_ge32
2026-08-12T15:26:13.912,237,far,1,0.3690716028213501,47.11709642410278,181.97110784053802,124.69319486618042,240.0,94.23419284820557,363.94221568107605,249.38638973236084,480.0,171.8102912902832,421.971107840538,171.8102912902832,480.0,0.2684535801410675,0.8791064746677876,0.2684535801410675,1.0,77.57609844207764,58.028892159461975,regular_ge32
2026-08-12T15:26:13.912,237,far,2,0.22444185614585876,170.62982892990112,200.6672774553299,237.0065197944641,240.0,341.25965785980225,401.3345549106598,474.0130395889282,480.0,407.63634872436523,440.6672774553299,407.63634872436523,480.0,0.6369317948818207,0.9180568280319373,0.6369317948818207,1.0,66.37669086456299,39.332722544670105,regular_ge32
2026-08-12T15:26:14.016,238,far,1,0.36130279302597046,62.46644592285156,181.22617435455322,148.18975067138672,240.0,124.93289184570312,362.45234870910645,296.37950134277344,480.0,210.65619659423828,421.2261743545532,210.65619659423828,480.0,0.3291503071784973,0.8775545299053192,0.3291503071784973,1.0,85.72330474853516,58.77382564544678,regular_ge32
2026-08-12T15:26:14.128,239,far,1,0.39277467131614685,48.80503273010254,183.82297098636627,122.5103530883789,240.0,97.61006546020508,367.64594197273254,245.0207061767578,480.0,171.31538581848145,423.8229709863663,171.31538581848145,480.0,0.26768029034137725,0.8829645228882631,0.26768029034137725,1.0,73.70532035827637,56.17702901363373,regular_ge32
2026-08-12T15:26:14.231,240,far,1,0.37690892815589905,44.98943328857422,196.0959711074829,126.57225608825684,239.59007167816162,89.97886657714844,392.1919422149658,253.14451217651367,479.18014335632324,171.56168937683105,435.68604278564453,171.56168937683105,479.18014335632324,0.2680651396512985,0.9076792558034261,0.2680651396512985,0.9982919653256734,81.58282279968262,43.49410057067871,regular_ge32
2026-08-12T15:26:14.664,244,far,1,0.2880568504333496,23.46207332611084,201.922811627388,97.1673936843872,240.0,46.92414665222168,403.845623254776,194.3347873687744,480.0,120.62946701049805,441.922811627388,120.62946701049805,480.0,0.1884835422039032,0.920672524223725,0.1884835422039032,1.0,73.70532035827637,38.077188372612,regular_ge32
2026-08-12T15:26:14.777,245,far,1,0.26788532733917236,156.42755949497223,193.05713319778442,172.35672318935394,230.8991255760193,312.85511898994446,386.11426639556885,344.7134463787079,461.7982511520386,328.7842826843262,423.9562587738037,328.7842826843262,461.7982511520386,0.5137254416942596,0.8832422057787578,0.5137254416942596,0.9620796899000804,15.929163694381714,37.84199237823486,regular_ge32
2026-08-12T15:26:14.777,245,far,2,0.2363237887620926,32.7301139831543,211.7198669910431,108.35372638702393,240.0,65.4602279663086,423.4397339820862,216.70745277404785,480.0,141.08384037017822,451.7198669910431,141.08384037017822,480.0,0.22044350057840348,0.9410830562313398,0.22044350057840348,1.0,75.62361240386963,28.28013300895691,small_16_32
2026-08-12T15:26:14.879,246,far,1,0.33097806572914124,30.820868492126465,198.76416862010956,120.81548023223877,240.0,61.64173698425293,397.5283372402191,241.63096046447754,480.0,151.63634872436523,438.76416862010956,151.63634872436523,480.0,0.23693179488182067,0.9140920179585615,0.23693179488182067,1.0,89.9946117401123,41.23583137989044,regular_ge32
2026-08-12T15:26:14.879,246,far,2,0.20742715895175934,177.43890619277954,220.84693831205368,198.60483503341675,237.74435979127884,354.8778123855591,441.69387662410736,397.2096700668335,475.4887195825577,376.0437412261963,458.5912981033325,376.0437412261963,475.4887195825577,0.5875683456659317,0.955398537715276,0.5875683456659317,0.9906014991303285,21.165928840637207,16.89742147922516,small_16_32
2026-08-12T15:26:14.999,247,far,1,0.2949781119823456,28.25321102142334,199.8042870759964,120.43140316009521,239.83206164836884,56.50642204284668,399.6085741519928,240.86280632019043,479.66412329673767,148.68461418151855,439.63634872436523,148.68461418151855,479.66412329673767,0.23231970965862275,0.9159090598424275,0.23231970965862275,0.9993002568682035,92.17819213867188,40.02777457237244,regular_ge32
2026-08-12T15:26:14.999,247,far,2,0.2019716501235962,175.2697513103485,220.5799154639244,200.77398991584778,238.0113826394081,350.539502620697,441.1598309278488,401.54797983169556,476.0227652788162,376.0437412261963,458.5912981033325,376.0437412261963,476.0227652788162,0.5875683456659317,0.955398537715276,0.5875683456659317,0.9917140943308671,25.504238605499268,17.431467175483704,small_16_32
2026-08-12T15:26:15.100,248,far,1,0.24863308668136597,54.32276749610901,211.3168432712555,112.31490159034729,239.65561175346375,108.64553499221802,422.633686542511,224.62980318069458,479.3112235069275,166.6376690864563,450.97245502471924,166.6376690864563,479.3112235069275,0.260371357947588,0.9395259479681651,0.260371357947588,0.9985650489727657,57.99213409423828,28.338768482208252,small_16_32
2026-08-12T15:26:15.214,249,far,1,0.37690892815589905,56.6404767036438,203.09708535671234,111.51780557632446,240.0,113.2809534072876,406.1941707134247,223.03561115264893,480.0,168.15828227996826,443.09708535671234,168.15828227996826,480.0,0.2627473160624504,0.9231189278264841,0.2627473160624504,1.0,54.877328872680664,36.90291464328766,regular_ge32
2026-08-12T15:26:15.214,249,far,2,0.23032912611961365,193.34084224700928,220.42453014850616,213.21985912322998,238.40556228160858,386.68168449401855,440.84906029701233,426.43971824645996,476.81112456321716,406.56070137023926,458.83009243011475,406.56070137023926,476.81112456321716,0.6352510958909988,0.9558960258960724,0.6352510958909988,0.9933565095067024,19.879016876220703,17.981032133102417,small_16_32
2026-08-12T15:26:16.174,258,far,1,0.21299070119857788,224.48761081695557,217.3417056798935,274.94360065460205,240.0,448.97522163391113,434.683411359787,549.8872013092041,480.0,499.4312114715576,457.3417056798935,499.4312114715576,480.0,0.7803612679243088,0.9527952201664448,0.7803612679243088,1.0,50.455989837646484,22.658294320106506,small_16_32
2026-08-12T15:26:16.290,259,far,1,0.3019951581954956,82.87933874130249,197.0082724094391,156.58465909957886,238.16626906394958,165.75867748260498,394.0165448188782,313.1693181991577,476.33253812789917,239.46399784088135,435.1745414733887,239.46399784088135,476.33253812789917,0.37416249662637713,0.9066136280695597,0.37416249662637713,0.9923594544331232,73.70532035827637,41.1579966545105,regular_ge32
2026-08-12T15:26:16.290,259,far,2,0.23032912611961365,244.0893030166626,193.16795229911804,315.9106969833374,239.10012364387512,488.1786060333252,386.3359045982361,631.8213939666748,478.20024728775024,560.0,432.26807594299316,560.0,478.20024728775024,0.875,0.9005584915479025,0.875,0.996250515182813,71.8213939666748,45.93217134475708,regular_ge32
2026-08-12T15:26:16.392,260,far,1,0.2949781119823456,84.10953521728516,178.30615949630737,190.02251625061035,240.0,168.2190704345703,356.61231899261475,380.0450325012207,480.0,274.1320514678955,418.3061594963074,274.1320514678955,480.0,0.42833133041858673,0.871471165617307,0.42833133041858673,1.0,105.9129810333252,61.69384050369263,regular_ge32
2026-08-12T15:26:16.509,261,far,1,0.4251631200313568,79.07455062866211,155.2249960899353,160.65737342834473,240.0,158.14910125732422,310.4499921798706,321.31474685668945,480.0,239.73192405700684,395.2249960899353,239.73192405700684,480.0,0.37458113133907317,0.8233854085206985,0.37458113133907317,1.0,81.58282279968262,84.7750039100647,regular_ge32
2026-08-12T15:26:16.610,262,far,1,0.35360580682754517,75.62655735015869,131.2735514640808,155.1891450881958,237.26244974136353,151.25311470031738,262.5471029281616,310.3782901763916,474.52489948272705,230.8157024383545,368.53600120544434,230.8157024383545,474.52489948272705,0.3606495350599289,0.7677833358446757,0.3606495350599289,0.9885935405890147,79.56258773803711,105.98889827728271,regular_ge32
2026-08-12T15:26:16.725,263,far,1,0.35360580682754517,69.4124116897583,101.8419737815857,163.8054075241089,239.80283212661743,138.8248233795166,203.6839475631714,327.6108150482178,479.60566425323486,233.2178192138672,341.6448059082031,233.2178192138672,479.60566425323486,0.3644028425216675,0.7117600123087565,0.3644028425216675,0.9991784671942393,94.39299583435059,137.96085834503174,regular_ge32
2026-08-12T15:26:16.827,264,far,1,0.39277467131614685,69.5019736289978,88.12867450714111,161.68016576766968,237.67053890228271,139.0039472579956,176.25734901428223,323.36033153533936,475.34107780456543,231.18213939666748,325.7992134094238,231.18213939666748,475.34107780456543,0.36122209280729295,0.678748361269633,0.36122209280729295,0.9902939120928447,92.17819213867188,149.5418643951416,regular_ge32
2026-08-12T15:26:16.827,264,far,2,0.3019951581954956,210.5881279706955,53.576711773872375,229.25359070301056,103.35922992229462,421.176255941391,107.15342354774475,458.5071814060211,206.71845984458923,439.84171867370605,156.935941696167,439.84171867370605,206.71845984458923,0.6872526854276657,0.32694987853368124,0.6872526854276657,0.4306634580095609,18.665462732315063,49.78251814842224,regular_ge32
2026-08-12T15:26:16.956,265,far,1,0.3019951581954956,0.0,82.19193112850189,149.95133209228516,240.0,0.0,164.38386225700378,299.9026641845703,480.0,149.95133209228516,322.1919311285019,149.95133209228516,480.0,0.23429895639419557,0.6712331898510456,0.23429895639419557,1.0,149.95133209228516,157.8080688714981,regular_ge32
2026-08-12T15:26:16.956,265,far,2,0.20742715895175934,89.41329002380371,80.23394870758057,173.04980278015137,157.89790439605713,178.82658004760742,160.46789741516113,346.09960556030273,315.79580879211426,262.4630928039551,238.1318531036377,262.4630928039551,315.79580879211426,0.4100985825061798,0.4961080272992452,0.4100985825061798,0.6579079349835714,83.63651275634766,77.66395568847656,regular_ge32
2026-08-12T15:26:17.061,266,far,1,0.43337342143058777,89.61432981491089,64.21754837036133,177.4571566581726,231.73871040344238,179.22865962982178,128.43509674072266,354.9143133163452,463.47742080688477,267.0714864730835,295.9562587738037,267.0714864730835,463.47742080688477,0.417299197614193,0.6165755391120911,0.417299197614193,0.9655779600143433,87.84282684326172,167.52116203308105,regular_ge32
2026-08-12T15:26:17.175,267,far,1,0.3690716028213501,92.0687198638916,62.69367790222168,182.0633316040039,235.19771194458008,184.1374397277832,125.38735580444336,364.1266632080078,470.39542388916016,274.1320514678955,297.89138984680176,274.1320514678955,470.39542388916016,0.42833133041858673,0.6206070621808369,0.42833133041858673,0.9799904664357503,89.9946117401123,172.5040340423584,regular_ge32
2026-08-12T15:26:17.175,267,far,2,0.2549463212490082,236.49758005142212,28.098808765411377,252.94171953201294,79.21657705307007,472.99516010284424,56.197617530822754,505.8834390640259,158.43315410614014,489.43929958343506,107.31538581848145,489.43929958343506,158.43315410614014,0.7647489055991172,0.22357372045516968,0.7647489055991172,0.3300690710544586,16.44413948059082,51.11776828765869,regular_ge32
2026-08-12T15:26:17.175,267,far,3,0.24242530763149261,173.34074354171753,101.25913321971893,197.31545305252075,148.4488993883133,346.68148708343506,202.51826643943787,394.6309061050415,296.8977987766266,370.6561965942383,249.70803260803223,370.6561965942383,296.8977987766266,0.5791503071784974,0.5202250679334005,0.5791503071784974,0.6185370807846388,23.974709510803223,47.18976616859436,regular_ge32
2026-08-12T15:26:17.277,268,far,1,0.40887001156806946,91.94454860687256,68.49891138076782,179.78737545013428,232.5849289894104,183.88909721374512,136.99782276153564,359.57475090026855,465.1698579788208,271.73192405700684,301.0838403701782,271.73192405700684,465.1698579788208,0.42458113133907316,0.6272580007712046,0.42458113133907316,0.96910387078921,87.84282684326172,164.08601760864258,regular_ge32
2026-08-12T15:26:17.391,269,far,1,0.4498997628688812,92.3387222290039,67.24969053268433,175.97523498535156,233.06426668167114,184.6774444580078,134.49938106536865,351.9504699707031,466.1285333633423,268.31395721435547,300.31395721435547,268.31395721435547,466.1285333633423,0.41924055814743044,0.6256540775299072,0.41924055814743044,0.9711011111736297,83.63651275634766,165.81457614898682,regular_ge32
2026-08-12T15:26:17.391,269,far,2,0.21299070119857788,175.5125823020935,111.93423545360565,192.4874176979065,156.63455402851105,351.025164604187,223.8684709072113,384.974835395813,313.2691080570221,368.0,268.5687894821167,368.0,313.2691080570221,0.575,0.5595183114210764,0.575,0.652643975118796,16.97483539581299,44.700318574905396,regular_ge32
2026-08-12T15:26:17.494,270,far,1,0.3019951581954956,105.50057816505432,64.06919646263123,189.13709092140198,147.10534501075745,211.00115633010864,128.13839292526245,378.27418184280396,294.2106900215149,294.6376690864563,211.17454147338867,294.6376690864563,294.2106900215149,0.460371357947588,0.4399469614028931,0.460371357947588,0.6129389375448226,83.63651275634766,83.03614854812622,regular_ge32
2026-08-12T15:26:17.606,271,far,1,0.30910593271255493,147.6175184249878,53.36136186122894,229.2003412246704,111.54343569278717,295.2350368499756,106.72272372245789,458.4006824493408,223.08687138557434,376.8178596496582,164.9047975540161,376.8178596496582,223.08687138557434,0.5887779057025909,0.3435516615708669,0.5887779057025909,0.4647643153866132,81.58282279968262,58.18207383155823,regular_ge32
2026-08-12T15:26:17.606,271,far,2,0.2613641023635864,15.197025299072266,56.15240168571472,164.48901748657227,236.4804608821869,30.39405059814453,112.30480337142944,328.97803497314453,472.9609217643738,179.68604278564453,292.6328625679016,179.68604278564453,472.9609217643738,0.28075944185256957,0.6096517970164617,0.28075944185256957,0.9853352536757787,149.2919921875,180.32805919647217,regular_ge32
2026-08-12T15:26:17.710,272,far,1,0.2949781119823456,18.12245750427246,53.67689275741577,167.41444969177246,239.8108401298523,36.24491500854492,107.35378551483154,334.8288993835449,479.6216802597046,185.53690719604492,293.48773288726807,185.53690719604492,479.6216802597046,0.2899014174938202,0.6114327768484752,0.2899014174938202,0.9992118338743846,149.2919921875,186.13394737243652,regular_ge32
2026-08-12T15:26:17.710,272,far,2,0.218662291765213,141.61747360229492,55.34052610397339,238.25592422485352,110.61951637268066,283.23494720458984,110.68105220794678,476.51184844970703,221.23903274536133,379.87339782714844,165.96004247665405,379.87339782714844,221.23903274536133,0.5935521841049194,0.3457500884930293,0.5935521841049194,0.4609146515528361,96.6384506225586,55.278990268707275,regular_ge32
2026-08-12T15:26:17.710,272,far,3,0.2019716501235962,10.092005252838135,50.4324836730957,76.46869611740112,122.91132164001465,20.18401050567627,100.8649673461914,152.93739223480225,245.8226432800293,86.56070137023926,173.34380531311035,86.56070137023926,245.8226432800293,0.13525109589099885,0.3611329277356466,0.13525109589099885,0.5121305068333943,66.37669086456299,72.47883796691895,regular_ge32
2026-08-12T15:26:17.823,273,far,1,0.24242530763149261,8.182110786437988,41.2377815246582,78.15404415130615,113.71661949157715,16.364221572875977,82.4755630493164,156.3080883026123,227.4332389831543,86.33615493774414,154.95440101623535,86.33615493774414,227.4332389831543,0.13490024209022522,0.3228216687838236,0.13490024209022522,0.4738192478815714,69.97193336486816,72.47883796691895,regular_ge32
2026-08-12T15:26:17.823,273,far,2,0.24242530763149261,296.7131817340851,131.40312719345093,319.2430770397186,227.5940661430359,593.4263634681702,262.80625438690186,638.4861540794373,455.1881322860718,615.9562587738037,358.9971933364868,615.9562587738037,455.1881322860718,0.9624316543340683,0.7479108194510142,0.9624316543340683,0.9483086089293162,22.529895305633545,96.19093894958496,regular_ge32
2026-08-12T15:26:17.929,274,far,1,0.2363237887620926,93.32821655273438,52.54891872406006,206.48207473754883,226.66679859161377,186.65643310546875,105.09783744812012,412.96414947509766,453.33359718322754,299.8102912902832,279.2157173156738,299.8102912902832,453.33359718322754,0.4684535801410675,0.5816994110743204,0.4684535801410675,0.944444994131724,113.15385818481445,174.1178798675537,regular_ge32
2026-08-12T15:26:17.929,274,far,2,0.22444185614585876,2.409341335296631,37.72969102859497,79.98543977737427,111.91511487960815,4.818682670593262,75.45938205718994,159.97087955474854,223.8302297592163,82.3947811126709,149.64480590820312,82.3947811126709,223.8302297592163,0.12874184548854828,0.3117600123087565,0.12874184548854828,0.46631297866503396,77.57609844207764,74.18542385101318,regular_ge32
2026-08-12T15:26:17.929,274,far,3,0.22444185614585876,130.5996799468994,52.83790397644043,212.18250274658203,96.33200454711914,261.1993598937988,105.67580795288086,424.36500549316406,192.66400909423828,342.78218269348145,149.16990852355957,342.78218269348145,192.66400909423828,0.5355971604585648,0.3107706427574158,0.5355971604585648,0.4013833522796631,81.58282279968262,43.49410057067871,regular_ge32
2026-08-12T15:26:18.047,275,far,1,0.26788532733917236,12.39561653137207,58.33302450180054,167.03559494018555,234.04054594039917,24.79123306274414,116.66604900360107,334.0711898803711,468.08109188079834,179.43121147155762,292.3735704421997,179.43121147155762,468.08109188079834,0.28036126792430877,0.6091116050879161,0.28036126792430877,0.9751689414183299,154.63997840881348,175.70752143859863,regular_ge32
2026-08-12T15:26:18.047,275,far,2,0.2613641023635864,99.83200073242188,59.04300105571747,212.98585891723633,117.2250748872757,199.66400146484375,118.08600211143494,425.97171783447266,234.4501497745514,312.8178596496582,176.26807594299316,312.8178596496582,234.4501497745514,0.48877790570259094,0.3672251582145691,0.48877790570259094,0.4884378120303154,113.15385818481445,58.18207383155823,regular_ge32
2026-08-12T15:26:18.047,275,far,3,0.22444185614585876,150.0370969772339,70.42081022262573,320.0,236.23538637161255,300.0741939544678,140.84162044525146,640.0,472.4707727432251,470.0370969772339,306.6561965942383,470.0370969772339,472.4707727432251,0.7344329640269279,0.6388670762379964,0.7344329640269279,0.984314109881719,169.9629030227661,165.81457614898682,regular_ge32
2026-08-12T15:26:18.150,276,far,1,0.3019951581954956,178.37065708637238,116.66004300117493,193.31538569927216,149.46182131767273,356.74131417274475,233.32008600234985,386.6307713985443,298.92364263534546,371.68604278564453,266.12186431884766,371.68604278564453,298.92364263534546,0.5807594418525696,0.554420550664266,0.5807594418525696,0.6227575888236364,14.94472861289978,32.8017783164978,regular_ge32
2026-08-12T15:26:18.150,276,far,2,0.23032912611961365,85.74919700622559,68.86252069473267,180.14219284057617,231.1985650062561,171.49839401245117,137.72504138946533,360.28438568115234,462.3971300125122,265.89138984680176,300.06108570098877,265.89138984680176,462.3971300125122,0.41545529663562775,0.6251272618770599,0.41545529663562775,0.9633273541927337,94.39299583435059,162.33604431152344,regular_ge32
2026-08-12T15:26:18.150,276,far,3,0.23032912611961365,15.292995929718018,226.328549772501,39.26770544052124,240.0,30.585991859436035,452.657099545002,78.53541088104248,480.0,54.56070137023926,466.328549772501,54.56070137023926,480.0,0.08525109589099884,0.9715178120260437,0.08525109589099884,1.0,23.974709510803223,13.671450227499008,tiny_lt16
2026-08-12T15:26:18.264,277,far,1,0.20742715895175934,240.33286786079407,141.475280046463,310.30480122566223,231.93342280387878,480.66573572158813,282.950560092926,620.6096024513245,463.86684560775757,550.6376690864563,373.4087028503418,550.6376690864563,463.86684560775757,0.860371357947588,0.7779347976048787,0.860371357947588,0.9663892616828282,69.97193336486816,90.45814275741577,regular_ge32
2026-08-12T15:26:18.368,278,far,1,0.33097806572914124,0.0,59.53589415550232,139.57503175735474,233.65377402305603,0.0,119.07178831100464,279.1500635147095,467.30754804611206,139.57503175735474,293.18966817855835,139.57503175735474,467.30754804611206,0.21808598712086677,0.6108118087053299,0.21808598712086677,0.9735573917627335,139.57503175735474,174.1178798675537,regular_ge32
2026-08-12T15:26:18.368,278,far,2,0.218662291765213,99.92767810821533,93.53785943984985,320.0,233.45933389663696,199.85535621643066,187.0757188796997,640.0,466.9186677932739,419.92767810821533,326.9971933364868,419.92767810821533,466.9186677932739,0.6561369970440865,0.6812441527843476,0.6561369970440865,0.9727472245693207,220.07232189178467,139.9214744567871,regular_ge32
2026-08-12T15:26:18.483,279,far,1,0.23032912611961365,204.6006679534912,103.57940340042114,317.75452613830566,237.59050512313843,409.2013359069824,207.15880680084229,635.5090522766113,475.18101024627686,522.3551940917969,341.16990852355957,522.3551940917969,475.18101024627686,0.8161799907684326,0.7107706427574157,0.8161799907684326,0.9899604380130768,113.15385818481445,134.01110172271729,regular_ge32
2026-08-12T15:26:18.483,279,far,2,0.21299070119857788,55.0885009765625,78.08488893508911,147.26669311523438,137.75682973861694,110.177001953125,156.16977787017822,294.53338623046875,275.5136594772339,202.35519409179688,215.84171867370605,202.35519409179688,275.5136594772339,0.3161799907684326,0.4496702472368876,0.3161799907684326,0.5739867905775706,92.17819213867188,59.67194080352783,regular_ge32
2026-08-12T15:26:18.483,279,far,3,0.2019716501235962,2.237817645072937,63.58075141906738,20.32288372516632,141.24470710754395,4.475635290145874,127.16150283813477,40.64576745033264,282.4894142150879,22.560701370239258,204.82545852661133,22.560701370239258,282.4894142150879,0.03525109589099884,0.4267197052637736,0.03525109589099884,0.5885196129480997,18.085066080093384,77.66395568847656,regular_ge32
2026-08-12T15:26:18.587,280,far,1,0.21299070119857788,0.0,35.67401885986328,149.84011030197144,228.48426342010498,0.0,71.34803771972656,299.68022060394287,456.96852684020996,149.84011030197144,264.15828227996826,149.84011030197144,456.96852684020996,0.23412517234683036,0.5503297547499338,0.23412517234683036,0.9520177642504374,149.84011030197144,192.8102445602417,regular_ge32
2026-08-12T15:26:18.704,281,far,1,0.2549463212490082,81.08952522277832,97.90522480010986,292.788610458374,237.82669925689697,162.17905044555664,195.81044960021973,585.577220916748,475.65339851379395,373.87813568115234,335.73192405700684,373.87813568115234,475.65339851379395,0.5841845870018005,0.6994415084520976,0.5841845870018005,0.9909445802370708,211.6990852355957,139.9214744567871,regular_ge32
2026-08-12T15:26:18.704,281,far,2,0.22444185614585876,7.485532760620117,89.26094007492065,108.70417594909668,225.25132608413696,14.971065521240234,178.5218801498413,217.40835189819336,450.5026521682739,116.1897087097168,314.5122661590576,116.1897087097168,450.5026521682739,0.1815464198589325,0.65523388783137,0.1815464198589325,0.9385471920172374,101.21864318847656,135.9903860092163,regular_ge32
2026-08-12T15:26:18.805,282,far,1,0.2019716501235962,33.059407234191895,95.34879970550537,271.47659397125244,237.21998977661133,66.11881446838379,190.69759941101074,542.9531879425049,474.43997955322266,304.53600120544434,332.5687894821167,304.53600120544434,474.43997955322266,0.47583750188350676,0.6928516447544097,0.47583750188350676,0.9884166240692138,238.41718673706055,141.87119007110596,regular_ge32
2026-08-12T15:26:18.919,283,far,1,0.27450883388519287,3.8477535247802734,132.83333659172058,47.583457946777344,240.0,7.695507049560547,265.66667318344116,95.16691589355469,480.0,51.43121147155762,372.8333365917206,51.43121147155762,480.0,0.08036126792430878,0.7767361178994179,0.08036126792430878,1.0,43.73570442199707,107.16666340827942,regular_ge32
2026-08-12T15:26:19.023,284,far,1,0.2363237887620926,0.0,77.02177286148071,58.12171649932861,235.7960867881775,0.0,154.04354572296143,116.24343299865723,471.592173576355,58.12171649932861,312.8178596496582,58.12171649932861,471.592173576355,0.09081518203020096,0.6517038742701212,0.09081518203020096,0.9824836949507395,58.12171649932861,158.77431392669678,regular_ge32
2026-08-12T15:26:19.131,285,moving,1,0.3019951581954956,0.0,79.82746839523315,58.65777111053467,223.6365294456482,0.0,159.6549367904663,117.31554222106934,447.2730588912964,58.65777111053467,303.46399784088135,58.65777111053467,447.2730588912964,0.09165276736021041,0.6322166621685028,0.09165276736021041,0.9318188726902008,58.65777111053467,143.80906105041504,regular_ge32
2026-08-12T15:26:19.131,285,moving,2,0.2549463212490082,128.92756938934326,101.2021975517273,296.9638204574585,237.1925835609436,257.8551387786865,202.4043951034546,593.927640914917,474.3851671218872,425.89138984680176,338.3947811126709,425.89138984680176,474.3851671218872,0.6654552966356277,0.7049891273180644,0.6654552966356277,0.9883024315039317,168.03625106811523,135.9903860092163,regular_ge32
2026-08-12T15:26:19.241,286,moving,1,0.34598395228385925,0.0,74.99771499633789,88.38839721679688,235.56298637390137,0.0,149.99542999267578,176.77679443359375,471.12597274780273,88.38839721679688,310.56070137023926,88.38839721679688,471.12597274780273,0.1381068706512451,0.6470014611879985,0.1381068706512451,0.9815124432245891,88.38839721679688,160.56527137756348,regular_ge32
2026-08-12T15:26:19.241,286,moving,2,0.20742715895175934,152.14298963546753,97.6914734840393,309.4622302055359,235.65233182907104,304.28597927093506,195.3829469680786,618.9244604110718,471.3046636581421,461.6052198410034,333.34380531311035,461.6052198410034,471.3046636581421,0.7212581560015678,0.6944662610689799,0.7212581560015678,0.9818847159544627,157.31924057006836,137.96085834503174,regular_ge32
2026-08-12T15:26:19.346,287,moving,1,0.30910593271255493,143.94165468215942,94.25244808197021,314.6496434211731,238.06150913238525,287.88330936431885,188.50489616394043,629.2992868423462,476.1230182647705,458.5912981033325,332.31395721435547,458.5912981033325,476.1230182647705,0.716548903286457,0.6923207441965739,0.716548903286457,0.9919229547182719,170.70798873901367,143.80906105041504,regular_ge32
2026-08-12T15:26:19.346,287,moving,2,0.3019951581954956,2.219505786895752,124.55192828178406,68.59619665145874,240.0,4.439011573791504,249.10385656356812,137.19239330291748,480.0,70.81570243835449,364.55192828178406,70.81570243835449,480.0,0.11064953505992889,0.7594831839203835,0.11064953505992889,1.0,66.37669086456299,115.44807171821594,regular_ge32
2026-08-12T15:26:19.346,287,moving,3,0.2019716501235962,23.212058544158936,79.76729333400726,86.13174676895142,119.7950679063797,46.42411708831787,159.53458666801453,172.26349353790283,239.5901358127594,109.34380531311035,199.56236124038696,109.34380531311035,239.5901358127594,0.17084969580173492,0.41575491925080615,0.17084969580173492,0.49914611627658206,62.91968822479248,40.02777457237244,regular_ge32
2026-08-12T15:26:19.463,288,moving,1,0.2880568504333496,9.857997417449951,76.50127792358398,95.58130216598511,161.36667156219482,19.715994834899902,153.00255584716797,191.16260433197021,322.73334312438965,105.43929958343506,237.8679494857788,105.43929958343506,322.73334312438965,0.16474890559911728,0.49555822809537253,0.16474890559911728,0.6723611315091451,85.72330474853516,84.86539363861084,regular_ge32
2026-08-12T15:26:19.463,288,moving,2,0.21299070119857788,144.38213872909546,99.75486850738525,309.7421507835388,239.67634296417236,288.7642774581909,199.5097370147705,619.4843015670776,479.3526859283447,454.1242895126343,339.4312114715576,454.1242895126343,479.3526859283447,0.7095692023634911,0.7071483572324117,0.7095692023634911,0.9986514290173848,165.36001205444336,139.9214744567871,regular_ge32
2026-08-12T15:26:19.565,289,moving,1,0.33097806572914124,157.73431587219238,94.19888353347778,312.37429428100586,239.9329695701599,315.46863174438477,188.39776706695557,624.7485885620117,479.8659391403198,470.10861015319824,334.1318531036377,470.10861015319824,479.8659391403198,0.7345447033643723,0.6961080272992451,0.7345447033643723,0.9997207065423329,154.63997840881348,145.73408603668213,regular_ge32
2026-08-12T15:26:19.565,289,moving,2,0.2949781119823456,99.91638910770416,130.12536203861237,113.49231374263763,164.87183129787445,199.83277821540833,260.25072407722473,226.98462748527527,329.7436625957489,213.4087028503418,294.9971933364868,213.4087028503418,329.7436625957489,0.33345109820365904,0.6145774861176808,0.33345109820365904,0.6869659637411435,13.575924634933472,34.746469259262085,regular_ge32
2026-08-12T15:26:19.565,289,moving,3,0.2363237887620926,278.5467882156372,152.9298300743103,318.62312030792236,239.6425004005432,557.0935764312744,305.8596601486206,637.2462406158447,479.2850008010864,597.1699085235596,392.5723304748535,597.1699085235596,479.2850008010864,0.9330779820680618,0.8178590218226115,0.9330779820680618,0.9985104183355967,40.076332092285156,86.71267032623291,regular_ge32
2026-08-12T15:26:19.565,289,moving,4,0.22444185614585876,30.22204327583313,131.13568836450577,53.4639995098114,149.68217128515244,60.44408655166626,262.27137672901154,106.9279990196228,299.36434257030487,83.68604278564453,280.8178596496582,83.68604278564453,299.36434257030487,0.13075944185256957,0.5850372076034546,0.13075944185256957,0.6236757136881351,23.24195623397827,18.546482920646667,small_16_32
2026-08-12T15:26:19.565,289,moving,5,0.20742715895175934,9.256183624267578,100.83333659172058,97.0990104675293,210.80301213264465,18.512367248535156,201.66667318344116,194.1980209350586,421.6060242652893,106.35519409179688,311.63634872436523,106.35519409179688,421.6060242652893,0.16617999076843262,0.6492423931757609,0.16617999076843262,0.8783458838860194,87.84282684326172,109.96967554092407,regular_ge32
2026-08-12T15:26:19.682,290,moving,1,0.2549463212490082,86.55172538757324,99.49734210968018,288.4488124847412,239.41881656646729,173.10345077514648,198.99468421936035,576.8976249694824,478.83763313293457,375.00053787231445,338.91615867614746,375.00053787231445,478.83763313293457,0.5859383404254913,0.7060753305753072,0.5859383404254913,0.9975784023602804,201.89708709716797,139.9214744567871,regular_ge32
2026-08-12T15:26:19.787,291,moving,1,0.30910593271255493,12.928732872009277,81.62826442718506,123.64359760284424,234.9156084060669,25.857465744018555,163.25652885437012,247.28719520568848,469.8312168121338,136.57233047485352,316.54387283325195,136.57233047485352,469.8312168121338,0.21339426636695863,0.6594664017359416,0.21339426636695863,0.9788150350252788,110.71486473083496,153.28734397888184,regular_ge32
2026-08-12T15:26:19.787,291,moving,2,0.23032912611961365,48.67655038833618,83.82281422615051,126.25264883041382,124.98081088066101,97.35310077667236,167.64562845230103,252.50529766082764,249.96162176132202,174.92919921875,208.80362510681152,174.92919921875,249.96162176132202,0.2733268737792969,0.43500755230585736,0.2733268737792969,0.5207533786694208,77.57609844207764,41.1579966545105,regular_ge32
2026-08-12T15:26:19.787,291,moving,3,0.22444185614585876,200.53961324691772,99.1052885055542,318.64252614974976,239.0267629623413,401.07922649383545,198.2105770111084,637.2850522994995,478.0535259246826,519.1821393966675,338.1320514678955,519.1821393966675,478.0535259246826,0.811222092807293,0.704441773891449,0.811222092807293,0.9959448456764222,118.10291290283203,139.9214744567871,regular_ge32
2026-08-12T15:26:19.904,292,moving,1,0.3384403884410858,126.83802807331085,135.0569590330124,142.76719176769257,170.81118786334991,253.6760561466217,270.1139180660248,285.53438353538513,341.62237572669983,269.6052198410034,305.8681468963623,269.6052198410034,341.62237572669983,0.42125815600156785,0.6372253060340881,0.42125815600156785,0.711713282763958,15.929163694381714,35.754228830337524,regular_ge32
2026-08-12T15:26:19.904,292,moving,2,0.26788532733917236,37.71131753921509,85.54311323165894,134.34976816177368,238.83045721054077,75.42263507843018,171.08622646331787,268.69953632354736,477.66091442108154,172.06108570098877,324.3735704421997,172.06108570098877,477.66091442108154,0.26884544640779495,0.6757782717545827,0.26884544640779495,0.9951269050439199,96.6384506225586,153.28734397888184,regular_ge32
2026-08-12T15:26:19.904,292,moving,3,0.20742715895175934,181.5489740371704,98.70795059204102,314.9870271682739,238.62942504882812,363.0979480743408,197.41590118408203,629.9740543365479,477.25885009765625,496.53600120544434,337.33737564086914,496.53600120544434,477.25885009765625,0.7758375018835068,0.7027861992518107,0.7758375018835068,0.9942892710367839,133.43805313110352,139.9214744567871,regular_ge32
2026-08-12T15:26:20.010,293,moving,1,0.3019951581954956,45.27597713470459,80.71665072441101,133.1188039779663,121.87464737892151,90.55195426940918,161.43330144882202,266.2376079559326,243.74929475784302,178.3947811126709,202.59129810333252,178.3947811126709,243.74929475784302,0.2787418454885483,0.4220652043819427,0.2787418454885483,0.5078110307455063,87.84282684326172,41.1579966545105,regular_ge32
2026-08-12T15:26:20.010,293,moving,2,0.26788532733917236,6.571098804473877,80.2941837310791,132.25899362564087,233.58152770996094,13.142197608947754,160.5883674621582,264.51798725128174,467.1630554199219,138.83009243011475,313.87571144104004,138.83009243011475,467.1630554199219,0.2169220194220543,0.6539077321688335,0.2169220194220543,0.9732563654581706,125.68789482116699,153.28734397888184,regular_ge32
2026-08-12T15:26:20.116,294,multiple_people,1,0.3384403884410858,141.91542899608612,134.8214893937111,154.24285328388214,164.00860303640366,283.83085799217224,269.6429787874222,308.4857065677643,328.0172060728073,296.15828227996826,298.83009243011475,296.15828227996826,328.0172060728073,0.4627473160624504,0.6225626925627391,0.4627473160624504,0.6833691793183486,12.32742428779602,29.187113642692566,small_16_32
2026-08-12T15:26:20.116,294,multiple_people,2,0.31630825996398926,204.1427206993103,97.46621751785278,317.29657888412476,239.33740758895874,408.2854413986206,194.93243503570557,634.5931577682495,478.6748151779175,521.4392995834351,336.8036251068115,521.4392995834351,478.6748151779175,0.8147489055991173,0.701674218972524,0.8147489055991173,0.9972391982873281,113.15385818481445,141.87119007110596,regular_ge32
2026-08-12T15:26:20.116,294,multiple_people,3,0.23032912611961365,163.68724715709686,132.1625086069107,182.35270988941193,166.9089778661728,327.3744943141937,264.3250172138214,364.70541977882385,333.8179557323456,346.0399570465088,299.0714864730835,346.0399570465088,333.8179557323456,0.54068743288517,0.6230655968189239,0.54068743288517,0.6954540744423866,18.665462732315063,34.746469259262085,regular_ge32
2026-08-12T15:26:20.116,294,multiple_people,4,0.218662291765213,195.29339337348938,41.622605085372925,217.82328867912292,112.41735196113586,390.58678674697876,83.24521017074585,435.64657735824585,224.83470392227173,413.1166820526123,154.0399570465088,413.1166820526123,224.83470392227173,0.6454948157072067,0.32091657718022665,0.6454948157072067,0.46840563317139944,22.529895305633545,70.79474687576294,regular_ge32
2026-08-12T15:26:20.233,295,multiple_people,1,0.26788532733917236,11.884087562561035,87.26861357688904,163.8478364944458,238.69142889976501,23.76817512512207,174.53722715377808,327.6956729888916,477.38285779953003,175.73192405700684,325.96004247665405,175.73192405700684,477.38285779953003,0.2745811313390732,0.6790834218263626,0.2745811313390732,0.9945476204156876,151.96374893188477,151.42281532287598,regular_ge32
2026-08-12T15:26:20.233,295,multiple_people,2,0.24863308668136597,115.77002334594727,92.91380167007446,315.15917587280273,238.6478877067566,231.54004669189453,185.82760334014893,630.3183517456055,477.2957754135132,430.92919921875,331.56168937683105,430.92919921875,477.2957754135132,0.6733268737792969,0.6907535195350647,0.6733268737792969,0.9943661987781525,199.38915252685547,145.73408603668213,regular_ge32
2026-08-12T15:26:20.336,296,multiple_people,1,0.23032912611961365,3.97390079498291,89.0163197517395,140.0260992050171,223.0274214744568,7.94780158996582,178.032639503479,280.0521984100342,446.0548429489136,144.0,312.0437412261963,144.0,446.0548429489136,0.225,0.6500911275545757,0.225,0.9292809228102367,136.05219841003418,134.01110172271729,regular_ge32
2026-08-12T15:26:20.456,297,multiple_people,1,0.28123316168785095,144.96589505672455,131.92114782333374,157.696728348732,159.43301272392273,289.9317901134491,263.8422956466675,315.393456697464,318.86602544784546,302.66262340545654,291.35416054725647,302.66262340545654,318.86602544784546,0.47291034907102586,0.606987834473451,0.47291034907102586,0.6643042196830113,12.730833292007446,27.51186490058899,small_16_32
2026-08-12T15:26:20.456,297,multiple_people,2,0.22444185614585876,110.55766105651855,83.65894305706024,171.80055618286133,115.52319633960724,221.1153221130371,167.31788611412048,343.60111236572266,231.04639267921448,282.3582172393799,199.18213939666748,282.3582172393799,231.04639267921448,0.44118471443653107,0.4149627904097239,0.44118471443653107,0.48134665141503014,61.24289512634277,31.864253282546997,small_16_32
2026-08-12T15:26:20.456,297,multiple_people,3,0.218662291765213,57.10930013656616,87.75186729431152,149.28749227523804,237.29373168945312,114.21860027313232,175.50373458862305,298.5749845504761,474.58746337890625,206.3967924118042,325.04559898376465,206.3967924118042,474.58746337890625,0.3224949881434441,0.6771783312161763,0.3224949881434441,0.988723882039388,92.17819213867188,149.5418643951416,regular_ge32
2026-08-12T15:26:20.560,298,multiple_people,1,0.3019951581954956,207.84096384048462,97.99847841262817,318.5558285713196,239.86966848373413,415.68192768096924,195.99695682525635,637.1116571426392,479.73933696746826,526.3967924118042,337.8681468963623,526.3967924118042,479.73933696746826,0.822494988143444,0.7038919727007548,0.822494988143444,0.9994569520155588,110.71486473083496,141.87119007110596,regular_ge32
2026-08-12T15:26:20.560,298,multiple_people,2,0.26788532733917236,57.02428150177002,88.0697729587555,144.86710834503174,239.49258828163147,114.04856300354004,176.139545917511,289.7342166900635,478.98517656326294,201.89138984680176,327.56236124038696,201.89138984680176,478.98517656326294,0.31545529663562777,0.6824215859174728,0.31545529663562777,0.9978857845067978,87.84282684326172,151.42281532287598,regular_ge32
2026-08-12T15:26:20.560,298,multiple_people,3,0.2363237887620926,73.44877195358276,93.09413707256317,129.86661386489868,135.4075185060501,146.89754390716553,186.18827414512634,259.73322772979736,270.8150370121002,203.31538581848145,228.50165557861328,203.31538581848145,270.8150370121002,0.31768029034137724,0.4760451157887777,0.31768029034137724,0.5641979937752087,56.41784191131592,42.31338143348694,regular_ge32
2026-08-12T15:26:20.560,298,multiple_people,4,0.23032912611961365,140.9197770357132,135.1942799091339,155.86450564861298,171.98026156425476,281.8395540714264,270.3885598182678,311.72901129722595,343.9605231285095,296.7842826843262,307.1745414733887,296.7842826843262,343.9605231285095,0.46372544169425967,0.6399469614028931,0.46372544169425967,0.7165844231843949,14.94472861289978,36.78598165512085,regular_ge32
2026-08-12T15:26:20.678,299,multiple_people,1,0.30910593271255493,219.75392532348633,164.36536741256714,311.9321174621582,238.55079126358032,439.50785064697266,328.7307348251343,623.8642349243164,477.10158252716064,531.6860427856445,402.91615867614746,531.6860427856445,477.10158252716064,0.8307594418525696,0.8394086639086406,0.8307594418525696,0.993961630264918,92.17819213867188,74.18542385101318,regular_ge32
2026-08-12T15:26:20.678,299,multiple_people,2,0.28123316168785095,31.28903293609619,93.77552700042725,144.44289112091064,240.0,62.57806587219238,187.5510540008545,288.8857822418213,480.0,175.73192405700684,333.77552700042725,175.73192405700684,480.0,0.2745811313390732,0.69536568125089,0.2745811313390732,1.0,113.15385818481445,146.22447299957275,regular_ge32
2026-08-12T15:26:20.678,299,multiple_people,3,0.218662291765213,147.85373961925507,143.0305790901184,160.5845729112625,164.65546369552612,295.70747923851013,286.0611581802368,321.169145822525,329.31092739105225,308.4383125305176,307.68604278564453,308.4383125305176,329.31092739105225,0.4819348633289337,0.6410125891367594,0.4819348633289337,0.6860644320646921,12.730833292007446,21.624884605407715,small_16_32
2026-08-12T15:26:20.678,299,multiple_people,4,0.2019716501235962,139.66443645954132,151.3056924343109,153.2403610944748,173.5991051197052,279.32887291908264,302.6113848686218,306.4807221889496,347.1982102394104,292.9047975540161,324.9047975540161,292.9047975540161,347.1982102394104,0.4576637461781502,0.6768849949042003,0.4576637461781502,0.7233296046654384,13.575924634933472,22.293412685394287,small_16_32
2026-08-12T15:26:20.782,300,multiple_people,1,0.2613641023635864,167.88242840766907,153.33169203996658,179.07197260856628,170.22911351919174,335.76485681533813,306.66338407993317,358.14394521713257,340.4582270383835,346.95440101623535,323.5608055591583,346.95440101623535,340.4582270383835,0.5421162515878677,0.6740850115815799,0.5421162515878677,0.7092879729966323,11.189544200897217,16.89742147922516,small_16_32
2026-08-12T15:26:20.782,300,multiple_people,2,0.2549463212490082,140.3482825756073,152.75234180688858,152.2845799922943,171.88052076101303,280.6965651512146,305.50468361377716,304.5691599845886,343.76104152202606,292.6328625679016,324.6328625679016,292.6328625679016,343.76104152202606,0.45723884776234625,0.6763184636831283,0.45723884776234625,0.7161688365042209,11.936297416687012,19.12817895412445,small_16_32
2026-08-12T15:26:20.782,300,multiple_people,3,0.2363237887620926,40.614848136901855,90.06943702697754,137.25329875946045,240.0,81.22969627380371,180.13887405395508,274.5065975189209,480.0,177.8681468963623,330.06943702697754,177.8681468963623,480.0,0.2779189795255661,0.6876446604728699,0.2779189795255661,1.0,96.6384506225586,149.93056297302246,regular_ge32
2026-08-12T15:26:20.782,300,multiple_people,4,0.22444185614585876,147.4587824344635,143.67212146520615,157.61201643943787,164.01392132043839,294.917564868927,287.3442429304123,315.22403287887573,328.02784264087677,305.07079887390137,307.68604278564453,305.07079887390137,328.02784264087677,0.4766731232404709,0.6410125891367594,0.4766731232404709,0.6833913388351599,10.153234004974365,20.34179985523224,small_16_32
2026-08-12T15:26:20.897,301,multiple_people,1,0.3384403884410858,4.264848709106445,103.33675622940063,132.51943397521973,237.34785795211792,8.52969741821289,206.67351245880127,265.03886795043945,474.69571590423584,136.78428268432617,340.68461418151855,136.78428268432617,474.69571590423584,0.21372544169425964,0.7097596128781637,0.21372544169425964,0.9889494081338247,128.25458526611328,134.01110172271729,regular_ge32
2026-08-12T15:26:20.897,301,multiple_people,2,0.28123316168785095,206.30026054382324,119.38685655593872,317.0151252746582,240.0,412.6005210876465,238.77371311187744,634.0302505493164,480.0,523.3153858184814,359.3868565559387,523.3153858184814,480.0,0.8176802903413772,0.7487226178248724,0.8176802903413772,1.0,110.71486473083496,120.61314344406128,regular_ge32
2026-08-12T15:26:21.001,302,multiple_people,1,0.2949781119823456,63.107805252075195,100.96546268463135,148.83111000061035,197.1564016342163,126.21561050415039,201.9309253692627,297.6622200012207,394.3128032684326,211.93891525268555,298.12186431884766,211.93891525268555,394.3128032684326,0.33115455508232117,0.6210872173309326,0.33115455508232117,0.8214850068092346,85.72330474853516,96.19093894958496,regular_ge32
2026-08-12T15:26:21.001,302,multiple_people,2,0.24242530763149261,207.82488346099854,128.88112425804138,320.0,238.85079979896545,415.64976692199707,257.76224851608276,640.0,477.7015995979309,527.8248834609985,367.73192405700684,527.8248834609985,477.7015995979309,0.8247263804078102,0.7661081751187643,0.8247263804078102,0.9952116658290228,112.17511653900146,109.96967554092407,regular_ge32
2026-08-12T15:26:21.001,302,multiple_people,3,0.2363237887620926,143.6409776210785,149.18350327014923,161.16264748573303,189.21127784252167,287.281955242157,298.36700654029846,322.32529497146606,378.42255568504333,304.8036251068115,338.3947811126709,304.8036251068115,378.42255568504333,0.476255664229393,0.7049891273180644,0.476255664229393,0.7883803243438403,17.52166986465454,40.02777457237244,regular_ge32
2026-08-12T15:26:21.114,303,multiple_people,1,0.36130279302597046,60.61525535583496,98.13043069839478,152.79344749450684,240.0,121.23051071166992,196.26086139678955,305.5868949890137,480.0,213.4087028503418,338.1304306983948,213.4087028503418,480.0,0.33345109820365904,0.7044383972883225,0.33345109820365904,1.0,92.17819213867188,141.86956930160522,regular_ge32
2026-08-12T15:26:21.114,303,multiple_people,2,0.2949781119823456,146.95299983024597,147.1870231628418,164.4746696949005,190.6811237335205,293.90599966049194,294.3740463256836,328.949339389801,381.362247467041,311.4276695251465,337.8681468963623,311.4276695251465,381.362247467041,0.4866057336330414,0.7038919727007548,0.4866057336330414,0.7945046822230021,17.52166986465454,43.49410057067871,regular_ge32
2026-08-12T15:26:21.218,304,multiple_people,1,0.27450883388519287,7.731998920440674,86.58787441253662,167.73199892044067,239.87521839141846,15.463997840881348,173.17574882507324,335.46399784088135,479.7504367828369,175.46399784088135,326.4630928039551,175.46399784088135,479.7504367828369,0.2741624966263771,0.680131443341573,0.2741624966263771,0.9994800766309102,160.0,153.28734397888184,regular_ge32
2026-08-12T15:26:21.218,304,multiple_people,2,0.24863308668136597,213.1298885345459,163.70188689231873,320.0,240.0,426.2597770690918,327.40377378463745,640.0,480.0,533.1298885345459,403.7018868923187,533.1298885345459,480.0,0.833015450835228,0.8410455976923307,0.833015450835228,1.0,106.8701114654541,76.29811310768127,regular_ge32
2026-08-12T15:26:21.331,305,multiple_people,1,0.33097806572914124,2.392251491546631,65.0713415145874,141.07174634933472,232.59250354766846,4.784502983093262,130.1426830291748,282.14349269866943,465.1850070953369,143.46399784088135,297.66384506225586,143.46399784088135,465.1850070953369,0.2241624966263771,0.6201330105463664,0.2241624966263771,0.9691354314486186,138.6794948577881,167.52116203308105,regular_ge32
2026-08-12T15:26:21.331,305,multiple_people,2,0.2363237887620926,185.40216827392578,95.82746839523315,318.8402214050293,239.6365294456482,370.80433654785156,191.6549367904663,637.6804428100586,479.2730588912964,504.2423896789551,335.46399784088135,504.2423896789551,479.2730588912964,0.7878787338733673,0.6988833288351695,0.7878787338733673,0.9984855393568675,133.43805313110352,143.80906105041504,regular_ge32
2026-08-12T15:26:21.435,306,multiple_people,1,0.3690716028213501,4.682307004928589,63.579195499420166,99.07530283927917,232.7844557762146,9.364614009857178,127.15839099884033,198.15060567855835,465.5689115524292,103.75760984420776,296.36365127563477,103.75760984420776,465.5689115524292,0.16212126538157462,0.6174242734909058,0.16212126538157462,0.9699352324008942,94.39299583435059,169.20526027679443,regular_ge32
2026-08-12T15:26:21.435,306,multiple_people,2,0.3019951581954956,173.62689971923828,93.11131429672241,314.94543075561523,240.0,347.25379943847656,186.22262859344482,629.8908615112305,480.0,488.5723304748535,333.1113142967224,488.5723304748535,480.0,0.7633942663669586,0.6939819047848383,0.7633942663669586,1.0,141.31853103637695,146.8886857032776,regular_ge32
2026-08-12T15:26:21.548,307,multiple_people,1,0.32359981536865234,0.5101947784423828,79.03375387191772,104.06213569641113,237.8080677986145,1.0203895568847656,158.06750774383545,208.12427139282227,475.616135597229,104.57233047485352,316.8418216705322,104.57233047485352,475.616135597229,0.1633942663669586,0.6600871284802755,0.1633942663669586,0.9908669491608938,103.55194091796875,158.77431392669678,regular_ge32
2026-08-12T15:26:21.548,307,multiple_people,2,0.27450883388519287,178.27480792999268,117.44711399078369,319.59333896636963,239.45768356323242,356.54961585998535,234.89422798156738,639.1866779327393,478.91536712646484,497.8681468963623,356.9047975540161,497.8681468963623,478.91536712646484,0.7779189795255661,0.7435516615708669,0.7779189795255661,0.9977403481801351,141.31853103637695,122.01056957244873,regular_ge32
2026-08-12T15:26:21.667,308,multiple_people,1,0.36130279302597046,3.2730112075805664,103.8309965133667,82.83559894561768,235.85504627227783,6.546022415161133,207.6619930267334,165.67119789123535,471.71009254455566,86.10861015319824,339.68604278564453,86.10861015319824,471.71009254455566,0.13454470336437224,0.707679255803426,0.13454470336437224,0.9827293594678242,79.56258773803711,132.02404975891113,regular_ge32
2026-08-12T15:26:21.667,308,multiple_people,2,0.30910593271255493,160.05304193496704,130.3432605266571,296.1052403450012,240.0,320.1060838699341,260.6865210533142,592.2104806900024,480.0,456.15828227996826,370.3432605266571,456.15828227996826,480.0,0.7127473160624505,0.7715484594305356,0.7127473160624505,1.0,136.05219841003418,109.6567394733429,regular_ge32
2026-08-12T15:26:21.667,308,multiple_people,3,0.28123316168785095,277.6428871154785,173.49032402038574,315.42791175842285,236.21770858764648,555.285774230957,346.9806480407715,630.8558235168457,472.43541717529297,593.0707988739014,409.7080326080322,593.0707988739014,472.43541717529297,0.9266731232404709,0.8535584012667338,0.9266731232404709,0.984240452448527,37.785024642944336,62.72738456726074,regular_ge32
2026-08-12T15:26:21.667,308,multiple_people,4,0.22444185614585876,174.28786945343018,2.860919237136841,320.0,55.339869260787964,348.57573890686035,5.721838474273682,640.0,110.67973852157593,494.2878694534302,58.200788497924805,494.2878694534302,110.67973852157593,0.7723247960209847,0.12125164270401001,0.7723247960209847,0.23058278858661652,145.71213054656982,52.47895002365112,regular_ge32
2026-08-12T15:26:21.886,310,multiple_people,1,0.5334624648094177,0.6450953483581543,162.17704677581787,57.06293725967407,238.0910291671753,1.2901906967163086,324.35409355163574,114.12587451934814,476.1820583343506,57.70803260803223,400.26807594299316,57.70803260803223,476.1820583343506,0.09016880095005035,0.8338918248812358,0.09016880095005035,0.9920459548632304,56.41784191131592,75.91398239135742,regular_ge32
2026-08-12T15:26:21.886,310,multiple_people,2,0.23032912611961365,163.95526933670044,159.58075141906738,320.0,237.24470710754395,327.9105386734009,319.16150283813477,640.0,474.4894142150879,483.95526933670044,396.8254585266113,483.95526933670044,474.4894142150879,0.7561801083385944,0.8267197052637736,0.7561801083385944,0.9885196129480998,156.04473066329956,77.66395568847656,regular_ge32
2026-08-12T15:26:22.005,311,multiple_people,1,0.4916226267814636,4.756190299987793,139.216863155365,86.33901309967041,239.29540300369263,9.512380599975586,278.43372631073,172.67802619934082,478.59080600738525,91.0952033996582,378.5122661590576,91.0952033996582,478.59080600738525,0.14233625531196595,0.7885672211647033,0.14233625531196595,0.9970641791820526,81.58282279968262,100.07853984832764,regular_ge32
2026-08-12T15:26:22.107,312,multiple_people,1,0.400795578956604,6.391059398651123,156.06381273269653,83.96715784072876,235.49854850769043,12.782118797302246,312.12762546539307,167.93431568145752,470.99709701538086,90.35821723937988,391.56236124038696,90.35821723937988,470.99709701538086,0.14118471443653108,0.8157549192508061,0.14118471443653108,0.9812439521153767,77.57609844207764,79.4347357749939,regular_ge32
2026-08-12T15:26:22.107,312,multiple_people,2,0.31630825996398926,169.7459373474121,154.17621278762817,320.0,239.041606426239,339.4918746948242,308.35242557525635,640.0,478.083212852478,489.7459373474121,393.2178192138672,489.7459373474121,478.083212852478,0.7652280271053314,0.81920379002889,0.7652280271053314,0.9960066934426626,150.2540626525879,84.86539363861084,regular_ge32
2026-08-12T15:26:22.227,313,multiple_people,1,0.33097806572914124,1.3034429550170898,174.27467155456543,82.8862657546997,238.5671501159668,2.6068859100341797,348.54934310913086,165.7725315093994,477.1343002319336,84.1897087097168,412.8418216705322,84.1897087097168,477.1343002319336,0.1315464198589325,0.8600871284802755,0.1315464198589325,0.9940297921498616,81.58282279968262,64.29247856140137,regular_ge32
2026-08-12T15:26:22.227,313,multiple_people,2,0.22444185614585876,191.9738793373108,182.5942291021347,302.68874406814575,240.0,383.9477586746216,365.1884582042694,605.3774881362915,480.0,494.66262340545654,422.5942291021347,494.66262340545654,480.0,0.7729103490710258,0.8804046439627806,0.7729103490710258,1.0,110.71486473083496,57.405770897865295,regular_ge32
2026-08-12T15:26:22.761,318,multiple_people,1,0.2549463212490082,57.41542339324951,197.89761435985565,147.41003513336182,240.0,114.83084678649902,395.7952287197113,294.82007026672363,480.0,204.82545852661133,437.89761435985565,204.82545852661133,480.0,0.3200397789478302,0.9122866965830326,0.3200397789478302,1.0,89.9946117401123,42.10238564014435,regular_ge32
2026-08-12T15:26:22.875,319,multiple_people,1,0.33097806572914124,3.97390079498291,192.29880142211914,140.0260992050171,240.0,7.94780158996582,384.5976028442383,280.0521984100342,480.0,144.0,432.29880142211914,144.0,480.0,0.225,0.9006225029627483,0.225,1.0,136.05219841003418,47.70119857788086,regular_ge32
2026-08-12T15:26:22.977,320,multiple_people,1,0.3848111629486084,72.63694429397583,164.55911350250244,158.360249042511,240.0,145.27388858795166,329.1182270050049,316.720498085022,480.0,230.99719333648682,404.55911350250244,230.99719333648682,480.0,0.36093311458826066,0.8428314864635468,0.36093311458826066,1.0,85.72330474853516,75.44088649749756,regular_ge32
2026-08-12T15:26:23.090,321,multiple_people,1,0.31630825996398926,58.278221130371094,137.7789044380188,161.83016204833984,237.85744428634644,116.55644226074219,275.5578088760376,323.6603240966797,475.71488857269287,220.10838317871094,375.63634872436523,220.10838317871094,475.71488857269287,0.34391934871673585,0.7825757265090942,0.34391934871673585,0.9910726845264435,103.55194091796875,100.07853984832764,regular_ge32
2026-08-12T15:26:23.090,321,multiple_people,2,0.20742715895175934,235.72068417072296,105.84293782711029,251.64984786510468,164.02501165866852,471.4413683414459,211.68587565422058,503.29969573020935,328.05002331733704,487.37053203582764,269.8679494857788,487.37053203582764,328.05002331733704,0.7615164563059806,0.5622248947620392,0.7615164563059806,0.6834375485777855,15.929163694381714,58.18207383155823,regular_ge32
2026-08-12T15:26:23.194,322,multiple_people,1,0.36130279302597046,2.5384252071380615,112.0512764453888,165.2191846370697,240.0,5.076850414276123,224.1025528907776,330.4383692741394,480.0,167.75760984420776,352.0512764453888,167.75760984420776,480.0,0.26212126538157465,0.7334401592612266,0.26212126538157465,1.0,162.68075942993164,127.9487235546112,regular_ge32
2026-08-12T15:26:23.307,323,multiple_people,1,0.27450883388519287,75.6065993309021,108.16394996643066,191.22349309921265,238.19426727294922,151.2131986618042,216.32789993286133,382.4469861984253,476.38853454589844,266.83009243011475,346.3582172393799,266.83009243011475,476.38853454589844,0.4169220194220543,0.7215796192487081,0.4169220194220543,0.9924761136372884,115.61689376831055,130.03031730651855,regular_ge32
2026-08-12T15:26:26.298,351,empty,1,0.3384403884410858,146.2351942062378,179.53072500228882,290.2031183242798,240.0,292.4703884124756,359.06145000457764,580.4062366485596,480.0,436.4383125305176,419.5307250022888,436.4383125305176,480.0,0.6819348633289337,0.8740223437547684,0.6819348633289337,1.0,143.967924118042,60.46927499771118,regular_ge32
2026-08-12T15:26:26.399,352,empty,1,0.28123316168785095,130.21342372894287,100.25841903686523,245.83031749725342,240.0,260.42684745788574,200.51683807373047,491.66063499450684,480.0,376.0437412261963,340.25841903686523,376.0437412261963,480.0,0.5875683456659317,0.7088717063268025,0.5875683456659317,1.0,115.61689376831055,139.74158096313477,regular_ge32
2026-08-12T15:26:26.514,353,empty,1,0.28123316168785095,142.40662288665771,55.00411605834961,260.50953578948975,227.508150100708,284.81324577331543,110.00823211669922,521.0190715789795,455.016300201416,402.91615867614746,282.5122661590576,402.91615867614746,455.016300201416,0.6295564979314804,0.5885672211647034,0.6295564979314804,0.9479506254196167,118.10291290283203,172.5040340423584,regular_ge32
2026-08-12T15:26:26.617,354,empty,1,0.2880568504333496,140.47594785690308,48.0122013092041,256.0928416252136,223.71972274780273,280.95189571380615,96.0244026184082,512.1856832504272,447.43944549560547,396.5687894821167,271.73192405700684,396.5687894821167,447.43944549560547,0.6196387335658073,0.5661081751187642,0.6196387335658073,0.932165511449178,115.61689376831055,175.70752143859863,regular_ge32
2026-08-12T15:26:26.731,355,empty,1,0.27450883388519287,127.12562656402588,38.73920917510986,242.74252033233643,226.26025199890137,254.25125312805176,77.47841835021973,485.48504066467285,452.52050399780273,369.8681468963623,264.99946117401123,369.8681468963623,452.52050399780273,0.5779189795255661,0.5520822107791901,0.5779189795255661,0.9427510499954224,115.61689376831055,187.5210428237915,regular_ge32
2026-08-12T15:26:26.731,355,empty,2,0.22444185614585876,283.75918209552765,44.85384511947632,298.70391070842743,95.97161340713501,567.5183641910553,89.70769023895264,597.4078214168549,191.94322681427002,582.4630928039551,140.82545852661133,582.4630928039551,191.94322681427002,0.9100985825061798,0.29338637193044026,0.9100985825061798,0.3998817225297292,14.94472861289978,51.11776828765869,regular_ge32
2026-08-12T15:26:26.835,356,empty,1,0.23032912611961365,130.40676021575928,31.1540846824646,271.72529125213623,236.40760469436646,260.81352043151855,62.3081693649292,543.4505825042725,472.8152093887329,402.1320514678955,267.56168937683105,402.1320514678955,472.8152093887329,0.6283313304185867,0.5574201862017314,0.6283313304185867,0.9850316862265269,141.31853103637695,205.25352001190186,regular_ge32
2026-08-12T15:26:26.835,356,empty,2,0.2019716501235962,165.87828302383423,34.378872871398926,227.121178150177,103.51251697540283,331.75656604766846,68.75774574279785,454.242356300354,207.02503395080566,392.99946117401123,137.89138984680176,392.99946117401123,207.02503395080566,0.6140616580843925,0.2872737288475037,0.6140616580843925,0.4313021540641785,61.24289512634277,69.1336441040039,regular_ge32
2026-08-12T15:26:26.948,357,empty,1,0.2549463212490082,134.3162078857422,16.744230270385742,270.36840629577637,226.68698120117188,268.6324157714844,33.488460540771484,540.7368125915527,453.37396240234375,404.68461418151855,243.43121147155762,404.68461418151855,453.37396240234375,0.6323197096586227,0.5071483572324117,0.6323197096586227,0.9445290883382161,136.05219841003418,209.94275093078613,regular_ge32
2026-08-12T15:26:27.051,358,empty,1,0.35360580682754517,123.23293828964233,19.816763877868652,241.33585119247437,149.8470811843872,246.46587657928467,39.633527755737305,482.67170238494873,299.6941623687744,364.5687894821167,169.66384506225586,364.5687894821167,299.6941623687744,0.5696387335658073,0.3534663438796997,0.5696387335658073,0.62436283826828,118.10291290283203,130.03031730651855,regular_ge32
2026-08-12T15:26:27.163,359,empty,1,0.2549463212490082,121.59940433502197,26.26519203186035,237.21629810333252,156.2955093383789,243.19880867004395,52.5303840637207,474.43259620666504,312.5910186767578,358.8157024383545,182.56070137023926,358.8157024383545,312.5910186767578,0.5606495350599289,0.3803347945213318,0.5606495350599289,0.6512312889099121,115.61689376831055,130.03031730651855,regular_ge32
2026-08-12T15:26:27.266,360,empty,1,0.32359981536865234,121.07009792327881,44.38128709793091,249.3246831893921,233.26351881027222,242.14019584655762,88.76257419586182,498.6493663787842,466.52703762054443,370.3947811126709,277.6448059082031,370.3947811126709,466.52703762054443,0.5787418454885482,0.5784266789754232,0.5787418454885482,0.9719313283761343,128.25458526611328,188.8822317123413,regular_ge32
2026-08-12T15:26:27.379,361,empty,1,0.24863308668136597,105.84216499328613,49.38659048080444,234.0967502593994,183.39769220352173,211.68432998657227,98.77318096160889,468.1935005187988,366.79538440704346,339.93891525268555,232.78428268432617,339.93891525268555,366.79538440704346,0.5311545550823211,0.4849672555923462,0.5311545550823211,0.7641570508480072,128.25458526611328,134.01110172271729,regular_ge32
2026-08-12T15:26:27.482,362,empty,1,0.24242530763149261,98.52621459960938,53.95592999458313,237.20570945739746,238.67693257331848,197.05242919921875,107.91185998916626,474.4114189147949,477.35386514663696,335.73192405700684,292.6328625679016,335.73192405700684,477.35386514663696,0.5245811313390731,0.6096517970164617,0.5245811313390731,0.9944872190554936,138.6794948577881,184.72100257873535,regular_ge32
2026-08-12T15:26:27.595,363,empty,1,0.26788532733917236,109.70746564865112,48.218820571899414,222.86132383346558,168.2188205718994,219.41493129730225,96.43764114379883,445.72264766693115,336.4376411437988,332.5687894821167,216.43764114379883,332.5687894821167,336.4376411437988,0.5196387335658074,0.4509117523829142,0.5196387335658074,0.7009117523829143,113.15385818481445,120.0,regular_ge32
2026-08-12T15:26:27.595,363,empty,2,0.22444185614585876,0.0,87.78802442550659,78.44910430908203,225.74888277053833,0.0,175.57604885101318,156.89820861816406,451.49776554107666,78.44910430908203,313.5369071960449,78.44910430908203,451.49776554107666,0.12257672548294067,0.6532018899917602,0.12257672548294067,0.940620344877243,78.44910430908203,137.96085834503174,regular_ge32
2026-08-12T15:26:27.696,364,empty,1,0.23032912611961365,119.82795524597168,46.883700370788574,245.51585006713867,180.89480209350586,239.65591049194336,93.76740074157715,491.03170013427734,361.7896041870117,365.34380531311035,227.77850246429443,365.34380531311035,361.7896041870117,0.570849695801735,0.4745385468006134,0.570849695801735,0.7537283420562744,125.68789482116699,134.01110172271729,regular_ge32
2026-08-12T15:26:27.809,365,empty,1,0.35360580682754517,128.24075508117676,55.46340072154999,238.95561981201172,235.79145991802216,256.4815101623535,110.92680144309998,477.91123962402344,471.5829198360443,367.1963748931885,291.25486063957214,367.1963748931885,471.5829198360443,0.573744335770607,0.6067809596657753,0.573744335770607,0.9824644163250923,110.71486473083496,180.32805919647217,regular_ge32
2026-08-12T15:26:27.809,365,empty,2,0.2363237887620926,79.71193838119507,74.12368679046631,136.129780292511,170.31462574005127,159.42387676239014,148.24737358093262,272.259560585022,340.62925148010254,215.84171867370605,244.43831253051758,215.84171867370605,340.62925148010254,0.33725268542766573,0.5092464844385783,0.33725268542766573,0.7096442739168803,56.41784191131592,96.19093894958496,regular_ge32
2026-08-12T15:26:27.910,366,near,1,0.37690892815589905,130.9848747253418,59.24249720573425,241.69973945617676,236.5151126384735,261.9697494506836,118.4849944114685,483.3994789123535,473.030225276947,372.68461418151855,295.75760984420776,372.68461418151855,473.030225276947,0.5823197096586228,0.6161616871754328,0.5823197096586228,0.9854796359936396,110.71486473083496,177.27261543273926,regular_ge32
2026-08-12T15:26:28.026,367,near,1,0.39277467131614685,120.21105861663818,62.55896854400635,243.35063076019287,238.26648998260498,240.42211723327637,125.1179370880127,486.70126152038574,476.53297996520996,363.56168937683105,300.8254585266113,363.56168937683105,476.53297996520996,0.5680651396512986,0.6267197052637736,0.5680651396512986,0.9927770415941874,123.13957214355469,175.70752143859863,regular_ge32
2026-08-12T15:26:28.128,368,near,1,0.36130279302597046,124.77252101898193,61.26545763015747,247.91209316253662,240.0,249.54504203796387,122.53091526031494,495.82418632507324,480.0,372.68461418151855,301.26545763015747,372.68461418151855,480.0,0.5823197096586228,0.627636370062828,0.5823197096586228,1.0,123.13957214355469,178.73454236984253,regular_ge32
2026-08-12T15:26:28.242,369,near,1,0.37690892815589905,128.034574508667,55.39913511276245,243.65146827697754,181.42632341384888,256.069149017334,110.7982702255249,487.3029365539551,362.85264682769775,371.68604278564453,236.82545852661133,371.68604278564453,362.85264682769775,0.5807594418525696,0.49338637193044027,0.5807594418525696,0.7559430142243703,115.61689376831055,126.02718830108643,regular_ge32
2026-08-12T15:26:28.344,370,near,1,0.33097806572914124,125.66402912139893,55.05043077468872,246.27488613128662,183.08142232894897,251.32805824279785,110.10086154937744,492.54977226257324,366.16284465789795,371.93891525268555,238.1318531036377,371.93891525268555,366.16284465789795,0.5811545550823212,0.4961080272992452,0.5811545550823212,0.762839259703954,120.6108570098877,128.03099155426025,regular_ge32
2026-08-12T15:26:28.460,371,near,1,0.400795578956604,119.0611982345581,62.94884920120239,244.7490930557251,238.65637063980103,238.1223964691162,125.89769840240479,489.4981861114502,477.31274127960205,363.8102912902832,301.6052198410034,363.8102912902832,477.31274127960205,0.5684535801410675,0.6283442080020905,0.5684535801410675,0.9944015443325043,125.68789482116699,175.70752143859863,regular_ge32
2026-08-12T15:26:28.561,372,near,1,0.43337342143058777,124.73347330093384,59.59236288070679,240.35036706924438,187.62335443496704,249.46694660186768,119.18472576141357,480.70073413848877,375.2467088699341,365.0838403701782,247.21571731567383,365.0838403701782,375.2467088699341,0.5704435005784034,0.5150327444076538,0.5704435005784034,0.7817639768123626,115.61689376831055,128.03099155426025,regular_ge32
2026-08-12T15:26:28.678,373,near,1,0.43337342143058777,124.41314315795898,62.03414821624756,242.51605606079102,234.53818225860596,248.82628631591797,124.06829643249512,485.03211212158203,469.0763645172119,366.92919921875,296.5723304748535,366.92919921875,469.0763645172119,0.5733268737792969,0.6178590218226115,0.5733268737792969,0.9772424260775249,118.10291290283203,172.5040340423584,regular_ge32
2026-08-12T15:26:28.780,374,near,1,0.40887001156806946,123.88251829147339,51.57557392120361,241.98543119430542,179.60656547546387,247.76503658294678,103.15114784240723,483.97086238861084,359.21313095092773,365.8679494857788,231.18213939666748,365.8679494857788,359.21313095092773,0.5716686710715294,0.4816294570763906,0.5716686710715294,0.7483606894810995,118.10291290283203,128.03099155426025,regular_ge32
2026-08-12T15:26:28.780,374,near,2,0.21299070119857788,0.014560699462890625,92.08523559570312,77.59065914154053,222.11555290222168,0.02912139892578125,184.17047119140625,155.18131828308105,444.23110580444336,77.60521984100342,314.2007884979248,77.60521984100342,444.23110580444336,0.12125815600156784,0.6545849760373433,0.12125815600156784,0.9254814704259237,77.57609844207764,130.03031730651855,regular_ge32
2026-08-12T15:26:28.895,375,near,1,0.4498997628688812,123.02588319778442,62.35610628128052,243.63674020767212,236.47398614883423,246.05176639556885,124.71221256256104,487.27348041534424,472.94797229766846,366.66262340545654,298.83009243011475,366.66262340545654,472.94797229766846,0.5729103490710259,0.6225626925627391,0.5729103490710259,0.9853082756201427,120.6108570098877,174.1178798675537,regular_ge32
2026-08-12T15:26:28.996,376,near,1,0.4832499325275421,126.88767051696777,69.6974983215332,240.04152870178223,237.21866035461426,253.77534103393555,139.3949966430664,480.08305740356445,474.4373207092285,366.92919921875,306.91615867614746,366.92919921875,474.4373207092285,0.5733268737792969,0.6394086639086406,0.5733268737792969,0.9884110848108928,113.15385818481445,167.52116203308105,regular_ge32
2026-08-12T15:26:28.996,376,near,2,0.23032912611961365,1.9201927185058594,100.40661954879761,77.54380512237549,236.39700555801392,3.8403854370117188,200.81323909759521,155.08761024475098,472.79401111602783,79.46399784088135,336.8036251068115,79.46399784088135,472.79401111602783,0.1241624966263771,0.701674218972524,0.1241624966263771,0.9849875231583913,75.62361240386963,135.9903860092163,regular_ge32
2026-08-12T15:26:29.109,377,near,1,0.43337342143058777,125.66402912139893,73.97886180877686,246.27488613128662,238.06487941741943,251.32805824279785,147.9577236175537,492.54977226257324,476.12975883483887,371.93891525268555,312.0437412261963,371.93891525268555,476.12975883483887,0.5811545550823212,0.6500911275545757,0.5811545550823212,0.991936997572581,120.6108570098877,164.08601760864258,regular_ge32
2026-08-12T15:26:29.212,378,near,1,0.4251631200313568,119.74523067474365,73.01357126235962,253.18328380584717,238.82814741134644,239.4904613494873,146.02714252471924,506.36656761169434,477.65629482269287,372.9285144805908,311.84171867370605,372.9285144805908,477.65629482269287,0.5827008038759232,0.6496702472368876,0.5827008038759232,0.9951172808806101,133.43805313110352,165.81457614898682,regular_ge32
2026-08-12T15:26:29.212,378,near,2,0.26788532733917236,1.1780462265014648,108.79805564880371,82.76086902618408,238.82837295532227,2.3560924530029297,217.59611129760742,165.52173805236816,477.65674591064453,83.93891525268555,347.626428604126,83.93891525268555,477.65674591064453,0.13115455508232116,0.7242217262585958,0.13115455508232116,0.9951182206471761,81.58282279968262,130.03031730651855,regular_ge32
2026-08-12T15:26:29.326,379,near,1,0.3690716028213501,121.07009792327881,80.72933673858643,249.3246831893921,230.27120113372803,242.14019584655762,161.45867347717285,498.6493663787842,460.54240226745605,370.3947811126709,311.00053787231445,370.3947811126709,460.54240226745605,0.5787418454885482,0.6479177872339884,0.5787418454885482,0.9594633380572001,128.25458526611328,149.5418643951416,regular_ge32
2026-08-12T15:26:29.326,379,near,2,0.22444185614585876,2.5900063514709473,123.1622633934021,78.21361875534058,240.0,5.1800127029418945,246.3245267868042,156.42723751068115,480.0,80.80362510681152,363.1622633934021,80.80362510681152,480.0,0.126255664229393,0.7565880487362544,0.126255664229393,1.0,75.62361240386963,116.8377366065979,regular_ge32
2026-08-12T15:26:29.428,380,near,1,0.3384403884410858,131.13690567016602,81.33240556716919,244.29076385498047,223.20359563827515,262.27381134033203,162.66481113433838,488.58152770996094,446.4071912765503,375.4276695251465,304.53600120544434,375.4276695251465,446.4071912765503,0.5866057336330414,0.6344500025113423,0.5866057336330414,0.9300149818261464,113.15385818481445,141.87119007110596,regular_ge32
2026-08-12T15:26:29.541,381,near,1,0.3848111629486084,142.79156494140625,84.23248243331909,260.8944778442383,226.10367250442505,285.5831298828125,168.46496486663818,521.7889556884766,452.2073450088501,403.68604278564453,310.33615493774414,403.68604278564453,452.2073450088501,0.6307594418525696,0.6465336561203003,0.6307594418525696,0.9420986354351044,118.10291290283203,141.87119007110596,regular_ge32
2026-08-12T15:26:29.541,381,near,2,0.2019716501235962,49.96852207183838,133.22470712661743,168.0714349746704,239.21360540390015,99.93704414367676,266.44941425323486,336.1428699493408,478.4272108078003,218.0399570465088,372.4383125305176,218.0399570465088,478.4272108078003,0.34068743288517,0.775913151105245,0.34068743288517,0.9967233558495839,118.10291290283203,105.98889827728271,regular_ge32
2026-08-12T15:26:29.644,382,near,1,0.32359981536865234,136.33535957336426,86.06113338470459,259.47493171691895,225.9826078414917,272.6707191467285,172.12226676940918,518.9498634338379,451.9652156829834,395.8102912902832,312.0437412261963,395.8102912902832,451.9652156829834,0.6184535801410675,0.6500911275545757,0.6184535801410675,0.9415941993395488,123.13957214355469,139.9214744567871,regular_ge32
2026-08-12T15:26:29.644,382,near,2,0.218662291765213,0.0,133.70990228652954,84.95650672912598,239.69880056381226,0.0,267.4198045730591,169.91301345825195,479.3976011276245,84.95650672912598,373.4087028503418,84.95650672912598,479.3976011276245,0.13274454176425934,0.7779347976048787,0.13274454176425934,0.9987450023492177,84.95650672912598,105.98889827728271,regular_ge32
2026-08-12T15:26:29.755,383,near,1,0.45820698142051697,142.39892292022705,87.92566633224487,263.00977993011475,223.91605234146118,284.7978458404541,175.85133266448975,526.0195598602295,447.83210468292236,405.4087028503418,311.84171867370605,405.4087028503418,447.83210468292236,0.6334510982036591,0.6496702472368876,0.6334510982036591,0.9329835514227549,120.6108570098877,135.9903860092163,regular_ge32
2026-08-12T15:26:29.755,383,near,2,0.2019716501235962,2.5050573348999023,127.1476321220398,149.13129138946533,240.0,5.010114669799805,254.2952642440796,298.26258277893066,480.0,151.63634872436523,367.1476321220398,151.63634872436523,480.0,0.23693179488182067,0.7648909002542496,0.23693179488182067,1.0,146.62623405456543,112.8523678779602,regular_ge32
2026-08-12T15:26:29.857,384,near,1,0.5167500376701355,155.56053352355957,99.46940660476685,276.17139053344727,235.45979261398315,311.12106704711914,198.9388132095337,552.3427810668945,470.9195852279663,431.73192405700684,334.92919921875,431.73192405700684,470.9195852279663,0.6745811313390732,0.6977691650390625,0.6745811313390732,0.9810824692249298,120.6108570098877,135.9903860092163,regular_ge32
2026-08-12T15:26:29.857,384,near,2,0.20742715895175934,2.067471504211426,132.8695192337036,164.74823093414307,240.0,4.134943008422852,265.7390384674072,329.49646186828613,480.0,166.8157024383545,372.8695192337036,166.8157024383545,480.0,0.2606495350599289,0.7768114984035492,0.2606495350599289,1.0,162.68075942993164,107.13048076629639,regular_ge32
2026-08-12T15:26:29.969,385,near,1,0.5251132845878601,154.29617595672607,100.88998699188232,277.43574810028076,230.92030429840088,308.59235191345215,201.77997398376465,554.8714962005615,461.84060859680176,431.73192405700684,331.8102912902832,431.73192405700684,461.84060859680176,0.6745811313390732,0.6912714401880901,0.6745811313390732,0.9621679345766704,123.13957214355469,130.03031730651855,regular_ge32
2026-08-12T15:26:29.969,385,near,2,0.2363237887620926,4.626469612121582,130.08118796348572,101.26492023468018,240.0,9.252939224243164,260.16237592697144,202.52984046936035,480.0,105.89138984680176,370.0811879634857,105.89138984680176,480.0,0.16545529663562775,0.7710024749239286,0.16545529663562775,1.0,96.6384506225586,109.91881203651428,regular_ge32
2026-08-12T15:26:30.073,386,near,1,0.45820698142051697,147.6937026977539,102.5817198753357,281.1317558288574,236.59282159805298,295.3874053955078,205.1634397506714,562.2635116577148,473.18564319610596,428.8254585266113,339.1745414733887,428.8254585266113,473.18564319610596,0.6700397789478302,0.7066136280695597,0.6700397789478302,0.9858034233252208,133.43805313110352,134.01110172271729,regular_ge32
2026-08-12T15:26:30.073,386,near,2,0.27450883388519287,6.971836090087891,129.41697478294373,99.15002822875977,239.3866503238678,13.943672180175781,258.83394956588745,198.30005645751953,478.7733006477356,106.12186431884766,368.8036251068115,106.12186431884766,478.7733006477356,0.16581541299819946,0.7683408856391907,0.16581541299819946,0.9974443763494492,92.17819213867188,109.96967554092407,regular_ge32
2026-08-12T15:26:30.187,387,near,1,0.4498997628688812,118.12159729003906,97.60335874557495,283.4816093444824,231.61446046829224,236.24319458007812,195.2067174911499,566.9632186889648,463.2289209365845,401.6032066345215,329.2178192138672,401.6032066345215,463.2289209365845,0.6275050103664398,0.6858704566955567,0.6275050103664398,0.9650602519512177,165.36001205444336,134.01110172271729,regular_ge32
2026-08-12T15:26:30.187,387,near,2,0.27450883388519287,0.0,130.98461985588074,109.29657888412476,240.0,0.0,261.9692397117615,218.5931577682495,480.0,109.29657888412476,370.98461985588074,109.29657888412476,480.0,0.17077590450644492,0.7728846246997515,0.17077590450644492,1.0,109.29657888412476,109.01538014411926,regular_ge32
2026-08-12T15:26:30.290,388,near,1,0.45820698142051697,153.0700979232788,100.13884496688843,281.3246831893921,236.12923097610474,306.1401958465576,200.27768993377686,562.6493663787842,472.2584619522095,434.3947811126709,336.26807594299316,434.3947811126709,472.2584619522095,0.6787418454885483,0.7005584915479024,0.6787418454885483,0.9838717957337697,128.25458526611328,135.9903860092163,regular_ge32
2026-08-12T15:26:30.290,388,near,2,0.37690892815589905,0.0,132.47628569602966,107.68620538711548,240.0,0.0,264.9525713920593,215.37241077423096,480.0,107.68620538711548,372.47628569602966,107.68620538711548,480.0,0.16825969591736795,0.7759922618667284,0.16825969591736795,1.0,107.68620538711548,107.52371430397034,regular_ge32
2026-08-12T15:26:30.405,389,near,1,0.4916226267814636,151.73866939544678,101.14181995391846,279.99325466156006,231.172137260437,303.47733879089355,202.2836399078369,559.9865093231201,462.344274520874,431.73192405700684,332.31395721435547,431.73192405700684,462.344274520874,0.6745811313390732,0.6923207441965739,0.6745811313390732,0.9632172385851542,128.25458526611328,130.03031730651855,regular_ge32
2026-08-12T15:26:30.405,389,near,2,0.2363237887620926,8.452824115753174,129.94923567771912,100.63101625442505,239.9189112186432,16.905648231506348,259.89847135543823,201.2620325088501,479.8378224372864,109.08384037017822,369.8681468963623,109.08384037017822,479.8378224372864,0.17044350057840346,0.7705586393674214,0.17044350057840346,0.9996621300776799,92.17819213867188,109.96967554092407,regular_ge32
2026-08-12T15:26:30.507,390,near,1,0.4665374755859375,148.81840229034424,99.01957082748413,277.0729875564575,236.98042917251587,297.6368045806885,198.03914165496826,554.145975112915,473.96085834503174,425.89138984680176,336.0,425.89138984680176,473.96085834503174,0.6654552966356277,0.7,0.6654552966356277,0.9874184548854827,128.25458526611328,137.96085834503174,regular_ge32
2026-08-12T15:26:30.507,390,near,2,0.2019716501235962,2.3809261322021484,133.29237914085388,167.7409381866455,240.0,4.761852264404297,266.58475828170776,335.481876373291,480.0,170.12186431884766,373.2923791408539,170.12186431884766,480.0,0.26581541299819944,0.7776924565434455,0.26581541299819944,1.0,165.36001205444336,106.70762085914612,regular_ge32
2026-08-12T15:26:30.620,391,near,1,0.43337342143058777,137.28514957427979,96.96799635887146,268.123553276062,228.9920461177826,274.57029914855957,193.93599271774292,536.247106552124,457.9840922355652,405.4087028503418,325.96004247665405,405.4087028503418,457.9840922355652,0.6334510982036591,0.6790834218263626,0.6334510982036591,0.9541335254907608,130.83840370178223,132.02404975891113,regular_ge32
2026-08-12T15:26:30.620,391,near,2,0.2549463212490082,5.089667320251465,133.70990228652954,99.48266315460205,239.69880056381226,10.17933464050293,267.4198045730591,198.9653263092041,479.3976011276245,104.57233047485352,373.4087028503418,104.57233047485352,479.3976011276245,0.1633942663669586,0.7779347976048787,0.1633942663669586,0.9987450023492177,94.39299583435059,105.98889827728271,regular_ge32
2026-08-12T15:26:30.725,392,near,1,0.4665374755859375,139.82860946655273,100.96453523635864,260.43946647644043,226.99172353744507,279.65721893310547,201.92907047271729,520.8789329528809,453.98344707489014,400.26807594299316,327.9562587738037,400.26807594299316,453.98344707489014,0.6254188686609268,0.6832422057787577,0.6254188686609268,0.9457988480726878,120.6108570098877,126.02718830108643,regular_ge32
2026-08-12T15:26:30.837,393,near,1,0.43337342143058777,131.41272068023682,99.1666669845581,262.25112438201904,229.19698429107666,262.82544136047363,198.3333339691162,524.5022487640381,458.3939685821533,393.66384506225586,328.36365127563477,393.66384506225586,458.3939685821533,0.6150997579097748,0.6840909401575724,0.6150997579097748,0.9549874345461528,130.83840370178223,130.03031730651855,regular_ge32
2026-08-12T15:26:30.837,393,near,2,0.2363237887620926,0.9110636711120605,133.1363570690155,166.27107572555542,240.0,1.822127342224121,266.272714138031,332.54215145111084,480.0,167.18213939666748,373.1363570690155,167.18213939666748,480.0,0.2612220928072929,0.777367410560449,0.2612220928072929,1.0,165.36001205444336,106.8636429309845,regular_ge32
2026-08-12T15:26:30.940,394,near,1,0.4169939160346985,134.1571021080017,98.7283706665039,262.411687374115,226.75936222076416,268.3142042160034,197.4567413330078,524.82337474823,453.5187244415283,396.5687894821167,325.48773288726807,396.5687894821167,453.5187244415283,0.6196387335658073,0.6780994435151418,0.6196387335658073,0.9448306759198507,128.25458526611328,128.03099155426025,regular_ge32
2026-08-12T15:26:30.940,394,near,2,0.24242530763149261,1.77459716796875,134.94988322257996,100.68849563598633,236.9890320301056,3.5491943359375,269.8997664451599,201.37699127197266,473.9780640602112,102.46309280395508,371.93891525268555,102.46309280395508,473.9780640602112,0.1600985825061798,0.7748727401097616,0.1600985825061798,0.98745430012544,98.91389846801758,102.03914880752563,regular_ge32
2026-08-12T15:26:31.054,395,near,1,0.45820698142051697,134.80668210983276,102.1918396949768,263.06126737594604,236.2029414176941,269.6133642196655,204.3836793899536,526.1225347518921,472.4058828353882,397.8679494857788,338.3947811126709,397.8679494857788,472.4058828353882,0.6216686710715293,0.7049891273180644,0.6216686710715293,0.9841789225737254,128.25458526611328,134.01110172271729,regular_ge32
2026-08-12T15:26:31.156,396,near,1,0.4498997628688812,111.37127733230591,102.78957843780518,252.68980836868286,234.8136281967163,222.74255466461182,205.57915687561035,505.3796167373657,469.6272563934326,364.06108570098877,337.6032066345215,364.06108570098877,469.6272563934326,0.568845446407795,0.7033400138219198,0.568845446407795,0.978390117486318,141.31853103637695,132.02404975891113,regular_ge32
2026-08-12T15:26:31.268,397,near,1,0.441620409488678,109.67373085021973,102.78957843780518,253.64165496826172,234.8136281967163,219.34746170043945,205.57915687561035,507.28330993652344,469.6272563934326,363.31538581848145,337.6032066345215,363.31538581848145,469.6272563934326,0.5676802903413772,0.7033400138219198,0.5676802903413772,0.978390117486318,143.967924118042,132.02404975891113,regular_ge32
2026-08-12T15:26:31.371,398,near,1,0.4832499325275421,122.74332332611084,101.6421971321106,248.43121814727783,229.67318868637085,245.48664665222168,203.2843942642212,496.86243629455566,459.3463773727417,371.1745414733887,331.31538581848145,371.1745414733887,459.3463773727417,0.5799602210521698,0.6902403871218363,0.5799602210521698,0.9569716195265452,125.68789482116699,128.03099155426025,regular_ge32
2026-08-12T15:26:31.483,399,near,1,0.4251631200313568,129.2591028213501,98.70762491226196,262.6971559524536,230.7316746711731,258.5182056427002,197.41524982452393,525.3943119049072,461.4633493423462,391.9562587738037,329.43929958343506,391.9562587738037,461.4633493423462,0.6124316543340683,0.6863318741321563,0.6124316543340683,0.9613819777965545,133.43805313110352,132.02404975891113,regular_ge32
2026-08-12T15:26:31.586,400,near,1,0.4832499325275421,136.40810680389404,98.59688472747803,264.6626920700073,230.62093448638916,272.8162136077881,197.19376945495605,529.3253841400146,461.2418689727783,401.07079887390137,329.2178192138672,401.07079887390137,461.2418689727783,0.6266731232404709,0.6858704566955567,0.6266731232404709,0.9609205603599549,128.25458526611328,132.02404975891113,regular_ge32
2026-08-12T15:26:31.699,401,near,1,0.5167500376701355,140.39967155456543,97.76915574073792,263.5392436981201,229.79320549964905,280.79934310913086,195.53831148147583,527.0784873962402,459.5864109992981,403.93891525268555,327.56236124038696,403.93891525268555,459.5864109992981,0.6311545550823212,0.6824215859174728,0.6311545550823212,0.957471689581871,123.13957214355469,132.02404975891113,regular_ge32
2026-08-12T15:26:31.801,402,near,1,0.441620409488678,139.04078483581543,96.49304580688477,267.2953701019287,230.50414752960205,278.08156967163086,192.98609161376953,534.5907402038574,461.0082950592041,406.33615493774414,326.9971933364868,406.33615493774414,461.0082950592041,0.6349002420902252,0.6812441527843476,0.6349002420902252,0.9604339480400086,128.25458526611328,134.01110172271729,regular_ge32
2026-08-12T15:26:31.801,402,near,2,0.20742715895175934,1.2997980117797852,185.0451066493988,23.137843132019043,238.9111521244049,2.5995960235595703,370.0902132987976,46.275686264038086,477.8223042488098,24.437641143798828,423.9562587738037,24.437641143798828,477.8223042488098,0.03818381428718567,0.8832422057787578,0.03818381428718567,0.9954631338516872,21.838045120239258,53.8660454750061,regular_ge32
2026-08-12T15:26:31.914,403,near,1,0.441620409488678,149.87570238113403,96.61371660232544,275.563597202301,232.60410261154175,299.75140476226807,193.22743320465088,551.127194404602,465.2082052230835,425.43929958343506,329.2178192138672,425.43929958343506,465.2082052230835,0.6647489055991173,0.6858704566955567,0.6647489055991173,0.969183760881424,125.68789482116699,135.9903860092163,regular_ge32
2026-08-12T15:26:31.914,403,near,2,0.2019716501235962,0.0,173.50212216377258,27.002959966659546,240.0,0.0,347.00424432754517,54.00591993331909,480.0,27.002959966659546,413.5021221637726,27.002959966659546,480.0,0.04219212494790554,0.8614627545078596,0.04219212494790554,1.0,27.002959966659546,66.49787783622742,regular_ge32
2026-08-12T15:26:32.016,404,near,1,0.5167500376701355,147.0309295654297,98.03534984588623,260.18478775024414,234.02573585510254,294.0618591308594,196.07069969177246,520.3695755004883,468.0514717102051,407.2157173156738,332.06108570098877,407.2157173156738,468.0514717102051,0.6362745583057403,0.6917939285437266,0.6362745583057403,0.9751072327295939,113.15385818481445,135.9903860092163,regular_ge32
2026-08-12T15:26:32.016,404,near,2,0.20742715895175934,0.0,146.4993646144867,157.84178256988525,240.0,0.0,292.9987292289734,315.6835651397705,480.0,157.84178256988525,386.4993646144867,157.84178256988525,480.0,0.2466277852654457,0.805207009613514,0.2466277852654457,1.0,157.84178256988525,93.5006353855133,regular_ge32
2026-08-12T15:26:32.130,405,near,1,0.5083773732185364,143.77094650268555,93.72452878952026,261.8738594055176,233.64600324630737,287.5418930053711,187.44905757904053,523.7477188110352,467.29200649261475,405.6448059082031,327.37053203582764,405.6448059082031,467.29200649261475,0.6338200092315673,0.6820219417413076,0.6338200092315673,0.9735250135262807,118.10291290283203,139.9214744567871,regular_ge32
2026-08-12T15:26:32.233,406,near,1,0.5,146.31274795532227,97.94014406204224,261.9296417236328,231.95124578475952,292.62549591064453,195.88028812408447,523.8592834472656,463.90249156951904,408.2423896789551,329.89138984680176,408.2423896789551,463.90249156951904,0.6378787338733674,0.6872737288475037,0.6378787338733674,0.9664635241031647,115.61689376831055,134.01110172271729,regular_ge32
2026-08-12T15:26:32.233,406,near,2,0.24242530763149261,0.0,147.46187353134155,156.02187061309814,240.0,0.0,294.9237470626831,312.0437412261963,480.0,156.02187061309814,387.46187353134155,156.02187061309814,480.0,0.24378417283296586,0.8072122365236283,0.24378417283296586,1.0,156.02187061309814,92.53812646865845,regular_ge32
2026-08-12T15:26:32.347,407,near,1,0.5,137.95765590667725,100.21696138381958,263.64555072784424,238.17781972885132,275.9153118133545,200.43392276763916,527.2911014556885,476.35563945770264,401.6032066345215,338.3947811126709,401.6032066345215,476.35563945770264,0.6275050103664398,0.7049891273180644,0.6275050103664398,0.9924075822035472,125.68789482116699,137.96085834503174,regular_ge32
2026-08-12T15:26:32.450,408,near,1,0.5,133.77785301208496,107.39377117156982,262.03243827819824,237.42408847808838,267.5557060241699,214.78754234313965,524.0648765563965,474.84817695617676,395.8102912902832,344.8178596496582,395.8102912902832,474.84817695617676,0.6184535801410675,0.7183705409367879,0.6184535801410675,0.9892670353253682,128.25458526611328,130.03031730651855,regular_ge32
2026-08-12T15:26:32.565,409,near,1,0.43337342143058777,132.7046298980713,112.14693915843964,260.95921516418457,240.0,265.4092597961426,224.29387831687927,521.9184303283691,480.0,393.66384506225586,352.14693915843964,393.66384506225586,480.0,0.6150997579097748,0.7336394565800826,0.6150997579097748,1.0,128.25458526611328,127.85306084156036,regular_ge32
2026-08-12T15:26:32.565,409,near,2,0.27450883388519287,4.593390464782715,157.11455464363098,72.75041484832764,236.54929041862488,9.18678092956543,314.22910928726196,145.50082969665527,473.09858083724976,77.34380531311035,393.66384506225586,77.34380531311035,473.09858083724976,0.12084969580173492,0.8201330105463663,0.12084969580173492,0.985622043410937,68.15702438354492,79.4347357749939,regular_ge32
2026-08-12T15:26:32.670,410,near,1,0.4251631200313568,141.93821668624878,124.42273736000061,252.65308141708374,240.0,283.87643337249756,248.84547472000122,505.3061628341675,480.0,394.5912981033325,364.4227373600006,394.5912981033325,480.0,0.6165489032864571,0.7592140361666679,0.6165489032864571,1.0,110.71486473083496,115.57726263999939,regular_ge32
2026-08-12T15:26:32.787,411,near,1,0.32359981536865234,72.13403797149658,137.4609990119934,232.13403797149658,237.53953886032104,144.26807594299316,274.9219980239868,464.26807594299316,475.0790777206421,304.26807594299316,375.00053787231445,304.26807594299316,475.0790777206421,0.4754188686609268,0.7812511205673218,0.4754188686609268,0.9897480785846711,160.0,100.07853984832764,regular_ge32
2026-08-12T15:26:32.787,411,near,2,0.2880568504333496,220.0126452445984,113.76567149162292,243.9873547554016,169.0446617603302,440.0252904891968,227.53134298324585,487.9747095108032,338.0893235206604,464.0,282.8103332519531,464.0,338.0893235206604,0.725,0.5891881942749023,0.725,0.7043527573347091,23.974709510803223,55.278990268707275,regular_ge32
2026-08-12T15:26:32.890,412,near,1,0.37690892815589905,74.85368919372559,142.92389500141144,192.95660209655762,240.0,149.70737838745117,285.8477900028229,385.91320419311523,480.0,267.8102912902832,382.92389500141144,267.8102912902832,480.0,0.4184535801410675,0.7977581145862739,0.4184535801410675,1.0,118.10291290283203,97.07610499858856,regular_ge32
2026-08-12T15:26:33.004,413,near,1,0.39277467131614685,53.012972354888916,135.60304808616638,186.45102548599243,239.61266922950745,106.02594470977783,271.20609617233276,372.90205097198486,479.2253384590149,239.46399784088135,375.2157173156738,239.46399784088135,479.2253384590149,0.37416249662637713,0.7816994110743205,0.37416249662637713,0.9983861217896144,133.43805313110352,104.00962114334106,regular_ge32
2026-08-12T15:26:33.004,413,near,2,0.2613641023635864,200.5143769979477,118.611332654953,218.03604686260223,173.89032292366028,401.0287539958954,237.222665309906,436.07209372520447,347.78064584732056,418.5504238605499,292.5016555786133,418.5504238605499,347.78064584732056,0.6539850372821092,0.609378449122111,0.6539850372821092,0.7245430121819179,17.52166986465454,55.278990268707275,regular_ge32
2026-08-12T15:26:33.110,414,near,1,0.31630825996398926,47.04339790344238,122.95570302009583,165.1463108062744,238.93568682670593,94.08679580688477,245.91140604019165,330.2926216125488,477.87137365341187,212.1897087097168,361.89138984680176,212.1897087097168,477.87137365341187,0.3315464198589325,0.7539403955141704,0.3315464198589325,0.9955653617779414,118.10291290283203,115.97998380661011,regular_ge32
2026-08-12T15:26:33.110,414,near,2,0.3019951581954956,198.9823625087738,108.52378714084625,213.45683312416077,158.3063052892685,397.9647250175476,217.0475742816925,426.91366624832153,316.612610578537,412.43919563293457,266.83009243011475,412.43919563293457,316.612610578537,0.6444362431764603,0.5558960258960723,0.6444362431764603,0.659609605371952,14.474470615386963,49.78251814842224,regular_ge32
2026-08-12T15:26:33.225,415,near,1,0.34598395228385925,14.172657012939453,90.3191351890564,155.4911880493164,240.0,28.345314025878906,180.6382703781128,310.9823760986328,480.0,169.66384506225586,330.3191351890564,169.66384506225586,480.0,0.2650997579097748,0.6881648649772009,0.2650997579097748,1.0,141.31853103637695,149.6808648109436,regular_ge32
2026-08-12T15:26:33.225,415,near,2,0.21299070119857788,171.48986089229584,77.49252390861511,184.63674175739288,129.97147393226624,342.9797217845917,154.98504781723022,369.27348351478577,259.94294786453247,356.1266026496887,207.46399784088135,356.1266026496887,259.94294786453247,0.5564478166401386,0.4322166621685028,0.5564478166401386,0.5415478080511094,13.146880865097046,52.47895002365112,regular_ge32
2026-08-12T15:26:33.438,417,near,1,0.39277467131614685,94.40662288665771,102.22396326065063,212.50953578948975,238.21434926986694,188.81324577331543,204.44792652130127,425.0190715789795,476.4286985397339,306.91615867614746,340.4383125305176,306.91615867614746,476.4286985397339,0.4795564979314804,0.7092464844385783,0.4795564979314804,0.9925597886244456,118.10291290283203,135.9903860092163,regular_ge32
2026-08-12T15:26:33.438,417,near,2,0.33097806572914124,223.30468487739563,83.68546760082245,237.7791554927826,130.8752337694168,446.60936975479126,167.3709352016449,475.5583109855652,261.7504675388336,461.0838403701782,214.56070137023926,461.0838403701782,261.7504675388336,0.7204435005784035,0.44700146118799844,0.7204435005784035,0.5453134740392367,14.474470615386963,47.18976616859436,regular_ge32
2026-08-12T15:26:33.542,418,near,1,0.30910593271255493,65.46279907226562,112.41090631484985,198.90085220336914,236.43091535568237,130.92559814453125,224.8218126296997,397.8017044067383,472.86183071136475,264.36365127563477,348.8418216705322,264.36365127563477,472.86183071136475,0.4130682051181793,0.7267537951469422,0.4130682051181793,0.9851288139820099,133.43805313110352,124.02000904083252,regular_ge32
2026-08-12T15:26:33.658,419,near,1,0.31630825996398926,98.59000635147095,114.74952006340027,174.21361875534058,160.68169140815735,197.1800127029419,229.49904012680054,348.42723751068115,321.3633828163147,272.8036251068115,275.4312114715576,272.8036251068115,321.3633828163147,0.426255664229393,0.5738150238990783,0.426255664229393,0.6695070475339889,75.62361240386963,45.93217134475708,regular_ge32
2026-08-12T15:26:33.658,419,near,2,0.24863308668136597,48.28403854370117,114.82053017616272,192.25196266174316,240.0,96.56807708740234,229.64106035232544,384.5039253234863,480.0,240.53600120544434,354.8205301761627,240.53600120544434,480.0,0.3758375018835068,0.7392094378670057,0.3758375018835068,1.0,143.967924118042,125.17946982383728,regular_ge32
2026-08-12T15:26:33.760,420,near,1,0.218662291765213,80.9446473121643,113.93031179904938,219.6241421699524,240.0,161.8892946243286,227.86062359809875,439.2482843399048,480.0,300.5687894821167,353.9303117990494,300.5687894821167,480.0,0.4696387335658073,0.7373548162480196,0.4696387335658073,1.0,138.6794948577881,126.06968820095062,regular_ge32
2026-08-12T15:26:33.879,421,near,1,0.3690716028213501,93.12552785873413,120.0138247013092,208.74242162704468,235.9938085079193,186.25105571746826,240.0276494026184,417.48484325408936,471.9876170158386,301.8679494857788,356.0076332092285,301.8679494857788,471.9876170158386,0.4716686710715294,0.7416825691858927,0.4716686710715294,0.9833075354496638,115.61689376831055,115.97998380661011,regular_ge32
2026-08-12T15:26:33.982,422,near,1,0.32359981536865234,77.01516819000244,127.74750185012817,200.15474033355713,239.71649599075317,154.03033638000488,255.49500370025635,400.30948066711426,479.43299198150635,277.16990852355957,367.46399784088135,277.16990852355957,479.43299198150635,0.4330779820680618,0.7655499955018361,0.4330779820680618,0.9988187332948049,123.13957214355469,111.968994140625,regular_ge32
2026-08-12T15:26:34.095,423,near,1,0.3019951581954956,78.59336566925049,125.0441370010376,194.21025943756104,239.01694869995117,157.18673133850098,250.0882740020752,388.42051887512207,478.03389739990234,272.8036251068115,364.06108570098877,272.8036251068115,478.03389739990234,0.426255664229393,0.7584605952103932,0.426255664229393,0.9959039529164632,115.61689376831055,113.97281169891357,regular_ge32
2026-08-12T15:26:34.095,423,near,2,0.26788532733917236,214.40303695201874,100.31426501274109,227.13387024402618,146.24643635749817,428.8060739040375,200.62853002548218,454.26774048805237,292.49287271499634,441.5369071960449,246.56070137023926,441.5369071960449,292.49287271499634,0.6899014174938202,0.5136681278546651,0.6899014174938202,0.6093601514895757,12.730833292007446,45.93217134475708,regular_ge32
2026-08-12T15:26:34.197,424,near,1,0.4251631200313568,60.22209596633911,120.2368311882019,175.83898973464966,238.22626161575317,120.44419193267822,240.4736623764038,351.6779794692993,476.45252323150635,236.06108570098877,358.4630928039551,236.06108570098877,476.45252323150635,0.36884544640779493,0.7467981100082397,0.36884544640779493,0.9926094233989715,115.61689376831055,117.98943042755127,regular_ge32
2026-08-12T15:26:34.197,424,near,2,0.21299070119857788,206.66791033744812,99.77738273143768,221.14238095283508,142.09076416492462,413.33582067489624,199.55476546287537,442.28476190567017,284.18152832984924,427.8102912902832,241.8681468963623,427.8102912902832,284.18152832984924,0.6684535801410675,0.5038919727007548,0.6684535801410675,0.5920448506871859,14.474470615386963,42.31338143348694,regular_ge32
2026-08-12T15:26:34.313,425,near,1,0.37690892815589905,84.0625810623169,117.57908809185028,185.28122425079346,237.57908809185028,168.1251621246338,235.15817618370056,370.5624485015869,475.15817618370056,269.34380531311035,355.15817618370056,269.34380531311035,475.15817618370056,0.4208496958017349,0.7399128670493762,0.4208496958017349,0.9899128670493762,101.21864318847656,120.0,regular_ge32
2026-08-12T15:26:34.416,426,middle,1,0.36130279302597046,103.54673671722412,120.32411932945251,200.18518733978271,238.31354975700378,207.09347343444824,240.64823865890503,400.37037467956543,476.62709951400757,303.73192405700684,358.6376690864563,303.73192405700684,476.62709951400757,0.4745811313390732,0.747161810596784,0.4745811313390732,0.9929731239875158,96.6384506225586,117.98943042755127,regular_ge32
2026-08-12T15:26:34.416,426,middle,2,0.23032912611961365,0.0,142.05371475219727,14.756267786026001,230.6308994293213,0.0,284.10742950439453,29.512535572052002,461.2617988586426,14.756267786026001,372.68461418151855,14.756267786026001,461.2617988586426,0.023056668415665626,0.7764262795448303,0.023056668415665626,0.9609620809555054,14.756267786026001,88.57718467712402,regular_ge32
2026-08-12T15:26:34.533,427,middle,1,0.39277467131614685,97.1779670715332,123.18760514259338,207.89283180236816,239.1675889492035,194.3559341430664,246.37521028518677,415.7856636047363,478.335177898407,305.07079887390137,362.3551940917969,305.07079887390137,478.335177898407,0.4766731232404709,0.7549066543579102,0.4766731232404709,0.9965316206216812,110.71486473083496,115.97998380661011,regular_ge32
2026-08-12T15:26:34.533,427,middle,2,0.2549463212490082,288.18289399147034,193.6498407125473,316.14885687828064,238.3501592874527,576.3657879829407,387.2996814250946,632.2977137565613,476.7003185749054,604.331750869751,432.0,604.331750869751,476.7003185749054,0.9442683607339859,0.9,0.9442683607339859,0.9931256636977196,27.965962886810303,44.700318574905396,regular_ge32
2026-08-12T15:26:34.637,428,middle,1,0.37690892815589905,107.4904637336731,127.08142948150635,225.59337663650513,239.05042362213135,214.9809274673462,254.1628589630127,451.18675327301025,478.1008472442627,333.0838403701782,366.1318531036377,333.0838403701782,478.1008472442627,0.5204435005784035,0.7627746939659119,0.5204435005784035,0.9960434317588807,118.10291290283203,111.968994140625,regular_ge32
2026-08-12T15:26:34.637,428,middle,2,0.20742715895175934,33.471903800964355,112.72919988632202,149.0887975692749,226.7020115852356,66.94380760192871,225.45839977264404,298.1775951385498,453.4040231704712,182.56070137023926,339.4312114715576,182.56070137023926,453.4040231704712,0.28525109589099884,0.7071483572324117,0.28525109589099884,0.9445917149384816,115.61689376831055,113.97281169891357,regular_ge32
2026-08-12T15:26:34.750,429,middle,1,0.4498997628688812,116.51269721984863,123.5457513332367,213.15114784240723,239.5257351398468,233.02539443969727,247.0915026664734,426.30229568481445,479.0514702796936,329.66384506225586,363.0714864730835,329.66384506225586,479.0514702796936,0.5150997579097748,0.7563989301522572,0.5150997579097748,0.9980238964160283,96.6384506225586,115.97998380661011,regular_ge32
2026-08-12T15:26:34.750,429,middle,2,0.2949781119823456,228.36659860610962,100.53185558319092,245.3414340019226,149.005051612854,456.73319721221924,201.06371116638184,490.6828680038452,298.010103225708,473.7080326080322,249.53690719604492,473.7080326080322,298.010103225708,0.7401688009500503,0.5198685566584269,0.7401688009500503,0.620854381720225,16.97483539581299,48.473196029663086,regular_ge32
2026-08-12T15:26:34.853,430,middle,1,0.4665374755859375,121.80530405044556,127.2138991355896,211.79991579055786,239.1828932762146,243.6106081008911,254.4277982711792,423.5998315811157,478.3657865524292,333.6052198410034,366.3967924118042,333.6052198410034,478.3657865524292,0.5212581560015679,0.7633266508579254,0.5212581560015679,0.9965953886508941,89.9946117401123,111.968994140625,regular_ge32
2026-08-12T15:26:34.853,430,middle,2,0.24863308668136597,0.0,148.8952121734619,28.73799228668213,239.35335493087769,0.0,297.7904243469238,57.47598457336426,478.70670986175537,28.73799228668213,388.2485671043396,28.73799228668213,478.70670986175537,0.044903112947940825,0.8088511814673741,0.044903112947940825,0.9973056455453236,28.73799228668213,90.45814275741577,regular_ge32
2026-08-12T15:26:34.853,430,middle,3,0.21299070119857788,226.763441324234,100.70125770568848,247.27651572227478,149.17445373535156,453.526882648468,201.40251541137695,494.55303144454956,298.3489074707031,474.0399570465088,249.87571144104004,474.0399570465088,298.3489074707031,0.74068743288517,0.5205743988355,0.74068743288517,0.6215602238972981,20.51307439804077,48.473196029663086,regular_ge32
2026-08-12T15:26:34.966,431,middle,1,0.4748867154121399,110.34926843643188,122.0662169456482,218.65019273757935,240.0,220.69853687286377,244.1324338912964,437.3003854751587,480.0,328.99946117401123,362.0662169456482,328.99946117401123,480.0,0.5140616580843925,0.7543046186367671,0.5140616580843925,1.0,108.30092430114746,117.9337830543518,regular_ge32
2026-08-12T15:26:34.966,431,middle,2,0.2880568504333496,227.1690216064453,99.7446950674057,243.61316108703613,144.4450136423111,454.3380432128906,199.4893901348114,487.22632217407227,288.8900272846222,470.78218269348145,244.1897087097168,470.78218269348145,288.8900272846222,0.7355971604585647,0.50872855981191,0.7355971604585647,0.6018542235096296,16.44413948059082,44.700318574905396,regular_ge32
2026-08-12T15:26:35.070,432,middle,1,0.40887001156806946,99.69255924224854,118.40256643295288,207.993483543396,240.0,199.38511848449707,236.80513286590576,415.986967086792,480.0,307.68604278564453,358.4025664329529,307.68604278564453,480.0,0.4807594418525696,0.7466720134019852,0.4807594418525696,1.0,108.30092430114746,121.59743356704712,regular_ge32
2026-08-12T15:26:35.182,433,middle,1,0.400795578956604,96.8811502456665,122.84193062782288,210.03500843048096,238.82191443443298,193.762300491333,245.68386125564575,420.0700168609619,477.64382886886597,306.91615867614746,361.66384506225586,306.91615867614746,477.64382886886597,0.4795564979314804,0.7534663438796997,0.4795564979314804,0.9950913101434707,113.15385818481445,115.97998380661011,regular_ge32
2026-08-12T15:26:35.284,434,middle,1,0.39277467131614685,97.45623874664307,124.54933738708496,203.36921977996826,238.52214908599854,194.91247749328613,249.09867477416992,406.7384395599365,477.04429817199707,300.8254585266113,363.0714864730835,300.8254585266113,477.04429817199707,0.4700397789478302,0.7563989301522572,0.4700397789478302,0.9938422878583272,105.9129810333252,113.97281169891357,regular_ge32
2026-08-12T15:26:35.394,435,middle,1,0.4251631200313568,105.2870888710022,127.34681463241577,195.2817006111145,239.31580877304077,210.5741777420044,254.69362926483154,390.563401222229,478.63161754608154,300.5687894821167,366.66262340545654,300.5687894821167,478.63161754608154,0.4696387335658073,0.7638804654280344,0.4696387335658073,0.9971492032210032,89.9946117401123,111.968994140625,regular_ge32
2026-08-12T15:26:35.394,435,middle,2,0.2949781119823456,290.68131852149963,199.06212985515594,311.1943929195404,240.0,581.3626370429993,398.1242597103119,622.3887858390808,480.0,601.87571144104,439.06212985515594,601.87571144104,480.0,0.9404307991266251,0.9147127705315748,0.9404307991266251,1.0,20.51307439804077,40.937870144844055,regular_ge32
2026-08-12T15:26:35.498,436,middle,1,0.35360580682754517,75.56053352355957,121.41785931587219,196.17139053344727,237.3978431224823,151.12106704711914,242.83571863174438,392.34278106689453,474.7956862449646,271.73192405700684,358.8157024383545,271.73192405700684,474.7956862449646,0.42458113133907316,0.7475327134132386,0.42458113133907316,0.9891576796770096,120.6108570098877,115.97998380661011,regular_ge32
2026-08-12T15:26:35.628,437,middle,1,0.3848111629486084,70.96436882019043,129.87799048423767,176.87734985351562,237.85393357276917,141.92873764038086,259.75598096847534,353.75469970703125,475.70786714553833,247.84171867370605,367.73192405700684,247.84171867370605,475.70786714553833,0.3872526854276657,0.7661081751187643,0.3872526854276657,0.9910580565532049,105.9129810333252,107.9759430885315,regular_ge32
2026-08-12T15:26:35.628,437,middle,2,0.218662291765213,247.71838474273682,153.6464443206787,317.690318107605,238.51183795928955,495.43676948547363,307.2928886413574,635.38063621521,477.0236759185791,565.4087028503418,392.15828227996826,565.4087028503418,477.0236759185791,0.8834510982036591,0.8169964214166006,0.8834510982036591,0.9937993248303731,69.97193336486816,84.86539363861084,regular_ge32
2026-08-12T15:26:35.734,438,middle,1,0.27450883388519287,66.38493728637695,125.17057275772095,174.6858615875244,239.14338445663452,132.7698745727539,250.3411455154419,349.3717231750488,478.28676891326904,241.07079887390137,364.31395721435547,241.07079887390137,478.28676891326904,0.37667312324047086,0.7589874108632405,0.37667312324047086,0.9964307685693105,108.30092430114746,113.97281169891357,regular_ge32
2026-08-12T15:26:35.734,438,middle,2,0.24242530763149261,192.54334938526154,98.24813830852509,206.119274020195,145.43790447711945,385.08669877052307,196.49627661705017,412.23854804039,290.8758089542389,398.66262340545654,243.68604278564453,398.66262340545654,290.8758089542389,0.6229103490710258,0.5076792558034261,0.6229103490710258,0.6059912686546644,13.575924634933472,47.18976616859436,regular_ge32
2026-08-12T15:26:35.847,439,middle,1,0.36130279302597046,50.86172389984131,120.88408970832825,161.57658863067627,238.87352013587952,101.72344779968262,241.7681794166565,323.15317726135254,477.74704027175903,212.43831253051758,359.75760984420776,212.43831253051758,477.74704027175903,0.33193486332893374,0.7494950205087662,0.33193486332893374,0.995306333899498,110.71486473083496,117.98943042755127,regular_ge32
2026-08-12T15:26:35.847,439,middle,2,0.26788532733917236,183.48397409915924,94.56601190567017,197.0598987340927,143.03920793533325,366.9679481983185,189.13202381134033,394.1197974681854,286.0784158706665,380.54387283325195,237.60521984100342,380.54387283325195,286.0784158706665,0.5945998013019562,0.4950108746687571,0.5945998013019562,0.5959966997305552,13.575924634933472,48.473196029663086,regular_ge32
2026-08-12T15:26:35.847,439,middle,3,0.22444185614585876,113.26827955245972,126.65463101863861,169.68612146377563,166.68240559101105,226.53655910491943,253.30926203727722,339.37224292755127,333.3648111820221,282.95440101623535,293.33703660964966,282.95440101623535,333.3648111820221,0.4421162515878677,0.6111188262701035,0.4421162515878677,0.6945100232958794,56.41784191131592,40.02777457237244,regular_ge32
2026-08-12T15:26:35.952,440,middle,1,0.36130279302597046,34.814162254333496,130.85818362236023,147.96802043914795,240.0,69.62832450866699,261.71636724472046,295.9360408782959,480.0,182.78218269348145,370.85818362236023,182.78218269348145,480.0,0.28559716045856476,0.7726212158799172,0.28559716045856476,1.0,113.15385818481445,109.14181637763977,regular_ge32
2026-08-12T15:26:35.952,440,middle,2,0.22444185614585876,104.81340026855469,0.0,299.12551498413086,69.64820122718811,209.62680053710938,0.0,598.2510299682617,139.29640245437622,403.93891525268555,69.64820122718811,403.93891525268555,139.29640245437622,0.6311545550823212,0.14510041922330857,0.6311545550823212,0.29020083844661715,194.31211471557617,69.64820122718811,regular_ge32
2026-08-12T15:26:36.067,441,middle,1,0.32359981536865234,8.674310684204102,132.72115659713745,136.92889595031738,238.71005487442017,17.348621368408203,265.4423131942749,273.85779190063477,477.42010974884033,145.60320663452148,371.4312114715576,145.60320663452148,477.42010974884033,0.22750501036643983,0.7738150238990784,0.22750501036643983,0.9946252286434174,128.25458526611328,105.98889827728271,regular_ge32
2026-08-12T15:26:36.067,441,middle,2,0.22444185614585876,162.2169337272644,94.70692837238312,179.1917691230774,144.48944652080536,324.4338674545288,189.41385674476624,358.3835382461548,288.9788930416107,341.4087028503418,239.19637489318848,341.4087028503418,288.9788930416107,0.5334510982036591,0.498325781027476,0.5334510982036591,0.6020393605033557,16.97483539581299,49.78251814842224,regular_ge32
2026-08-12T15:26:36.170,442,middle,1,0.37690892815589905,12.348531723022461,132.83443140983582,127.96542549133301,240.0,24.697063446044922,265.66886281967163,255.93085098266602,480.0,140.31395721435547,372.8344314098358,140.31395721435547,480.0,0.21924055814743043,0.7767383987704913,0.21924055814743043,1.0,115.61689376831055,107.16556859016418,regular_ge32
2026-08-12T15:26:36.170,442,middle,2,0.24863308668136597,183.47575211524963,186.07983326911926,304.08660912513733,234.55302929878235,366.95150423049927,372.1596665382385,608.1732182502747,469.1060585975647,487.56236124038696,420.6328625679016,487.56236124038696,469.1060585975647,0.7618161894381046,0.8763184636831284,0.7618161894381046,0.9773042887449265,120.6108570098877,48.473196029663086,regular_ge32
2026-08-12T15:26:36.286,443,middle,1,0.4498997628688812,0.3571443557739258,134.33749651908875,113.51100254058838,238.3471176624298,0.7142887115478516,268.6749930381775,227.02200508117676,476.6942353248596,113.8681468963623,372.68461418151855,113.8681468963623,476.6942353248596,0.1779189795255661,0.7764262795448303,0.1779189795255661,0.9931129902601242,113.15385818481445,104.00962114334106,regular_ge32
2026-08-12T15:26:36.286,443,middle,2,0.2549463212490082,167.34141731262207,139.13983869552612,306.02091217041016,239.21837854385376,334.68283462524414,278.27967739105225,612.0418243408203,478.4367570877075,473.3623294830322,378.3582172393799,473.3623294830322,478.4367570877075,0.7396286398172378,0.7882462859153747,0.7396286398172378,0.996743243932724,138.6794948577881,100.07853984832764,regular_ge32
2026-08-12T15:26:36.389,444,middle,1,0.43337342143058777,16.22110652923584,134.92641019821167,122.13408756256104,240.0,32.44221305847168,269.85282039642334,244.26817512512207,480.0,138.35519409179688,374.92641019821167,138.35519409179688,480.0,0.2161799907684326,0.781096687912941,0.2161799907684326,1.0,105.9129810333252,105.07358980178833,regular_ge32
2026-08-12T15:26:36.389,444,middle,2,0.24242530763149261,168.06362628936768,141.00492477416992,258.05823802948,237.19586372375488,336.12725257873535,282.00984954833984,516.11647605896,474.39172744750977,426.12186431884766,378.2007884979248,426.12186431884766,474.39172744750977,0.6658154129981995,0.7879183093706766,0.6658154129981995,0.9883160988489786,89.9946117401123,96.19093894958496,regular_ge32
2026-08-12T15:26:36.389,444,middle,3,0.22444185614585876,0.42157506942749023,141.93900609016418,24.396284580230713,232.39714884757996,0.8431501388549805,283.87801218032837,48.792569160461426,464.7942976951599,24.817859649658203,374.33615493774414,24.817859649658203,464.7942976951599,0.038777905702590945,0.7798669894536336,0.038777905702590945,0.9683214535315832,23.974709510803223,90.45814275741577,regular_ge32
2026-08-12T15:26:36.389,444,middle,4,0.2019716501235962,285.551073551178,160.75337892770767,306.7170023918152,185.9095830321312,571.102147102356,321.50675785541534,613.4340047836304,371.8191660642624,592.2680759429932,346.66296195983887,592.2680759429932,371.8191660642624,0.9254188686609268,0.7222145040829976,0.9254188686609268,0.7746232626338799,21.165928840637207,25.156204104423523,small_16_32
2026-08-12T15:26:36.503,445,middle,1,0.4251631200313568,20.492030143737793,135.0274214744568,124.04397106170654,240.0,40.984060287475586,270.0548429489136,248.0879421234131,480.0,144.53600120544434,375.0274214744568,144.53600120544434,480.0,0.22583750188350676,0.7813071280717849,0.22583750188350676,1.0,103.55194091796875,104.97257852554321,regular_ge32
2026-08-12T15:26:36.503,445,middle,2,0.3019951581954956,1.6962132453918457,141.54785227775574,25.67092275619507,224.58400082588196,3.3924264907836914,283.0957045555115,51.34184551239014,449.1680016517639,27.367136001586914,366.1318531036377,27.367136001586914,449.1680016517639,0.042761150002479556,0.7627746939659119,0.042761150002479556,0.9357666701078415,23.974709510803223,83.03614854812622,regular_ge32
2026-08-12T15:26:36.503,445,middle,3,0.24863308668136597,165.93288326263428,133.46980810165405,307.25141429901123,239.45870637893677,331.86576652526855,266.9396162033081,614.5028285980225,478.91741275787354,473.1842975616455,372.9285144805908,473.1842975616455,478.91741275787354,0.7393504649400711,0.7769344051678976,0.7393504649400711,0.9977446099122366,141.31853103637695,105.98889827728271,regular_ge32
2026-08-12T15:26:36.608,446,middle,1,0.45820698142051697,17.456238746643066,129.8167655467987,123.36921977996826,239.78644108772278,34.91247749328613,259.6335310935974,246.73843955993652,479.57288217544556,140.82545852661133,369.6032066345215,140.82545852661133,479.57288217544556,0.2200397789478302,0.7700066804885864,0.2200397789478302,0.9991101711988449,105.9129810333252,109.96967554092407,regular_ge32
2026-08-12T15:26:36.608,446,middle,2,0.2880568504333496,166.58111190795898,140.61916661262512,305.26060676574707,238.7479693889618,333.16222381591797,281.23833322525024,610.5212135314941,477.4959387779236,471.84171867370605,379.3671360015869,471.84171867370605,477.4959387779236,0.7372526854276658,0.7903482000033061,0.7372526854276658,0.9947832057873408,138.6794948577881,98.12880277633667,regular_ge32
2026-08-12T15:26:36.608,446,middle,3,0.23032912611961365,142.72816801071167,0.0,316.1019244194031,60.27712655067444,285.45633602142334,0.0,632.2038488388062,120.55425310134888,458.83009243011475,60.27712655067444,458.83009243011475,120.55425310134888,0.7169220194220542,0.12557734698057174,0.7169220194220542,0.2511546939611435,173.3737564086914,60.27712655067444,regular_ge32
2026-08-12T15:26:36.712,447,far,1,0.5167500376701355,9.934142112731934,123.42505431175232,108.84804058074951,239.40503811836243,19.868284225463867,246.85010862350464,217.69608116149902,478.81007623672485,118.78218269348145,362.83009243011475,118.78218269348145,478.81007623672485,0.18559716045856475,0.7558960258960724,0.18559716045856475,0.9975209921598435,98.91389846801758,115.97998380661011,regular_ge32
2026-08-12T15:26:36.712,447,far,2,0.21299070119857788,110.14504432678223,120.8523678779602,283.51880073547363,240.0,220.29008865356445,241.7047357559204,567.0376014709473,480.0,393.66384506225586,360.8523678779602,393.66384506225586,480.0,0.6150997579097748,0.7517757664124171,0.6150997579097748,1.0,173.3737564086914,119.1476321220398,regular_ge32
2026-08-12T15:26:36.823,448,far,1,0.45820698142051697,8.538763046264648,120.78646540641785,112.0907039642334,238.77589583396912,17.077526092529297,241.5729308128357,224.1814079284668,477.55179166793823,120.62946701049805,359.56236124038696,120.62946701049805,477.55179166793823,0.1884835422039032,0.7490882525841395,0.1884835422039032,0.9948995659748713,103.55194091796875,117.98943042755127,regular_ge32
2026-08-12T15:26:36.823,448,far,2,0.23032912611961365,166.346999168396,135.54800081253052,299.7850522994995,235.62654066085815,332.693998336792,271.09600162506104,599.570104598999,471.2530813217163,466.1320514678955,371.1745414733887,466.1320514678955,471.2530813217163,0.7283313304185868,0.7732802947362264,0.7283313304185868,0.9817772527535756,133.43805313110352,100.07853984832764,regular_ge32
2026-08-12T15:26:36.823,448,far,3,0.218662291765213,0.0,119.12674570083618,24.285181283950806,225.1156439781189,0.0,238.25349140167236,48.57036256790161,450.2312879562378,24.285181283950806,344.2423896789551,24.285181283950806,450.2312879562378,0.03794559575617314,0.7171716451644897,0.03794559575617314,0.9379818499088287,24.285181283950806,105.98889827728271,regular_ge32
2026-08-12T15:26:36.926,449,far,1,0.3848111629486084,17.074052333831787,122.19183373451233,122.98703336715698,238.17181754112244,34.148104667663574,244.38366746902466,245.97406673431396,476.3436350822449,140.06108570098877,360.36365127563477,140.06108570098877,476.3436350822449,0.21884544640779496,0.7507576068242391,0.21884544640779496,0.9923825730880101,105.9129810333252,115.97998380661011,regular_ge32
2026-08-12T15:26:36.926,449,far,2,0.26788532733917236,185.23470878601074,162.88742232322693,303.3376216888428,240.0,370.4694175720215,325.77484464645386,606.6752433776855,480.0,488.5723304748535,402.88742232322693,488.5723304748535,480.0,0.7633942663669586,0.8393487965067228,0.7633942663669586,1.0,118.10291290283203,77.11257767677307,regular_ge32
2026-08-12T15:26:36.926,449,far,3,0.24242530763149261,193.5043749809265,130.409050822258,239.83300065994263,166.16327965259552,387.008749961853,260.818101644516,479.66600131988525,332.32655930519104,433.33737564086914,296.5723304748535,433.33737564086914,332.32655930519104,0.6770896494388581,0.6178590218226115,0.6770896494388581,0.6923469985524814,46.32862567901611,35.754228830337524,regular_ge32
2026-08-12T15:26:36.926,449,far,4,0.20742715895175934,0.23146581649780273,134.5521092414856,24.206175327301025,225.01025199890137,0.46293163299560547,269.1042184829712,48.41235065460205,450.02050399780273,24.437641143798828,359.56236124038696,24.437641143798828,450.02050399780273,0.03818381428718567,0.7490882525841395,0.03818381428718567,0.937542716662089,23.974709510803223,90.45814275741577,regular_ge32
2026-08-12T15:26:37.042,450,far,1,0.441620409488678,0.0,122.50973868370056,112.97874164581299,238.48972249031067,0.0,245.01947736740112,225.95748329162598,476.97944498062134,112.97874164581299,360.99946117401123,112.97874164581299,476.97944498062134,0.17652928382158278,0.75208221077919,0.17652928382158278,0.9937071770429611,112.97874164581299,115.97998380661011,regular_ge32
2026-08-12T15:26:37.042,450,far,2,0.2613641023635864,188.14693975448608,161.98219466209412,306.2498526573181,240.0,376.29387950897217,323.96438932418823,612.4997053146362,480.0,494.3967924118042,401.9821946620941,494.3967924118042,480.0,0.7724949881434441,0.8374629055460294,0.7724949881434441,1.0,118.10291290283203,78.01780533790588,regular_ge32
2026-08-12T15:26:37.042,450,far,3,0.218662291765213,0.4041316509246826,128.026141166687,25.13277554512024,216.60332584381104,0.8082633018493652,256.052282333374,50.26555109024048,433.20665168762207,25.536907196044922,344.62946701049805,25.536907196044922,433.20665168762207,0.03990141749382019,0.717978056271871,0.03990141749382019,0.902513857682546,24.728643894195557,88.57718467712402,regular_ge32
2026-08-12T15:26:37.145,451,far,1,0.43337342143058777,17.576641082763672,114.82053017616272,128.29150581359863,240.0,35.153282165527344,229.64106035232544,256.58301162719727,480.0,145.8681468963623,354.8205301761627,145.8681468963623,480.0,0.2279189795255661,0.7392094378670057,0.2279189795255661,1.0,110.71486473083496,125.17946982383728,regular_ge32
2026-08-12T15:26:37.145,451,far,2,0.2613641023635864,194.92333984375,156.1396186351776,308.07719802856445,239.17576718330383,389.8466796875,312.2792372703552,616.1543960571289,478.35153436660767,503.00053787231445,395.31538581848145,503.00053787231445,478.35153436660767,0.7859383404254914,0.8235737204551696,0.7859383404254914,0.9965656965970993,113.15385818481445,83.03614854812622,regular_ge32
2026-08-12T15:26:37.145,451,far,3,0.24242530763149261,146.56725072860718,80.5838154554367,158.5035481452942,125.2841340303421,293.13450145721436,161.1676309108734,317.0070962905884,250.5682680606842,305.07079887390137,205.8679494857788,305.07079887390137,250.5682680606842,0.4766731232404709,0.4288915614287058,0.4766731232404709,0.5220172251264255,11.936297416687012,44.700318574905396,regular_ge32
2026-08-12T15:26:37.260,452,far,1,0.40887001156806946,35.93259859085083,117.18150043487549,137.1512417793274,239.19207000732422,71.86519718170166,234.36300086975098,274.3024835586548,478.38414001464844,173.08384037017822,356.3735704421997,173.08384037017822,478.38414001464844,0.2704435005784035,0.7424449384212494,0.2704435005784035,0.9966336250305176,101.21864318847656,122.01056957244873,regular_ge32
2026-08-12T15:26:37.260,452,far,2,0.2880568504333496,193.79941177368164,130.41384100914001,309.4163055419922,238.3897840976715,387.5988235473633,260.82768201828003,618.8326110839844,476.779568195343,503.2157173156738,368.8036251068115,503.2157173156738,476.779568195343,0.7862745583057403,0.7683408856391907,0.7862745583057403,0.9932907670736313,115.61689376831055,107.9759430885315,regular_ge32
2026-08-12T15:26:37.362,453,far,1,0.4169939160346985,37.1383638381958,116.88960218429565,143.051344871521,240.0,74.2767276763916,233.7792043685913,286.102689743042,480.0,180.1897087097168,356.88960218429565,180.1897087097168,480.0,0.2815464198589325,0.743520004550616,0.2815464198589325,1.0,105.9129810333252,123.11039781570435,regular_ge32
2026-08-12T15:26:37.362,453,far,2,0.33097806572914124,204.8634557723999,126.81811285018921,320.0,238.7871069908142,409.7269115447998,253.63622570037842,640.0,477.5742139816284,524.8634557723999,365.6052198410034,524.8634557723999,477.5742139816284,0.8200991496443748,0.7616775413354238,0.8200991496443748,0.9949462791283925,115.1365442276001,111.968994140625,regular_ge32
2026-08-12T15:26:37.479,454,far,1,0.400795578956604,34.12742233276367,118.49331188201904,147.28128051757812,240.0,68.25484466552734,236.9866237640381,294.56256103515625,480.0,181.4087028503418,358.49331188201904,181.4087028503418,480.0,0.28345109820365905,0.746861066420873,0.28345109820365905,1.0,113.15385818481445,121.50668811798096,regular_ge32
2026-08-12T15:26:37.479,454,far,2,0.218662291765213,204.95881414413452,128.0155029296875,318.112672328949,239.9844970703125,409.91762828826904,256.031005859375,636.225344657898,479.968994140625,523.0714864730835,368.0,523.0714864730835,479.968994140625,0.817299197614193,0.7666666666666667,0.817299197614193,0.9999354044596355,113.15385818481445,111.968994140625,regular_ge32
2026-08-12T15:26:37.582,455,far,1,0.3848111629486084,69.98271536827087,122.19183373451233,159.97732710838318,238.17181754112244,139.96543073654175,244.38366746902466,319.95465421676636,476.3436350822449,229.96004247665405,360.36365127563477,229.96004247665405,476.3436350822449,0.35931256636977194,0.7507576068242391,0.35931256636977194,0.9923825730880101,89.9946117401123,115.97998380661011,regular_ge32
2026-08-12T15:26:37.582,455,far,2,0.27450883388519287,240.13721990585327,129.52637207508087,293.50758600234985,164.27284133434296,480.27443981170654,259.05274415016174,587.0151720046997,328.5456826686859,533.6448059082031,293.7992134094238,533.6448059082031,328.5456826686859,0.8338200092315674,0.6120816946029664,0.8338200092315674,0.684470172226429,53.37036609649658,34.746469259262085,regular_ge32
2026-08-12T15:26:37.582,455,far,3,0.23032912611961365,211.34691905975342,133.10040521621704,320.0,239.08930349349976,422.69383811950684,266.2008104324341,640.0,478.1786069869995,531.3469190597534,372.1897087097168,531.3469190597534,478.1786069869995,0.8302295610308648,0.7753952264785766,0.8302295610308648,0.9962054312229156,108.65308094024658,105.98889827728271,regular_ge32
2026-08-12T15:26:37.699,456,far,1,0.4498997628688812,70.85659885406494,127.01359415054321,163.03479099273682,240.0,141.71319770812988,254.02718830108643,326.06958198547363,480.0,233.89138984680176,367.0135941505432,233.89138984680176,480.0,0.36545529663562776,0.7646116544802983,0.36545529663562776,1.0,92.17819213867188,112.98640584945679,regular_ge32
2026-08-12T15:26:37.699,456,far,2,0.2613641023635864,240.89147329330444,129.47114515304565,297.30931520462036,167.31313753128052,481.7829465866089,258.9422903060913,594.6186304092407,334.62627506256104,538.2007884979248,296.7842826843262,538.2007884979248,334.62627506256104,0.8409387320280075,0.6183005889256795,0.8409387320280075,0.6971380730470021,56.41784191131592,37.84199237823486,regular_ge32
2026-08-12T15:26:37.699,456,far,3,0.24242530763149261,221.2124319076538,131.72763419151306,315.6054277420044,239.70357728004456,442.4248638153076,263.4552683830261,631.2108554840088,479.4071545600891,536.8178596496582,371.4312114715576,536.8178596496582,479.4071545600891,0.8387779057025909,0.7738150238990784,0.8387779057025909,0.998764905333519,94.39299583435059,107.9759430885315,regular_ge32
2026-08-12T15:26:37.699,456,far,4,0.218662291765213,182.2452176809311,97.24802815914154,194.5726419687271,141.94834673404694,364.4904353618622,194.49605631828308,389.1452839374542,283.8966934680939,376.8178596496582,239.19637489318848,376.8178596496582,283.8966934680939,0.5887779057025909,0.498325781027476,0.5887779057025909,0.5914514447251956,12.32742428779602,44.700318574905396,regular_ge32
2026-08-12T15:26:37.802,457,far,1,0.45820698142051697,54.09781455993652,122.84193062782288,160.01079559326172,238.82191443443298,108.19562911987305,245.68386125564575,320.02159118652344,477.64382886886597,214.10861015319824,361.66384506225586,214.10861015319824,477.64382886886597,0.33454470336437225,0.7534663438796997,0.33454470336437225,0.9950913101434707,105.9129810333252,115.97998380661011,regular_ge32
2026-08-12T15:26:37.802,457,far,2,0.27450883388519287,234.63501024246216,128.7529935836792,297.55469846725464,165.53897523880005,469.2700204849243,257.5059871673584,595.1093969345093,331.0779504776001,532.1897087097168,294.29196882247925,532.1897087097168,331.0779504776001,0.8315464198589325,0.6131082683801651,0.8315464198589325,0.6897457301616668,62.91968822479248,36.78598165512085,regular_ge32
2026-08-12T15:26:37.802,457,far,3,0.2549463212490082,241.65279340744019,169.54048228263855,317.2764058113098,240.0,483.30558681488037,339.0809645652771,634.5528116226196,480.0,558.92919921875,409.54048228263855,558.92919921875,480.0,0.8733268737792969,0.8532093380888303,0.8733268737792969,1.0,75.62361240386963,70.45951771736145,regular_ge32
2026-08-12T15:26:37.917,458,far,1,0.40887001156806946,47.18448781967163,131.2094190120697,157.8993525505066,239.1853621006012,94.36897563934326,262.4188380241394,315.7987051010132,478.3707242012024,205.08384037017822,370.3947811126709,205.08384037017822,478.3707242012024,0.3204435005784035,0.771655793984731,0.3204435005784035,0.9966056754191717,110.71486473083496,107.9759430885315,regular_ge32
2026-08-12T15:26:37.917,458,far,2,0.2613641023635864,192.91546440124512,136.4965922832489,301.2163887023926,240.0,385.83092880249023,272.9931845664978,602.4327774047852,480.0,494.1318531036377,376.4965922832489,494.1318531036377,480.0,0.7720810204744339,0.7843679005901019,0.7720810204744339,1.0,108.30092430114746,103.5034077167511,regular_ge32
2026-08-12T15:26:38.018,459,far,1,0.4251631200313568,31.155069828033447,133.34785795211792,144.3089280128479,239.33675622940063,62.310139656066895,266.69571590423584,288.6178560256958,478.67351245880127,175.46399784088135,372.68461418151855,175.46399784088135,478.67351245880127,0.2741624966263771,0.7764262795448303,0.2741624966263771,0.9972364842891693,113.15385818481445,105.98889827728271,regular_ge32
2026-08-12T15:26:38.133,460,far,1,0.400795578956604,30.79156494140625,124.42864036560059,148.89447784423828,238.40145206451416,61.5831298828125,248.85728073120117,297.78895568847656,476.8029041290283,179.68604278564453,362.83009243011475,179.68604278564453,476.8029041290283,0.28075944185256957,0.7558960258960724,0.28075944185256957,0.9933393836021424,118.10291290283203,113.97281169891357,regular_ge32
2026-08-12T15:26:38.133,460,far,2,0.2363237887620926,186.56425189971924,137.1992461681366,309.7038240432739,239.23839497566223,373.1285037994385,274.3984923362732,619.4076480865479,478.47678995132446,496.26807594299316,376.4376411437988,496.26807594299316,478.47678995132446,0.7754188686609268,0.7842450857162475,0.7754188686609268,0.9968266457319259,123.13957214355469,102.03914880752563,regular_ge32
2026-08-12T15:26:38.236,461,far,1,0.39277467131614685,32.016037940979004,116.94052278995514,175.983962059021,238.95109236240387,64.03207588195801,233.88104557991028,351.967924118042,477.90218472480774,208.0,355.891615152359,208.0,477.90218472480774,0.325,0.7414408649007479,0.325,0.9956295515100161,143.967924118042,122.01056957244873,regular_ge32
2026-08-12T15:26:38.236,461,far,2,0.26788532733917236,210.78361129760742,137.6615903377533,319.0845355987549,239.70073914527893,421.56722259521484,275.3231806755066,638.1690711975098,479.40147829055786,529.8681468963623,377.3623294830322,529.8681468963623,479.40147829055786,0.8279189795255661,0.7861715197563172,0.8279189795255661,0.9987530797719956,108.30092430114746,102.03914880752563,regular_ge32
2026-08-12T15:26:38.351,462,far,1,0.33097806572914124,54.98261070251465,126.14404606819153,185.82101440429688,240.0,109.9652214050293,252.28809213638306,371.64202880859375,480.0,240.80362510681152,366.1440460681915,240.80362510681152,480.0,0.376255664229393,0.762800095975399,0.376255664229393,1.0,130.83840370178223,113.85595393180847,regular_ge32
2026-08-12T15:26:38.351,462,far,2,0.2613641023635864,227.15777397155762,145.90834712982178,306.7203617095947,240.0,454.31554794311523,291.81669425964355,613.4407234191895,480.0,533.8781356811523,385.9083471298218,533.8781356811523,480.0,0.8341845870018005,0.8039757231871287,0.8341845870018005,1.0,79.56258773803711,94.09165287017822,regular_ge32
2026-08-12T15:26:38.453,463,far,1,0.4169939160346985,39.24948596954346,134.33749651908875,170.08788967132568,238.3471176624298,78.49897193908691,268.6749930381775,340.17577934265137,476.6942353248596,209.33737564086914,372.68461418151855,209.33737564086914,476.6942353248596,0.32708964943885804,0.7764262795448303,0.32708964943885804,0.9931129902601242,130.83840370178223,104.00962114334106,regular_ge32
2026-08-12T15:26:38.453,463,far,2,0.2949781119823456,234.62982892990112,149.5079264640808,301.0065197944641,240.0,469.25965785980225,299.0158529281616,602.0130395889282,480.0,535.6363487243652,389.5079264640808,535.6363487243652,480.0,0.8369317948818207,0.8114748468001683,0.8369317948818207,1.0,66.37669086456299,90.49207353591919,regular_ge32
2026-08-12T15:26:38.563,464,far,1,0.4251631200313568,53.51477289199829,137.47238993644714,184.35317659378052,240.0,107.02954578399658,274.9447798728943,368.70635318756104,480.0,237.8679494857788,377.47238993644714,237.8679494857788,480.0,0.3716686710715294,0.7864008123675982,0.3716686710715294,1.0,130.83840370178223,102.52761006355286,regular_ge32
2026-08-12T15:26:38.666,465,far,1,0.39277467131614685,84.25042629241943,156.26277041435242,194.9652910232544,239.29891896247864,168.50085258483887,312.52554082870483,389.9305820465088,478.5978379249573,279.2157173156738,395.56168937683105,279.2157173156738,478.5978379249573,0.43627455830574036,0.824086852868398,0.43627455830574036,0.9970788290103276,110.71486473083496,83.03614854812622,regular_ge32
2026-08-12T15:26:38.666,465,far,2,0.21299070119857788,239.22648096084595,163.09087085723877,312.9318013191223,232.22451496124268,478.4529619216919,326.18174171447754,625.8636026382446,464.44902992248535,552.1582822799683,395.31538581848145,552.1582822799683,464.44902992248535,0.8627473160624504,0.8235737204551696,0.8627473160624504,0.9676021456718444,73.70532035827637,69.1336441040039,regular_ge32
2026-08-12T15:26:38.783,466,far,1,0.2613641023635864,103.44664716720581,181.32366979122162,195.62483930587769,236.6026600599289,206.89329433441162,362.64733958244324,391.24967861175537,473.2053201198578,299.0714864730835,417.9263298511505,299.0714864730835,473.2053201198578,0.467299197614193,0.8706798538565635,0.467299197614193,0.9858444169163704,92.17819213867188,55.278990268707275,regular_ge32
2026-08-12T15:26:38.884,467,far,1,0.2363237887620926,125.08415126800537,178.15491831302643,277.04790019989014,234.87262761592865,250.16830253601074,356.30983662605286,554.0958003997803,469.7452552318573,402.1320514678955,413.0275459289551,402.1320514678955,469.7452552318573,0.6283313304185867,0.8604740540186564,0.6283313304185867,0.9786359483997027,151.96374893188477,56.71770930290222,regular_ge32
2026-08-12T15:26:38.996,468,far,1,0.23032912611961365,136.09505701065063,174.51202487945557,290.7350354194641,237.2394094467163,272.19011402130127,349.02404975891113,581.4700708389282,474.4788188934326,426.83009243011475,411.7514343261719,426.83009243011475,474.4788188934326,0.6669220194220543,0.8578154881795247,0.6669220194220543,0.9884975393613179,154.63997840881348,62.72738456726074,regular_ge32
2026-08-12T15:26:42.306,499,far,1,0.27450883388519287,176.69724440574646,215.8286176919937,194.218914270401,238.80905139446259,353.3944888114929,431.6572353839874,388.437828540802,477.61810278892517,370.91615867614746,454.6376690864563,370.91615867614746,477.61810278892517,0.5795564979314805,0.947161810596784,0.5795564979314805,0.9950377141435941,17.52166986465454,22.980433702468872,small_16_32
2026-08-12T15:26:43.486,510,far,1,0.20742715895175934,43.184804916381836,212.1790080666542,107.81573295593262,238.88504976034164,86.36960983276367,424.3580161333084,215.63146591186523,477.7700995206833,151.00053787231445,451.06405782699585,151.00053787231445,477.7700995206833,0.23593834042549133,0.9397167871395747,0.23593834042549133,0.9953543740014236,64.63092803955078,26.70604169368744,small_16_32
2026-08-12T15:26:44.014,515,far,1,0.24863308668136597,0.0,3.287571430206299,21.048907995224,141.24842977523804,0.0,6.575142860412598,42.097815990448,282.4968595504761,21.048907995224,144.53600120544434,21.048907995224,282.4968595504761,0.0328889187425375,0.30111666917800906,0.0328889187425375,0.5885351240634918,21.048907995224,137.96085834503174,regular_ge32
2026-08-12T15:26:44.014,515,far,2,0.2363237887620926,82.0318512916565,160.72309559583664,93.9681487083435,186.64404040575027,164.063702583313,321.4461911916733,187.936297416687,373.28808081150055,176.0,347.3671360015869,176.0,373.28808081150055,0.275,0.7236815333366394,0.275,0.7776835016906262,11.936297416687012,25.920944809913635,small_16_32
2026-08-12T15:26:44.014,515,far,3,0.21299070119857788,15.998419880867004,172.79753452539444,26.83167254924774,201.984648168087,31.99683976173401,345.5950690507889,53.66334509849548,403.969296336174,42.830092430114746,374.78218269348145,42.830092430114746,403.969296336174,0.0669220194220543,0.780796213944753,0.0669220194220543,0.8416027007003625,10.833252668380737,29.187113642692566,small_16_32
2026-08-12T15:26:44.231,517,far,1,0.5748369097709656,112.14601242542267,191.2196574807167,125.72193706035614,220.40677112340927,224.29202485084534,382.4393149614334,251.44387412071228,440.81354224681854,237.8679494857788,411.626428604126,237.8679494857788,440.81354224681854,0.3716686710715294,0.8575550595919291,0.3716686710715294,0.9183615463475386,13.575924634933472,29.187113642692566,small_16_32
2026-08-12T15:26:44.231,517,far,2,0.33097806572914124,95.57680684328079,192.2933573126793,104.78684443235397,212.63515716791153,191.15361368656158,384.5867146253586,209.57368886470795,425.27031433582306,200.36365127563477,404.9285144805908,200.36365127563477,425.27031433582306,0.31306820511817934,0.8436010718345642,0.31306820511817934,0.8859798215329647,9.210037589073181,20.34179985523224,small_16_32
2026-08-12T15:26:44.231,517,far,3,0.3019951581954956,84.19089937210083,195.35343313217163,95.74801588058472,216.97831773757935,168.38179874420166,390.70686626434326,191.49603176116943,433.9566354751587,179.93891525268555,412.331750869751,179.93891525268555,433.9566354751587,0.2811545550823212,0.8590244809786479,0.2811545550823212,0.9040763239065807,11.557116508483887,21.624884605407715,small_16_32
2026-08-12T15:26:44.231,517,far,4,0.26788532733917236,52.176779985427856,203.79427260160446,61.69136691093445,228.20572739839554,104.35355997085571,407.5885452032089,123.3827338218689,456.4114547967911,113.8681468963623,432.0,113.8681468963623,456.4114547967911,0.1779189795255661,0.9,0.1779189795255661,0.9508571974933148,9.514586925506592,24.411454796791077,small_16_32
2026-08-12T15:26:44.345,518,far,1,0.6690219640731812,115.76886665821075,188.83997356891632,128.9157475233078,219.78949344158173,231.5377333164215,377.67994713783264,257.8314950466156,439.57898688316345,244.68461418151855,408.62946701049805,244.68461418151855,439.57898688316345,0.3823197096586227,0.8513113896052042,0.3823197096586227,0.9157895560065905,13.146880865097046,30.949519872665405,small_16_32
2026-08-12T15:26:44.345,518,far,2,0.5251132845878601,95.41529619693756,190.25852984189987,106.2485488653183,214.66998463869095,190.83059239387512,380.51705968379974,212.4970977306366,429.3399692773819,201.66384506225586,404.9285144805908,201.66384506225586,429.3399692773819,0.3150997579097748,0.8436010718345642,0.3150997579097748,0.894458269327879,10.833252668380737,24.411454796791077,small_16_32
2026-08-12T15:26:44.345,518,far,3,0.441620409488678,55.32183599472046,202.62029415369034,66.87895250320435,227.77649825811386,110.64367198944092,405.2405883073807,133.7579050064087,455.5529965162277,122.2007884979248,430.3967924118042,122.2007884979248,455.5529965162277,0.1909387320280075,0.8966599841912587,0.1909387320280075,0.949068742742141,11.557116508483887,25.156204104423523,small_16_32
2026-08-12T15:26:44.345,518,far,4,0.23032912611961365,46.8021879196167,188.19608515501022,56.955421924591064,212.6075399518013,93.6043758392334,376.39217031002045,113.91084384918213,425.2150799036026,103.75760984420776,400.8036251068115,103.75760984420776,425.2150799036026,0.16212126538157462,0.8350075523058573,0.16212126538157462,0.8858647497991721,10.153234004974365,24.411454796791077,small_16_32
2026-08-12T15:26:44.345,518,far,5,0.20742715895175934,133.4595329761505,188.46296042203903,144.64907717704773,212.8744152188301,266.919065952301,376.92592084407806,289.29815435409546,425.7488304376602,278.10861015319824,401.33737564086914,278.10861015319824,425.7488304376602,0.43454470336437223,0.836119532585144,0.43454470336437223,0.8869767300784588,11.189544200897217,24.411454796791077,small_16_32
2026-08-12T15:26:44.448,519,far,1,0.4251631200313568,117.16832792758942,192.64828890562057,128.00158059597015,217.05974370241165,234.33665585517883,385.29657781124115,256.0031611919403,434.1194874048233,245.16990852355957,409.7080326080322,245.16990852355957,434.1194874048233,0.3830779820680618,0.8535584012667338,0.3830779820680618,0.9044155987600485,10.833252668380737,24.411454796791077,small_16_32
2026-08-12T15:26:44.448,519,far,2,0.33097806572914124,144.11463099718094,190.2535834312439,153.32466858625412,211.8784680366516,288.2292619943619,380.5071668624878,306.64933717250824,423.7569360733032,297.43929958343506,402.1320514678955,297.43929958343506,423.7569360733032,0.4647489055991173,0.8377751072247823,0.4647489055991173,0.8828269501527151,9.210037589073181,21.624884605407715,small_16_32
2026-08-12T15:26:44.448,519,far,3,0.30910593271255493,134.0993326306343,190.63070338964462,143.3093702197075,210.97250324487686,268.1986652612686,381.26140677928925,286.618740439415,421.9450064897537,277.4087028503418,401.6032066345215,277.4087028503418,421.9450064897537,0.43345109820365907,0.8366733471552531,0.43345109820365907,0.8790520968536536,9.210037589073181,20.34179985523224,small_16_32
2026-08-12T15:26:44.448,519,far,4,0.24863308668136597,55.806661665439606,206.48266261816025,64.43572801351547,223.91412979364395,111.61332333087921,412.9653252363205,128.87145602703094,447.8282595872879,120.24238967895508,430.3967924118042,120.24238967895508,447.8282595872879,0.18787873387336732,0.8966599841912587,0.18787873387336732,0.9329755408068497,8.629066348075867,17.431467175483704,small_16_32
2026-08-12T15:26:44.448,519,far,5,0.23032912611961365,100.48707014322281,194.8276582956314,109.11613649129868,212.80869042873383,200.97414028644562,389.6553165912628,218.23227298259735,425.61738085746765,209.60320663452148,407.63634872436523,209.60320663452148,425.61738085746765,0.3275050103664398,0.8492423931757609,0.3275050103664398,0.8867028767863909,8.629066348075867,17.981032133102417,small_16_32
2026-08-12T15:26:44.564,520,far,1,0.4832499325275421,115.47125363349915,192.01309317350388,126.66079783439636,216.42454797029495,230.9425072669983,384.02618634700775,253.32159566879272,432.8490959405899,242.1320514678955,408.4376411437988,242.1320514678955,432.8490959405899,0.37833133041858674,0.8509117523829143,0.37833133041858674,0.901768949876229,11.189544200897217,24.411454796791077,small_16_32
2026-08-12T15:26:44.564,520,far,2,0.4251631200313568,159.02388715744019,221.06511110067368,168.53847408294678,238.49657827615738,318.04777431488037,442.13022220134735,337.07694816589355,476.99315655231476,327.56236124038696,459.56168937683105,327.56236124038696,476.99315655231476,0.5118161894381046,0.9574201862017314,0.5118161894381046,0.9937357428173225,9.514586925506592,17.431467175483704,small_16_32
2026-08-12T15:26:44.564,520,far,3,0.3690716028213501,131.01677852869034,190.9383563399315,139.6458448767662,210.66485029459,262.0335570573807,381.876712679863,279.2916897535324,421.32970058918,270.66262340545654,401.6032066345215,270.66262340545654,421.32970058918,0.42291034907102587,0.8366733471552531,0.42291034907102587,0.8777702095607917,8.629066348075867,19.72649395465851,small_16_32
2026-08-12T15:26:44.564,520,far,4,0.31630825996398926,99.01677852869034,195.67248409986496,107.6458448767662,212.56990557909012,198.03355705738068,391.3449681997299,215.2916897535324,425.13981115818024,206.66262340545654,408.2423896789551,206.66262340545654,425.13981115818024,0.32291034907102584,0.850504978497823,0.32291034907102584,0.8857079399128754,8.629066348075867,16.89742147922516,small_16_32
2026-08-12T15:26:44.564,520,far,5,0.30910593271255493,55.044577836990356,205.82910007238388,65.19781184196472,226.17089992761612,110.08915567398071,411.65820014476776,130.39562368392944,452.34179985523224,120.24238967895508,432.0,120.24238967895508,452.34179985523224,0.18787873387336732,0.9,0.18787873387336732,0.9423787496984005,10.153234004974365,20.34179985523224,small_16_32
2026-08-12T15:26:44.564,520,far,6,0.3019951581954956,145.44766771793365,190.27079099416733,154.36262357234955,209.99728494882584,290.8953354358673,380.54158198833466,308.7252471446991,419.9945698976517,299.8102912902832,400.26807594299316,299.8102912902832,419.9945698976517,0.4684535801410675,0.8338918248812358,0.4684535801410675,0.8749886872867744,8.914955854415894,19.72649395465851,small_16_32
2026-08-12T15:26:44.564,520,far,7,0.3019951581954956,189.1549060344696,172.8264515399933,203.62937664985657,225.3054015636444,378.3098120689392,345.6529030799866,407.25875329971313,450.6108031272888,392.7842826843262,398.1318531036377,392.7842826843262,450.6108031272888,0.6137254416942597,0.8294413606325786,0.6137254416942597,0.9387725065151851,14.474470615386963,52.47895002365112,regular_ge32
2026-08-12T15:26:44.564,520,far,8,0.2019716501235962,46.25463664531708,188.5188694000244,56.74255669116974,210.14375400543213,92.50927329063416,377.0377388000488,113.48511338233948,420.28750801086426,102.99719333648682,398.66262340545654,102.99719333648682,420.28750801086426,0.16093311458826065,0.8305471320947011,0.16093311458826065,0.8755989750226338,10.487920045852661,21.624884605407715,small_16_32
2026-08-12T15:26:44.670,521,far,1,0.4665374755859375,115.42472779750824,191.32491677999496,125.9126478433609,215.01123815774918,230.84945559501648,382.64983355998993,251.8252956867218,430.02247631549835,241.33737564086914,406.33615493774414,241.33737564086914,430.02247631549835,0.37708964943885803,0.8465336561203003,0.37708964943885803,0.8958801589906216,10.487920045852661,23.68632137775421,small_16_32
2026-08-12T15:26:44.670,521,far,2,0.36130279302597046,55.20675015449524,206.09710067510605,65.03563952445984,226.4389005303383,110.41350030899048,412.1942013502121,130.07127904891968,452.8778010606766,120.24238967895508,432.53600120544434,120.24238967895508,452.8778010606766,0.18787873387336732,0.901116669178009,0.18787873387336732,0.9434954188764095,9.8288893699646,20.34179985523224,small_16_32
2026-08-12T15:26:44.670,521,far,3,0.35360580682754517,130.88386303186417,190.9383563399315,139.51292937994003,210.66485029459,261.76772606372833,381.876712679863,279.02585875988007,421.32970058918,270.3967924118042,401.6032066345215,270.3967924118042,421.32970058918,0.42249498814344405,0.8366733471552531,0.42249498814344405,0.8777702095607917,8.629066348075867,19.72649395465851,small_16_32
2026-08-12T15:26:44.670,521,far,4,0.3384403884410858,98.72629290819168,195.03135454654694,107.93633049726486,213.01238667964935,197.45258581638336,390.0627090930939,215.87266099452972,426.0247733592987,206.66262340545654,408.0437412261963,206.66262340545654,426.0247733592987,0.32291034907102584,0.8500911275545756,0.32291034907102584,0.8875516111652056,9.210037589073181,17.981032133102417,small_16_32
2026-08-12T15:26:44.670,521,far,5,0.3019951581954956,159.1215114593506,221.96529000997543,168.63609838485718,237.350095808506,318.2430229187012,443.93058001995087,337.27219676971436,474.700191617012,327.75760984420776,459.31538581848145,327.75760984420776,474.700191617012,0.5121212653815747,0.956907053788503,0.5121212653815747,0.9889587325354418,9.514586925506592,15.384805798530579,tiny_lt16
2026-08-12T15:26:44.670,521,far,6,0.24242530763149261,188.23223209381104,169.62862920761108,205.20706748962402,229.30057001113892,376.46446418762207,339.25725841522217,410.41413497924805,458.60114002227783,393.43929958343506,398.92919921875,393.43929958343506,458.60114002227783,0.6147489055991173,0.8311024983723958,0.6147489055991173,0.9554190417130788,16.97483539581299,59.67194080352783,regular_ge32
2026-08-12T15:26:44.670,521,far,7,0.23032912611961365,144.14648747444153,189.6950621008873,153.97537684440613,210.03686195611954,288.29297494888306,379.3901242017746,307.95075368881226,420.0737239122391,298.12186431884766,399.73192405700684,298.12186431884766,420.0737239122391,0.46581541299819945,0.8327748417854309,0.46581541299819945,0.8751535914838314,9.8288893699646,20.34179985523224,small_16_32
2026-08-12T15:26:44.793,522,far,1,0.5083773732185364,115.91147196292877,190.96235007047653,126.74472463130951,215.3738048672676,231.82294392585754,381.92470014095306,253.48944926261902,430.7476097345352,242.65619659423828,406.33615493774414,242.65619659423828,430.7476097345352,0.3791503071784973,0.8465336561203003,0.3791503071784973,0.897390853613615,10.833252668380737,24.411454796791077,small_16_32
2026-08-12T15:26:44.793,522,far,2,0.4169939160346985,130.88386303186417,190.67215245962143,139.51292937994003,210.39864641427994,261.76772606372833,381.34430491924286,279.02585875988007,420.7972928285599,270.3967924118042,401.07079887390137,270.3967924118042,420.7972928285599,0.42249498814344405,0.8355641643206279,0.42249498814344405,0.8766610267261664,8.629066348075867,19.72649395465851,small_16_32
2026-08-12T15:26:44.793,522,far,3,0.3848111629486084,158.77082133293152,221.33213394880295,168.59971070289612,238.2295554280281,317.54164266586304,442.6642678976059,337.19942140579224,476.4591108560562,327.37053203582764,459.56168937683105,327.37053203582764,476.4591108560562,0.5115164563059806,0.9574201862017314,0.5115164563059806,0.9926231476167838,9.8288893699646,16.89742147922516,small_16_32
2026-08-12T15:26:44.793,522,far,4,0.34598395228385925,98.6084486246109,194.8479533791542,107.5234044790268,213.39443629980087,197.2168972492218,389.6959067583084,215.0468089580536,426.78887259960175,206.1318531036377,408.2423896789551,206.1318531036377,426.78887259960175,0.3220810204744339,0.850504978497823,0.3220810204744339,0.8891434845825036,8.914955854415894,18.546482920646667,small_16_32
2026-08-12T15:26:44.793,522,far,5,0.31630825996398926,189.59974431991577,171.60889744758606,203.61807489395142,225.47494292259216,379.19948863983154,343.2177948951721,407.23614978790283,450.9498858451843,393.2178192138672,397.0838403701782,393.2178192138672,450.9498858451843,0.6144028425216674,0.8272580007712046,0.6144028425216674,0.939478928844134,14.018330574035645,53.8660454750061,regular_ge32
2026-08-12T15:26:44.793,522,far,6,0.3019951581954956,144.11463099718094,189.56109899282455,153.32466858625412,209.9028988480568,288.2292619943619,379.1221979856491,306.64933717250824,419.8057976961136,297.43929958343506,399.46399784088135,297.43929958343506,419.8057976961136,0.4647489055991173,0.8322166621685028,0.4647489055991173,0.8745954118669033,9.210037589073181,20.34179985523224,small_16_32
2026-08-12T15:26:44.793,522,far,7,0.2880568504333496,55.107425928115845,204.6317099928856,64.93631529808044,224.97350984811783,110.21485185623169,409.2634199857712,129.8726305961609,449.94701969623566,120.04374122619629,429.6052198410034,120.04374122619629,449.94701969623566,0.1875683456659317,0.8950108746687572,0.1875683456659317,0.9373896243671577,9.8288893699646,20.34179985523224,small_16_32
2026-08-12T15:26:44.793,522,far,8,0.2363237887620926,46.33123421669006,192.94591480493546,56.48446822166443,211.49239772558212,92.66246843338013,385.8918296098709,112.96893644332886,422.98479545116425,102.81570243835449,404.4383125305176,102.81570243835449,422.98479545116425,0.1606495350599289,0.8425798177719116,0.1606495350599289,0.8812183238565922,10.153234004974365,18.546482920646667,small_16_32
2026-08-12T15:26:44.897,523,far,1,0.4748867154121399,116.1208336353302,190.2443009018898,127.31037783622742,215.40050500631332,232.2416672706604,380.4886018037796,254.62075567245483,430.80101001262665,243.43121147155762,405.6448059082031,243.43121147155762,430.80101001262665,0.3803612679243088,0.8450933456420898,0.3803612679243088,0.8975021041929722,11.189544200897217,25.156204104423523,small_16_32
2026-08-12T15:26:44.897,523,far,2,0.39277467131614685,131.81052267551422,189.16041177511215,140.72547852993011,209.5022116303444,263.62104535102844,378.3208235502243,281.45095705986023,419.0044232606888,272.53600120544434,398.66262340545654,272.53600120544434,419.0044232606888,0.4258375018835068,0.8305471320947011,0.4258375018835068,0.8729258817931016,8.914955854415894,20.34179985523224,small_16_32
2026-08-12T15:26:44.897,523,far,3,0.36130279302597046,189.3716742992401,172.43242764472961,203.84614491462708,224.91137766838074,378.7433485984802,344.86485528945923,407.69228982925415,449.8227553367615,393.2178192138672,397.34380531311035,393.2178192138672,449.8227553367615,0.6144028425216674,0.8277995944023132,0.6144028425216674,0.9371307402849197,14.474470615386963,52.47895002365112,regular_ge32
2026-08-12T15:26:44.897,523,far,4,0.35360580682754517,98.47649681568146,194.0637890100479,107.39145267009735,212.04482114315033,196.95299363136292,388.1275780200958,214.7829053401947,424.08964228630066,205.8679494857788,406.10861015319824,205.8679494857788,424.08964228630066,0.3216686710715294,0.8460596044858296,0.3216686710715294,0.8835200880964597,8.914955854415894,17.981032133102417,small_16_32
2026-08-12T15:26:44.897,523,far,5,0.32359981536865234,144.60345423221588,188.89502662420273,153.51841008663177,209.23682647943497,289.20690846443176,377.79005324840546,307.03682017326355,418.47365295886993,298.12186431884766,398.1318531036377,298.12186431884766,418.47365295886993,0.46581541299819945,0.8294413606325786,0.46581541299819945,0.8718201103309791,8.914955854415894,20.34179985523224,small_16_32
2026-08-12T15:26:44.897,523,far,6,0.32359981536865234,159.02388715744019,221.12370884418488,168.53847408294678,236.99815547466278,318.04777431488037,442.24741768836975,337.07694816589355,473.99631094932556,327.56236124038696,458.12186431884766,327.56236124038696,473.99631094932556,0.5118161894381046,0.9544205506642659,0.5118161894381046,0.9874923144777615,9.514586925506592,15.874446630477905,tiny_lt16
2026-08-12T15:26:44.897,523,far,7,0.3019951581954956,54.13986039161682,204.29373162984848,63.96874976158142,224.020225584507,108.27972078323364,408.58746325969696,127.93749952316284,448.040451169014,118.10861015319824,428.31395721435547,118.10861015319824,448.040451169014,0.18454470336437226,0.8923207441965739,0.18454470336437226,0.9334176066021125,9.8288893699646,19.72649395465851,small_16_32
2026-08-12T15:26:44.897,523,far,8,0.2613641023635864,46.33123421669006,192.23160737752914,56.48446822166443,211.95810133218765,92.66246843338013,384.4632147550583,112.96893644332886,423.9162026643753,102.81570243835449,404.1897087097168,102.81570243835449,423.9162026643753,0.1606495350599289,0.8420618931452434,0.1606495350599289,0.8831587555507819,10.153234004974365,19.72649395465851,small_16_32
2026-08-12T15:26:45.014,524,far,1,0.4748867154121399,115.51744711399078,189.86193054914474,126.35069978237152,215.78287535905838,231.03489422798157,379.7238610982895,252.70139956474304,431.56575071811676,241.8681468963623,405.6448059082031,241.8681468963623,431.56575071811676,0.3779189795255661,0.8450933456420898,0.3779189795255661,0.8990953139960766,10.833252668380737,25.920944809913635,small_16_32
2026-08-12T15:26:45.014,524,far,2,0.400795578956604,131.27452099323273,188.8440756201744,140.18947684764862,209.81854778528214,262.54904198646545,377.6881512403488,280.37895369529724,419.63709557056427,271.46399784088135,398.66262340545654,271.46399784088135,419.63709557056427,0.4241624966263771,0.8305471320947011,0.4241624966263771,0.8742439491053422,8.914955854415894,20.974472165107727,small_16_32
2026-08-12T15:26:45.014,524,far,3,0.35360580682754517,190.4665058851242,173.13928377628326,203.19733917713165,222.9218019247055,380.9330117702484,346.2785675525665,406.3946783542633,445.843603849411,393.66384506225586,396.06108570098877,393.66384506225586,445.843603849411,0.6150997579097748,0.82512726187706,0.6150997579097748,0.9288408413529397,12.730833292007446,49.78251814842224,regular_ge32
2026-08-12T15:26:45.014,524,far,4,0.35360580682754517,159.32184767723083,221.22577929496765,168.83643460273743,237.6043131351471,318.64369535446167,442.4515585899353,337.67286920547485,475.2086262702942,328.15828227996826,458.83009243011475,328.15828227996826,475.2086262702942,0.5127473160624504,0.9558960258960724,0.5127473160624504,0.9900179713964462,9.514586925506592,16.378533840179443,small_16_32
2026-08-12T15:26:45.014,524,far,5,0.33097806572914124,144.7201191186905,188.31537383794785,153.63507497310638,209.28984600305557,289.440238237381,376.6307476758957,307.27014994621277,418.57969200611115,298.3551940917969,397.6052198410034,298.3551940917969,418.57969200611115,0.46617999076843264,0.8283442080020904,0.46617999076843264,0.8720410250127315,8.914955854415894,20.974472165107727,small_16_32
2026-08-12T15:26:45.014,524,far,6,0.31630825996398926,99.00712168216705,193.936179459095,107.92207753658295,213.06435841321945,198.0142433643341,387.87235891819,215.8441550731659,426.1287168264389,206.92919921875,407.00053787231445,206.92919921875,426.1287168264389,0.32332687377929686,0.8479177872339885,0.32332687377929686,0.8877681600550811,8.914955854415894,19.12817895412445,small_16_32
2026-08-12T15:26:45.014,524,far,7,0.2613641023635864,54.79939007759094,203.00669711828232,64.62827944755554,223.34849697351456,109.59878015518188,406.01339423656464,129.25655889511108,446.6969939470291,119.42766952514648,426.3551940917969,119.42766952514648,446.6969939470291,0.1866057336330414,0.8882399876912435,0.1866057336330414,0.930618737389644,9.8288893699646,20.34179985523224,small_16_32
2026-08-12T15:26:45.014,524,far,8,0.2363237887620926,46.608649015426636,191.92395442724228,56.761883020401,212.26575428247452,93.21729803085327,383.84790885448456,113.523766040802,424.53150856494904,103.37053203582764,404.1897087097168,103.37053203582764,424.53150856494904,0.1615164563059807,0.8420618931452434,0.1615164563059807,0.8844406428436439,10.153234004974365,20.34179985523224,small_16_32
2026-08-12T15:26:45.118,525,far,1,0.4169939160346985,116.2141193151474,190.37922686338425,126.70203936100006,214.79068166017532,232.4282386302948,380.7584537267685,253.40407872200012,429.58136332035065,242.91615867614746,405.16990852355957,242.91615867614746,429.58136332035065,0.3795564979314804,0.844103976090749,0.3795564979314804,0.8949611735840638,10.487920045852661,24.411454796791077,small_16_32
2026-08-12T15:26:45.118,525,far,2,0.3690716028213501,190.44519746303558,175.43068540096283,202.7726217508316,220.13100397586823,380.89039492607117,350.86137080192566,405.5452435016632,440.26200795173645,393.2178192138672,395.56168937683105,393.2178192138672,440.26200795173645,0.6144028425216674,0.824086852868398,0.6144028425216674,0.9172125165661176,12.32742428779602,44.700318574905396,regular_ge32
2026-08-12T15:26:45.118,525,far,3,0.36130279302597046,131.95798873901367,188.72030526399612,140.3100872039795,207.84848421812057,263.91597747802734,377.44061052799225,280.620174407959,415.69696843624115,272.26807594299316,396.5687894821167,272.26807594299316,415.69696843624115,0.4254188686609268,0.8261849780877432,0.4254188686609268,0.8660353509088358,8.35209846496582,19.12817895412445,small_16_32
2026-08-12T15:26:45.118,525,far,4,0.3384403884410858,145.13570207357407,189.10781317949295,153.2194920182228,208.2359921336174,290.27140414714813,378.2156263589859,306.4389840364456,416.4719842672348,298.3551940917969,397.34380531311035,298.3551940917969,416.4719842672348,0.46617999076843264,0.8277995944023132,0.46617999076843264,0.8676499672234058,8.083789944648743,19.12817895412445,small_16_32
2026-08-12T15:26:45.118,525,far,5,0.32359981536865234,99.00712168216705,193.37497836351395,107.92207753658295,212.5031573176384,198.0142433643341,386.7499567270279,215.8441550731659,425.0063146352768,206.92919921875,405.87813568115234,206.92919921875,425.0063146352768,0.32332687377929686,0.845579449335734,0.32332687377929686,0.8854298221568266,8.914955854415894,19.12817895412445,small_16_32
2026-08-12T15:26:45.118,525,far,6,0.3019951581954956,159.26738095283508,220.8716652393341,169.09627032279968,237.25019907951355,318.53476190567017,441.7433304786682,338.19254064559937,474.5003981590271,328.36365127563477,458.12186431884766,328.36365127563477,474.5003981590271,0.5130682051181793,0.9544205506642659,0.5130682051181793,0.9885424961646397,9.8288893699646,16.378533840179443,small_16_32
2026-08-12T15:26:45.118,525,far,7,0.24242530763149261,54.181774377822876,203.1555603146553,63.69636130332947,222.28373926877975,108.36354875564575,406.3111206293106,127.39272260665894,444.5674785375595,117.87813568115234,425.43929958343506,117.87813568115234,444.5674785375595,0.18418458700180054,0.8863318741321564,0.18418458700180054,0.926182246953249,9.514586925506592,19.12817895412445,small_16_32
2026-08-12T15:26:45.118,525,far,8,0.22444185614585876,46.802832424640656,192.65506678819656,56.01287001371384,211.78324574232101,93.60566484928131,385.3101335763931,112.02574002742767,423.56649148464203,102.81570243835449,404.4383125305176,102.81570243835449,423.56649148464203,0.1606495350599289,0.8425798177719116,0.1606495350599289,0.8824301905930042,9.210037589073181,19.12817895412445,small_16_32
2026-08-12T15:26:45.235,526,far,1,0.4498997628688812,115.82206571102142,189.88912695646286,126.30998575687408,214.30058175325394,231.64413142204285,379.7782539129257,252.61997151374817,428.6011635065079,242.1320514678955,404.1897087097168,242.1320514678955,428.6011635065079,0.37833133041858674,0.8420618931452434,0.37833133041858674,0.8929190906385581,10.487920045852661,24.411454796791077,small_16_32
2026-08-12T15:26:45.235,526,far,2,0.37690892815589905,131.2836542725563,188.72030526399612,139.91272062063217,207.84848421812057,262.5673085451126,377.44061052799225,279.82544124126434,415.69696843624115,271.1963748931885,396.5687894821167,271.1963748931885,415.69696843624115,0.423744335770607,0.8261849780877432,0.423744335770607,0.8660353509088358,8.629066348075867,19.12817895412445,small_16_32
2026-08-12T15:26:45.235,526,far,3,0.37690892815589905,145.11959981918335,188.89502662420273,153.47169828414917,209.23682647943497,290.2391996383667,377.79005324840546,306.94339656829834,418.47365295886993,298.5912981033325,398.1318531036377,298.5912981033325,418.47365295886993,0.46654890328645704,0.8294413606325786,0.46654890328645704,0.8718201103309791,8.35209846496582,20.34179985523224,small_16_32
2026-08-12T15:26:45.235,526,far,4,0.37690892815589905,191.58282494544983,175.91064262390137,202.77236914634705,219.40474319458008,383.16564989089966,351.82128524780273,405.5447382926941,438.80948638916016,394.3551940917969,395.31538581848145,394.3551940917969,438.80948638916016,0.6161799907684327,0.8235737204551696,0.6161799907684327,0.914186429977417,11.189544200897217,43.49410057067871,regular_ge32
2026-08-12T15:26:45.235,526,far,5,0.31630825996398926,98.87383377552032,192.2933573126793,107.78878962993622,212.63515716791153,197.74766755104065,384.5867146253586,215.57757925987244,425.27031433582306,206.66262340545654,404.9285144805908,206.66262340545654,425.27031433582306,0.32291034907102584,0.8436010718345642,0.32291034907102584,0.8859798215329647,8.914955854415894,20.34179985523224,small_16_32
2026-08-12T15:26:45.235,526,far,6,0.26788532733917236,159.68114644289017,221.72046959400177,168.89118403196335,237.59491622447968,319.36229288578033,443.44093918800354,337.7823680639267,475.18983244895935,328.5723304748535,459.31538581848145,328.5723304748535,475.18983244895935,0.5133942663669586,0.956907053788503,0.5133942663669586,0.9899788176019987,9.210037589073181,15.874446630477905,tiny_lt16
2026-08-12T15:26:45.235,526,far,7,0.2549463212490082,46.38869094848633,191.67212146520615,55.90327787399292,212.01392132043839,92.77738189697266,383.3442429304123,111.80655574798584,424.02784264087677,102.29196882247925,403.68604278564453,102.29196882247925,424.02784264087677,0.15983120128512382,0.8410125891367595,0.15983120128512382,0.88339133883516,9.514586925506592,20.34179985523224,small_16_32
2026-08-12T15:26:45.235,526,far,8,0.2549463212490082,54.36590600013733,203.08244794607162,64.19479537010193,222.80894190073013,108.73181200027466,406.16489589214325,128.38959074020386,445.61788380146027,118.56070137023926,425.89138984680176,118.56070137023926,445.61788380146027,0.18525109589099883,0.8872737288475037,0.18525109589099883,0.9283705912530422,9.8288893699646,19.72649395465851,small_16_32
2026-08-12T15:26:45.342,527,far,1,0.4498997628688812,116.08413827419281,190.25852984189987,126.57205832004547,214.66998463869095,232.16827654838562,380.51705968379974,253.14411664009094,429.3399692773819,242.65619659423828,404.9285144805908,242.65619659423828,429.3399692773819,0.3791503071784973,0.8436010718345642,0.3791503071784973,0.894458269327879,10.487920045852661,24.411454796791077,small_16_32
2026-08-12T15:26:45.342,527,far,2,0.39277467131614685,131.2885503768921,189.10781317949295,139.6406488418579,208.2359921336174,262.5771007537842,378.2156263589859,279.2812976837158,416.4719842672348,270.92919921875,397.34380531311035,270.92919921875,416.4719842672348,0.4233268737792969,0.8277995944023132,0.4233268737792969,0.8676499672234058,8.35209846496582,19.12817895412445,small_16_32
2026-08-12T15:26:45.342,527,far,3,0.3848111629486084,144.43286037445068,188.76307481527328,152.7849588394165,209.10487467050552,288.86572074890137,377.52614963054657,305.569917678833,418.20974934101105,297.2178192138672,397.8679494857788,297.2178192138672,418.20974934101105,0.46440284252166747,0.8288915614287059,0.46440284252166747,0.8712703111271064,8.35209846496582,20.34179985523224,small_16_32
2026-08-12T15:26:45.342,527,far,4,0.3384403884410858,98.87383377552032,192.47906011343002,107.78878962993622,212.20555406808853,197.74766755104065,384.95812022686005,215.57757925987244,424.41110813617706,206.66262340545654,404.68461418151855,206.66262340545654,424.41110813617706,0.32291034907102584,0.843092946211497,0.32291034907102584,0.8841898086170356,8.914955854415894,19.72649395465851,small_16_32
2026-08-12T15:26:45.342,527,far,5,0.28123316168785095,159.22083592414856,220.84693831205368,168.73542284965515,237.74435979127884,318.4416718482971,441.69387662410736,337.4708456993103,475.4887195825577,327.9562587738037,458.5912981033325,327.9562587738037,475.4887195825577,0.5124316543340683,0.955398537715276,0.5124316543340683,0.9906014991303285,9.514586925506592,16.89742147922516,small_16_32
2026-08-12T15:26:45.342,527,far,6,0.27450883388519287,191.5290685892105,176.87385213375092,202.36232125759125,219.18723356723785,383.058137178421,353.74770426750183,404.7246425151825,438.3744671344757,393.89138984680176,396.06108570098877,393.89138984680176,438.3744671344757,0.6154552966356277,0.82512726187706,0.6154552966356277,0.9132801398634911,10.833252668380737,42.31338143348694,regular_ge32
2026-08-12T15:26:45.342,527,far,7,0.24242530763149261,45.985162019729614,193.19101577997208,55.814051389694214,211.73749870061874,91.97032403945923,386.38203155994415,111.62810277938843,423.4749974012375,101.79921340942383,404.9285144805908,101.79921340942383,423.4749974012375,0.15906127095222472,0.8436010718345642,0.15906127095222472,0.8822395779192448,9.8288893699646,18.546482920646667,small_16_32
2026-08-12T15:26:45.342,527,far,8,0.2363237887620926,54.74297547340393,202.5150516629219,64.25756239891052,221.64323061704636,109.48595094680786,405.0301033258438,128.51512479782104,443.2864612340927,119.00053787231445,424.15828227996826,119.00053787231445,443.2864612340927,0.18593834042549134,0.8836630880832672,0.18593834042549134,0.9235134609043598,9.514586925506592,19.12817895412445,small_16_32
2026-08-12T15:26:45.468,528,far,1,0.45820698142051697,115.91147196292877,190.2443009018898,126.74472463130951,215.40050500631332,231.82294392585754,380.4886018037796,253.48944926261902,430.80101001262665,242.65619659423828,405.6448059082031,242.65619659423828,430.80101001262665,0.3791503071784973,0.8450933456420898,0.3791503071784973,0.8975021041929722,10.833252668380737,25.156204104423523,small_16_32
2026-08-12T15:26:45.468,528,far,2,0.39277467131614685,130.88987731933594,189.10781317949295,139.24197578430176,208.2359921336174,261.7797546386719,378.2156263589859,278.4839515686035,416.4719842672348,270.1318531036377,397.34380531311035,270.1318531036377,416.4719842672348,0.4220810204744339,0.8277995944023132,0.4220810204744339,0.8676499672234058,8.35209846496582,19.12817895412445,small_16_32
2026-08-12T15:26:45.468,528,far,3,0.34598395228385925,144.54360055923462,188.76307481527328,152.89569902420044,209.10487467050552,289.08720111846924,377.52614963054657,305.7913980484009,418.20974934101105,297.43929958343506,397.8679494857788,297.43929958343506,418.20974934101105,0.4647489055991173,0.8288915614287059,0.4647489055991173,0.8712703111271064,8.35209846496582,20.34179985523224,small_16_32
2026-08-12T15:26:45.468,528,far,4,0.3384403884410858,159.58528590202332,220.46186345815659,169.41417527198792,237.8933306336403,319.17057180404663,440.92372691631317,338.82835054397583,475.7866612672806,328.99946117401123,458.3551940917969,328.99946117401123,475.7866612672806,0.5140616580843925,0.9549066543579101,0.5140616580843925,0.9912222109735012,9.8288893699646,17.431467175483704,small_16_32
2026-08-12T15:26:45.468,528,far,5,0.30910593271255493,191.3990387916565,176.02090632915497,202.95615530014038,218.3342877626419,382.798077583313,352.04181265830994,405.91231060028076,436.6685755252838,394.3551940917969,394.3551940917969,394.3551940917969,436.6685755252838,0.6161799907684327,0.8215733210245768,0.6161799907684327,0.9097261990110079,11.557116508483887,42.31338143348694,regular_ge32
2026-08-12T15:26:45.468,528,far,6,0.3019951581954956,99.14070951938629,192.84110444784164,108.05566537380219,212.56759840250015,198.28141903877258,385.6822088956833,216.11133074760437,425.1351968050003,207.19637489318848,405.4087028503418,207.19637489318848,425.1351968050003,0.323744335770607,0.8446014642715454,0.323744335770607,0.8856983266770839,8.914955854415894,19.72649395465851,small_16_32
2026-08-12T15:26:45.468,528,far,7,0.2549463212490082,46.13884764909744,192.53076487779617,55.348885238170624,211.65894383192062,92.27769529819489,385.06152975559235,110.69777047634125,423.31788766384125,101.48773288726807,404.1897087097168,101.48773288726807,423.31788766384125,0.15857458263635635,0.8420618931452434,0.15857458263635635,0.881912265966336,9.210037589073181,19.12817895412445,small_16_32
2026-08-12T15:26:45.468,528,far,8,0.24242530763149261,54.85056519508362,202.4229182600975,64.36515212059021,222.149412214756,109.70113039016724,404.845836520195,128.73030424118042,444.298824429512,119.21571731567383,424.5723304748535,119.21571731567383,444.298824429512,0.18627455830574036,0.8845256884892782,0.18627455830574036,0.9256225508948167,9.514586925506592,19.72649395465851,small_16_32
2026-08-12T15:26:45.573,529,far,1,0.4251631200313568,116.08413827419281,190.73334044218063,126.57205832004547,215.1447952389717,232.16827654838562,381.46668088436127,253.14411664009094,430.2895904779434,242.65619659423828,405.87813568115234,242.65619659423828,430.2895904779434,0.3791503071784973,0.845579449335734,0.3791503071784973,0.8964366468290488,10.487920045852661,24.411454796791077,small_16_32
2026-08-12T15:26:45.573,529,far,2,0.3848111629486084,130.75139337778091,188.80865567922592,139.38045972585678,208.53514963388443,261.50278675556183,377.61731135845184,278.76091945171356,417.07029926776886,270.1318531036377,397.34380531311035,270.1318531036377,417.07029926776886,0.4220810204744339,0.8277995944023132,0.4220810204744339,0.8688964568078518,8.629066348075867,19.72649395465851,small_16_32
2026-08-12T15:26:45.573,529,far,3,0.36130279302597046,144.63116174936295,188.57869046926498,153.2602280974388,209.5531626343727,289.2623234987259,377.15738093852997,306.5204561948776,419.1063252687454,297.89138984680176,398.1318531036377,297.89138984680176,419.1063252687454,0.46545529663562774,0.8294413606325786,0.46545529663562774,0.8731381776432197,8.629066348075867,20.974472165107727,small_16_32
2026-08-12T15:26:45.573,529,far,4,0.35360580682754517,159.37172055244446,220.54522716999054,169.20060992240906,238.52625930309296,318.7434411048889,441.0904543399811,338.4012198448181,477.0525186061859,328.5723304748535,459.0714864730835,328.5723304748535,477.0525186061859,0.5133942663669586,0.9563989301522573,0.5133942663669586,0.9938594137628873,9.8288893699646,17.981032133102417,small_16_32
2026-08-12T15:26:45.573,529,far,5,0.31630825996398926,99.15006643533707,193.31171280145645,107.77913278341293,211.85819572210312,198.30013287067413,386.6234256029129,215.55826556682587,423.71639144420624,206.92919921875,405.16990852355957,206.92919921875,423.71639144420624,0.32332687377929686,0.844103976090749,0.32332687377929686,0.8827424821754296,8.629066348075867,18.546482920646667,small_16_32
2026-08-12T15:26:45.573,529,far,6,0.31630825996398926,191.053364276886,175.91064262390137,202.61048078536987,219.40474319458008,382.106728553772,351.82128524780273,405.22096157073975,438.80948638916016,393.66384506225586,395.31538581848145,393.66384506225586,438.80948638916016,0.6150997579097748,0.8235737204551696,0.6150997579097748,0.914186429977417,11.557116508483887,43.49410057067871,regular_ge32
2026-08-12T15:26:45.573,529,far,7,0.22444185614585876,45.82298970222473,190.9383563399315,55.9762237071991,210.66485029459,91.64597940444946,381.876712679863,111.9524474143982,421.32970058918,101.79921340942383,401.6032066345215,101.79921340942383,421.32970058918,0.15906127095222472,0.8366733471552531,0.15906127095222472,0.8777702095607917,10.153234004974365,19.72649395465851,small_16_32
2026-08-12T15:26:45.573,529,far,8,0.21299070119857788,54.956541299819946,202.85640281438828,64.47112822532654,222.58289676904678,109.91308259963989,405.71280562877655,128.94225645065308,445.16579353809357,119.42766952514648,425.43929958343506,119.42766952514648,445.16579353809357,0.1866057336330414,0.8863318741321564,0.1866057336330414,0.927428736537695,9.514586925506592,19.72649395465851,small_16_32
2026-08-12T15:26:45.687,530,far,1,0.4498997628688812,115.82206571102142,190.73334044218063,126.30998575687408,215.1447952389717,231.64413142204285,381.46668088436127,252.61997151374817,430.2895904779434,242.1320514678955,405.87813568115234,242.1320514678955,430.2895904779434,0.37833133041858674,0.845579449335734,0.37833133041858674,0.8964366468290488,10.487920045852661,24.411454796791077,small_16_32
2026-08-12T15:26:45.687,530,far,2,0.400795578956604,144.51738935709,189.29369968175888,153.14645570516586,209.63549953699112,289.03477871418,378.58739936351776,306.2929114103317,419.27099907398224,297.66384506225586,398.92919921875,297.66384506225586,419.27099907398224,0.46509975790977476,0.8311024983723958,0.46509975790977476,0.8734812480707963,8.629066348075867,20.34179985523224,small_16_32
2026-08-12T15:26:45.687,530,far,3,0.39277467131614685,131.15526247024536,189.26867872476578,139.50736093521118,207.81516164541245,262.3105249404907,378.53735744953156,279.01472187042236,415.6303232908249,270.66262340545654,397.0838403701782,270.66262340545654,415.6303232908249,0.42291034907102587,0.8272580007712046,0.42291034907102587,0.8658965068558852,8.35209846496582,18.546482920646667,small_16_32
2026-08-12T15:26:45.687,530,far,4,0.37690892815589905,159.22083592414856,221.18941205739975,168.73542284965515,238.62087923288345,318.4416718482971,442.3788241147995,337.4708456993103,477.2417584657669,327.9562587738037,459.8102912902832,327.9562587738037,477.2417584657669,0.5124316543340683,0.9579381068547567,0.5124316543340683,0.9942536634703477,9.514586925506592,17.431467175483704,small_16_32
2026-08-12T15:26:45.687,530,far,5,0.31630825996398926,99.40848410129547,193.07582086324692,108.32343995571136,212.80231481790543,198.81696820259094,386.15164172649384,216.64687991142273,425.60462963581085,207.73192405700684,405.87813568115234,207.73192405700684,425.60462963581085,0.3245811313390732,0.845579449335734,0.3245811313390732,0.8866763117412726,8.914955854415894,19.72649395465851,small_16_32
2026-08-12T15:26:45.687,530,far,6,0.2949781119823456,191.70173490047455,177.20184636116028,202.1896549463272,218.35984301567078,383.4034698009491,354.40369272232056,404.3793098926544,436.71968603134155,393.89138984680176,395.56168937683105,393.89138984680176,436.71968603134155,0.6154552966356277,0.824086852868398,0.6154552966356277,0.9098326792319615,10.487920045852661,41.1579966545105,regular_ge32
2026-08-12T15:26:45.687,530,far,7,0.24863308668136597,46.0635986328125,191.76400882005692,55.57818555831909,210.89218777418137,92.127197265625,383.52801764011383,111.15637111663818,421.78437554836273,101.64178419113159,402.6561965942383,101.64178419113159,421.78437554836273,0.15881528779864312,0.8388670762379964,0.15881528779864312,0.878717449059089,9.514586925506592,19.12817895412445,small_16_32
2026-08-12T15:26:45.687,530,far,8,0.21299070119857788,54.85056519508362,202.3288306593895,64.36515212059021,222.67063051462173,109.70113039016724,404.657661318779,128.73030424118042,445.34126102924347,119.21571731567383,424.99946117401123,119.21571731567383,445.34126102924347,0.18627455830574036,0.8854155441125234,0.18627455830574036,0.9277942938109239,9.514586925506592,20.34179985523224,small_16_32
2026-08-12T15:26:45.795,531,far,1,0.45820698142051697,116.04145300388336,190.96235007047653,126.8747056722641,215.3738048672676,232.08290600776672,381.92470014095306,253.7494113445282,430.7476097345352,242.91615867614746,406.33615493774414,242.91615867614746,430.7476097345352,0.3795564979314804,0.8465336561203003,0.3795564979314804,0.897390853613615,10.833252668380737,24.411454796791077,small_16_32
2026-08-12T15:26:45.795,531,far,2,0.37690892815589905,131.2885503768921,188.8837371468544,139.6406488418579,207.43022006750107,262.5771007537842,377.7674742937088,279.2812976837158,414.86044013500214,270.92919921875,396.31395721435547,270.92919921875,414.86044013500214,0.4233268737792969,0.8256540775299073,0.4233268737792969,0.8642925836145878,8.35209846496582,18.546482920646667,small_16_32
2026-08-12T15:26:45.795,531,far,3,0.3690716028213501,144.4051166176796,188.71116012334824,153.03418296575546,209.68563228845596,288.8102332353592,377.4223202466965,306.0683659315109,419.3712645769119,297.43929958343506,398.3967924118042,297.43929958343506,419.3712645769119,0.4647489055991173,0.829993317524592,0.4647489055991173,0.8736901345352331,8.629066348075867,20.974472165107727,small_16_32
2026-08-12T15:26:45.795,531,far,4,0.3384403884410858,99.27452099323273,192.72170728445053,108.18947684764862,212.44820123910904,198.54904198646545,385.44341456890106,216.37895369529724,424.8964024782181,207.46399784088135,405.16990852355957,207.46399784088135,424.8964024782181,0.3241624966263771,0.844103976090749,0.3241624966263771,0.8852008384962876,8.914955854415894,19.72649395465851,small_16_32
2026-08-12T15:26:45.795,531,far,5,0.31630825996398926,191.04962956905365,174.44896054267883,203.7804628610611,220.3811318874359,382.0992591381073,348.89792108535767,407.5609257221222,440.7622637748718,394.83009243011475,394.83009243011475,394.83009243011475,440.7622637748718,0.6169220194220543,0.8225626925627391,0.6169220194220543,0.9182547161976496,12.730833292007446,45.93217134475708,regular_ge32
2026-08-12T15:26:45.795,531,far,6,0.2549463212490082,159.1215114593506,221.08703249692917,168.63609838485718,237.98445397615433,318.2430229187012,442.17406499385834,337.27219676971436,475.96890795230865,327.75760984420776,459.0714864730835,327.75760984420776,475.96890795230865,0.5121212653815747,0.9563989301522573,0.5121212653815747,0.9916018915673097,9.514586925506592,16.89742147922516,small_16_32
2026-08-12T15:26:45.795,531,far,7,0.218662291765213,45.22611999511719,190.84086221456528,56.415664196014404,211.815334379673,90.45223999023438,381.68172442913055,112.83132839202881,423.630668759346,101.64178419113159,402.6561965942383,101.64178419113159,423.630668759346,0.15881528779864312,0.8388670762379964,0.15881528779864312,0.8825638932486375,11.189544200897217,20.974472165107727,small_16_32
2026-08-12T15:26:45.913,532,far,1,0.4665374755859375,115.38497698307037,191.0746232867241,126.21822965145111,215.48607808351517,230.76995396614075,382.1492465734482,252.43645930290222,430.97215616703033,241.60320663452148,406.56070137023926,241.60320663452148,430.97215616703033,0.3775050103664398,0.8470014611879985,0.3775050103664398,0.8978586586813132,10.833252668380737,24.411454796791077,small_16_32
2026-08-12T15:26:45.913,532,far,2,0.39277467131614685,131.42213821411133,189.42221319675446,139.77423667907715,207.40324532985687,262.84427642822266,378.8444263935089,279.5484733581543,414.80649065971375,271.1963748931885,396.8254585266113,271.1963748931885,414.80649065971375,0.423744335770607,0.8267197052637736,0.423744335770607,0.8641801888744036,8.35209846496582,17.981032133102417,small_16_32
2026-08-12T15:26:45.913,532,far,3,0.3690716028213501,144.43286037445068,189.16041177511215,152.7849588394165,209.5022116303444,288.86572074890137,378.3208235502243,305.569917678833,419.0044232606888,297.2178192138672,398.66262340545654,297.2178192138672,419.0044232606888,0.46440284252166747,0.8305471320947011,0.46440284252166747,0.8729258817931016,8.35209846496582,20.34179985523224,small_16_32
2026-08-12T15:26:45.913,532,far,4,0.35360580682754517,99.00712168216705,192.72170728445053,107.92207753658295,212.44820123910904,198.0142433643341,385.44341456890106,215.8441550731659,424.8964024782181,206.92919921875,405.16990852355957,206.92919921875,424.8964024782181,0.32332687377929686,0.844103976090749,0.32332687377929686,0.8852008384962876,8.914955854415894,19.72649395465851,small_16_32
2026-08-12T15:26:45.913,532,far,5,0.2880568504333496,190.72220861911774,175.06488692760468,203.86908948421478,219.76520550251007,381.4444172382355,350.12977385520935,407.73817896842957,439.53041100502014,394.5912981033325,394.83009243011475,394.5912981033325,439.53041100502014,0.6165489032864571,0.8225626925627391,0.6165489032864571,0.9156883562604586,13.146880865097046,44.700318574905396,regular_ge32
2026-08-12T15:26:45.913,532,far,6,0.2613641023635864,159.1215114593506,220.98833012580872,168.63609838485718,237.36686396598816,318.2430229187012,441.97666025161743,337.27219676971436,474.7337279319763,327.75760984420776,458.3551940917969,327.75760984420776,474.7337279319763,0.5121212653815747,0.9549066543579101,0.5121212653815747,0.989028599858284,9.514586925506592,16.378533840179443,small_16_32
2026-08-12T15:26:45.913,532,far,7,0.23032912611961365,45.576932072639465,191.92395442724228,56.06485211849213,212.26575428247452,91.15386414527893,383.84790885448456,112.12970423698425,424.53150856494904,101.64178419113159,404.1897087097168,101.64178419113159,424.53150856494904,0.15881528779864312,0.8420618931452434,0.15881528779864312,0.8844406428436439,10.487920045852661,20.34179985523224,small_16_32
2026-08-12T15:26:45.913,532,far,8,0.21299070119857788,54.85056519508362,202.61773616075516,64.36515212059021,221.7459151148796,109.70113039016724,405.2354723215103,128.73030424118042,443.4918302297592,119.21571731567383,424.36365127563477,119.21571731567383,443.4918302297592,0.18627455830574036,0.8840909401575724,0.18627455830574036,0.923941312978665,9.514586925506592,19.12817895412445,small_16_32
2026-08-12T15:26:46.019,533,far,1,0.4665374755859375,115.91147196292877,190.61667555570602,126.74472463130951,215.0281303524971,231.82294392585754,381.23335111141205,253.48944926261902,430.0562607049942,242.65619659423828,405.6448059082031,242.65619659423828,430.0562607049942,0.3791503071784973,0.8450933456420898,0.3791503071784973,0.8959505431354046,10.833252668380737,24.411454796791077,small_16_32
2026-08-12T15:26:46.019,533,far,2,0.4251631200313568,131.02403157949448,189.39866119623184,139.10782152414322,207.9451441168785,262.04806315898895,378.7973223924637,278.21564304828644,415.890288233757,270.1318531036377,397.34380531311035,270.1318531036377,415.890288233757,0.4220810204744339,0.8277995944023132,0.4220810204744339,0.8664381004869938,8.083789944648743,18.546482920646667,small_16_32
2026-08-12T15:26:46.019,533,far,3,0.400795578956604,143.66359621286392,188.76307481527328,152.2926625609398,209.10487467050552,287.32719242572784,377.52614963054657,304.5853251218796,418.20974934101105,295.9562587738037,397.8679494857788,295.9562587738037,418.20974934101105,0.4624316543340683,0.8288915614287059,0.4624316543340683,0.8712703111271064,8.629066348075867,20.34179985523224,small_16_32
2026-08-12T15:26:46.019,533,far,4,0.3384403884410858,98.99316865205765,192.53345149755478,108.20320624113083,212.87525135278702,197.9863373041153,385.06690299510956,216.40641248226166,425.75050270557404,207.19637489318848,405.4087028503418,207.19637489318848,425.75050270557404,0.323744335770607,0.8446014642715454,0.323744335770607,0.8869802139699459,9.210037589073181,20.34179985523224,small_16_32
2026-08-12T15:26:46.019,533,far,5,0.33097806572914124,191.5290685892105,176.2583554983139,202.36232125759125,218.57173693180084,383.058137178421,352.5167109966278,404.7246425151825,437.1434738636017,393.89138984680176,394.83009243011475,393.89138984680176,437.1434738636017,0.6154552966356277,0.8225626925627391,0.6154552966356277,0.9107155705491702,10.833252668380737,42.31338143348694,regular_ge32
2026-08-12T15:26:46.019,533,far,6,0.31630825996398926,159.02388715744019,221.34647631645203,168.53847408294678,237.72501015663147,318.04777431488037,442.69295263290405,337.07694816589355,475.45002031326294,327.56236124038696,459.0714864730835,327.56236124038696,475.45002031326294,0.5118161894381046,0.9563989301522573,0.5118161894381046,0.9905208756526311,9.514586925506592,16.378533840179443,small_16_32
2026-08-12T15:26:46.019,533,far,7,0.2549463212490082,45.56339490413666,192.10621064901352,56.396647572517395,211.83270460367203,91.12678980827332,384.21242129802704,112.79329514503479,423.66540920734406,101.96004247665405,403.93891525268555,101.96004247665405,423.66540920734406,0.15931256636977195,0.8415394067764282,0.15931256636977195,0.8826362691819668,10.833252668380737,19.72649395465851,small_16_32
2026-08-12T15:26:46.019,533,far,8,0.2549463212490082,54.47664666175842,201.908241212368,64.30553603172302,222.25004106760025,108.95329332351685,403.816482424736,128.61107206344604,444.5000821352005,118.78218269348145,424.15828227996826,118.78218269348145,444.5000821352005,0.18559716045856475,0.8836630880832672,0.18559716045856475,0.9260418377816677,9.8288893699646,20.34179985523224,small_16_32
2026-08-12T15:26:46.134,534,far,1,0.45820698142051697,115.91147196292877,191.9750136733055,126.74472463130951,215.66133505105972,231.82294392585754,383.950027346611,253.48944926261902,431.32267010211945,242.65619659423828,407.63634872436523,242.65619659423828,431.32267010211945,0.3791503071784973,0.8492423931757609,0.3791503071784973,0.8985888960460822,10.833252668380737,23.68632137775421,small_16_32
2026-08-12T15:26:46.134,534,far,2,0.39277467131614685,130.89207977056503,190.07541048526764,138.97586971521378,208.05644261837006,261.78415954113007,380.1508209705353,277.95173943042755,416.1128852367401,269.8679494857788,398.1318531036377,269.8679494857788,416.1128852367401,0.4216686710715294,0.8294413606325786,0.4216686710715294,0.8669018442432086,8.083789944648743,17.981032133102417,small_16_32
2026-08-12T15:26:46.134,534,far,3,0.35360580682754517,99.01677852869034,193.25831347703934,107.6458448767662,212.3864924311638,198.03355705738068,386.5166269540787,215.2916897535324,424.7729848623276,206.66262340545654,405.6448059082031,206.66262340545654,424.7729848623276,0.32291034907102584,0.8450933456420898,0.32291034907102584,0.8849437184631824,8.629066348075867,19.12817895412445,small_16_32
2026-08-12T15:26:46.134,534,far,4,0.3384403884410858,159.37172055244446,220.11618894338608,169.20060992240906,237.54765611886978,318.7434411048889,440.23237788677216,338.4012198448181,475.09531223773956,328.5723304748535,457.66384506225586,328.5723304748535,475.09531223773956,0.5133942663669586,0.9534663438796998,0.5133942663669586,0.9897819004952908,9.8288893699646,17.431467175483704,small_16_32
2026-08-12T15:26:46.134,534,far,5,0.33097806572914124,191.76097071170807,175.7886929512024,202.5942233800888,219.2827935218811,383.52194142341614,351.5773859024048,405.1884467601776,438.5655870437622,394.3551940917969,395.0714864730835,394.3551940917969,438.5655870437622,0.6161799907684327,0.823065596818924,0.6161799907684327,0.9136783063411713,10.833252668380737,43.49410057067871,regular_ge32
2026-08-12T15:26:46.134,534,far,6,0.32359981536865234,144.07760816812515,190.16790944337845,152.70667451620102,209.2960883975029,288.1552163362503,380.3358188867569,305.41334903240204,418.5921767950058,296.7842826843262,399.46399784088135,296.7842826843262,418.5921767950058,0.46372544169425967,0.8322166621685028,0.46372544169425967,0.8720670349895954,8.629066348075867,19.12817895412445,small_16_32
2026-08-12T15:26:46.134,534,far,7,0.2363237887620926,46.06349951028824,192.69621616601944,55.27353709936142,211.2426990866661,92.12699902057648,385.3924323320389,110.54707419872284,422.4853981733322,101.33703660964966,403.93891525268555,101.33703660964966,422.4853981733322,0.15833911970257758,0.8415394067764282,0.15833911970257758,0.8801779128611088,9.210037589073181,18.546482920646667,small_16_32
2026-08-12T15:26:46.134,534,far,8,0.22444185614585876,55.10881596803665,203.73155957460403,64.31885355710983,222.85973852872849,110.2176319360733,407.46311914920807,128.63770711421967,445.71947705745697,119.42766952514648,426.5912981033325,119.42766952514648,445.71947705745697,0.1866057336330414,0.8887318710486094,0.1866057336330414,0.928582243869702,9.210037589073181,19.12817895412445,small_16_32
2026-08-12T15:26:46.238,535,far,1,0.4748867154121399,115.33930134773254,190.5899754166603,126.52884554862976,215.74617952108383,230.6786026954651,381.1799508333206,253.05769109725952,431.49235904216766,241.8681468963623,406.33615493774414,241.8681468963623,431.49235904216766,0.3779189795255661,0.8465336561203003,0.3779189795255661,0.8989424146711826,11.189544200897217,25.156204104423523,small_16_32
2026-08-12T15:26:46.238,535,far,2,0.40887001156806946,131.2885503768921,188.84863978624344,139.6406488418579,207.9768187403679,262.5771007537842,377.6972795724869,279.2812976837158,415.9536374807358,270.92919921875,396.8254585266113,270.92919921875,415.9536374807358,0.4233268737792969,0.8267197052637736,0.4233268737792969,0.8665700780848662,8.35209846496582,19.12817895412445,small_16_32
2026-08-12T15:26:46.238,535,far,3,0.37690892815589905,144.4051166176796,189.29369968175888,153.03418296575546,209.63549953699112,288.8102332353592,378.58739936351776,306.0683659315109,419.27099907398224,297.43929958343506,398.92919921875,297.43929958343506,419.27099907398224,0.4647489055991173,0.8311024983723958,0.4647489055991173,0.8734812480707963,8.629066348075867,20.34179985523224,small_16_32
2026-08-12T15:26:46.238,535,far,4,0.36130279302597046,159.1215114593506,221.06511110067368,168.63609838485718,238.49657827615738,318.2430229187012,442.13022220134735,337.27219676971436,476.99315655231476,327.75760984420776,459.56168937683105,327.75760984420776,476.99315655231476,0.5121212653815747,0.9574201862017314,0.5121212653815747,0.9937357428173225,9.514586925506592,17.431467175483704,small_16_32
2026-08-12T15:26:46.238,535,far,5,0.32359981536865234,98.99316865205765,192.79311460256577,108.20320624113083,213.7675867676735,197.9863373041153,385.58622920513153,216.40641248226166,427.535173535347,207.19637489318848,406.56070137023926,207.19637489318848,427.535173535347,0.323744335770607,0.8470014611879985,0.323744335770607,0.8906982781986396,9.210037589073181,20.974472165107727,small_16_32
2026-08-12T15:26:46.238,535,far,6,0.32359981536865234,191.51709079742432,174.71077287197113,203.0742073059082,219.41109144687653,383.03418159484863,349.42154574394226,406.1484146118164,438.82218289375305,394.5912981033325,394.12186431884766,394.5912981033325,438.82218289375305,0.6165489032864571,0.8210872173309326,0.6165489032864571,0.9142128810286522,11.557116508483887,44.700318574905396,regular_ge32
2026-08-12T15:26:46.238,535,far,7,0.2549463212490082,45.91122484207153,191.3341435790062,55.425811767578125,211.0606375336647,91.82244968414307,382.6682871580124,110.85162353515625,422.1212750673294,101.33703660964966,402.3947811126709,101.33703660964966,422.1212750673294,0.15833911970257758,0.8383224606513977,0.15833911970257758,0.8794193230569363,9.514586925506592,19.72649395465851,small_16_32
2026-08-12T15:26:46.238,535,far,8,0.23032912611961365,54.956541299819946,202.52889436483383,64.47112822532654,222.25538831949234,109.91308259963989,405.05778872966766,128.94225645065308,444.5107766389847,119.42766952514648,424.7842826843262,119.42766952514648,444.5107766389847,0.1866057336330414,0.8849672555923462,0.1866057336330414,0.9260641179978848,9.514586925506592,19.72649395465851,small_16_32
2026-08-12T15:26:46.357,536,far,1,0.441620409488678,115.91147196292877,190.73334044218063,126.74472463130951,215.1447952389717,231.82294392585754,381.46668088436127,253.48944926261902,430.2895904779434,242.65619659423828,405.87813568115234,242.65619659423828,430.2895904779434,0.3791503071784973,0.845579449335734,0.3791503071784973,0.8964366468290488,10.833252668380737,24.411454796791077,small_16_32
2026-08-12T15:26:46.357,536,far,2,0.400795578956604,131.2894167304039,189.39866119623184,139.37320667505264,207.9451441168785,262.5788334608078,378.7973223924637,278.7464133501053,415.890288233757,270.66262340545654,397.34380531311035,270.66262340545654,415.890288233757,0.42291034907102587,0.8277995944023132,0.42291034907102587,0.8664381004869938,8.083789944648743,18.546482920646667,small_16_32
2026-08-12T15:26:46.357,536,far,3,0.3690716028213501,144.21609210968018,189.07072776556015,152.568190574646,208.79722172021866,288.43218421936035,378.1414555311203,305.136381149292,417.5944434404373,296.7842826843262,397.8679494857788,296.7842826843262,417.5944434404373,0.46372544169425967,0.8288915614287059,0.46372544169425967,0.8699884238342445,8.35209846496582,19.72649395465851,small_16_32
2026-08-12T15:26:46.357,536,far,4,0.35360580682754517,98.85958081483841,192.65150302648544,108.06961840391159,212.99330288171768,197.71916162967682,385.3030060529709,216.13923680782318,425.98660576343536,206.92919921875,405.6448059082031,206.92919921875,425.98660576343536,0.32332687377929686,0.8450933456420898,0.32332687377929686,0.8874720953404903,9.210037589073181,20.34179985523224,small_16_32
2026-08-12T15:26:46.357,536,far,5,0.32359981536865234,159.1215114593506,221.5915777683258,168.63609838485718,237.97011160850525,318.2430229187012,443.1831555366516,337.27219676971436,475.9402232170105,327.75760984420776,459.56168937683105,327.75760984420776,475.9402232170105,0.5121212653815747,0.9574201862017314,0.5121212653815747,0.9915421317021053,9.514586925506592,16.378533840179443,small_16_32
2026-08-12T15:26:46.357,536,far,6,0.30910593271255493,192.06292080879211,176.02090632915497,203.25246500968933,218.3342877626419,384.12584161758423,352.04181265830994,406.50493001937866,436.6685755252838,395.31538581848145,394.3551940917969,395.31538581848145,436.6685755252838,0.6176802903413773,0.8215733210245768,0.6176802903413773,0.9097261990110079,11.189544200897217,42.31338143348694,regular_ge32
2026-08-12T15:26:46.357,536,far,7,0.24863308668136597,46.36341416835785,192.59675467014313,55.27837002277374,210.57778680324554,92.7268283367157,385.19350934028625,110.55674004554749,421.1555736064911,101.64178419113159,403.1745414733887,101.64178419113159,421.1555736064911,0.15881528779864312,0.839946961402893,0.15881528779864312,0.8774074450135231,8.914955854415894,17.981032133102417,small_16_32
2026-08-12T15:26:46.357,536,far,8,0.24242530763149261,55.21315556764603,203.2678330540657,64.42319315671921,222.39601200819016,110.42631113529205,406.5356661081314,128.84638631343842,444.7920240163803,119.63634872436523,425.66384506225586,119.63634872436523,444.7920240163803,0.18693179488182068,0.886799677213033,0.18693179488182068,0.9266500500341256,9.210037589073181,19.12817895412445,small_16_32
2026-08-12T15:26:46.462,537,far,1,0.4498997628688812,116.17064440250397,191.2945415377617,127.0038970708847,215.70599633455276,232.34128880500793,382.5890830755234,254.0077941417694,431.41199266910553,243.17454147338867,407.00053787231445,243.17454147338867,431.41199266910553,0.3799602210521698,0.8479177872339885,0.3799602210521698,0.8987749847273032,10.833252668380737,24.411454796791077,small_16_32
2026-08-12T15:26:46.462,537,far,2,0.37690892815589905,131.95810502767563,189.68138659000397,140.04189497232437,207.66241872310638,263.91621005535126,379.36277318000793,280.08378994464874,415.32483744621277,272.0,397.34380531311035,272.0,415.32483744621277,0.425,0.8277995944023132,0.425,0.8652600780129432,8.083789944648743,17.981032133102417,small_16_32
2026-08-12T15:26:46.462,537,far,3,0.37690892815589905,144.21609210968018,189.33514922857285,152.568190574646,209.06164318323135,288.43218421936035,378.6702984571457,305.136381149292,418.1232863664627,296.7842826843262,398.3967924118042,296.7842826843262,418.1232863664627,0.46372544169425967,0.829993317524592,0.46372544169425967,0.8710901799301306,8.35209846496582,19.72649395465851,small_16_32
2026-08-12T15:26:46.462,537,far,4,0.34598395228385925,99.01677852869034,192.90016776323318,107.6458448767662,212.02834671735764,198.03355705738068,385.80033552646637,215.2916897535324,424.05669343471527,206.66262340545654,404.9285144805908,206.66262340545654,424.05669343471527,0.32291034907102584,0.8436010718345642,0.32291034907102584,0.8834514446556568,8.629066348075867,19.12817895412445,small_16_32
2026-08-12T15:26:46.462,537,far,5,0.33097806572914124,159.6348478794098,220.69931262731552,169.14943480491638,238.13077980279922,319.2696957588196,441.39862525463104,338.29886960983276,476.26155960559845,328.7842826843262,458.83009243011475,328.7842826843262,476.26155960559845,0.5137254416942596,0.9558960258960724,0.5137254416942596,0.9922115825116634,9.514586925506592,17.431467175483704,small_16_32
2026-08-12T15:26:46.462,537,far,6,0.26788532733917236,191.8790227174759,176.62415397167206,202.71227538585663,218.937535405159,383.7580454349518,353.2483079433441,405.42455077171326,437.875070810318,394.5912981033325,395.56168937683105,394.5912981033325,437.875070810318,0.6165489032864571,0.824086852868398,0.6165489032864571,0.9122397308548291,10.833252668380737,42.31338143348694,regular_ge32
2026-08-12T15:26:46.462,537,far,7,0.22444185614585876,45.576932072639465,192.10621064901352,56.06485211849213,211.83270460367203,91.15386414527893,384.21242129802704,112.12970423698425,423.66540920734406,101.64178419113159,403.93891525268555,101.64178419113159,423.66540920734406,0.15881528779864312,0.8415394067764282,0.15881528779864312,0.8826362691819668,10.487920045852661,19.72649395465851,small_16_32
2026-08-12T15:26:46.578,538,far,1,0.4748867154121399,115.51744711399078,190.81298929452896,126.35069978237152,215.96919339895248,231.03489422798157,381.6259785890579,252.70139956474304,431.93838679790497,241.8681468963623,406.78218269348145,241.8681468963623,431.93838679790497,0.3779189795255661,0.8474628806114197,0.3779189795255661,0.8998716391623021,10.833252668380737,25.156204104423523,small_16_32
2026-08-12T15:26:46.578,538,far,2,0.3848111629486084,131.42213821411133,188.93936294317245,139.77423667907715,208.66585689783096,262.84427642822266,377.8787258863449,279.5484733581543,417.3317137956619,271.1963748931885,397.6052198410034,271.1963748931885,417.3317137956619,0.423744335770607,0.8283442080020904,0.423744335770607,0.869441070407629,8.35209846496582,19.72649395465851,small_16_32
2026-08-12T15:26:46.578,538,far,3,0.37690892815589905,144.4051166176796,188.97736352682114,153.03418296575546,209.95183569192886,288.8102332353592,377.9547270536423,306.0683659315109,419.9036713838577,297.43929958343506,398.92919921875,297.43929958343506,419.9036713838577,0.4647489055991173,0.8311024983723958,0.4647489055991173,0.8747993153830369,8.629066348075867,20.974472165107727,small_16_32
2026-08-12T15:26:46.578,538,far,4,0.3384403884410858,98.87383377552032,192.883405148983,107.78878962993622,213.22520500421524,197.74766755104065,385.766810297966,215.57757925987244,426.4504100084305,206.66262340545654,406.10861015319824,206.66262340545654,426.4504100084305,0.32291034907102584,0.8460596044858296,0.32291034907102584,0.8884383541842301,8.914955854415894,20.34179985523224,small_16_32
2026-08-12T15:26:46.578,538,far,5,0.31630825996398926,159.37172055244446,220.9663354754448,169.20060992240906,237.86375695466995,318.7434411048889,441.9326709508896,338.4012198448181,475.7275139093399,328.5723304748535,458.83009243011475,328.5723304748535,475.7275139093399,0.5133942663669586,0.9558960258960724,0.5133942663669586,0.9910989873111248,9.8288893699646,16.89742147922516,small_16_32
2026-08-12T15:26:46.578,538,far,6,0.2880568504333496,191.63648796081543,175.66799592971802,203.19360446929932,219.16209650039673,383.27297592163086,351.33599185943604,406.38720893859863,438.32419300079346,394.83009243011475,394.83009243011475,394.83009243011475,438.32419300079346,0.6169220194220543,0.8225626925627391,0.6169220194220543,0.9131754020849864,11.557116508483887,43.49410057067871,regular_ge32
2026-08-12T15:26:46.578,538,far,7,0.2613641023635864,45.608354806900024,192.65506678819656,55.437244176864624,211.78324574232101,91.21670961380005,385.3101335763931,110.87448835372925,423.56649148464203,101.04559898376465,404.4383125305176,101.04559898376465,423.56649148464203,0.15788374841213226,0.8425798177719116,0.15788374841213226,0.8824301905930042,9.8288893699646,19.12817895412445,small_16_32
2026-08-12T15:26:46.578,538,far,8,0.22444185614585876,54.74297547340393,202.74566262960434,64.25756239891052,222.47215658426285,109.48595094680786,405.4913252592087,128.51512479782104,444.9443131685257,119.00053787231445,425.2178192138672,119.00053787231445,444.9443131685257,0.18593834042549134,0.8858704566955566,0.18593834042549134,0.9269673191010952,9.514586925506592,19.72649395465851,small_16_32
2026-08-12T15:26:46.684,539,far,1,0.4748867154121399,115.78076422214508,190.70224863290787,126.61401689052582,215.8584527373314,231.56152844429016,381.40449726581573,253.22803378105164,431.7169054746628,242.3947811126709,406.56070137023926,242.3947811126709,431.7169054746628,0.3787418454885483,0.8470014611879985,0.3787418454885483,0.8994102197388808,10.833252668380737,25.156204104423523,small_16_32
2026-08-12T15:26:46.684,539,far,2,0.37690892815589905,130.88386303186417,188.9778307080269,139.51292937994003,208.10600966215134,261.76772606372833,377.9556614160538,279.02585875988007,416.2120193243027,270.3967924118042,397.0838403701782,270.3967924118042,416.2120193243027,0.42249498814344405,0.8272580007712046,0.42249498814344405,0.8671083735922972,8.629066348075867,19.12817895412445,small_16_32
2026-08-12T15:26:46.684,539,far,3,0.36130279302597046,98.87383377552032,192.72170728445053,107.78878962993622,212.44820123910904,197.74766755104065,385.44341456890106,215.57757925987244,424.8964024782181,206.66262340545654,405.16990852355957,206.66262340545654,424.8964024782181,0.32291034907102584,0.844103976090749,0.32291034907102584,0.8852008384962876,8.914955854415894,19.72649395465851,small_16_32
2026-08-12T15:26:46.684,539,far,4,0.36130279302597046,144.76964569091797,189.11095136404037,153.1217441558838,210.0854235291481,289.53929138183594,378.22190272808075,306.2434883117676,420.1708470582962,297.89138984680176,399.1963748931885,297.89138984680176,420.1708470582962,0.46545529663562774,0.8316591143608093,0.46545529663562774,0.8753559313714504,8.35209846496582,20.974472165107727,small_16_32
2026-08-12T15:26:46.684,539,far,5,0.30910593271255493,159.1761618256569,221.96792232990265,168.38619941473007,237.84236896038055,318.3523236513138,443.9358446598053,336.77239882946014,475.6847379207611,327.56236124038696,459.8102912902832,327.56236124038696,475.6847379207611,0.5118161894381046,0.9579381068547567,0.5118161894381046,0.9910098706682523,9.210037589073181,15.874446630477905,tiny_lt16
2026-08-12T15:26:46.684,539,far,6,0.26788532733917236,191.8790227174759,176.37905251979828,202.71227538585663,218.69243395328522,383.7580454349518,352.75810503959656,405.42455077171326,437.38486790657043,394.5912981033325,395.0714864730835,394.5912981033325,437.38486790657043,0.6165489032864571,0.823065596818924,0.6165489032864571,0.9112184748053551,10.833252668380737,42.31338143348694,regular_ge32
2026-08-12T15:26:46.684,539,far,7,0.24242530763149261,46.06349951028824,191.63330107927322,55.27353709936142,210.76148003339767,92.12699902057648,383.26660215854645,110.54707419872284,421.52296006679535,101.33703660964966,402.3947811126709,101.33703660964966,421.52296006679535,0.15833911970257758,0.8383224606513977,0.15833911970257758,0.8781728334724903,9.210037589073181,19.12817895412445,small_16_32
2026-08-12T15:26:46.684,539,far,8,0.20742715895175934,55.416851818561554,203.31435006856918,64.62688940763474,223.0408440232277,110.83370363712311,406.62870013713837,129.25377881526947,446.0816880464554,120.04374122619629,426.3551940917969,120.04374122619629,446.0816880464554,0.1875683456659317,0.8882399876912435,0.1875683456659317,0.929336850096782,9.210037589073181,19.72649395465851,small_16_32
2026-08-12T15:26:46.804,540,far,1,0.4748867154121399,115.73332619667053,191.02975660562515,126.92287039756775,216.18596071004868,231.46665239334106,382.0595132112503,253.8457407951355,432.37192142009735,242.65619659423828,407.2157173156738,242.65619659423828,432.37192142009735,0.3791503071784973,0.8483660777409872,0.3791503071784973,0.9007748362918695,11.189544200897217,25.156204104423523,small_16_32
2026-08-12T15:26:46.804,540,far,2,0.39277467131614685,131.42270463705063,189.5514041185379,139.50649458169937,207.53243625164032,262.84540927410126,379.1028082370758,279.01298916339874,415.06487250328064,270.92919921875,397.0838403701782,270.92919921875,415.06487250328064,0.4233268737792969,0.8272580007712046,0.4233268737792969,0.8647184843818346,8.083789944648743,17.981032133102417,small_16_32
2026-08-12T15:26:46.804,540,far,3,0.3848111629486084,144.21609210968018,189.60135263204575,152.568190574646,209.32784658670425,288.43218421936035,379.2027052640915,305.136381149292,418.6556931734085,296.7842826843262,398.92919921875,296.7842826843262,418.6556931734085,0.46372544169425967,0.8311024983723958,0.46372544169425967,0.8721993607779344,8.35209846496582,19.72649395465851,small_16_32
2026-08-12T15:26:46.804,540,far,4,0.34598395228385925,98.85958081483841,193.07582086324692,108.06961840391159,212.80231481790543,197.71916162967682,386.15164172649384,216.13923680782318,425.60462963581085,206.92919921875,405.87813568115234,206.92919921875,425.60462963581085,0.32332687377929686,0.845579449335734,0.32332687377929686,0.8866763117412726,9.210037589073181,19.72649395465851,small_16_32
2026-08-12T15:26:46.804,540,far,5,0.31630825996398926,191.7571849822998,175.06488692760468,203.3143014907837,219.76520550251007,383.5143699645996,350.12977385520935,406.6286029815674,439.53041100502014,395.0714864730835,394.83009243011475,395.0714864730835,439.53041100502014,0.6172991976141929,0.8225626925627391,0.6172991976141929,0.9156883562604586,11.557116508483887,44.700318574905396,regular_ge32
2026-08-12T15:26:46.804,540,far,6,0.31630825996398926,159.22083592414856,221.34647631645203,168.73542284965515,237.72501015663147,318.4416718482971,442.69295263290405,337.4708456993103,475.45002031326294,327.9562587738037,459.0714864730835,327.9562587738037,475.45002031326294,0.5124316543340683,0.9563989301522573,0.5124316543340683,0.9905208756526311,9.514586925506592,16.378533840179443,small_16_32
2026-08-12T15:26:46.804,540,far,7,0.218662291765213,45.985162019729614,191.02649062871933,55.814051389694214,211.36829048395157,91.97032403945923,382.05298125743866,111.62810277938843,422.73658096790314,101.79921340942383,402.3947811126709,101.79921340942383,422.73658096790314,0.15906127095222472,0.8383224606513977,0.15906127095222472,0.8807012103497982,9.8288893699646,20.34179985523224,small_16_32
2026-08-12T15:26:46.804,540,far,8,0.2019716501235962,55.00283986330032,202.4229182600975,64.2128774523735,222.149412214756,110.00567972660065,404.845836520195,128.425754904747,444.298824429512,119.21571731567383,424.5723304748535,119.21571731567383,444.298824429512,0.18627455830574036,0.8845256884892782,0.18627455830574036,0.9256225508948167,9.210037589073181,19.72649395465851,small_16_32
2026-08-12T15:26:46.909,541,far,1,0.4498997628688812,116.04145300388336,190.96235007047653,126.8747056722641,215.3738048672676,232.08290600776672,381.92470014095306,253.7494113445282,430.7476097345352,242.91615867614746,406.33615493774414,242.91615867614746,430.7476097345352,0.3795564979314804,0.8465336561203003,0.3795564979314804,0.897390853613615,10.833252668380737,24.411454796791077,small_16_32
2026-08-12T15:26:46.909,541,far,2,0.39277467131614685,131.6899127960205,189.10781317949295,140.04201126098633,208.2359921336174,263.379825592041,378.2156263589859,280.08402252197266,416.4719842672348,271.73192405700684,397.34380531311035,271.73192405700684,416.4719842672348,0.42458113133907316,0.8277995944023132,0.42458113133907316,0.8676499672234058,8.35209846496582,19.12817895412445,small_16_32
2026-08-12T15:26:46.909,541,far,3,0.3848111629486084,144.51738935709,188.97736352682114,153.14645570516586,209.95183569192886,289.03477871418,377.9547270536423,306.2929114103317,419.9036713838577,297.66384506225586,398.92919921875,297.66384506225586,419.9036713838577,0.46509975790977476,0.8311024983723958,0.46509975790977476,0.8747993153830369,8.629066348075867,20.974472165107727,small_16_32
2026-08-12T15:26:46.909,541,far,4,0.3384403884410858,191.25133407115936,173.97960925102234,203.57875835895538,219.91178059577942,382.5026681423187,347.9592185020447,407.15751671791077,439.82356119155884,394.83009243011475,393.89138984680176,394.83009243011475,439.82356119155884,0.6169220194220543,0.820607062180837,0.6169220194220543,0.9162990858157476,12.32742428779602,45.93217134475708,regular_ge32
2026-08-12T15:26:46.909,541,far,5,0.32359981536865234,99.14070951938629,192.72170728445053,108.05566537380219,212.44820123910904,198.28141903877258,385.44341456890106,216.11133074760437,424.8964024782181,207.19637489318848,405.16990852355957,207.19637489318848,424.8964024782181,0.323744335770607,0.844103976090749,0.323744335770607,0.8852008384962876,8.914955854415894,19.72649395465851,small_16_32
2026-08-12T15:26:46.909,541,far,6,0.2949781119823456,159.52887177467346,221.08703249692917,169.04345870018005,237.98445397615433,319.0577435493469,442.17406499385834,338.0869174003601,475.96890795230865,328.5723304748535,459.0714864730835,328.5723304748535,475.96890795230865,0.5133942663669586,0.9563989301522573,0.5133942663669586,0.9916018915673097,9.514586925506592,16.89742147922516,small_16_32
2026-08-12T15:26:46.909,541,far,7,0.24863308668136597,45.98657298088074,191.8939898610115,55.50115990638733,211.02216881513596,91.97314596176147,383.787979722023,111.00231981277466,422.0443376302719,101.48773288726807,402.91615867614746,101.48773288726807,422.0443376302719,0.15857458263635635,0.8394086639086406,0.15857458263635635,0.8792590367297332,9.514586925506592,19.12817895412445,small_16_32
2026-08-12T15:26:46.909,541,far,8,0.218662291765213,55.31584054231644,203.55179923772812,64.52587813138962,223.27829319238663,110.63168108463287,407.10359847545624,129.05175626277924,446.55658638477325,119.84171867370605,426.83009243011475,119.84171867370605,446.55658638477325,0.1872526854276657,0.8892293592294057,0.1872526854276657,0.9303262216349443,9.210037589073181,19.72649395465851,small_16_32
2026-08-12T15:26:47.025,542,far,1,0.4832499325275421,115.38497698307037,190.47620302438736,126.21822965145111,215.63240712881088,230.76995396614075,380.9524060487747,252.43645930290222,431.26481425762177,241.60320663452148,406.10861015319824,241.60320663452148,431.26481425762177,0.3775050103664398,0.8460596044858296,0.3775050103664398,0.898468363036712,10.833252668380737,25.156204104423523,small_16_32
2026-08-12T15:26:47.025,542,far,2,0.4251631200313568,131.0223469734192,189.7926850914955,139.374445438385,208.33916801214218,262.0446939468384,379.585370182991,278.74889087677,416.67833602428436,270.3967924118042,398.1318531036377,270.3967924118042,416.67833602428436,0.42249498814344405,0.8294413606325786,0.42249498814344405,0.8680798667172591,8.35209846496582,18.546482920646667,small_16_32
2026-08-12T15:26:47.025,542,far,3,0.39277467131614685,144.21609210968018,189.42728751897812,152.568190574646,209.76908737421036,288.43218421936035,378.85457503795624,305.136381149292,419.5381747484207,296.7842826843262,399.1963748931885,296.7842826843262,419.5381747484207,0.46372544169425967,0.8316591143608093,0.46372544169425967,0.8740378640592098,8.35209846496582,20.34179985523224,small_16_32
2026-08-12T15:26:47.025,542,far,4,0.3384403884410858,98.99316865205765,193.2201914191246,108.20320624113083,213.56199127435684,197.9863373041153,386.4403828382492,216.40641248226166,427.1239825487137,207.19637489318848,406.78218269348145,207.19637489318848,427.1239825487137,0.323744335770607,0.8474628806114197,0.323744335770607,0.8898416303098202,9.210037589073181,20.34179985523224,small_16_32
2026-08-12T15:26:47.025,542,far,5,0.31630825996398926,159.22083592414856,221.468425989151,168.73542284965515,237.84695982933044,318.4416718482971,442.936851978302,337.4708456993103,475.6939196586609,327.9562587738037,459.31538581848145,327.9562587738037,475.6939196586609,0.5124316543340683,0.956907053788503,0.5124316543340683,0.9910289992888769,9.514586925506592,16.378533840179443,small_16_32
2026-08-12T15:26:47.025,542,far,6,0.2949781119823456,191.94097113609314,176.37905251979828,203.13051533699036,218.69243395328522,383.8819422721863,352.75810503959656,406.2610306739807,437.38486790657043,395.0714864730835,395.0714864730835,395.0714864730835,437.38486790657043,0.6172991976141929,0.823065596818924,0.6172991976141929,0.9112184748053551,11.189544200897217,42.31338143348694,regular_ge32
2026-08-12T15:26:47.025,542,far,7,0.2363237887620926,45.4245582818985,191.2871794104576,55.91247832775116,211.62897926568985,90.849116563797,382.5743588209152,111.82495665550232,423.2579585313797,101.33703660964966,402.91615867614746,101.33703660964966,423.2579585313797,0.15833911970257758,0.8394086639086406,0.15833911970257758,0.881787413607041,10.487920045852661,20.34179985523224,small_16_32
2026-08-12T15:26:47.025,542,far,8,0.20742715895175934,54.56305867433548,202.4229182600975,63.77309626340866,222.149412214756,109.12611734867096,404.845836520195,127.54619252681732,444.298824429512,118.33615493774414,424.5723304748535,118.33615493774414,444.298824429512,0.1849002420902252,0.8845256884892782,0.1849002420902252,0.9256225508948167,9.210037589073181,19.72649395465851,small_16_32
2026-08-12T15:26:47.130,543,far,1,0.4665374755859375,116.17064440250397,190.73334044218063,127.0038970708847,215.1447952389717,232.34128880500793,381.46668088436127,254.0077941417694,430.2895904779434,243.17454147338867,405.87813568115234,243.17454147338867,430.2895904779434,0.3799602210521698,0.845579449335734,0.3799602210521698,0.8964366468290488,10.833252668380737,24.411454796791077,small_16_32
2026-08-12T15:26:47.130,543,far,2,0.400795578956604,131.0223469734192,189.66073328256607,139.374445438385,208.20721620321274,262.0446939468384,379.32146656513214,278.74889087677,416.4144324064255,270.3967924118042,397.8679494857788,270.3967924118042,416.4144324064255,0.42249498814344405,0.8288915614287059,0.42249498814344405,0.8675300675133865,8.35209846496582,18.546482920646667,small_16_32
2026-08-12T15:26:47.130,543,far,3,0.39277467131614685,144.76964569091797,189.46806472539902,153.1217441558838,209.19455868005753,289.53929138183594,378.93612945079803,306.2434883117676,418.38911736011505,297.89138984680176,398.66262340545654,297.89138984680176,418.38911736011505,0.46545529663562774,0.8305471320947011,0.46545529663562774,0.8716439945002397,8.35209846496582,19.72649395465851,small_16_32
2026-08-12T15:26:47.130,543,far,4,0.3690716028213501,191.28237390518188,175.66799592971802,202.83949041366577,219.16209650039673,382.56474781036377,351.33599185943604,405.67898082733154,438.32419300079346,394.12186431884766,394.83009243011475,394.12186431884766,438.32419300079346,0.6158154129981994,0.8225626925627391,0.6158154129981994,0.9131754020849864,11.557116508483887,43.49410057067871,regular_ge32
2026-08-12T15:26:47.130,543,far,5,0.3690716028213501,159.22083592414856,220.26250177621841,168.73542284965515,238.80898469686508,318.4416718482971,440.52500355243683,337.4708456993103,477.61796939373016,327.9562587738037,459.0714864730835,327.9562587738037,477.61796939373016,0.5124316543340683,0.9563989301522573,0.5124316543340683,0.9950374362369379,9.514586925506592,18.546482920646667,small_16_32
2026-08-12T15:26:47.130,543,far,6,0.32359981536865234,99.15006643533707,193.02086478471756,107.77913278341293,212.149043738842,198.30013287067413,386.0417295694351,215.55826556682587,424.298087477684,206.92919921875,405.16990852355957,206.92919921875,424.298087477684,0.32332687377929686,0.844103976090749,0.32332687377929686,0.8839543489118417,8.629066348075867,19.12817895412445,small_16_32
2026-08-12T15:26:47.130,543,far,7,0.20742715895175934,45.482980370521545,189.98916101455688,56.31623303890228,211.6140456199646,90.96596074104309,379.97832202911377,112.63246607780457,423.2280912399292,101.79921340942383,401.6032066345215,101.79921340942383,423.2280912399292,0.15906127095222472,0.8366733471552531,0.15906127095222472,0.8817251900831858,10.833252668380737,21.624884605407715,small_16_32
2026-08-12T15:26:47.246,544,far,1,0.4748867154121399,116.17064440250397,191.21114438772202,127.0038970708847,214.89746576547623,232.34128880500793,382.42228877544403,254.0077941417694,429.79493153095245,243.17454147338867,406.10861015319824,243.17454147338867,429.79493153095245,0.3799602210521698,0.8460596044858296,0.3799602210521698,0.8954061073561509,10.833252668380737,23.68632137775421,small_16_32
2026-08-12T15:26:47.246,544,far,2,0.4169939160346985,131.2836542725563,189.23852044343948,139.91272062063217,208.36669939756393,262.5673085451126,378.47704088687897,279.82544124126434,416.73339879512787,271.1963748931885,397.6052198410034,271.1963748931885,416.73339879512787,0.423744335770607,0.8283442080020904,0.423744335770607,0.868194580823183,8.629066348075867,19.12817895412445,small_16_32
2026-08-12T15:26:47.246,544,far,3,0.40887001156806946,144.51738935709,188.57869046926498,153.14645570516586,209.5531626343727,289.03477871418,377.15738093852997,306.2929114103317,419.1063252687454,297.66384506225586,398.1318531036377,297.66384506225586,419.1063252687454,0.46509975790977476,0.8294413606325786,0.46509975790977476,0.8731381776432197,8.629066348075867,20.974472165107727,small_16_32
2026-08-12T15:26:47.246,544,far,4,0.3384403884410858,99.54252207279205,192.9591559767723,108.45747792720795,212.68564993143082,199.0850441455841,385.9183119535446,216.9149558544159,425.37129986286163,208.0,405.6448059082031,208.0,425.37129986286163,0.325,0.8450933456420898,0.325,0.8861902080476284,8.914955854415894,19.72649395465851,small_16_32
2026-08-12T15:26:47.246,544,far,5,0.31630825996398926,159.1215114593506,221.08703249692917,168.63609838485718,237.98445397615433,318.2430229187012,442.17406499385834,337.27219676971436,475.96890795230865,327.75760984420776,459.0714864730835,327.75760984420776,475.96890795230865,0.5121212653815747,0.9563989301522573,0.5121212653815747,0.9916018915673097,9.514586925506592,16.89742147922516,small_16_32
2026-08-12T15:26:47.246,544,far,6,0.30910593271255493,191.82027411460876,176.1389583349228,203.00981831550598,218.45233976840973,383.64054822921753,352.2779166698456,406.01963663101196,436.90467953681946,394.83009243011475,394.5912981033325,394.83009243011475,436.90467953681946,0.6169220194220543,0.8220652043819427,0.6169220194220543,0.9102180823683739,11.189544200897217,42.31338143348694,regular_ge32
2026-08-12T15:26:47.246,544,far,7,0.23032912611961365,45.903404235839844,191.59483236074448,56.05663824081421,211.32132631540298,91.80680847167969,383.18966472148895,112.11327648162842,422.64265263080597,101.96004247665405,402.91615867614746,101.96004247665405,422.64265263080597,0.15931256636977195,0.8394086639086406,0.15931256636977195,0.8805055263141791,10.153234004974365,19.72649395465851,small_16_32
2026-08-12T15:26:47.246,544,far,8,0.21299070119857788,54.21738415956497,203.11889988183975,63.42742174863815,221.66538280248642,108.43476831912994,406.2377997636795,126.8548434972763,443.33076560497284,117.64480590820312,424.7842826843262,117.64480590820312,443.33076560497284,0.18382000923156738,0.8849672555923462,0.18382000923156738,0.9236057616770268,9.210037589073181,18.546482920646667,small_16_32
2026-08-12T15:26:47.350,545,far,1,0.441620409488678,115.64939939975739,190.73334044218063,126.48265206813812,215.1447952389717,231.29879879951477,381.46668088436127,252.96530413627625,430.2895904779434,242.1320514678955,405.87813568115234,242.1320514678955,430.2895904779434,0.37833133041858674,0.845579449335734,0.37833133041858674,0.8964366468290488,10.833252668380737,24.411454796791077,small_16_32
2026-08-12T15:26:47.350,545,far,2,0.4169939160346985,130.88386303186417,189.50183707475662,139.51292937994003,208.63001602888107,261.76772606372833,379.00367414951324,279.02585875988007,417.26003205776215,270.3967924118042,398.1318531036377,270.3967924118042,417.26003205776215,0.42249498814344405,0.8294413606325786,0.42249498814344405,0.8692917334536712,8.629066348075867,19.12817895412445,small_16_32
2026-08-12T15:26:47.350,545,far,3,0.3848111629486084,144.88488292694092,189.33514922857285,153.23698139190674,209.06164318323135,289.76976585388184,378.6702984571457,306.4739627838135,418.1232863664627,298.12186431884766,398.3967924118042,298.12186431884766,418.1232863664627,0.46581541299819945,0.829993317524592,0.46581541299819945,0.8710901799301306,8.35209846496582,19.72649395465851,small_16_32
2026-08-12T15:26:47.350,545,far,4,0.35360580682754517,159.4776966571808,220.46186345815659,169.30658602714539,237.8933306336403,318.9553933143616,440.92372691631317,338.61317205429077,475.7866612672806,328.7842826843262,458.3551940917969,328.7842826843262,475.7866612672806,0.5137254416942596,0.9549066543579101,0.5137254416942596,0.9912222109735012,9.8288893699646,17.431467175483704,small_16_32
2026-08-12T15:26:47.350,545,far,5,0.30910593271255493,99.68546682596207,192.90016776323318,108.31453317403793,212.02834671735764,199.37093365192413,385.80033552646637,216.62906634807587,424.05669343471527,208.0,404.9285144805908,208.0,424.05669343471527,0.325,0.8436010718345642,0.325,0.8834514446556568,8.629066348075867,19.12817895412445,small_16_32
2026-08-12T15:26:47.350,545,far,6,0.30910593271255493,191.82027411460876,176.37905251979828,203.00981831550598,218.69243395328522,383.64054822921753,352.75810503959656,406.01963663101196,437.38486790657043,394.83009243011475,395.0714864730835,394.83009243011475,437.38486790657043,0.6169220194220543,0.823065596818924,0.6169220194220543,0.9112184748053551,11.189544200897217,42.31338143348694,regular_ge32
2026-08-12T15:26:47.350,545,far,7,0.2549463212490082,54.47664666175842,203.36484330892563,64.30553603172302,223.70664316415787,108.95329332351685,406.72968661785126,128.61107206344604,447.41328632831573,118.78218269348145,427.0714864730835,118.78218269348145,447.41328632831573,0.18559716045856475,0.8897322634855906,0.18559716045856475,0.9321110131839911,9.8288893699646,20.34179985523224,small_16_32
2026-08-12T15:26:47.350,545,far,8,0.24242530763149261,46.30485129356384,191.72402375936508,55.819438219070435,211.4505177140236,92.60970258712769,383.44804751873016,111.63887643814087,422.9010354280472,102.12428951263428,403.1745414733887,102.12428951263428,422.9010354280472,0.15956920236349106,0.839946961402893,0.15956920236349106,0.8810438238084316,9.514586925506592,19.72649395465851,small_16_32
2026-08-12T15:26:47.466,546,far,1,0.4251631200313568,116.343310713768,191.40213125944138,126.83123075962067,215.81358605623245,232.686621427536,382.80426251888275,253.66246151924133,431.6271721124649,243.17454147338867,407.2157173156738,243.17454147338867,431.6271721124649,0.3799602210521698,0.8483660777409872,0.3799602210521698,0.8992232752343019,10.487920045852661,24.411454796791077,small_16_32
2026-08-12T15:26:47.466,546,far,2,0.36130279302597046,131.15526247024536,189.66073328256607,139.50736093521118,208.20721620321274,262.3105249404907,379.32146656513214,279.01472187042236,416.4144324064255,270.66262340545654,397.8679494857788,270.66262340545654,416.4144324064255,0.42291034907102587,0.8288915614287059,0.42291034907102587,0.8675300675133865,8.35209846496582,18.546482920646667,small_16_32
2026-08-12T15:26:47.466,546,far,3,0.34598395228385925,144.54360055923462,189.46806472539902,152.89569902420044,209.19455868005753,289.08720111846924,378.93612945079803,305.7913980484009,418.38911736011505,297.43929958343506,398.66262340545654,297.43929958343506,418.38911736011505,0.4647489055991173,0.8305471320947011,0.4647489055991173,0.8716439945002397,8.35209846496582,19.72649395465851,small_16_32
2026-08-12T15:26:47.466,546,far,4,0.3019951581954956,99.41746574640274,193.4902155995369,108.04653209447861,212.61839455366135,198.83493149280548,386.9804311990738,216.09306418895721,425.2367891073227,207.46399784088135,406.10861015319824,207.46399784088135,425.2367891073227,0.3241624966263771,0.8460596044858296,0.3241624966263771,0.8859099773069222,8.629066348075867,19.12817895412445,small_16_32
2026-08-12T15:26:47.466,546,far,5,0.3019951581954956,191.94097113609314,175.30753362178802,203.13051533699036,220.00785219669342,383.8819422721863,350.61506724357605,406.2610306739807,440.01570439338684,395.0714864730835,395.31538581848145,395.0714864730835,440.01570439338684,0.6172991976141929,0.8235737204551696,0.6172991976141929,0.9166993841528892,11.189544200897217,44.700318574905396,regular_ge32
2026-08-12T15:26:47.466,546,far,6,0.2949781119823456,159.8516161441803,221.10638213157654,169.3662030696869,237.48491597175598,319.7032322883606,442.2127642631531,338.7324061393738,474.96983194351196,329.2178192138672,458.5912981033325,329.2178192138672,474.96983194351196,0.5144028425216675,0.955398537715276,0.5144028425216675,0.9895204832156499,9.514586925506592,16.378533840179443,small_16_32
2026-08-12T15:26:47.466,546,far,7,0.24863308668136597,46.13884764909744,192.0231812596321,55.348885238170624,211.15136021375656,92.27769529819489,384.0463625192642,110.69777047634125,422.3027204275131,101.48773288726807,403.1745414733887,101.48773288726807,422.3027204275131,0.15857458263635635,0.839946961402893,0.15857458263635635,0.8797973342239856,9.210037589073181,19.12817895412445,small_16_32
2026-08-12T15:26:47.466,546,far,8,0.22444185614585876,54.410784006118774,202.85640281438828,63.925370931625366,222.58289676904678,108.82156801223755,405.71280562877655,127.85074186325073,445.16579353809357,118.33615493774414,425.43929958343506,118.33615493774414,445.16579353809357,0.1849002420902252,0.8863318741321564,0.1849002420902252,0.927428736537695,9.514586925506592,19.72649395465851,small_16_32
2026-08-12T15:26:47.570,547,far,1,0.4498997628688812,116.08413827419281,190.96235007047653,126.57205832004547,215.3738048672676,232.16827654838562,381.92470014095306,253.14411664009094,430.7476097345352,242.65619659423828,406.33615493774414,242.65619659423828,430.7476097345352,0.3791503071784973,0.8465336561203003,0.3791503071784973,0.897390853613615,10.487920045852661,24.411454796791077,small_16_32
2026-08-12T15:26:47.570,547,far,2,0.3690716028213501,131.15650123357773,189.36988526582718,139.24029117822647,208.49806421995163,262.31300246715546,378.73977053165436,278.48058235645294,416.99612843990326,270.3967924118042,397.8679494857788,270.3967924118042,416.99612843990326,0.42249498814344405,0.8288915614287059,0.42249498814344405,0.8687419342497985,8.083789944648743,19.12817895412445,small_16_32
2026-08-12T15:26:47.570,547,far,3,0.34598395228385925,144.4051166176796,189.42728751897812,153.03418296575546,209.76908737421036,288.8102332353592,378.85457503795624,306.0683659315109,419.5381747484207,297.43929958343506,399.1963748931885,297.43929958343506,419.5381747484207,0.4647489055991173,0.8316591143608093,0.4647489055991173,0.8740378640592098,8.629066348075867,20.34179985523224,small_16_32
2026-08-12T15:26:47.570,547,far,4,0.31630825996398926,99.54252207279205,193.07582086324692,108.45747792720795,212.80231481790543,199.0850441455841,386.15164172649384,216.9149558544159,425.60462963581085,208.0,405.87813568115234,208.0,425.60462963581085,0.325,0.845579449335734,0.325,0.8866763117412726,8.914955854415894,19.72649395465851,small_16_32
2026-08-12T15:26:47.570,547,far,5,0.2949781119823456,190.93023240566254,174.814759016037,203.66106569766998,220.74693036079407,381.8604648113251,349.629518032074,407.32213139533997,441.49386072158813,394.5912981033325,395.56168937683105,394.5912981033325,441.49386072158813,0.6165489032864571,0.824086852868398,0.6165489032864571,0.9197788765033086,12.730833292007446,45.93217134475708,regular_ge32
2026-08-12T15:26:47.570,547,far,6,0.2880568504333496,159.37311059236526,221.20898216962814,168.58314818143845,238.1064036488533,318.74622118473053,442.4179643392563,337.1662963628769,476.2128072977066,327.9562587738037,459.31538581848145,327.9562587738037,476.2128072977066,0.5124316543340683,0.956907053788503,0.5124316543340683,0.9921100152035555,9.210037589073181,16.89742147922516,small_16_32
2026-08-12T15:26:47.570,547,far,7,0.23032912611961365,45.74427509307861,192.0231812596321,55.89750909805298,211.15136021375656,91.48855018615723,384.0463625192642,111.79501819610596,422.3027204275131,101.64178419113159,403.1745414733887,101.64178419113159,422.3027204275131,0.15881528779864312,0.839946961402893,0.15881528779864312,0.8797973342239856,10.153234004974365,19.12817895412445,small_16_32
2026-08-12T15:26:47.570,547,far,8,0.218662291765213,54.56305867433548,202.31857866048813,63.77309626340866,222.04507261514664,109.12611734867096,404.63715732097626,127.54619252681732,444.0901452302933,118.33615493774414,424.36365127563477,118.33615493774414,444.0901452302933,0.1849002420902252,0.8840909401575724,0.1849002420902252,0.925187802563111,9.210037589073181,19.72649395465851,small_16_32
2026-08-12T15:26:47.686,548,far,1,0.4665374755859375,116.29897940158844,190.12624937295914,127.13223206996918,215.28245347738266,232.59795880317688,380.2524987459183,254.26446413993835,430.5649069547653,243.43121147155762,405.4087028503418,243.43121147155762,430.5649069547653,0.3803612679243088,0.8446014642715454,0.3803612679243088,0.8970102228224277,10.833252668380737,25.156204104423523,small_16_32
2026-08-12T15:26:47.686,548,far,2,0.4169939160346985,131.01677852869034,189.90051013231277,139.6458448767662,209.02868908643723,262.0335570573807,379.80102026462555,279.2916897535324,418.05737817287445,270.66262340545654,398.92919921875,270.66262340545654,418.05737817287445,0.42291034907102587,0.8311024983723958,0.42291034907102587,0.8709528711934884,8.629066348075867,19.12817895412445,small_16_32
2026-08-12T15:26:47.686,548,far,3,0.4169939160346985,145.11959981918335,189.33514922857285,153.47169828414917,209.06164318323135,290.2391996383667,378.6702984571457,306.94339656829834,418.1232863664627,298.5912981033325,398.3967924118042,298.5912981033325,418.1232863664627,0.46654890328645704,0.829993317524592,0.46654890328645704,0.8710901799301306,8.35209846496582,19.72649395465851,small_16_32
2026-08-12T15:26:47.686,548,far,4,0.3690716028213501,191.9369969367981,174.0948464870453,203.8732943534851,220.02701783180237,383.8739938735962,348.1896929740906,407.7465887069702,440.05403566360474,395.8102912902832,394.12186431884766,395.8102912902832,440.05403566360474,0.6184535801410675,0.8210872173309326,0.6184535801410675,0.9167792409658432,11.936297416687012,45.93217134475708,regular_ge32
2026-08-12T15:26:47.686,548,far,5,0.3690716028213501,159.3155243396759,220.46186345815659,169.46875834465027,237.8933306336403,318.6310486793518,440.92372691631317,338.93751668930054,475.7866612672806,328.7842826843262,458.3551940917969,328.7842826843262,475.7866612672806,0.5137254416942596,0.9549066543579101,0.5137254416942596,0.9912222109735012,10.153234004974365,17.431467175483704,small_16_32
2026-08-12T15:26:47.686,548,far,6,0.32359981536865234,99.9303806424141,193.2201914191246,109.14041823148727,213.56199127435684,199.8607612848282,386.4403828382492,218.28083646297455,427.1239825487137,209.07079887390137,406.78218269348145,209.07079887390137,427.1239825487137,0.3266731232404709,0.8474628806114197,0.3266731232404709,0.8898416303098202,9.210037589073181,20.34179985523224,small_16_32
2026-08-12T15:26:47.686,548,far,7,0.24863308668136597,54.693413972854614,203.432402074337,64.52230334281921,223.1588960289955,109.38682794570923,406.864804148674,129.04460668563843,446.317792057991,119.21571731567383,426.5912981033325,119.21571731567383,446.317792057991,0.18627455830574036,0.8887318710486094,0.18627455830574036,0.929828733454148,9.8288893699646,19.72649395465851,small_16_32
2026-08-12T15:26:47.686,548,far,8,0.2363237887620926,46.14231324195862,192.10621064901352,55.65690016746521,211.83270460367203,92.28462648391724,384.21242129802704,111.31380033493042,423.66540920734406,101.79921340942383,403.93891525268555,101.79921340942383,423.66540920734406,0.15906127095222472,0.8415394067764282,0.15906127095222472,0.8826362691819668,9.514586925506592,19.72649395465851,small_16_32
2026-08-12T15:26:47.791,549,far,1,0.441620409488678,116.2141193151474,191.56408822536469,126.70203936100006,214.54452192783356,232.4282386302948,383.12817645072937,253.40407872200012,429.0890438556671,242.91615867614746,406.10861015319824,242.91615867614746,429.0890438556671,0.3795564979314804,0.8460596044858296,0.3795564979314804,0.8939355080326398,10.487920045852661,22.980433702468872,small_16_32
2026-08-12T15:26:47.791,549,far,2,0.37690892815589905,130.49585342407227,190.05807024240494,138.8479518890381,208.6045531630516,260.99170684814453,380.1161404848099,277.6959037780762,417.2091063261032,269.34380531311035,398.66262340545654,269.34380531311035,417.2091063261032,0.4208496958017349,0.8305471320947011,0.4208496958017349,0.8691856381793817,8.35209846496582,18.546482920646667,small_16_32
2026-08-12T15:26:47.791,549,far,3,0.36130279302597046,191.56759452819824,175.06488692760468,203.50389194488525,219.76520550251007,383.1351890563965,350.12977385520935,407.0077838897705,439.53041100502014,395.0714864730835,394.83009243011475,395.0714864730835,439.53041100502014,0.6172991976141929,0.8225626925627391,0.6172991976141929,0.9156883562604586,11.936297416687012,44.700318574905396,regular_ge32
2026-08-12T15:26:47.791,549,far,4,0.34598395228385925,159.47412234544754,220.8200096487999,168.68415993452072,238.2514768242836,318.9482446908951,441.6400192975998,337.36831986904144,476.5029536485672,328.15828227996826,459.0714864730835,328.15828227996826,476.5029536485672,0.5127473160624504,0.9563989301522573,0.5127473160624504,0.9927144867678483,9.210037589073181,17.431467175483704,small_16_32
2026-08-12T15:26:47.791,549,far,5,0.3384403884410858,144.43286037445068,189.42728751897812,152.7849588394165,209.76908737421036,288.86572074890137,378.85457503795624,305.569917678833,419.5381747484207,297.2178192138672,399.1963748931885,297.2178192138672,419.5381747484207,0.46440284252166747,0.8316591143608093,0.46440284252166747,0.8740378640592098,8.35209846496582,20.34179985523224,small_16_32
2026-08-12T15:26:47.791,549,far,6,0.33097806572914124,99.40848410129547,193.7810636162758,108.32343995571136,212.32754653692245,198.81696820259094,387.5621272325516,216.64687991142273,424.6550930738449,207.73192405700684,406.10861015319824,207.73192405700684,424.6550930738449,0.3245811313390732,0.8460596044858296,0.3245811313390732,0.8846981105705102,8.914955854415894,18.546482920646667,small_16_32
2026-08-12T15:26:47.791,549,far,7,0.24863308668136597,54.33404904603958,203.04482012987137,63.54408663511276,222.17299908399582,108.66809809207916,406.08964025974274,127.08817327022552,444.34599816799164,117.87813568115234,425.2178192138672,117.87813568115234,444.34599816799164,0.18418458700180054,0.8858704566955566,0.18418458700180054,0.9257208295166492,9.210037589073181,19.12817895412445,small_16_32
2026-08-12T15:26:47.791,549,far,8,0.24242530763149261,45.985162019729614,192.65506678819656,55.814051389694214,211.78324574232101,91.97032403945923,385.3101335763931,111.62810277938843,423.56649148464203,101.79921340942383,404.4383125305176,101.79921340942383,423.56649148464203,0.15906127095222472,0.8425798177719116,0.15906127095222472,0.8824301905930042,9.8288893699646,19.12817895412445,small_16_32
2026-08-12T15:26:47.906,550,far,1,0.4665374755859375,116.04145300388336,191.0746232867241,126.8747056722641,215.48607808351517,232.08290600776672,382.1492465734482,253.7494113445282,430.97215616703033,242.91615867614746,406.56070137023926,242.91615867614746,430.97215616703033,0.3795564979314804,0.8470014611879985,0.3795564979314804,0.8978586586813132,10.833252668380737,24.411454796791077,small_16_32
2026-08-12T15:26:47.906,550,far,2,0.400795578956604,131.15526247024536,189.92515474557877,139.50736093521118,208.47163766622543,262.3105249404907,379.85030949115753,279.01472187042236,416.94327533245087,270.66262340545654,398.3967924118042,270.66262340545654,416.94327533245087,0.42291034907102587,0.829993317524592,0.42291034907102587,0.8686318236092726,8.35209846496582,18.546482920646667,small_16_32
2026-08-12T15:26:47.906,550,far,3,0.39277467131614685,144.21609210968018,190.3018725514412,152.568190574646,209.43005150556564,288.43218421936035,380.6037451028824,305.136381149292,418.8601030111313,296.7842826843262,399.73192405700684,296.7842826843262,418.8601030111313,0.46372544169425967,0.8327748417854309,0.46372544169425967,0.8726252146065235,8.35209846496582,19.12817895412445,small_16_32
2026-08-12T15:26:47.906,550,far,4,0.36130279302597046,159.37172055244446,220.69931262731552,169.20060992240906,238.13077980279922,318.7434411048889,441.39862525463104,338.4012198448181,476.26155960559845,328.5723304748535,458.83009243011475,328.5723304748535,476.26155960559845,0.5133942663669586,0.9558960258960724,0.5133942663669586,0.9922115825116634,9.8288893699646,17.431467175483704,small_16_32
2026-08-12T15:26:47.906,550,far,5,0.33097806572914124,190.93023240566254,175.06488692760468,203.66106569766998,219.76520550251007,381.8604648113251,350.12977385520935,407.32213139533997,439.53041100502014,394.5912981033325,394.83009243011475,394.5912981033325,439.53041100502014,0.6165489032864571,0.8225626925627391,0.6165489032864571,0.9156883562604586,12.730833292007446,44.700318574905396,regular_ge32
2026-08-12T15:26:47.906,550,far,6,0.31630825996398926,99.27452099323273,192.9591559767723,108.18947684764862,212.68564993143082,198.54904198646545,385.9183119535446,216.37895369529724,425.37129986286163,207.46399784088135,405.6448059082031,207.46399784088135,425.37129986286163,0.3241624966263771,0.8450933456420898,0.3241624966263771,0.8861902080476284,8.914955854415894,19.72649395465851,small_16_32
2026-08-12T15:26:47.906,550,far,7,0.24863308668136597,45.66724944114685,190.76317352056503,55.820483446121216,211.10497337579727,91.3344988822937,381.52634704113007,111.64096689224243,422.20994675159454,101.48773288726807,401.8681468963623,101.48773288726807,422.20994675159454,0.15857458263635635,0.8372253060340882,0.15857458263635635,0.8796040557324887,10.153234004974365,20.34179985523224,small_16_32
2026-08-12T15:26:47.906,550,far,8,0.22444185614585876,54.956541299819946,203.38160544633865,64.47112822532654,222.5097844004631,109.91308259963989,406.7632108926773,128.94225645065308,445.0195688009262,119.42766952514648,425.89138984680176,119.42766952514648,445.0195688009262,0.1866057336330414,0.8872737288475037,0.1866057336330414,0.9271241016685963,9.514586925506592,19.12817895412445,small_16_32
2026-08-12T15:26:48.010,551,far,1,0.43337342143058777,116.17064440250397,190.84857767820358,127.0038970708847,215.26003247499466,232.34128880500793,381.69715535640717,254.0077941417694,430.5200649499893,243.17454147338867,406.10861015319824,243.17454147338867,430.5200649499893,0.3799602210521698,0.8460596044858296,0.3799602210521698,0.8969168019791444,10.833252668380737,24.411454796791077,small_16_32
2026-08-12T15:26:48.010,551,far,2,0.3690716028213501,130.75139337778091,188.89502662420273,139.38045972585678,209.23682647943497,261.50278675556183,377.79005324840546,278.76091945171356,418.47365295886993,270.1318531036377,398.1318531036377,270.1318531036377,418.47365295886993,0.4220810204744339,0.8294413606325786,0.4220810204744339,0.8718201103309791,8.629066348075867,20.34179985523224,small_16_32
2026-08-12T15:26:48.010,551,far,3,0.3384403884410858,99.41746574640274,193.14026194810867,108.04653209447861,212.26844090223312,198.83493149280548,386.28052389621735,216.09306418895721,424.53688180446625,207.46399784088135,405.4087028503418,207.46399784088135,424.53688180446625,0.3241624966263771,0.8446014642715454,0.3241624966263771,0.884451837092638,8.629066348075867,19.12817895412445,small_16_32
2026-08-12T15:26:48.010,551,far,4,0.3384403884410858,191.7571849822998,174.4356597661972,203.3143014907837,221.62542593479156,383.5143699645996,348.8713195323944,406.6286029815674,443.25085186958313,395.0714864730835,396.06108570098877,395.0714864730835,443.25085186958313,0.6172991976141929,0.82512726187706,0.6172991976141929,0.9234392747282982,11.557116508483887,47.18976616859436,regular_ge32
2026-08-12T15:26:48.010,551,far,5,0.30910593271255493,144.8630638718605,189.16041177511215,153.49213021993637,209.5022116303444,289.726127743721,378.3208235502243,306.98426043987274,419.0044232606888,298.3551940917969,398.66262340545654,298.3551940917969,419.0044232606888,0.46617999076843264,0.8305471320947011,0.46617999076843264,0.8729258817931016,8.629066348075867,20.34179985523224,small_16_32
2026-08-12T15:26:48.010,551,far,6,0.26788532733917236,160.18840146064758,221.48519414663315,169.70298838615417,236.86999994516373,320.37680292129517,442.9703882932663,339.40597677230835,473.73999989032745,329.89138984680176,458.3551940917969,329.89138984680176,473.73999989032745,0.5154552966356277,0.9549066543579101,0.5154552966356277,0.9869583331048488,9.514586925506592,15.384805798530579,tiny_lt16
2026-08-12T15:26:48.010,551,far,7,0.2549463212490082,54.410784006118774,203.38160544633865,63.925370931625366,222.5097844004631,108.82156801223755,406.7632108926773,127.85074186325073,445.0195688009262,118.33615493774414,425.89138984680176,118.33615493774414,445.0195688009262,0.1849002420902252,0.8872737288475037,0.1849002420902252,0.9271241016685963,9.514586925506592,19.12817895412445,small_16_32
2026-08-12T15:26:48.010,551,far,8,0.2363237887620926,46.54096561670303,192.84110444784164,55.751003205776215,212.56759840250015,93.08193123340607,385.6822088956833,111.50200641155243,425.1351968050003,102.29196882247925,405.4087028503418,102.29196882247925,425.1351968050003,0.15983120128512382,0.8446014642715454,0.15983120128512382,0.8856983266770839,9.210037589073181,19.72649395465851,small_16_32
2026-08-12T15:26:48.127,552,far,1,0.4251631200313568,116.47164571285248,190.61667555570602,126.95956575870514,215.0281303524971,232.94329142570496,381.23335111141205,253.91913151741028,430.0562607049942,243.43121147155762,405.6448059082031,243.43121147155762,430.0562607049942,0.3803612679243088,0.8450933456420898,0.3803612679243088,0.8959505431354046,10.487920045852661,24.411454796791077,small_16_32
2026-08-12T15:26:48.127,552,far,2,0.3848111629486084,131.42213821411133,190.034097969532,139.77423667907715,209.16227692365646,262.84427642822266,380.068195939064,279.5484733581543,418.3245538473129,271.1963748931885,399.1963748931885,271.1963748931885,418.3245538473129,0.423744335770607,0.8316591143608093,0.423744335770607,0.8715094871819019,8.35209846496582,19.12817895412445,small_16_32
2026-08-12T15:26:48.127,552,far,3,0.34598395228385925,191.53972899913788,172.8895856142044,204.27056229114532,222.67210376262665,383.07945799827576,345.7791712284088,408.54112458229065,445.3442075252533,395.8102912902832,395.56168937683105,395.8102912902832,445.3442075252533,0.6184535801410675,0.824086852868398,0.6184535801410675,0.9278004323442777,12.730833292007446,49.78251814842224,regular_ge32
2026-08-12T15:26:48.127,552,far,4,0.33097806572914124,160.18840146064758,221.5915777683258,169.70298838615417,237.97011160850525,320.37680292129517,443.1831555366516,339.40597677230835,475.9402232170105,329.89138984680176,459.56168937683105,329.89138984680176,475.9402232170105,0.5154552966356277,0.9574201862017314,0.5154552966356277,0.9915421317021053,9.514586925506592,16.378533840179443,small_16_32
2026-08-12T15:26:48.127,552,far,5,0.32359981536865234,144.4051166176796,189.86875194311142,153.03418296575546,209.59524589776993,288.8102332353592,379.73750388622284,306.0683659315109,419.19049179553986,297.43929958343506,399.46399784088135,297.43929958343506,419.19049179553986,0.4647489055991173,0.8322166621685028,0.4647489055991173,0.8733135245740413,8.629066348075867,19.72649395465851,small_16_32
2026-08-12T15:26:48.127,552,far,6,0.30910593271255493,99.55142885446548,193.936179459095,108.18049520254135,213.06435841321945,199.10285770893097,387.87235891819,216.3609904050827,426.1287168264389,207.73192405700684,407.00053787231445,207.73192405700684,426.1287168264389,0.3245811313390732,0.8479177872339885,0.3245811313390732,0.8877681600550811,8.629066348075867,19.12817895412445,small_16_32
2026-08-12T15:26:48.127,552,far,7,0.28123316168785095,54.410784006118774,202.9356411099434,63.925370931625366,222.06382006406784,108.82156801223755,405.8712822198868,127.85074186325073,444.1276401281357,118.33615493774414,424.99946117401123,118.33615493774414,444.1276401281357,0.1849002420902252,0.8854155441125234,0.1849002420902252,0.925265916933616,9.514586925506592,19.12817895412445,small_16_32
2026-08-12T15:26:48.127,552,far,8,0.2549463212490082,46.56154108047485,192.72170728445053,56.076128005981445,212.44820123910904,93.1230821609497,385.44341456890106,112.15225601196289,424.8964024782181,102.6376690864563,405.16990852355957,102.6376690864563,424.8964024782181,0.16037135794758797,0.844103976090749,0.16037135794758797,0.8852008384962876,9.514586925506592,19.72649395465851,small_16_32
2026-08-12T15:26:48.231,553,far,1,0.4169939160346985,116.343310713768,191.21114438772202,126.83123075962067,214.89746576547623,232.686621427536,382.42228877544403,253.66246151924133,429.79493153095245,243.17454147338867,406.10861015319824,243.17454147338867,429.79493153095245,0.3799602210521698,0.8460596044858296,0.3799602210521698,0.8954061073561509,10.487920045852661,23.68632137775421,small_16_32
2026-08-12T15:26:48.231,553,far,2,0.3848111629486084,130.88987731933594,189.76722222566605,139.24197578430176,208.8954011797905,261.7797546386719,379.5344444513321,278.4839515686035,417.790802359581,270.1318531036377,398.66262340545654,270.1318531036377,417.790802359581,0.4220810204744339,0.8305471320947011,0.4220810204744339,0.8703975049157937,8.35209846496582,19.12817895412445,small_16_32
2026-08-12T15:26:48.231,553,far,3,0.3690716028213501,145.13570207357407,189.02749627828598,153.2194920182228,209.36929613351822,290.27140414714813,378.05499255657196,306.4389840364456,418.73859226703644,298.3551940917969,398.3967924118042,298.3551940917969,418.73859226703644,0.46617999076843264,0.829993317524592,0.46617999076843264,0.8723720672229925,8.083789944648743,20.34179985523224,small_16_32
2026-08-12T15:26:48.231,553,far,4,0.35360580682754517,159.4245321750641,220.07041609287262,168.93911910057068,238.05144822597504,318.8490643501282,440.14083218574524,337.87823820114136,476.1028964519501,328.36365127563477,458.12186431884766,328.36365127563477,476.1028964519501,0.5130682051181793,0.9544205506642659,0.5130682051181793,0.9918810342748959,9.514586925506592,17.981032133102417,small_16_32
2026-08-12T15:26:48.231,553,far,5,0.3384403884410858,99.2836542725563,192.94591480493546,107.91272062063217,211.49239772558212,198.5673085451126,385.8918296098709,215.82544124126434,422.98479545116425,207.19637489318848,404.4383125305176,207.19637489318848,422.98479545116425,0.323744335770607,0.8425798177719116,0.323744335770607,0.8812183238565922,8.629066348075867,18.546482920646667,small_16_32
2026-08-12T15:26:48.231,553,far,6,0.30910593271255493,191.94097113609314,175.7886929512024,203.13051533699036,219.2827935218811,383.8819422721863,351.5773859024048,406.2610306739807,438.5655870437622,395.0714864730835,395.0714864730835,395.0714864730835,438.5655870437622,0.6172991976141929,0.823065596818924,0.6172991976141929,0.9136783063411713,11.189544200897217,43.49410057067871,regular_ge32
2026-08-12T15:26:48.231,553,far,7,0.24863308668136597,45.74427509307861,191.79855769872665,55.89750909805298,212.1403575539589,91.48855018615723,383.5971153974533,111.79501819610596,424.2807151079178,101.64178419113159,403.93891525268555,101.64178419113159,424.2807151079178,0.15881528779864312,0.8415394067764282,0.15881528779864312,0.8839181564748287,10.153234004974365,20.34179985523224,small_16_32
2026-08-12T15:26:48.231,553,far,8,0.2363237887620926,54.410784006118774,202.85640281438828,63.925370931625366,222.58289676904678,108.82156801223755,405.71280562877655,127.85074186325073,445.16579353809357,118.33615493774414,425.43929958343506,118.33615493774414,445.16579353809357,0.1849002420902252,0.8863318741321564,0.1849002420902252,0.927428736537695,9.514586925506592,19.72649395465851,small_16_32
2026-08-12T15:26:48.347,554,far,1,0.40887001156806946,116.47164571285248,191.09590715169907,126.95956575870514,214.78222852945328,232.94329142570496,382.19181430339813,253.91913151741028,429.56445705890656,243.43121147155762,405.87813568115234,243.43121147155762,429.56445705890656,0.3803612679243088,0.845579449335734,0.3803612679243088,0.8949259522060553,10.487920045852661,23.68632137775421,small_16_32
2026-08-12T15:26:48.347,554,far,2,0.37690892815589905,159.6944649219513,220.5799154639244,169.5233542919159,238.0113826394081,319.3889298439026,441.1598309278488,339.0467085838318,476.0227652788162,329.2178192138672,458.5912981033325,329.2178192138672,476.0227652788162,0.5144028425216675,0.955398537715276,0.5144028425216675,0.9917140943308671,9.8288893699646,17.431467175483704,small_16_32
2026-08-12T15:26:48.347,554,far,3,0.36130279302597046,130.88987731933594,189.50183707475662,139.24197578430176,208.63001602888107,261.7797546386719,379.00367414951324,278.4839515686035,417.26003205776215,270.1318531036377,398.1318531036377,270.1318531036377,417.26003205776215,0.4220810204744339,0.8294413606325786,0.4220810204744339,0.8692917334536712,8.35209846496582,19.12817895412445,small_16_32
2026-08-12T15:26:48.347,554,far,4,0.33097806572914124,145.373151242733,189.2026795744896,153.45694118738174,208.9291735291481,290.746302485466,378.4053591489792,306.9138823747635,417.8583470582962,298.83009243011475,398.1318531036377,298.83009243011475,417.8583470582962,0.4669220194220543,0.8294413606325786,0.4669220194220543,0.8705382230381171,8.083789944648743,19.72649395465851,small_16_32
2026-08-12T15:26:48.347,554,far,5,0.33097806572914124,192.3784203529358,175.19864463806152,203.93553686141968,218.69274520874023,384.7568407058716,350.39728927612305,407.87107372283936,437.38549041748047,396.31395721435547,393.89138984680176,396.31395721435547,437.38549041748047,0.6192405581474304,0.820607062180837,0.6192405581474304,0.9112197717030843,11.557116508483887,43.49410057067871,regular_ge32
2026-08-12T15:26:48.347,554,far,6,0.2880568504333496,99.68546682596207,193.60398799180984,108.31453317403793,212.7321669459343,199.37093365192413,387.2079759836197,216.62906634807587,425.4643338918686,208.0,406.33615493774414,208.0,425.4643338918686,0.325,0.8465336561203003,0.325,0.8863840289413929,8.629066348075867,19.12817895412445,small_16_32
2026-08-12T15:26:48.347,554,far,7,0.27450883388519287,54.181774377822876,203.08244794607162,63.69636130332947,222.80894190073013,108.36354875564575,406.16489589214325,127.39272260665894,445.61788380146027,117.87813568115234,425.89138984680176,117.87813568115234,445.61788380146027,0.18418458700180054,0.8872737288475037,0.18418458700180054,0.9283705912530422,9.514586925506592,19.72649395465851,small_16_32
2026-08-12T15:26:48.347,554,far,8,0.2549463212490082,45.985527753829956,191.4822215437889,56.13876175880432,212.45669370889664,91.97105550765991,382.9644430875778,112.27752351760864,424.9133874177933,102.12428951263428,403.93891525268555,102.12428951263428,424.9133874177933,0.15956920236349106,0.8415394067764282,0.15956920236349106,0.8852362237870693,10.153234004974365,20.974472165107727,small_16_32
2026-08-12T15:26:48.454,555,far,1,0.4169939160346985,116.08413827419281,191.54793065786362,126.57205832004547,215.23425203561783,232.16827654838562,383.09586131572723,253.14411664009094,430.46850407123566,242.65619659423828,406.78218269348145,242.65619659423828,430.46850407123566,0.3791503071784973,0.8474628806114197,0.3791503071784973,0.896809383481741,10.487920045852661,23.68632137775421,small_16_32
2026-08-12T15:26:48.454,555,far,2,0.36130279302597046,159.6348478794098,220.30513298511505,169.14943480491638,238.28616511821747,319.2696957588196,440.6102659702301,338.29886960983276,476.57233023643494,328.7842826843262,458.5912981033325,328.7842826843262,476.57233023643494,0.5137254416942596,0.955398537715276,0.5137254416942596,0.9928590213259061,9.514586925506592,17.981032133102417,small_16_32
2026-08-12T15:26:48.454,555,far,3,0.35360580682754517,131.6901039481163,189.68138659000397,139.77389389276505,207.66241872310638,263.3802078962326,379.36277318000793,279.5477877855301,415.32483744621277,271.46399784088135,397.34380531311035,271.46399784088135,415.32483744621277,0.4241624966263771,0.8277995944023132,0.4241624966263771,0.8652600780129432,8.083789944648743,17.981032133102417,small_16_32
2026-08-12T15:26:48.454,555,far,4,0.35360580682754517,145.49384826421738,190.034097969532,153.57763820886612,209.16227692365646,290.98769652843475,380.068195939064,307.15527641773224,418.3245538473129,299.0714864730835,399.1963748931885,299.0714864730835,418.3245538473129,0.467299197614193,0.8316591143608093,0.467299197614193,0.8715094871819019,8.083789944648743,19.12817895412445,small_16_32
2026-08-12T15:26:48.454,555,far,5,0.30910593271255493,192.18607258796692,175.06488692760468,203.37561678886414,219.76520550251007,384.37214517593384,350.12977385520935,406.75123357772827,439.53041100502014,395.56168937683105,394.83009243011475,395.56168937683105,439.53041100502014,0.6180651396512985,0.8225626925627391,0.6180651396512985,0.9156883562604586,11.189544200897217,44.700318574905396,regular_ge32
2026-08-12T15:26:48.454,555,far,6,0.28123316168785095,99.82395076751709,193.89483600854874,108.17604923248291,212.4413189291954,199.64790153503418,387.7896720170975,216.35209846496582,424.8826378583908,208.0,406.33615493774414,208.0,424.8826378583908,0.325,0.8465336561203003,0.325,0.8851721622049809,8.35209846496582,18.546482920646667,small_16_32
2026-08-12T15:26:48.454,555,far,7,0.24863308668136597,54.63379788398743,203.432402074337,64.14838480949402,223.1588960289955,109.26759576797485,406.864804148674,128.29676961898804,446.317792057991,118.78218269348145,426.5912981033325,118.78218269348145,446.317792057991,0.18559716045856475,0.8887318710486094,0.18559716045856475,0.929828733454148,9.514586925506592,19.72649395465851,small_16_32
2026-08-12T15:26:48.454,555,far,8,0.23032912611961365,46.31710171699524,191.92395442724228,56.14599108695984,212.26575428247452,92.63420343399048,383.84790885448456,112.29198217391968,424.53150856494904,102.46309280395508,404.1897087097168,102.46309280395508,424.53150856494904,0.1600985825061798,0.8420618931452434,0.1600985825061798,0.8844406428436439,9.8288893699646,20.34179985523224,small_16_32
2026-08-12T15:26:48.570,556,far,1,0.43337342143058777,116.04145300388336,191.2945415377617,126.8747056722641,215.70599633455276,232.08290600776672,382.5890830755234,253.7494113445282,431.41199266910553,242.91615867614746,407.00053787231445,242.91615867614746,431.41199266910553,0.3795564979314804,0.8479177872339885,0.3795564979314804,0.8987749847273032,10.833252668380737,24.411454796791077,small_16_32
2026-08-12T15:26:48.570,556,far,2,0.36130279302597046,131.2885503768921,189.36988526582718,139.6406488418579,208.49806421995163,262.5771007537842,378.73977053165436,279.2812976837158,416.99612843990326,270.92919921875,397.8679494857788,270.92919921875,416.99612843990326,0.4233268737792969,0.8288915614287059,0.4233268737792969,0.8687419342497985,8.35209846496582,19.12817895412445,small_16_32
2026-08-12T15:26:48.570,556,far,3,0.34598395228385925,144.43286037445068,188.89502662420273,152.7849588394165,209.23682647943497,288.86572074890137,377.79005324840546,305.569917678833,418.47365295886993,297.2178192138672,398.1318531036377,297.2178192138672,418.47365295886993,0.46440284252166747,0.8294413606325786,0.46440284252166747,0.8718201103309791,8.35209846496582,20.34179985523224,small_16_32
2026-08-12T15:26:48.570,556,far,4,0.31630825996398926,159.7871225476265,221.468425989151,168.99716013669968,237.84695982933044,319.574245095253,442.936851978302,337.99432027339935,475.6939196586609,328.7842826843262,459.31538581848145,328.7842826843262,475.6939196586609,0.5137254416942596,0.956907053788503,0.5137254416942596,0.9910289992888769,9.210037589073181,16.378533840179443,small_16_32
2026-08-12T15:26:48.570,556,far,5,0.30910593271255493,191.44689750671387,176.37905251979828,203.38319492340088,218.69243395328522,382.89379501342773,352.75810503959656,406.76638984680176,437.38486790657043,394.83009243011475,395.0714864730835,394.83009243011475,437.38486790657043,0.6169220194220543,0.823065596818924,0.6169220194220543,0.9112184748053551,11.936297416687012,42.31338143348694,regular_ge32
2026-08-12T15:26:48.570,556,far,6,0.2949781119823456,99.41746574640274,193.14026194810867,108.04653209447861,212.26844090223312,198.83493149280548,386.28052389621735,216.09306418895721,424.53688180446625,207.46399784088135,405.4087028503418,207.46399784088135,424.53688180446625,0.3241624966263771,0.8446014642715454,0.3241624966263771,0.884451837092638,8.629066348075867,19.12817895412445,small_16_32
2026-08-12T15:26:48.570,556,far,7,0.2549463212490082,46.06349951028824,192.15151625871658,55.27353709936142,211.27969521284103,92.12699902057648,384.30303251743317,110.54707419872284,422.55939042568207,101.33703660964966,403.4312114715576,101.33703660964966,422.55939042568207,0.15833911970257758,0.8404816905657451,0.15833911970257758,0.8803320633868377,9.210037589073181,19.12817895412445,small_16_32
2026-08-12T15:26:48.570,556,far,8,0.23032912611961365,54.85056519508362,203.1555603146553,64.36515212059021,222.28373926877975,109.70113039016724,406.3111206293106,128.73030424118042,444.5674785375595,119.21571731567383,425.43929958343506,119.21571731567383,444.5674785375595,0.18627455830574036,0.8863318741321564,0.18627455830574036,0.926182246953249,9.514586925506592,19.12817895412445,small_16_32
2026-08-12T15:26:48.679,557,far,1,0.4832499325275421,115.82206571102142,190.49862402677536,126.30998575687408,214.91007882356644,231.64413142204285,380.9972480535507,252.61997151374817,429.8201576471329,242.1320514678955,405.4087028503418,242.1320514678955,429.8201576471329,0.37833133041858674,0.8446014642715454,0.37833133041858674,0.8954586617648601,10.487920045852661,24.411454796791077,small_16_32
2026-08-12T15:26:48.679,557,far,2,0.40887001156806946,130.22738701105118,188.93936294317245,138.85645335912704,208.66585689783096,260.45477402210236,377.8787258863449,277.7129067182541,417.3317137956619,269.0838403701782,397.6052198410034,269.0838403701782,417.3317137956619,0.42044350057840346,0.8283442080020904,0.42044350057840346,0.869441070407629,8.629066348075867,19.72649395465851,small_16_32
2026-08-12T15:26:48.679,557,far,3,0.37690892815589905,144.4051166176796,188.97736352682114,153.03418296575546,209.95183569192886,288.8102332353592,377.9547270536423,306.0683659315109,419.9036713838577,297.43929958343506,398.92919921875,297.43929958343506,419.9036713838577,0.4647489055991173,0.8311024983723958,0.4647489055991173,0.8747993153830369,8.629066348075867,20.974472165107727,small_16_32
2026-08-12T15:26:48.679,557,far,4,0.33097806572914124,98.99316865205765,193.2201914191246,108.20320624113083,213.56199127435684,197.9863373041153,386.4403828382492,216.40641248226166,427.1239825487137,207.19637489318848,406.78218269348145,207.19637489318848,427.1239825487137,0.323744335770607,0.8474628806114197,0.323744335770607,0.8898416303098202,9.210037589073181,20.34179985523224,small_16_32
2026-08-12T15:26:48.679,557,far,5,0.3019951581954956,159.52887177467346,221.20898216962814,169.04345870018005,238.1064036488533,319.0577435493469,442.4179643392563,338.0869174003601,476.2128072977066,328.5723304748535,459.31538581848145,328.5723304748535,476.2128072977066,0.5133942663669586,0.956907053788503,0.5133942663669586,0.9921100152035555,9.514586925506592,16.89742147922516,small_16_32
2026-08-12T15:26:48.679,557,far,6,0.2949781119823456,191.58282494544983,176.03379440307617,202.77236914634705,219.52789497375488,383.16564989089966,352.06758880615234,405.5447382926941,439.05578994750977,394.3551940917969,395.56168937683105,394.3551940917969,439.05578994750977,0.6161799907684327,0.824086852868398,0.6161799907684327,0.9146995623906453,11.189544200897217,43.49410057067871,regular_ge32
2026-08-12T15:26:48.679,557,far,7,0.2613641023635864,45.40426576137543,189.38869309425354,56.237518429756165,211.68210577964783,90.80853152275085,378.7773861885071,112.47503685951233,423.36421155929565,101.64178419113159,401.07079887390137,101.64178419113159,423.36421155929565,0.15881528779864312,0.8355641643206279,0.15881528779864312,0.882008774081866,10.833252668380737,22.293412685394287,small_16_32
2026-08-12T15:26:48.679,557,far,8,0.218662291765213,54.63379788398743,202.43800967931747,64.14838480949402,222.7798095345497,109.26759576797485,404.87601935863495,128.29676961898804,445.5596190690994,118.78218269348145,425.2178192138672,118.78218269348145,445.5596190690994,0.18559716045856475,0.8858704566955566,0.18559716045856475,0.9282492063939571,9.514586925506592,20.34179985523224,small_16_32
2026-08-12T15:26:48.798,558,far,1,0.4498997628688812,116.2141193151474,190.84857767820358,126.70203936100006,215.26003247499466,232.4282386302948,381.69715535640717,253.40407872200012,430.5200649499893,242.91615867614746,406.10861015319824,242.91615867614746,430.5200649499893,0.3795564979314804,0.8460596044858296,0.3795564979314804,0.8969168019791444,10.487920045852661,24.411454796791077,small_16_32
2026-08-12T15:26:48.798,558,far,2,0.37690892815589905,130.88987731933594,189.66073328256607,139.24197578430176,208.20721620321274,261.7797546386719,379.32146656513214,278.4839515686035,416.4144324064255,270.1318531036377,397.8679494857788,270.1318531036377,416.4144324064255,0.4220810204744339,0.8288915614287059,0.4220810204744339,0.8675300675133865,8.35209846496582,18.546482920646667,small_16_32
2026-08-12T15:26:48.798,558,far,3,0.35360580682754517,143.86729246377945,188.89502662420273,152.49635881185532,209.23682647943497,287.7345849275589,377.79005324840546,304.99271762371063,418.47365295886993,296.36365127563477,398.1318531036377,296.36365127563477,418.47365295886993,0.4630682051181793,0.8294413606325786,0.4630682051181793,0.8718201103309791,8.629066348075867,20.34179985523224,small_16_32
2026-08-12T15:26:48.798,558,far,4,0.31630825996398926,190.62708389759064,173.70076596736908,204.2030085325241,220.89053213596344,381.2541677951813,347.40153193473816,408.4060170650482,441.7810642719269,394.83009243011475,394.5912981033325,394.83009243011475,441.7810642719269,0.6169220194220543,0.8220652043819427,0.6169220194220543,0.920377217233181,13.575924634933472,47.18976616859436,regular_ge32
2026-08-12T15:26:48.798,558,far,5,0.3019951581954956,99.27452099323273,192.65150302648544,108.18947684764862,212.99330288171768,198.54904198646545,385.3030060529709,216.37895369529724,425.98660576343536,207.46399784088135,405.6448059082031,207.46399784088135,425.98660576343536,0.3241624966263771,0.8450933456420898,0.3241624966263771,0.8874720953404903,8.914955854415894,20.34179985523224,small_16_32
2026-08-12T15:26:48.798,558,far,6,0.2880568504333496,159.47412234544754,221.5985199213028,168.68415993452072,237.4729665517807,318.9482446908951,443.1970398426056,337.36831986904144,474.9459331035614,328.15828227996826,459.0714864730835,328.15828227996826,474.9459331035614,0.5127473160624504,0.9563989301522573,0.5127473160624504,0.9894706939657529,9.210037589073181,15.874446630477905,tiny_lt16
2026-08-12T15:26:48.798,558,far,7,0.24242530763149261,45.40426576137543,190.3849482536316,56.237518429756165,212.0098328590393,90.80853152275085,380.7698965072632,112.47503685951233,424.0196657180786,101.64178419113159,402.3947811126709,101.64178419113159,424.0196657180786,0.15881528779864312,0.8383224606513977,0.15881528779864312,0.8833743035793304,10.833252668380737,21.624884605407715,small_16_32
2026-08-12T15:26:48.798,558,far,8,0.20742715895175934,54.85056519508362,201.69458955526352,64.36515212059021,222.66906172037125,109.70113039016724,403.38917911052704,128.73030424118042,445.3381234407425,119.21571731567383,424.36365127563477,119.21571731567383,445.3381234407425,0.18627455830574036,0.8840909401575724,0.18627455830574036,0.9277877571682135,9.514586925506592,20.974472165107727,small_16_32
2026-08-12T15:26:48.905,559,far,1,0.45820698142051697,115.47125363349915,191.34275728464127,126.66079783439636,216.4989613890648,230.9425072669983,382.68551456928253,253.32159566879272,432.9979227781296,242.1320514678955,407.84171867370605,242.1320514678955,432.9979227781296,0.37833133041858674,0.8496702472368877,0.37833133041858674,0.90207900578777,11.189544200897217,25.156204104423523,small_16_32
2026-08-12T15:26:48.905,559,far,2,0.39277467131614685,132.75674557685852,189.42221319675446,140.58063006401062,207.40324532985687,265.51349115371704,378.8444263935089,281.16126012802124,414.80649065971375,273.33737564086914,396.8254585266113,273.33737564086914,414.80649065971375,0.427089649438858,0.8267197052637736,0.427089649438858,0.8641801888744036,7.8238844871521,17.981032133102417,small_16_32
2026-08-12T15:26:48.905,559,far,3,0.3848111629486084,144.21609210968018,189.46806472539902,152.568190574646,209.19455868005753,288.43218421936035,378.93612945079803,305.136381149292,418.38911736011505,296.7842826843262,398.66262340545654,296.7842826843262,418.38911736011505,0.46372544169425967,0.8305471320947011,0.46372544169425967,0.8716439945002397,8.35209846496582,19.72649395465851,small_16_32
2026-08-12T15:26:48.905,559,far,4,0.3384403884410858,159.47412234544754,221.20898216962814,168.68415993452072,238.1064036488533,318.9482446908951,442.4179643392563,337.36831986904144,476.2128072977066,328.15828227996826,459.31538581848145,328.15828227996826,476.2128072977066,0.5127473160624504,0.956907053788503,0.5127473160624504,0.9921100152035555,9.210037589073181,16.89742147922516,small_16_32
2026-08-12T15:26:48.905,559,far,5,0.32359981536865234,191.63648796081543,174.5696575641632,203.19360446929932,220.5018289089203,383.27297592163086,349.1393151283264,406.38720893859863,441.0036578178406,394.83009243011475,395.0714864730835,394.83009243011475,441.0036578178406,0.6169220194220543,0.823065596818924,0.6169220194220543,0.9187576204538346,11.557116508483887,45.93217134475708,regular_ge32
2026-08-12T15:26:48.905,559,far,6,0.31630825996398926,98.74091827869415,193.30483049154282,107.65587413311005,213.03132444620132,197.4818365573883,386.60966098308563,215.3117482662201,426.06264889240265,206.3967924118042,406.33615493774414,206.3967924118042,426.06264889240265,0.3224949881434441,0.8465336561203003,0.3224949881434441,0.8876305185258389,8.914955854415894,19.72649395465851,small_16_32
2026-08-12T15:26:48.905,559,far,7,0.24242530763149261,45.76550602912903,191.8939898610115,55.28009295463562,211.02216881513596,91.53101205825806,383.787979722023,110.56018590927124,422.0443376302719,101.04559898376465,402.91615867614746,101.04559898376465,422.0443376302719,0.15788374841213226,0.8394086639086406,0.15788374841213226,0.8792590367297332,9.514586925506592,19.12817895412445,small_16_32
2026-08-12T15:26:48.905,559,far,8,0.218662291765213,54.895250141620636,202.8058996796608,64.10528773069382,221.35238260030746,109.79050028324127,405.6117993593216,128.21057546138763,442.70476520061493,119.00053787231445,424.15828227996826,119.00053787231445,442.70476520061493,0.18593834042549134,0.8836630880832672,0.18593834042549134,0.9223015941679478,9.210037589073181,18.546482920646667,small_16_32
2026-08-12T15:26:49.022,560,far,1,0.441620409488678,116.08413827419281,190.96235007047653,126.57205832004547,215.3738048672676,232.16827654838562,381.92470014095306,253.14411664009094,430.7476097345352,242.65619659423828,406.33615493774414,242.65619659423828,430.7476097345352,0.3791503071784973,0.8465336561203003,0.3791503071784973,0.897390853613615,10.487920045852661,24.411454796791077,small_16_32
2026-08-12T15:26:49.022,560,far,2,0.3690716028213501,131.42213821411133,189.63430672883987,139.77423667907715,208.76248568296432,262.84427642822266,379.26861345767975,279.5484733581543,417.52497136592865,271.1963748931885,398.3967924118042,271.1963748931885,417.52497136592865,0.423744335770607,0.829993317524592,0.423744335770607,0.8698436903456847,8.35209846496582,19.12817895412445,small_16_32
2026-08-12T15:26:49.022,560,far,3,0.34598395228385925,144.3236813545227,189.11095136404037,152.67577981948853,210.0854235291481,288.6473627090454,378.22190272808075,305.35155963897705,420.1708470582962,296.99946117401123,399.1963748931885,296.99946117401123,420.1708470582962,0.46406165808439254,0.8316591143608093,0.46406165808439254,0.8753559313714504,8.35209846496582,20.974472165107727,small_16_32
2026-08-12T15:26:49.022,560,far,4,0.32359981536865234,99.14070951938629,193.30483049154282,108.05566537380219,213.03132444620132,198.28141903877258,386.60966098308563,216.11133074760437,426.06264889240265,207.19637489318848,406.33615493774414,207.19637489318848,426.06264889240265,0.323744335770607,0.8465336561203003,0.323744335770607,0.8876305185258389,8.914955854415894,19.72649395465851,small_16_32
2026-08-12T15:26:49.022,560,far,5,0.32359981536865234,159.22778809070587,221.84127593040466,168.14274394512177,238.2198097705841,318.45557618141174,443.6825518608093,336.28548789024353,476.4396195411682,327.37053203582764,460.06108570098877,327.37053203582764,476.4396195411682,0.5115164563059806,0.9584605952103933,0.5115164563059806,0.9925825407107671,8.914955854415894,16.378533840179443,small_16_32
2026-08-12T15:26:49.022,560,far,6,0.2949781119823456,190.97754621505737,175.18558394908905,202.91384363174438,219.88590252399445,381.95509243011475,350.3711678981781,405.82768726348877,439.7718050479889,393.89138984680176,395.0714864730835,393.89138984680176,439.7718050479889,0.6154552966356277,0.823065596818924,0.6154552966356277,0.9161912605166436,11.936297416687012,44.700318574905396,regular_ge32
2026-08-12T15:26:49.022,560,far,7,0.2363237887620926,45.07374620437622,190.4468373656273,56.26329040527344,211.42130953073502,90.14749240875244,380.8936747312546,112.52658081054688,422.84261906147003,101.33703660964966,401.8681468963623,101.33703660964966,422.84261906147003,0.15833911970257758,0.8372253060340882,0.15833911970257758,0.8809221230447293,11.189544200897217,20.974472165107727,small_16_32
2026-08-12T15:26:49.022,560,far,8,0.21299070119857788,54.895250141620636,203.6135075688362,64.10528773069382,222.74168652296066,109.79050028324127,407.2270151376724,128.21057546138763,445.4833730459213,119.00053787231445,426.3551940917969,119.00053787231445,445.4833730459213,0.18593834042549134,0.8882399876912435,0.18593834042549134,0.9280903605123361,9.210037589073181,19.12817895412445,small_16_32
2026-08-12T15:26:49.126,561,far,1,0.4498997628688812,116.04145300388336,191.61244696378708,126.8747056722641,216.02390176057816,232.08290600776672,383.22489392757416,253.7494113445282,432.0478035211563,242.91615867614746,407.63634872436523,242.91615867614746,432.0478035211563,0.3795564979314804,0.8492423931757609,0.3795564979314804,0.9000995906690756,10.833252668380737,24.411454796791077,small_16_32
2026-08-12T15:26:49.126,561,far,2,0.3690716028213501,159.2737861275673,221.5686611533165,168.48382371664047,239.0001283288002,318.5475722551346,443.137322306633,336.96764743328094,478.0002566576004,327.75760984420776,460.5687894821167,327.75760984420776,478.0002566576004,0.5121212653815747,0.9595183114210765,0.5121212653815747,0.9958338680366675,9.210037589073181,17.431467175483704,small_16_32
2026-08-12T15:26:49.126,561,far,3,0.34598395228385925,132.2261056303978,189.29387867450714,140.30989557504654,207.27491080760956,264.4522112607956,378.5877573490143,280.6197911500931,414.5498216152191,272.53600120544434,396.5687894821167,272.53600120544434,414.5498216152191,0.4258375018835068,0.8261849780877432,0.4258375018835068,0.8636454616983732,8.083789944648743,17.981032133102417,small_16_32
2026-08-12T15:26:49.126,561,far,4,0.3384403884410858,99.15006643533707,192.9591559767723,107.77913278341293,212.68564993143082,198.30013287067413,385.9183119535446,215.55826556682587,425.37129986286163,206.92919921875,405.6448059082031,206.92919921875,425.37129986286163,0.32332687377929686,0.8450933456420898,0.32332687377929686,0.8861902080476284,8.629066348075867,19.72649395465851,small_16_32
2026-08-12T15:26:49.126,561,far,5,0.33097806572914124,144.43286037445068,189.33514922857285,152.7849588394165,209.06164318323135,288.86572074890137,378.6702984571457,305.569917678833,418.1232863664627,297.2178192138672,398.3967924118042,297.2178192138672,418.1232863664627,0.46440284252166747,0.829993317524592,0.46440284252166747,0.8710901799301306,8.35209846496582,19.72649395465851,small_16_32
2026-08-12T15:26:49.126,561,far,6,0.33097806572914124,191.20944833755493,175.19864463806152,203.14574575424194,218.69274520874023,382.41889667510986,350.39728927612305,406.2914915084839,437.38549041748047,394.3551940917969,393.89138984680176,394.3551940917969,437.38549041748047,0.6161799907684327,0.820607062180837,0.6161799907684327,0.9112197717030843,11.936297416687012,43.49410057067871,regular_ge32
2026-08-12T15:26:49.126,561,far,7,0.2363237887620926,45.576932072639465,191.15719836950302,56.06485211849213,211.49899822473526,91.15386414527893,382.31439673900604,112.12970423698425,422.9979964494705,101.64178419113159,402.6561965942383,101.64178419113159,422.9979964494705,0.15881528779864312,0.8388670762379964,0.15881528779864312,0.8812458259363969,10.487920045852661,20.34179985523224,small_16_32
2026-08-12T15:26:49.126,561,far,8,0.218662291765213,55.10881596803665,203.19768518209457,64.31885355710983,222.92417913675308,110.2176319360733,406.39537036418915,128.63770711421967,445.84835827350616,119.42766952514648,426.12186431884766,119.42766952514648,445.84835827350616,0.1866057336330414,0.8877538839975992,0.1866057336330414,0.9288507464031378,9.210037589073181,19.72649395465851,small_16_32
2026-08-12T15:26:49.243,562,far,1,0.4665374755859375,115.47125363349915,191.40213125944138,126.66079783439636,215.81358605623245,230.9425072669983,382.80426251888275,253.32159566879272,431.6271721124649,242.1320514678955,407.2157173156738,242.1320514678955,431.6271721124649,0.37833133041858674,0.8483660777409872,0.37833133041858674,0.8992232752343019,11.189544200897217,24.411454796791077,small_16_32
2026-08-12T15:26:49.243,562,far,2,0.37690892815589905,131.15526247024536,190.07541048526764,139.50736093521118,208.05644261837006,262.3105249404907,380.1508209705353,279.01472187042236,416.1128852367401,270.66262340545654,398.1318531036377,270.66262340545654,416.1128852367401,0.42291034907102587,0.8294413606325786,0.42291034907102587,0.8669018442432086,8.35209846496582,17.981032133102417,small_16_32
2026-08-12T15:26:49.243,562,far,3,0.37690892815589905,159.2737861275673,220.94195932149887,168.48382371664047,238.37342649698257,318.5475722551346,441.88391864299774,336.96764743328094,476.74685299396515,327.75760984420776,459.31538581848145,327.75760984420776,476.74685299396515,0.5121212653815747,0.956907053788503,0.5121212653815747,0.9932226104040941,9.210037589073181,17.431467175483704,small_16_32
2026-08-12T15:26:49.243,562,far,4,0.35360580682754517,144.11011600494385,190.00271505117416,152.46221446990967,209.72920900583267,288.2202320098877,380.0054301023483,304.92442893981934,419.45841801166534,296.5723304748535,399.73192405700684,296.5723304748535,419.45841801166534,0.46339426636695863,0.8327748417854309,0.46339426636695863,0.8738717041909695,8.35209846496582,19.72649395465851,small_16_32
2026-08-12T15:26:49.243,562,far,5,0.33097806572914124,99.40848410129547,193.19105809926987,108.32343995571136,212.91755205392838,198.81696820259094,386.38211619853973,216.64687991142273,425.83510410785675,207.73192405700684,406.10861015319824,207.73192405700684,425.83510410785675,0.3245811313390732,0.8460596044858296,0.3245811313390732,0.8871564668913682,8.914955854415894,19.72649395465851,small_16_32
2026-08-12T15:26:49.243,562,far,6,0.2880568504333496,191.70087695121765,176.62415397167206,202.89042115211487,218.937535405159,383.4017539024353,353.2483079433441,405.78084230422974,437.875070810318,394.5912981033325,395.56168937683105,394.5912981033325,437.875070810318,0.6165489032864571,0.824086852868398,0.6165489032864571,0.9122397308548291,11.189544200897217,42.31338143348694,regular_ge32
2026-08-12T15:26:49.243,562,far,7,0.26788532733917236,45.847379982471466,192.0231812596321,55.05741757154465,211.15136021375656,91.69475996494293,384.0463625192642,110.1148351430893,422.3027204275131,100.90479755401611,403.1745414733887,100.90479755401611,422.3027204275131,0.15766374617815018,0.839946961402893,0.15766374617815018,0.8797973342239856,9.210037589073181,19.12817895412445,small_16_32
2026-08-12T15:26:49.243,562,far,8,0.22444185614585876,55.46152710914612,202.85640281438828,64.97611403465271,222.58289676904678,110.92305421829224,405.71280562877655,129.95222806930542,445.16579353809357,120.43764114379883,425.43929958343506,120.43764114379883,445.16579353809357,0.18818381428718567,0.8863318741321564,0.18818381428718567,0.927428736537695,9.514586925506592,19.72649395465851,small_16_32
2026-08-12T15:26:49.347,563,far,1,0.4498997628688812,115.78076422214508,191.2945415377617,126.61401689052582,215.70599633455276,231.56152844429016,382.5890830755234,253.22803378105164,431.41199266910553,242.3947811126709,407.00053787231445,242.3947811126709,431.41199266910553,0.3787418454885483,0.8479177872339885,0.3787418454885483,0.8987749847273032,10.833252668380737,24.411454796791077,small_16_32
2026-08-12T15:26:49.347,563,far,2,0.3690716028213501,131.55629247426987,189.82618659734726,139.6400824189186,207.25765377283096,263.11258494853973,379.6523731946945,279.2801648378372,414.5153075456619,271.1963748931885,397.0838403701782,271.1963748931885,414.5153075456619,0.423744335770607,0.8272580007712046,0.423744335770607,0.8635735573867956,8.083789944648743,17.431467175483704,small_16_32
2026-08-12T15:26:49.347,563,far,3,0.3690716028213501,144.45783561468124,189.76722222566605,152.54162555933,208.8954011797905,288.9156712293625,379.5344444513321,305.08325111866,417.790802359581,296.99946117401123,398.66262340545654,296.99946117401123,417.790802359581,0.46406165808439254,0.8305471320947011,0.46406165808439254,0.8703975049157937,8.083789944648743,19.12817895412445,small_16_32
2026-08-12T15:26:49.347,563,far,4,0.35360580682754517,159.02388715744019,221.33213394880295,168.53847408294678,238.2295554280281,318.04777431488037,442.6642678976059,337.07694816589355,476.4591108560562,327.56236124038696,459.56168937683105,327.56236124038696,476.4591108560562,0.5118161894381046,0.9574201862017314,0.5118161894381046,0.9926231476167838,9.514586925506592,16.89742147922516,small_16_32
2026-08-12T15:26:49.347,563,far,5,0.33097806572914124,99.01677852869034,192.9591559767723,107.6458448767662,212.68564993143082,198.03355705738068,385.9183119535446,215.2916897535324,425.37129986286163,206.66262340545654,405.6448059082031,206.66262340545654,425.37129986286163,0.32291034907102584,0.8450933456420898,0.32291034907102584,0.8861902080476284,8.629066348075867,19.72649395465851,small_16_32
2026-08-12T15:26:49.347,563,far,6,0.2880568504333496,191.64430582523346,176.74845492839813,202.4775584936142,219.06183636188507,383.2886116504669,353.49690985679626,404.9551169872284,438.12367272377014,394.12186431884766,395.8102912902832,394.12186431884766,438.12367272377014,0.6158154129981994,0.8246047735214234,0.6158154129981994,0.9127576515078545,10.833252668380737,42.31338143348694,regular_ge32
2026-08-12T15:26:49.347,563,far,7,0.24242530763149261,45.906447410583496,192.27893191576004,55.735336780548096,211.4071108698845,91.81289482116699,384.5578638315201,111.47067356109619,422.814221739769,101.64178419113159,403.68604278564453,101.64178419113159,422.814221739769,0.15881528779864312,0.8410125891367595,0.15881528779864312,0.8808629619578521,9.8288893699646,19.12817895412445,small_16_32
2026-08-12T15:26:49.347,563,far,8,0.23032912611961365,54.85056519508362,202.72207576036453,64.36515212059021,221.85025471448898,109.70113039016724,405.44415152072906,128.73030424118042,443.70050942897797,119.21571731567383,424.5723304748535,119.21571731567383,443.70050942897797,0.18627455830574036,0.8845256884892782,0.18627455830574036,0.9243760613103708,9.514586925506592,19.12817895412445,small_16_32
2026-08-12T15:26:49.462,564,far,1,0.4498997628688812,115.91147196292877,191.18536394834518,126.74472463130951,215.59681874513626,231.82294392585754,382.37072789669037,253.48944926261902,431.1936374902725,242.65619659423828,406.78218269348145,242.65619659423828,431.1936374902725,0.3791503071784973,0.8474628806114197,0.3791503071784973,0.8983200781047345,10.833252668380737,24.411454796791077,small_16_32
2026-08-12T15:26:49.462,564,far,2,0.37690892815589905,131.6901039481163,189.8120938539505,139.77389389276505,207.79312598705292,263.3802078962326,379.624187707901,279.5477877855301,415.58625197410583,271.46399784088135,397.6052198410034,271.46399784088135,415.58625197410583,0.4241624966263771,0.8283442080020904,0.4241624966263771,0.8658046916127204,8.083789944648743,17.981032133102417,small_16_32
2026-08-12T15:26:49.462,564,far,3,0.35360580682754517,144.21609210968018,189.60135263204575,152.568190574646,209.32784658670425,288.43218421936035,379.2027052640915,305.136381149292,418.6556931734085,296.7842826843262,398.92919921875,296.7842826843262,418.6556931734085,0.46372544169425967,0.8311024983723958,0.46372544169425967,0.8721993607779344,8.35209846496582,19.72649395465851,small_16_32
2026-08-12T15:26:49.462,564,far,4,0.3384403884410858,99.15006643533707,192.72170728445053,107.77913278341293,212.44820123910904,198.30013287067413,385.44341456890106,215.55826556682587,424.8964024782181,206.92919921875,405.16990852355957,206.92919921875,424.8964024782181,0.32332687377929686,0.844103976090749,0.32332687377929686,0.8852008384962876,8.629066348075867,19.72649395465851,small_16_32
2026-08-12T15:26:49.462,564,far,5,0.32359981536865234,159.1215114593506,220.94195932149887,168.63609838485718,238.37342649698257,318.2430229187012,441.88391864299774,337.27219676971436,476.74685299396515,327.75760984420776,459.31538581848145,327.75760984420776,476.74685299396515,0.5121212653815747,0.956907053788503,0.5121212653815747,0.9932226104040941,9.514586925506592,17.431467175483704,small_16_32
2026-08-12T15:26:49.462,564,far,6,0.30910593271255493,191.35092282295227,176.03379440307617,202.5404670238495,219.52789497375488,382.70184564590454,352.06758880615234,405.080934047699,439.05578994750977,393.89138984680176,395.56168937683105,393.89138984680176,439.05578994750977,0.6154552966356277,0.824086852868398,0.6154552966356277,0.9146995623906453,11.189544200897217,43.49410057067871,regular_ge32
2026-08-12T15:26:49.462,564,far,7,0.24242530763149261,45.576932072639465,190.2535834312439,56.06485211849213,211.8784680366516,91.15386414527893,380.5071668624878,112.12970423698425,423.7569360733032,101.64178419113159,402.1320514678955,101.64178419113159,423.7569360733032,0.15881528779864312,0.8377751072247823,0.15881528779864312,0.8828269501527151,10.487920045852661,21.624884605407715,small_16_32
2026-08-12T15:26:49.462,564,far,8,0.20742715895175934,54.181774377822876,201.61028069257736,63.69636130332947,221.9520805478096,108.36354875564575,403.2205613851547,127.39272260665894,443.9041610956192,117.87813568115234,423.56236124038696,117.87813568115234,443.9041610956192,0.18418458700180054,0.8824215859174729,0.18418458700180054,0.9248003356158734,9.514586925506592,20.34179985523224,small_16_32
2026-08-12T15:26:49.568,565,far,1,0.4498997628688812,116.343310713768,191.32491677999496,126.83123075962067,215.01123815774918,232.686621427536,382.64983355998993,253.66246151924133,430.02247631549835,243.17454147338867,406.33615493774414,243.17454147338867,430.02247631549835,0.3799602210521698,0.8465336561203003,0.3799602210521698,0.8958801589906216,10.487920045852661,23.68632137775421,small_16_32
2026-08-12T15:26:49.568,565,far,2,0.3848111629486084,131.02403157949448,189.9434586763382,139.10782152414322,207.9244908094406,262.04806315898895,379.8869173526764,278.21564304828644,415.8489816188812,270.1318531036377,397.8679494857788,270.1318531036377,415.8489816188812,0.4220810204744339,0.8288915614287059,0.4220810204744339,0.8663520450393359,8.083789944648743,17.981032133102417,small_16_32
2026-08-12T15:26:49.568,565,far,3,0.36130279302597046,144.21609210968018,189.33514922857285,152.568190574646,209.06164318323135,288.43218421936035,378.6702984571457,305.136381149292,418.1232863664627,296.7842826843262,398.3967924118042,296.7842826843262,418.1232863664627,0.46372544169425967,0.829993317524592,0.46372544169425967,0.8710901799301306,8.35209846496582,19.72649395465851,small_16_32
2026-08-12T15:26:49.568,565,far,4,0.33097806572914124,159.32184767723083,220.94195932149887,168.83643460273743,238.37342649698257,318.64369535446167,441.88391864299774,337.67286920547485,476.74685299396515,328.15828227996826,459.31538581848145,328.15828227996826,476.74685299396515,0.5127473160624504,0.956907053788503,0.5127473160624504,0.9932226104040941,9.514586925506592,17.431467175483704,small_16_32
2026-08-12T15:26:49.568,565,far,5,0.31630825996398926,99.01677852869034,192.65506678819656,107.6458448767662,211.78324574232101,198.03355705738068,385.3101335763931,215.2916897535324,423.56649148464203,206.66262340545654,404.4383125305176,206.66262340545654,423.56649148464203,0.32291034907102584,0.8425798177719116,0.32291034907102584,0.8824301905930042,8.629066348075867,19.12817895412445,small_16_32
2026-08-12T15:26:49.568,565,far,6,0.31630825996398926,191.94097113609314,176.2583554983139,203.13051533699036,218.57173693180084,383.8819422721863,352.5167109966278,406.2610306739807,437.1434738636017,395.0714864730835,394.83009243011475,395.0714864730835,437.1434738636017,0.6172991976141929,0.8225626925627391,0.6172991976141929,0.9107155705491702,11.189544200897217,42.31338143348694,regular_ge32
2026-08-12T15:26:49.568,565,far,7,0.24242530763149261,45.576932072639465,191.41637080907822,56.06485211849213,211.75817066431046,91.15386414527893,382.83274161815643,112.12970423698425,423.5163413286209,101.64178419113159,403.1745414733887,101.64178419113159,423.5163413286209,0.15881528779864312,0.839946961402893,0.15881528779864312,0.8823257111012935,10.487920045852661,20.34179985523224,small_16_32
2026-08-12T15:26:49.568,565,far,8,0.21299070119857788,54.895250141620636,202.5487498641014,64.10528773069382,222.89054971933365,109.79050028324127,405.0974997282028,128.21057546138763,445.7810994386673,119.00053787231445,425.43929958343506,119.00053787231445,445.7810994386673,0.18593834042549134,0.8863318741321564,0.18593834042549134,0.9287106238305569,9.210037589073181,20.34179985523224,small_16_32
2026-08-12T15:26:49.680,566,far,1,0.45820698142051697,116.47164571285248,191.43718999624252,126.95956575870514,215.12351137399673,232.94329142570496,382.87437999248505,253.91913151741028,430.24702274799347,243.43121147155762,406.56070137023926,243.43121147155762,430.24702274799347,0.3803612679243088,0.8470014611879985,0.3803612679243088,0.8963479640583197,10.487920045852661,23.68632137775421,small_16_32
2026-08-12T15:26:49.680,566,far,2,0.40887001156806946,130.49585342407227,189.63430672883987,138.8479518890381,208.76248568296432,260.99170684814453,379.26861345767975,277.6959037780762,417.52497136592865,269.34380531311035,398.3967924118042,269.34380531311035,417.52497136592865,0.4208496958017349,0.829993317524592,0.4208496958017349,0.8698436903456847,8.35209846496582,19.12817895412445,small_16_32
2026-08-12T15:26:49.680,566,far,3,0.37690892815589905,144.3236813545227,189.16041177511215,152.67577981948853,209.5022116303444,288.6473627090454,378.3208235502243,305.35155963897705,419.0044232606888,296.99946117401123,398.66262340545654,296.99946117401123,419.0044232606888,0.46406165808439254,0.8305471320947011,0.46406165808439254,0.8729258817931016,8.35209846496582,20.34179985523224,small_16_32
2026-08-12T15:26:49.680,566,far,4,0.33097806572914124,99.27452099323273,193.37497836351395,108.18947684764862,212.5031573176384,198.54904198646545,386.7499567270279,216.37895369529724,425.0063146352768,207.46399784088135,405.87813568115234,207.46399784088135,425.0063146352768,0.3241624966263771,0.845579449335734,0.3241624966263771,0.8854298221568266,8.914955854415894,19.12817895412445,small_16_32
2026-08-12T15:26:49.680,566,far,5,0.32359981536865234,191.41529619693756,176.74845492839813,202.2485488653183,219.06183636188507,382.8305923938751,353.49690985679626,404.4970977306366,438.12367272377014,393.66384506225586,395.8102912902832,393.66384506225586,438.12367272377014,0.6150997579097748,0.8246047735214234,0.6150997579097748,0.9127576515078545,10.833252668380737,42.31338143348694,regular_ge32
2026-08-12T15:26:49.680,566,far,6,0.31630825996398926,159.6348478794098,220.61222141981125,169.14943480491638,237.5096428990364,319.2696957588196,441.2244428396225,338.29886960983276,475.0192857980728,328.7842826843262,458.12186431884766,328.7842826843262,475.0192857980728,0.5137254416942596,0.9544205506642659,0.5137254416942596,0.9896235120793183,9.514586925506592,16.89742147922516,small_16_32
2026-08-12T15:26:49.680,566,far,7,0.24863308668136597,45.98657298088074,191.0708264708519,55.50115990638733,210.7973204255104,91.97314596176147,382.1416529417038,111.00231981277466,421.5946408510208,101.48773288726807,401.8681468963623,101.48773288726807,421.5946408510208,0.15857458263635635,0.8372253060340882,0.15857458263635635,0.8783221684396267,9.514586925506592,19.72649395465851,small_16_32
2026-08-12T15:26:49.784,567,far,1,0.441620409488678,116.2141193151474,192.11764180660248,126.70203936100006,215.09807550907135,232.4282386302948,384.23528361320496,253.40407872200012,430.1961510181427,242.91615867614746,407.2157173156738,242.91615867614746,430.1961510181427,0.3795564979314804,0.8483660777409872,0.3795564979314804,0.8962419812877973,10.487920045852661,22.980433702468872,small_16_32
2026-08-12T15:26:49.784,567,far,2,0.37690892815589905,130.6300076842308,190.350192964077,138.71379762887955,207.7816601395607,261.2600153684616,380.700385928154,277.4275952577591,415.5633202791214,269.34380531311035,398.1318531036377,269.34380531311035,415.5633202791214,0.4208496958017349,0.8294413606325786,0.4208496958017349,0.8657569172481696,8.083789944648743,17.431467175483704,small_16_32
2026-08-12T15:26:49.784,567,far,3,0.37690892815589905,159.52887177467346,220.34519857168198,169.04345870018005,237.77666574716568,319.0577435493469,440.69039714336395,338.0869174003601,475.55333149433136,328.5723304748535,458.12186431884766,328.5723304748535,475.55333149433136,0.5133942663669586,0.9544205506642659,0.5133942663669586,0.990736107279857,9.514586925506592,17.431467175483704,small_16_32
2026-08-12T15:26:49.784,567,far,4,0.3384403884410858,99.02234697341919,193.43110996484756,107.37444543838501,211.97759288549423,198.04469394683838,386.86221992969513,214.74889087677002,423.95518577098846,206.3967924118042,405.4087028503418,206.3967924118042,423.95518577098846,0.3224949881434441,0.8446014642715454,0.3224949881434441,0.8832399703562259,8.35209846496582,18.546482920646667,small_16_32
2026-08-12T15:26:49.784,567,far,5,0.33097806572914124,144.21609210968018,190.43591052293777,152.568190574646,209.56408947706223,288.43218421936035,380.87182104587555,305.136381149292,419.12817895412445,296.7842826843262,400.0,296.7842826843262,419.12817895412445,0.46372544169425967,0.8333333333333334,0.46372544169425967,0.873183706154426,8.35209846496582,19.12817895412445,small_16_32
2026-08-12T15:26:49.784,567,far,6,0.32359981536865234,191.75530552864075,176.83604788780212,201.9085395336151,217.99404454231262,383.5106110572815,353.67209577560425,403.8170790672302,435.98808908462524,393.66384506225586,394.83009243011475,393.66384506225586,435.98808908462524,0.6150997579097748,0.8225626925627391,0.6150997579097748,0.9083085189263026,10.153234004974365,41.1579966545105,regular_ge32
2026-08-12T15:26:49.784,567,far,7,0.24863308668136597,45.82942175865173,192.27893191576004,55.65831112861633,211.4071108698845,91.65884351730347,384.5578638315201,111.31662225723267,422.814221739769,101.48773288726807,403.68604278564453,101.48773288726807,422.814221739769,0.15857458263635635,0.8410125891367595,0.15857458263635635,0.8808629619578521,9.8288893699646,19.12817895412445,small_16_32
2026-08-12T15:26:49.784,567,far,8,0.21299070119857788,54.63379788398743,202.85640281438828,64.14838480949402,222.58289676904678,109.26759576797485,405.71280562877655,128.29676961898804,445.16579353809357,118.78218269348145,425.43929958343506,118.78218269348145,445.16579353809357,0.18559716045856475,0.8863318741321564,0.18559716045856475,0.927428736537695,9.514586925506592,19.72649395465851,small_16_32
2026-08-12T15:26:49.900,568,far,1,0.45820698142051697,116.343310713768,191.21114438772202,126.83123075962067,214.89746576547623,232.686621427536,382.42228877544403,253.66246151924133,429.79493153095245,243.17454147338867,406.10861015319824,243.17454147338867,429.79493153095245,0.3799602210521698,0.8460596044858296,0.3799602210521698,0.8954061073561509,10.487920045852661,23.68632137775421,small_16_32
2026-08-12T15:26:49.900,568,far,2,0.400795578956604,131.2894167304039,190.07541048526764,139.37320667505264,208.05644261837006,262.5788334608078,380.1508209705353,278.7464133501053,416.1128852367401,270.66262340545654,398.1318531036377,270.66262340545654,416.1128852367401,0.42291034907102587,0.8294413606325786,0.42291034907102587,0.8669018442432086,8.083789944648743,17.981032133102417,small_16_32
2026-08-12T15:26:49.900,568,far,3,0.3848111629486084,144.21609210968018,189.46806472539902,152.568190574646,209.19455868005753,288.43218421936035,378.93612945079803,305.136381149292,418.38911736011505,296.7842826843262,398.66262340545654,296.7842826843262,418.38911736011505,0.46372544169425967,0.8305471320947011,0.46372544169425967,0.8716439945002397,8.35209846496582,19.72649395465851,small_16_32
2026-08-12T15:26:49.900,568,far,4,0.3690716028213501,159.22083592414856,220.79032862186432,168.73542284965515,238.77136075496674,318.4416718482971,441.58065724372864,337.4708456993103,477.5427215099335,327.9562587738037,459.56168937683105,327.9562587738037,477.5427215099335,0.5124316543340683,0.9574201862017314,0.5124316543340683,0.9948806698123615,9.514586925506592,17.981032133102417,small_16_32
2026-08-12T15:26:49.900,568,far,5,0.34598395228385925,98.74091827869415,193.07582086324692,107.65587413311005,212.80231481790543,197.4818365573883,386.15164172649384,215.3117482662201,425.60462963581085,206.3967924118042,405.87813568115234,206.3967924118042,425.60462963581085,0.3224949881434441,0.845579449335734,0.3224949881434441,0.8866763117412726,8.914955854415894,19.72649395465851,small_16_32
2026-08-12T15:26:49.900,568,far,6,0.31630825996398926,191.70087695121765,176.1389583349228,202.89042115211487,218.45233976840973,383.4017539024353,352.2779166698456,405.78084230422974,436.90467953681946,394.5912981033325,394.5912981033325,394.5912981033325,436.90467953681946,0.6165489032864571,0.8220652043819427,0.6165489032864571,0.9102180823683739,11.189544200897217,42.31338143348694,regular_ge32
2026-08-12T15:26:49.900,568,far,7,0.2613641023635864,45.680389404296875,193.59443819522858,55.509278774261475,211.575470328331,91.36077880859375,387.18887639045715,111.01855754852295,423.150940656662,101.18966817855835,405.16990852355957,101.18966817855835,423.150940656662,0.15810885652899742,0.844103976090749,0.15810885652899742,0.8815644597013791,9.8288893699646,17.981032133102417,small_16_32
2026-08-12T15:26:49.900,568,far,8,0.24242530763149261,54.67533189058304,203.01292377710342,63.88536947965622,221.5594066977501,109.35066378116608,406.02584755420685,127.77073895931244,443.1188133955002,118.56070137023926,424.5723304748535,118.56070137023926,443.1188133955002,0.18525109589099883,0.8845256884892782,0.18525109589099883,0.9231641945739587,9.210037589073181,18.546482920646667,small_16_32
2026-08-12T15:26:50.005,569,far,1,0.4748867154121399,115.73332619667053,191.2945415377617,126.92287039756775,215.70599633455276,231.46665239334106,382.5890830755234,253.8457407951355,431.41199266910553,242.65619659423828,407.00053787231445,242.65619659423828,431.41199266910553,0.3791503071784973,0.8479177872339885,0.3791503071784973,0.8987749847273032,11.189544200897217,24.411454796791077,small_16_32
2026-08-12T15:26:50.005,569,far,2,0.441620409488678,144.29437643289566,189.96313804388046,152.92344278097153,210.3049378991127,288.5887528657913,379.9262760877609,305.84688556194305,420.6098757982254,297.2178192138672,400.26807594299316,297.2178192138672,420.6098757982254,0.46440284252166747,0.8338918248812358,0.46440284252166747,0.8762705745796363,8.629066348075867,20.34179985523224,small_16_32
2026-08-12T15:26:50.005,569,far,3,0.40887001156806946,131.42213821411133,189.9434586763382,139.77423667907715,207.9244908094406,262.84427642822266,379.8869173526764,279.5484733581543,415.8489816188812,271.1963748931885,397.8679494857788,271.1963748931885,415.8489816188812,0.423744335770607,0.8288915614287059,0.423744335770607,0.8663520450393359,8.35209846496582,17.981032133102417,small_16_32
2026-08-12T15:26:50.005,569,far,4,0.36130279302597046,99.00712168216705,192.883405148983,107.92207753658295,213.22520500421524,198.0142433643341,385.766810297966,215.8441550731659,426.4504100084305,206.92919921875,406.10861015319824,206.92919921875,426.4504100084305,0.32332687377929686,0.8460596044858296,0.32332687377929686,0.8884383541842301,8.914955854415894,20.34179985523224,small_16_32
2026-08-12T15:26:50.005,569,far,5,0.33097806572914124,159.32184767723083,221.70826786756516,168.83643460273743,238.6056893467903,318.64369535446167,443.4165357351303,337.67286920547485,477.2113786935806,328.15828227996826,460.31395721435547,328.15828227996826,477.2113786935806,0.5127473160624504,0.9589874108632406,0.5127473160624504,0.994190372278293,9.514586925506592,16.89742147922516,small_16_32
2026-08-12T15:26:50.005,569,far,6,0.3019951581954956,191.76097071170807,176.62415397167206,202.5942233800888,218.937535405159,383.52194142341614,353.2483079433441,405.1884467601776,437.875070810318,394.3551940917969,395.56168937683105,394.3551940917969,437.875070810318,0.6161799907684327,0.824086852868398,0.6161799907684327,0.9122397308548291,10.833252668380737,42.31338143348694,regular_ge32
2026-08-12T15:26:50.005,569,far,7,0.24242530763149261,45.903404235839844,191.85235875844955,56.05663824081421,211.57885271310806,91.80680847167969,383.7047175168991,112.11327648162842,423.1577054262161,101.96004247665405,403.4312114715576,101.96004247665405,423.1577054262161,0.15931256636977195,0.8404816905657451,0.15931256636977195,0.8815785529712836,10.153234004974365,19.72649395465851,small_16_32
2026-08-12T15:26:50.005,569,far,8,0.22444185614585876,54.85056519508362,202.1148824095726,64.36515212059021,221.8413763642311,109.70113039016724,404.2297648191452,128.73030424118042,443.6827527284622,119.21571731567383,423.9562587738037,119.21571731567383,443.6827527284622,0.18627455830574036,0.8832422057787578,0.18627455830574036,0.9243390681842963,9.514586925506592,19.72649395465851,small_16_32
2026-08-12T15:26:50.117,570,far,1,0.43337342143058777,116.2141193151474,191.7646979689598,126.70203936100006,215.45101934671402,232.4282386302948,383.5293959379196,253.40407872200012,430.90203869342804,242.91615867614746,407.2157173156738,242.91615867614746,430.90203869342804,0.3795564979314804,0.8483660777409872,0.3795564979314804,0.8977125806113084,10.487920045852661,23.68632137775421,small_16_32
2026-08-12T15:26:50.117,570,far,2,0.37690892815589905,131.6901039481163,189.9434586763382,139.77389389276505,207.9244908094406,263.3802078962326,379.8869173526764,279.5477877855301,415.8489816188812,271.46399784088135,397.8679494857788,271.46399784088135,415.8489816188812,0.4241624966263771,0.8288915614287059,0.4241624966263771,0.8663520450393359,8.083789944648743,17.981032133102417,small_16_32
2026-08-12T15:26:50.117,570,far,3,0.3690716028213501,144.21609210968018,189.60135263204575,152.568190574646,209.32784658670425,288.43218421936035,379.2027052640915,305.136381149292,418.6556931734085,296.7842826843262,398.92919921875,296.7842826843262,418.6556931734085,0.46372544169425967,0.8311024983723958,0.46372544169425967,0.8721993607779344,8.35209846496582,19.72649395465851,small_16_32
2026-08-12T15:26:50.117,570,far,4,0.3690716028213501,159.08024722337723,221.31480926275253,168.2902848124504,238.74627643823624,318.16049444675446,442.62961852550507,336.5805696249008,477.4925528764725,327.37053203582764,460.06108570098877,327.37053203582764,477.4925528764725,0.5115164563059806,0.9584605952103933,0.5115164563059806,0.9947761518259843,9.210037589073181,17.431467175483704,small_16_32
2026-08-12T15:26:50.117,570,far,5,0.33097806572914124,98.47649681568146,193.30483049154282,107.39145267009735,213.03132444620132,196.95299363136292,386.60966098308563,214.7829053401947,426.06264889240265,205.8679494857788,406.33615493774414,205.8679494857788,426.06264889240265,0.3216686710715294,0.8465336561203003,0.3216686710715294,0.8876305185258389,8.914955854415894,19.72649395465851,small_16_32
2026-08-12T15:26:50.117,570,far,6,0.30910593271255493,191.82027411460876,175.30753362178802,203.00981831550598,220.00785219669342,383.64054822921753,350.61506724357605,406.01963663101196,440.01570439338684,394.83009243011475,395.31538581848145,394.83009243011475,440.01570439338684,0.6169220194220543,0.8235737204551696,0.6169220194220543,0.9166993841528892,11.189544200897217,44.700318574905396,regular_ge32
2026-08-12T15:26:50.117,570,far,7,0.23032912611961365,45.4245582818985,191.15719836950302,55.91247832775116,211.49899822473526,90.849116563797,382.31439673900604,111.82495665550232,422.9979964494705,101.33703660964966,402.6561965942383,101.33703660964966,422.9979964494705,0.15833911970257758,0.8388670762379964,0.15833911970257758,0.8812458259363969,10.487920045852661,20.34179985523224,small_16_32
2026-08-12T15:26:50.117,570,far,8,0.21299070119857788,55.21315556764603,202.82805186510086,64.42319315671921,221.9562308192253,110.42631113529205,405.6561037302017,128.84638631343842,443.9124616384506,119.63634872436523,424.7842826843262,119.63634872436523,443.9124616384506,0.18693179488182068,0.8849672555923462,0.18693179488182068,0.9248176284134388,9.210037589073181,19.12817895412445,small_16_32
2026-08-12T15:26:50.224,571,far,1,0.441620409488678,116.2141193151474,191.7646979689598,126.70203936100006,215.45101934671402,232.4282386302948,383.5293959379196,253.40407872200012,430.90203869342804,242.91615867614746,407.2157173156738,242.91615867614746,430.90203869342804,0.3795564979314804,0.8483660777409872,0.3795564979314804,0.8977125806113084,10.487920045852661,23.68632137775421,small_16_32
2026-08-12T15:26:50.224,571,far,2,0.3848111629486084,131.42270463705063,190.05807024240494,139.50649458169937,208.6045531630516,262.84540927410126,380.1161404848099,279.01298916339874,417.2091063261032,270.92919921875,398.66262340545654,270.92919921875,417.2091063261032,0.4233268737792969,0.8305471320947011,0.4233268737792969,0.8691856381793817,8.083789944648743,18.546482920646667,small_16_32
2026-08-12T15:26:50.224,571,far,3,0.3690716028213501,144.3236813545227,189.86875194311142,152.67577981948853,209.59524589776993,288.6473627090454,379.73750388622284,305.35155963897705,419.19049179553986,296.99946117401123,399.46399784088135,296.99946117401123,419.19049179553986,0.46406165808439254,0.8322166621685028,0.46406165808439254,0.8733135245740413,8.35209846496582,19.72649395465851,small_16_32
2026-08-12T15:26:50.224,571,far,4,0.35360580682754517,98.88386303186417,193.14026194810867,107.51292937994003,212.26844090223312,197.76772606372833,386.28052389621735,215.02585875988007,424.53688180446625,206.3967924118042,405.4087028503418,206.3967924118042,424.53688180446625,0.3224949881434441,0.8446014642715454,0.3224949881434441,0.884451837092638,8.629066348075867,19.12817895412445,small_16_32
2026-08-12T15:26:50.224,571,far,5,0.32359981536865234,159.47412234544754,220.94195932149887,168.68415993452072,238.37342649698257,318.9482446908951,441.88391864299774,337.36831986904144,476.74685299396515,328.15828227996826,459.31538581848145,328.15828227996826,476.74685299396515,0.5127473160624504,0.956907053788503,0.5127473160624504,0.9932226104040941,9.210037589073181,17.431467175483704,small_16_32
2026-08-12T15:26:50.224,571,far,6,0.27450883388519287,191.44689750671387,175.5549863576889,203.38319492340088,220.2553049325943,382.89379501342773,351.1099727153778,406.76638984680176,440.5106098651886,394.83009243011475,395.8102912902832,394.83009243011475,440.5106098651886,0.6169220194220543,0.8246047735214234,0.6169220194220543,0.9177304372191429,11.936297416687012,44.700318574905396,regular_ge32
2026-08-12T15:26:50.224,571,far,7,0.24242530763149261,45.91122484207153,192.15151625871658,55.425811767578125,211.27969521284103,91.82244968414307,384.30303251743317,110.85162353515625,422.55939042568207,101.33703660964966,403.4312114715576,101.33703660964966,422.55939042568207,0.15833911970257758,0.8404816905657451,0.15833911970257758,0.8803320633868377,9.514586925506592,19.12817895412445,small_16_32
2026-08-12T15:26:50.224,571,far,8,0.218662291765213,54.956541299819946,202.82805186510086,64.47112822532654,221.9562308192253,109.91308259963989,405.6561037302017,128.94225645065308,443.9124616384506,119.42766952514648,424.7842826843262,119.42766952514648,443.9124616384506,0.1866057336330414,0.8849672555923462,0.1866057336330414,0.9248176284134388,9.514586925506592,19.12817895412445,small_16_32
2026-08-12T15:26:50.339,572,far,1,0.4498997628688812,116.343310713768,191.43718999624252,126.83123075962067,215.12351137399673,232.686621427536,382.87437999248505,253.66246151924133,430.24702274799347,243.17454147338867,406.56070137023926,243.17454147338867,430.24702274799347,0.3799602210521698,0.8470014611879985,0.3799602210521698,0.8963479640583197,10.487920045852661,23.68632137775421,small_16_32
2026-08-12T15:26:50.339,572,far,2,0.3690716028213501,131.6901039481163,189.68138659000397,139.77389389276505,207.66241872310638,263.3802078962326,379.36277318000793,279.5477877855301,415.32483744621277,271.46399784088135,397.34380531311035,271.46399784088135,415.32483744621277,0.4241624966263771,0.8277995944023132,0.4241624966263771,0.8652600780129432,8.083789944648743,17.981032133102417,small_16_32
2026-08-12T15:26:50.339,572,far,3,0.35360580682754517,159.32184767723083,220.26250177621841,168.83643460273743,238.80898469686508,318.64369535446167,440.52500355243683,337.67286920547485,477.61796939373016,328.15828227996826,459.0714864730835,328.15828227996826,477.61796939373016,0.5127473160624504,0.9563989301522573,0.5127473160624504,0.9950374362369379,9.514586925506592,18.546482920646667,small_16_32
2026-08-12T15:26:50.339,572,far,4,0.34598395228385925,99.00712168216705,193.14026194810867,107.92207753658295,212.26844090223312,198.0142433643341,386.28052389621735,215.8441550731659,424.53688180446625,206.92919921875,405.4087028503418,206.92919921875,424.53688180446625,0.32332687377929686,0.8446014642715454,0.32332687377929686,0.884451837092638,8.914955854415894,19.12817895412445,small_16_32
2026-08-12T15:26:50.339,572,far,5,0.34598395228385925,144.18519741296768,189.46806472539902,152.81426376104355,209.19455868005753,288.37039482593536,378.93612945079803,305.6285275220871,418.38911736011505,296.99946117401123,398.66262340545654,296.99946117401123,418.38911736011505,0.46406165808439254,0.8305471320947011,0.46406165808439254,0.8716439945002397,8.629066348075867,19.72649395465851,small_16_32
2026-08-12T15:26:50.339,572,far,6,0.2949781119823456,191.70173490047455,177.45154452323914,202.1896549463272,218.60954117774963,383.4034698009491,354.90308904647827,404.3793098926544,437.21908235549927,393.89138984680176,396.06108570098877,393.89138984680176,437.21908235549927,0.6154552966356277,0.82512726187706,0.6154552966356277,0.9108730882406235,10.487920045852661,41.1579966545105,regular_ge32
2026-08-12T15:26:50.339,572,far,7,0.218662291765213,45.82298970222473,192.10621064901352,55.9762237071991,211.83270460367203,91.64597940444946,384.21242129802704,111.9524474143982,423.66540920734406,101.79921340942383,403.93891525268555,101.79921340942383,423.66540920734406,0.15906127095222472,0.8415394067764282,0.15906127095222472,0.8826362691819668,10.153234004974365,19.72649395465851,small_16_32
2026-08-12T15:26:50.443,573,far,1,0.45820698142051697,115.78076422214508,191.7646979689598,126.61401689052582,215.45101934671402,231.56152844429016,383.5293959379196,253.22803378105164,430.90203869342804,242.3947811126709,407.2157173156738,242.3947811126709,430.90203869342804,0.3787418454885483,0.8483660777409872,0.3787418454885483,0.8977125806113084,10.833252668380737,23.68632137775421,small_16_32
2026-08-12T15:26:50.443,573,far,2,0.3848111629486084,131.55629247426987,189.95616906881332,139.6400824189186,207.38763624429703,263.11258494853973,379.91233813762665,279.2801648378372,414.77527248859406,271.1963748931885,397.34380531311035,271.1963748931885,414.77527248859406,0.423744335770607,0.8277995944023132,0.423744335770607,0.8641151510179043,8.083789944648743,17.431467175483704,small_16_32
2026-08-12T15:26:50.443,573,far,3,0.35360580682754517,98.21442472934723,192.60101026296616,107.12938058376312,212.32750421762466,196.42884945869446,385.2020205259323,214.25876116752625,424.65500843524933,205.34380531311035,404.9285144805908,205.34380531311035,424.65500843524933,0.32084969580173495,0.8436010718345642,0.32084969580173495,0.8846979342401028,8.914955854415894,19.72649395465851,small_16_32
2026-08-12T15:26:50.443,573,far,4,0.35360580682754517,144.11011600494385,189.46806472539902,152.46221446990967,209.19455868005753,288.2202320098877,378.93612945079803,304.92442893981934,418.38911736011505,296.5723304748535,398.66262340545654,296.5723304748535,418.38911736011505,0.46339426636695863,0.8305471320947011,0.46339426636695863,0.8716439945002397,8.35209846496582,19.72649395465851,small_16_32
2026-08-12T15:26:50.443,573,far,5,0.32359981536865234,159.22083592414856,220.9663354754448,168.73542284965515,237.86375695466995,318.4416718482971,441.9326709508896,337.4708456993103,475.7275139093399,327.9562587738037,458.83009243011475,327.9562587738037,475.7275139093399,0.5124316543340683,0.9558960258960724,0.5124316543340683,0.9910989873111248,9.514586925506592,16.89742147922516,small_16_32
2026-08-12T15:26:50.443,573,far,6,0.2949781119823456,191.94097113609314,175.91064262390137,203.13051533699036,219.40474319458008,383.8819422721863,351.82128524780273,406.2610306739807,438.80948638916016,395.0714864730835,395.31538581848145,395.0714864730835,438.80948638916016,0.6172991976141929,0.8235737204551696,0.6172991976141929,0.914186429977417,11.189544200897217,43.49410057067871,regular_ge32
2026-08-12T15:26:50.443,573,far,7,0.2613641023635864,45.59190130233765,192.04825633764267,55.74513530731201,212.3900561928749,91.1838026046753,384.09651267528534,111.49027061462402,424.7801123857498,101.33703660964966,404.4383125305176,101.33703660964966,424.7801123857498,0.15833911970257758,0.8425798177719116,0.15833911970257758,0.8849585674703121,10.153234004974365,20.34179985523224,small_16_32
2026-08-12T15:26:50.443,573,far,8,0.2363237887620926,54.79939007759094,201.908241212368,64.62827944755554,222.25004106760025,109.59878015518188,403.816482424736,129.25655889511108,444.5000821352005,119.42766952514648,424.15828227996826,119.42766952514648,444.5000821352005,0.1866057336330414,0.8836630880832672,0.1866057336330414,0.9260418377816677,9.8288893699646,20.34179985523224,small_16_32
2026-08-12T15:26:50.561,574,far,1,0.441620409488678,116.38146233558655,191.7901338338852,126.53469634056091,214.77056753635406,232.7629246711731,383.5802676677704,253.06939268112183,429.54113507270813,242.91615867614746,406.56070137023926,242.91615867614746,429.54113507270813,0.3795564979314804,0.8470014611879985,0.3795564979314804,0.8948773647348086,10.153234004974365,22.980433702468872,small_16_32
2026-08-12T15:26:50.561,574,far,2,0.3848111629486084,131.42270463705063,189.7926850914955,139.50649458169937,208.33916801214218,262.84540927410126,379.585370182991,279.01298916339874,416.67833602428436,270.92919921875,398.1318531036377,270.92919921875,416.67833602428436,0.4233268737792969,0.8294413606325786,0.4233268737792969,0.8680798667172591,8.083789944648743,18.546482920646667,small_16_32
2026-08-12T15:26:50.561,574,far,3,0.35360580682754517,144.67775481939316,189.73494046926498,152.7615447640419,209.4614344239235,289.3555096387863,379.46988093852997,305.5230895280838,418.922868847847,297.43929958343506,399.1963748931885,297.43929958343506,418.922868847847,0.4647489055991173,0.8316591143608093,0.4647489055991173,0.8727559767663479,8.083789944648743,19.72649395465851,small_16_32
2026-08-12T15:26:50.561,574,far,4,0.3384403884410858,191.5290685892105,176.40992832183838,202.36232125759125,219.9040288925171,383.058137178421,352.81985664367676,404.7246425151825,439.8080577850342,393.89138984680176,396.31395721435547,393.89138984680176,439.8080577850342,0.6154552966356277,0.8256540775299073,0.6154552966356277,0.9162667870521546,10.833252668380737,43.49410057067871,regular_ge32
2026-08-12T15:26:50.561,574,far,5,0.3384403884410858,159.74243712425232,220.46186345815659,169.2570240497589,237.8933306336403,319.48487424850464,440.92372691631317,338.5140480995178,475.7866612672806,328.99946117401123,458.3551940917969,328.99946117401123,475.7866612672806,0.5140616580843925,0.9549066543579101,0.5140616580843925,0.9912222109735012,9.514586925506592,17.431467175483704,small_16_32
2026-08-12T15:26:50.561,574,far,6,0.32359981536865234,99.68991279602051,193.54916149377823,108.04201126098633,212.0956444144249,199.37982559204102,387.09832298755646,216.08402252197266,424.1912888288498,207.73192405700684,405.6448059082031,207.73192405700684,424.1912888288498,0.3245811313390732,0.8450933456420898,0.3245811313390732,0.8837318517267704,8.35209846496582,18.546482920646667,small_16_32
2026-08-12T15:26:50.561,574,far,7,0.2613641023635864,45.75407361984253,192.69621616601944,55.58296298980713,211.2426990866661,91.50814723968506,385.3924323320389,111.16592597961426,422.4853981733322,101.33703660964966,403.93891525268555,101.33703660964966,422.4853981733322,0.15833911970257758,0.8415394067764282,0.15833911970257758,0.8801779128611088,9.8288893699646,18.546482920646667,small_16_32
2026-08-12T15:26:50.561,574,far,8,0.24863308668136597,54.297011613845825,202.52889436483383,63.81159853935242,222.25538831949234,108.59402322769165,405.05778872966766,127.62319707870483,444.5107766389847,118.10861015319824,424.7842826843262,118.10861015319824,444.5107766389847,0.18454470336437226,0.8849672555923462,0.18454470336437226,0.9260641179978848,9.514586925506592,19.72649395465851,small_16_32
2026-08-12T15:26:50.666,575,far,1,0.4498997628688812,115.82206571102142,191.2945415377617,126.30998575687408,215.70599633455276,231.64413142204285,382.5890830755234,252.61997151374817,431.41199266910553,242.1320514678955,407.00053787231445,242.1320514678955,431.41199266910553,0.37833133041858674,0.8479177872339885,0.37833133041858674,0.8987749847273032,10.487920045852661,24.411454796791077,small_16_32
2026-08-12T15:26:50.666,575,far,2,0.37690892815589905,131.55629247426987,189.9434586763382,139.6400824189186,207.9244908094406,263.11258494853973,379.8869173526764,279.2801648378372,415.8489816188812,271.1963748931885,397.8679494857788,271.1963748931885,415.8489816188812,0.423744335770607,0.8288915614287059,0.423744335770607,0.8663520450393359,8.083789944648743,17.981032133102417,small_16_32
2026-08-12T15:26:50.666,575,far,3,0.3690716028213501,144.43286037445068,189.86875194311142,152.7849588394165,209.59524589776993,288.86572074890137,379.73750388622284,305.569917678833,419.19049179553986,297.2178192138672,399.46399784088135,297.2178192138672,419.19049179553986,0.46440284252166747,0.8322166621685028,0.46440284252166747,0.8733135245740413,8.35209846496582,19.72649395465851,small_16_32
2026-08-12T15:26:50.666,575,far,4,0.34598395228385925,159.52887177467346,220.8200096487999,169.04345870018005,238.2514768242836,319.0577435493469,441.6400192975998,338.0869174003601,476.5029536485672,328.5723304748535,459.0714864730835,328.5723304748535,476.5029536485672,0.5133942663669586,0.9563989301522573,0.5133942663669586,0.9927144867678483,9.514586925506592,17.431467175483704,small_16_32
2026-08-12T15:26:50.666,575,far,5,0.32359981536865234,99.27452099323273,192.99717754125595,108.18947684764862,213.3389773964882,198.54904198646545,385.9943550825119,216.37895369529724,426.6779547929764,207.46399784088135,406.33615493774414,207.46399784088135,426.6779547929764,0.3241624966263771,0.8465336561203003,0.3241624966263771,0.8889124058187008,8.914955854415894,20.34179985523224,small_16_32
2026-08-12T15:26:50.666,575,far,6,0.2949781119823456,191.63648796081543,174.94548976421356,203.19360446929932,219.64580833911896,383.27297592163086,349.8909795284271,406.38720893859863,439.2916166782379,394.83009243011475,394.5912981033325,394.83009243011475,439.2916166782379,0.6169220194220543,0.8220652043819427,0.6169220194220543,0.9151908680796623,11.557116508483887,44.700318574905396,regular_ge32
2026-08-12T15:26:50.666,575,far,7,0.23032912611961365,45.4245582818985,191.22836965322495,55.91247832775116,212.20284181833267,90.849116563797,382.4567393064499,111.82495665550232,424.40568363666534,101.33703660964966,403.4312114715576,101.33703660964966,424.40568363666534,0.15833911970257758,0.8404816905657451,0.15833911970257758,0.8841785075763862,10.487920045852661,20.974472165107727,small_16_32
2026-08-12T15:26:50.666,575,far,8,0.21299070119857788,54.21738415956497,202.61773616075516,63.42742174863815,221.7459151148796,108.43476831912994,405.2354723215103,126.8548434972763,443.4918302297592,117.64480590820312,424.36365127563477,117.64480590820312,443.4918302297592,0.18382000923156738,0.8840909401575724,0.18382000923156738,0.923941312978665,9.210037589073181,19.12817895412445,small_16_32
2026-08-12T15:26:50.788,576,far,1,0.45820698142051697,115.78076422214508,191.18536394834518,126.61401689052582,215.59681874513626,231.56152844429016,382.37072789669037,253.22803378105164,431.1936374902725,242.3947811126709,406.78218269348145,242.3947811126709,431.1936374902725,0.3787418454885483,0.8474628806114197,0.3787418454885483,0.8983200781047345,10.833252668380737,24.411454796791077,small_16_32
2026-08-12T15:26:50.788,576,far,2,0.37690892815589905,131.55594968795776,189.52936846017838,139.90804815292358,208.07585138082504,263.1118993759155,379.05873692035675,279.81609630584717,416.1517027616501,271.46399784088135,397.6052198410034,271.46399784088135,416.1517027616501,0.4241624966263771,0.8283442080020904,0.4241624966263771,0.866982714086771,8.35209846496582,18.546482920646667,small_16_32
2026-08-12T15:26:50.788,576,far,3,0.3690716028213501,144.54360055923462,189.02749627828598,152.89569902420044,209.36929613351822,289.08720111846924,378.05499255657196,305.7913980484009,418.73859226703644,297.43929958343506,398.3967924118042,297.43929958343506,418.73859226703644,0.4647489055991173,0.829993317524592,0.4647489055991173,0.8723720672229925,8.35209846496582,20.34179985523224,small_16_32
2026-08-12T15:26:50.788,576,far,4,0.36130279302597046,159.22083592414856,221.5686611533165,168.73542284965515,239.0001283288002,318.4416718482971,443.137322306633,337.4708456993103,478.0002566576004,327.9562587738037,460.5687894821167,327.9562587738037,478.0002566576004,0.5124316543340683,0.9595183114210765,0.5124316543340683,0.9958338680366675,9.514586925506592,17.431467175483704,small_16_32
2026-08-12T15:26:50.788,576,far,5,0.32359981536865234,98.87383377552032,193.30483049154282,107.78878962993622,213.03132444620132,197.74766755104065,386.60966098308563,215.57757925987244,426.06264889240265,206.66262340545654,406.33615493774414,206.66262340545654,426.06264889240265,0.32291034907102584,0.8465336561203003,0.32291034907102584,0.8876305185258389,8.914955854415894,19.72649395465851,small_16_32
2026-08-12T15:26:50.788,576,far,6,0.3019951581954956,192.11911690235138,175.6803835630417,202.95236957073212,220.38070213794708,384.23823380470276,351.3607671260834,405.90473914146423,440.76140427589417,395.0714864730835,396.06108570098877,395.0714864730835,440.76140427589417,0.6172991976141929,0.82512726187706,0.6172991976141929,0.9182529255747796,10.833252668380737,44.700318574905396,regular_ge32
2026-08-12T15:26:50.788,576,far,7,0.2363237887620926,45.74427509307861,191.02649062871933,55.89750909805298,211.36829048395157,91.48855018615723,382.05298125743866,111.79501819610596,422.73658096790314,101.64178419113159,402.3947811126709,101.64178419113159,422.73658096790314,0.15881528779864312,0.8383224606513977,0.15881528779864312,0.8807012103497982,10.153234004974365,20.34179985523224,small_16_32
2026-08-12T15:26:50.788,576,far,8,0.218662291765213,55.06088089942932,202.63648360967636,64.57546782493591,222.36297756433487,110.12176179885864,405.2729672193527,129.15093564987183,444.72595512866974,119.63634872436523,424.99946117401123,119.63634872436523,444.72595512866974,0.18693179488182068,0.8854155441125234,0.18693179488182068,0.926512406518062,9.514586925506592,19.72649395465851,small_16_32
2026-08-12T15:26:50.893,577,far,1,0.45820698142051697,116.04145300388336,191.65710824728012,126.8747056722641,215.34342962503433,232.08290600776672,383.31421649456024,253.7494113445282,430.68685925006866,242.91615867614746,407.00053787231445,242.91615867614746,430.68685925006866,0.3795564979314804,0.8479177872339885,0.3795564979314804,0.8972642901043097,10.833252668380737,23.68632137775421,small_16_32
2026-08-12T15:26:50.893,577,far,2,0.40887001156806946,131.0223469734192,190.07541048526764,139.374445438385,208.05644261837006,262.0446939468384,380.1508209705353,278.74889087677,416.1128852367401,270.3967924118042,398.1318531036377,270.3967924118042,416.1128852367401,0.42249498814344405,0.8294413606325786,0.42249498814344405,0.8669018442432086,8.35209846496582,17.981032133102417,small_16_32
2026-08-12T15:26:50.893,577,far,3,0.37690892815589905,144.43286037445068,189.33514922857285,152.7849588394165,209.06164318323135,288.86572074890137,378.6702984571457,305.569917678833,418.1232863664627,297.2178192138672,398.3967924118042,297.2178192138672,418.1232863664627,0.46440284252166747,0.829993317524592,0.46440284252166747,0.8710901799301306,8.35209846496582,19.72649395465851,small_16_32
2026-08-12T15:26:50.893,577,far,4,0.36130279302597046,159.47412234544754,220.94195932149887,168.68415993452072,238.37342649698257,318.9482446908951,441.88391864299774,337.36831986904144,476.74685299396515,328.15828227996826,459.31538581848145,328.15828227996826,476.74685299396515,0.5127473160624504,0.956907053788503,0.5127473160624504,0.9932226104040941,9.210037589073181,17.431467175483704,small_16_32
2026-08-12T15:26:50.893,577,far,5,0.34598395228385925,99.67656004428864,193.936179459095,108.59151589870453,213.06435841321945,199.35312008857727,387.87235891819,217.18303179740906,426.1287168264389,208.26807594299316,407.00053787231445,208.26807594299316,426.1287168264389,0.32541886866092684,0.8479177872339885,0.32541886866092684,0.8877681600550811,8.914955854415894,19.12817895412445,small_16_32
2026-08-12T15:26:50.893,577,far,6,0.3384403884410858,191.8790227174759,176.37905251979828,202.71227538585663,218.69243395328522,383.7580454349518,352.75810503959656,405.42455077171326,437.38486790657043,394.5912981033325,395.0714864730835,394.5912981033325,437.38486790657043,0.6165489032864571,0.823065596818924,0.6165489032864571,0.9112184748053551,10.833252668380737,42.31338143348694,regular_ge32
2026-08-12T15:26:50.893,577,far,7,0.24863308668136597,45.680389404296875,191.41637080907822,55.509278774261475,211.75817066431046,91.36077880859375,382.83274161815643,111.01855754852295,423.5163413286209,101.18966817855835,403.1745414733887,101.18966817855835,423.5163413286209,0.15810885652899742,0.839946961402893,0.15810885652899742,0.8823257111012935,9.8288893699646,20.34179985523224,small_16_32
2026-08-12T15:26:50.893,577,far,8,0.218662291765213,54.895250141620636,203.1555603146553,64.10528773069382,222.28373926877975,109.79050028324127,406.3111206293106,128.21057546138763,444.5674785375595,119.00053787231445,425.43929958343506,119.00053787231445,444.5674785375595,0.18593834042549134,0.8863318741321564,0.18593834042549134,0.926182246953249,9.210037589073181,19.12817895412445,small_16_32
2026-08-12T15:26:51.010,578,far,1,0.4251631200313568,116.08413827419281,191.54793065786362,126.57205832004547,215.23425203561783,232.16827654838562,383.09586131572723,253.14411664009094,430.46850407123566,242.65619659423828,406.78218269348145,242.65619659423828,430.46850407123566,0.3791503071784973,0.8474628806114197,0.3791503071784973,0.896809383481741,10.487920045852661,23.68632137775421,small_16_32
2026-08-12T15:26:51.010,578,far,2,0.35360580682754517,131.42213821411133,189.52936846017838,139.77423667907715,208.07585138082504,262.84427642822266,379.05873692035675,279.5484733581543,416.1517027616501,271.1963748931885,397.6052198410034,271.1963748931885,416.1517027616501,0.423744335770607,0.8283442080020904,0.423744335770607,0.866982714086771,8.35209846496582,18.546482920646667,small_16_32
2026-08-12T15:26:51.010,578,far,3,0.34598395228385925,144.54360055923462,189.02749627828598,152.89569902420044,209.36929613351822,289.08720111846924,378.05499255657196,305.7913980484009,418.73859226703644,297.43929958343506,398.3967924118042,297.43929958343506,418.73859226703644,0.4647489055991173,0.829993317524592,0.4647489055991173,0.8723720672229925,8.35209846496582,20.34179985523224,small_16_32
2026-08-12T15:26:51.010,578,far,4,0.33097806572914124,159.47412234544754,221.5915777683258,168.68415993452072,237.97011160850525,318.9482446908951,443.1831555366516,337.36831986904144,475.9402232170105,328.15828227996826,459.56168937683105,328.15828227996826,475.9402232170105,0.5127473160624504,0.9574201862017314,0.5127473160624504,0.9915421317021053,9.210037589073181,16.378533840179443,small_16_32
2026-08-12T15:26:51.010,578,far,5,0.32359981536865234,98.87383377552032,193.19105809926987,107.78878962993622,212.91755205392838,197.74766755104065,386.38211619853973,215.57757925987244,425.83510410785675,206.66262340545654,406.10861015319824,206.66262340545654,425.83510410785675,0.32291034907102584,0.8460596044858296,0.32291034907102584,0.8871564668913682,8.914955854415894,19.72649395465851,small_16_32
2026-08-12T15:26:51.010,578,far,6,0.26788532733917236,192.10098004341125,178.01665556430817,202.25421404838562,218.0444301366806,384.2019600868225,356.03331112861633,404.50842809677124,436.0888602733612,394.3551940917969,396.06108570098877,394.3551940917969,436.0888602733612,0.6161799907684327,0.82512726187706,0.6161799907684327,0.9085184589028359,10.153234004974365,40.02777457237244,regular_ge32
2026-08-12T15:26:51.010,578,far,7,0.23032912611961365,46.0635986328125,191.4648513197899,55.57818555831909,211.1913452744484,92.127197265625,382.9297026395798,111.15637111663818,422.3826905488968,101.64178419113159,402.6561965942383,101.64178419113159,422.3826905488968,0.15881528779864312,0.8388670762379964,0.15881528779864312,0.879963938643535,9.514586925506592,19.72649395465851,small_16_32
2026-08-12T15:26:51.010,578,far,8,0.20742715895175934,54.895250141620636,202.74566262960434,64.10528773069382,222.47215658426285,109.79050028324127,405.4913252592087,128.21057546138763,444.9443131685257,119.00053787231445,425.2178192138672,119.00053787231445,444.9443131685257,0.18593834042549134,0.8858704566955566,0.18593834042549134,0.9269673191010952,9.210037589073181,19.72649395465851,small_16_32
2026-08-12T15:26:51.115,579,far,1,0.4498997628688812,116.2141193151474,191.2945415377617,126.70203936100006,215.70599633455276,232.4282386302948,382.5890830755234,253.40407872200012,431.41199266910553,242.91615867614746,407.00053787231445,242.91615867614746,431.41199266910553,0.3795564979314804,0.8479177872339885,0.3795564979314804,0.8987749847273032,10.487920045852661,24.411454796791077,small_16_32
2026-08-12T15:26:51.115,579,far,2,0.39277467131614685,131.2885503768921,189.63430672883987,139.6406488418579,208.76248568296432,262.5771007537842,379.26861345767975,279.2812976837158,417.52497136592865,270.92919921875,398.3967924118042,270.92919921875,417.52497136592865,0.4233268737792969,0.829993317524592,0.4233268737792969,0.8698436903456847,8.35209846496582,19.12817895412445,small_16_32
2026-08-12T15:26:51.115,579,far,3,0.37690892815589905,144.18519741296768,189.16041177511215,152.81426376104355,209.5022116303444,288.37039482593536,378.3208235502243,305.6285275220871,419.0044232606888,296.99946117401123,398.66262340545654,296.99946117401123,419.0044232606888,0.46406165808439254,0.8305471320947011,0.46406165808439254,0.8729258817931016,8.629066348075867,20.34179985523224,small_16_32
2026-08-12T15:26:51.115,579,far,4,0.34598395228385925,98.74091827869415,193.19105809926987,107.65587413311005,212.91755205392838,197.4818365573883,386.38211619853973,215.3117482662201,425.83510410785675,206.3967924118042,406.10861015319824,206.3967924118042,425.83510410785675,0.3224949881434441,0.8460596044858296,0.3224949881434441,0.8871564668913682,8.914955854415894,19.72649395465851,small_16_32
2026-08-12T15:26:51.115,579,far,5,0.34598395228385925,159.32184767723083,221.06511110067368,168.83643460273743,238.49657827615738,318.64369535446167,442.13022220134735,337.67286920547485,476.99315655231476,328.15828227996826,459.56168937683105,328.15828227996826,476.99315655231476,0.5127473160624504,0.9574201862017314,0.5127473160624504,0.9937357428173225,9.514586925506592,17.431467175483704,small_16_32
2026-08-12T15:26:51.115,579,far,6,0.33097806572914124,192.310373544693,175.31388187408447,203.4999177455902,218.80798244476318,384.620747089386,350.62776374816895,406.9998354911804,437.61596488952637,395.8102912902832,394.12186431884766,395.8102912902832,437.61596488952637,0.6184535801410675,0.8210872173309326,0.6184535801410675,0.9116999268531799,11.189544200897217,43.49410057067871,regular_ge32
2026-08-12T15:26:51.115,579,far,7,0.2363237887620926,45.985162019729614,192.94591480493546,55.814051389694214,211.49239772558212,91.97032403945923,385.8918296098709,111.62810277938843,422.98479545116425,101.79921340942383,404.4383125305176,101.79921340942383,422.98479545116425,0.15906127095222472,0.8425798177719116,0.15906127095222472,0.8812183238565922,9.8288893699646,18.546482920646667,small_16_32
2026-08-12T15:26:51.115,579,far,8,0.22444185614585876,54.67533189058304,202.82805186510086,63.88536947965622,221.9562308192253,109.35066378116608,405.6561037302017,127.77073895931244,443.9124616384506,118.56070137023926,424.7842826843262,118.56070137023926,443.9124616384506,0.18525109589099883,0.8849672555923462,0.18525109589099883,0.9248176284134388,9.210037589073181,19.12817895412445,small_16_32
2026-08-12T15:26:51.226,580,far,1,0.45820698142051697,116.2141193151474,191.21114438772202,126.70203936100006,214.89746576547623,232.4282386302948,382.42228877544403,253.40407872200012,429.79493153095245,242.91615867614746,406.10861015319824,242.91615867614746,429.79493153095245,0.3795564979314804,0.8460596044858296,0.3795564979314804,0.8954061073561509,10.487920045852661,23.68632137775421,small_16_32
2026-08-12T15:26:51.226,580,far,2,0.39277467131614685,131.42270463705063,189.9434586763382,139.50649458169937,207.9244908094406,262.84540927410126,379.8869173526764,279.01298916339874,415.8489816188812,270.92919921875,397.8679494857788,270.92919921875,415.8489816188812,0.4233268737792969,0.8288915614287059,0.4233268737792969,0.8663520450393359,8.083789944648743,17.981032133102417,small_16_32
2026-08-12T15:26:51.226,580,far,3,0.3848111629486084,144.11011600494385,189.46806472539902,152.46221446990967,209.19455868005753,288.2202320098877,378.93612945079803,304.92442893981934,418.38911736011505,296.5723304748535,398.66262340545654,296.5723304748535,418.38911736011505,0.46339426636695863,0.8305471320947011,0.46339426636695863,0.8716439945002397,8.35209846496582,19.72649395465851,small_16_32
2026-08-12T15:26:51.226,580,far,4,0.3690716028213501,99.00712168216705,192.47906011343002,107.92207753658295,212.20555406808853,198.0142433643341,384.95812022686005,215.8441550731659,424.41110813617706,206.92919921875,404.68461418151855,206.92919921875,424.41110813617706,0.32332687377929686,0.843092946211497,0.32332687377929686,0.8841898086170356,8.914955854415894,19.72649395465851,small_16_32
2026-08-12T15:26:51.226,580,far,5,0.30910593271255493,159.22083592414856,221.33213394880295,168.73542284965515,238.2295554280281,318.4416718482971,442.6642678976059,337.4708456993103,476.4591108560562,327.9562587738037,459.56168937683105,327.9562587738037,476.4591108560562,0.5124316543340683,0.9574201862017314,0.5124316543340683,0.9926231476167838,9.514586925506592,16.89742147922516,small_16_32
2026-08-12T15:26:51.226,580,far,6,0.28123316168785095,192.10098004341125,177.45154452323914,202.25421404838562,218.60954117774963,384.2019600868225,354.90308904647827,404.50842809677124,437.21908235549927,394.3551940917969,396.06108570098877,394.3551940917969,437.21908235549927,0.6161799907684327,0.82512726187706,0.6161799907684327,0.9108730882406235,10.153234004974365,41.1579966545105,regular_ge32
2026-08-12T15:26:51.226,580,far,7,0.22444185614585876,46.06349951028824,192.0231812596321,55.27353709936142,211.15136021375656,92.12699902057648,384.0463625192642,110.54707419872284,422.3027204275131,101.33703660964966,403.1745414733887,101.33703660964966,422.3027204275131,0.15833911970257758,0.839946961402893,0.15833911970257758,0.8797973342239856,9.210037589073181,19.12817895412445,small_16_32
2026-08-12T15:26:51.226,580,far,8,0.2019716501235962,55.416851818561554,203.1555603146553,64.62688940763474,222.28373926877975,110.83370363712311,406.3111206293106,129.25377881526947,444.5674785375595,120.04374122619629,425.43929958343506,120.04374122619629,444.5674785375595,0.1875683456659317,0.8863318741321564,0.1875683456659317,0.926182246953249,9.210037589073181,19.12817895412445,small_16_32
2026-08-12T15:26:51.334,581,far,1,0.45820698142051697,116.08413827419281,191.43718999624252,126.57205832004547,215.12351137399673,232.16827654838562,382.87437999248505,253.14411664009094,430.24702274799347,242.65619659423828,406.56070137023926,242.65619659423828,430.24702274799347,0.3791503071784973,0.8470014611879985,0.3791503071784973,0.8963479640583197,10.487920045852661,23.68632137775421,small_16_32
2026-08-12T15:26:51.334,581,far,2,0.40887001156806946,131.42270463705063,190.34079563617706,139.50649458169937,208.32182776927948,262.84540927410126,380.6815912723541,279.01298916339874,416.64365553855896,270.92919921875,398.66262340545654,270.92919921875,416.64365553855896,0.4233268737792969,0.8305471320947011,0.4233268737792969,0.8680076157053311,8.083789944648743,17.981032133102417,small_16_32
2026-08-12T15:26:51.334,581,far,3,0.37690892815589905,144.3236813545227,189.86875194311142,152.67577981948853,209.59524589776993,288.6473627090454,379.73750388622284,305.35155963897705,419.19049179553986,296.99946117401123,399.46399784088135,296.99946117401123,419.19049179553986,0.46406165808439254,0.8322166621685028,0.46406165808439254,0.8733135245740413,8.35209846496582,19.72649395465851,small_16_32
2026-08-12T15:26:51.334,581,far,4,0.33097806572914124,159.1215114593506,220.94195932149887,168.63609838485718,238.37342649698257,318.2430229187012,441.88391864299774,337.27219676971436,476.74685299396515,327.75760984420776,459.31538581848145,327.75760984420776,476.74685299396515,0.5121212653815747,0.956907053788503,0.5121212653815747,0.9932226104040941,9.514586925506592,17.431467175483704,small_16_32
2026-08-12T15:26:51.334,581,far,5,0.31630825996398926,99.2836542725563,193.60398799180984,107.91272062063217,212.7321669459343,198.5673085451126,387.2079759836197,215.82544124126434,425.4643338918686,207.19637489318848,406.33615493774414,207.19637489318848,425.4643338918686,0.323744335770607,0.8465336561203003,0.323744335770607,0.8863840289413929,8.629066348075867,19.12817895412445,small_16_32
2026-08-12T15:26:51.334,581,far,6,0.2949781119823456,191.9336370229721,177.32614731788635,202.42155706882477,218.48414397239685,383.8672740459442,354.6522946357727,404.84311413764954,436.9682879447937,394.3551940917969,395.8102912902832,394.3551940917969,436.9682879447937,0.6161799907684327,0.8246047735214234,0.6161799907684327,0.9103505998849869,10.487920045852661,41.1579966545105,regular_ge32
2026-08-12T15:26:51.334,581,far,7,0.24242530763149261,45.98657298088074,193.4737411737442,55.50115990638733,211.45477330684662,91.97314596176147,386.9474823474884,111.00231981277466,422.90954661369324,101.48773288726807,404.9285144805908,101.48773288726807,422.90954661369324,0.15857458263635635,0.8436010718345642,0.15857458263635635,0.8810615554451943,9.514586925506592,17.981032133102417,small_16_32
2026-08-12T15:26:51.334,581,far,8,0.23032912611961365,55.21315556764603,203.2678330540657,64.42319315671921,222.39601200819016,110.42631113529205,406.5356661081314,128.84638631343842,444.7920240163803,119.63634872436523,425.66384506225586,119.63634872436523,444.7920240163803,0.18693179488182068,0.886799677213033,0.18693179488182068,0.9266500500341256,9.210037589073181,19.12817895412445,small_16_32
2026-08-12T15:26:51.454,582,far,1,0.4498997628688812,116.17064440250397,191.2945415377617,127.0038970708847,215.70599633455276,232.34128880500793,382.5890830755234,254.0077941417694,431.41199266910553,243.17454147338867,407.00053787231445,243.17454147338867,431.41199266910553,0.3799602210521698,0.8479177872339885,0.3799602210521698,0.8987749847273032,10.833252668380737,24.411454796791077,small_16_32
2026-08-12T15:26:51.454,582,far,2,0.40887001156806946,158.86673593521118,220.3844514489174,168.69562530517578,238.93093436956406,317.73347187042236,440.7689028978348,337.39125061035156,477.8618687391281,327.56236124038696,459.31538581848145,327.56236124038696,477.8618687391281,0.5118161894381046,0.956907053788503,0.5118161894381046,0.9955455598731836,9.8288893699646,18.546482920646667,small_16_32
2026-08-12T15:26:51.454,582,far,3,0.400795578956604,144.56701463460922,190.45875746011734,152.65080457925797,209.005240380764,289.13402926921844,380.9175149202347,305.30160915851593,418.010480761528,297.2178192138672,399.46399784088135,297.2178192138672,418.010480761528,0.46440284252166747,0.8322166621685028,0.46440284252166747,0.8708551682531833,8.083789944648743,18.546482920646667,small_16_32
2026-08-12T15:26:51.454,582,far,4,0.39277467131614685,131.42270463705063,190.350192964077,139.50649458169937,207.7816601395607,262.84540927410126,380.700385928154,279.01298916339874,415.5633202791214,270.92919921875,398.1318531036377,270.92919921875,415.5633202791214,0.4233268737792969,0.8294413606325786,0.4233268737792969,0.8657569172481696,8.083789944648743,17.431467175483704,small_16_32
2026-08-12T15:26:51.454,582,far,5,0.36130279302597046,191.68954420089722,174.82743775844574,203.62584161758423,219.52775633335114,383.37908840179443,349.6548755168915,407.25168323516846,439.05551266670227,395.31538581848145,394.3551940917969,395.31538581848145,439.05551266670227,0.6176802903413773,0.8215733210245768,0.6176802903413773,0.9146989847222964,11.936297416687012,44.700318574905396,regular_ge32
2026-08-12T15:26:51.454,582,far,6,0.3384403884410858,98.74091827869415,193.30483049154282,107.65587413311005,213.03132444620132,197.4818365573883,386.60966098308563,215.3117482662201,426.06264889240265,206.3967924118042,406.33615493774414,206.3967924118042,426.06264889240265,0.3224949881434441,0.8465336561203003,0.3224949881434441,0.8876305185258389,8.914955854415894,19.72649395465851,small_16_32
2026-08-12T15:26:51.454,582,far,7,0.24242530763149261,46.36341416835785,193.1043382883072,55.27837002277374,211.0853704214096,92.7268283367157,386.2086765766144,110.55674004554749,422.1707408428192,101.64178419113159,404.1897087097168,101.64178419113159,422.1707408428192,0.15881528779864312,0.8420618931452434,0.15881528779864312,0.8795223767558734,8.914955854415894,17.981032133102417,small_16_32
2026-08-12T15:26:51.454,582,far,8,0.22444185614585876,54.78607255220413,202.41403990983963,63.99611014127731,221.54221886396408,109.57214510440826,404.82807981967926,127.99222028255463,443.08443772792816,118.78218269348145,423.9562587738037,118.78218269348145,443.08443772792816,0.18559716045856475,0.8832422057787578,0.18559716045856475,0.9230925785998504,9.210037589073181,19.12817895412445,small_16_32
2026-08-12T15:26:51.558,583,far,1,0.441620409488678,116.47164571285248,191.54793065786362,126.95956575870514,215.23425203561783,232.94329142570496,383.09586131572723,253.91913151741028,430.46850407123566,243.43121147155762,406.78218269348145,243.43121147155762,430.46850407123566,0.3803612679243088,0.8474628806114197,0.3803612679243088,0.896809383481741,10.487920045852661,23.68632137775421,small_16_32
2026-08-12T15:26:51.558,583,far,2,0.37690892815589905,131.55629247426987,189.9434586763382,139.6400824189186,207.9244908094406,263.11258494853973,379.8869173526764,279.2801648378372,415.8489816188812,271.1963748931885,397.8679494857788,271.1963748931885,415.8489816188812,0.423744335770607,0.8288915614287059,0.423744335770607,0.8663520450393359,8.083789944648743,17.981032133102417,small_16_32
2026-08-12T15:26:51.558,583,far,3,0.3690716028213501,144.79002755880356,189.60135263204575,152.8738175034523,209.32784658670425,289.5800551176071,379.2027052640915,305.7476350069046,418.6556931734085,297.66384506225586,398.92919921875,297.66384506225586,418.6556931734085,0.46509975790977476,0.8311024983723958,0.46509975790977476,0.8721993607779344,8.083789944648743,19.72649395465851,small_16_32
2026-08-12T15:26:51.558,583,far,4,0.3690716028213501,159.52887177467346,220.3844514489174,169.04345870018005,238.93093436956406,319.0577435493469,440.7689028978348,338.0869174003601,477.8618687391281,328.5723304748535,459.31538581848145,328.5723304748535,477.8618687391281,0.5133942663669586,0.956907053788503,0.5133942663669586,0.9955455598731836,9.514586925506592,18.546482920646667,small_16_32
2026-08-12T15:26:51.558,583,far,5,0.30910593271255493,99.14070951938629,193.30483049154282,108.05566537380219,213.03132444620132,198.28141903877258,386.60966098308563,216.11133074760437,426.06264889240265,207.19637489318848,406.33615493774414,207.19637489318848,426.06264889240265,0.323744335770607,0.8465336561203003,0.323744335770607,0.8876305185258389,8.914955854415894,19.72649395465851,small_16_32
2026-08-12T15:26:51.558,583,far,6,0.30910593271255493,192.11911690235138,175.7886929512024,202.95236957073212,219.2827935218811,384.23823380470276,351.5773859024048,405.90473914146423,438.5655870437622,395.0714864730835,395.0714864730835,395.0714864730835,438.5655870437622,0.6172991976141929,0.823065596818924,0.6172991976141929,0.9136783063411713,10.833252668380737,43.49410057067871,regular_ge32
2026-08-12T15:26:51.558,583,far,7,0.24863308668136597,45.4999064207077,192.10621064901352,55.987826466560364,211.83270460367203,90.9998128414154,384.21242129802704,111.97565293312073,423.66540920734406,101.48773288726807,403.93891525268555,101.48773288726807,423.66540920734406,0.15857458263635635,0.8415394067764282,0.15857458263635635,0.8826362691819668,10.487920045852661,19.72649395465851,small_16_32
2026-08-12T15:26:51.558,583,far,8,0.23032912611961365,54.78607255220413,202.4229182600975,63.99611014127731,222.149412214756,109.57214510440826,404.845836520195,127.99222028255463,444.298824429512,118.78218269348145,424.5723304748535,118.78218269348145,444.298824429512,0.18559716045856475,0.8845256884892782,0.18559716045856475,0.9256225508948167,9.210037589073181,19.72649395465851,small_16_32
2026-08-12T15:26:51.676,584,far,1,0.45820698142051697,115.91147196292877,191.5081073641777,126.74472463130951,215.91956216096878,231.82294392585754,383.0162147283554,253.48944926261902,431.83912432193756,242.65619659423828,407.4276695251465,242.65619659423828,431.83912432193756,0.3791503071784973,0.8488076448440551,0.3791503071784973,0.8996648423373699,10.833252668380737,24.411454796791077,small_16_32
2026-08-12T15:26:51.676,584,far,2,0.37690892815589905,131.0223469734192,190.34079563617706,139.374445438385,208.32182776927948,262.0446939468384,380.6815912723541,278.74889087677,416.64365553855896,270.3967924118042,398.66262340545654,270.3967924118042,416.64365553855896,0.42249498814344405,0.8305471320947011,0.42249498814344405,0.8680076157053311,8.35209846496582,17.981032133102417,small_16_32
2026-08-12T15:26:51.676,584,far,3,0.35360580682754517,159.16469645500183,220.42453014850616,168.99358582496643,238.40556228160858,318.32939291000366,440.84906029701233,337.98717164993286,476.81112456321716,328.15828227996826,458.83009243011475,328.15828227996826,476.81112456321716,0.5127473160624504,0.9558960258960724,0.5127473160624504,0.9933565095067024,9.8288893699646,17.981032133102417,small_16_32
2026-08-12T15:26:51.676,584,far,4,0.34598395228385925,99.14070951938629,193.52784436941147,108.05566537380219,213.25433832406998,198.28141903877258,387.05568873882294,216.11133074760437,426.50867664813995,207.19637489318848,406.78218269348145,207.19637489318848,426.50867664813995,0.323744335770607,0.8474628806114197,0.323744335770607,0.8885597430169583,8.914955854415894,19.72649395465851,small_16_32
2026-08-12T15:26:51.676,584,far,5,0.34598395228385925,144.43286037445068,189.60135263204575,152.7849588394165,209.32784658670425,288.86572074890137,379.2027052640915,305.569917678833,418.6556931734085,297.2178192138672,398.92919921875,297.2178192138672,418.6556931734085,0.46440284252166747,0.8311024983723958,0.46440284252166747,0.8721993607779344,8.35209846496582,19.72649395465851,small_16_32
2026-08-12T15:26:51.676,584,far,6,0.3019951581954956,192.3384292125702,176.9567449092865,202.49166321754456,218.114741563797,384.6768584251404,353.913489818573,404.9833264350891,436.229483127594,394.83009243011475,395.0714864730835,394.83009243011475,436.229483127594,0.6169220194220543,0.823065596818924,0.6169220194220543,0.9088114231824875,10.153234004974365,41.1579966545105,regular_ge32
2026-08-12T15:26:51.676,584,far,7,0.24242530763149261,45.4999064207077,192.0231812596321,55.987826466560364,211.15136021375656,90.9998128414154,384.0463625192642,111.97565293312073,422.3027204275131,101.48773288726807,403.1745414733887,101.48773288726807,422.3027204275131,0.15857458263635635,0.839946961402893,0.15857458263635635,0.8797973342239856,10.487920045852661,19.12817895412445,small_16_32
2026-08-12T15:26:51.676,584,far,8,0.23032912611961365,54.56305867433548,203.6135075688362,63.77309626340866,222.74168652296066,109.12611734867096,407.2270151376724,127.54619252681732,445.4833730459213,118.33615493774414,426.3551940917969,118.33615493774414,445.4833730459213,0.1849002420902252,0.8882399876912435,0.1849002420902252,0.9280903605123361,9.210037589073181,19.12817895412445,small_16_32
2026-08-12T15:26:51.780,585,far,1,0.45820698142051697,116.12077355384827,191.32491677999496,126.27400755882263,215.01123815774918,232.24154710769653,382.64983355998993,252.54801511764526,430.02247631549835,242.3947811126709,406.33615493774414,242.3947811126709,430.02247631549835,0.3787418454885483,0.8465336561203003,0.3787418454885483,0.8958801589906216,10.153234004974365,23.68632137775421,small_16_32
2026-08-12T15:26:51.780,585,far,2,0.3848111629486084,130.7579255104065,190.19135814905167,139.11002397537231,208.73784106969833,261.515851020813,380.38271629810333,278.22004795074463,417.47568213939667,269.8679494857788,398.92919921875,269.8679494857788,417.47568213939667,0.4216686710715294,0.8311024983723958,0.4216686710715294,0.8697410044570764,8.35209846496582,18.546482920646667,small_16_32
2026-08-12T15:26:51.780,585,far,3,0.35360580682754517,144.21609210968018,189.86875194311142,152.568190574646,209.59524589776993,288.43218421936035,379.73750388622284,305.136381149292,419.19049179553986,296.7842826843262,399.46399784088135,296.7842826843262,419.19049179553986,0.46372544169425967,0.8322166621685028,0.46372544169425967,0.8733135245740413,8.35209846496582,19.72649395465851,small_16_32
2026-08-12T15:26:51.780,585,far,4,0.31630825996398926,192.68962264060974,175.5485987663269,203.87916684150696,219.04269933700562,385.3792452812195,351.0971975326538,407.7583336830139,438.08539867401123,396.5687894821167,394.5912981033325,396.5687894821167,438.08539867401123,0.6196387335658073,0.8220652043819427,0.6196387335658073,0.9126779139041901,11.189544200897217,43.49410057067871,regular_ge32
2026-08-12T15:26:51.780,585,far,5,0.30910593271255493,99.27452099323273,193.30483049154282,108.18947684764862,213.03132444620132,198.54904198646545,386.60966098308563,216.37895369529724,426.06264889240265,207.46399784088135,406.33615493774414,207.46399784088135,426.06264889240265,0.3241624966263771,0.8465336561203003,0.3241624966263771,0.8876305185258389,8.914955854415894,19.72649395465851,small_16_32
2026-08-12T15:26:51.780,585,far,6,0.30910593271255493,159.6348478794098,221.5915777683258,169.14943480491638,237.97011160850525,319.2696957588196,443.1831555366516,338.29886960983276,475.9402232170105,328.7842826843262,459.56168937683105,328.7842826843262,475.9402232170105,0.5137254416942596,0.9574201862017314,0.5137254416942596,0.9915421317021053,9.514586925506592,16.378533840179443,small_16_32
2026-08-12T15:26:51.780,585,far,7,0.2549463212490082,45.66724944114685,191.85235875844955,55.820483446121216,211.57885271310806,91.3344988822937,383.7047175168991,111.64096689224243,423.1577054262161,101.48773288726807,403.4312114715576,101.48773288726807,423.1577054262161,0.15857458263635635,0.8404816905657451,0.15857458263635635,0.8815785529712836,10.153234004974365,19.72649395465851,small_16_32
2026-08-12T15:26:51.780,585,far,8,0.24863308668136597,54.956541299819946,202.85640281438828,64.47112822532654,222.58289676904678,109.91308259963989,405.71280562877655,128.94225645065308,445.16579353809357,119.42766952514648,425.43929958343506,119.42766952514648,445.16579353809357,0.1866057336330414,0.8863318741321564,0.1866057336330414,0.927428736537695,9.514586925506592,19.72649395465851,small_16_32
2026-08-12T15:26:51.895,586,far,1,0.4498997628688812,116.17064440250397,191.54793065786362,127.0038970708847,215.23425203561783,232.34128880500793,383.09586131572723,254.0077941417694,430.46850407123566,243.17454147338867,406.78218269348145,243.17454147338867,430.46850407123566,0.3799602210521698,0.8474628806114197,0.3799602210521698,0.896809383481741,10.833252668380737,23.68632137775421,small_16_32
2026-08-12T15:26:51.895,586,far,2,0.3690716028213501,131.15526247024536,189.52936846017838,139.50736093521118,208.07585138082504,262.3105249404907,379.05873692035675,279.01472187042236,416.1517027616501,270.66262340545654,397.6052198410034,270.66262340545654,416.1517027616501,0.42291034907102587,0.8283442080020904,0.42291034907102587,0.866982714086771,8.35209846496582,18.546482920646667,small_16_32
2026-08-12T15:26:51.895,586,far,3,0.34598395228385925,144.18519741296768,189.02749627828598,152.81426376104355,209.36929613351822,288.37039482593536,378.05499255657196,305.6285275220871,418.73859226703644,296.99946117401123,398.3967924118042,296.99946117401123,418.73859226703644,0.46406165808439254,0.829993317524592,0.46406165808439254,0.8723720672229925,8.629066348075867,20.34179985523224,small_16_32
2026-08-12T15:26:51.895,586,far,4,0.33097806572914124,99.41746574640274,193.31171280145645,108.04653209447861,211.85819572210312,198.83493149280548,386.6234256029129,216.09306418895721,423.71639144420624,207.46399784088135,405.16990852355957,207.46399784088135,423.71639144420624,0.3241624966263771,0.844103976090749,0.3241624966263771,0.8827424821754296,8.629066348075867,18.546482920646667,small_16_32
2026-08-12T15:26:51.895,586,far,5,0.33097806572914124,191.998419880867,175.43054676055908,202.83167254924774,218.9246473312378,383.996839761734,350.86109352111816,405.6633450984955,437.8492946624756,394.83009243011475,394.3551940917969,394.83009243011475,437.8492946624756,0.6169220194220543,0.8215733210245768,0.6169220194220543,0.9121860305468241,10.833252668380737,43.49410057067871,regular_ge32
2026-08-12T15:26:51.895,586,far,6,0.27450883388519287,159.5768068432808,221.72046959400177,168.78684443235397,237.59491622447968,319.1536136865616,443.44093918800354,337.57368886470795,475.18983244895935,328.36365127563477,459.31538581848145,328.36365127563477,475.18983244895935,0.5130682051181793,0.956907053788503,0.5130682051181793,0.9899788176019987,9.210037589073181,15.874446630477905,tiny_lt16
2026-08-12T15:26:51.895,586,far,7,0.24863308668136597,45.82942175865173,191.85235875844955,55.65831112861633,211.57885271310806,91.65884351730347,383.7047175168991,111.31662225723267,423.1577054262161,101.48773288726807,403.4312114715576,101.48773288726807,423.1577054262161,0.15857458263635635,0.8404816905657451,0.15857458263635635,0.8815785529712836,9.8288893699646,19.72649395465851,small_16_32
2026-08-12T15:26:51.895,586,far,8,0.22444185614585876,54.82287275791168,203.33566814661026,63.737828612327576,221.88215106725693,109.64574551582336,406.6713362932205,127.47565722465515,443.76430213451385,118.56070137023926,425.2178192138672,118.56070137023926,443.76430213451385,0.18525109589099883,0.8858704566955566,0.18525109589099883,0.9245089627802372,8.914955854415894,18.546482920646667,small_16_32
2026-08-12T15:26:52.000,587,far,1,0.43337342143058777,116.08413827419281,191.2945415377617,126.57205832004547,215.70599633455276,232.16827654838562,382.5890830755234,253.14411664009094,431.41199266910553,242.65619659423828,407.00053787231445,242.65619659423828,431.41199266910553,0.3791503071784973,0.8479177872339885,0.3791503071784973,0.8987749847273032,10.487920045852661,24.411454796791077,small_16_32
2026-08-12T15:26:52.000,587,far,2,0.39277467131614685,159.52887177467346,220.79032862186432,169.04345870018005,238.77136075496674,319.0577435493469,441.58065724372864,338.0869174003601,477.5427215099335,328.5723304748535,459.56168937683105,328.5723304748535,477.5427215099335,0.5133942663669586,0.9574201862017314,0.5133942663669586,0.9948806698123615,9.514586925506592,17.981032133102417,small_16_32
2026-08-12T15:26:52.000,587,far,3,0.35360580682754517,131.2885503768921,189.66073328256607,139.6406488418579,208.20721620321274,262.5771007537842,379.32146656513214,279.2812976837158,416.4144324064255,270.92919921875,397.8679494857788,270.92919921875,416.4144324064255,0.4233268737792969,0.8288915614287059,0.4233268737792969,0.8675300675133865,8.35209846496582,18.546482920646667,small_16_32
2026-08-12T15:26:52.000,587,far,4,0.3384403884410858,144.43286037445068,189.2026795744896,152.7849588394165,208.9291735291481,288.86572074890137,378.4053591489792,305.569917678833,417.8583470582962,297.2178192138672,398.1318531036377,297.2178192138672,417.8583470582962,0.46440284252166747,0.8294413606325786,0.46440284252166747,0.8705382230381171,8.35209846496582,19.72649395465851,small_16_32
2026-08-12T15:26:52.000,587,far,5,0.33097806572914124,99.2836542725563,192.9591559767723,107.91272062063217,212.68564993143082,198.5673085451126,385.9183119535446,215.82544124126434,425.37129986286163,207.19637489318848,405.6448059082031,207.19637489318848,425.37129986286163,0.323744335770607,0.8450933456420898,0.323744335770607,0.8861902080476284,8.629066348075867,19.72649395465851,small_16_32
2026-08-12T15:26:52.000,587,far,6,0.2880568504333496,192.58107590675354,177.7669574022293,202.7343099117279,217.79473197460175,385.1621518135071,355.5339148044586,405.4686198234558,435.5894639492035,395.31538581848145,395.56168937683105,395.31538581848145,435.5894639492035,0.6176802903413773,0.824086852868398,0.6176802903413773,0.9074780498941739,10.153234004974365,40.02777457237244,regular_ge32
2026-08-12T15:26:52.000,587,far,7,0.24863308668136597,46.14231324195862,192.314029276371,55.65690016746521,210.86051219701767,92.28462648391724,384.628058552742,111.31380033493042,421.72102439403534,101.79921340942383,403.1745414733887,101.79921340942383,421.72102439403534,0.15906127095222472,0.839946961402893,0.15906127095222472,0.8785854674875736,9.514586925506592,18.546482920646667,small_16_32
2026-08-12T15:26:52.000,587,far,8,0.2363237887620926,55.10881596803665,202.74566262960434,64.31885355710983,222.47215658426285,110.2176319360733,405.4913252592087,128.63770711421967,444.9443131685257,119.42766952514648,425.2178192138672,119.42766952514648,444.9443131685257,0.1866057336330414,0.8858704566955566,0.1866057336330414,0.9269673191010952,9.210037589073181,19.72649395465851,small_16_32
2026-08-12T15:26:52.115,588,far,1,0.441620409488678,115.95343053340912,190.96235007047653,126.44135057926178,215.3738048672676,231.90686106681824,381.92470014095306,252.88270115852356,430.7476097345352,242.3947811126709,406.33615493774414,242.3947811126709,430.7476097345352,0.3787418454885483,0.8465336561203003,0.3787418454885483,0.897390853613615,10.487920045852661,24.411454796791077,small_16_32
2026-08-12T15:26:52.115,588,far,2,0.39277467131614685,131.55594968795776,189.50183707475662,139.90804815292358,208.63001602888107,263.1118993759155,379.00367414951324,279.81609630584717,417.26003205776215,271.46399784088135,398.1318531036377,271.46399784088135,417.26003205776215,0.4241624966263771,0.8294413606325786,0.4241624966263771,0.8692917334536712,8.35209846496582,19.12817895412445,small_16_32
2026-08-12T15:26:52.115,588,far,3,0.3690716028213501,144.65587329864502,189.02749627828598,153.00797176361084,209.36929613351822,289.31174659729004,378.05499255657196,306.0159435272217,418.73859226703644,297.66384506225586,398.3967924118042,297.66384506225586,418.73859226703644,0.46509975790977476,0.829993317524592,0.46509975790977476,0.8723720672229925,8.35209846496582,20.34179985523224,small_16_32
2026-08-12T15:26:52.115,588,far,4,0.35360580682754517,159.4776966571808,220.30513298511505,169.30658602714539,238.28616511821747,318.9553933143616,440.6102659702301,338.61317205429077,476.57233023643494,328.7842826843262,458.5912981033325,328.7842826843262,476.57233023643494,0.5137254416942596,0.955398537715276,0.5137254416942596,0.9928590213259061,9.8288893699646,17.981032133102417,small_16_32
2026-08-12T15:26:52.115,588,far,5,0.33097806572914124,191.94097113609314,176.50100219249725,203.13051533699036,218.8143836259842,383.8819422721863,353.0020043849945,406.2610306739807,437.6287672519684,395.0714864730835,395.31538581848145,395.0714864730835,437.6287672519684,0.6172991976141929,0.8235737204551696,0.6172991976141929,0.9117265984416008,11.189544200897217,42.31338143348694,regular_ge32
2026-08-12T15:26:52.115,588,far,6,0.30910593271255493,99.15006643533707,193.25831347703934,107.77913278341293,212.3864924311638,198.30013287067413,386.5166269540787,215.55826556682587,424.7729848623276,206.92919921875,405.6448059082031,206.92919921875,424.7729848623276,0.32332687377929686,0.8450933456420898,0.32332687377929686,0.8849437184631824,8.629066348075867,19.12817895412445,small_16_32
2026-08-12T15:26:52.115,588,far,7,0.2363237887620926,45.903404235839844,191.59483236074448,56.05663824081421,211.32132631540298,91.80680847167969,383.18966472148895,112.11327648162842,422.64265263080597,101.96004247665405,402.91615867614746,101.96004247665405,422.64265263080597,0.15931256636977195,0.8394086639086406,0.15931256636977195,0.8805055263141791,10.153234004974365,19.72649395465851,small_16_32
2026-08-12T15:26:52.115,588,far,8,0.22444185614585876,54.67533189058304,203.2678330540657,63.88536947965622,222.39601200819016,109.35066378116608,406.5356661081314,127.77073895931244,444.7920240163803,118.56070137023926,425.66384506225586,118.56070137023926,444.7920240163803,0.18525109589099883,0.886799677213033,0.18525109589099883,0.9266500500341256,9.210037589073181,19.12817895412445,small_16_32
2026-08-12T15:26:52.219,589,far,1,0.441620409488678,115.95343053340912,190.96235007047653,126.44135057926178,215.3738048672676,231.90686106681824,381.92470014095306,252.88270115852356,430.7476097345352,242.3947811126709,406.33615493774414,242.3947811126709,430.7476097345352,0.3787418454885483,0.8465336561203003,0.3787418454885483,0.897390853613615,10.487920045852661,24.411454796791077,small_16_32
2026-08-12T15:26:52.219,589,far,2,0.3690716028213501,131.15526247024536,189.66073328256607,139.50736093521118,208.20721620321274,262.3105249404907,379.32146656513214,279.01472187042236,416.4144324064255,270.66262340545654,397.8679494857788,270.66262340545654,416.4144324064255,0.42291034907102587,0.8288915614287059,0.42291034907102587,0.8675300675133865,8.35209846496582,18.546482920646667,small_16_32
2026-08-12T15:26:52.219,589,far,3,0.33097806572914124,144.43286037445068,188.76307481527328,152.7849588394165,209.10487467050552,288.86572074890137,377.52614963054657,305.569917678833,418.20974934101105,297.2178192138672,397.8679494857788,297.2178192138672,418.20974934101105,0.46440284252166747,0.8288915614287059,0.46440284252166747,0.8712703111271064,8.35209846496582,20.34179985523224,small_16_32
2026-08-12T15:26:52.219,589,far,4,0.32359981536865234,99.41746574640274,193.02086478471756,108.04653209447861,212.149043738842,198.83493149280548,386.0417295694351,216.09306418895721,424.298087477684,207.46399784088135,405.16990852355957,207.46399784088135,424.298087477684,0.3241624966263771,0.844103976090749,0.3241624966263771,0.8839543489118417,8.629066348075867,19.12817895412445,small_16_32
2026-08-12T15:26:52.219,589,far,5,0.2880568504333496,192.3784203529358,175.5485987663269,203.93553686141968,219.04269933700562,384.7568407058716,351.0971975326538,407.87107372283936,438.08539867401123,396.31395721435547,394.5912981033325,396.31395721435547,438.08539867401123,0.6192405581474304,0.8220652043819427,0.6192405581474304,0.9126779139041901,11.557116508483887,43.49410057067871,regular_ge32
2026-08-12T15:26:52.219,589,far,6,0.2880568504333496,160.003890812397,221.34647631645203,169.21392840147018,237.72501015663147,320.007781624794,442.69295263290405,338.42785680294037,475.45002031326294,329.2178192138672,459.0714864730835,329.2178192138672,475.45002031326294,0.5144028425216675,0.9563989301522573,0.5144028425216675,0.9905208756526311,9.210037589073181,16.378533840179443,small_16_32
2026-08-12T15:26:52.219,589,far,7,0.21299070119857788,45.82298970222473,191.3341435790062,55.9762237071991,211.0606375336647,91.64597940444946,382.6682871580124,111.9524474143982,422.1212750673294,101.79921340942383,402.3947811126709,101.79921340942383,422.1212750673294,0.15906127095222472,0.8383224606513977,0.15906127095222472,0.8794193230569363,10.153234004974365,19.72649395465851,small_16_32
2026-08-12T15:26:52.336,590,far,1,0.4498997628688812,116.47164571285248,191.32491677999496,126.95956575870514,215.01123815774918,232.94329142570496,382.64983355998993,253.91913151741028,430.02247631549835,243.43121147155762,406.33615493774414,243.43121147155762,430.02247631549835,0.3803612679243088,0.8465336561203003,0.3803612679243088,0.8958801589906216,10.487920045852661,23.68632137775421,small_16_32
2026-08-12T15:26:52.336,590,far,2,0.37690892815589905,131.42270463705063,189.9434586763382,139.50649458169937,207.9244908094406,262.84540927410126,379.8869173526764,279.01298916339874,415.8489816188812,270.92919921875,397.8679494857788,270.92919921875,415.8489816188812,0.4233268737792969,0.8288915614287059,0.4233268737792969,0.8663520450393359,8.083789944648743,17.981032133102417,small_16_32
2026-08-12T15:26:52.336,590,far,3,0.36130279302597046,159.32184767723083,220.8200096487999,168.83643460273743,238.2514768242836,318.64369535446167,441.6400192975998,337.67286920547485,476.5029536485672,328.15828227996826,459.0714864730835,328.15828227996826,476.5029536485672,0.5127473160624504,0.9563989301522573,0.5127473160624504,0.9927144867678483,9.514586925506592,17.431467175483704,small_16_32
2026-08-12T15:26:52.336,590,far,4,0.34598395228385925,98.74091827869415,192.90016776323318,107.65587413311005,212.02834671735764,197.4818365573883,385.80033552646637,215.3117482662201,424.05669343471527,206.3967924118042,404.9285144805908,206.3967924118042,424.05669343471527,0.3224949881434441,0.8436010718345642,0.3224949881434441,0.8834514446556568,8.914955854415894,19.12817895412445,small_16_32
2026-08-12T15:26:52.336,590,far,5,0.3384403884410858,144.65587329864502,189.2026795744896,153.00797176361084,208.9291735291481,289.31174659729004,378.4053591489792,306.0159435272217,417.8583470582962,297.66384506225586,398.1318531036377,297.66384506225586,417.8583470582962,0.46509975790977476,0.8294413606325786,0.46509975790977476,0.8705382230381171,8.35209846496582,19.72649395465851,small_16_32
2026-08-12T15:26:52.336,590,far,6,0.30910593271255493,192.24106657505035,175.66799592971802,203.0743192434311,219.16209650039673,384.4821331501007,351.33599185943604,406.1486384868622,438.32419300079346,395.31538581848145,394.83009243011475,395.31538581848145,438.32419300079346,0.6176802903413773,0.8225626925627391,0.6176802903413773,0.9131754020849864,10.833252668380737,43.49410057067871,regular_ge32
2026-08-12T15:26:52.336,590,far,7,0.23032912611961365,45.98657298088074,192.15151625871658,55.50115990638733,211.27969521284103,91.97314596176147,384.30303251743317,111.00231981277466,422.55939042568207,101.48773288726807,403.4312114715576,101.48773288726807,422.55939042568207,0.15857458263635635,0.8404816905657451,0.15857458263635635,0.8803320633868377,9.514586925506592,19.12817895412445,small_16_32
2026-08-12T15:26:52.336,590,far,8,0.218662291765213,55.00283986330032,202.82805186510086,64.2128774523735,221.9562308192253,110.00567972660065,405.6561037302017,128.425754904747,443.9124616384506,119.21571731567383,424.7842826843262,119.21571731567383,443.9124616384506,0.18627455830574036,0.8849672555923462,0.18627455830574036,0.9248176284134388,9.210037589073181,19.12817895412445,small_16_32
2026-08-12T15:26:52.440,591,far,1,0.45820698142051697,115.82206571102142,191.21114438772202,126.30998575687408,214.89746576547623,231.64413142204285,382.42228877544403,252.61997151374817,429.79493153095245,242.1320514678955,406.10861015319824,242.1320514678955,429.79493153095245,0.37833133041858674,0.8460596044858296,0.37833133041858674,0.8954061073561509,10.487920045852661,23.68632137775421,small_16_32
2026-08-12T15:26:52.440,591,far,2,0.3848111629486084,131.55594968795776,189.23852044343948,139.90804815292358,208.36669939756393,263.1118993759155,378.47704088687897,279.81609630584717,416.73339879512787,271.46399784088135,397.6052198410034,271.46399784088135,416.73339879512787,0.4241624966263771,0.8283442080020904,0.4241624966263771,0.868194580823183,8.35209846496582,19.12817895412445,small_16_32
2026-08-12T15:26:52.440,591,far,3,0.3384403884410858,159.74243712425232,220.9663354754448,169.2570240497589,237.86375695466995,319.48487424850464,441.9326709508896,338.5140480995178,475.7275139093399,328.99946117401123,458.83009243011475,328.99946117401123,475.7275139093399,0.5140616580843925,0.9558960258960724,0.5140616580843925,0.9910989873111248,9.514586925506592,16.89742147922516,small_16_32
2026-08-12T15:26:52.440,591,far,4,0.33097806572914124,99.15006643533707,192.72170728445053,107.77913278341293,212.44820123910904,198.30013287067413,385.44341456890106,215.55826556682587,424.8964024782181,206.92919921875,405.16990852355957,206.92919921875,424.8964024782181,0.32332687377929686,0.844103976090749,0.32332687377929686,0.8852008384962876,8.629066348075867,19.72649395465851,small_16_32
2026-08-12T15:26:52.440,591,far,5,0.31630825996398926,144.15143167972565,189.02749627828598,153.06638753414154,209.36929613351822,288.3028633594513,378.05499255657196,306.1327750682831,418.73859226703644,297.2178192138672,398.3967924118042,297.2178192138672,418.73859226703644,0.46440284252166747,0.829993317524592,0.46440284252166747,0.8723720672229925,8.914955854415894,20.34179985523224,small_16_32
2026-08-12T15:26:52.440,591,far,6,0.31630825996398926,191.28237390518188,175.66799592971802,202.83949041366577,219.16209650039673,382.56474781036377,351.33599185943604,405.67898082733154,438.32419300079346,394.12186431884766,394.83009243011475,394.12186431884766,438.32419300079346,0.6158154129981994,0.8225626925627391,0.6158154129981994,0.9131754020849864,11.557116508483887,43.49410057067871,regular_ge32
2026-08-12T15:26:52.440,591,far,7,0.2549463212490082,45.82298970222473,192.0231812596321,55.9762237071991,211.15136021375656,91.64597940444946,384.0463625192642,111.9524474143982,422.3027204275131,101.79921340942383,403.1745414733887,101.79921340942383,422.3027204275131,0.15906127095222472,0.839946961402893,0.15906127095222472,0.8797973342239856,10.153234004974365,19.12817895412445,small_16_32
2026-08-12T15:26:52.440,591,far,8,0.2363237887620926,55.16356587409973,203.08244794607162,64.67815279960632,222.80894190073013,110.32713174819946,406.16489589214325,129.35630559921265,445.61788380146027,119.84171867370605,425.89138984680176,119.84171867370605,445.61788380146027,0.1872526854276657,0.8872737288475037,0.1872526854276657,0.9283705912530422,9.514586925506592,19.72649395465851,small_16_32
2026-08-12T15:26:52.556,592,far,1,0.441620409488678,116.63898873329163,191.21114438772202,126.79222273826599,214.89746576547623,233.27797746658325,382.42228877544403,253.58444547653198,429.79493153095245,243.43121147155762,406.10861015319824,243.43121147155762,429.79493153095245,0.3803612679243088,0.8460596044858296,0.3803612679243088,0.8954061073561509,10.153234004974365,23.68632137775421,small_16_32
2026-08-12T15:26:52.556,592,far,2,0.39277467131614685,131.55629247426987,190.21824115514755,139.6400824189186,207.64970833063126,263.11258494853973,380.4364823102951,279.2801648378372,415.2994166612625,271.1963748931885,397.8679494857788,271.1963748931885,415.2994166612625,0.423744335770607,0.8288915614287059,0.423744335770607,0.865207118044297,8.083789944648743,17.431467175483704,small_16_32
2026-08-12T15:26:52.556,592,far,3,0.39277467131614685,144.67775481939316,189.50183707475662,152.7615447640419,208.63001602888107,289.3555096387863,379.00367414951324,305.5230895280838,417.26003205776215,297.43929958343506,398.1318531036377,297.43929958343506,417.26003205776215,0.4647489055991173,0.8294413606325786,0.4647489055991173,0.8692917334536712,8.083789944648743,19.12817895412445,small_16_32
2026-08-12T15:26:52.556,592,far,4,0.39277467131614685,159.16469645500183,221.06511110067368,168.99358582496643,238.49657827615738,318.32939291000366,442.13022220134735,337.98717164993286,476.99315655231476,328.15828227996826,459.56168937683105,328.15828227996826,476.99315655231476,0.5127473160624504,0.9574201862017314,0.5127473160624504,0.9937357428173225,9.8288893699646,17.431467175483704,small_16_32
2026-08-12T15:26:52.556,592,far,5,0.30910593271255493,99.01677852869034,193.37497836351395,107.6458448767662,212.5031573176384,198.03355705738068,386.7499567270279,215.2916897535324,425.0063146352768,206.66262340545654,405.87813568115234,206.66262340545654,425.0063146352768,0.32291034907102584,0.845579449335734,0.32291034907102584,0.8854298221568266,8.629066348075867,19.12817895412445,small_16_32
2026-08-12T15:26:52.556,592,far,6,0.3019951581954956,191.98431515693665,177.45154452323914,202.137549161911,218.60954117774963,383.9686303138733,354.90308904647827,404.275098323822,437.21908235549927,394.12186431884766,396.06108570098877,394.12186431884766,437.21908235549927,0.6158154129981994,0.82512726187706,0.6158154129981994,0.9108730882406235,10.153234004974365,41.1579966545105,regular_ge32
2026-08-12T15:26:52.556,592,far,7,0.24242530763149261,55.107425928115845,203.04850715398788,64.93631529808044,224.0229793190956,110.21485185623169,406.09701430797577,129.8726305961609,448.0459586381912,120.04374122619629,427.0714864730835,120.04374122619629,448.0459586381912,0.1875683456659317,0.8897322634855906,0.1875683456659317,0.9334290804962317,9.8288893699646,20.974472165107727,small_16_32
2026-08-12T15:26:52.556,592,far,8,0.23032912611961365,45.903404235839844,191.2871794104576,56.05663824081421,211.62897926568985,91.80680847167969,382.5743588209152,112.11327648162842,423.2579585313797,101.96004247665405,402.91615867614746,101.96004247665405,423.2579585313797,0.15931256636977195,0.8394086639086406,0.15931256636977195,0.881787413607041,10.153234004974365,20.34179985523224,small_16_32
2026-08-12T15:26:52.662,593,far,1,0.4251631200313568,116.25148129463196,191.21114438772202,126.40471529960632,214.89746576547623,232.50296258926392,382.42228877544403,252.80943059921265,429.79493153095245,242.65619659423828,406.10861015319824,242.65619659423828,429.79493153095245,0.3791503071784973,0.8460596044858296,0.3791503071784973,0.8954061073561509,10.153234004974365,23.68632137775421,small_16_32
2026-08-12T15:26:52.662,593,far,2,0.3690716028213501,130.6265606880188,189.92515474557877,138.97865915298462,208.47163766622543,261.2531213760376,379.85030949115753,277.95731830596924,416.94327533245087,269.6052198410034,398.3967924118042,269.6052198410034,416.94327533245087,0.42125815600156785,0.829993317524592,0.42125815600156785,0.8686318236092726,8.35209846496582,18.546482920646667,small_16_32
2026-08-12T15:26:52.662,593,far,3,0.3384403884410858,144.3236813545227,189.86875194311142,152.67577981948853,209.59524589776993,288.6473627090454,379.73750388622284,305.35155963897705,419.19049179553986,296.99946117401123,399.46399784088135,296.99946117401123,419.19049179553986,0.46406165808439254,0.8322166621685028,0.46406165808439254,0.8733135245740413,8.35209846496582,19.72649395465851,small_16_32
2026-08-12T15:26:52.662,593,far,4,0.31630825996398926,99.01677852869034,193.25831347703934,107.6458448767662,212.3864924311638,198.03355705738068,386.5166269540787,215.2916897535324,424.7729848623276,206.66262340545654,405.6448059082031,206.66262340545654,424.7729848623276,0.32291034907102584,0.8450933456420898,0.32291034907102584,0.8849437184631824,8.629066348075867,19.12817895412445,small_16_32
2026-08-12T15:26:52.662,593,far,5,0.31630825996398926,191.7571849822998,175.18558394908905,203.3143014907837,219.88590252399445,383.5143699645996,350.3711678981781,406.6286029815674,439.7718050479889,395.0714864730835,395.0714864730835,395.0714864730835,439.7718050479889,0.6172991976141929,0.823065596818924,0.6172991976141929,0.9161912605166436,11.557116508483887,44.700318574905396,regular_ge32
2026-08-12T15:26:52.662,593,far,6,0.28123316168785095,160.11463099718094,221.10638213157654,169.32466858625412,237.48491597175598,320.2292619943619,442.2127642631531,338.64933717250824,474.96983194351196,329.43929958343506,458.5912981033325,329.43929958343506,474.96983194351196,0.5147489055991172,0.955398537715276,0.5147489055991172,0.9895204832156499,9.210037589073181,16.378533840179443,small_16_32
2026-08-12T15:26:52.662,593,far,7,0.2363237887620926,45.65564668178558,191.10003465414047,56.143566727638245,212.0745068192482,91.31129336357117,382.20006930828094,112.28713345527649,424.1490136384964,101.79921340942383,403.1745414733887,101.79921340942383,424.1490136384964,0.15906127095222472,0.839946961402893,0.15906127095222472,0.8836437784135341,10.487920045852661,20.974472165107727,small_16_32
2026-08-12T15:26:52.662,593,far,8,0.23032912611961365,55.06088089942932,202.9278101325035,64.57546782493591,223.90228229761124,110.12176179885864,405.855620265007,129.15093564987183,447.8045645952225,119.63634872436523,426.83009243011475,119.63634872436523,447.8045645952225,0.18693179488182068,0.8892293592294057,0.18693179488182068,0.9329261762400468,9.514586925506592,20.974472165107727,small_16_32
2026-08-12T15:26:52.782,594,far,1,0.45820698142051697,116.17064440250397,191.09590715169907,127.0038970708847,214.78222852945328,232.34128880500793,382.19181430339813,254.0077941417694,429.56445705890656,243.17454147338867,405.87813568115234,243.17454147338867,429.56445705890656,0.3799602210521698,0.845579449335734,0.3799602210521698,0.8949259522060553,10.833252668380737,23.68632137775421,small_16_32
2026-08-12T15:26:52.782,594,far,2,0.37690892815589905,130.49585342407227,189.92515474557877,138.8479518890381,208.47163766622543,260.99170684814453,379.85030949115753,277.6959037780762,416.94327533245087,269.34380531311035,398.3967924118042,269.34380531311035,416.94327533245087,0.4208496958017349,0.829993317524592,0.4208496958017349,0.8686318236092726,8.35209846496582,18.546482920646667,small_16_32
2026-08-12T15:26:52.782,594,far,3,0.34598395228385925,99.27452099323273,192.84110444784164,108.18947684764862,212.56759840250015,198.54904198646545,385.6822088956833,216.37895369529724,425.1351968050003,207.46399784088135,405.4087028503418,207.46399784088135,425.1351968050003,0.3241624966263771,0.8446014642715454,0.3241624966263771,0.8856983266770839,8.914955854415894,19.72649395465851,small_16_32
2026-08-12T15:26:52.782,594,far,4,0.3384403884410858,191.51709079742432,175.66799592971802,203.0742073059082,219.16209650039673,383.03418159484863,351.33599185943604,406.1484146118164,438.32419300079346,394.5912981033325,394.83009243011475,394.5912981033325,438.32419300079346,0.6165489032864571,0.8225626925627391,0.6165489032864571,0.9131754020849864,11.557116508483887,43.49410057067871,regular_ge32
2026-08-12T15:26:52.782,594,far,5,0.33097806572914124,144.21609210968018,189.33514922857285,152.568190574646,209.06164318323135,288.43218421936035,378.6702984571457,305.136381149292,418.1232863664627,296.7842826843262,398.3967924118042,296.7842826843262,418.1232863664627,0.46372544169425967,0.829993317524592,0.46372544169425967,0.8710901799301306,8.35209846496582,19.72649395465851,small_16_32
2026-08-12T15:26:52.782,594,far,6,0.31630825996398926,159.6348478794098,221.20898216962814,169.14943480491638,238.1064036488533,319.2696957588196,442.4179643392563,338.29886960983276,476.2128072977066,328.7842826843262,459.31538581848145,328.7842826843262,476.2128072977066,0.5137254416942596,0.956907053788503,0.5137254416942596,0.9921100152035555,9.514586925506592,16.89742147922516,small_16_32
2026-08-12T15:26:52.782,594,far,7,0.2363237887620926,45.75407361984253,192.0231812596321,55.58296298980713,211.15136021375656,91.50814723968506,384.0463625192642,111.16592597961426,422.3027204275131,101.33703660964966,403.1745414733887,101.33703660964966,422.3027204275131,0.15833911970257758,0.839946961402893,0.15833911970257758,0.8797973342239856,9.8288893699646,19.12817895412445,small_16_32
2026-08-12T15:26:52.782,594,far,8,0.218662291765213,54.956541299819946,202.85640281438828,64.47112822532654,222.58289676904678,109.91308259963989,405.71280562877655,128.94225645065308,445.16579353809357,119.42766952514648,425.43929958343506,119.42766952514648,445.16579353809357,0.1866057336330414,0.8863318741321564,0.1866057336330414,0.927428736537695,9.514586925506592,19.72649395465851,small_16_32
2026-08-12T15:26:52.886,595,far,1,0.4748867154121399,116.04145300388336,191.21114438772202,126.8747056722641,214.89746576547623,232.08290600776672,382.42228877544403,253.7494113445282,429.79493153095245,242.91615867614746,406.10861015319824,242.91615867614746,429.79493153095245,0.3795564979314804,0.8460596044858296,0.3795564979314804,0.8954061073561509,10.833252668380737,23.68632137775421,small_16_32
2026-08-12T15:26:52.886,595,far,2,0.40887001156806946,130.88987731933594,189.50183707475662,139.24197578430176,208.63001602888107,261.7797546386719,379.00367414951324,278.4839515686035,417.26003205776215,270.1318531036377,398.1318531036377,270.1318531036377,417.26003205776215,0.4220810204744339,0.8294413606325786,0.4220810204744339,0.8692917334536712,8.35209846496582,19.12817895412445,small_16_32
2026-08-12T15:26:52.886,595,far,3,0.39277467131614685,144.3236813545227,189.2026795744896,152.67577981948853,208.9291735291481,288.6473627090454,378.4053591489792,305.35155963897705,417.8583470582962,296.99946117401123,398.1318531036377,296.99946117401123,417.8583470582962,0.46406165808439254,0.8294413606325786,0.46406165808439254,0.8705382230381171,8.35209846496582,19.72649395465851,small_16_32
2026-08-12T15:26:52.886,595,far,4,0.35360580682754517,98.87383377552032,193.30483049154282,107.78878962993622,213.03132444620132,197.74766755104065,386.60966098308563,215.57757925987244,426.06264889240265,206.66262340545654,406.33615493774414,206.66262340545654,426.06264889240265,0.32291034907102584,0.8465336561203003,0.32291034907102584,0.8876305185258389,8.914955854415894,19.72649395465851,small_16_32
2026-08-12T15:26:52.886,595,far,5,0.34598395228385925,159.22083592414856,221.5818321108818,168.73542284965515,238.47925359010696,318.4416718482971,443.1636642217636,337.4708456993103,476.9585071802139,327.9562587738037,460.06108570098877,327.9562587738037,476.9585071802139,0.5124316543340683,0.9584605952103933,0.5124316543340683,0.9936635566254457,9.514586925506592,16.89742147922516,small_16_32
2026-08-12T15:26:52.886,595,far,6,0.33097806572914124,191.998419880867,175.7886929512024,202.83167254924774,219.2827935218811,383.996839761734,351.5773859024048,405.6633450984955,438.5655870437622,394.83009243011475,395.0714864730835,394.83009243011475,438.5655870437622,0.6169220194220543,0.823065596818924,0.6169220194220543,0.9136783063411713,10.833252668380737,43.49410057067871,regular_ge32
2026-08-12T15:26:52.886,595,far,7,0.24863308668136597,55.416851818561554,203.73155957460403,64.62688940763474,222.85973852872849,110.83370363712311,407.46311914920807,129.25377881526947,445.71947705745697,120.04374122619629,426.5912981033325,120.04374122619629,445.71947705745697,0.1875683456659317,0.8887318710486094,0.1875683456659317,0.928582243869702,9.210037589073181,19.12817895412445,small_16_32
2026-08-12T15:26:52.886,595,far,8,0.2363237887620926,45.906447410583496,193.37912076711655,55.735336780548096,210.81058794260025,91.81289482116699,386.7582415342331,111.47067356109619,421.6211758852005,101.64178419113159,404.1897087097168,101.64178419113159,421.6211758852005,0.15881528779864312,0.8420618931452434,0.15881528779864312,0.8783774497608344,9.8288893699646,17.431467175483704,small_16_32
2026-08-12T15:26:52.999,596,far,1,0.43337342143058777,116.51065373420715,191.21114438772202,126.66388773918152,214.89746576547623,233.0213074684143,382.42228877544403,253.32777547836304,429.79493153095245,243.17454147338867,406.10861015319824,243.17454147338867,429.79493153095245,0.3799602210521698,0.8460596044858296,0.3799602210521698,0.8954061073561509,10.153234004974365,23.68632137775421,small_16_32
2026-08-12T15:26:52.999,596,far,2,0.400795578956604,130.7579255104065,190.16790944337845,139.11002397537231,209.2960883975029,261.515851020813,380.3358188867569,278.22004795074463,418.5921767950058,269.8679494857788,399.46399784088135,269.8679494857788,418.5921767950058,0.4216686710715294,0.8322166621685028,0.4216686710715294,0.8720670349895954,8.35209846496582,19.12817895412445,small_16_32
2026-08-12T15:26:52.999,596,far,3,0.3384403884410858,144.3236813545227,189.46806472539902,152.67577981948853,209.19455868005753,288.6473627090454,378.93612945079803,305.35155963897705,418.38911736011505,296.99946117401123,398.66262340545654,296.99946117401123,418.38911736011505,0.46406165808439254,0.8305471320947011,0.46406165808439254,0.8716439945002397,8.35209846496582,19.72649395465851,small_16_32
2026-08-12T15:26:52.999,596,far,4,0.33097806572914124,192.06292080879211,175.43054676055908,203.25246500968933,218.9246473312378,384.12584161758423,350.86109352111816,406.50493001937866,437.8492946624756,395.31538581848145,394.3551940917969,395.31538581848145,437.8492946624756,0.6176802903413773,0.8215733210245768,0.6176802903413773,0.9121860305468241,11.189544200897217,43.49410057067871,regular_ge32
2026-08-12T15:26:52.999,596,far,5,0.31630825996398926,98.75139337778091,192.84110444784164,107.38045972585678,212.56759840250015,197.50278675556183,385.6822088956833,214.76091945171356,425.1351968050003,206.1318531036377,405.4087028503418,206.1318531036377,425.1351968050003,0.3220810204744339,0.8446014642715454,0.3220810204744339,0.8856983266770839,8.629066348075867,19.72649395465851,small_16_32
2026-08-12T15:26:52.999,596,far,6,0.30910593271255493,159.6348478794098,221.10638213157654,169.14943480491638,237.48491597175598,319.2696957588196,442.2127642631531,338.29886960983276,474.96983194351196,328.7842826843262,458.5912981033325,328.7842826843262,474.96983194351196,0.5137254416942596,0.955398537715276,0.5137254416942596,0.9895204832156499,9.514586925506592,16.378533840179443,small_16_32
2026-08-12T15:26:52.999,596,far,7,0.23032912611961365,45.66724944114685,192.10621064901352,55.820483446121216,211.83270460367203,91.3344988822937,384.21242129802704,111.64096689224243,423.66540920734406,101.48773288726807,403.93891525268555,101.48773288726807,423.66540920734406,0.15857458263635635,0.8415394067764282,0.15857458263635635,0.8826362691819668,10.153234004974365,19.72649395465851,small_16_32
2026-08-12T15:26:52.999,596,far,8,0.22444185614585876,55.00283986330032,203.79444593191147,64.2128774523735,223.52093988656998,110.00567972660065,407.58889186382294,128.425754904747,447.04187977313995,119.21571731567383,427.31538581848145,119.21571731567383,447.04187977313995,0.18627455830574036,0.8902403871218364,0.18627455830574036,0.931337249527375,9.210037589073181,19.72649395465851,small_16_32
2026-08-12T15:26:53.105,597,empty,1,0.43337342143058777,116.2141193151474,190.61667555570602,126.70203936100006,215.0281303524971,232.4282386302948,381.23335111141205,253.40407872200012,430.0562607049942,242.91615867614746,405.6448059082031,242.91615867614746,430.0562607049942,0.3795564979314804,0.8450933456420898,0.3795564979314804,0.8959505431354046,10.487920045852661,24.411454796791077,small_16_32
2026-08-12T15:26:53.105,597,empty,2,0.400795578956604,131.42213821411133,189.86875194311142,139.77423667907715,209.59524589776993,262.84427642822266,379.73750388622284,279.5484733581543,419.19049179553986,271.1963748931885,399.46399784088135,271.1963748931885,419.19049179553986,0.423744335770607,0.8322166621685028,0.423744335770607,0.8733135245740413,8.35209846496582,19.72649395465851,small_16_32
2026-08-12T15:26:53.105,597,empty,3,0.3690716028213501,159.74243712425232,221.45643490552902,169.2570240497589,238.35385638475418,319.48487424850464,442.91286981105804,338.5140480995178,476.70771276950836,328.99946117401123,459.8102912902832,328.99946117401123,476.70771276950836,0.5140616580843925,0.9579381068547567,0.5140616580843925,0.9931410682698091,9.514586925506592,16.89742147922516,small_16_32
2026-08-12T15:26:53.105,597,empty,4,0.34598395228385925,144.76964569091797,189.46806472539902,153.1217441558838,209.19455868005753,289.53929138183594,378.93612945079803,306.2434883117676,418.38911736011505,297.89138984680176,398.66262340545654,297.89138984680176,418.38911736011505,0.46545529663562774,0.8305471320947011,0.46545529663562774,0.8716439945002397,8.35209846496582,19.72649395465851,small_16_32
2026-08-12T15:26:53.105,597,empty,5,0.34598395228385925,191.7571849822998,175.5485987663269,203.3143014907837,219.04269933700562,383.5143699645996,351.0971975326538,406.6286029815674,438.08539867401123,395.0714864730835,394.5912981033325,395.0714864730835,438.08539867401123,0.6172991976141929,0.8220652043819427,0.6172991976141929,0.9126779139041901,11.557116508483887,43.49410057067871,regular_ge32
2026-08-12T15:26:53.105,597,empty,6,0.32359981536865234,99.27452099323273,193.63702195882797,108.18947684764862,213.36351591348648,198.54904198646545,387.27404391765594,216.37895369529724,426.72703182697296,207.46399784088135,407.00053787231445,207.46399784088135,426.72703182697296,0.3241624966263771,0.8479177872339885,0.3241624966263771,0.889014649639527,8.914955854415894,19.72649395465851,small_16_32
2026-08-12T15:26:53.105,597,empty,7,0.28123316168785095,54.79939007759094,203.36484330892563,64.62827944755554,223.70664316415787,109.59878015518188,406.72968661785126,129.25655889511108,447.41328632831573,119.42766952514648,427.0714864730835,119.42766952514648,447.41328632831573,0.1866057336330414,0.8897322634855906,0.1866057336330414,0.9321110131839911,9.8288893699646,20.34179985523224,small_16_32
2026-08-12T15:26:53.105,597,empty,8,0.2613641023635864,46.30485129356384,192.53345149755478,55.819438219070435,212.87525135278702,92.60970258712769,385.06690299510956,111.63887643814087,425.75050270557404,102.12428951263428,405.4087028503418,102.12428951263428,425.75050270557404,0.15956920236349106,0.8446014642715454,0.15956920236349106,0.8869802139699459,9.514586925506592,20.34179985523224,small_16_32
2026-08-12T15:26:53.219,598,empty,1,0.4169939160346985,116.47164571285248,190.61667555570602,126.95956575870514,215.0281303524971,232.94329142570496,381.23335111141205,253.91913151741028,430.0562607049942,243.43121147155762,405.6448059082031,243.43121147155762,430.0562607049942,0.3803612679243088,0.8450933456420898,0.3803612679243088,0.8959505431354046,10.487920045852661,24.411454796791077,small_16_32
2026-08-12T15:26:53.219,598,empty,2,0.37690892815589905,131.15526247024536,189.50183707475662,139.50736093521118,208.63001602888107,262.3105249404907,379.00367414951324,279.01472187042236,417.26003205776215,270.66262340545654,398.1318531036377,270.66262340545654,417.26003205776215,0.42291034907102587,0.8294413606325786,0.42291034907102587,0.8692917334536712,8.35209846496582,19.12817895412445,small_16_32
2026-08-12T15:26:53.219,598,empty,3,0.36130279302597046,145.2537540793419,189.90051013231277,153.33754402399063,209.02868908643723,290.5075081586838,379.80102026462555,306.67508804798126,418.05737817287445,298.5912981033325,398.92919921875,298.5912981033325,418.05737817287445,0.46654890328645704,0.8311024983723958,0.46654890328645704,0.8709528711934884,8.083789944648743,19.12817895412445,small_16_32
2026-08-12T15:26:53.219,598,empty,4,0.34598395228385925,191.94097113609314,175.43054676055908,203.13051533699036,218.9246473312378,383.8819422721863,350.86109352111816,406.2610306739807,437.8492946624756,395.0714864730835,394.3551940917969,395.0714864730835,437.8492946624756,0.6172991976141929,0.8215733210245768,0.6172991976141929,0.9121860305468241,11.189544200897217,43.49410057067871,regular_ge32
2026-08-12T15:26:53.219,598,empty,5,0.33097806572914124,159.37172055244446,220.94195932149887,169.20060992240906,238.37342649698257,318.7434411048889,441.88391864299774,338.4012198448181,476.74685299396515,328.5723304748535,459.31538581848145,328.5723304748535,476.74685299396515,0.5133942663669586,0.956907053788503,0.5133942663669586,0.9932226104040941,9.8288893699646,17.431467175483704,small_16_32
2026-08-12T15:26:53.219,598,empty,6,0.3019951581954956,99.40848410129547,193.41710370779037,108.32343995571136,213.14359766244888,198.81696820259094,386.83420741558075,216.64687991142273,426.28719532489777,207.73192405700684,406.56070137023926,207.73192405700684,426.28719532489777,0.3245811313390732,0.8470014611879985,0.3245811313390732,0.888098323593537,8.914955854415894,19.72649395465851,small_16_32
2026-08-12T15:26:53.219,598,empty,7,0.2613641023635864,54.297011613845825,203.1555603146553,63.81159853935242,222.28373926877975,108.59402322769165,406.3111206293106,127.62319707870483,444.5674785375595,118.10861015319824,425.43929958343506,118.10861015319824,444.5674785375595,0.18454470336437226,0.8863318741321564,0.18454470336437226,0.926182246953249,9.514586925506592,19.12817895412445,small_16_32
2026-08-12T15:26:53.219,598,empty,8,0.2549463212490082,46.29458791017532,192.10621064901352,55.504625499248505,211.83270460367203,92.58917582035065,384.21242129802704,111.00925099849701,423.66540920734406,101.79921340942383,403.93891525268555,101.79921340942383,423.66540920734406,0.15906127095222472,0.8415394067764282,0.15906127095222472,0.8826362691819668,9.210037589073181,19.72649395465851,small_16_32
2026-08-12T15:26:53.326,599,empty,1,0.4169939160346985,115.69011342525482,191.0746232867241,126.17803347110748,215.48607808351517,231.38022685050964,382.1492465734482,252.35606694221497,430.97215616703033,241.8681468963623,406.56070137023926,241.8681468963623,430.97215616703033,0.3779189795255661,0.8470014611879985,0.3779189795255661,0.8978586586813132,10.487920045852661,24.411454796791077,small_16_32
2026-08-12T15:26:53.326,599,empty,2,0.35360580682754517,131.2894167304039,189.42221319675446,139.37320667505264,207.40324532985687,262.5788334608078,378.8444263935089,278.7464133501053,414.80649065971375,270.66262340545654,396.8254585266113,270.66262340545654,414.80649065971375,0.42291034907102587,0.8267197052637736,0.42291034907102587,0.8641801888744036,8.083789944648743,17.981032133102417,small_16_32
2026-08-12T15:26:53.326,599,empty,3,0.31630825996398926,144.79002755880356,189.10781317949295,152.8738175034523,208.2359921336174,289.5800551176071,378.2156263589859,305.7476350069046,416.4719842672348,297.66384506225586,397.34380531311035,297.66384506225586,416.4719842672348,0.46509975790977476,0.8277995944023132,0.46509975790977476,0.8676499672234058,8.083789944648743,19.12817895412445,small_16_32
2026-08-12T15:26:53.326,599,empty,4,0.2949781119823456,191.998419880867,176.28349256515503,202.83167254924774,219.77759313583374,383.996839761734,352.56698513031006,405.6633450984955,439.5551862716675,394.83009243011475,396.06108570098877,394.83009243011475,439.5551862716675,0.6169220194220543,0.82512726187706,0.6169220194220543,0.9157399713993073,10.833252668380737,43.49410057067871,regular_ge32
2026-08-12T15:26:53.326,599,empty,5,0.2949781119823456,159.7871225476265,221.5915777683258,168.99716013669968,237.97011160850525,319.574245095253,443.1831555366516,337.99432027339935,475.9402232170105,328.7842826843262,459.56168937683105,328.7842826843262,475.9402232170105,0.5137254416942596,0.9574201862017314,0.5137254416942596,0.9915421317021053,9.210037589073181,16.378533840179443,small_16_32
2026-08-12T15:26:53.326,599,empty,6,0.2880568504333496,99.41746574640274,193.60398799180984,108.04653209447861,212.7321669459343,198.83493149280548,387.2079759836197,216.09306418895721,425.4643338918686,207.46399784088135,406.33615493774414,207.46399784088135,425.4643338918686,0.3241624966263771,0.8465336561203003,0.3241624966263771,0.8863840289413929,8.629066348075867,19.12817895412445,small_16_32
2026-08-12T15:26:53.326,599,empty,7,0.2549463212490082,54.410784006118774,203.432402074337,63.925370931625366,223.1588960289955,108.82156801223755,406.864804148674,127.85074186325073,446.317792057991,118.33615493774414,426.5912981033325,118.33615493774414,446.317792057991,0.1849002420902252,0.8887318710486094,0.1849002420902252,0.929828733454148,9.514586925506592,19.72649395465851,small_16_32
2026-08-12T15:26:53.326,599,empty,8,0.24242530763149261,46.06936740875244,191.3557853102684,56.22260141372681,212.33025747537613,92.13873481750488,382.7115706205368,112.44520282745361,424.66051495075226,102.29196882247925,403.68604278564453,102.29196882247925,424.66051495075226,0.15983120128512382,0.8410125891367595,0.15983120128512382,0.8847094061474006,10.153234004974365,20.974472165107727,small_16_32
2026-08-12T15:26:53.446,600,empty,1,0.4498997628688812,116.17064440250397,190.96235007047653,127.0038970708847,215.3738048672676,232.34128880500793,381.92470014095306,254.0077941417694,430.7476097345352,243.17454147338867,406.33615493774414,243.17454147338867,430.7476097345352,0.3799602210521698,0.8465336561203003,0.3799602210521698,0.897390853613615,10.833252668380737,24.411454796791077,small_16_32
2026-08-12T15:26:53.446,600,empty,2,0.37690892815589905,130.88987731933594,189.7926850914955,139.24197578430176,208.33916801214218,261.7797546386719,379.585370182991,278.4839515686035,416.67833602428436,270.1318531036377,398.1318531036377,270.1318531036377,416.67833602428436,0.4220810204744339,0.8294413606325786,0.4220810204744339,0.8680798667172591,8.35209846496582,18.546482920646667,small_16_32
2026-08-12T15:26:53.446,600,empty,3,0.35360580682754517,144.65587329864502,189.46806472539902,153.00797176361084,209.19455868005753,289.31174659729004,378.93612945079803,306.0159435272217,418.38911736011505,297.66384506225586,398.66262340545654,297.66384506225586,418.38911736011505,0.46509975790977476,0.8305471320947011,0.46509975790977476,0.8716439945002397,8.35209846496582,19.72649395465851,small_16_32
2026-08-12T15:26:53.446,600,empty,4,0.35360580682754517,159.74243712425232,221.20898216962814,169.2570240497589,238.1064036488533,319.48487424850464,442.4179643392563,338.5140480995178,476.2128072977066,328.99946117401123,459.31538581848145,328.99946117401123,476.2128072977066,0.5140616580843925,0.956907053788503,0.5140616580843925,0.9921100152035555,9.514586925506592,16.89742147922516,small_16_32
2026-08-12T15:26:53.446,600,empty,5,0.3384403884410858,99.01677852869034,193.14026194810867,107.6458448767662,212.26844090223312,198.03355705738068,386.28052389621735,215.2916897535324,424.53688180446625,206.66262340545654,405.4087028503418,206.66262340545654,424.53688180446625,0.32291034907102584,0.8446014642715454,0.32291034907102584,0.884451837092638,8.629066348075867,19.12817895412445,small_16_32
2026-08-12T15:26:53.446,600,empty,6,0.31630825996398926,191.998419880867,176.1389583349228,202.83167254924774,218.45233976840973,383.996839761734,352.2779166698456,405.6633450984955,436.90467953681946,394.83009243011475,394.5912981033325,394.83009243011475,436.90467953681946,0.6169220194220543,0.8220652043819427,0.6169220194220543,0.9102180823683739,10.833252668380737,42.31338143348694,regular_ge32
2026-08-12T15:26:53.446,600,empty,7,0.2363237887620926,45.66724944114685,192.10621064901352,55.820483446121216,211.83270460367203,91.3344988822937,384.21242129802704,111.64096689224243,423.66540920734406,101.48773288726807,403.93891525268555,101.48773288726807,423.66540920734406,0.15857458263635635,0.8415394067764282,0.15857458263635635,0.8826362691819668,10.153234004974365,19.72649395465851,small_16_32
2026-08-12T15:26:53.446,600,empty,8,0.22444185614585876,54.895250141620636,202.72207576036453,64.10528773069382,221.85025471448898,109.79050028324127,405.44415152072906,128.21057546138763,443.70050942897797,119.00053787231445,424.5723304748535,119.00053787231445,443.70050942897797,0.18593834042549134,0.8845256884892782,0.18593834042549134,0.9243760613103708,9.210037589073181,19.12817895412445,small_16_32
2026-08-12T15:26:53.554,601,empty,1,0.4498997628688812,115.78076422214508,191.18536394834518,126.61401689052582,215.59681874513626,231.56152844429016,382.37072789669037,253.22803378105164,431.1936374902725,242.3947811126709,406.78218269348145,242.3947811126709,431.1936374902725,0.3787418454885483,0.8474628806114197,0.3787418454885483,0.8983200781047345,10.833252668380737,24.411454796791077,small_16_32
2026-08-12T15:26:53.554,601,empty,2,0.3848111629486084,130.61944156885147,189.63430672883987,139.24850791692734,208.76248568296432,261.23888313770294,379.26861345767975,278.4970158338547,417.52497136592865,269.8679494857788,398.3967924118042,269.8679494857788,417.52497136592865,0.4216686710715294,0.829993317524592,0.4216686710715294,0.8698436903456847,8.629066348075867,19.12817895412445,small_16_32
2026-08-12T15:26:53.554,601,empty,3,0.3848111629486084,145.00154781341553,189.56109899282455,153.35364627838135,209.9028988480568,290.00309562683105,379.1221979856491,306.7072925567627,419.8057976961136,298.3551940917969,399.46399784088135,298.3551940917969,419.8057976961136,0.46617999076843264,0.8322166621685028,0.46617999076843264,0.8745954118669033,8.35209846496582,20.34179985523224,small_16_32
2026-08-12T15:26:53.554,601,empty,4,0.35360580682754517,159.4776966571808,220.42453014850616,169.30658602714539,238.40556228160858,318.9553933143616,440.84906029701233,338.61317205429077,476.81112456321716,328.7842826843262,458.83009243011475,328.7842826843262,476.81112456321716,0.5137254416942596,0.9558960258960724,0.5137254416942596,0.9933565095067024,9.8288893699646,17.981032133102417,small_16_32
2026-08-12T15:26:53.554,601,empty,5,0.3384403884410858,191.82027411460876,175.66799592971802,203.00981831550598,219.16209650039673,383.64054822921753,351.33599185943604,406.01963663101196,438.32419300079346,394.83009243011475,394.83009243011475,394.83009243011475,438.32419300079346,0.6169220194220543,0.8225626925627391,0.6169220194220543,0.9131754020849864,11.189544200897217,43.49410057067871,regular_ge32
2026-08-12T15:26:53.554,601,empty,6,0.32359981536865234,99.14070951938629,193.60398799180984,108.05566537380219,212.7321669459343,198.28141903877258,387.2079759836197,216.11133074760437,425.4643338918686,207.19637489318848,406.33615493774414,207.19637489318848,425.4643338918686,0.323744335770607,0.8465336561203003,0.323744335770607,0.8863840289413929,8.914955854415894,19.12817895412445,small_16_32
2026-08-12T15:26:53.554,601,empty,7,0.24242530763149261,45.985162019729614,192.15151625871658,55.814051389694214,211.27969521284103,91.97032403945923,384.30303251743317,111.62810277938843,422.55939042568207,101.79921340942383,403.4312114715576,101.79921340942383,422.55939042568207,0.15906127095222472,0.8404816905657451,0.15906127095222472,0.8803320633868377,9.8288893699646,19.12817895412445,small_16_32
2026-08-12T15:26:53.554,601,empty,8,0.23032912611961365,54.74297547340393,203.08244794607162,64.25756239891052,222.80894190073013,109.48595094680786,406.16489589214325,128.51512479782104,445.61788380146027,119.00053787231445,425.89138984680176,119.00053787231445,445.61788380146027,0.18593834042549134,0.8872737288475037,0.18593834042549134,0.9283705912530422,9.514586925506592,19.72649395465851,small_16_32
2026-08-12T15:26:53.674,602,empty,1,0.441620409488678,116.59906136989594,191.21114438772202,127.0869814157486,214.89746576547623,233.19812273979187,382.42228877544403,254.1739628314972,429.79493153095245,243.68604278564453,406.10861015319824,243.68604278564453,429.79493153095245,0.3807594418525696,0.8460596044858296,0.3807594418525696,0.8954061073561509,10.487920045852661,23.68632137775421,small_16_32
2026-08-12T15:26:53.674,602,empty,2,0.39277467131614685,130.88987731933594,189.39866119623184,139.24197578430176,207.9451441168785,261.7797546386719,378.7973223924637,278.4839515686035,415.890288233757,270.1318531036377,397.34380531311035,270.1318531036377,415.890288233757,0.4220810204744339,0.8277995944023132,0.4220810204744339,0.8664381004869938,8.35209846496582,18.546482920646667,small_16_32
2026-08-12T15:26:53.674,602,empty,3,0.33097806572914124,145.11959981918335,189.02749627828598,153.47169828414917,209.36929613351822,290.2391996383667,378.05499255657196,306.94339656829834,418.73859226703644,298.5912981033325,398.3967924118042,298.5912981033325,418.73859226703644,0.46654890328645704,0.829993317524592,0.46654890328645704,0.8723720672229925,8.35209846496582,20.34179985523224,small_16_32
2026-08-12T15:26:53.674,602,empty,4,0.31630825996398926,99.01677852869034,193.06906563043594,107.6458448767662,211.6155485510826,198.03355705738068,386.1381312608719,215.2916897535324,423.2310971021652,206.66262340545654,404.68461418151855,206.66262340545654,423.2310971021652,0.32291034907102584,0.843092946211497,0.32291034907102584,0.8817314522961776,8.629066348075867,18.546482920646667,small_16_32
2026-08-12T15:26:53.674,602,empty,5,0.31630825996398926,159.7871225476265,221.08703249692917,168.99716013669968,237.98445397615433,319.574245095253,442.17406499385834,337.99432027339935,475.96890795230865,328.7842826843262,459.0714864730835,328.7842826843262,475.96890795230865,0.5137254416942596,0.9563989301522573,0.5137254416942596,0.9916018915673097,9.210037589073181,16.89742147922516,small_16_32
2026-08-12T15:26:53.674,602,empty,6,0.3019951581954956,192.70422768592834,176.62415397167206,202.8574616909027,218.937535405159,385.4084553718567,353.2483079433441,405.7149233818054,437.875070810318,395.56168937683105,395.56168937683105,395.56168937683105,437.875070810318,0.6180651396512985,0.824086852868398,0.6180651396512985,0.9122397308548291,10.153234004974365,42.31338143348694,regular_ge32
2026-08-12T15:26:53.674,602,empty,7,0.23032912611961365,45.22611999511719,191.2871794104576,56.415664196014404,211.62897926568985,90.45223999023438,382.5743588209152,112.83132839202881,423.2579585313797,101.64178419113159,402.91615867614746,101.64178419113159,423.2579585313797,0.15881528779864312,0.8394086639086406,0.15881528779864312,0.881787413607041,11.189544200897217,20.34179985523224,small_16_32
2026-08-12T15:26:53.674,602,empty,8,0.218662291765213,55.00283986330032,203.19768518209457,64.2128774523735,222.92417913675308,110.00567972660065,406.39537036418915,128.425754904747,445.84835827350616,119.21571731567383,426.12186431884766,119.21571731567383,445.84835827350616,0.18627455830574036,0.8877538839975992,0.18627455830574036,0.9288507464031378,9.210037589073181,19.72649395465851,small_16_32
2026-08-12T15:26:53.782,603,empty,1,0.45820698142051697,116.59906136989594,191.54793065786362,127.0869814157486,215.23425203561783,233.19812273979187,383.09586131572723,254.1739628314972,430.46850407123566,243.68604278564453,406.78218269348145,243.68604278564453,430.46850407123566,0.3807594418525696,0.8474628806114197,0.3807594418525696,0.896809383481741,10.487920045852661,23.68632137775421,small_16_32
2026-08-12T15:26:53.782,603,empty,2,0.40887001156806946,130.3658709526062,190.16790944337845,138.71796941757202,209.2960883975029,260.7317419052124,380.3358188867569,277.43593883514404,418.5921767950058,269.0838403701782,399.46399784088135,269.0838403701782,418.5921767950058,0.42044350057840346,0.8322166621685028,0.42044350057840346,0.8720670349895954,8.35209846496582,19.12817895412445,small_16_32
2026-08-12T15:26:53.782,603,empty,3,0.36130279302597046,144.21609210968018,189.33514922857285,152.568190574646,209.06164318323135,288.43218421936035,378.6702984571457,305.136381149292,418.1232863664627,296.7842826843262,398.3967924118042,296.7842826843262,418.1232863664627,0.46372544169425967,0.829993317524592,0.46372544169425967,0.8710901799301306,8.35209846496582,19.72649395465851,small_16_32
2026-08-12T15:26:53.782,603,empty,4,0.34598395228385925,191.4939807653427,174.48176324367523,203.82140505313873,219.18208181858063,382.9879615306854,348.96352648735046,407.64281010627747,438.36416363716125,395.31538581848145,393.66384506225586,395.31538581848145,438.36416363716125,0.6176802903413773,0.8201330105463663,0.6176802903413773,0.9132586742440859,12.32742428779602,44.700318574905396,regular_ge32
2026-08-12T15:26:53.782,603,empty,5,0.3384403884410858,98.6084486246109,193.07582086324692,107.5234044790268,212.80231481790543,197.2168972492218,386.15164172649384,215.0468089580536,425.60462963581085,206.1318531036377,405.87813568115234,206.1318531036377,425.60462963581085,0.3220810204744339,0.845579449335734,0.3220810204744339,0.8866763117412726,8.914955854415894,19.72649395465851,small_16_32
2026-08-12T15:26:53.782,603,empty,6,0.32359981536865234,159.74243712425232,221.08703249692917,169.2570240497589,237.98445397615433,319.48487424850464,442.17406499385834,338.5140480995178,475.96890795230865,328.99946117401123,459.0714864730835,328.99946117401123,475.96890795230865,0.5140616580843925,0.9563989301522573,0.5140616580843925,0.9916018915673097,9.514586925506592,16.89742147922516,small_16_32
2026-08-12T15:26:53.782,603,empty,7,0.2363237887620926,54.63379788398743,202.74566262960434,64.14838480949402,222.47215658426285,109.26759576797485,405.4913252592087,128.29676961898804,444.9443131685257,118.78218269348145,425.2178192138672,118.78218269348145,444.9443131685257,0.18559716045856475,0.8858704566955566,0.18559716045856475,0.9269673191010952,9.514586925506592,19.72649395465851,small_16_32
2026-08-12T15:26:53.782,603,empty,8,0.23032912611961365,46.06557655334473,192.69621616601944,55.894465923309326,211.2426990866661,92.13115310668945,385.3924323320389,111.78893184661865,422.4853981733322,101.96004247665405,403.93891525268555,101.96004247665405,422.4853981733322,0.15931256636977195,0.8415394067764282,0.15931256636977195,0.8801779128611088,9.8288893699646,18.546482920646667,small_16_32
2026-08-12T15:26:53.893,604,empty,1,0.45820698142051697,116.17064440250397,190.73334044218063,127.0038970708847,215.1447952389717,232.34128880500793,381.46668088436127,254.0077941417694,430.2895904779434,243.17454147338867,405.87813568115234,243.17454147338867,430.2895904779434,0.3799602210521698,0.845579449335734,0.3799602210521698,0.8964366468290488,10.833252668380737,24.411454796791077,small_16_32
2026-08-12T15:26:53.893,604,empty,2,0.37690892815589905,130.48807674646378,189.63430672883987,139.11714309453964,208.76248568296432,260.97615349292755,379.26861345767975,278.2342861890793,417.52497136592865,269.6052198410034,398.3967924118042,269.6052198410034,417.52497136592865,0.42125815600156785,0.829993317524592,0.42125815600156785,0.8698436903456847,8.629066348075867,19.12817895412445,small_16_32
2026-08-12T15:26:53.893,604,empty,3,0.3384403884410858,144.54360055923462,189.02749627828598,152.89569902420044,209.36929613351822,289.08720111846924,378.05499255657196,305.7913980484009,418.73859226703644,297.43929958343506,398.3967924118042,297.43929958343506,418.73859226703644,0.4647489055991173,0.829993317524592,0.4647489055991173,0.8723720672229925,8.35209846496582,20.34179985523224,small_16_32
2026-08-12T15:26:53.893,604,empty,4,0.32359981536865234,99.14070951938629,193.02086478471756,108.05566537380219,212.149043738842,198.28141903877258,386.0417295694351,216.11133074760437,424.298087477684,207.19637489318848,405.16990852355957,207.19637489318848,424.298087477684,0.323744335770607,0.844103976090749,0.323744335770607,0.8839543489118417,8.914955854415894,19.12817895412445,small_16_32
2026-08-12T15:26:53.893,604,empty,5,0.3019951581954956,159.6348478794098,221.20898216962814,169.14943480491638,238.1064036488533,319.2696957588196,442.4179643392563,338.29886960983276,476.2128072977066,328.7842826843262,459.31538581848145,328.7842826843262,476.2128072977066,0.5137254416942596,0.956907053788503,0.5137254416942596,0.9921100152035555,9.514586925506592,16.89742147922516,small_16_32
2026-08-12T15:26:53.893,604,empty,6,0.2949781119823456,192.5058364868164,176.02090632915497,204.0629529953003,218.3342877626419,385.0116729736328,352.04181265830994,408.1259059906006,436.6685755252838,396.5687894821167,394.3551940917969,396.5687894821167,436.6685755252838,0.6196387335658073,0.8215733210245768,0.6196387335658073,0.9097261990110079,11.557116508483887,42.31338143348694,regular_ge32
2026-08-12T15:26:53.893,604,empty,7,0.24242530763149261,45.82942175865173,191.8939898610115,55.65831112861633,211.02216881513596,91.65884351730347,383.787979722023,111.31662225723267,422.0443376302719,101.48773288726807,402.91615867614746,101.48773288726807,422.0443376302719,0.15857458263635635,0.8394086639086406,0.15857458263635635,0.8792590367297332,9.8288893699646,19.12817895412445,small_16_32
2026-08-12T15:26:53.893,604,empty,8,0.23032912611961365,54.52305722236633,202.85640281438828,64.03764414787292,222.58289676904678,109.04611444473267,405.71280562877655,128.07528829574585,445.16579353809357,118.56070137023926,425.43929958343506,118.56070137023926,445.16579353809357,0.18525109589099883,0.8863318741321564,0.18525109589099883,0.927428736537695,9.514586925506592,19.72649395465851,small_16_32
2026-08-12T15:26:53.998,605,empty,1,0.43337342143058777,116.12077355384827,191.43718999624252,126.27400755882263,215.12351137399673,232.24154710769653,382.87437999248505,252.54801511764526,430.24702274799347,242.3947811126709,406.56070137023926,242.3947811126709,430.24702274799347,0.3787418454885483,0.8470014611879985,0.3787418454885483,0.8963479640583197,10.153234004974365,23.68632137775421,small_16_32
2026-08-12T15:26:53.998,605,empty,2,0.39277467131614685,131.2894167304039,189.90051013231277,139.37320667505264,209.02868908643723,262.5788334608078,379.80102026462555,278.7464133501053,418.05737817287445,270.66262340545654,398.92919921875,270.66262340545654,418.05737817287445,0.42291034907102587,0.8311024983723958,0.42291034907102587,0.8709528711934884,8.083789944648743,19.12817895412445,small_16_32
2026-08-12T15:26:53.998,605,empty,3,0.35360580682754517,144.3236813545227,189.33514922857285,152.67577981948853,209.06164318323135,288.6473627090454,378.6702984571457,305.35155963897705,418.1232863664627,296.99946117401123,398.3967924118042,296.99946117401123,418.1232863664627,0.46406165808439254,0.829993317524592,0.46406165808439254,0.8710901799301306,8.35209846496582,19.72649395465851,small_16_32
2026-08-12T15:26:53.998,605,empty,4,0.31630825996398926,99.2836542725563,193.66582638025284,107.91272062063217,212.2123093008995,198.5673085451126,387.3316527605057,215.82544124126434,424.424618601799,207.19637489318848,405.87813568115234,207.19637489318848,424.424618601799,0.323744335770607,0.845579449335734,0.323744335770607,0.8842179554204146,8.629066348075867,18.546482920646667,small_16_32
2026-08-12T15:26:53.998,605,empty,5,0.31630825996398926,159.8516161441803,220.69931262731552,169.3662030696869,238.13077980279922,319.7032322883606,441.39862525463104,338.7324061393738,476.26155960559845,329.2178192138672,458.83009243011475,329.2178192138672,476.26155960559845,0.5144028425216675,0.9558960258960724,0.5144028425216675,0.9922115825116634,9.514586925506592,17.431467175483704,small_16_32
2026-08-12T15:26:53.998,605,empty,6,0.2949781119823456,193.15541648864746,175.19864463806152,204.71253299713135,218.69274520874023,386.3108329772949,350.39728927612305,409.4250659942627,437.38549041748047,397.8679494857788,393.89138984680176,397.8679494857788,437.38549041748047,0.6216686710715293,0.820607062180837,0.6216686710715293,0.9112197717030843,11.557116508483887,43.49410057067871,regular_ge32
2026-08-12T15:26:53.998,605,empty,7,0.23032912611961365,45.906447410583496,192.0231812596321,55.735336780548096,211.15136021375656,91.81289482116699,384.0463625192642,111.47067356109619,422.3027204275131,101.64178419113159,403.1745414733887,101.64178419113159,422.3027204275131,0.15881528779864312,0.839946961402893,0.15881528779864312,0.8797973342239856,9.8288893699646,19.12817895412445,small_16_32
2026-08-12T15:26:53.998,605,empty,8,0.23032912611961365,55.36390137672424,204.29373162984848,64.87848830223083,224.020225584507,110.72780275344849,408.58746325969696,129.75697660446167,448.040451169014,120.24238967895508,428.31395721435547,120.24238967895508,448.040451169014,0.18787873387336732,0.8923207441965739,0.18787873387336732,0.9334176066021125,9.514586925506592,19.72649395465851,small_16_32
2026-08-12T15:26:54.117,606,empty,1,0.4498997628688812,116.2141193151474,191.43718999624252,126.70203936100006,215.12351137399673,232.4282386302948,382.87437999248505,253.40407872200012,430.24702274799347,242.91615867614746,406.56070137023926,242.91615867614746,430.24702274799347,0.3795564979314804,0.8470014611879985,0.3795564979314804,0.8963479640583197,10.487920045852661,23.68632137775421,small_16_32
2026-08-12T15:26:54.117,606,empty,2,0.3848111629486084,130.88987731933594,189.50183707475662,139.24197578430176,208.63001602888107,261.7797546386719,379.00367414951324,278.4839515686035,417.26003205776215,270.1318531036377,398.1318531036377,270.1318531036377,417.26003205776215,0.4220810204744339,0.8294413606325786,0.4220810204744339,0.8692917334536712,8.35209846496582,19.12817895412445,small_16_32
2026-08-12T15:26:54.117,606,empty,3,0.34598395228385925,144.54360055923462,189.29369968175888,152.89569902420044,209.63549953699112,289.08720111846924,378.58739936351776,305.7913980484009,419.27099907398224,297.43929958343506,398.92919921875,297.43929958343506,419.27099907398224,0.4647489055991173,0.8311024983723958,0.4647489055991173,0.8734812480707963,8.35209846496582,20.34179985523224,small_16_32
2026-08-12T15:26:54.117,606,empty,4,0.32359981536865234,99.01677852869034,193.37497836351395,107.6458448767662,212.5031573176384,198.03355705738068,386.7499567270279,215.2916897535324,425.0063146352768,206.66262340545654,405.87813568115234,206.66262340545654,425.0063146352768,0.32291034907102584,0.845579449335734,0.32291034907102584,0.8854298221568266,8.629066348075867,19.12817895412445,small_16_32
2026-08-12T15:26:54.117,606,empty,5,0.32359981536865234,191.70087695121765,176.1389583349228,202.89042115211487,218.45233976840973,383.4017539024353,352.2779166698456,405.78084230422974,436.90467953681946,394.5912981033325,394.5912981033325,394.5912981033325,436.90467953681946,0.6165489032864571,0.8220652043819427,0.6165489032864571,0.9102180823683739,11.189544200897217,42.31338143348694,regular_ge32
2026-08-12T15:26:54.117,606,empty,6,0.3019951581954956,159.68114644289017,221.84127593040466,168.89118403196335,238.2198097705841,319.36229288578033,443.6825518608093,337.7823680639267,476.4396195411682,328.5723304748535,460.06108570098877,328.5723304748535,476.4396195411682,0.5133942663669586,0.9584605952103933,0.5133942663669586,0.9925825407107671,9.210037589073181,16.378533840179443,small_16_32
2026-08-12T15:26:54.117,606,empty,7,0.24863308668136597,46.13884764909744,192.314029276371,55.348885238170624,210.86051219701767,92.27769529819489,384.628058552742,110.69777047634125,421.72102439403534,101.48773288726807,403.1745414733887,101.48773288726807,421.72102439403534,0.15857458263635635,0.839946961402893,0.15857458263635635,0.8785854674875736,9.210037589073181,18.546482920646667,small_16_32
2026-08-12T15:26:54.117,606,empty,8,0.2363237887620926,55.06088089942932,203.19768518209457,64.57546782493591,222.92417913675308,110.12176179885864,406.39537036418915,129.15093564987183,445.84835827350616,119.63634872436523,426.12186431884766,119.63634872436523,445.84835827350616,0.18693179488182068,0.8877538839975992,0.18693179488182068,0.9288507464031378,9.514586925506592,19.72649395465851,small_16_32
2026-08-12T15:26:54.226,607,empty,1,0.441620409488678,115.98940873146057,191.32491677999496,126.14264273643494,215.01123815774918,231.97881746292114,382.64983355998993,252.28528547286987,430.02247631549835,242.1320514678955,406.33615493774414,242.1320514678955,430.02247631549835,0.37833133041858674,0.8465336561203003,0.37833133041858674,0.8958801589906216,10.153234004974365,23.68632137775421,small_16_32
2026-08-12T15:26:54.226,607,empty,2,0.40887001156806946,131.15526247024536,189.60135263204575,139.50736093521118,209.32784658670425,262.3105249404907,379.2027052640915,279.01472187042236,418.6556931734085,270.66262340545654,398.92919921875,270.66262340545654,418.6556931734085,0.42291034907102587,0.8311024983723958,0.42291034907102587,0.8721993607779344,8.35209846496582,19.72649395465851,small_16_32
2026-08-12T15:26:54.226,607,empty,3,0.37690892815589905,144.65587329864502,189.29369968175888,153.00797176361084,209.63549953699112,289.31174659729004,378.58739936351776,306.0159435272217,419.27099907398224,297.66384506225586,398.92919921875,297.66384506225586,419.27099907398224,0.46509975790977476,0.8311024983723958,0.46509975790977476,0.8734812480707963,8.35209846496582,20.34179985523224,small_16_32
2026-08-12T15:26:54.226,607,empty,4,0.31630825996398926,99.01677852869034,193.37497836351395,107.6458448767662,212.5031573176384,198.03355705738068,386.7499567270279,215.2916897535324,425.0063146352768,206.66262340545654,405.87813568115234,206.66262340545654,425.0063146352768,0.32291034907102584,0.845579449335734,0.32291034907102584,0.8854298221568266,8.629066348075867,19.12817895412445,small_16_32
2026-08-12T15:26:54.226,607,empty,5,0.30910593271255493,191.7571849822998,176.28349256515503,203.3143014907837,219.77759313583374,383.5143699645996,352.56698513031006,406.6286029815674,439.5551862716675,395.0714864730835,396.06108570098877,395.0714864730835,439.5551862716675,0.6172991976141929,0.82512726187706,0.6172991976141929,0.9157399713993073,11.557116508483887,43.49410057067871,regular_ge32
2026-08-12T15:26:54.226,607,empty,6,0.2613641023635864,54.85056519508362,203.19768518209457,64.36515212059021,222.92417913675308,109.70113039016724,406.39537036418915,128.73030424118042,445.84835827350616,119.21571731567383,426.12186431884766,119.21571731567383,445.84835827350616,0.18627455830574036,0.8877538839975992,0.18627455830574036,0.9288507464031378,9.514586925506592,19.72649395465851,small_16_32
2026-08-12T15:26:54.226,607,empty,7,0.2549463212490082,45.65564668178558,192.27893191576004,56.143566727638245,211.4071108698845,91.31129336357117,384.5578638315201,112.28713345527649,422.814221739769,101.79921340942383,403.68604278564453,101.79921340942383,422.814221739769,0.15906127095222472,0.8410125891367595,0.15906127095222472,0.8808629619578521,10.487920045852661,19.12817895412445,small_16_32
2026-08-12T15:26:54.226,607,empty,8,0.2549463212490082,159.68114644289017,220.9663354754448,168.89118403196335,237.86375695466995,319.36229288578033,441.9326709508896,337.7823680639267,475.7275139093399,328.5723304748535,458.83009243011475,328.5723304748535,475.7275139093399,0.5133942663669586,0.9558960258960724,0.5133942663669586,0.9910989873111248,9.210037589073181,16.89742147922516,small_16_32
2026-08-12T15:26:54.332,608,empty,1,0.4498997628688812,115.95343053340912,191.0746232867241,126.44135057926178,215.48607808351517,231.90686106681824,382.1492465734482,252.88270115852356,430.97215616703033,242.3947811126709,406.56070137023926,242.3947811126709,430.97215616703033,0.3787418454885483,0.8470014611879985,0.3787418454885483,0.8978586586813132,10.487920045852661,24.411454796791077,small_16_32
2026-08-12T15:26:54.332,608,empty,2,0.37690892815589905,131.15526247024536,189.52936846017838,139.50736093521118,208.07585138082504,262.3105249404907,379.05873692035675,279.01472187042236,416.1517027616501,270.66262340545654,397.6052198410034,270.66262340545654,416.1517027616501,0.42291034907102587,0.8283442080020904,0.42291034907102587,0.866982714086771,8.35209846496582,18.546482920646667,small_16_32
2026-08-12T15:26:54.332,608,empty,3,0.3384403884410858,145.13570207357407,189.46806472539902,153.2194920182228,209.19455868005753,290.27140414714813,378.93612945079803,306.4389840364456,418.38911736011505,298.3551940917969,398.66262340545654,298.3551940917969,418.38911736011505,0.46617999076843264,0.8305471320947011,0.46617999076843264,0.8716439945002397,8.083789944648743,19.72649395465851,small_16_32
2026-08-12T15:26:54.332,608,empty,4,0.3384403884410858,159.8516161441803,220.5799154639244,169.3662030696869,238.0113826394081,319.7032322883606,441.1598309278488,338.7324061393738,476.0227652788162,329.2178192138672,458.5912981033325,329.2178192138672,476.0227652788162,0.5144028425216675,0.955398537715276,0.5144028425216675,0.9917140943308671,9.514586925506592,17.431467175483704,small_16_32
2026-08-12T15:26:54.332,608,empty,5,0.32359981536865234,98.74091827869415,192.72170728445053,107.65587413311005,212.44820123910904,197.4818365573883,385.44341456890106,215.3117482662201,424.8964024782181,206.3967924118042,405.16990852355957,206.3967924118042,424.8964024782181,0.3224949881434441,0.844103976090749,0.3224949881434441,0.8852008384962876,8.914955854415894,19.72649395465851,small_16_32
2026-08-12T15:26:54.332,608,empty,6,0.2949781119823456,192.48851931095123,175.7886929512024,203.32177197933197,219.2827935218811,384.97703862190247,351.5773859024048,406.64354395866394,438.5655870437622,395.8102912902832,395.0714864730835,395.8102912902832,438.5655870437622,0.6184535801410675,0.823065596818924,0.6184535801410675,0.9136783063411713,10.833252668380737,43.49410057067871,regular_ge32
2026-08-12T15:26:54.332,608,empty,7,0.2613641023635864,45.350874066352844,191.979774415493,55.838794112205505,211.70626837015152,90.70174813270569,383.959548830986,111.67758822441101,423.41253674030304,101.18966817855835,403.68604278564453,101.18966817855835,423.41253674030304,0.15810885652899742,0.8410125891367595,0.15810885652899742,0.882109451542298,10.487920045852661,19.72649395465851,small_16_32
2026-08-12T15:26:54.332,608,empty,8,0.2363237887620926,54.956541299819946,202.8900322318077,64.47112822532654,223.23183208703995,109.91308259963989,405.7800644636154,128.94225645065308,446.4636641740799,119.42766952514648,426.12186431884766,119.42766952514648,446.4636641740799,0.1866057336330414,0.8877538839975992,0.1866057336330414,0.9301326336959997,9.514586925506592,20.34179985523224,small_16_32
2026-08-12T15:26:54.447,609,empty,1,0.43337342143058777,116.59906136989594,190.6210965514183,127.0869814157486,214.30741792917252,233.19812273979187,381.2421931028366,254.1739628314972,428.61483585834503,243.68604278564453,404.9285144805908,243.68604278564453,428.61483585834503,0.3807594418525696,0.8436010718345642,0.3807594418525696,0.8929475747048855,10.487920045852661,23.68632137775421,small_16_32
2026-08-12T15:26:54.447,609,empty,2,0.400795578956604,131.2885503768921,189.68138659000397,139.6406488418579,207.66241872310638,262.5771007537842,379.36277318000793,279.2812976837158,415.32483744621277,270.92919921875,397.34380531311035,270.92919921875,415.32483744621277,0.4233268737792969,0.8277995944023132,0.4233268737792969,0.8652600780129432,8.35209846496582,17.981032133102417,small_16_32
2026-08-12T15:26:54.447,609,empty,3,0.39277467131614685,145.00154781341553,189.33514922857285,153.35364627838135,209.06164318323135,290.00309562683105,378.6702984571457,306.7072925567627,418.1232863664627,298.3551940917969,398.3967924118042,298.3551940917969,418.1232863664627,0.46617999076843264,0.829993317524592,0.46617999076843264,0.8710901799301306,8.35209846496582,19.72649395465851,small_16_32
2026-08-12T15:26:54.447,609,empty,4,0.35360580682754517,191.46616005897522,176.03379440307617,202.65570425987244,219.52789497375488,382.93232011795044,352.06758880615234,405.3114085197449,439.05578994750977,394.12186431884766,395.56168937683105,394.12186431884766,439.05578994750977,0.6158154129981994,0.824086852868398,0.6158154129981994,0.9146995623906453,11.189544200897217,43.49410057067871,regular_ge32
2026-08-12T15:26:54.447,609,empty,5,0.35360580682754517,159.32184767723083,220.9146295785904,168.83643460273743,238.8956617116928,318.64369535446167,441.8292591571808,337.67286920547485,477.7913234233856,328.15828227996826,459.8102912902832,328.15828227996826,477.7913234233856,0.5127473160624504,0.9579381068547567,0.5127473160624504,0.9953985904653867,9.514586925506592,17.981032133102417,small_16_32
2026-08-12T15:26:54.447,609,empty,6,0.30910593271255493,99.14070951938629,192.84110444784164,108.05566537380219,212.56759840250015,198.28141903877258,385.6822088956833,216.11133074760437,425.1351968050003,207.19637489318848,405.4087028503418,207.19637489318848,425.1351968050003,0.323744335770607,0.8446014642715454,0.323744335770607,0.8856983266770839,8.914955854415894,19.72649395465851,small_16_32
2026-08-12T15:26:54.447,609,empty,7,0.2549463212490082,45.4999064207077,191.22836965322495,55.987826466560364,212.20284181833267,90.9998128414154,382.4567393064499,111.97565293312073,424.40568363666534,101.48773288726807,403.4312114715576,101.48773288726807,424.40568363666534,0.15857458263635635,0.8404816905657451,0.15857458263635635,0.8841785075763862,10.487920045852661,20.974472165107727,small_16_32
2026-08-12T15:26:54.447,609,empty,8,0.2363237887620926,54.74297547340393,202.5487498641014,64.25756239891052,222.89054971933365,109.48595094680786,405.0974997282028,128.51512479782104,445.7810994386673,119.00053787231445,425.43929958343506,119.00053787231445,445.7810994386673,0.18593834042549134,0.8863318741321564,0.18593834042549134,0.9287106238305569,9.514586925506592,20.34179985523224,small_16_32
2026-08-12T15:26:54.553,610,empty,1,0.43337342143058777,115.78076422214508,191.2945415377617,126.61401689052582,215.70599633455276,231.56152844429016,382.5890830755234,253.22803378105164,431.41199266910553,242.3947811126709,407.00053787231445,242.3947811126709,431.41199266910553,0.3787418454885483,0.8479177872339885,0.3787418454885483,0.8987749847273032,10.833252668380737,24.411454796791077,small_16_32
2026-08-12T15:26:54.553,610,empty,2,0.3848111629486084,131.42213821411133,189.36988526582718,139.77423667907715,208.49806421995163,262.84427642822266,378.73977053165436,279.5484733581543,416.99612843990326,271.1963748931885,397.8679494857788,271.1963748931885,416.99612843990326,0.423744335770607,0.8288915614287059,0.423744335770607,0.8687419342497985,8.35209846496582,19.12817895412445,small_16_32
2026-08-12T15:26:54.553,610,empty,3,0.3384403884410858,144.63116174936295,189.11095136404037,153.2602280974388,210.0854235291481,289.2623234987259,378.22190272808075,306.5204561948776,420.1708470582962,297.89138984680176,399.1963748931885,297.89138984680176,420.1708470582962,0.46545529663562774,0.8316591143608093,0.46545529663562774,0.8753559313714504,8.629066348075867,20.974472165107727,small_16_32
2026-08-12T15:26:54.553,610,empty,4,0.33097806572914124,159.6348478794098,220.30513298511505,169.14943480491638,238.28616511821747,319.2696957588196,440.6102659702301,338.29886960983276,476.57233023643494,328.7842826843262,458.5912981033325,328.7842826843262,476.57233023643494,0.5137254416942596,0.955398537715276,0.5137254416942596,0.9928590213259061,9.514586925506592,17.981032133102417,small_16_32
2026-08-12T15:26:54.553,610,empty,5,0.32359981536865234,192.24106657505035,176.02090632915497,203.0743192434311,218.3342877626419,384.4821331501007,352.04181265830994,406.1486384868622,436.6685755252838,395.31538581848145,394.3551940917969,395.31538581848145,436.6685755252838,0.6176802903413773,0.8215733210245768,0.6176802903413773,0.9097261990110079,10.833252668380737,42.31338143348694,regular_ge32
2026-08-12T15:26:54.553,610,empty,6,0.30910593271255493,99.00712168216705,192.76816791296005,107.92207753658295,213.1099677681923,198.0142433643341,385.5363358259201,215.8441550731659,426.2199355363846,206.92919921875,405.87813568115234,206.92919921875,426.2199355363846,0.32332687377929686,0.845579449335734,0.32332687377929686,0.8879581990341345,8.914955854415894,20.34179985523224,small_16_32
2026-08-12T15:26:54.553,610,empty,7,0.2613641023635864,45.350874066352844,192.47906011343002,55.838794112205505,212.20555406808853,90.70174813270569,384.95812022686005,111.67758822441101,424.41110813617706,101.18966817855835,404.68461418151855,101.18966817855835,424.41110813617706,0.15810885652899742,0.843092946211497,0.15810885652899742,0.8841898086170356,10.487920045852661,19.72649395465851,small_16_32
2026-08-12T15:26:54.553,610,empty,8,0.24242530763149261,54.63379788398743,202.41403990983963,64.14838480949402,221.54221886396408,109.26759576797485,404.82807981967926,128.29676961898804,443.08443772792816,118.78218269348145,423.9562587738037,118.78218269348145,443.08443772792816,0.18559716045856475,0.8832422057787578,0.18559716045856475,0.9230925785998504,9.514586925506592,19.12817895412445,small_16_32
2026-08-12T15:26:54.668,611,empty,1,0.4169939160346985,116.17064440250397,190.96235007047653,127.0038970708847,215.3738048672676,232.34128880500793,381.92470014095306,254.0077941417694,430.7476097345352,243.17454147338867,406.33615493774414,243.17454147338867,430.7476097345352,0.3799602210521698,0.8465336561203003,0.3799602210521698,0.897390853613615,10.833252668380737,24.411454796791077,small_16_32
2026-08-12T15:26:54.668,611,empty,2,0.36130279302597046,131.2836542725563,189.50183707475662,139.91272062063217,208.63001602888107,262.5673085451126,379.00367414951324,279.82544124126434,417.26003205776215,271.1963748931885,398.1318531036377,271.1963748931885,417.26003205776215,0.423744335770607,0.8294413606325786,0.423744335770607,0.8692917334536712,8.629066348075867,19.12817895412445,small_16_32
2026-08-12T15:26:54.668,611,empty,3,0.3384403884410858,192.8344612121582,174.0948464870453,204.77075862884521,220.02701783180237,385.6689224243164,348.1896929740906,409.54151725769043,440.05403566360474,397.6052198410034,394.12186431884766,397.6052198410034,440.05403566360474,0.6212581560015679,0.8210872173309326,0.6212581560015679,0.9167792409658432,11.936297416687012,45.93217134475708,regular_ge32
2026-08-12T15:26:54.668,611,empty,4,0.3384403884410858,160.03125023841858,221.08703249692917,169.86013960838318,237.98445397615433,320.06250047683716,442.17406499385834,339.72027921676636,475.96890795230865,329.89138984680176,459.0714864730835,329.89138984680176,475.96890795230865,0.5154552966356277,0.9563989301522573,0.5154552966356277,0.9916018915673097,9.8288893699646,16.89742147922516,small_16_32
2026-08-12T15:26:54.668,611,empty,5,0.31630825996398926,145.00154781341553,189.2026795744896,153.35364627838135,208.9291735291481,290.00309562683105,378.4053591489792,306.7072925567627,417.8583470582962,298.3551940917969,398.1318531036377,298.3551940917969,417.8583470582962,0.46617999076843264,0.8294413606325786,0.46617999076843264,0.8705382230381171,8.35209846496582,19.72649395465851,small_16_32
2026-08-12T15:26:54.668,611,empty,6,0.2949781119823456,99.41746574640274,193.4902155995369,108.04653209447861,212.61839455366135,198.83493149280548,386.9804311990738,216.09306418895721,425.2367891073227,207.46399784088135,406.10861015319824,207.46399784088135,425.2367891073227,0.3241624966263771,0.8460596044858296,0.3241624966263771,0.8859099773069222,8.629066348075867,19.12817895412445,small_16_32
2026-08-12T15:26:54.668,611,empty,7,0.2949781119823456,54.63379788398743,203.432402074337,64.14838480949402,223.1588960289955,109.26759576797485,406.864804148674,128.29676961898804,446.317792057991,118.78218269348145,426.5912981033325,118.78218269348145,446.317792057991,0.18559716045856475,0.8887318710486094,0.18559716045856475,0.929828733454148,9.514586925506592,19.72649395465851,small_16_32
2026-08-12T15:26:54.668,611,empty,8,0.24863308668136597,46.31710171699524,192.9591559767723,56.14599108695984,212.68564993143082,92.63420343399048,385.9183119535446,112.29198217391968,425.37129986286163,102.46309280395508,405.6448059082031,102.46309280395508,425.37129986286163,0.1600985825061798,0.8450933456420898,0.1600985825061798,0.8861902080476284,9.8288893699646,19.72649395465851,small_16_32
2026-08-12T15:26:54.772,612,empty,1,0.4169939160346985,116.2141193151474,191.21114438772202,126.70203936100006,214.89746576547623,232.4282386302948,382.42228877544403,253.40407872200012,429.79493153095245,242.91615867614746,406.10861015319824,242.91615867614746,429.79493153095245,0.3795564979314804,0.8460596044858296,0.3795564979314804,0.8954061073561509,10.487920045852661,23.68632137775421,small_16_32
2026-08-12T15:26:54.772,612,empty,2,0.3690716028213501,191.99326646327972,173.58271396160126,204.32069075107574,220.77248013019562,383.98653292655945,347.1654279232025,408.6413815021515,441.54496026039124,396.31395721435547,394.3551940917969,396.31395721435547,441.54496026039124,0.6192405581474304,0.8215733210245768,0.6192405581474304,0.9198853338758151,12.32742428779602,47.18976616859436,regular_ge32
2026-08-12T15:26:54.772,612,empty,3,0.36130279302597046,130.75139337778091,189.33514922857285,139.38045972585678,209.06164318323135,261.50278675556183,378.6702984571457,278.76091945171356,418.1232863664627,270.1318531036377,398.3967924118042,270.1318531036377,418.1232863664627,0.4220810204744339,0.829993317524592,0.4220810204744339,0.8710901799301306,8.629066348075867,19.72649395465851,small_16_32
2026-08-12T15:26:54.772,612,empty,4,0.35360580682754517,160.07462906837463,220.69931262731552,169.58921599388123,238.13077980279922,320.14925813674927,441.39862525463104,339.17843198776245,476.26155960559845,329.66384506225586,458.83009243011475,329.66384506225586,476.26155960559845,0.5150997579097748,0.9558960258960724,0.5150997579097748,0.9922115825116634,9.514586925506592,17.431467175483704,small_16_32
2026-08-12T15:26:54.772,612,empty,5,0.3384403884410858,145.373151242733,189.02749627828598,153.45694118738174,209.36929613351822,290.746302485466,378.05499255657196,306.9138823747635,418.73859226703644,298.83009243011475,398.3967924118042,298.83009243011475,418.73859226703644,0.4669220194220543,0.829993317524592,0.4669220194220543,0.8723720672229925,8.083789944648743,20.34179985523224,small_16_32
2026-08-12T15:26:54.772,612,empty,6,0.30910593271255493,100.22086626291275,193.37497836351395,108.84993261098862,212.5031573176384,200.4417325258255,386.7499567270279,217.69986522197723,425.0063146352768,209.07079887390137,405.87813568115234,209.07079887390137,425.0063146352768,0.3266731232404709,0.845579449335734,0.3266731232404709,0.8854298221568266,8.629066348075867,19.12817895412445,small_16_32
2026-08-12T15:26:54.772,612,empty,7,0.2549463212490082,54.56305867433548,204.5076032280922,63.77309626340866,223.05408614873886,109.12611734867096,409.0152064561844,127.54619252681732,446.1081722974777,118.33615493774414,427.56168937683105,118.33615493774414,446.1081722974777,0.1849002420902252,0.8907535195350647,0.1849002420902252,0.9293920256197452,9.210037589073181,18.546482920646667,small_16_32
2026-08-12T15:26:54.772,612,empty,8,0.23032912611961365,46.45712596178055,193.19101577997208,55.66716355085373,211.73749870061874,92.9142519235611,386.38203155994415,111.33432710170746,423.4749974012375,102.12428951263428,404.9285144805908,102.12428951263428,423.4749974012375,0.15956920236349106,0.8436010718345642,0.15956920236349106,0.8822395779192448,9.210037589073181,18.546482920646667,small_16_32
2026-08-12T15:26:54.889,613,empty,1,0.4498997628688812,115.98940873146057,190.49862402677536,126.14264273643494,214.91007882356644,231.97881746292114,380.9972480535507,252.28528547286987,429.8201576471329,242.1320514678955,405.4087028503418,242.1320514678955,429.8201576471329,0.37833133041858674,0.8446014642715454,0.37833133041858674,0.8954586617648601,10.153234004974365,24.411454796791077,small_16_32
2026-08-12T15:26:54.889,613,empty,2,0.3690716028213501,130.75139337778091,189.10781317949295,139.38045972585678,208.2359921336174,261.50278675556183,378.2156263589859,278.76091945171356,416.4719842672348,270.1318531036377,397.34380531311035,270.1318531036377,416.4719842672348,0.4220810204744339,0.8277995944023132,0.4220810204744339,0.8676499672234058,8.629066348075867,19.12817895412445,small_16_32
2026-08-12T15:26:54.889,613,empty,3,0.3384403884410858,191.94097113609314,175.66799592971802,203.13051533699036,219.16209650039673,383.8819422721863,351.33599185943604,406.2610306739807,438.32419300079346,395.0714864730835,394.83009243011475,395.0714864730835,438.32419300079346,0.6172991976141929,0.8225626925627391,0.6172991976141929,0.9131754020849864,11.189544200897217,43.49410057067871,regular_ge32
2026-08-12T15:26:54.889,613,empty,4,0.32359981536865234,145.61579793691635,189.16041177511215,153.6995878815651,209.5022116303444,291.2315958738327,378.3208235502243,307.3991757631302,419.0044232606888,299.31538581848145,398.66262340545654,299.31538581848145,419.0044232606888,0.46768029034137726,0.8305471320947011,0.46768029034137726,0.8729258817931016,8.083789944648743,20.34179985523224,small_16_32
2026-08-12T15:26:54.889,613,empty,5,0.31630825996398926,99.2836542725563,192.90016776323318,107.91272062063217,212.02834671735764,198.5673085451126,385.80033552646637,215.82544124126434,424.05669343471527,207.19637489318848,404.9285144805908,207.19637489318848,424.05669343471527,0.323744335770607,0.8436010718345642,0.323744335770607,0.8834514446556568,8.629066348075867,19.12817895412445,small_16_32
2026-08-12T15:26:54.889,613,empty,6,0.3019951581954956,160.18840146064758,220.9663354754448,169.70298838615417,237.86375695466995,320.37680292129517,441.9326709508896,339.40597677230835,475.7275139093399,329.89138984680176,458.83009243011475,329.89138984680176,475.7275139093399,0.5154552966356277,0.9558960258960724,0.5154552966356277,0.9910989873111248,9.514586925506592,16.89742147922516,small_16_32
2026-08-12T15:26:54.889,613,empty,7,0.218662291765213,46.30485129356384,192.10621064901352,55.819438219070435,211.83270460367203,92.60970258712769,384.21242129802704,111.63887643814087,423.66540920734406,102.12428951263428,403.93891525268555,102.12428951263428,423.66540920734406,0.15956920236349106,0.8415394067764282,0.15956920236349106,0.8826362691819668,9.514586925506592,19.72649395465851,small_16_32
2026-08-12T15:26:54.889,613,empty,8,0.218662291765213,54.21738415956497,203.04482012987137,63.42742174863815,222.17299908399582,108.43476831912994,406.08964025974274,126.8548434972763,444.34599816799164,117.64480590820312,425.2178192138672,117.64480590820312,444.34599816799164,0.18382000923156738,0.8858704566955566,0.18382000923156738,0.9257208295166492,9.210037589073181,19.12817895412445,small_16_32
2026-08-12T15:26:54.994,614,empty,1,0.441620409488678,115.82206571102142,191.65710824728012,126.30998575687408,215.34342962503433,231.64413142204285,383.31421649456024,252.61997151374817,430.68685925006866,242.1320514678955,407.00053787231445,242.1320514678955,430.68685925006866,0.37833133041858674,0.8479177872339885,0.37833133041858674,0.8972642901043097,10.487920045852661,23.68632137775421,small_16_32
2026-08-12T15:26:54.994,614,empty,2,0.3848111629486084,130.7579255104065,190.05807024240494,139.11002397537231,208.6045531630516,261.515851020813,380.1161404848099,278.22004795074463,417.2091063261032,269.8679494857788,398.66262340545654,269.8679494857788,417.2091063261032,0.4216686710715294,0.8305471320947011,0.4216686710715294,0.8691856381793817,8.35209846496582,18.546482920646667,small_16_32
2026-08-12T15:26:54.994,614,empty,3,0.3384403884410858,144.29437643289566,189.11095136404037,152.92344278097153,210.0854235291481,288.5887528657913,378.22190272808075,305.84688556194305,420.1708470582962,297.2178192138672,399.1963748931885,297.2178192138672,420.1708470582962,0.46440284252166747,0.8316591143608093,0.46440284252166747,0.8753559313714504,8.629066348075867,20.974472165107727,small_16_32
2026-08-12T15:26:54.994,614,empty,4,0.33097806572914124,99.14070951938629,193.19105809926987,108.05566537380219,212.91755205392838,198.28141903877258,386.38211619853973,216.11133074760437,425.83510410785675,207.19637489318848,406.10861015319824,207.19637489318848,425.83510410785675,0.323744335770607,0.8460596044858296,0.323744335770607,0.8871564668913682,8.914955854415894,19.72649395465851,small_16_32
2026-08-12T15:26:54.994,614,empty,5,0.31630825996398926,159.74243712425232,220.69931262731552,169.2570240497589,238.13077980279922,319.48487424850464,441.39862525463104,338.5140480995178,476.26155960559845,328.99946117401123,458.83009243011475,328.99946117401123,476.26155960559845,0.5140616580843925,0.9558960258960724,0.5140616580843925,0.9922115825116634,9.514586925506592,17.431467175483704,small_16_32
2026-08-12T15:26:54.994,614,empty,6,0.30910593271255493,192.43577075004578,176.1389583349228,203.625314950943,218.45233976840973,384.87154150009155,352.2779166698456,407.250629901886,436.90467953681946,396.06108570098877,394.5912981033325,396.06108570098877,436.90467953681946,0.6188454464077949,0.8220652043819427,0.6188454464077949,0.9102180823683739,11.189544200897217,42.31338143348694,regular_ge32
2026-08-12T15:26:54.994,614,empty,7,0.2363237887620926,45.90202438831329,191.4648513197899,56.389944434165955,211.1913452744484,91.80404877662659,382.9297026395798,112.77988886833191,422.3826905488968,102.29196882247925,402.6561965942383,102.29196882247925,422.3826905488968,0.15983120128512382,0.8388670762379964,0.15983120128512382,0.879963938643535,10.487920045852661,19.72649395465851,small_16_32
2026-08-12T15:26:54.994,614,empty,8,0.218662291765213,55.00283986330032,202.74566262960434,64.2128774523735,222.47215658426285,110.00567972660065,405.4913252592087,128.425754904747,444.9443131685257,119.21571731567383,425.2178192138672,119.21571731567383,444.9443131685257,0.18627455830574036,0.8858704566955566,0.18627455830574036,0.9269673191010952,9.210037589073181,19.72649395465851,small_16_32
2026-08-12T15:26:55.107,615,empty,1,0.441620409488678,116.343310713768,190.96235007047653,126.83123075962067,215.3738048672676,232.686621427536,381.92470014095306,253.66246151924133,430.7476097345352,243.17454147338867,406.33615493774414,243.17454147338867,430.7476097345352,0.3799602210521698,0.8465336561203003,0.3799602210521698,0.897390853613615,10.487920045852661,24.411454796791077,small_16_32
2026-08-12T15:26:55.107,615,empty,2,0.37690892815589905,130.48807674646378,189.73494046926498,139.11714309453964,209.4614344239235,260.97615349292755,379.46988093852997,278.2342861890793,418.922868847847,269.6052198410034,399.1963748931885,269.6052198410034,418.922868847847,0.42125815600156785,0.8316591143608093,0.42125815600156785,0.8727559767663479,8.629066348075867,19.72649395465851,small_16_32
2026-08-12T15:26:55.107,615,empty,3,0.3384403884410858,144.88488292694092,188.97736352682114,153.23698139190674,209.95183569192886,289.76976585388184,377.9547270536423,306.4739627838135,419.9036713838577,298.12186431884766,398.92919921875,298.12186431884766,419.9036713838577,0.46581541299819945,0.8311024983723958,0.46581541299819945,0.8747993153830369,8.35209846496582,20.974472165107727,small_16_32
2026-08-12T15:26:55.107,615,empty,4,0.33097806572914124,159.80520510673523,220.18708097934723,169.63409447669983,238.16811311244965,319.61041021347046,440.37416195869446,339.26818895339966,476.3362262248993,329.43929958343506,458.3551940917969,329.43929958343506,476.3362262248993,0.5147489055991172,0.9549066543579101,0.5147489055991172,0.9923671379685401,9.8288893699646,17.981032133102417,small_16_32
2026-08-12T15:26:55.107,615,empty,5,0.31630825996398926,192.3782080411911,174.44896054267883,204.70563232898712,220.3811318874359,384.7564160823822,348.89792108535767,409.41126465797424,440.7622637748718,397.0838403701782,394.83009243011475,397.0838403701782,440.7622637748718,0.6204435005784035,0.8225626925627391,0.6204435005784035,0.9182547161976496,12.32742428779602,45.93217134475708,regular_ge32
2026-08-12T15:26:55.107,615,empty,6,0.3019951581954956,99.54252207279205,193.60398799180984,108.45747792720795,212.7321669459343,199.0850441455841,387.2079759836197,216.9149558544159,425.4643338918686,208.0,406.33615493774414,208.0,425.4643338918686,0.325,0.8465336561203003,0.325,0.8863840289413929,8.914955854415894,19.12817895412445,small_16_32
2026-08-12T15:26:55.107,615,empty,7,0.28123316168785095,54.13986039161682,204.24182933568954,63.96874976158142,224.58362919092178,108.27972078323364,408.4836586713791,127.93749952316284,449.16725838184357,118.10861015319824,428.8254585266113,118.10861015319824,449.16725838184357,0.18454470336437226,0.8933863719304402,0.18454470336437226,0.9357651216288407,9.8288893699646,20.34179985523224,small_16_32
2026-08-12T15:26:55.107,615,empty,8,0.24863308668136597,45.22611999511719,190.69631505012512,56.415664196014404,212.9897277355194,90.45223999023438,381.39263010025024,112.83132839202881,425.9794554710388,101.64178419113159,403.68604278564453,101.64178419113159,425.9794554710388,0.15881528779864312,0.8410125891367595,0.15881528779864312,0.8874571988979976,11.189544200897217,22.293412685394287,small_16_32
2026-08-12T15:26:55.211,616,empty,1,0.43337342143058777,116.08413827419281,191.65710824728012,126.57205832004547,215.34342962503433,232.16827654838562,383.31421649456024,253.14411664009094,430.68685925006866,242.65619659423828,407.00053787231445,242.65619659423828,430.68685925006866,0.3791503071784973,0.8479177872339885,0.3791503071784973,0.8972642901043097,10.487920045852661,23.68632137775421,small_16_32
2026-08-12T15:26:55.211,616,empty,2,0.3690716028213501,130.22738701105118,189.73494046926498,138.85645335912704,209.4614344239235,260.45477402210236,379.46988093852997,277.7129067182541,418.922868847847,269.0838403701782,399.1963748931885,269.0838403701782,418.922868847847,0.42044350057840346,0.8316591143608093,0.42044350057840346,0.8727559767663479,8.629066348075867,19.72649395465851,small_16_32
2026-08-12T15:26:55.211,616,empty,3,0.33097806572914124,144.43286037445068,189.56109899282455,152.7849588394165,209.9028988480568,288.86572074890137,379.1221979856491,305.569917678833,419.8057976961136,297.2178192138672,399.46399784088135,297.2178192138672,419.8057976961136,0.46440284252166747,0.8322166621685028,0.46440284252166747,0.8745954118669033,8.35209846496582,20.34179985523224,small_16_32
2026-08-12T15:26:55.211,616,empty,4,0.30910593271255493,192.11911690235138,176.37905251979828,202.95236957073212,218.69243395328522,384.23823380470276,352.75810503959656,405.90473914146423,437.38486790657043,395.0714864730835,395.0714864730835,395.0714864730835,437.38486790657043,0.6172991976141929,0.823065596818924,0.6172991976141929,0.9112184748053551,10.833252668380737,42.31338143348694,regular_ge32
2026-08-12T15:26:55.211,616,empty,5,0.2949781119823456,99.68546682596207,193.7162612080574,108.31453317403793,212.84444016218185,199.37093365192413,387.4325224161148,216.62906634807587,425.6888803243637,208.0,406.56070137023926,208.0,425.6888803243637,0.325,0.8470014611879985,0.325,0.8868518340090911,8.629066348075867,19.12817895412445,small_16_32
2026-08-12T15:26:55.211,616,empty,6,0.28123316168785095,160.11463099718094,221.72046959400177,169.32466858625412,237.59491622447968,320.2292619943619,443.44093918800354,338.64933717250824,475.18983244895935,329.43929958343506,459.31538581848145,329.43929958343506,475.18983244895935,0.5147489055991172,0.956907053788503,0.5147489055991172,0.9899788176019987,9.210037589073181,15.874446630477905,tiny_lt16
2026-08-12T15:26:55.211,616,empty,7,0.24863308668136597,45.75407361984253,191.41637080907822,55.58296298980713,211.75817066431046,91.50814723968506,382.83274161815643,111.16592597961426,423.5163413286209,101.33703660964966,403.1745414733887,101.33703660964966,423.5163413286209,0.15833911970257758,0.839946961402893,0.15833911970257758,0.8823257111012935,9.8288893699646,20.34179985523224,small_16_32
2026-08-12T15:26:55.211,616,empty,8,0.22444185614585876,54.67533189058304,203.6724962592125,63.88536947965622,223.398990213871,109.35066378116608,407.344992518425,127.77073895931244,446.797980427742,118.56070137023926,427.0714864730835,118.56070137023926,446.797980427742,0.18525109589099883,0.8897322634855906,0.18525109589099883,0.9308291258911292,9.210037589073181,19.72649395465851,small_16_32
2026-08-12T15:26:55.327,617,empty,1,0.4251631200313568,116.63898873329163,190.84857767820358,126.79222273826599,215.26003247499466,233.27797746658325,381.69715535640717,253.58444547653198,430.5200649499893,243.43121147155762,406.10861015319824,243.43121147155762,430.5200649499893,0.3803612679243088,0.8460596044858296,0.3803612679243088,0.8969168019791444,10.153234004974365,24.411454796791077,small_16_32
2026-08-12T15:26:55.327,617,empty,2,0.400795578956604,130.48807674646378,189.42728751897812,139.11714309453964,209.76908737421036,260.97615349292755,378.85457503795624,278.2342861890793,419.5381747484207,269.6052198410034,399.1963748931885,269.6052198410034,419.5381747484207,0.42125815600156785,0.8316591143608093,0.42125815600156785,0.8740378640592098,8.629066348075867,20.34179985523224,small_16_32
2026-08-12T15:26:55.327,617,empty,3,0.36130279302597046,192.00228643417358,175.06488692760468,203.55940294265747,219.76520550251007,384.00457286834717,350.12977385520935,407.11880588531494,439.53041100502014,395.56168937683105,394.83009243011475,395.56168937683105,439.53041100502014,0.6180651396512985,0.8225626925627391,0.6180651396512985,0.9156883562604586,11.557116508483887,44.700318574905396,regular_ge32
2026-08-12T15:26:55.327,617,empty,4,0.34598395228385925,144.63116174936295,188.5188694000244,153.2602280974388,210.14375400543213,289.2623234987259,377.0377388000488,306.5204561948776,420.28750801086426,297.89138984680176,398.66262340545654,297.89138984680176,420.28750801086426,0.46545529663562774,0.8305471320947011,0.46545529663562774,0.8755989750226338,8.629066348075867,21.624884605407715,small_16_32
2026-08-12T15:26:55.327,617,empty,5,0.3384403884410858,159.6348478794098,220.8200096487999,169.14943480491638,238.2514768242836,319.2696957588196,441.6400192975998,338.29886960983276,476.5029536485672,328.7842826843262,459.0714864730835,328.7842826843262,476.5029536485672,0.5137254416942596,0.9563989301522573,0.5137254416942596,0.9927144867678483,9.514586925506592,17.431467175483704,small_16_32
2026-08-12T15:26:55.327,617,empty,6,0.31630825996398926,99.00712168216705,193.60398799180984,107.92207753658295,212.7321669459343,198.0142433643341,387.2079759836197,215.8441550731659,425.4643338918686,206.92919921875,406.33615493774414,206.92919921875,425.4643338918686,0.32332687377929686,0.8465336561203003,0.32332687377929686,0.8863840289413929,8.914955854415894,19.12817895412445,small_16_32
2026-08-12T15:26:55.327,617,empty,7,0.2363237887620926,45.736061215400696,191.10003465414047,56.22398126125336,212.0745068192482,91.47212243080139,382.20006930828094,112.44796252250671,424.1490136384964,101.96004247665405,403.1745414733887,101.96004247665405,424.1490136384964,0.15931256636977195,0.839946961402893,0.15931256636977195,0.8836437784135341,10.487920045852661,20.974472165107727,small_16_32
2026-08-12T15:26:55.327,617,empty,8,0.23032912611961365,54.85056519508362,203.24414628744125,64.36515212059021,223.5859461426735,109.70113039016724,406.4882925748825,128.73030424118042,447.171892285347,119.21571731567383,426.83009243011475,119.21571731567383,447.171892285347,0.18627455830574036,0.8892293592294057,0.18627455830574036,0.9316081089278062,9.514586925506592,20.34179985523224,small_16_32
2026-08-12T15:26:55.432,618,empty,1,0.4665374755859375,116.29897940158844,190.49862402677536,127.13223206996918,214.91007882356644,232.59795880317688,380.9972480535507,254.26446413993835,429.8201576471329,243.43121147155762,405.4087028503418,243.43121147155762,429.8201576471329,0.3803612679243088,0.8446014642715454,0.3803612679243088,0.8954586617648601,10.833252668380737,24.411454796791077,small_16_32
2026-08-12T15:26:55.432,618,empty,2,0.4169939160346985,130.61944156885147,189.46806472539902,139.24850791692734,209.19455868005753,261.23888313770294,378.93612945079803,278.4970158338547,418.38911736011505,269.8679494857788,398.66262340545654,269.8679494857788,418.38911736011505,0.4216686710715294,0.8305471320947011,0.4216686710715294,0.8716439945002397,8.629066348075867,19.72649395465851,small_16_32
2026-08-12T15:26:55.432,618,empty,3,0.400795578956604,144.51738935709,189.42728751897812,153.14645570516586,209.76908737421036,289.03477871418,378.85457503795624,306.2929114103317,419.5381747484207,297.66384506225586,399.1963748931885,297.66384506225586,419.5381747484207,0.46509975790977476,0.8316591143608093,0.46509975790977476,0.8740378640592098,8.629066348075867,20.34179985523224,small_16_32
2026-08-12T15:26:55.432,618,empty,4,0.34598395228385925,159.1052086353302,220.8200096487999,169.25844264030457,238.2514768242836,318.2104172706604,441.6400192975998,338.51688528060913,476.5029536485672,328.36365127563477,459.0714864730835,328.36365127563477,476.5029536485672,0.5130682051181793,0.9563989301522573,0.5130682051181793,0.9927144867678483,10.153234004974365,17.431467175483704,small_16_32
2026-08-12T15:26:55.432,618,empty,5,0.33097806572914124,192.43577075004578,175.30753362178802,203.625314950943,220.00785219669342,384.87154150009155,350.61506724357605,407.250629901886,440.01570439338684,396.06108570098877,395.31538581848145,396.06108570098877,440.01570439338684,0.6188454464077949,0.8235737204551696,0.6188454464077949,0.9166993841528892,11.189544200897217,44.700318574905396,regular_ge32
2026-08-12T15:26:55.432,618,empty,6,0.31630825996398926,98.85958081483841,193.30483049154282,108.06961840391159,213.03132444620132,197.71916162967682,386.60966098308563,216.13923680782318,426.06264889240265,206.92919921875,406.33615493774414,206.92919921875,426.06264889240265,0.32332687377929686,0.8465336561203003,0.32332687377929686,0.8876305185258389,9.210037589073181,19.72649395465851,small_16_32
2026-08-12T15:26:55.432,618,empty,7,0.2363237887620926,45.985162019729614,191.15719836950302,55.814051389694214,211.49899822473526,91.97032403945923,382.31439673900604,111.62810277938843,422.9979964494705,101.79921340942383,402.6561965942383,101.79921340942383,422.9979964494705,0.15906127095222472,0.8388670762379964,0.15906127095222472,0.8812458259363969,9.8288893699646,20.34179985523224,small_16_32
2026-08-12T15:26:55.432,618,empty,8,0.20742715895175934,54.56305867433548,202.96867555379868,63.77309626340866,222.69516950845718,109.12611734867096,405.93735110759735,127.54619252681732,445.39033901691437,118.33615493774414,425.66384506225586,118.33615493774414,445.39033901691437,0.1849002420902252,0.886799677213033,0.1849002420902252,0.9278965396185715,9.210037589073181,19.72649395465851,small_16_32
2026-08-12T15:26:55.551,619,empty,1,0.441620409488678,116.2141193151474,190.97924226522446,126.70203936100006,214.66556364297867,232.4282386302948,381.9584845304489,253.40407872200012,429.33112728595734,242.91615867614746,405.6448059082031,242.91615867614746,429.33112728595734,0.3795564979314804,0.8450933456420898,0.3795564979314804,0.8944398485124111,10.487920045852661,23.68632137775421,small_16_32
2026-08-12T15:26:55.551,619,empty,2,0.40887001156806946,131.2885503768921,189.63430672883987,139.6406488418579,208.76248568296432,262.5771007537842,379.26861345767975,279.2812976837158,417.52497136592865,270.92919921875,398.3967924118042,270.92919921875,417.52497136592865,0.4233268737792969,0.829993317524592,0.4233268737792969,0.8698436903456847,8.35209846496582,19.12817895412445,small_16_32
2026-08-12T15:26:55.551,619,empty,3,0.3848111629486084,144.88488292694092,189.33514922857285,153.23698139190674,209.06164318323135,289.76976585388184,378.6702984571457,306.4739627838135,418.1232863664627,298.12186431884766,398.3967924118042,298.12186431884766,418.1232863664627,0.46581541299819945,0.829993317524592,0.46581541299819945,0.8710901799301306,8.35209846496582,19.72649395465851,small_16_32
2026-08-12T15:26:55.551,619,empty,4,0.34598395228385925,191.32750034332275,175.43054676055908,203.26379776000977,218.9246473312378,382.6550006866455,350.86109352111816,406.52759552001953,437.8492946624756,394.5912981033325,394.3551940917969,394.5912981033325,437.8492946624756,0.6165489032864571,0.8215733210245768,0.6165489032864571,0.9121860305468241,11.936297416687012,43.49410057067871,regular_ge32
2026-08-12T15:26:55.551,619,empty,5,0.3384403884410858,99.14070951938629,193.07582086324692,108.05566537380219,212.80231481790543,198.28141903877258,386.15164172649384,216.11133074760437,425.60462963581085,207.19637489318848,405.87813568115234,207.19637489318848,425.60462963581085,0.323744335770607,0.845579449335734,0.323744335770607,0.8866763117412726,8.914955854415894,19.72649395465851,small_16_32
2026-08-12T15:26:55.551,619,empty,6,0.32359981536865234,160.003890812397,220.72888630628586,169.21392840147018,237.62630778551102,320.007781624794,441.4577726125717,338.42785680294037,475.25261557102203,329.2178192138672,458.3551940917969,329.2178192138672,475.25261557102203,0.5144028425216675,0.9549066543579101,0.5144028425216675,0.9901096157729625,9.210037589073181,16.89742147922516,small_16_32
2026-08-12T15:26:55.551,619,empty,7,0.28123316168785095,46.14231324195862,191.10003465414047,55.65690016746521,212.0745068192482,92.28462648391724,382.20006930828094,111.31380033493042,424.1490136384964,101.79921340942383,403.1745414733887,101.79921340942383,424.1490136384964,0.15906127095222472,0.839946961402893,0.15906127095222472,0.8836437784135341,9.514586925506592,20.974472165107727,small_16_32
2026-08-12T15:26:55.551,619,empty,8,0.2613641023635864,54.25363278388977,202.8900322318077,64.08252215385437,223.23183208703995,108.50726556777954,405.7800644636154,128.16504430770874,446.4636641740799,118.33615493774414,426.12186431884766,118.33615493774414,446.4636641740799,0.1849002420902252,0.8877538839975992,0.1849002420902252,0.9301326336959997,9.8288893699646,20.34179985523224,small_16_32
2026-08-12T15:26:55.655,620,empty,1,0.4169939160346985,116.04145300388336,191.18536394834518,126.8747056722641,215.59681874513626,232.08290600776672,382.37072789669037,253.7494113445282,431.1936374902725,242.91615867614746,406.78218269348145,242.91615867614746,431.1936374902725,0.3795564979314804,0.8474628806114197,0.3795564979314804,0.8983200781047345,10.833252668380737,24.411454796791077,small_16_32
2026-08-12T15:26:55.655,620,empty,2,0.36130279302597046,131.6901039481163,189.52936846017838,139.77389389276505,208.07585138082504,263.3802078962326,379.05873692035675,279.5477877855301,416.1517027616501,271.46399784088135,397.6052198410034,271.46399784088135,416.1517027616501,0.4241624966263771,0.8283442080020904,0.4241624966263771,0.866982714086771,8.083789944648743,18.546482920646667,small_16_32
2026-08-12T15:26:55.655,620,empty,3,0.36130279302597046,191.32750034332275,174.5696575641632,203.26379776000977,220.5018289089203,382.6550006866455,349.1393151283264,406.52759552001953,441.0036578178406,394.5912981033325,395.0714864730835,394.5912981033325,441.0036578178406,0.6165489032864571,0.823065596818924,0.6165489032864571,0.9187576204538346,11.936297416687012,45.93217134475708,regular_ge32
2026-08-12T15:26:55.655,620,empty,4,0.34598395228385925,145.373151242733,189.76722222566605,153.45694118738174,208.8954011797905,290.746302485466,379.5344444513321,306.9138823747635,417.790802359581,298.83009243011475,398.66262340545654,298.83009243011475,417.790802359581,0.4669220194220543,0.8305471320947011,0.4669220194220543,0.8703975049157937,8.083789944648743,19.12817895412445,small_16_32
2026-08-12T15:26:55.655,620,empty,5,0.3384403884410858,159.6944649219513,220.72888630628586,169.5233542919159,237.62630778551102,319.3889298439026,441.4577726125717,339.0467085838318,475.25261557102203,329.2178192138672,458.3551940917969,329.2178192138672,475.25261557102203,0.5144028425216675,0.9549066543579101,0.5144028425216675,0.9901096157729625,9.8288893699646,16.89742147922516,small_16_32
2026-08-12T15:26:55.655,620,empty,6,0.32359981536865234,99.41746574640274,193.54916149377823,108.04653209447861,212.0956444144249,198.83493149280548,387.09832298755646,216.09306418895721,424.1912888288498,207.46399784088135,405.6448059082031,207.46399784088135,424.1912888288498,0.3241624966263771,0.8450933456420898,0.3241624966263771,0.8837318517267704,8.629066348075867,18.546482920646667,small_16_32
2026-08-12T15:26:55.655,620,empty,7,0.23032912611961365,54.67533189058304,203.55179923772812,63.88536947965622,223.27829319238663,109.35066378116608,407.10359847545624,127.77073895931244,446.55658638477325,118.56070137023926,426.83009243011475,118.56070137023926,446.55658638477325,0.18525109589099883,0.8892293592294057,0.18525109589099883,0.9303262216349443,9.210037589073181,19.72649395465851,small_16_32
2026-08-12T15:26:55.655,620,empty,8,0.218662291765213,46.60466682910919,193.02086478471756,55.519622683525085,212.149043738842,93.20933365821838,386.0417295694351,111.03924536705017,424.298087477684,102.12428951263428,405.16990852355957,102.12428951263428,424.298087477684,0.15956920236349106,0.844103976090749,0.15956920236349106,0.8839543489118417,8.914955854415894,19.12817895412445,small_16_32
2026-08-12T15:26:55.772,621,empty,1,0.441620409488678,115.91147196292877,190.81298929452896,126.74472463130951,215.96919339895248,231.82294392585754,381.6259785890579,253.48944926261902,431.93838679790497,242.65619659423828,406.78218269348145,242.65619659423828,431.93838679790497,0.3791503071784973,0.8474628806114197,0.3791503071784973,0.8998716391623021,10.833252668380737,25.156204104423523,small_16_32
2026-08-12T15:26:55.772,621,empty,2,0.3848111629486084,191.20944833755493,175.06488692760468,203.14574575424194,219.76520550251007,382.41889667510986,350.12977385520935,406.2914915084839,439.53041100502014,394.3551940917969,394.83009243011475,394.3551940917969,439.53041100502014,0.6161799907684327,0.8225626925627391,0.6161799907684327,0.9156883562604586,11.936297416687012,44.700318574905396,regular_ge32
2026-08-12T15:26:55.772,621,empty,3,0.35360580682754517,131.01677852869034,189.29369968175888,139.6458448767662,209.63549953699112,262.0335570573807,378.58739936351776,279.2916897535324,419.27099907398224,270.66262340545654,398.92919921875,270.66262340545654,419.27099907398224,0.42291034907102587,0.8311024983723958,0.42291034907102587,0.8734812480707963,8.629066348075867,20.34179985523224,small_16_32
2026-08-12T15:26:55.772,621,empty,4,0.3384403884410858,99.94433462619781,193.41710370779037,108.85929048061371,213.14359766244888,199.88866925239563,386.83420741558075,217.71858096122742,426.28719532489777,208.80362510681152,406.56070137023926,208.80362510681152,426.28719532489777,0.326255664229393,0.8470014611879985,0.326255664229393,0.888098323593537,8.914955854415894,19.72649395465851,small_16_32
2026-08-12T15:26:55.772,621,empty,5,0.31630825996398926,159.91747784614563,220.61222141981125,169.74636721611023,237.5096428990364,319.83495569229126,441.2244428396225,339.49273443222046,475.0192857980728,329.66384506225586,458.12186431884766,329.66384506225586,475.0192857980728,0.5150997579097748,0.9544205506642659,0.5150997579097748,0.9896235120793183,9.8288893699646,16.89742147922516,small_16_32
2026-08-12T15:26:55.772,621,empty,6,0.30910593271255493,145.35969400405884,189.11095136404037,153.71179246902466,210.0854235291481,290.7193880081177,378.22190272808075,307.4235849380493,420.1708470582962,299.0714864730835,399.1963748931885,299.0714864730835,420.1708470582962,0.467299197614193,0.8316591143608093,0.467299197614193,0.8753559313714504,8.35209846496582,20.974472165107727,small_16_32
2026-08-12T15:26:55.772,621,empty,7,0.24863308668136597,46.231539726257324,191.28241205215454,56.060429096221924,212.90729665756226,92.46307945251465,382.5648241043091,112.12085819244385,425.8145933151245,102.29196882247925,404.1897087097168,102.29196882247925,425.8145933151245,0.15983120128512382,0.8420618931452434,0.15983120128512382,0.8871137360731761,9.8288893699646,21.624884605407715,small_16_32
2026-08-12T15:26:55.772,621,empty,8,0.2363237887620926,54.13986039161682,202.6610226035118,63.96874976158142,223.00282245874405,108.27972078323364,405.3220452070236,127.93749952316284,446.0056449174881,118.10861015319824,425.66384506225586,118.10861015319824,446.0056449174881,0.18454470336437226,0.886799677213033,0.18454470336437226,0.9291784269114335,9.8288893699646,20.34179985523224,small_16_32
2026-08-12T15:26:55.876,622,empty,1,0.4251631200313568,116.17064440250397,190.96235007047653,127.0038970708847,215.3738048672676,232.34128880500793,381.92470014095306,254.0077941417694,430.7476097345352,243.17454147338867,406.33615493774414,243.17454147338867,430.7476097345352,0.3799602210521698,0.8465336561203003,0.3799602210521698,0.897390853613615,10.833252668380737,24.411454796791077,small_16_32
2026-08-12T15:26:55.876,622,empty,2,0.40887001156806946,159.6944649219513,220.14180475473404,169.5233542919159,238.6882876753807,319.3889298439026,440.2836095094681,339.0467085838318,477.3765753507614,329.2178192138672,458.83009243011475,329.2178192138672,477.3765753507614,0.5144028425216675,0.9558960258960724,0.5144028425216675,0.9945345319807529,9.8288893699646,18.546482920646667,small_16_32
2026-08-12T15:26:55.876,622,empty,3,0.36130279302597046,130.75139337778091,188.89502662420273,139.38045972585678,209.23682647943497,261.50278675556183,377.79005324840546,278.76091945171356,418.47365295886993,270.1318531036377,398.1318531036377,270.1318531036377,418.47365295886993,0.4220810204744339,0.8294413606325786,0.4220810204744339,0.8718201103309791,8.629066348075867,20.34179985523224,small_16_32
2026-08-12T15:26:55.876,622,empty,4,0.34598395228385925,191.86683070659637,173.8201631307602,204.1942549943924,221.00992929935455,383.73366141319275,347.6403262615204,408.3885099887848,442.0198585987091,396.06108570098877,394.83009243011475,396.06108570098877,442.0198585987091,0.6188454464077949,0.8225626925627391,0.6188454464077949,0.9208747054139773,12.32742428779602,47.18976616859436,regular_ge32
2026-08-12T15:26:55.876,622,empty,5,0.3019951581954956,145.23899698257446,188.71116012334824,153.59109544754028,209.68563228845596,290.4779939651489,377.4223202466965,307.18219089508057,419.3712645769119,298.83009243011475,398.3967924118042,298.83009243011475,419.3712645769119,0.4669220194220543,0.829993317524592,0.4669220194220543,0.8736901345352331,8.35209846496582,20.974472165107727,small_16_32
2026-08-12T15:26:55.876,622,empty,6,0.2949781119823456,99.81950479745865,193.60398799180984,108.44857114553452,212.7321669459343,199.6390095949173,387.2079759836197,216.89714229106903,425.4643338918686,208.26807594299316,406.33615493774414,208.26807594299316,425.4643338918686,0.32541886866092684,0.8465336561203003,0.32541886866092684,0.8863840289413929,8.629066348075867,19.12817895412445,small_16_32
2026-08-12T15:26:55.876,622,empty,7,0.2613641023635864,54.56305867433548,203.85095673799515,63.77309626340866,222.9791356921196,109.12611734867096,407.7019134759903,127.54619252681732,445.9582713842392,118.33615493774414,426.83009243011475,118.33615493774414,445.9582713842392,0.1849002420902252,0.8892293592294057,0.1849002420902252,0.9290797320504983,9.210037589073181,19.12817895412445,small_16_32
2026-08-12T15:26:55.876,622,empty,8,0.23032912611961365,46.77406847476959,192.77821761369705,55.689024329185486,211.9063965678215,93.54813694953918,385.5564352273941,111.37804865837097,423.812793135643,102.46309280395508,404.68461418151855,102.46309280395508,423.812793135643,0.1600985825061798,0.843092946211497,0.1600985825061798,0.8829433190325896,8.914955854415894,19.12817895412445,small_16_32
2026-08-12T15:26:55.996,623,empty,1,0.43337342143058777,116.08413827419281,191.18536394834518,126.57205832004547,215.59681874513626,232.16827654838562,382.37072789669037,253.14411664009094,431.1936374902725,242.65619659423828,406.78218269348145,242.65619659423828,431.1936374902725,0.3791503071784973,0.8474628806114197,0.3791503071784973,0.8983200781047345,10.487920045852661,24.411454796791077,small_16_32
2026-08-12T15:26:55.996,623,empty,2,0.3848111629486084,130.22738701105118,189.73494046926498,138.85645335912704,209.4614344239235,260.45477402210236,379.46988093852997,277.7129067182541,418.922868847847,269.0838403701782,399.1963748931885,269.0838403701782,418.922868847847,0.42044350057840346,0.8316591143608093,0.42044350057840346,0.8727559767663479,8.629066348075867,19.72649395465851,small_16_32
2026-08-12T15:26:55.996,623,empty,3,0.3384403884410858,145.373151242733,189.56109899282455,153.45694118738174,209.9028988480568,290.746302485466,379.1221979856491,306.9138823747635,419.8057976961136,298.83009243011475,399.46399784088135,298.83009243011475,419.8057976961136,0.4669220194220543,0.8322166621685028,0.4669220194220543,0.8745954118669033,8.083789944648743,20.34179985523224,small_16_32
2026-08-12T15:26:55.996,623,empty,4,0.3384403884410858,159.80520510673523,220.5799154639244,169.63409447669983,238.0113826394081,319.61041021347046,441.1598309278488,339.26818895339966,476.0227652788162,329.43929958343506,458.5912981033325,329.43929958343506,476.0227652788162,0.5147489055991172,0.955398537715276,0.5147489055991172,0.9917140943308671,9.8288893699646,17.431467175483704,small_16_32
2026-08-12T15:26:55.996,623,empty,5,0.32359981536865234,192.48851931095123,176.37905251979828,203.32177197933197,218.69243395328522,384.97703862190247,352.75810503959656,406.64354395866394,437.38486790657043,395.8102912902832,395.0714864730835,395.8102912902832,437.38486790657043,0.6184535801410675,0.823065596818924,0.6184535801410675,0.9112184748053551,10.833252668380737,42.31338143348694,regular_ge32
2026-08-12T15:26:55.996,623,empty,6,0.3019951581954956,99.95798873901367,193.60398799180984,108.31008720397949,212.7321669459343,199.91597747802734,387.2079759836197,216.62017440795898,425.4643338918686,208.26807594299316,406.33615493774414,208.26807594299316,425.4643338918686,0.32541886866092684,0.8465336561203003,0.32541886866092684,0.8863840289413929,8.35209846496582,19.12817895412445,small_16_32
2026-08-12T15:26:55.996,623,empty,7,0.23032912611961365,54.956541299819946,203.85964292287827,64.47112822532654,224.2014427781105,109.91308259963989,407.71928584575653,128.94225645065308,448.402885556221,119.42766952514648,428.06108570098877,119.42766952514648,448.402885556221,0.1866057336330414,0.8917939285437266,0.1866057336330414,0.9341726782421271,9.514586925506592,20.34179985523224,small_16_32
2026-08-12T15:26:55.996,623,empty,8,0.22444185614585876,46.06557655334473,191.979774415493,55.894465923309326,211.70626837015152,92.13115310668945,383.959548830986,111.78893184661865,423.41253674030304,101.96004247665405,403.68604278564453,101.96004247665405,423.41253674030304,0.15931256636977195,0.8410125891367595,0.15931256636977195,0.882109451542298,9.8288893699646,19.72649395465851,small_16_32
2026-08-12T15:26:56.101,624,empty,1,0.45820698142051697,115.95343053340912,191.0746232867241,126.44135057926178,215.48607808351517,231.90686106681824,382.1492465734482,252.88270115852356,430.97215616703033,242.3947811126709,406.56070137023926,242.3947811126709,430.97215616703033,0.3787418454885483,0.8470014611879985,0.3787418454885483,0.8978586586813132,10.487920045852661,24.411454796791077,small_16_32
2026-08-12T15:26:56.101,624,empty,2,0.40887001156806946,130.6265606880188,189.46806472539902,138.97865915298462,209.19455868005753,261.2531213760376,378.93612945079803,277.95731830596924,418.38911736011505,269.6052198410034,398.66262340545654,269.6052198410034,418.38911736011505,0.42125815600156785,0.8305471320947011,0.42125815600156785,0.8716439945002397,8.35209846496582,19.72649395465851,small_16_32
2026-08-12T15:26:56.101,624,empty,3,0.3690716028213501,144.88488292694092,189.29369968175888,153.23698139190674,209.63549953699112,289.76976585388184,378.58739936351776,306.4739627838135,419.27099907398224,298.12186431884766,398.92919921875,298.12186431884766,419.27099907398224,0.46581541299819945,0.8311024983723958,0.46581541299819945,0.8734812480707963,8.35209846496582,20.34179985523224,small_16_32
2026-08-12T15:26:56.101,624,empty,4,0.36130279302597046,191.86683070659637,174.0948464870453,204.1942549943924,220.02701783180237,383.73366141319275,348.1896929740906,408.3885099887848,440.05403566360474,396.06108570098877,394.12186431884766,396.06108570098877,440.05403566360474,0.6188454464077949,0.8210872173309326,0.6188454464077949,0.9167792409658432,12.32742428779602,45.93217134475708,regular_ge32
2026-08-12T15:26:56.101,624,empty,5,0.31630825996398926,159.89471179246902,220.5799154639244,169.1047493815422,238.0113826394081,319.78942358493805,441.1598309278488,338.2094987630844,476.0227652788162,328.99946117401123,458.5912981033325,328.99946117401123,476.0227652788162,0.5140616580843925,0.955398537715276,0.5140616580843925,0.9917140943308671,9.210037589073181,17.431467175483704,small_16_32
2026-08-12T15:26:56.101,624,empty,6,0.3019951581954956,99.95346742868423,193.41710370779037,108.5825337767601,213.14359766244888,199.90693485736847,386.83420741558075,217.1650675535202,426.28719532489777,208.53600120544434,406.56070137023926,208.53600120544434,426.28719532489777,0.3258375018835068,0.8470014611879985,0.3258375018835068,0.888098323593537,8.629066348075867,19.72649395465851,small_16_32
2026-08-12T15:26:56.101,624,empty,7,0.24242530763149261,45.482980370521545,190.77482843399048,56.31623303890228,212.3997130393982,90.96596074104309,381.54965686798096,112.63246607780457,424.7994260787964,101.79921340942383,403.1745414733887,101.79921340942383,424.7994260787964,0.15906127095222472,0.839946961402893,0.15906127095222472,0.8849988043308258,10.833252668380737,21.624884605407715,small_16_32
2026-08-12T15:26:56.101,624,empty,8,0.218662291765213,54.85056519508362,203.24414628744125,64.36515212059021,223.5859461426735,109.70113039016724,406.4882925748825,128.73030424118042,447.171892285347,119.21571731567383,426.83009243011475,119.21571731567383,447.171892285347,0.18627455830574036,0.8892293592294057,0.18627455830574036,0.9316081089278062,9.514586925506592,20.34179985523224,small_16_32
2026-08-12T15:26:56.219,625,empty,1,0.4169939160346985,116.2141193151474,190.96235007047653,126.70203936100006,215.3738048672676,232.4282386302948,381.92470014095306,253.40407872200012,430.7476097345352,242.91615867614746,406.33615493774414,242.91615867614746,430.7476097345352,0.3795564979314804,0.8465336561203003,0.3795564979314804,0.897390853613615,10.487920045852661,24.411454796791077,small_16_32
2026-08-12T15:26:56.219,625,empty,2,0.3690716028213501,159.4245321750641,221.20898216962814,168.93911910057068,238.1064036488533,318.8490643501282,442.4179643392563,337.87823820114136,476.2128072977066,328.36365127563477,459.31538581848145,328.36365127563477,476.2128072977066,0.5130682051181793,0.956907053788503,0.5130682051181793,0.9921100152035555,9.514586925506592,16.89742147922516,small_16_32
2026-08-12T15:26:56.219,625,empty,3,0.36130279302597046,131.0223469734192,189.36988526582718,139.374445438385,208.49806421995163,262.0446939468384,378.73977053165436,278.74889087677,416.99612843990326,270.3967924118042,397.8679494857788,270.3967924118042,416.99612843990326,0.42249498814344405,0.8288915614287059,0.42249498814344405,0.8687419342497985,8.35209846496582,19.12817895412445,small_16_32
2026-08-12T15:26:56.219,625,empty,4,0.36130279302597046,191.70087695121765,175.5549863576889,202.89042115211487,220.2553049325943,383.4017539024353,351.1099727153778,405.78084230422974,440.5106098651886,394.5912981033325,395.8102912902832,394.5912981033325,440.5106098651886,0.6165489032864571,0.8246047735214234,0.6165489032864571,0.9177304372191429,11.189544200897217,44.700318574905396,regular_ge32
2026-08-12T15:26:56.219,625,empty,5,0.3384403884410858,145.11959981918335,189.46806472539902,153.47169828414917,209.19455868005753,290.2391996383667,378.93612945079803,306.94339656829834,418.38911736011505,298.5912981033325,398.66262340545654,298.5912981033325,418.38911736011505,0.46654890328645704,0.8305471320947011,0.46654890328645704,0.8716439945002397,8.35209846496582,19.72649395465851,small_16_32
2026-08-12T15:26:56.219,625,empty,6,0.32359981536865234,99.68546682596207,193.02086478471756,108.31453317403793,212.149043738842,199.37093365192413,386.0417295694351,216.62906634807587,424.298087477684,208.0,405.16990852355957,208.0,424.298087477684,0.325,0.844103976090749,0.325,0.8839543489118417,8.629066348075867,19.12817895412445,small_16_32
2026-08-12T15:26:56.219,625,empty,7,0.2549463212490082,54.74297547340393,203.6135075688362,64.25756239891052,222.74168652296066,109.48595094680786,407.2270151376724,128.51512479782104,445.4833730459213,119.00053787231445,426.3551940917969,119.00053787231445,445.4833730459213,0.18593834042549134,0.8882399876912435,0.18593834042549134,0.9280903605123361,9.514586925506592,19.12817895412445,small_16_32
2026-08-12T15:26:56.219,625,empty,8,0.24863308668136597,46.0635986328125,192.90016776323318,55.57818555831909,212.02834671735764,92.127197265625,385.80033552646637,111.15637111663818,424.05669343471527,101.64178419113159,404.9285144805908,101.64178419113159,424.05669343471527,0.15881528779864312,0.8436010718345642,0.15881528779864312,0.8834514446556568,9.514586925506592,19.12817895412445,small_16_32
2026-08-12T15:26:56.324,626,empty,1,0.4251631200313568,116.343310713768,191.67786061763763,126.83123075962067,214.6582943201065,232.686621427536,383.35572123527527,253.66246151924133,429.316588640213,243.17454147338867,406.33615493774414,243.17454147338867,429.316588640213,0.3799602210521698,0.8465336561203003,0.3799602210521698,0.8944095596671104,10.487920045852661,22.980433702468872,small_16_32
2026-08-12T15:26:56.324,626,empty,2,0.40887001156806946,159.6944649219513,220.26250177621841,169.5233542919159,238.80898469686508,319.3889298439026,440.52500355243683,339.0467085838318,477.61796939373016,329.2178192138672,459.0714864730835,329.2178192138672,477.61796939373016,0.5144028425216675,0.9563989301522573,0.5144028425216675,0.9950374362369379,9.8288893699646,18.546482920646667,small_16_32
2026-08-12T15:26:56.324,626,empty,3,0.400795578956604,131.42270463705063,190.2078801393509,139.50649458169937,208.1889122724533,262.84540927410126,380.4157602787018,279.01298916339874,416.3778245449066,270.92919921875,398.3967924118042,270.92919921875,416.3778245449066,0.4233268737792969,0.829993317524592,0.4233268737792969,0.8674538011352221,8.083789944648743,17.981032133102417,small_16_32
2026-08-12T15:26:56.324,626,empty,4,0.34598395228385925,144.76964569091797,189.50183707475662,153.1217441558838,208.63001602888107,289.53929138183594,379.00367414951324,306.2434883117676,417.26003205776215,297.89138984680176,398.1318531036377,297.89138984680176,417.26003205776215,0.46545529663562774,0.8294413606325786,0.46545529663562774,0.8692917334536712,8.35209846496582,19.12817895412445,small_16_32
2026-08-12T15:26:56.324,626,empty,5,0.30910593271255493,99.95346742868423,193.7810636162758,108.5825337767601,212.32754653692245,199.90693485736847,387.5621272325516,217.1650675535202,424.6550930738449,208.53600120544434,406.10861015319824,208.53600120544434,424.6550930738449,0.3258375018835068,0.8460596044858296,0.3258375018835068,0.8846981105705102,8.629066348075867,18.546482920646667,small_16_32
2026-08-12T15:26:56.324,626,empty,6,0.2880568504333496,192.24106657505035,175.18558394908905,203.0743192434311,219.88590252399445,384.4821331501007,350.3711678981781,406.1486384868622,439.7718050479889,395.31538581848145,395.0714864730835,395.31538581848145,439.7718050479889,0.6176802903413773,0.823065596818924,0.6176802903413773,0.9161912605166436,10.833252668380737,44.700318574905396,regular_ge32
2026-08-12T15:26:56.324,626,empty,7,0.27450883388519287,54.741557359695435,203.12474912405014,64.8947913646698,223.46654897928238,109.48311471939087,406.2494982481003,129.7895827293396,446.93309795856476,119.63634872436523,426.5912981033325,119.63634872436523,446.93309795856476,0.18693179488182068,0.8887318710486094,0.18693179488182068,0.9311106207470099,10.153234004974365,20.34179985523224,small_16_32
2026-08-12T15:26:56.324,626,empty,8,0.2613641023635864,46.14231324195862,193.07582086324692,55.65690016746521,212.80231481790543,92.28462648391724,386.15164172649384,111.31380033493042,425.60462963581085,101.79921340942383,405.87813568115234,101.79921340942383,425.60462963581085,0.15906127095222472,0.845579449335734,0.15906127095222472,0.8866763117412726,9.514586925506592,19.72649395465851,small_16_32
2026-08-12T15:26:56.441,627,empty,1,0.40887001156806946,116.2141193151474,191.32491677999496,126.70203936100006,215.01123815774918,232.4282386302948,382.64983355998993,253.40407872200012,430.02247631549835,242.91615867614746,406.33615493774414,242.91615867614746,430.02247631549835,0.3795564979314804,0.8465336561203003,0.3795564979314804,0.8958801589906216,10.487920045852661,23.68632137775421,small_16_32
2026-08-12T15:26:56.441,627,empty,2,0.37690892815589905,160.03125023841858,220.46186345815659,169.86013960838318,237.8933306336403,320.06250047683716,440.92372691631317,339.72027921676636,475.7866612672806,329.89138984680176,458.3551940917969,329.89138984680176,475.7866612672806,0.5154552966356277,0.9549066543579101,0.5154552966356277,0.9912222109735012,9.8288893699646,17.431467175483704,small_16_32
2026-08-12T15:26:56.441,627,empty,3,0.35360580682754517,131.42270463705063,189.63430672883987,139.50649458169937,208.76248568296432,262.84540927410126,379.26861345767975,279.01298916339874,417.52497136592865,270.92919921875,398.3967924118042,270.92919921875,417.52497136592865,0.4233268737792969,0.829993317524592,0.4233268737792969,0.8698436903456847,8.083789944648743,19.12817895412445,small_16_32
2026-08-12T15:26:56.441,627,empty,4,0.34598395228385925,191.25133407115936,174.32956337928772,203.57875835895538,220.2617347240448,382.5026681423187,348.65912675857544,407.15751671791077,440.5234694480896,394.83009243011475,394.5912981033325,394.83009243011475,440.5234694480896,0.6169220194220543,0.8220652043819427,0.6169220194220543,0.9177572280168533,12.32742428779602,45.93217134475708,regular_ge32
2026-08-12T15:26:56.441,627,empty,5,0.30910593271255493,99.42213821411133,193.66582638025284,107.77423667907715,212.2123093008995,198.84427642822266,387.3316527605057,215.5484733581543,424.424618601799,207.19637489318848,405.87813568115234,207.19637489318848,424.424618601799,0.323744335770607,0.845579449335734,0.323744335770607,0.8842179554204146,8.35209846496582,18.546482920646667,small_16_32
2026-08-12T15:26:56.441,627,empty,6,0.3019951581954956,144.54360055923462,189.2026795744896,152.89569902420044,208.9291735291481,289.08720111846924,378.4053591489792,305.7913980484009,417.8583470582962,297.43929958343506,398.1318531036377,297.43929958343506,417.8583470582962,0.4647489055991173,0.8294413606325786,0.4647489055991173,0.8705382230381171,8.35209846496582,19.72649395465851,small_16_32
2026-08-12T15:26:56.441,627,empty,7,0.2613641023635864,46.52254331111908,192.53076487779617,55.43749916553497,211.65894383192062,93.04508662223816,385.06152975559235,110.87499833106995,423.31788766384125,101.96004247665405,404.1897087097168,101.96004247665405,423.31788766384125,0.15931256636977195,0.8420618931452434,0.15931256636977195,0.881912265966336,8.914955854415894,19.12817895412445,small_16_32
2026-08-12T15:26:56.441,627,empty,8,0.2613641023635864,54.297011613845825,202.96867555379868,63.81159853935242,222.69516950845718,108.59402322769165,405.93735110759735,127.62319707870483,445.39033901691437,118.10861015319824,425.66384506225586,118.10861015319824,445.39033901691437,0.18454470336437226,0.886799677213033,0.18454470336437226,0.9278965396185715,9.514586925506592,19.72649395465851,small_16_32
2026-08-12T15:26:56.547,628,empty,1,0.4251631200313568,116.2141193151474,190.73334044218063,126.70203936100006,215.1447952389717,232.4282386302948,381.46668088436127,253.40407872200012,430.2895904779434,242.91615867614746,405.87813568115234,242.91615867614746,430.2895904779434,0.3795564979314804,0.845579449335734,0.3795564979314804,0.8964366468290488,10.487920045852661,24.411454796791077,small_16_32
2026-08-12T15:26:56.547,628,empty,2,0.3690716028213501,131.15526247024536,189.50183707475662,139.50736093521118,208.63001602888107,262.3105249404907,379.00367414951324,279.01472187042236,417.26003205776215,270.66262340545654,398.1318531036377,270.66262340545654,417.26003205776215,0.42291034907102587,0.8294413606325786,0.42291034907102587,0.8692917334536712,8.35209846496582,19.12817895412445,small_16_32
2026-08-12T15:26:56.547,628,empty,3,0.3690716028213501,159.6944649219513,220.46186345815659,169.5233542919159,237.8933306336403,319.3889298439026,440.92372691631317,339.0467085838318,475.7866612672806,329.2178192138672,458.3551940917969,329.2178192138672,475.7866612672806,0.5144028425216675,0.9549066543579101,0.5144028425216675,0.9912222109735012,9.8288893699646,17.431467175483704,small_16_32
2026-08-12T15:26:56.547,628,empty,4,0.35360580682754517,190.58027827739716,173.94086015224457,203.3111115694046,221.13062632083893,381.1605565547943,347.88172030448914,406.6222231388092,442.26125264167786,393.89138984680176,395.0714864730835,393.89138984680176,442.26125264167786,0.6154552966356277,0.823065596818924,0.6154552966356277,0.9213776096701622,12.730833292007446,47.18976616859436,regular_ge32
2026-08-12T15:26:56.547,628,empty,5,0.3019951581954956,99.81950479745865,193.37497836351395,108.44857114553452,212.5031573176384,199.6390095949173,386.7499567270279,216.89714229106903,425.0063146352768,208.26807594299316,405.87813568115234,208.26807594299316,425.0063146352768,0.32541886866092684,0.845579449335734,0.32541886866092684,0.8854298221568266,8.629066348075867,19.12817895412445,small_16_32
2026-08-12T15:26:56.547,628,empty,6,0.3019951581954956,144.88488292694092,189.46806472539902,153.23698139190674,209.19455868005753,289.76976585388184,378.93612945079803,306.4739627838135,418.38911736011505,298.12186431884766,398.66262340545654,298.12186431884766,418.38911736011505,0.46581541299819945,0.8305471320947011,0.46581541299819945,0.8716439945002397,8.35209846496582,19.72649395465851,small_16_32
2026-08-12T15:26:56.547,628,empty,7,0.24863308668136597,46.30485129356384,191.4822215437889,55.819438219070435,212.45669370889664,92.60970258712769,382.9644430875778,111.63887643814087,424.9133874177933,102.12428951263428,403.93891525268555,102.12428951263428,424.9133874177933,0.15956920236349106,0.8415394067764282,0.15956920236349106,0.8852362237870693,9.514586925506592,20.974472165107727,small_16_32
2026-08-12T15:26:56.547,628,empty,8,0.24863308668136597,54.36590600013733,202.69036096334457,64.19479537010193,223.6648331284523,108.73181200027466,405.38072192668915,128.38959074020386,447.3296662569046,118.56070137023926,426.3551940917969,118.56070137023926,447.3296662569046,0.18525109589099883,0.8882399876912435,0.18525109589099883,0.9319368047018846,9.8288893699646,20.974472165107727,small_16_32
2026-08-12T15:26:56.662,629,empty,1,0.40887001156806946,116.2141193151474,191.43718999624252,126.70203936100006,215.12351137399673,232.4282386302948,382.87437999248505,253.40407872200012,430.24702274799347,242.91615867614746,406.56070137023926,242.91615867614746,430.24702274799347,0.3795564979314804,0.8470014611879985,0.3795564979314804,0.8963479640583197,10.487920045852661,23.68632137775421,small_16_32
2026-08-12T15:26:56.662,629,empty,2,0.37690892815589905,191.37203109264374,174.2115113735199,203.69945538043976,220.14368271827698,382.7440621852875,348.4230227470398,407.3989107608795,440.28736543655396,395.0714864730835,394.3551940917969,395.0714864730835,440.28736543655396,0.6172991976141929,0.8215733210245768,0.6172991976141929,0.9172653446594874,12.32742428779602,45.93217134475708,regular_ge32
2026-08-12T15:26:56.662,629,empty,3,0.37690892815589905,159.4245321750641,220.69931262731552,168.93911910057068,238.13077980279922,318.8490643501282,441.39862525463104,337.87823820114136,476.26155960559845,328.36365127563477,458.83009243011475,328.36365127563477,476.26155960559845,0.5130682051181793,0.9558960258960724,0.5130682051181793,0.9922115825116634,9.514586925506592,17.431467175483704,small_16_32
2026-08-12T15:26:56.662,629,empty,4,0.3690716028213501,132.2261056303978,189.68138659000397,140.30989557504654,207.66241872310638,264.4522112607956,379.36277318000793,280.6197911500931,415.32483744621277,272.53600120544434,397.34380531311035,272.53600120544434,415.32483744621277,0.4258375018835068,0.8277995944023132,0.4258375018835068,0.8652600780129432,8.083789944648743,17.981032133102417,small_16_32
2026-08-12T15:26:56.662,629,empty,5,0.33097806572914124,145.01903718709946,189.63430672883987,153.1028271317482,208.76248568296432,290.0380743741989,379.26861345767975,306.2056542634964,417.52497136592865,298.12186431884766,398.3967924118042,298.12186431884766,417.52497136592865,0.46581541299819945,0.829993317524592,0.46581541299819945,0.8698436903456847,8.083789944648743,19.12817895412445,small_16_32
2026-08-12T15:26:56.662,629,empty,6,0.3019951581954956,99.68546682596207,193.37497836351395,108.31453317403793,212.5031573176384,199.37093365192413,386.7499567270279,216.62906634807587,425.0063146352768,208.0,405.87813568115234,208.0,425.0063146352768,0.325,0.845579449335734,0.325,0.8854298221568266,8.629066348075867,19.12817895412445,small_16_32
2026-08-12T15:26:56.662,629,empty,7,0.2880568504333496,54.31447434425354,202.13325262069702,64.4677083492279,223.75813722610474,108.62894868850708,404.26650524139404,128.9354166984558,447.5162744522095,118.78218269348145,425.89138984680176,118.78218269348145,447.5162744522095,0.18559716045856475,0.8872737288475037,0.18559716045856475,0.9323255717754364,10.153234004974365,21.624884605407715,small_16_32
2026-08-12T15:26:56.662,629,empty,8,0.26788532733917236,46.22272777557373,192.76816791296005,55.73731470108032,213.1099677681923,92.44545555114746,385.5363358259201,111.47462940216064,426.2199355363846,101.96004247665405,405.87813568115234,101.96004247665405,426.2199355363846,0.15931256636977195,0.845579449335734,0.15931256636977195,0.8879581990341345,9.514586925506592,20.34179985523224,small_16_32
2026-08-12T15:26:56.766,630,empty,1,0.4169939160346985,116.63898873329163,191.33218610286713,126.79222273826599,214.312619805336,233.27797746658325,382.66437220573425,253.58444547653198,428.625239610672,243.43121147155762,405.6448059082031,243.43121147155762,428.625239610672,0.3803612679243088,0.8450933456420898,0.3803612679243088,0.8929692491889,10.153234004974365,22.980433702468872,small_16_32
2026-08-12T15:26:56.766,630,empty,2,0.3848111629486084,131.0223469734192,189.7926850914955,139.374445438385,208.33916801214218,262.0446939468384,379.585370182991,278.74889087677,416.67833602428436,270.3967924118042,398.1318531036377,270.3967924118042,416.67833602428436,0.42249498814344405,0.8294413606325786,0.42249498814344405,0.8680798667172591,8.35209846496582,18.546482920646667,small_16_32
2026-08-12T15:26:56.766,630,empty,3,0.3690716028213501,144.65587329864502,190.034097969532,153.00797176361084,209.16227692365646,289.31174659729004,380.068195939064,306.0159435272217,418.3245538473129,297.66384506225586,399.1963748931885,297.66384506225586,418.3245538473129,0.46509975790977476,0.8316591143608093,0.46509975790977476,0.8715094871819019,8.35209846496582,19.12817895412445,small_16_32
2026-08-12T15:26:56.766,630,empty,4,0.35360580682754517,159.6348478794098,221.06511110067368,169.14943480491638,238.49657827615738,319.2696957588196,442.13022220134735,338.29886960983276,476.99315655231476,328.7842826843262,459.56168937683105,328.7842826843262,476.99315655231476,0.5137254416942596,0.9574201862017314,0.5137254416942596,0.9937357428173225,9.514586925506592,17.431467175483704,small_16_32
2026-08-12T15:26:56.766,630,empty,5,0.34598395228385925,191.68954420089722,174.32956337928772,203.62584161758423,220.2617347240448,383.37908840179443,348.65912675857544,407.25168323516846,440.5234694480896,395.31538581848145,394.5912981033325,395.31538581848145,440.5234694480896,0.6176802903413773,0.8220652043819427,0.6176802903413773,0.9177572280168533,11.936297416687012,45.93217134475708,regular_ge32
2026-08-12T15:26:56.766,630,empty,6,0.2949781119823456,99.68546682596207,193.31171280145645,108.31453317403793,211.85819572210312,199.37093365192413,386.6234256029129,216.62906634807587,423.71639144420624,208.0,405.16990852355957,208.0,423.71639144420624,0.325,0.844103976090749,0.325,0.8827424821754296,8.629066348075867,18.546482920646667,small_16_32
2026-08-12T15:26:56.766,630,empty,7,0.24863308668136597,45.75407361984253,191.41637080907822,55.58296298980713,211.75817066431046,91.50814723968506,382.83274161815643,111.16592597961426,423.5163413286209,101.33703660964966,403.1745414733887,101.33703660964966,423.5163413286209,0.15833911970257758,0.839946961402893,0.15833911970257758,0.8823257111012935,9.8288893699646,20.34179985523224,small_16_32
2026-08-12T15:26:56.766,630,empty,8,0.24242530763149261,54.58582425117493,203.12474912405014,64.41471362113953,223.46654897928238,109.17164850234985,406.2494982481003,128.82942724227905,446.93309795856476,119.00053787231445,426.5912981033325,119.00053787231445,446.93309795856476,0.18593834042549134,0.8887318710486094,0.18593834042549134,0.9311106207470099,9.8288893699646,20.34179985523224,small_16_32
2026-08-12T15:26:56.874,631,empty,1,0.45820698142051697,116.04145300388336,191.65710824728012,126.8747056722641,215.34342962503433,232.08290600776672,383.31421649456024,253.7494113445282,430.68685925006866,242.91615867614746,407.00053787231445,242.91615867614746,430.68685925006866,0.3795564979314804,0.8479177872339885,0.3795564979314804,0.8972642901043097,10.833252668380737,23.68632137775421,small_16_32
2026-08-12T15:26:56.874,631,empty,2,0.39277467131614685,130.75139337778091,189.60135263204575,139.38045972585678,209.32784658670425,261.50278675556183,379.2027052640915,278.76091945171356,418.6556931734085,270.1318531036377,398.92919921875,270.1318531036377,418.6556931734085,0.4220810204744339,0.8311024983723958,0.4220810204744339,0.8721993607779344,8.629066348075867,19.72649395465851,small_16_32
2026-08-12T15:26:56.874,631,empty,3,0.34598395228385925,144.76964569091797,189.2447628378868,153.1217441558838,210.21923500299454,289.53929138183594,378.4895256757736,306.2434883117676,420.4384700059891,297.89138984680176,399.46399784088135,297.89138984680176,420.4384700059891,0.46545529663562774,0.8322166621685028,0.46545529663562774,0.8759134791791439,8.35209846496582,20.974472165107727,small_16_32
2026-08-12T15:26:56.874,631,empty,4,0.34598395228385925,192.24901711940765,174.0948464870453,204.57644140720367,220.02701783180237,384.4980342388153,348.1896929740906,409.15288281440735,440.05403566360474,396.8254585266113,394.12186431884766,396.8254585266113,440.05403566360474,0.6200397789478302,0.8210872173309326,0.6200397789478302,0.9167792409658432,12.32742428779602,45.93217134475708,regular_ge32
2026-08-12T15:26:56.874,631,empty,5,0.33097806572914124,100.35935020446777,193.43110996484756,108.7114486694336,211.97759288549423,200.71870040893555,386.86221992969513,217.4228973388672,423.95518577098846,209.07079887390137,405.4087028503418,209.07079887390137,423.95518577098846,0.3266731232404709,0.8446014642715454,0.3266731232404709,0.8832399703562259,8.35209846496582,18.546482920646667,small_16_32
2026-08-12T15:26:56.874,631,empty,6,0.28123316168785095,159.8516161441803,221.10638213157654,169.3662030696869,237.48491597175598,319.7032322883606,442.2127642631531,338.7324061393738,474.96983194351196,329.2178192138672,458.5912981033325,329.2178192138672,474.96983194351196,0.5144028425216675,0.955398537715276,0.5144028425216675,0.9895204832156499,9.514586925506592,16.378533840179443,small_16_32
2026-08-12T15:26:56.874,631,empty,7,0.2613641023635864,54.78607255220413,203.97165375947952,63.99611014127731,223.09983271360397,109.57214510440826,407.94330751895905,127.99222028255463,446.19966542720795,118.78218269348145,427.0714864730835,118.78218269348145,446.19966542720795,0.18559716045856475,0.8897322634855906,0.18559716045856475,0.9295826363066833,9.210037589073181,19.12817895412445,small_16_32
2026-08-12T15:26:56.874,631,empty,8,0.24863308668136597,45.74427509307861,192.65506678819656,55.89750909805298,211.78324574232101,91.48855018615723,385.3101335763931,111.79501819610596,423.56649148464203,101.64178419113159,404.4383125305176,101.64178419113159,423.56649148464203,0.15881528779864312,0.8425798177719116,0.15881528779864312,0.8824301905930042,10.153234004974365,19.12817895412445,small_16_32
2026-08-12T15:26:56.981,632,empty,1,0.40887001156806946,115.98940873146057,191.9750136733055,126.14264273643494,215.66133505105972,231.97881746292114,383.950027346611,252.28528547286987,431.32267010211945,242.1320514678955,407.63634872436523,242.1320514678955,431.32267010211945,0.37833133041858674,0.8492423931757609,0.37833133041858674,0.8985888960460822,10.153234004974365,23.68632137775421,small_16_32
2026-08-12T15:26:56.981,632,empty,2,0.3848111629486084,159.96235632896423,220.8200096487999,169.47694325447083,238.2514768242836,319.92471265792847,441.6400192975998,338.95388650894165,476.5029536485672,329.43929958343506,459.0714864730835,329.43929958343506,476.5029536485672,0.5147489055991172,0.9563989301522573,0.5147489055991172,0.9927144867678483,9.514586925506592,17.431467175483704,small_16_32
2026-08-12T15:26:56.981,632,empty,3,0.36130279302597046,191.56759452819824,174.82743775844574,203.50389194488525,219.52775633335114,383.1351890563965,349.6548755168915,407.0077838897705,439.05551266670227,395.0714864730835,394.3551940917969,395.0714864730835,439.05551266670227,0.6172991976141929,0.8215733210245768,0.6172991976141929,0.9146989847222964,11.936297416687012,44.700318574905396,regular_ge32
2026-08-12T15:26:56.981,632,empty,4,0.35360580682754517,131.55629247426987,190.48266261816025,139.6400824189186,207.91412979364395,263.11258494853973,380.9653252363205,279.2801648378372,415.8282595872879,271.1963748931885,398.3967924118042,271.1963748931885,415.8282595872879,0.423744335770607,0.829993317524592,0.423744335770607,0.8663088741401831,8.083789944648743,17.431467175483704,small_16_32
2026-08-12T15:26:56.981,632,empty,5,0.34598395228385925,144.21609210968018,190.16790944337845,152.568190574646,209.2960883975029,288.43218421936035,380.3358188867569,305.136381149292,418.5921767950058,296.7842826843262,399.46399784088135,296.7842826843262,418.5921767950058,0.46372544169425967,0.8322166621685028,0.46372544169425967,0.8720670349895954,8.35209846496582,19.12817895412445,small_16_32
2026-08-12T15:26:56.981,632,empty,6,0.32359981536865234,98.75139337778091,193.89483600854874,107.38045972585678,212.4413189291954,197.50278675556183,387.7896720170975,214.76091945171356,424.8826378583908,206.1318531036377,406.33615493774414,206.1318531036377,424.8826378583908,0.3220810204744339,0.8465336561203003,0.3220810204744339,0.8851721622049809,8.629066348075867,18.546482920646667,small_16_32
2026-08-12T15:26:56.981,632,empty,7,0.24863308668136597,45.66724944114685,191.2871794104576,55.820483446121216,211.62897926568985,91.3344988822937,382.5743588209152,111.64096689224243,423.2579585313797,101.48773288726807,402.91615867614746,101.48773288726807,423.2579585313797,0.15857458263635635,0.8394086639086406,0.15857458263635635,0.881787413607041,10.153234004974365,20.34179985523224,small_16_32
2026-08-12T15:26:57.097,633,empty,1,0.45820698142051697,116.343310713768,191.43718999624252,126.83123075962067,215.12351137399673,232.686621427536,382.87437999248505,253.66246151924133,430.24702274799347,243.17454147338867,406.56070137023926,243.17454147338867,430.24702274799347,0.3799602210521698,0.8470014611879985,0.3799602210521698,0.8963479640583197,10.487920045852661,23.68632137775421,small_16_32
2026-08-12T15:26:57.097,633,empty,2,0.3848111629486084,130.88987731933594,190.19135814905167,139.24197578430176,208.73784106969833,261.7797546386719,380.38271629810333,278.4839515686035,417.47568213939667,270.1318531036377,398.92919921875,270.1318531036377,417.47568213939667,0.4220810204744339,0.8311024983723958,0.4220810204744339,0.8697410044570764,8.35209846496582,18.546482920646667,small_16_32
2026-08-12T15:26:57.097,633,empty,3,0.35360580682754517,144.2442702651024,190.00271505117416,152.32806020975113,209.72920900583267,288.4885405302048,380.0054301023483,304.65612041950226,419.45841801166534,296.5723304748535,399.73192405700684,296.5723304748535,419.45841801166534,0.46339426636695863,0.8327748417854309,0.46339426636695863,0.8738717041909695,8.083789944648743,19.72649395465851,small_16_32
2026-08-12T15:26:57.097,633,empty,4,0.34598395228385925,99.15006643533707,193.25831347703934,107.77913278341293,212.3864924311638,198.30013287067413,386.5166269540787,215.55826556682587,424.7729848623276,206.92919921875,405.6448059082031,206.92919921875,424.7729848623276,0.32332687377929686,0.8450933456420898,0.32332687377929686,0.8849437184631824,8.629066348075867,19.12817895412445,small_16_32
2026-08-12T15:26:57.097,633,empty,5,0.34598395228385925,159.8516161441803,220.69931262731552,169.3662030696869,238.13077980279922,319.7032322883606,441.39862525463104,338.7324061393738,476.26155960559845,329.2178192138672,458.83009243011475,329.2178192138672,476.26155960559845,0.5144028425216675,0.9558960258960724,0.5144028425216675,0.9922115825116634,9.514586925506592,17.431467175483704,small_16_32
2026-08-12T15:26:57.097,633,empty,6,0.3019951581954956,192.45912623405457,177.28176176548004,202.61236023902893,217.30953633785248,384.91825246810913,354.5635235309601,405.22472047805786,434.61907267570496,395.0714864730835,394.5912981033325,395.0714864730835,434.61907267570496,0.6172991976141929,0.8220652043819427,0.6172991976141929,0.9054564014077187,10.153234004974365,40.02777457237244,regular_ge32
2026-08-12T15:26:57.097,633,empty,7,0.24863308668136597,45.906447410583496,191.979774415493,55.735336780548096,211.70626837015152,91.81289482116699,383.959548830986,111.47067356109619,423.41253674030304,101.64178419113159,403.68604278564453,101.64178419113159,423.41253674030304,0.15881528779864312,0.8410125891367595,0.15881528779864312,0.882109451542298,9.8288893699646,19.72649395465851,small_16_32
2026-08-12T15:26:57.097,633,empty,8,0.22444185614585876,54.56305867433548,202.96867555379868,63.77309626340866,222.69516950845718,109.12611734867096,405.93735110759735,127.54619252681732,445.39033901691437,118.33615493774414,425.66384506225586,118.33615493774414,445.39033901691437,0.1849002420902252,0.886799677213033,0.1849002420902252,0.9278965396185715,9.210037589073181,19.72649395465851,small_16_32
2026-08-12T15:26:57.202,634,empty,1,0.4498997628688812,116.08413827419281,191.65710824728012,126.57205832004547,215.34342962503433,232.16827654838562,383.31421649456024,253.14411664009094,430.68685925006866,242.65619659423828,407.00053787231445,242.65619659423828,430.68685925006866,0.3791503071784973,0.8479177872339885,0.3791503071784973,0.8972642901043097,10.487920045852661,23.68632137775421,small_16_32
2026-08-12T15:26:57.202,634,empty,2,0.400795578956604,131.42213821411133,190.2078801393509,139.77423667907715,208.1889122724533,262.84427642822266,380.4157602787018,279.5484733581543,416.3778245449066,271.1963748931885,398.3967924118042,271.1963748931885,416.3778245449066,0.423744335770607,0.829993317524592,0.423744335770607,0.8674538011352221,8.35209846496582,17.981032133102417,small_16_32
2026-08-12T15:26:57.202,634,empty,3,0.39277467131614685,144.65587329864502,189.6950621008873,153.00797176361084,210.03686195611954,289.31174659729004,379.3901242017746,306.0159435272217,420.0737239122391,297.66384506225586,399.73192405700684,297.66384506225586,420.0737239122391,0.46509975790977476,0.8327748417854309,0.46509975790977476,0.8751535914838314,8.35209846496582,20.34179985523224,small_16_32
2026-08-12T15:26:57.202,634,empty,4,0.3690716028213501,159.52887177467346,220.5799154639244,169.04345870018005,238.0113826394081,319.0577435493469,441.1598309278488,338.0869174003601,476.0227652788162,328.5723304748535,458.5912981033325,328.5723304748535,476.0227652788162,0.5133942663669586,0.955398537715276,0.5133942663669586,0.9917140943308671,9.514586925506592,17.431467175483704,small_16_32
2026-08-12T15:26:57.202,634,empty,5,0.34598395228385925,192.3784203529358,175.18558394908905,203.93553686141968,219.88590252399445,384.7568407058716,350.3711678981781,407.87107372283936,439.7718050479889,396.31395721435547,395.0714864730835,396.31395721435547,439.7718050479889,0.6192405581474304,0.823065596818924,0.6192405581474304,0.9161912605166436,11.557116508483887,44.700318574905396,regular_ge32
2026-08-12T15:26:57.202,634,empty,6,0.33097806572914124,99.41746574640274,192.84110444784164,108.04653209447861,212.56759840250015,198.83493149280548,385.6822088956833,216.09306418895721,425.1351968050003,207.46399784088135,405.4087028503418,207.46399784088135,425.1351968050003,0.3241624966263771,0.8446014642715454,0.3241624966263771,0.8856983266770839,8.629066348075867,19.72649395465851,small_16_32
2026-08-12T15:26:57.202,634,empty,7,0.23032912611961365,45.66724944114685,191.85235875844955,55.820483446121216,211.57885271310806,91.3344988822937,383.7047175168991,111.64096689224243,423.1577054262161,101.48773288726807,403.4312114715576,101.48773288726807,423.1577054262161,0.15857458263635635,0.8404816905657451,0.15857458263635635,0.8815785529712836,10.153234004974365,19.72649395465851,small_16_32
2026-08-12T15:26:57.202,634,empty,8,0.22444185614585876,54.00677931308746,203.9043555855751,62.92173516750336,222.45083850622177,108.01355862617493,407.8087111711502,125.84347033500671,444.90167701244354,116.92851448059082,426.3551940917969,116.92851448059082,444.90167701244354,0.18270080387592316,0.8882399876912435,0.18270080387592316,0.926878493775924,8.914955854415894,18.546482920646667,small_16_32
2026-08-12T15:26:57.312,635,empty,1,0.441620409488678,116.89284062385559,191.43718999624252,127.04607462882996,215.12351137399673,233.78568124771118,382.87437999248505,254.0921492576599,430.24702274799347,243.93891525268555,406.56070137023926,243.93891525268555,430.24702274799347,0.38115455508232116,0.8470014611879985,0.38115455508232116,0.8963479640583197,10.153234004974365,23.68632137775421,small_16_32
2026-08-12T15:26:57.312,635,empty,2,0.3848111629486084,130.7579255104065,189.90051013231277,139.11002397537231,209.02868908643723,261.515851020813,379.80102026462555,278.22004795074463,418.05737817287445,269.8679494857788,398.92919921875,269.8679494857788,418.05737817287445,0.4216686710715294,0.8311024983723958,0.4216686710715294,0.8709528711934884,8.35209846496582,19.12817895412445,small_16_32
2026-08-12T15:26:57.312,635,empty,3,0.34598395228385925,160.003890812397,220.9663354754448,169.21392840147018,237.86375695466995,320.007781624794,441.9326709508896,338.42785680294037,475.7275139093399,329.2178192138672,458.83009243011475,329.2178192138672,475.7275139093399,0.5144028425216675,0.9558960258960724,0.5144028425216675,0.9910989873111248,9.210037589073181,16.89742147922516,small_16_32
2026-08-12T15:26:57.312,635,empty,4,0.3384403884410858,144.3236813545227,189.86875194311142,152.67577981948853,209.59524589776993,288.6473627090454,379.73750388622284,305.35155963897705,419.19049179553986,296.99946117401123,399.46399784088135,296.99946117401123,419.19049179553986,0.46406165808439254,0.8322166621685028,0.46406165808439254,0.8733135245740413,8.35209846496582,19.72649395465851,small_16_32
2026-08-12T15:26:57.312,635,empty,5,0.32359981536865234,99.54252207279205,193.30483049154282,108.45747792720795,213.03132444620132,199.0850441455841,386.60966098308563,216.9149558544159,426.06264889240265,208.0,406.33615493774414,208.0,426.06264889240265,0.325,0.8465336561203003,0.325,0.8876305185258389,8.914955854415894,19.72649395465851,small_16_32
2026-08-12T15:26:57.312,635,empty,6,0.32359981536865234,191.58282494544983,176.03379440307617,202.77236914634705,219.52789497375488,383.16564989089966,352.06758880615234,405.5447382926941,439.05578994750977,394.3551940917969,395.56168937683105,394.3551940917969,439.05578994750977,0.6161799907684327,0.824086852868398,0.6161799907684327,0.9146995623906453,11.189544200897217,43.49410057067871,regular_ge32
2026-08-12T15:26:57.312,635,empty,7,0.2613641023635864,45.98657298088074,192.53076487779617,55.50115990638733,211.65894383192062,91.97314596176147,385.06152975559235,111.00231981277466,423.31788766384125,101.48773288726807,404.1897087097168,101.48773288726807,423.31788766384125,0.15857458263635635,0.8420618931452434,0.15857458263635635,0.881912265966336,9.514586925506592,19.12817895412445,small_16_32
2026-08-12T15:26:57.312,635,empty,8,0.24863308668136597,54.85056519508362,203.31435006856918,64.36515212059021,223.0408440232277,109.70113039016724,406.62870013713837,128.73030424118042,446.0816880464554,119.21571731567383,426.3551940917969,119.21571731567383,446.0816880464554,0.18627455830574036,0.8882399876912435,0.18627455830574036,0.929336850096782,9.514586925506592,19.72649395465851,small_16_32
2026-08-12T15:26:57.428,636,empty,1,0.4665374755859375,115.51744711399078,191.40213125944138,126.35069978237152,215.81358605623245,231.03489422798157,382.80426251888275,252.70139956474304,431.6271721124649,241.8681468963623,407.2157173156738,241.8681468963623,431.6271721124649,0.3779189795255661,0.8483660777409872,0.3779189795255661,0.8992232752343019,10.833252668380737,24.411454796791077,small_16_32
2026-08-12T15:26:57.428,636,empty,2,0.39277467131614685,131.15526247024536,189.76722222566605,139.50736093521118,208.8954011797905,262.3105249404907,379.5344444513321,279.01472187042236,417.790802359581,270.66262340545654,398.66262340545654,270.66262340545654,417.790802359581,0.42291034907102587,0.8305471320947011,0.42291034907102587,0.8703975049157937,8.35209846496582,19.12817895412445,small_16_32
2026-08-12T15:26:57.428,636,empty,3,0.36130279302597046,98.88386303186417,193.14026194810867,107.51292937994003,212.26844090223312,197.76772606372833,386.28052389621735,215.02585875988007,424.53688180446625,206.3967924118042,405.4087028503418,206.3967924118042,424.53688180446625,0.3224949881434441,0.8446014642715454,0.3224949881434441,0.884451837092638,8.629066348075867,19.12817895412445,small_16_32
2026-08-12T15:26:57.428,636,empty,4,0.3384403884410858,144.29437643289566,189.16041177511215,152.92344278097153,209.5022116303444,288.5887528657913,378.3208235502243,305.84688556194305,419.0044232606888,297.2178192138672,398.66262340545654,297.2178192138672,419.0044232606888,0.46440284252166747,0.8305471320947011,0.46440284252166747,0.8729258817931016,8.629066348075867,20.34179985523224,small_16_32
2026-08-12T15:26:57.428,636,empty,5,0.3384403884410858,159.74243712425232,220.94195932149887,169.2570240497589,238.37342649698257,319.48487424850464,441.88391864299774,338.5140480995178,476.74685299396515,328.99946117401123,459.31538581848145,328.99946117401123,476.74685299396515,0.5140616580843925,0.956907053788503,0.5140616580843925,0.9932226104040941,9.514586925506592,17.431467175483704,small_16_32
2026-08-12T15:26:57.428,636,empty,6,0.30910593271255493,191.56759452819824,175.06488692760468,203.50389194488525,219.76520550251007,383.1351890563965,350.12977385520935,407.0077838897705,439.53041100502014,395.0714864730835,394.83009243011475,395.0714864730835,439.53041100502014,0.6172991976141929,0.8225626925627391,0.6172991976141929,0.9156883562604586,11.936297416687012,44.700318574905396,regular_ge32
2026-08-12T15:26:57.428,636,empty,7,0.2549463212490082,45.66724944114685,191.979774415493,55.820483446121216,211.70626837015152,91.3344988822937,383.959548830986,111.64096689224243,423.41253674030304,101.48773288726807,403.68604278564453,101.48773288726807,423.41253674030304,0.15857458263635635,0.8410125891367595,0.15857458263635635,0.882109451542298,10.153234004974365,19.72649395465851,small_16_32
2026-08-12T15:26:57.428,636,empty,8,0.23032912611961365,54.21738415956497,202.31857866048813,63.42742174863815,222.04507261514664,108.43476831912994,404.63715732097626,126.8548434972763,444.0901452302933,117.64480590820312,424.36365127563477,117.64480590820312,444.0901452302933,0.18382000923156738,0.8840909401575724,0.18382000923156738,0.925187802563111,9.210037589073181,19.72649395465851,small_16_32
2026-08-12T15:26:57.533,637,empty,1,0.4498997628688812,116.08413827419281,191.43718999624252,126.57205832004547,215.12351137399673,232.16827654838562,382.87437999248505,253.14411664009094,430.24702274799347,242.65619659423828,406.56070137023926,242.65619659423828,430.24702274799347,0.3791503071784973,0.8470014611879985,0.3791503071784973,0.8963479640583197,10.487920045852661,23.68632137775421,small_16_32
2026-08-12T15:26:57.533,637,empty,2,0.400795578956604,130.49585342407227,189.90051013231277,138.8479518890381,209.02868908643723,260.99170684814453,379.80102026462555,277.6959037780762,418.05737817287445,269.34380531311035,398.92919921875,269.34380531311035,418.05737817287445,0.4208496958017349,0.8311024983723958,0.4208496958017349,0.8709528711934884,8.35209846496582,19.12817895412445,small_16_32
2026-08-12T15:26:57.533,637,empty,3,0.36130279302597046,144.79002755880356,189.29369968175888,152.8738175034523,209.63549953699112,289.5800551176071,378.58739936351776,305.7476350069046,419.27099907398224,297.66384506225586,398.92919921875,297.66384506225586,419.27099907398224,0.46509975790977476,0.8311024983723958,0.46509975790977476,0.8734812480707963,8.083789944648743,20.34179985523224,small_16_32
2026-08-12T15:26:57.533,637,empty,4,0.33097806572914124,192.11911690235138,176.1389583349228,202.95236957073212,218.45233976840973,384.23823380470276,352.2779166698456,405.90473914146423,436.90467953681946,395.0714864730835,394.5912981033325,395.0714864730835,436.90467953681946,0.6172991976141929,0.8220652043819427,0.6172991976141929,0.9102180823683739,10.833252668380737,42.31338143348694,regular_ge32
2026-08-12T15:26:57.533,637,empty,5,0.32359981536865234,159.74243712425232,220.9663354754448,169.2570240497589,237.86375695466995,319.48487424850464,441.9326709508896,338.5140480995178,475.7275139093399,328.99946117401123,458.83009243011475,328.99946117401123,475.7275139093399,0.5140616580843925,0.9558960258960724,0.5140616580843925,0.9910989873111248,9.514586925506592,16.89742147922516,small_16_32
2026-08-12T15:26:57.533,637,empty,6,0.31630825996398926,99.68546682596207,193.07582086324692,108.31453317403793,212.80231481790543,199.37093365192413,386.15164172649384,216.62906634807587,425.60462963581085,208.0,405.87813568115234,208.0,425.60462963581085,0.325,0.845579449335734,0.325,0.8866763117412726,8.629066348075867,19.72649395465851,small_16_32
2026-08-12T15:26:57.533,637,empty,7,0.2363237887620926,45.4999064207077,190.97084325551987,55.987826466560364,211.9453154206276,90.9998128414154,381.94168651103973,111.97565293312073,423.8906308412552,101.48773288726807,402.91615867614746,101.48773288726807,423.8906308412552,0.15857458263635635,0.8394086639086406,0.15857458263635635,0.8831054809192816,10.487920045852661,20.974472165107727,small_16_32
2026-08-12T15:26:57.533,637,empty,8,0.21299070119857788,54.85056519508362,202.8900322318077,64.36515212059021,223.23183208703995,109.70113039016724,405.7800644636154,128.73030424118042,446.4636641740799,119.21571731567383,426.12186431884766,119.21571731567383,446.4636641740799,0.18627455830574036,0.8877538839975992,0.18627455830574036,0.9301326336959997,9.514586925506592,20.34179985523224,small_16_32
2026-08-12T15:26:57.649,638,empty,1,0.4251631200313568,116.08413827419281,191.7646979689598,126.57205832004547,215.45101934671402,232.16827654838562,383.5293959379196,253.14411664009094,430.90203869342804,242.65619659423828,407.2157173156738,242.65619659423828,430.90203869342804,0.3791503071784973,0.8483660777409872,0.3791503071784973,0.8977125806113084,10.487920045852661,23.68632137775421,small_16_32
2026-08-12T15:26:57.649,638,empty,2,0.37690892815589905,130.6265606880188,189.90051013231277,138.97865915298462,209.02868908643723,261.2531213760376,379.80102026462555,277.95731830596924,418.05737817287445,269.6052198410034,398.92919921875,269.6052198410034,418.05737817287445,0.42125815600156785,0.8311024983723958,0.42125815600156785,0.8709528711934884,8.35209846496582,19.12817895412445,small_16_32
2026-08-12T15:26:57.649,638,empty,3,0.37690892815589905,191.87913465499878,174.814759016037,203.43625116348267,220.74693036079407,383.75826930999756,349.629518032074,406.87250232696533,441.49386072158813,395.31538581848145,395.56168937683105,395.31538581848145,441.49386072158813,0.6176802903413773,0.824086852868398,0.6176802903413773,0.9197788765033086,11.557116508483887,45.93217134475708,regular_ge32
2026-08-12T15:26:57.649,638,empty,4,0.36130279302597046,159.80520510673523,220.02240759134293,169.63409447669983,238.5688905119896,319.61041021347046,440.04481518268585,339.26818895339966,477.1377810239792,329.43929958343506,458.5912981033325,329.43929958343506,477.1377810239792,0.5147489055991172,0.955398537715276,0.5147489055991172,0.9940370437999566,9.8288893699646,18.546482920646667,small_16_32
2026-08-12T15:26:57.649,638,empty,5,0.33097806572914124,144.76964569091797,189.56109899282455,153.1217441558838,209.9028988480568,289.53929138183594,379.1221979856491,306.2434883117676,419.8057976961136,297.89138984680176,399.46399784088135,297.89138984680176,419.8057976961136,0.46545529663562774,0.8322166621685028,0.46545529663562774,0.8745954118669033,8.35209846496582,20.34179985523224,small_16_32
2026-08-12T15:26:57.649,638,empty,6,0.31630825996398926,99.68991279602051,193.43110996484756,108.04201126098633,211.97759288549423,199.37982559204102,386.86221992969513,216.08402252197266,423.95518577098846,207.73192405700684,405.4087028503418,207.73192405700684,423.95518577098846,0.3245811313390732,0.8446014642715454,0.3245811313390732,0.8832399703562259,8.35209846496582,18.546482920646667,small_16_32
2026-08-12T15:26:57.649,638,empty,7,0.2549463212490082,54.181774377822876,202.01092571020126,63.69636130332947,222.3527255654335,108.36354875564575,404.0218514204025,127.39272260665894,444.705451130867,117.87813568115234,424.36365127563477,117.87813568115234,444.705451130867,0.18418458700180054,0.8840909401575724,0.18418458700180054,0.9264696898559729,9.514586925506592,20.34179985523224,small_16_32
2026-08-12T15:26:57.649,638,empty,8,0.24863308668136597,45.906447410583496,191.979774415493,55.735336780548096,211.70626837015152,91.81289482116699,383.959548830986,111.47067356109619,423.41253674030304,101.64178419113159,403.68604278564453,101.64178419113159,423.41253674030304,0.15881528779864312,0.8410125891367595,0.15881528779864312,0.882109451542298,9.8288893699646,19.72649395465851,small_16_32
2026-08-12T15:26:57.753,639,empty,1,0.4251631200313568,116.25148129463196,191.54793065786362,126.40471529960632,215.23425203561783,232.50296258926392,383.09586131572723,252.80943059921265,430.46850407123566,242.65619659423828,406.78218269348145,242.65619659423828,430.46850407123566,0.3791503071784973,0.8474628806114197,0.3791503071784973,0.896809383481741,10.153234004974365,23.68632137775421,small_16_32
2026-08-12T15:26:57.753,639,empty,2,0.36130279302597046,130.6265606880188,189.36988526582718,138.97865915298462,208.49806421995163,261.2531213760376,378.73977053165436,277.95731830596924,416.99612843990326,269.6052198410034,397.8679494857788,269.6052198410034,416.99612843990326,0.42125815600156785,0.8288915614287059,0.42125815600156785,0.8687419342497985,8.35209846496582,19.12817895412445,small_16_32
2026-08-12T15:26:57.753,639,empty,3,0.34598395228385925,191.7571849822998,175.18558394908905,203.3143014907837,219.88590252399445,383.5143699645996,350.3711678981781,406.6286029815674,439.7718050479889,395.0714864730835,395.0714864730835,395.0714864730835,439.7718050479889,0.6172991976141929,0.823065596818924,0.6172991976141929,0.9161912605166436,11.557116508483887,44.700318574905396,regular_ge32
2026-08-12T15:26:57.753,639,empty,4,0.3384403884410858,98.88987731933594,193.31171280145645,107.24197578430176,211.85819572210312,197.77975463867188,386.6234256029129,214.48395156860352,423.71639144420624,206.1318531036377,405.16990852355957,206.1318531036377,423.71639144420624,0.3220810204744339,0.844103976090749,0.3220810204744339,0.8827424821754296,8.35209846496582,18.546482920646667,small_16_32
2026-08-12T15:26:57.753,639,empty,5,0.3384403884410858,160.11463099718094,220.8200096487999,169.32466858625412,238.2514768242836,320.2292619943619,441.6400192975998,338.64933717250824,476.5029536485672,329.43929958343506,459.0714864730835,329.43929958343506,476.5029536485672,0.5147489055991172,0.9563989301522573,0.5147489055991172,0.9927144867678483,9.210037589073181,17.431467175483704,small_16_32
2026-08-12T15:26:57.753,639,empty,6,0.31630825996398926,145.23899698257446,189.42728751897812,153.59109544754028,209.76908737421036,290.4779939651489,378.85457503795624,307.18219089508057,419.5381747484207,298.83009243011475,399.1963748931885,298.83009243011475,419.5381747484207,0.4669220194220543,0.8316591143608093,0.4669220194220543,0.8740378640592098,8.35209846496582,20.34179985523224,small_16_32
2026-08-12T15:26:57.753,639,empty,7,0.2363237887620926,45.66724944114685,192.17140716314316,55.820483446121216,212.5132070183754,91.3344988822937,384.3428143262863,111.64096689224243,425.0264140367508,101.48773288726807,404.68461418151855,101.48773288726807,425.0264140367508,0.15857458263635635,0.843092946211497,0.15857458263635635,0.8854716959098975,10.153234004974365,20.34179985523224,small_16_32
2026-08-12T15:26:57.753,639,empty,8,0.22444185614585876,54.52305722236633,203.04482012987137,64.03764414787292,222.17299908399582,109.04611444473267,406.08964025974274,128.07528829574585,444.34599816799164,118.56070137023926,425.2178192138672,118.56070137023926,444.34599816799164,0.18525109589099883,0.8858704566955566,0.18525109589099883,0.9257208295166492,9.514586925506592,19.12817895412445,small_16_32
2026-08-12T15:26:57.870,640,empty,1,0.4498997628688812,116.343310713768,191.54793065786362,126.83123075962067,215.23425203561783,232.686621427536,383.09586131572723,253.66246151924133,430.46850407123566,243.17454147338867,406.78218269348145,243.17454147338867,430.46850407123566,0.3799602210521698,0.8474628806114197,0.3799602210521698,0.896809383481741,10.487920045852661,23.68632137775421,small_16_32
2026-08-12T15:26:57.870,640,empty,2,0.39277467131614685,131.0223469734192,189.46806472539902,139.374445438385,209.19455868005753,262.0446939468384,378.93612945079803,278.74889087677,418.38911736011505,270.3967924118042,398.66262340545654,270.3967924118042,418.38911736011505,0.42249498814344405,0.8305471320947011,0.42249498814344405,0.8716439945002397,8.35209846496582,19.72649395465851,small_16_32
2026-08-12T15:26:57.870,640,empty,3,0.35360580682754517,144.65587329864502,189.42728751897812,153.00797176361084,209.76908737421036,289.31174659729004,378.85457503795624,306.0159435272217,419.5381747484207,297.66384506225586,399.1963748931885,297.66384506225586,419.5381747484207,0.46509975790977476,0.8316591143608093,0.46509975790977476,0.8740378640592098,8.35209846496582,20.34179985523224,small_16_32
2026-08-12T15:26:57.870,640,empty,4,0.3384403884410858,99.01677852869034,193.37497836351395,107.6458448767662,212.5031573176384,198.03355705738068,386.7499567270279,215.2916897535324,425.0063146352768,206.66262340545654,405.87813568115234,206.66262340545654,425.0063146352768,0.32291034907102584,0.845579449335734,0.32291034907102584,0.8854298221568266,8.629066348075867,19.12817895412445,small_16_32
2026-08-12T15:26:57.870,640,empty,5,0.33097806572914124,159.93466341495514,220.69931262731552,168.84961926937103,238.13077980279922,319.8693268299103,441.39862525463104,337.69923853874207,476.26155960559845,328.7842826843262,458.83009243011475,328.7842826843262,476.26155960559845,0.5137254416942596,0.9558960258960724,0.5137254416942596,0.9922115825116634,8.914955854415894,17.431467175483704,small_16_32
2026-08-12T15:26:57.870,640,empty,6,0.31630825996398926,192.12658739089966,176.06256997585297,203.68370389938354,220.76288855075836,384.2531747817993,352.12513995170593,407.3674077987671,441.5257771015167,395.8102912902832,396.8254585266113,395.8102912902832,441.5257771015167,0.6184535801410675,0.8267197052637736,0.6184535801410675,0.9198453689614932,11.557116508483887,44.700318574905396,regular_ge32
2026-08-12T15:26:57.870,640,empty,7,0.26788532733917236,54.79939007759094,204.11349481344223,64.62827944755554,224.45529466867447,109.59878015518188,408.22698962688446,129.25655889511108,448.91058933734894,119.42766952514648,428.5687894821167,119.42766952514648,448.91058933734894,0.1866057336330414,0.8928516447544098,0.1866057336330414,0.9352303944528103,9.8288893699646,20.34179985523224,small_16_32
2026-08-12T15:26:57.870,640,empty,8,0.2549463212490082,45.4999064207077,192.53076487779617,55.987826466560364,211.65894383192062,90.9998128414154,385.06152975559235,111.97565293312073,423.31788766384125,101.48773288726807,404.1897087097168,101.48773288726807,423.31788766384125,0.15857458263635635,0.8420618931452434,0.15857458263635635,0.881912265966336,10.487920045852661,19.12817895412445,small_16_32
2026-08-12T15:26:57.976,641,empty,1,0.43337342143058777,116.08413827419281,191.5081073641777,126.57205832004547,215.91956216096878,232.16827654838562,383.0162147283554,253.14411664009094,431.83912432193756,242.65619659423828,407.4276695251465,242.65619659423828,431.83912432193756,0.3791503071784973,0.8488076448440551,0.3791503071784973,0.8996648423373699,10.487920045852661,24.411454796791077,small_16_32
2026-08-12T15:26:57.976,641,empty,2,0.37690892815589905,190.72220861911774,174.32956337928772,203.86908948421478,220.2617347240448,381.4444172382355,348.65912675857544,407.73817896842957,440.5234694480896,394.5912981033325,394.5912981033325,394.5912981033325,440.5234694480896,0.6165489032864571,0.8220652043819427,0.6165489032864571,0.9177572280168533,13.146880865097046,45.93217134475708,regular_ge32
2026-08-12T15:26:57.976,641,empty,3,0.3690716028213501,131.55629247426987,190.07541048526764,139.6400824189186,208.05644261837006,263.11258494853973,380.1508209705353,279.2801648378372,416.1128852367401,271.1963748931885,398.1318531036377,271.1963748931885,416.1128852367401,0.423744335770607,0.8294413606325786,0.423744335770607,0.8669018442432086,8.083789944648743,17.981032133102417,small_16_32
2026-08-12T15:26:57.976,641,empty,4,0.35360580682754517,144.11011600494385,190.16790944337845,152.46221446990967,209.2960883975029,288.2202320098877,380.3358188867569,304.92442893981934,418.5921767950058,296.5723304748535,399.46399784088135,296.5723304748535,418.5921767950058,0.46339426636695863,0.8322166621685028,0.46339426636695863,0.8720670349895954,8.35209846496582,19.12817895412445,small_16_32
2026-08-12T15:26:57.976,641,empty,5,0.35360580682754517,159.5768068432808,221.20898216962814,168.78684443235397,238.1064036488533,319.1536136865616,442.4179643392563,337.57368886470795,476.2128072977066,328.36365127563477,459.31538581848145,328.36365127563477,476.2128072977066,0.5130682051181793,0.956907053788503,0.5130682051181793,0.9921100152035555,9.210037589073181,16.89742147922516,small_16_32
2026-08-12T15:26:57.976,641,empty,6,0.32359981536865234,99.81950479745865,193.7162612080574,108.44857114553452,212.84444016218185,199.6390095949173,387.4325224161148,216.89714229106903,425.6888803243637,208.26807594299316,406.56070137023926,208.26807594299316,425.6888803243637,0.32541886866092684,0.8470014611879985,0.32541886866092684,0.8868518340090911,8.629066348075867,19.12817895412445,small_16_32
2026-08-12T15:26:57.976,641,empty,7,0.2363237887620926,45.66724944114685,191.85235875844955,55.820483446121216,211.57885271310806,91.3344988822937,383.7047175168991,111.64096689224243,423.1577054262161,101.48773288726807,403.4312114715576,101.48773288726807,423.1577054262161,0.15857458263635635,0.8404816905657451,0.15857458263635635,0.8815785529712836,10.153234004974365,19.72649395465851,small_16_32
2026-08-12T15:26:57.976,641,empty,8,0.218662291765213,54.78607255220413,203.67245346307755,63.99611014127731,222.2189363837242,109.57214510440826,407.3449069261551,127.99222028255463,444.4378727674484,118.78218269348145,425.89138984680176,118.78218269348145,444.4378727674484,0.18559716045856475,0.8872737288475037,0.18559716045856475,0.9259122349321842,9.210037589073181,18.546482920646667,small_16_32
2026-08-12T15:26:58.089,642,empty,1,0.441620409488678,116.25148129463196,191.32491677999496,126.40471529960632,215.01123815774918,232.50296258926392,382.64983355998993,252.80943059921265,430.02247631549835,242.65619659423828,406.33615493774414,242.65619659423828,430.02247631549835,0.3791503071784973,0.8465336561203003,0.3791503071784973,0.8958801589906216,10.153234004974365,23.68632137775421,small_16_32
2026-08-12T15:26:58.089,642,empty,2,0.39277467131614685,130.88987731933594,189.90051013231277,139.24197578430176,209.02868908643723,261.7797546386719,379.80102026462555,278.4839515686035,418.05737817287445,270.1318531036377,398.92919921875,270.1318531036377,418.05737817287445,0.4220810204744339,0.8311024983723958,0.4220810204744339,0.8709528711934884,8.35209846496582,19.12817895412445,small_16_32
2026-08-12T15:26:58.089,642,empty,3,0.37690892815589905,159.5768068432808,221.06511110067368,168.78684443235397,238.49657827615738,319.1536136865616,442.13022220134735,337.57368886470795,476.99315655231476,328.36365127563477,459.56168937683105,328.36365127563477,476.99315655231476,0.5130682051181793,0.9574201862017314,0.5130682051181793,0.9937357428173225,9.210037589073181,17.431467175483704,small_16_32
2026-08-12T15:26:58.089,642,empty,4,0.3690716028213501,144.21609210968018,189.42728751897812,152.568190574646,209.76908737421036,288.43218421936035,378.85457503795624,305.136381149292,419.5381747484207,296.7842826843262,399.1963748931885,296.7842826843262,419.5381747484207,0.46372544169425967,0.8316591143608093,0.46372544169425967,0.8740378640592098,8.35209846496582,20.34179985523224,small_16_32
2026-08-12T15:26:58.089,642,empty,5,0.32359981536865234,99.14070951938629,193.19105809926987,108.05566537380219,212.91755205392838,198.28141903877258,386.38211619853973,216.11133074760437,425.83510410785675,207.19637489318848,406.10861015319824,207.19637489318848,425.83510410785675,0.323744335770607,0.8460596044858296,0.323744335770607,0.8871564668913682,8.914955854415894,19.72649395465851,small_16_32
2026-08-12T15:26:58.089,642,empty,6,0.2880568504333496,192.4137328863144,177.00028789043427,202.90165293216705,219.3136693239212,384.8274657726288,354.00057578086853,405.8033058643341,438.6273386478424,395.31538581848145,396.31395721435547,395.31538581848145,438.6273386478424,0.6176802903413773,0.8256540775299073,0.6176802903413773,0.9138069555163384,10.487920045852661,42.31338143348694,regular_ge32
2026-08-12T15:26:58.089,642,empty,7,0.2363237887620926,45.40426576137543,191.67212146520615,56.237518429756165,212.01392132043839,90.80853152275085,383.3442429304123,112.47503685951233,424.02784264087677,101.64178419113159,403.68604278564453,101.64178419113159,424.02784264087677,0.15881528779864312,0.8410125891367595,0.15881528779864312,0.88339133883516,10.833252668380737,20.34179985523224,small_16_32
2026-08-12T15:26:58.089,642,empty,8,0.218662291765213,54.74297547340393,202.85640281438828,64.25756239891052,222.58289676904678,109.48595094680786,405.71280562877655,128.51512479782104,445.16579353809357,119.00053787231445,425.43929958343506,119.00053787231445,445.16579353809357,0.18593834042549134,0.8863318741321564,0.18593834042549134,0.927428736537695,9.514586925506592,19.72649395465851,small_16_32
2026-08-12T15:26:58.194,643,empty,1,0.43337342143058777,116.2141193151474,191.9750136733055,126.70203936100006,215.66133505105972,232.4282386302948,383.950027346611,253.40407872200012,431.32267010211945,242.91615867614746,407.63634872436523,242.91615867614746,431.32267010211945,0.3795564979314804,0.8492423931757609,0.3795564979314804,0.8985888960460822,10.487920045852661,23.68632137775421,small_16_32
2026-08-12T15:26:58.194,643,empty,2,0.3384403884410858,144.43286037445068,189.29369968175888,152.7849588394165,209.63549953699112,288.86572074890137,378.58739936351776,305.569917678833,419.27099907398224,297.2178192138672,398.92919921875,297.2178192138672,419.27099907398224,0.46440284252166747,0.8311024983723958,0.46440284252166747,0.8734812480707963,8.35209846496582,20.34179985523224,small_16_32
2026-08-12T15:26:58.194,643,empty,3,0.33097806572914124,99.01677852869034,193.25831347703934,107.6458448767662,212.3864924311638,198.03355705738068,386.5166269540787,215.2916897535324,424.7729848623276,206.66262340545654,405.6448059082031,206.66262340545654,424.7729848623276,0.32291034907102584,0.8450933456420898,0.32291034907102584,0.8849437184631824,8.629066348075867,19.12817895412445,small_16_32
2026-08-12T15:26:58.194,643,empty,4,0.33097806572914124,131.82406705617905,189.9434586763382,139.9078570008278,207.9244908094406,263.6481341123581,379.8869173526764,279.8157140016556,415.8489816188812,271.73192405700684,397.8679494857788,271.73192405700684,415.8489816188812,0.42458113133907316,0.8288915614287059,0.42458113133907316,0.8663520450393359,8.083789944648743,17.981032133102417,small_16_32
2026-08-12T15:26:58.194,643,empty,5,0.33097806572914124,159.4245321750641,221.33213394880295,168.93911910057068,238.2295554280281,318.8490643501282,442.6642678976059,337.87823820114136,476.4591108560562,328.36365127563477,459.56168937683105,328.36365127563477,476.4591108560562,0.5130682051181793,0.9574201862017314,0.5130682051181793,0.9926231476167838,9.514586925506592,16.89742147922516,small_16_32
2026-08-12T15:26:58.194,643,empty,6,0.3019951581954956,192.43577075004578,174.94548976421356,203.625314950943,219.64580833911896,384.87154150009155,349.8909795284271,407.250629901886,439.2916166782379,396.06108570098877,394.5912981033325,396.06108570098877,439.2916166782379,0.6188454464077949,0.8220652043819427,0.6188454464077949,0.9151908680796623,11.189544200897217,44.700318574905396,regular_ge32
2026-08-12T15:26:58.194,643,empty,7,0.24863308668136597,46.215873301029205,191.979774415493,55.42591089010239,211.70626837015152,92.43174660205841,383.959548830986,110.85182178020477,423.41253674030304,101.64178419113159,403.68604278564453,101.64178419113159,423.41253674030304,0.15881528779864312,0.8410125891367595,0.15881528779864312,0.882109451542298,9.210037589073181,19.72649395465851,small_16_32
2026-08-12T15:26:58.194,643,empty,8,0.22444185614585876,54.67533189058304,202.21709114313126,63.88536947965622,221.3452700972557,109.35066378116608,404.4341822862625,127.77073895931244,442.6905401945114,118.56070137023926,423.56236124038696,118.56070137023926,442.6905401945114,0.18525109589099883,0.8824215859174729,0.18525109589099883,0.9222719587385655,9.210037589073181,19.12817895412445,small_16_32
2026-08-12T15:26:58.308,644,empty,1,0.4498997628688812,115.78076422214508,191.13573271036148,126.61401689052582,216.291936814785,231.56152844429016,382.27146542072296,253.22803378105164,432.58387362957,242.3947811126709,407.4276695251465,242.3947811126709,432.58387362957,0.3787418454885483,0.8488076448440551,0.3787418454885483,0.9012164033949375,10.833252668380737,25.156204104423523,small_16_32
2026-08-12T15:26:58.308,644,empty,2,0.3848111629486084,131.42213821411133,189.63430672883987,139.77423667907715,208.76248568296432,262.84427642822266,379.26861345767975,279.5484733581543,417.52497136592865,271.1963748931885,398.3967924118042,271.1963748931885,417.52497136592865,0.423744335770607,0.829993317524592,0.423744335770607,0.8698436903456847,8.35209846496582,19.12817895412445,small_16_32
2026-08-12T15:26:58.308,644,empty,3,0.36130279302597046,144.29437643289566,189.56109899282455,152.92344278097153,209.9028988480568,288.5887528657913,379.1221979856491,305.84688556194305,419.8057976961136,297.2178192138672,399.46399784088135,297.2178192138672,419.8057976961136,0.46440284252166747,0.8322166621685028,0.46440284252166747,0.8745954118669033,8.629066348075867,20.34179985523224,small_16_32
2026-08-12T15:26:58.308,644,empty,4,0.3384403884410858,191.4939807653427,174.94548976421356,203.82140505313873,219.64580833911896,382.9879615306854,349.8909795284271,407.64281010627747,439.2916166782379,395.31538581848145,394.5912981033325,395.31538581848145,439.2916166782379,0.6176802903413773,0.8220652043819427,0.6176802903413773,0.9151908680796623,12.32742428779602,44.700318574905396,regular_ge32
2026-08-12T15:26:58.308,644,empty,5,0.33097806572914124,159.89471179246902,221.5915777683258,169.1047493815422,237.97011160850525,319.78942358493805,443.1831555366516,338.2094987630844,475.9402232170105,328.99946117401123,459.56168937683105,328.99946117401123,475.9402232170105,0.5140616580843925,0.9574201862017314,0.5140616580843925,0.9915421317021053,9.210037589073181,16.378533840179443,small_16_32
2026-08-12T15:26:58.308,644,empty,6,0.30910593271255493,99.27452099323273,193.19105809926987,108.18947684764862,212.91755205392838,198.54904198646545,386.38211619853973,216.37895369529724,425.83510410785675,207.46399784088135,406.10861015319824,207.46399784088135,425.83510410785675,0.3241624966263771,0.8460596044858296,0.3241624966263771,0.8871564668913682,8.914955854415894,19.72649395465851,small_16_32
2026-08-12T15:26:58.308,644,empty,7,0.218662291765213,45.304834604263306,190.51565599441528,56.49437880516052,212.140540599823,90.60966920852661,381.03131198883057,112.98875761032104,424.281081199646,101.79921340942383,402.6561965942383,101.79921340942383,424.281081199646,0.15906127095222472,0.8388670762379964,0.15906127095222472,0.8839189191659291,11.189544200897217,21.624884605407715,small_16_32
2026-08-12T15:26:58.308,644,empty,8,0.20742715895175934,54.895250141620636,202.85640281438828,64.10528773069382,222.58289676904678,109.79050028324127,405.71280562877655,128.21057546138763,445.16579353809357,119.00053787231445,425.43929958343506,119.00053787231445,445.16579353809357,0.18593834042549134,0.8863318741321564,0.18593834042549134,0.927428736537695,9.210037589073181,19.72649395465851,small_16_32
2026-08-12T15:26:58.414,645,empty,1,0.4498997628688812,116.04145300388336,191.40213125944138,126.8747056722641,215.81358605623245,232.08290600776672,382.80426251888275,253.7494113445282,431.6271721124649,242.91615867614746,407.2157173156738,242.91615867614746,431.6271721124649,0.3795564979314804,0.8483660777409872,0.3795564979314804,0.8992232752343019,10.833252668380737,24.411454796791077,small_16_32
2026-08-12T15:26:58.414,645,empty,2,0.3848111629486084,144.4051166176796,188.89502662420273,153.03418296575546,209.23682647943497,288.8102332353592,377.79005324840546,306.0683659315109,418.47365295886993,297.43929958343506,398.1318531036377,297.43929958343506,418.47365295886993,0.4647489055991173,0.8294413606325786,0.4647489055991173,0.8718201103309791,8.629066348075867,20.34179985523224,small_16_32
2026-08-12T15:26:58.414,645,empty,3,0.37690892815589905,132.3599175810814,189.42221319675446,140.44370752573013,207.40324532985687,264.7198351621628,378.8444263935089,280.88741505146027,414.80649065971375,272.8036251068115,396.8254585266113,272.8036251068115,414.80649065971375,0.426255664229393,0.8267197052637736,0.426255664229393,0.8641801888744036,8.083789944648743,17.981032133102417,small_16_32
2026-08-12T15:26:58.414,645,empty,4,0.3384403884410858,159.4245321750641,220.6671768426895,168.93911910057068,238.64820897579193,318.8490643501282,441.334353685379,337.87823820114136,477.29641795158386,328.36365127563477,459.31538581848145,328.36365127563477,477.29641795158386,0.5130682051181793,0.956907053788503,0.5130682051181793,0.9943675373991331,9.514586925506592,17.981032133102417,small_16_32
2026-08-12T15:26:58.414,645,empty,5,0.32359981536865234,99.27452099323273,193.19105809926987,108.18947684764862,212.91755205392838,198.54904198646545,386.38211619853973,216.37895369529724,425.83510410785675,207.46399784088135,406.10861015319824,207.46399784088135,425.83510410785675,0.3241624966263771,0.8460596044858296,0.3241624966263771,0.8871564668913682,8.914955854415894,19.72649395465851,small_16_32
2026-08-12T15:26:58.414,645,empty,6,0.3019951581954956,192.18607258796692,175.18558394908905,203.37561678886414,219.88590252399445,384.37214517593384,350.3711678981781,406.75123357772827,439.7718050479889,395.56168937683105,395.0714864730835,395.56168937683105,439.7718050479889,0.6180651396512985,0.823065596818924,0.6180651396512985,0.9161912605166436,11.189544200897217,44.700318574905396,regular_ge32
2026-08-12T15:26:58.414,645,empty,7,0.2549463212490082,45.4245582818985,190.2535834312439,55.91247832775116,211.8784680366516,90.849116563797,380.5071668624878,111.82495665550232,423.7569360733032,101.33703660964966,402.1320514678955,101.33703660964966,423.7569360733032,0.15833911970257758,0.8377751072247823,0.15833911970257758,0.8828269501527151,10.487920045852661,21.624884605407715,small_16_32
2026-08-12T15:26:58.414,645,empty,8,0.21299070119857788,54.85056519508362,202.34468644857407,64.36515212059021,223.3191586136818,109.70113039016724,404.68937289714813,128.73030424118042,446.6383172273636,119.21571731567383,425.66384506225586,119.21571731567383,446.6383172273636,0.18627455830574036,0.886799677213033,0.18627455830574036,0.9304964942236741,9.514586925506592,20.974472165107727,small_16_32
2026-08-12T15:26:58.531,646,empty,1,0.45820698142051697,116.2141193151474,191.21114438772202,126.70203936100006,214.89746576547623,232.4282386302948,382.42228877544403,253.40407872200012,429.79493153095245,242.91615867614746,406.10861015319824,242.91615867614746,429.79493153095245,0.3795564979314804,0.8460596044858296,0.3795564979314804,0.8954061073561509,10.487920045852661,23.68632137775421,small_16_32
2026-08-12T15:26:58.531,646,empty,2,0.400795578956604,130.88987731933594,189.7926850914955,139.24197578430176,208.33916801214218,261.7797546386719,379.585370182991,278.4839515686035,416.67833602428436,270.1318531036377,398.1318531036377,270.1318531036377,416.67833602428436,0.4220810204744339,0.8294413606325786,0.4220810204744339,0.8680798667172591,8.35209846496582,18.546482920646667,small_16_32
2026-08-12T15:26:58.531,646,empty,3,0.36130279302597046,145.13570207357407,189.73494046926498,153.2194920182228,209.4614344239235,290.27140414714813,379.46988093852997,306.4389840364456,418.922868847847,298.3551940917969,399.1963748931885,298.3551940917969,418.922868847847,0.46617999076843264,0.8316591143608093,0.46617999076843264,0.8727559767663479,8.083789944648743,19.72649395465851,small_16_32
2026-08-12T15:26:58.531,646,empty,4,0.35360580682754517,159.74243712425232,220.30513298511505,169.2570240497589,238.28616511821747,319.48487424850464,440.6102659702301,338.5140480995178,476.57233023643494,328.99946117401123,458.5912981033325,328.99946117401123,476.57233023643494,0.5140616580843925,0.955398537715276,0.5140616580843925,0.9928590213259061,9.514586925506592,17.981032133102417,small_16_32
2026-08-12T15:26:58.531,646,empty,5,0.33097806572914124,99.15006643533707,193.14026194810867,107.77913278341293,212.26844090223312,198.30013287067413,386.28052389621735,215.55826556682587,424.53688180446625,206.92919921875,405.4087028503418,206.92919921875,424.53688180446625,0.32332687377929686,0.8446014642715454,0.32332687377929686,0.884451837092638,8.629066348075867,19.12817895412445,small_16_32
2026-08-12T15:26:58.531,646,empty,6,0.32359981536865234,192.24106657505035,176.5985987186432,203.0743192434311,217.7565953731537,384.4821331501007,353.1971974372864,406.1486384868622,435.5131907463074,395.31538581848145,394.3551940917969,395.31538581848145,435.5131907463074,0.6176802903413773,0.8215733210245768,0.6176802903413773,0.9073191473881403,10.833252668380737,41.1579966545105,regular_ge32
2026-08-12T15:26:58.531,646,empty,7,0.2363237887620926,45.4999064207077,191.22836965322495,55.987826466560364,212.20284181833267,90.9998128414154,382.4567393064499,111.97565293312073,424.40568363666534,101.48773288726807,403.4312114715576,101.48773288726807,424.40568363666534,0.15857458263635635,0.8404816905657451,0.15857458263635635,0.8841785075763862,10.487920045852661,20.974472165107727,small_16_32
2026-08-12T15:26:58.531,646,empty,8,0.218662291765213,53.85923844575882,202.21589416265488,63.069276034832,221.94238811731339,107.71847689151764,404.43178832530975,126.138552069664,443.88477623462677,116.92851448059082,424.15828227996826,116.92851448059082,443.88477623462677,0.18270080387592316,0.8836630880832672,0.18270080387592316,0.9247599504888058,9.210037589073181,19.72649395465851,small_16_32
2026-08-12T15:26:58.636,647,empty,1,0.4498997628688812,116.29897940158844,191.32491677999496,127.13223206996918,215.01123815774918,232.59795880317688,382.64983355998993,254.26446413993835,430.02247631549835,243.43121147155762,406.33615493774414,243.43121147155762,430.02247631549835,0.3803612679243088,0.8465336561203003,0.3803612679243088,0.8958801589906216,10.833252668380737,23.68632137775421,small_16_32
2026-08-12T15:26:58.636,647,empty,2,0.3848111629486084,131.55629247426987,189.7926850914955,139.6400824189186,208.33916801214218,263.11258494853973,379.585370182991,279.2801648378372,416.67833602428436,271.1963748931885,398.1318531036377,271.1963748931885,416.67833602428436,0.423744335770607,0.8294413606325786,0.423744335770607,0.8680798667172591,8.083789944648743,18.546482920646667,small_16_32
2026-08-12T15:26:58.636,647,empty,3,0.35360580682754517,192.06292080879211,175.66799592971802,203.25246500968933,219.16209650039673,384.12584161758423,351.33599185943604,406.50493001937866,438.32419300079346,395.31538581848145,394.83009243011475,395.31538581848145,438.32419300079346,0.6176802903413773,0.8225626925627391,0.6176802903413773,0.9131754020849864,11.189544200897217,43.49410057067871,regular_ge32
2026-08-12T15:26:58.636,647,empty,4,0.34598395228385925,144.51738935709,189.42728751897812,153.14645570516586,209.76908737421036,289.03477871418,378.85457503795624,306.2929114103317,419.5381747484207,297.66384506225586,399.1963748931885,297.66384506225586,419.5381747484207,0.46509975790977476,0.8316591143608093,0.46509975790977476,0.8740378640592098,8.629066348075867,20.34179985523224,small_16_32
2026-08-12T15:26:58.636,647,empty,5,0.32359981536865234,99.41746574640274,192.65506678819656,108.04653209447861,211.78324574232101,198.83493149280548,385.3101335763931,216.09306418895721,423.56649148464203,207.46399784088135,404.4383125305176,207.46399784088135,423.56649148464203,0.3241624966263771,0.8425798177719116,0.3241624966263771,0.8824301905930042,8.629066348075867,19.12817895412445,small_16_32
2026-08-12T15:26:58.636,647,empty,6,0.31630825996398926,159.96235632896423,220.72888630628586,169.47694325447083,237.62630778551102,319.92471265792847,441.4577726125717,338.95388650894165,475.25261557102203,329.43929958343506,458.3551940917969,329.43929958343506,475.25261557102203,0.5147489055991172,0.9549066543579101,0.5147489055991172,0.9901096157729625,9.514586925506592,16.89742147922516,small_16_32
2026-08-12T15:26:58.636,647,empty,7,0.23032912611961365,45.74427509307861,190.97084325551987,55.89750909805298,211.9453154206276,91.48855018615723,381.94168651103973,111.79501819610596,423.8906308412552,101.64178419113159,402.91615867614746,101.64178419113159,423.8906308412552,0.15881528779864312,0.8394086639086406,0.15881528779864312,0.8831054809192816,10.153234004974365,20.974472165107727,small_16_32
2026-08-12T15:26:58.636,647,empty,8,0.20742715895175934,54.52305722236633,202.22124141454697,64.03764414787292,222.5630412697792,109.04611444473267,404.44248282909393,128.07528829574585,445.1260825395584,118.56070137023926,424.7842826843262,118.56070137023926,445.1260825395584,0.18525109589099883,0.8849672555923462,0.18525109589099883,0.9273460052907467,9.514586925506592,20.34179985523224,small_16_32
2026-08-12T15:26:58.756,648,empty,1,0.441620409488678,116.51065373420715,191.32491677999496,126.66388773918152,215.01123815774918,233.0213074684143,382.64983355998993,253.32777547836304,430.02247631549835,243.17454147338867,406.33615493774414,243.17454147338867,430.02247631549835,0.3799602210521698,0.8465336561203003,0.3799602210521698,0.8958801589906216,10.153234004974365,23.68632137775421,small_16_32
2026-08-12T15:26:58.756,648,empty,2,0.37690892815589905,130.76071494817734,190.05807024240494,138.84450489282608,208.6045531630516,261.5214298963547,380.1161404848099,277.68900978565216,417.2091063261032,269.6052198410034,398.66262340545654,269.6052198410034,417.2091063261032,0.42125815600156785,0.8305471320947011,0.42125815600156785,0.8691856381793817,8.083789944648743,18.546482920646667,small_16_32
2026-08-12T15:26:58.756,648,empty,3,0.37690892815589905,159.5768068432808,220.6671768426895,168.78684443235397,238.64820897579193,319.1536136865616,441.334353685379,337.57368886470795,477.29641795158386,328.36365127563477,459.31538581848145,328.36365127563477,477.29641795158386,0.5130682051181793,0.956907053788503,0.5130682051181793,0.9943675373991331,9.210037589073181,17.981032133102417,small_16_32
2026-08-12T15:26:58.756,648,empty,4,0.34598395228385925,144.65587329864502,189.86875194311142,153.00797176361084,209.59524589776993,289.31174659729004,379.73750388622284,306.0159435272217,419.19049179553986,297.66384506225586,399.46399784088135,297.66384506225586,419.19049179553986,0.46509975790977476,0.8322166621685028,0.46509975790977476,0.8733135245740413,8.35209846496582,19.72649395465851,small_16_32
2026-08-12T15:26:58.756,648,empty,5,0.3384403884410858,192.12658739089966,175.18558394908905,203.68370389938354,219.88590252399445,384.2531747817993,350.3711678981781,407.3674077987671,439.7718050479889,395.8102912902832,395.0714864730835,395.8102912902832,439.7718050479889,0.6184535801410675,0.823065596818924,0.6184535801410675,0.9161912605166436,11.557116508483887,44.700318574905396,regular_ge32
2026-08-12T15:26:58.756,648,empty,6,0.31630825996398926,99.15006643533707,193.19105809926987,107.77913278341293,212.91755205392838,198.30013287067413,386.38211619853973,215.55826556682587,425.83510410785675,206.92919921875,406.10861015319824,206.92919921875,425.83510410785675,0.32332687377929686,0.8460596044858296,0.32332687377929686,0.8871564668913682,8.629066348075867,19.72649395465851,small_16_32
2026-08-12T15:26:58.756,648,empty,7,0.2613641023635864,45.608354806900024,193.19101577997208,55.437244176864624,211.73749870061874,91.21670961380005,386.38203155994415,110.87448835372925,423.4749974012375,101.04559898376465,404.9285144805908,101.04559898376465,423.4749974012375,0.15788374841213226,0.8436010718345642,0.15788374841213226,0.8822395779192448,9.8288893699646,18.546482920646667,small_16_32
2026-08-12T15:26:58.756,648,empty,8,0.24863308668136597,54.44928628206253,202.96867555379868,63.65932387113571,222.69516950845718,108.89857256412506,405.93735110759735,127.31864774227142,445.39033901691437,118.10861015319824,425.66384506225586,118.10861015319824,445.39033901691437,0.18454470336437226,0.886799677213033,0.18454470336437226,0.9278965396185715,9.210037589073181,19.72649395465851,small_16_32
2026-08-12T15:26:58.863,649,empty,1,0.45820698142051697,115.95343053340912,191.9750136733055,126.44135057926178,215.66133505105972,231.90686106681824,383.950027346611,252.88270115852356,431.32267010211945,242.3947811126709,407.63634872436523,242.3947811126709,431.32267010211945,0.3787418454885483,0.8492423931757609,0.3787418454885483,0.8985888960460822,10.487920045852661,23.68632137775421,small_16_32
2026-08-12T15:26:58.863,649,empty,2,0.37690892815589905,131.2885503768921,189.8120938539505,139.6406488418579,207.79312598705292,262.5771007537842,379.624187707901,279.2812976837158,415.58625197410583,270.92919921875,397.6052198410034,270.92919921875,415.58625197410583,0.4233268737792969,0.8283442080020904,0.4233268737792969,0.8658046916127204,8.35209846496582,17.981032133102417,small_16_32
2026-08-12T15:26:58.863,649,empty,3,0.3690716028213501,159.6348478794098,220.42453014850616,169.14943480491638,238.40556228160858,319.2696957588196,440.84906029701233,338.29886960983276,476.81112456321716,328.7842826843262,458.83009243011475,328.7842826843262,476.81112456321716,0.5137254416942596,0.9558960258960724,0.5137254416942596,0.9933565095067024,9.514586925506592,17.981032133102417,small_16_32
2026-08-12T15:26:58.863,649,empty,4,0.36130279302597046,98.75139337778091,193.02086478471756,107.38045972585678,212.149043738842,197.50278675556183,386.0417295694351,214.76091945171356,424.298087477684,206.1318531036377,405.16990852355957,206.1318531036377,424.298087477684,0.3220810204744339,0.844103976090749,0.3220810204744339,0.8839543489118417,8.629066348075867,19.12817895412445,small_16_32
2026-08-12T15:26:58.863,649,empty,5,0.34598395228385925,145.01903718709946,190.56994849443436,153.1028271317482,209.6981274485588,290.0380743741989,381.1398969888687,306.2056542634964,419.3962548971176,298.12186431884766,400.26807594299316,298.12186431884766,419.3962548971176,0.46581541299819945,0.8338918248812358,0.46581541299819945,0.8737421977023284,8.083789944648743,19.12817895412445,small_16_32
2026-08-12T15:26:58.863,649,empty,6,0.3019951581954956,192.17108619213104,176.74845492839813,202.6590062379837,219.06183636188507,384.3421723842621,353.49690985679626,405.3180124759674,438.12367272377014,394.83009243011475,395.8102912902832,394.83009243011475,438.12367272377014,0.6169220194220543,0.8246047735214234,0.6169220194220543,0.9127576515078545,10.487920045852661,42.31338143348694,regular_ge32
2026-08-12T15:26:58.863,649,empty,7,0.24242530763149261,45.56339490413666,192.2933573126793,56.396647572517395,212.63515716791153,91.12678980827332,384.5867146253586,112.79329514503479,425.27031433582306,101.96004247665405,404.9285144805908,101.96004247665405,425.27031433582306,0.15931256636977195,0.8436010718345642,0.15931256636977195,0.8859798215329647,10.833252668380737,20.34179985523224,small_16_32
2026-08-12T15:26:58.863,649,empty,8,0.23032912611961365,54.410784006118774,202.31857866048813,63.925370931625366,222.04507261514664,108.82156801223755,404.63715732097626,127.85074186325073,444.0901452302933,118.33615493774414,424.36365127563477,118.33615493774414,444.0901452302933,0.1849002420902252,0.8840909401575724,0.1849002420902252,0.925187802563111,9.514586925506592,19.72649395465851,small_16_32
2026-08-12T15:26:58.979,650,empty,1,0.43337342143058777,115.95343053340912,191.67786061763763,126.44135057926178,214.6582943201065,231.90686106681824,383.35572123527527,252.88270115852356,429.316588640213,242.3947811126709,406.33615493774414,242.3947811126709,429.316588640213,0.3787418454885483,0.8465336561203003,0.3787418454885483,0.8944095596671104,10.487920045852661,22.980433702468872,small_16_32
2026-08-12T15:26:58.979,650,empty,2,0.3690716028213501,131.55594968795776,189.8120938539505,139.90804815292358,207.79312598705292,263.1118993759155,379.624187707901,279.81609630584717,415.58625197410583,271.46399784088135,397.6052198410034,271.46399784088135,415.58625197410583,0.4241624966263771,0.8283442080020904,0.4241624966263771,0.8658046916127204,8.35209846496582,17.981032133102417,small_16_32
2026-08-12T15:26:58.979,650,empty,3,0.35360580682754517,144.67775481939316,189.42728751897812,152.7615447640419,209.76908737421036,289.3555096387863,378.85457503795624,305.5230895280838,419.5381747484207,297.43929958343506,399.1963748931885,297.43929958343506,419.5381747484207,0.4647489055991173,0.8316591143608093,0.4647489055991173,0.8740378640592098,8.083789944648743,20.34179985523224,small_16_32
2026-08-12T15:26:58.979,650,empty,4,0.35360580682754517,191.7571849822998,175.06488692760468,203.3143014907837,219.76520550251007,383.5143699645996,350.12977385520935,406.6286029815674,439.53041100502014,395.0714864730835,394.83009243011475,395.0714864730835,439.53041100502014,0.6172991976141929,0.8225626925627391,0.6172991976141929,0.9156883562604586,11.557116508483887,44.700318574905396,regular_ge32
2026-08-12T15:26:58.979,650,empty,5,0.35360580682754517,159.89471179246902,221.71587872505188,169.1047493815422,238.09441256523132,319.78942358493805,443.43175745010376,338.2094987630844,476.18882513046265,328.99946117401123,459.8102912902832,328.99946117401123,476.18882513046265,0.5140616580843925,0.9579381068547567,0.5140616580843925,0.9920600523551305,9.210037589073181,16.378533840179443,small_16_32
2026-08-12T15:26:58.979,650,empty,6,0.31630825996398926,99.55142885446548,193.14026194810867,108.18049520254135,212.26844090223312,199.10285770893097,386.28052389621735,216.3609904050827,424.53688180446625,207.73192405700684,405.4087028503418,207.73192405700684,424.53688180446625,0.3245811313390732,0.8446014642715454,0.3245811313390732,0.884451837092638,8.629066348075867,19.12817895412445,small_16_32
2026-08-12T15:26:58.979,650,empty,7,0.2363237887620926,44.889960050582886,189.9193193912506,56.44707655906677,212.2127320766449,89.77992010116577,379.8386387825012,112.89415311813354,424.4254641532898,101.33703660964966,402.1320514678955,101.33703660964966,424.4254641532898,0.15833911970257758,0.8377751072247823,0.15833911970257758,0.8842197169860204,11.557116508483887,22.293412685394287,small_16_32
2026-08-12T15:26:58.979,650,empty,8,0.21299070119857788,54.74297547340393,202.77479499578476,64.25756239891052,223.116594851017,109.48595094680786,405.5495899915695,128.51512479782104,446.233189702034,119.00053787231445,425.89138984680176,119.00053787231445,446.233189702034,0.18593834042549134,0.8872737288475037,0.18593834042549134,0.9296524785459042,9.514586925506592,20.34179985523224,small_16_32
2026-08-12T15:26:59.084,651,empty,1,0.43337342143058777,115.95343053340912,191.2945415377617,126.44135057926178,215.70599633455276,231.90686106681824,382.5890830755234,252.88270115852356,431.41199266910553,242.3947811126709,407.00053787231445,242.3947811126709,431.41199266910553,0.3787418454885483,0.8479177872339885,0.3787418454885483,0.8987749847273032,10.487920045852661,24.411454796791077,small_16_32
2026-08-12T15:26:59.084,651,empty,2,0.400795578956604,131.15526247024536,189.7926850914955,139.50736093521118,208.33916801214218,262.3105249404907,379.585370182991,279.01472187042236,416.67833602428436,270.66262340545654,398.1318531036377,270.66262340545654,416.67833602428436,0.42291034907102587,0.8294413606325786,0.42291034907102587,0.8680798667172591,8.35209846496582,18.546482920646667,small_16_32
2026-08-12T15:26:59.084,651,empty,3,0.36130279302597046,144.3236813545227,189.76722222566605,152.67577981948853,208.8954011797905,288.6473627090454,379.5344444513321,305.35155963897705,417.790802359581,296.99946117401123,398.66262340545654,296.99946117401123,417.790802359581,0.46406165808439254,0.8305471320947011,0.46406165808439254,0.8703975049157937,8.35209846496582,19.12817895412445,small_16_32
2026-08-12T15:26:59.084,651,empty,4,0.36130279302597046,159.68114644289017,221.5818321108818,168.89118403196335,238.47925359010696,319.36229288578033,443.1636642217636,337.7823680639267,476.9585071802139,328.5723304748535,460.06108570098877,328.5723304748535,476.9585071802139,0.5133942663669586,0.9584605952103933,0.5133942663669586,0.9936635566254457,9.210037589073181,16.89742147922516,small_16_32
2026-08-12T15:26:59.084,651,empty,5,0.32359981536865234,99.27452099323273,193.07582086324692,108.18947684764862,212.80231481790543,198.54904198646545,386.15164172649384,216.37895369529724,425.60462963581085,207.46399784088135,405.87813568115234,207.46399784088135,425.60462963581085,0.3241624966263771,0.845579449335734,0.3241624966263771,0.8866763117412726,8.914955854415894,19.72649395465851,small_16_32
2026-08-12T15:26:59.084,651,empty,6,0.30910593271255493,192.06292080879211,175.91064262390137,203.25246500968933,219.40474319458008,384.12584161758423,351.82128524780273,406.50493001937866,438.80948638916016,395.31538581848145,395.31538581848145,395.31538581848145,438.80948638916016,0.6176802903413773,0.8235737204551696,0.6176802903413773,0.914186429977417,11.189544200897217,43.49410057067871,regular_ge32
2026-08-12T15:26:59.084,651,empty,7,0.24242530763149261,46.14231324195862,192.40536814928055,55.65690016746521,211.533547103405,92.28462648391724,384.8107362985611,111.31380033493042,423.06709420681,101.79921340942383,403.93891525268555,101.79921340942383,423.06709420681,0.15906127095222472,0.8415394067764282,0.15906127095222472,0.8813897795975209,9.514586925506592,19.12817895412445,small_16_32
2026-08-12T15:26:59.084,651,empty,8,0.23032912611961365,55.107425928115845,202.11526530981064,64.93631529808044,222.45706516504288,110.21485185623169,404.2305306196213,129.8726305961609,444.91413033008575,120.04374122619629,424.5723304748535,120.04374122619629,444.91413033008575,0.1875683456659317,0.8845256884892782,0.1875683456659317,0.9269044381876786,9.8288893699646,20.34179985523224,small_16_32
2026-08-12T15:26:59.201,652,empty,1,0.441620409488678,159.06368470191956,220.26250177621841,168.89257407188416,238.80898469686508,318.1273694038391,440.52500355243683,337.7851481437683,477.61796939373016,327.9562587738037,459.0714864730835,327.9562587738037,477.61796939373016,0.5124316543340683,0.9563989301522573,0.5124316543340683,0.9950374362369379,9.8288893699646,18.546482920646667,small_16_32
2026-08-12T15:26:59.201,652,empty,2,0.43337342143058777,115.95343053340912,191.65710824728012,126.44135057926178,215.34342962503433,231.90686106681824,383.31421649456024,252.88270115852356,430.68685925006866,242.3947811126709,407.00053787231445,242.3947811126709,430.68685925006866,0.3787418454885483,0.8479177872339885,0.3787418454885483,0.8972642901043097,10.487920045852661,23.68632137775421,small_16_32
2026-08-12T15:26:59.201,652,empty,3,0.37690892815589905,131.42213821411133,189.66073328256607,139.77423667907715,208.20721620321274,262.84427642822266,379.32146656513214,279.5484733581543,416.4144324064255,271.1963748931885,397.8679494857788,271.1963748931885,416.4144324064255,0.423744335770607,0.8288915614287059,0.423744335770607,0.8675300675133865,8.35209846496582,18.546482920646667,small_16_32
2026-08-12T15:26:59.201,652,empty,4,0.3690716028213501,144.4051166176796,189.73494046926498,153.03418296575546,209.4614344239235,288.8102332353592,379.46988093852997,306.0683659315109,418.922868847847,297.43929958343506,399.1963748931885,297.43929958343506,418.922868847847,0.4647489055991173,0.8316591143608093,0.4647489055991173,0.8727559767663479,8.629066348075867,19.72649395465851,small_16_32
2026-08-12T15:26:59.201,652,empty,5,0.3384403884410858,192.17108619213104,176.9567449092865,202.6590062379837,218.114741563797,384.3421723842621,353.913489818573,405.3180124759674,436.229483127594,394.83009243011475,395.0714864730835,394.83009243011475,436.229483127594,0.6169220194220543,0.823065596818924,0.6169220194220543,0.9088114231824875,10.487920045852661,41.1579966545105,regular_ge32
2026-08-12T15:26:59.201,652,empty,6,0.32359981536865234,99.42213821411133,193.31171280145645,107.77423667907715,211.85819572210312,198.84427642822266,386.6234256029129,215.5484733581543,423.71639144420624,207.19637489318848,405.16990852355957,207.19637489318848,423.71639144420624,0.323744335770607,0.844103976090749,0.323744335770607,0.8827424821754296,8.35209846496582,18.546482920646667,small_16_32
2026-08-12T15:26:59.201,652,empty,7,0.2613641023635864,46.06349951028824,193.06906563043594,55.27353709936142,211.6155485510826,92.12699902057648,386.1381312608719,110.54707419872284,423.2310971021652,101.33703660964966,404.68461418151855,101.33703660964966,423.2310971021652,0.15833911970257758,0.843092946211497,0.15833911970257758,0.8817314522961776,9.210037589073181,18.546482920646667,small_16_32
2026-08-12T15:26:59.201,652,empty,8,0.2613641023635864,54.85056519508362,202.96867555379868,64.36515212059021,222.69516950845718,109.70113039016724,405.93735110759735,128.73030424118042,445.39033901691437,119.21571731567383,425.66384506225586,119.21571731567383,445.39033901691437,0.18627455830574036,0.886799677213033,0.18627455830574036,0.9278965396185715,9.514586925506592,19.72649395465851,small_16_32
2026-08-12T15:26:59.305,653,empty,1,0.4251631200313568,115.69011342525482,191.2945415377617,126.17803347110748,215.70599633455276,231.38022685050964,382.5890830755234,252.35606694221497,431.41199266910553,241.8681468963623,407.00053787231445,241.8681468963623,431.41199266910553,0.3779189795255661,0.8479177872339885,0.3779189795255661,0.8987749847273032,10.487920045852661,24.411454796791077,small_16_32
2026-08-12T15:26:59.305,653,empty,2,0.37690892815589905,131.2885503768921,189.76722222566605,139.6406488418579,208.8954011797905,262.5771007537842,379.5344444513321,279.2812976837158,417.790802359581,270.92919921875,398.66262340545654,270.92919921875,417.790802359581,0.4233268737792969,0.8305471320947011,0.4233268737792969,0.8703975049157937,8.35209846496582,19.12817895412445,small_16_32
2026-08-12T15:26:59.305,653,empty,3,0.3690716028213501,159.6944649219513,220.94195932149887,169.5233542919159,238.37342649698257,319.3889298439026,441.88391864299774,339.0467085838318,476.74685299396515,329.2178192138672,459.31538581848145,329.2178192138672,476.74685299396515,0.5144028425216675,0.956907053788503,0.5144028425216675,0.9932226104040941,9.8288893699646,17.431467175483704,small_16_32
2026-08-12T15:26:59.305,653,empty,4,0.34598395228385925,145.01903718709946,189.86875194311142,153.1028271317482,209.59524589776993,290.0380743741989,379.73750388622284,306.2056542634964,419.19049179553986,298.12186431884766,399.46399784088135,298.12186431884766,419.19049179553986,0.46581541299819945,0.8322166621685028,0.46581541299819945,0.8733135245740413,8.083789944648743,19.72649395465851,small_16_32
2026-08-12T15:26:59.305,653,empty,5,0.32359981536865234,191.37203109264374,175.3183090686798,203.69945538043976,221.2504804134369,382.7440621852875,350.6366181373596,407.3989107608795,442.5009608268738,395.0714864730835,396.5687894821167,395.0714864730835,442.5009608268738,0.6172991976141929,0.8261849780877432,0.6172991976141929,0.9218770017226537,12.32742428779602,45.93217134475708,regular_ge32
2026-08-12T15:26:59.305,653,empty,6,0.31630825996398926,99.68546682596207,193.63702195882797,108.31453317403793,213.36351591348648,199.37093365192413,387.27404391765594,216.62906634807587,426.72703182697296,208.0,407.00053787231445,208.0,426.72703182697296,0.325,0.8479177872339885,0.325,0.889014649639527,8.629066348075867,19.72649395465851,small_16_32
2026-08-12T15:26:59.305,653,empty,7,0.2549463212490082,54.58582425117493,203.432402074337,64.41471362113953,223.1588960289955,109.17164850234985,406.864804148674,128.82942724227905,446.317792057991,119.00053787231445,426.5912981033325,119.00053787231445,446.317792057991,0.18593834042549134,0.8887318710486094,0.18593834042549134,0.929828733454148,9.8288893699646,19.72649395465851,small_16_32
2026-08-12T15:26:59.305,653,empty,8,0.24863308668136597,46.14770007133484,191.10003465414047,55.97658944129944,212.0745068192482,92.29540014266968,382.20006930828094,111.95317888259888,424.1490136384964,102.12428951263428,403.1745414733887,102.12428951263428,424.1490136384964,0.15956920236349106,0.839946961402893,0.15956920236349106,0.8836437784135341,9.8288893699646,20.974472165107727,small_16_32
2026-08-12T15:26:59.425,654,empty,1,0.45820698142051697,116.2141193151474,191.21114438772202,126.70203936100006,214.89746576547623,232.4282386302948,382.42228877544403,253.40407872200012,429.79493153095245,242.91615867614746,406.10861015319824,242.91615867614746,429.79493153095245,0.3795564979314804,0.8460596044858296,0.3795564979314804,0.8954061073561509,10.487920045852661,23.68632137775421,small_16_32
2026-08-12T15:26:59.425,654,empty,2,0.37690892815589905,131.15526247024536,189.66073328256607,139.50736093521118,208.20721620321274,262.3105249404907,379.32146656513214,279.01472187042236,416.4144324064255,270.66262340545654,397.8679494857788,270.66262340545654,416.4144324064255,0.42291034907102587,0.8288915614287059,0.42291034907102587,0.8675300675133865,8.35209846496582,18.546482920646667,small_16_32
2026-08-12T15:26:59.425,654,empty,3,0.3690716028213501,159.6348478794098,221.06511110067368,169.14943480491638,238.49657827615738,319.2696957588196,442.13022220134735,338.29886960983276,476.99315655231476,328.7842826843262,459.56168937683105,328.7842826843262,476.99315655231476,0.5137254416942596,0.9574201862017314,0.5137254416942596,0.9937357428173225,9.514586925506592,17.431467175483704,small_16_32
2026-08-12T15:26:59.425,654,empty,4,0.36130279302597046,144.54360055923462,189.29369968175888,152.89569902420044,209.63549953699112,289.08720111846924,378.58739936351776,305.7913980484009,419.27099907398224,297.43929958343506,398.92919921875,297.43929958343506,419.27099907398224,0.4647489055991173,0.8311024983723958,0.4647489055991173,0.8734812480707963,8.35209846496582,20.34179985523224,small_16_32
2026-08-12T15:26:59.425,654,empty,5,0.3384403884410858,98.74091827869415,193.19105809926987,107.65587413311005,212.91755205392838,197.4818365573883,386.38211619853973,215.3117482662201,425.83510410785675,206.3967924118042,406.10861015319824,206.3967924118042,425.83510410785675,0.3224949881434441,0.8460596044858296,0.3224949881434441,0.8871564668913682,8.914955854415894,19.72649395465851,small_16_32
2026-08-12T15:26:59.425,654,empty,6,0.2880568504333496,191.998419880867,176.50100219249725,202.83167254924774,218.8143836259842,383.996839761734,353.0020043849945,405.6633450984955,437.6287672519684,394.83009243011475,395.31538581848145,394.83009243011475,437.6287672519684,0.6169220194220543,0.8235737204551696,0.6169220194220543,0.9117265984416008,10.833252668380737,42.31338143348694,regular_ge32
2026-08-12T15:26:59.425,654,empty,7,0.2613641023635864,45.98657298088074,191.979774415493,55.50115990638733,211.70626837015152,91.97314596176147,383.959548830986,111.00231981277466,423.41253674030304,101.48773288726807,403.68604278564453,101.48773288726807,423.41253674030304,0.15857458263635635,0.8410125891367595,0.15857458263635635,0.882109451542298,9.514586925506592,19.72649395465851,small_16_32
2026-08-12T15:26:59.425,654,empty,8,0.2363237887620926,54.74297547340393,202.96867555379868,64.25756239891052,222.69516950845718,109.48595094680786,405.93735110759735,128.51512479782104,445.39033901691437,119.00053787231445,425.66384506225586,119.00053787231445,445.39033901691437,0.18593834042549134,0.886799677213033,0.18593834042549134,0.9278965396185715,9.514586925506592,19.72649395465851,small_16_32
2026-08-12T15:26:59.532,655,empty,1,0.4251631200313568,116.38146233558655,191.67786061763763,126.53469634056091,214.6582943201065,232.7629246711731,383.35572123527527,253.06939268112183,429.316588640213,242.91615867614746,406.33615493774414,242.91615867614746,429.316588640213,0.3795564979314804,0.8465336561203003,0.3795564979314804,0.8944095596671104,10.153234004974365,22.980433702468872,small_16_32
2026-08-12T15:26:59.532,655,empty,2,0.3690716028213501,130.76071494817734,190.34079563617706,138.84450489282608,208.32182776927948,261.5214298963547,380.6815912723541,277.68900978565216,416.64365553855896,269.6052198410034,398.66262340545654,269.6052198410034,416.64365553855896,0.42125815600156785,0.8305471320947011,0.42125815600156785,0.8680076157053311,8.083789944648743,17.981032133102417,small_16_32
2026-08-12T15:26:59.532,655,empty,3,0.3690716028213501,159.6348478794098,220.42453014850616,169.14943480491638,238.40556228160858,319.2696957588196,440.84906029701233,338.29886960983276,476.81112456321716,328.7842826843262,458.83009243011475,328.7842826843262,476.81112456321716,0.5137254416942596,0.9558960258960724,0.5137254416942596,0.9933565095067024,9.514586925506592,17.981032133102417,small_16_32
2026-08-12T15:26:59.532,655,empty,4,0.33097806572914124,192.24106657505035,176.74845492839813,203.0743192434311,219.06183636188507,384.4821331501007,353.49690985679626,406.1486384868622,438.12367272377014,395.31538581848145,395.8102912902832,395.31538581848145,438.12367272377014,0.6176802903413773,0.8246047735214234,0.6176802903413773,0.9127576515078545,10.833252668380737,42.31338143348694,regular_ge32
2026-08-12T15:26:59.532,655,empty,5,0.32359981536865234,99.01677852869034,193.14026194810867,107.6458448767662,212.26844090223312,198.03355705738068,386.28052389621735,215.2916897535324,424.53688180446625,206.66262340545654,405.4087028503418,206.66262340545654,424.53688180446625,0.32291034907102584,0.8446014642715454,0.32291034907102584,0.884451837092638,8.629066348075867,19.12817895412445,small_16_32
2026-08-12T15:26:59.532,655,empty,6,0.32359981536865234,144.54360055923462,190.00271505117416,152.89569902420044,209.72920900583267,289.08720111846924,380.0054301023483,305.7913980484009,419.45841801166534,297.43929958343506,399.73192405700684,297.43929958343506,419.45841801166534,0.4647489055991173,0.8327748417854309,0.4647489055991173,0.8738717041909695,8.35209846496582,19.72649395465851,small_16_32
2026-08-12T15:26:59.532,655,empty,7,0.23032912611961365,45.4999064207077,191.92395442724228,55.987826466560364,212.26575428247452,90.9998128414154,383.84790885448456,111.97565293312073,424.53150856494904,101.48773288726807,404.1897087097168,101.48773288726807,424.53150856494904,0.15857458263635635,0.8420618931452434,0.15857458263635635,0.8844406428436439,10.487920045852661,20.34179985523224,small_16_32
2026-08-12T15:26:59.532,655,empty,8,0.23032912611961365,54.78607255220413,203.55179923772812,63.99611014127731,223.27829319238663,109.57214510440826,407.10359847545624,127.99222028255463,446.55658638477325,118.78218269348145,426.83009243011475,118.78218269348145,446.55658638477325,0.18559716045856475,0.8892293592294057,0.18559716045856475,0.9303262216349443,9.210037589073181,19.72649395465851,small_16_32
2026-08-12T15:26:59.649,656,empty,1,0.4498997628688812,116.2141193151474,191.32491677999496,126.70203936100006,215.01123815774918,232.4282386302948,382.64983355998993,253.40407872200012,430.02247631549835,242.91615867614746,406.33615493774414,242.91615867614746,430.02247631549835,0.3795564979314804,0.8465336561203003,0.3795564979314804,0.8958801589906216,10.487920045852661,23.68632137775421,small_16_32
2026-08-12T15:26:59.649,656,empty,2,0.40887001156806946,159.6348478794098,220.5076032280922,169.14943480491638,239.05408614873886,319.2696957588196,441.0152064561844,338.29886960983276,478.1081722974777,328.7842826843262,459.56168937683105,328.7842826843262,478.1081722974777,0.5137254416942596,0.9574201862017314,0.5137254416942596,0.996058692286412,9.514586925506592,18.546482920646667,small_16_32
2026-08-12T15:26:59.649,656,empty,3,0.39277467131614685,130.88987731933594,190.034097969532,139.24197578430176,209.16227692365646,261.7797546386719,380.068195939064,278.4839515686035,418.3245538473129,270.1318531036377,399.1963748931885,270.1318531036377,418.3245538473129,0.4220810204744339,0.8316591143608093,0.4220810204744339,0.8715094871819019,8.35209846496582,19.12817895412445,small_16_32
2026-08-12T15:26:59.649,656,empty,4,0.37690892815589905,144.88488292694092,189.6950621008873,153.23698139190674,210.03686195611954,289.76976585388184,379.3901242017746,306.4739627838135,420.0737239122391,298.12186431884766,399.73192405700684,298.12186431884766,420.0737239122391,0.46581541299819945,0.8327748417854309,0.46581541299819945,0.8751535914838314,8.35209846496582,20.34179985523224,small_16_32
2026-08-12T15:26:59.649,656,empty,5,0.35360580682754517,192.25198459625244,175.5485987663269,203.80910110473633,219.04269933700562,384.5039691925049,351.0971975326538,407.61820220947266,438.08539867401123,396.06108570098877,394.5912981033325,396.06108570098877,438.08539867401123,0.6188454464077949,0.8220652043819427,0.6188454464077949,0.9126779139041901,11.557116508483887,43.49410057067871,regular_ge32
2026-08-12T15:26:59.649,656,empty,6,0.32359981536865234,99.14070951938629,193.4902155995369,108.05566537380219,212.61839455366135,198.28141903877258,386.9804311990738,216.11133074760437,425.2367891073227,207.19637489318848,406.10861015319824,207.19637489318848,425.2367891073227,0.323744335770607,0.8460596044858296,0.323744335770607,0.8859099773069222,8.914955854415894,19.12817895412445,small_16_32
2026-08-12T15:26:59.649,656,empty,7,0.2549463212490082,46.0635986328125,191.15719836950302,55.57818555831909,211.49899822473526,92.127197265625,382.31439673900604,111.15637111663818,422.9979964494705,101.64178419113159,402.6561965942383,101.64178419113159,422.9979964494705,0.15881528779864312,0.8388670762379964,0.15881528779864312,0.8812458259363969,9.514586925506592,20.34179985523224,small_16_32
2026-08-12T15:26:59.649,656,empty,8,0.24863308668136597,54.52305722236633,202.85640281438828,64.03764414787292,222.58289676904678,109.04611444473267,405.71280562877655,128.07528829574585,445.16579353809357,118.56070137023926,425.43929958343506,118.56070137023926,445.16579353809357,0.18525109589099883,0.8863318741321564,0.18525109589099883,0.927428736537695,9.514586925506592,19.72649395465851,small_16_32
2026-08-12T15:26:59.754,657,empty,1,0.441620409488678,116.08413827419281,191.61244696378708,126.57205832004547,216.02390176057816,232.16827654838562,383.22489392757416,253.14411664009094,432.0478035211563,242.65619659423828,407.63634872436523,242.65619659423828,432.0478035211563,0.3791503071784973,0.8492423931757609,0.3791503071784973,0.9000995906690756,10.487920045852661,24.411454796791077,small_16_32
2026-08-12T15:26:59.754,657,empty,2,0.37690892815589905,130.7579255104065,190.05807024240494,139.11002397537231,208.6045531630516,261.515851020813,380.1161404848099,278.22004795074463,417.2091063261032,269.8679494857788,398.66262340545654,269.8679494857788,417.2091063261032,0.4216686710715294,0.8305471320947011,0.4216686710715294,0.8691856381793817,8.35209846496582,18.546482920646667,small_16_32
2026-08-12T15:26:59.754,657,empty,3,0.3384403884410858,99.01677852869034,193.25831347703934,107.6458448767662,212.3864924311638,198.03355705738068,386.5166269540787,215.2916897535324,424.7729848623276,206.66262340545654,405.6448059082031,206.66262340545654,424.7729848623276,0.32291034907102584,0.8450933456420898,0.32291034907102584,0.8849437184631824,8.629066348075867,19.12817895412445,small_16_32
2026-08-12T15:26:59.754,657,empty,4,0.3384403884410858,145.01903718709946,190.00271505117416,153.1028271317482,209.72920900583267,290.0380743741989,380.0054301023483,306.2056542634964,419.45841801166534,298.12186431884766,399.73192405700684,298.12186431884766,419.45841801166534,0.46581541299819945,0.8327748417854309,0.46581541299819945,0.8738717041909695,8.083789944648743,19.72649395465851,small_16_32
2026-08-12T15:26:59.754,657,empty,5,0.3384403884410858,191.81269598007202,174.2115113735199,203.74899339675903,220.14368271827698,383.62539196014404,348.4230227470398,407.49798679351807,440.28736543655396,395.56168937683105,394.3551940917969,395.56168937683105,440.28736543655396,0.6180651396512985,0.8215733210245768,0.6180651396512985,0.9172653446594874,11.936297416687012,45.93217134475708,regular_ge32
2026-08-12T15:26:59.754,657,empty,6,0.33097806572914124,159.62166321277618,221.70826786756516,168.53661906719208,238.6056893467903,319.24332642555237,443.4165357351303,337.07323813438416,477.2113786935806,328.15828227996826,460.31395721435547,328.15828227996826,477.2113786935806,0.5127473160624504,0.9589874108632406,0.5127473160624504,0.994190372278293,8.914955854415894,16.89742147922516,small_16_32
2026-08-12T15:26:59.754,657,empty,7,0.24863308668136597,45.83754062652588,192.15151625871658,55.35212755203247,211.27969521284103,91.67508125305176,384.30303251743317,110.70425510406494,422.55939042568207,101.18966817855835,403.4312114715576,101.18966817855835,422.55939042568207,0.15810885652899742,0.8404816905657451,0.15810885652899742,0.8803320633868377,9.514586925506592,19.12817895412445,small_16_32
2026-08-12T15:26:59.754,657,empty,8,0.23032912611961365,54.78607255220413,203.2678330540657,63.99611014127731,222.39601200819016,109.57214510440826,406.5356661081314,127.99222028255463,444.7920240163803,118.78218269348145,425.66384506225586,118.78218269348145,444.7920240163803,0.18559716045856475,0.886799677213033,0.18559716045856475,0.9266500500341256,9.210037589073181,19.12817895412445,small_16_32
2026-08-12T15:26:59.870,658,empty,1,0.43337342143058777,116.343310713768,191.54793065786362,126.83123075962067,215.23425203561783,232.686621427536,383.09586131572723,253.66246151924133,430.46850407123566,243.17454147338867,406.78218269348145,243.17454147338867,430.46850407123566,0.3799602210521698,0.8474628806114197,0.3799602210521698,0.896809383481741,10.487920045852661,23.68632137775421,small_16_32
2026-08-12T15:26:59.870,658,empty,2,0.400795578956604,159.6944649219513,219.73155957460403,169.5233542919159,238.85973852872849,319.3889298439026,439.46311914920807,339.0467085838318,477.71947705745697,329.2178192138672,458.5912981033325,329.2178192138672,477.71947705745697,0.5144028425216675,0.955398537715276,0.5144028425216675,0.9952489105363687,9.8288893699646,19.12817895412445,small_16_32
2026-08-12T15:26:59.870,658,empty,3,0.37690892815589905,131.6901039481163,190.07541048526764,139.77389389276505,208.05644261837006,263.3802078962326,380.1508209705353,279.5477877855301,416.1128852367401,271.46399784088135,398.1318531036377,271.46399784088135,416.1128852367401,0.4241624966263771,0.8294413606325786,0.4241624966263771,0.8669018442432086,8.083789944648743,17.981032133102417,small_16_32
2026-08-12T15:26:59.870,658,empty,4,0.35360580682754517,144.67775481939316,190.16790944337845,152.7615447640419,209.2960883975029,289.3555096387863,380.3358188867569,305.5230895280838,418.5921767950058,297.43929958343506,399.46399784088135,297.43929958343506,418.5921767950058,0.4647489055991173,0.8322166621685028,0.4647489055991173,0.8720670349895954,8.083789944648743,19.12817895412445,small_16_32
2026-08-12T15:26:59.870,658,empty,5,0.35360580682754517,192.5368846654892,175.90424144268036,203.02480471134186,218.2176228761673,385.0737693309784,351.8084828853607,406.0496094226837,436.4352457523346,395.56168937683105,394.12186431884766,395.56168937683105,436.4352457523346,0.6180651396512985,0.8210872173309326,0.6180651396512985,0.9092400953173637,10.487920045852661,42.31338143348694,regular_ge32
2026-08-12T15:26:59.870,658,empty,6,0.34598395228385925,99.01677852869034,193.25831347703934,107.6458448767662,212.3864924311638,198.03355705738068,386.5166269540787,215.2916897535324,424.7729848623276,206.66262340545654,405.6448059082031,206.66262340545654,424.7729848623276,0.32291034907102584,0.8450933456420898,0.32291034907102584,0.8849437184631824,8.629066348075867,19.12817895412445,small_16_32
2026-08-12T15:26:59.870,658,empty,7,0.2613641023635864,45.75407361984253,192.65506678819656,55.58296298980713,211.78324574232101,91.50814723968506,385.3101335763931,111.16592597961426,423.56649148464203,101.33703660964966,404.4383125305176,101.33703660964966,423.56649148464203,0.15833911970257758,0.8425798177719116,0.15833911970257758,0.8824301905930042,9.8288893699646,19.12817895412445,small_16_32
2026-08-12T15:26:59.870,658,empty,8,0.2549463212490082,54.410784006118774,202.63648360967636,63.925370931625366,222.36297756433487,108.82156801223755,405.2729672193527,127.85074186325073,444.72595512866974,118.33615493774414,424.99946117401123,118.33615493774414,444.72595512866974,0.1849002420902252,0.8854155441125234,0.1849002420902252,0.926512406518062,9.514586925506592,19.72649395465851,small_16_32
2026-08-12T15:26:59.975,659,empty,1,0.4498997628688812,115.51744711399078,191.61244696378708,126.35069978237152,216.02390176057816,231.03489422798157,383.22489392757416,252.70139956474304,432.0478035211563,241.8681468963623,407.63634872436523,241.8681468963623,432.0478035211563,0.3779189795255661,0.8492423931757609,0.3779189795255661,0.9000995906690756,10.833252668380737,24.411454796791077,small_16_32
2026-08-12T15:26:59.975,659,empty,2,0.3848111629486084,160.003890812397,220.54522716999054,169.21392840147018,238.52625930309296,320.007781624794,441.0904543399811,338.42785680294037,477.0525186061859,329.2178192138672,459.0714864730835,329.2178192138672,477.0525186061859,0.5144028425216675,0.9563989301522573,0.5144028425216675,0.9938594137628873,9.210037589073181,17.981032133102417,small_16_32
2026-08-12T15:26:59.975,659,empty,3,0.3690716028213501,131.55629247426987,189.92515474557877,139.6400824189186,208.47163766622543,263.11258494853973,379.85030949115753,279.2801648378372,416.94327533245087,271.1963748931885,398.3967924118042,271.1963748931885,416.94327533245087,0.423744335770607,0.829993317524592,0.423744335770607,0.8686318236092726,8.083789944648743,18.546482920646667,small_16_32
2026-08-12T15:26:59.975,659,empty,4,0.34598395228385925,145.13570207357407,190.00271505117416,153.2194920182228,209.72920900583267,290.27140414714813,380.0054301023483,306.4389840364456,419.45841801166534,298.3551940917969,399.73192405700684,298.3551940917969,419.45841801166534,0.46617999076843264,0.8327748417854309,0.46617999076843264,0.8738717041909695,8.083789944648743,19.72649395465851,small_16_32
2026-08-12T15:26:59.975,659,empty,5,0.3384403884410858,98.74091827869415,193.30483049154282,107.65587413311005,213.03132444620132,197.4818365573883,386.60966098308563,215.3117482662201,426.06264889240265,206.3967924118042,406.33615493774414,206.3967924118042,426.06264889240265,0.3224949881434441,0.8465336561203003,0.3224949881434441,0.8876305185258389,8.914955854415894,19.72649395465851,small_16_32
2026-08-12T15:26:59.975,659,empty,6,0.32359981536865234,191.7571849822998,175.5549863576889,203.3143014907837,220.2553049325943,383.5143699645996,351.1099727153778,406.6286029815674,440.5106098651886,395.0714864730835,395.8102912902832,395.0714864730835,440.5106098651886,0.6172991976141929,0.8246047735214234,0.6172991976141929,0.9177304372191429,11.557116508483887,44.700318574905396,regular_ge32
2026-08-12T15:26:59.975,659,empty,7,0.2613641023635864,45.608354806900024,192.04825633764267,55.437244176864624,212.3900561928749,91.21670961380005,384.09651267528534,110.87448835372925,424.7801123857498,101.04559898376465,404.4383125305176,101.04559898376465,424.7801123857498,0.15788374841213226,0.8425798177719116,0.15788374841213226,0.8849585674703121,9.8288893699646,20.34179985523224,small_16_32
2026-08-12T15:26:59.975,659,empty,8,0.2363237887620926,54.297011613845825,202.52889436483383,63.81159853935242,222.25538831949234,108.59402322769165,405.05778872966766,127.62319707870483,444.5107766389847,118.10861015319824,424.7842826843262,118.10861015319824,444.5107766389847,0.18454470336437226,0.8849672555923462,0.18454470336437226,0.9260641179978848,9.514586925506592,19.72649395465851,small_16_32
2026-08-12T15:27:00.082,660,empty,1,0.4498997628688812,115.82206571102142,192.07769864797592,126.30998575687408,215.76402002573013,231.64413142204285,384.15539729595184,252.61997151374817,431.52804005146027,242.1320514678955,407.84171867370605,242.1320514678955,431.52804005146027,0.37833133041858674,0.8496702472368877,0.37833133041858674,0.8990167501072089,10.487920045852661,23.68632137775421,small_16_32
2026-08-12T15:27:00.082,660,empty,2,0.3848111629486084,131.6901039481163,190.45875746011734,139.77389389276505,209.005240380764,263.3802078962326,380.9175149202347,279.5477877855301,418.010480761528,271.46399784088135,399.46399784088135,271.46399784088135,418.010480761528,0.4241624966263771,0.8322166621685028,0.4241624966263771,0.8708551682531833,8.083789944648743,18.546482920646667,small_16_32
2026-08-12T15:27:00.082,660,empty,3,0.36130279302597046,144.21609210968018,189.73494046926498,152.568190574646,209.4614344239235,288.43218421936035,379.46988093852997,305.136381149292,418.922868847847,296.7842826843262,399.1963748931885,296.7842826843262,418.922868847847,0.46372544169425967,0.8316591143608093,0.46372544169425967,0.8727559767663479,8.35209846496582,19.72649395465851,small_16_32
2026-08-12T15:27:00.082,660,empty,4,0.35360580682754517,98.88386303186417,193.7162612080574,107.51292937994003,212.84444016218185,197.76772606372833,387.4325224161148,215.02585875988007,425.6888803243637,206.3967924118042,406.56070137023926,206.3967924118042,425.6888803243637,0.3224949881434441,0.8470014611879985,0.3224949881434441,0.8868518340090911,8.629066348075867,19.12817895412445,small_16_32
2026-08-12T15:27:00.082,660,empty,5,0.3384403884410858,192.25198459625244,174.82743775844574,203.80910110473633,219.52775633335114,384.5039691925049,349.6548755168915,407.61820220947266,439.05551266670227,396.06108570098877,394.3551940917969,396.06108570098877,439.05551266670227,0.6188454464077949,0.8215733210245768,0.6188454464077949,0.9146989847222964,11.557116508483887,44.700318574905396,regular_ge32
2026-08-12T15:27:00.082,660,empty,6,0.32359981536865234,159.8286873102188,221.33213394880295,168.7436431646347,238.2295554280281,319.6573746204376,442.6642678976059,337.4872863292694,476.4591108560562,328.5723304748535,459.56168937683105,328.5723304748535,476.4591108560562,0.5133942663669586,0.9574201862017314,0.5133942663669586,0.9926231476167838,8.914955854415894,16.89742147922516,small_16_32
2026-08-12T15:27:00.082,660,empty,7,0.2549463212490082,45.906447410583496,192.27893191576004,55.735336780548096,211.4071108698845,91.81289482116699,384.5578638315201,111.47067356109619,422.814221739769,101.64178419113159,403.68604278564453,101.64178419113159,422.814221739769,0.15881528779864312,0.8410125891367595,0.15881528779864312,0.8808629619578521,9.8288893699646,19.12817895412445,small_16_32
2026-08-12T15:27:00.082,660,empty,8,0.21299070119857788,54.74297547340393,202.31857866048813,64.25756239891052,222.04507261514664,109.48595094680786,404.63715732097626,128.51512479782104,444.0901452302933,119.00053787231445,424.36365127563477,119.00053787231445,444.0901452302933,0.18593834042549134,0.8840909401575724,0.18593834042549134,0.925187802563111,9.514586925506592,19.72649395465851,small_16_32
2026-08-12T15:27:00.198,661,empty,1,0.43337342143058777,116.08413827419281,191.7646979689598,126.57205832004547,215.45101934671402,232.16827654838562,383.5293959379196,253.14411664009094,430.90203869342804,242.65619659423828,407.2157173156738,242.65619659423828,430.90203869342804,0.3791503071784973,0.8483660777409872,0.3791503071784973,0.8977125806113084,10.487920045852661,23.68632137775421,small_16_32
2026-08-12T15:27:00.198,661,empty,2,0.36130279302597046,159.7871225476265,220.8200096487999,168.99716013669968,238.2514768242836,319.574245095253,441.6400192975998,337.99432027339935,476.5029536485672,328.7842826843262,459.0714864730835,328.7842826843262,476.5029536485672,0.5137254416942596,0.9563989301522573,0.5137254416942596,0.9927144867678483,9.210037589073181,17.431467175483704,small_16_32
2026-08-12T15:27:00.198,661,empty,3,0.35360580682754517,131.42270463705063,190.2078801393509,139.50649458169937,208.1889122724533,262.84540927410126,380.4157602787018,279.01298916339874,416.3778245449066,270.92919921875,398.3967924118042,270.92919921875,416.3778245449066,0.4233268737792969,0.829993317524592,0.4233268737792969,0.8674538011352221,8.083789944648743,17.981032133102417,small_16_32
2026-08-12T15:27:00.198,661,empty,4,0.34598395228385925,191.4939807653427,173.97960925102234,203.82140505313873,219.91178059577942,382.9879615306854,347.9592185020447,407.64281010627747,439.82356119155884,395.31538581848145,393.89138984680176,395.31538581848145,439.82356119155884,0.6176802903413773,0.820607062180837,0.6176802903413773,0.9162990858157476,12.32742428779602,45.93217134475708,regular_ge32
2026-08-12T15:27:00.198,661,empty,5,0.33097806572914124,99.01677852869034,193.66582638025284,107.6458448767662,212.2123093008995,198.03355705738068,387.3316527605057,215.2916897535324,424.424618601799,206.66262340545654,405.87813568115234,206.66262340545654,424.424618601799,0.32291034907102584,0.845579449335734,0.32291034907102584,0.8842179554204146,8.629066348075867,18.546482920646667,small_16_32
2026-08-12T15:27:00.198,661,empty,6,0.33097806572914124,144.76964569091797,189.02749627828598,153.1217441558838,209.36929613351822,289.53929138183594,378.05499255657196,306.2434883117676,418.73859226703644,297.89138984680176,398.3967924118042,297.89138984680176,418.73859226703644,0.46545529663562774,0.829993317524592,0.46545529663562774,0.8723720672229925,8.35209846496582,20.34179985523224,small_16_32
2026-08-12T15:27:00.198,661,empty,7,0.24863308668136597,46.286388516426086,192.85250532627106,55.20134437084198,210.83353745937347,92.57277703285217,385.7050106525421,110.40268874168396,421.66707491874695,101.48773288726807,403.68604278564453,101.48773288726807,421.66707491874695,0.15857458263635635,0.8410125891367595,0.15857458263635635,0.8784730727473895,8.914955854415894,17.981032133102417,small_16_32
2026-08-12T15:27:00.198,661,empty,8,0.23032912611961365,55.416851818561554,203.6135075688362,64.62688940763474,222.74168652296066,110.83370363712311,407.2270151376724,129.25377881526947,445.4833730459213,120.04374122619629,426.3551940917969,120.04374122619629,445.4833730459213,0.1875683456659317,0.8882399876912435,0.1875683456659317,0.9280903605123361,9.210037589073181,19.12817895412445,small_16_32
2026-08-12T15:27:00.302,662,empty,1,0.4665374755859375,116.343310713768,190.61667555570602,126.83123075962067,215.0281303524971,232.686621427536,381.23335111141205,253.66246151924133,430.0562607049942,243.17454147338867,405.6448059082031,243.17454147338867,430.0562607049942,0.3799602210521698,0.8450933456420898,0.3799602210521698,0.8959505431354046,10.487920045852661,24.411454796791077,small_16_32
2026-08-12T15:27:00.302,662,empty,2,0.400795578956604,130.6265606880188,190.05807024240494,138.97865915298462,208.6045531630516,261.2531213760376,380.1161404848099,277.95731830596924,417.2091063261032,269.6052198410034,398.66262340545654,269.6052198410034,417.2091063261032,0.42125815600156785,0.8305471320947011,0.42125815600156785,0.8691856381793817,8.35209846496582,18.546482920646667,small_16_32
2026-08-12T15:27:00.302,662,empty,3,0.37690892815589905,144.79002755880356,189.46806472539902,152.8738175034523,209.19455868005753,289.5800551176071,378.93612945079803,305.7476350069046,418.38911736011505,297.66384506225586,398.66262340545654,297.66384506225586,418.38911736011505,0.46509975790977476,0.8305471320947011,0.46509975790977476,0.8716439945002397,8.083789944648743,19.72649395465851,small_16_32
2026-08-12T15:27:00.302,662,empty,4,0.3384403884410858,160.003890812397,221.08703249692917,169.21392840147018,237.98445397615433,320.007781624794,442.17406499385834,338.42785680294037,475.96890795230865,329.2178192138672,459.0714864730835,329.2178192138672,475.96890795230865,0.5144028425216675,0.9563989301522573,0.5144028425216675,0.9916018915673097,9.210037589073181,16.89742147922516,small_16_32
2026-08-12T15:27:00.302,662,empty,5,0.32359981536865234,99.27452099323273,192.9591559767723,108.18947684764862,212.68564993143082,198.54904198646545,385.9183119535446,216.37895369529724,425.37129986286163,207.46399784088135,405.6448059082031,207.46399784088135,425.37129986286163,0.3241624966263771,0.8450933456420898,0.3241624966263771,0.8861902080476284,8.914955854415894,19.72649395465851,small_16_32
2026-08-12T15:27:00.302,662,empty,6,0.31630825996398926,192.56220650672913,175.5485987663269,203.75175070762634,219.04269933700562,385.12441301345825,351.0971975326538,407.5035014152527,438.08539867401123,396.31395721435547,394.5912981033325,396.31395721435547,438.08539867401123,0.6192405581474304,0.8220652043819427,0.6192405581474304,0.9126779139041901,11.189544200897217,43.49410057067871,regular_ge32
2026-08-12T15:27:00.302,662,empty,7,0.24863308668136597,45.736061215400696,191.5447058081627,56.22398126125336,211.88650566339493,91.47212243080139,383.0894116163254,112.44796252250671,423.77301132678986,101.96004247665405,403.4312114715576,101.96004247665405,423.77301132678986,0.15931256636977195,0.8404816905657451,0.15931256636977195,0.8828604402641456,10.487920045852661,20.34179985523224,small_16_32
2026-08-12T15:27:00.302,662,empty,8,0.24863308668136597,54.56305867433548,203.73155957460403,63.77309626340866,222.85973852872849,109.12611734867096,407.46311914920807,127.54619252681732,445.71947705745697,118.33615493774414,426.5912981033325,118.33615493774414,445.71947705745697,0.1849002420902252,0.8887318710486094,0.1849002420902252,0.928582243869702,9.210037589073181,19.12817895412445,small_16_32
2026-08-12T15:27:00.423,663,empty,1,0.441620409488678,115.78076422214508,191.5081073641777,126.61401689052582,215.91956216096878,231.56152844429016,383.0162147283554,253.22803378105164,431.83912432193756,242.3947811126709,407.4276695251465,242.3947811126709,431.83912432193756,0.3787418454885483,0.8488076448440551,0.3787418454885483,0.8996648423373699,10.833252668380737,24.411454796791077,small_16_32
2026-08-12T15:27:00.423,663,empty,2,0.39277467131614685,131.2885503768921,189.92515474557877,139.6406488418579,208.47163766622543,262.5771007537842,379.85030949115753,279.2812976837158,416.94327533245087,270.92919921875,398.3967924118042,270.92919921875,416.94327533245087,0.4233268737792969,0.829993317524592,0.4233268737792969,0.8686318236092726,8.35209846496582,18.546482920646667,small_16_32
2026-08-12T15:27:00.423,663,empty,3,0.39277467131614685,144.88488292694092,189.56109899282455,153.23698139190674,209.9028988480568,289.76976585388184,379.1221979856491,306.4739627838135,419.8057976961136,298.12186431884766,399.46399784088135,298.12186431884766,419.8057976961136,0.46581541299819945,0.8322166621685028,0.46581541299819945,0.8745954118669033,8.35209846496582,20.34179985523224,small_16_32
2026-08-12T15:27:00.423,663,empty,4,0.34598395228385925,159.22083592414856,221.45643490552902,168.73542284965515,238.35385638475418,318.4416718482971,442.91286981105804,337.4708456993103,476.70771276950836,327.9562587738037,459.8102912902832,327.9562587738037,476.70771276950836,0.5124316543340683,0.9579381068547567,0.5124316543340683,0.9931410682698091,9.514586925506592,16.89742147922516,small_16_32
2026-08-12T15:27:00.423,663,empty,5,0.32359981536865234,99.55594968795776,193.02086478471756,107.90804815292358,212.149043738842,199.11189937591553,386.0417295694351,215.81609630584717,424.298087477684,207.46399784088135,405.16990852355957,207.46399784088135,424.298087477684,0.3241624966263771,0.844103976090749,0.3241624966263771,0.8839543489118417,8.35209846496582,19.12817895412445,small_16_32
2026-08-12T15:27:00.423,663,empty,6,0.32359981536865234,192.3784203529358,175.43068540096283,203.93553686141968,220.13100397586823,384.7568407058716,350.86137080192566,407.87107372283936,440.26200795173645,396.31395721435547,395.56168937683105,396.31395721435547,440.26200795173645,0.6192405581474304,0.824086852868398,0.6192405581474304,0.9172125165661176,11.557116508483887,44.700318574905396,regular_ge32
2026-08-12T15:27:00.423,663,empty,7,0.2363237887620926,45.83754062652588,191.59483236074448,55.35212755203247,211.32132631540298,91.67508125305176,383.18966472148895,110.70425510406494,422.64265263080597,101.18966817855835,402.91615867614746,101.18966817855835,422.64265263080597,0.15810885652899742,0.8394086639086406,0.15810885652899742,0.8805055263141791,9.514586925506592,19.72649395465851,small_16_32
2026-08-12T15:27:00.423,663,empty,8,0.218662291765213,55.06088089942932,203.2678330540657,64.57546782493591,222.39601200819016,110.12176179885864,406.5356661081314,129.15093564987183,444.7920240163803,119.63634872436523,425.66384506225586,119.63634872436523,444.7920240163803,0.18693179488182068,0.886799677213033,0.18693179488182068,0.9266500500341256,9.514586925506592,19.12817895412445,small_16_32
2026-08-12T15:27:00.530,664,empty,1,0.43337342143058777,116.08413827419281,191.54793065786362,126.57205832004547,215.23425203561783,232.16827654838562,383.09586131572723,253.14411664009094,430.46850407123566,242.65619659423828,406.78218269348145,242.65619659423828,430.46850407123566,0.3791503071784973,0.8474628806114197,0.3791503071784973,0.896809383481741,10.487920045852661,23.68632137775421,small_16_32
2026-08-12T15:27:00.530,664,empty,2,0.39277467131614685,159.5768068432808,220.9146295785904,168.78684443235397,238.8956617116928,319.1536136865616,441.8292591571808,337.57368886470795,477.7913234233856,328.36365127563477,459.8102912902832,328.36365127563477,477.7913234233856,0.5130682051181793,0.9579381068547567,0.5130682051181793,0.9953985904653867,9.210037589073181,17.981032133102417,small_16_32
2026-08-12T15:27:00.530,664,empty,3,0.3690716028213501,130.7579255104065,189.63430672883987,139.11002397537231,208.76248568296432,261.515851020813,379.26861345767975,278.22004795074463,417.52497136592865,269.8679494857788,398.3967924118042,269.8679494857788,417.52497136592865,0.4216686710715294,0.829993317524592,0.4216686710715294,0.8698436903456847,8.35209846496582,19.12817895412445,small_16_32
2026-08-12T15:27:00.530,664,empty,4,0.34598395228385925,145.50310397148132,189.90051013231277,153.32698845863342,209.02868908643723,291.00620794296265,379.80102026462555,306.65397691726685,418.05737817287445,298.83009243011475,398.92919921875,298.83009243011475,418.05737817287445,0.4669220194220543,0.8311024983723958,0.4669220194220543,0.8709528711934884,7.8238844871521,19.12817895412445,small_16_32
2026-08-12T15:27:00.530,664,empty,5,0.33097806572914124,192.29178321361542,176.5985987186432,202.77970325946808,217.7565953731537,384.58356642723083,353.1971974372864,405.55940651893616,435.5131907463074,395.0714864730835,394.3551940917969,395.0714864730835,435.5131907463074,0.6172991976141929,0.8215733210245768,0.6172991976141929,0.9073191473881403,10.487920045852661,41.1579966545105,regular_ge32
2026-08-12T15:27:00.530,664,empty,6,0.32359981536865234,99.55142885446548,193.25831347703934,108.18049520254135,212.3864924311638,199.10285770893097,386.5166269540787,216.3609904050827,424.7729848623276,207.73192405700684,405.6448059082031,207.73192405700684,424.7729848623276,0.3245811313390732,0.8450933456420898,0.3245811313390732,0.8849437184631824,8.629066348075867,19.12817895412445,small_16_32
2026-08-12T15:27:00.530,664,empty,7,0.2363237887620926,45.82298970222473,192.47906011343002,55.9762237071991,212.20555406808853,91.64597940444946,384.95812022686005,111.9524474143982,424.41110813617706,101.79921340942383,404.68461418151855,101.79921340942383,424.41110813617706,0.15906127095222472,0.843092946211497,0.15906127095222472,0.8841898086170356,10.153234004974365,19.72649395465851,small_16_32
2026-08-12T15:27:00.530,664,empty,8,0.2363237887620926,54.52305722236633,202.63648360967636,64.03764414787292,222.36297756433487,109.04611444473267,405.2729672193527,128.07528829574585,444.72595512866974,118.56070137023926,424.99946117401123,118.56070137023926,444.72595512866974,0.18525109589099883,0.8854155441125234,0.18525109589099883,0.926512406518062,9.514586925506592,19.72649395465851,small_16_32
2026-08-12T15:27:00.635,665,empty,1,0.4251631200313568,116.25148129463196,191.7646979689598,126.40471529960632,215.45101934671402,232.50296258926392,383.5293959379196,252.80943059921265,430.90203869342804,242.65619659423828,407.2157173156738,242.65619659423828,430.90203869342804,0.3791503071784973,0.8483660777409872,0.3791503071784973,0.8977125806113084,10.153234004974365,23.68632137775421,small_16_32
2026-08-12T15:27:00.635,665,empty,2,0.3848111629486084,160.11463099718094,220.8200096487999,169.32466858625412,238.2514768242836,320.2292619943619,441.6400192975998,338.64933717250824,476.5029536485672,329.43929958343506,459.0714864730835,329.43929958343506,476.5029536485672,0.5147489055991172,0.9563989301522573,0.5147489055991172,0.9927144867678483,9.210037589073181,17.431467175483704,small_16_32
2026-08-12T15:27:00.635,665,empty,3,0.37690892815589905,131.0223469734192,190.2078801393509,139.374445438385,208.1889122724533,262.0446939468384,380.4157602787018,278.74889087677,416.3778245449066,270.3967924118042,398.3967924118042,270.3967924118042,416.3778245449066,0.42249498814344405,0.829993317524592,0.42249498814344405,0.8674538011352221,8.35209846496582,17.981032133102417,small_16_32
2026-08-12T15:27:00.635,665,empty,4,0.3384403884410858,145.2656548023224,190.3249459862709,153.0895392894745,208.87142890691757,290.5313096046448,380.6498919725418,306.179078578949,417.74285781383514,298.3551940917969,399.1963748931885,298.3551940917969,417.74285781383514,0.46617999076843264,0.8316591143608093,0.46617999076843264,0.8702976204454899,7.8238844871521,18.546482920646667,small_16_32
2026-08-12T15:27:00.635,665,empty,5,0.33097806572914124,192.05168902873993,176.37905251979828,202.5396090745926,218.69243395328522,384.10337805747986,352.75810503959656,405.0792181491852,437.38486790657043,394.5912981033325,395.0714864730835,394.5912981033325,437.38486790657043,0.6165489032864571,0.823065596818924,0.6165489032864571,0.9112184748053551,10.487920045852661,42.31338143348694,regular_ge32
2026-08-12T15:27:00.635,665,empty,6,0.30910593271255493,99.2836542725563,193.4902155995369,107.91272062063217,212.61839455366135,198.5673085451126,386.9804311990738,215.82544124126434,425.2367891073227,207.19637489318848,406.10861015319824,207.19637489318848,425.2367891073227,0.323744335770607,0.8460596044858296,0.323744335770607,0.8859099773069222,8.629066348075867,19.12817895412445,small_16_32
2026-08-12T15:27:00.635,665,empty,7,0.2613641023635864,54.74297547340393,203.6099447607994,64.25756239891052,223.95174461603165,109.48595094680786,407.2198895215988,128.51512479782104,447.9034892320633,119.00053787231445,427.56168937683105,119.00053787231445,447.9034892320633,0.18593834042549134,0.8907535195350647,0.18593834042549134,0.9331322692334652,9.514586925506592,20.34179985523224,small_16_32
2026-08-12T15:27:00.635,665,empty,8,0.24242530763149261,45.906447410583496,192.69621616601944,55.735336780548096,211.2426990866661,91.81289482116699,385.3924323320389,111.47067356109619,422.4853981733322,101.64178419113159,403.93891525268555,101.64178419113159,422.4853981733322,0.15881528779864312,0.8415394067764282,0.15881528779864312,0.8801779128611088,9.8288893699646,18.546482920646667,small_16_32
2026-08-12T15:27:00.750,666,empty,1,0.441620409488678,116.72549760341644,191.43718999624252,127.2134176492691,215.12351137399673,233.45099520683289,382.87437999248505,254.4268352985382,430.24702274799347,243.93891525268555,406.56070137023926,243.93891525268555,430.24702274799347,0.38115455508232116,0.8470014611879985,0.38115455508232116,0.8963479640583197,10.487920045852661,23.68632137775421,small_16_32
2026-08-12T15:27:00.750,666,empty,2,0.39277467131614685,192.56220650672913,174.71077287197113,203.75175070762634,219.41109144687653,385.12441301345825,349.42154574394226,407.5035014152527,438.82218289375305,396.31395721435547,394.12186431884766,396.31395721435547,438.82218289375305,0.6192405581474304,0.8210872173309326,0.6192405581474304,0.9142128810286522,11.189544200897217,44.700318574905396,regular_ge32
2026-08-12T15:27:00.750,666,empty,3,0.36130279302597046,131.0223469734192,189.7926850914955,139.374445438385,208.33916801214218,262.0446939468384,379.585370182991,278.74889087677,416.67833602428436,270.3967924118042,398.1318531036377,270.3967924118042,416.67833602428436,0.42249498814344405,0.8294413606325786,0.42249498814344405,0.8680798667172591,8.35209846496582,18.546482920646667,small_16_32
2026-08-12T15:27:00.750,666,empty,4,0.36130279302597046,160.003890812397,221.18941205739975,169.21392840147018,238.62087923288345,320.007781624794,442.3788241147995,338.42785680294037,477.2417584657669,329.2178192138672,459.8102912902832,329.2178192138672,477.2417584657669,0.5144028425216675,0.9579381068547567,0.5144028425216675,0.9942536634703477,9.210037589073181,17.431467175483704,small_16_32
2026-08-12T15:27:00.750,666,empty,5,0.34598395228385925,99.15006643533707,192.77821761369705,107.77913278341293,211.9063965678215,198.30013287067413,385.5564352273941,215.55826556682587,423.812793135643,206.92919921875,404.68461418151855,206.92919921875,423.812793135643,0.32332687377929686,0.843092946211497,0.32332687377929686,0.8829433190325896,8.629066348075867,19.12817895412445,small_16_32
2026-08-12T15:27:00.750,666,empty,6,0.3384403884410858,145.2537540793419,189.73494046926498,153.33754402399063,209.4614344239235,290.5075081586838,379.46988093852997,306.67508804798126,418.922868847847,298.5912981033325,399.1963748931885,298.5912981033325,418.922868847847,0.46654890328645704,0.8316591143608093,0.46654890328645704,0.8727559767663479,8.083789944648743,19.72649395465851,small_16_32
2026-08-12T15:27:00.750,666,empty,7,0.24242530763149261,45.482980370521545,192.23160737752914,56.31623303890228,211.95810133218765,90.96596074104309,384.4632147550583,112.63246607780457,423.9162026643753,101.79921340942383,404.1897087097168,101.79921340942383,423.9162026643753,0.15906127095222472,0.8420618931452434,0.15906127095222472,0.8831587555507819,10.833252668380737,19.72649395465851,small_16_32
2026-08-12T15:27:00.750,666,empty,8,0.2363237887620926,54.895250141620636,203.19768518209457,64.10528773069382,222.92417913675308,109.79050028324127,406.39537036418915,128.21057546138763,445.84835827350616,119.00053787231445,426.12186431884766,119.00053787231445,445.84835827350616,0.18593834042549134,0.8877538839975992,0.18593834042549134,0.9288507464031378,9.210037589073181,19.72649395465851,small_16_32
2026-08-12T15:27:00.855,667,empty,1,0.45820698142051697,116.51065373420715,191.56408822536469,126.66388773918152,214.54452192783356,233.0213074684143,383.12817645072937,253.32777547836304,429.0890438556671,243.17454147338867,406.10861015319824,243.17454147338867,429.0890438556671,0.3799602210521698,0.8460596044858296,0.3799602210521698,0.8939355080326398,10.153234004974365,22.980433702468872,small_16_32
2026-08-12T15:27:00.855,667,empty,2,0.39277467131614685,131.02403157949448,190.2078801393509,139.10782152414322,208.1889122724533,262.04806315898895,380.4157602787018,278.21564304828644,416.3778245449066,270.1318531036377,398.3967924118042,270.1318531036377,416.3778245449066,0.4220810204744339,0.829993317524592,0.4220810204744339,0.8674538011352221,8.083789944648743,17.981032133102417,small_16_32
2026-08-12T15:27:00.855,667,empty,3,0.3690716028213501,144.79002755880356,189.63430672883987,152.8738175034523,208.76248568296432,289.5800551176071,379.26861345767975,305.7476350069046,417.52497136592865,297.66384506225586,398.3967924118042,297.66384506225586,417.52497136592865,0.46509975790977476,0.829993317524592,0.46509975790977476,0.8698436903456847,8.083789944648743,19.12817895412445,small_16_32
2026-08-12T15:27:00.855,667,empty,4,0.35360580682754517,99.2836542725563,193.25831347703934,107.91272062063217,212.3864924311638,198.5673085451126,386.5166269540787,215.82544124126434,424.7729848623276,207.19637489318848,405.6448059082031,207.19637489318848,424.7729848623276,0.323744335770607,0.8450933456420898,0.323744335770607,0.8849437184631824,8.629066348075867,19.12817895412445,small_16_32
2026-08-12T15:27:00.855,667,empty,5,0.34598395228385925,160.003890812397,220.8200096487999,169.21392840147018,238.2514768242836,320.007781624794,441.6400192975998,338.42785680294037,476.5029536485672,329.2178192138672,459.0714864730835,329.2178192138672,476.5029536485672,0.5144028425216675,0.9563989301522573,0.5144028425216675,0.9927144867678483,9.210037589073181,17.431467175483704,small_16_32
2026-08-12T15:27:00.855,667,empty,6,0.2880568504333496,192.78658282756805,176.9567449092865,203.27450287342072,218.114741563797,385.5731656551361,353.913489818573,406.54900574684143,436.229483127594,396.06108570098877,395.0714864730835,396.06108570098877,436.229483127594,0.6188454464077949,0.823065596818924,0.6188454464077949,0.9088114231824875,10.487920045852661,41.1579966545105,regular_ge32
2026-08-12T15:27:00.855,667,empty,7,0.2549463212490082,45.59190130233765,192.77821761369705,55.74513530731201,211.9063965678215,91.1838026046753,385.5564352273941,111.49027061462402,423.812793135643,101.33703660964966,404.68461418151855,101.33703660964966,423.812793135643,0.15833911970257758,0.843092946211497,0.15833911970257758,0.8829433190325896,10.153234004974365,19.12817895412445,small_16_32
2026-08-12T15:27:00.855,667,empty,8,0.24242530763149261,54.895250141620636,203.31435006856918,64.10528773069382,223.0408440232277,109.79050028324127,406.62870013713837,128.21057546138763,446.0816880464554,119.00053787231445,426.3551940917969,119.00053787231445,446.0816880464554,0.18593834042549134,0.8882399876912435,0.18593834042549134,0.929336850096782,9.210037589073181,19.72649395465851,small_16_32
2026-08-12T15:27:00.962,668,empty,1,0.4169939160346985,159.58528590202332,220.6671768426895,169.41417527198792,238.64820897579193,319.17057180404663,441.334353685379,338.82835054397583,477.29641795158386,328.99946117401123,459.31538581848145,328.99946117401123,477.29641795158386,0.5140616580843925,0.956907053788503,0.5140616580843925,0.9943675373991331,9.8288893699646,17.981032133102417,small_16_32
2026-08-12T15:27:00.962,668,empty,2,0.40887001156806946,116.08413827419281,191.40213125944138,126.57205832004547,215.81358605623245,232.16827654838562,382.80426251888275,253.14411664009094,431.6271721124649,242.65619659423828,407.2157173156738,242.65619659423828,431.6271721124649,0.3791503071784973,0.8483660777409872,0.3791503071784973,0.8992232752343019,10.487920045852661,24.411454796791077,small_16_32
2026-08-12T15:27:00.962,668,empty,3,0.39277467131614685,191.9369969367981,174.2115113735199,203.8732943534851,220.14368271827698,383.8739938735962,348.4230227470398,407.7465887069702,440.28736543655396,395.8102912902832,394.3551940917969,395.8102912902832,440.28736543655396,0.6184535801410675,0.8215733210245768,0.6184535801410675,0.9172653446594874,11.936297416687012,45.93217134475708,regular_ge32
2026-08-12T15:27:00.962,668,empty,4,0.35360580682754517,131.42213821411133,189.76722222566605,139.77423667907715,208.8954011797905,262.84427642822266,379.5344444513321,279.5484733581543,417.790802359581,271.1963748931885,398.66262340545654,271.1963748931885,417.790802359581,0.423744335770607,0.8305471320947011,0.423744335770607,0.8703975049157937,8.35209846496582,19.12817895412445,small_16_32
2026-08-12T15:27:00.962,668,empty,5,0.32359981536865234,145.11959981918335,190.034097969532,153.47169828414917,209.16227692365646,290.2391996383667,380.068195939064,306.94339656829834,418.3245538473129,298.5912981033325,399.1963748931885,298.5912981033325,418.3245538473129,0.46654890328645704,0.8316591143608093,0.46654890328645704,0.8715094871819019,8.35209846496582,19.12817895412445,small_16_32
2026-08-12T15:27:00.962,668,empty,6,0.2880568504333496,100.22576332092285,194.1178498864174,108.57786178588867,212.66433280706406,200.4515266418457,388.2356997728348,217.15572357177734,425.3286656141281,208.80362510681152,406.78218269348145,208.80362510681152,425.3286656141281,0.326255664229393,0.8474628806114197,0.326255664229393,0.8861013866961003,8.35209846496582,18.546482920646667,small_16_32
2026-08-12T15:27:00.962,668,empty,7,0.2613641023635864,54.956541299819946,203.31435006856918,64.47112822532654,223.0408440232277,109.91308259963989,406.62870013713837,128.94225645065308,446.0816880464554,119.42766952514648,426.3551940917969,119.42766952514648,446.0816880464554,0.1866057336330414,0.8882399876912435,0.1866057336330414,0.929336850096782,9.514586925506592,19.72649395465851,small_16_32
2026-08-12T15:27:00.962,668,empty,8,0.2363237887620926,46.06936740875244,192.47906011343002,56.22260141372681,212.20555406808853,92.13873481750488,384.95812022686005,112.44520282745361,424.41110813617706,102.29196882247925,404.68461418151855,102.29196882247925,424.41110813617706,0.15983120128512382,0.843092946211497,0.15983120128512382,0.8841898086170356,10.153234004974365,19.72649395465851,small_16_32
2026-08-12T15:27:01.075,669,empty,1,0.4169939160346985,116.25148129463196,191.54793065786362,126.40471529960632,215.23425203561783,232.50296258926392,383.09586131572723,252.80943059921265,430.46850407123566,242.65619659423828,406.78218269348145,242.65619659423828,430.46850407123566,0.3791503071784973,0.8474628806114197,0.3791503071784973,0.896809383481741,10.153234004974365,23.68632137775421,small_16_32
2026-08-12T15:27:01.075,669,empty,2,0.37690892815589905,159.58528590202332,220.42453014850616,169.41417527198792,238.40556228160858,319.17057180404663,440.84906029701233,338.82835054397583,476.81112456321716,328.99946117401123,458.83009243011475,328.99946117401123,476.81112456321716,0.5140616580843925,0.9558960258960724,0.5140616580843925,0.9933565095067024,9.8288893699646,17.981032133102417,small_16_32
2026-08-12T15:27:01.075,669,empty,3,0.3690716028213501,131.6901039481163,190.21824115514755,139.77389389276505,207.64970833063126,263.3802078962326,380.4364823102951,279.5477877855301,415.2994166612625,271.46399784088135,397.8679494857788,271.46399784088135,415.2994166612625,0.4241624966263771,0.8288915614287059,0.4241624966263771,0.865207118044297,8.083789944648743,17.431467175483704,small_16_32
2026-08-12T15:27:01.075,669,empty,4,0.3690716028213501,145.03375267982483,190.19135814905167,152.85763716697693,208.73784106969833,290.06750535964966,380.38271629810333,305.71527433395386,417.47568213939667,297.89138984680176,398.92919921875,297.89138984680176,417.47568213939667,0.46545529663562774,0.8311024983723958,0.46545529663562774,0.8697410044570764,7.8238844871521,18.546482920646667,small_16_32
2026-08-12T15:27:01.075,669,empty,5,0.33097806572914124,192.24106657505035,175.43054676055908,203.0743192434311,218.9246473312378,384.4821331501007,350.86109352111816,406.1486384868622,437.8492946624756,395.31538581848145,394.3551940917969,395.31538581848145,437.8492946624756,0.6176802903413773,0.8215733210245768,0.6176802903413773,0.9121860305468241,10.833252668380737,43.49410057067871,regular_ge32
2026-08-12T15:27:01.075,669,empty,6,0.3019951581954956,99.41746574640274,193.63702195882797,108.04653209447861,213.36351591348648,198.83493149280548,387.27404391765594,216.09306418895721,426.72703182697296,207.46399784088135,407.00053787231445,207.46399784088135,426.72703182697296,0.3241624966263771,0.8479177872339885,0.3241624966263771,0.889014649639527,8.629066348075867,19.72649395465851,small_16_32
2026-08-12T15:27:01.075,669,empty,7,0.23032912611961365,53.979935467243195,202.52889436483383,63.189973056316376,222.25538831949234,107.95987093448639,405.05778872966766,126.37994611263275,444.5107766389847,117.16990852355957,424.7842826843262,117.16990852355957,444.5107766389847,0.18307798206806183,0.8849672555923462,0.18307798206806183,0.9260641179978848,9.210037589073181,19.72649395465851,small_16_32
2026-08-12T15:27:01.075,669,empty,8,0.218662291765213,45.81818473339081,191.8550710082054,56.30610477924347,212.82954317331314,91.63636946678162,383.7101420164108,112.61220955848694,425.6590863466263,102.12428951263428,404.68461418151855,102.12428951263428,425.6590863466263,0.15956920236349106,0.843092946211497,0.15956920236349106,0.8867897632221381,10.487920045852661,20.974472165107727,small_16_32
2026-08-12T15:27:01.178,670,empty,1,0.40887001156806946,116.67282605171204,191.56408822536469,126.50171542167664,214.54452192783356,233.34565210342407,383.12817645072937,253.00343084335327,429.0890438556671,243.17454147338867,406.10861015319824,243.17454147338867,429.0890438556671,0.3799602210521698,0.8460596044858296,0.3799602210521698,0.8939355080326398,9.8288893699646,22.980433702468872,small_16_32
2026-08-12T15:27:01.178,670,empty,2,0.3690716028213501,130.49585342407227,190.05807024240494,138.8479518890381,208.6045531630516,260.99170684814453,380.1161404848099,277.6959037780762,417.2091063261032,269.34380531311035,398.66262340545654,269.34380531311035,417.2091063261032,0.4208496958017349,0.8305471320947011,0.4208496958017349,0.8691856381793817,8.35209846496582,18.546482920646667,small_16_32
2026-08-12T15:27:01.178,670,empty,3,0.35360580682754517,191.87913465499878,174.71077287197113,203.43625116348267,219.41109144687653,383.75826930999756,349.42154574394226,406.87250232696533,438.82218289375305,395.31538581848145,394.12186431884766,395.31538581848145,438.82218289375305,0.6176802903413773,0.8210872173309326,0.6176802903413773,0.9142128810286522,11.557116508483887,44.700318574905396,regular_ge32
2026-08-12T15:27:01.178,670,empty,4,0.3384403884410858,144.79002755880356,189.46806472539902,152.8738175034523,209.19455868005753,289.5800551176071,378.93612945079803,305.7476350069046,418.38911736011505,297.66384506225586,398.66262340545654,297.66384506225586,418.38911736011505,0.46509975790977476,0.8305471320947011,0.46509975790977476,0.8716439945002397,8.083789944648743,19.72649395465851,small_16_32
2026-08-12T15:27:01.178,670,empty,5,0.32359981536865234,159.8516161441803,221.08703249692917,169.3662030696869,237.98445397615433,319.7032322883606,442.17406499385834,338.7324061393738,475.96890795230865,329.2178192138672,459.0714864730835,329.2178192138672,475.96890795230865,0.5144028425216675,0.9563989301522573,0.5144028425216675,0.9916018915673097,9.514586925506592,16.89742147922516,small_16_32
2026-08-12T15:27:01.178,670,empty,6,0.2949781119823456,100.09195137023926,193.83188688755035,108.44404983520508,211.81291902065277,200.18390274047852,387.6637737751007,216.88809967041016,423.62583804130554,208.53600120544434,405.6448059082031,208.53600120544434,423.62583804130554,0.3258375018835068,0.8450933456420898,0.3258375018835068,0.8825538292527199,8.35209846496582,17.981032133102417,small_16_32
2026-08-12T15:27:01.178,670,empty,7,0.2613641023635864,55.36390137672424,204.4211477637291,64.87848830223083,224.1476417183876,110.72780275344849,408.8422955274582,129.75697660446167,448.2952834367752,120.24238967895508,428.5687894821167,120.24238967895508,448.2952834367752,0.18787873387336732,0.8928516447544098,0.18787873387336732,0.9339485071599484,9.514586925506592,19.72649395465851,small_16_32
2026-08-12T15:27:01.178,670,empty,8,0.2363237887620926,46.06936740875244,192.23160737752914,56.22260141372681,211.95810133218765,92.13873481750488,384.4632147550583,112.44520282745361,423.9162026643753,102.29196882247925,404.1897087097168,102.29196882247925,423.9162026643753,0.15983120128512382,0.8420618931452434,0.15983120128512382,0.8831587555507819,10.153234004974365,19.72649395465851,small_16_32
2026-08-12T15:27:01.296,671,empty,1,0.4251631200313568,116.2141193151474,191.18536394834518,126.70203936100006,215.59681874513626,232.4282386302948,382.37072789669037,253.40407872200012,431.1936374902725,242.91615867614746,406.78218269348145,242.91615867614746,431.1936374902725,0.3795564979314804,0.8474628806114197,0.3795564979314804,0.8983200781047345,10.487920045852661,24.411454796791077,small_16_32
2026-08-12T15:27:01.296,671,empty,2,0.3690716028213501,160.3406761288643,220.5799154639244,169.55071371793747,238.0113826394081,320.6813522577286,441.1598309278488,339.10142743587494,476.0227652788162,329.89138984680176,458.5912981033325,329.89138984680176,476.0227652788162,0.5154552966356277,0.955398537715276,0.5154552966356277,0.9917140943308671,9.210037589073181,17.431467175483704,small_16_32
2026-08-12T15:27:01.296,671,empty,3,0.35360580682754517,192.61391651630402,176.2583554983139,203.44716918468475,218.57173693180084,385.22783303260803,352.5167109966278,406.8943383693695,437.1434738636017,396.06108570098877,394.83009243011475,396.06108570098877,437.1434738636017,0.6188454464077949,0.8225626925627391,0.6188454464077949,0.9107155705491702,10.833252668380737,42.31338143348694,regular_ge32
2026-08-12T15:27:01.296,671,empty,4,0.3384403884410858,131.15006643533707,189.63430672883987,139.77913278341293,208.76248568296432,262.30013287067413,379.26861345767975,279.55826556682587,417.52497136592865,270.92919921875,398.3967924118042,270.92919921875,417.52497136592865,0.4233268737792969,0.829993317524592,0.4233268737792969,0.8698436903456847,8.629066348075867,19.12817895412445,small_16_32
2026-08-12T15:27:01.296,671,empty,5,0.31630825996398926,145.49384826421738,189.46806472539902,153.57763820886612,209.19455868005753,290.98769652843475,378.93612945079803,307.15527641773224,418.38911736011505,299.0714864730835,398.66262340545654,299.0714864730835,418.38911736011505,0.467299197614193,0.8305471320947011,0.467299197614193,0.8716439945002397,8.083789944648743,19.72649395465851,small_16_32
2026-08-12T15:27:01.296,671,empty,6,0.30910593271255493,99.81950479745865,193.7810636162758,108.44857114553452,212.32754653692245,199.6390095949173,387.5621272325516,216.89714229106903,424.6550930738449,208.26807594299316,406.10861015319824,208.26807594299316,424.6550930738449,0.32541886866092684,0.8460596044858296,0.32541886866092684,0.8846981105705102,8.629066348075867,18.546482920646667,small_16_32
2026-08-12T15:27:01.296,671,empty,7,0.2949781119823456,54.25363278388977,204.04189866781235,64.08252215385437,223.76839262247086,108.50726556777954,408.0837973356247,128.16504430770874,447.5367852449417,118.33615493774414,427.8102912902832,118.33615493774414,447.5367852449417,0.1849002420902252,0.89127144018809,0.1849002420902252,0.9323683025936286,9.8288893699646,19.72649395465851,small_16_32
2026-08-12T15:27:01.296,671,empty,8,0.26788532733917236,46.21104037761688,193.19101577997208,55.125996232032776,211.73749870061874,92.42208075523376,386.38203155994415,110.25199246406555,423.4749974012375,101.33703660964966,404.9285144805908,101.33703660964966,423.4749974012375,0.15833911970257758,0.8436010718345642,0.15833911970257758,0.8822395779192448,8.914955854415894,18.546482920646667,small_16_32
2026-08-12T15:27:01.403,672,empty,1,0.43337342143058777,116.12077355384827,190.96235007047653,126.27400755882263,215.3738048672676,232.24154710769653,381.92470014095306,252.54801511764526,430.7476097345352,242.3947811126709,406.33615493774414,242.3947811126709,430.7476097345352,0.3787418454885483,0.8465336561203003,0.3787418454885483,0.897390853613615,10.153234004974365,24.411454796791077,small_16_32
2026-08-12T15:27:01.403,672,empty,2,0.4169939160346985,191.66512620449066,173.46604907512665,204.3959594964981,220.655815243721,383.3302524089813,346.9320981502533,408.7919189929962,441.311630487442,396.06108570098877,394.12186431884766,396.06108570098877,441.311630487442,0.6188454464077949,0.8210872173309326,0.6188454464077949,0.9193992301821708,12.730833292007446,47.18976616859436,regular_ge32
2026-08-12T15:27:01.403,672,empty,3,0.400795578956604,159.74243712425232,220.3844514489174,169.2570240497589,238.93093436956406,319.48487424850464,440.7689028978348,338.5140480995178,477.8618687391281,328.99946117401123,459.31538581848145,328.99946117401123,477.8618687391281,0.5140616580843925,0.956907053788503,0.5140616580843925,0.9955455598731836,9.514586925506592,18.546482920646667,small_16_32
2026-08-12T15:27:01.403,672,empty,4,0.39277467131614685,130.7579255104065,189.63430672883987,139.11002397537231,208.76248568296432,261.515851020813,379.26861345767975,278.22004795074463,417.52497136592865,269.8679494857788,398.3967924118042,269.8679494857788,417.52497136592865,0.4216686710715294,0.829993317524592,0.4216686710715294,0.8698436903456847,8.35209846496582,19.12817895412445,small_16_32
2026-08-12T15:27:01.403,672,empty,5,0.33097806572914124,145.373151242733,189.36988526582718,153.45694118738174,208.49806421995163,290.746302485466,378.73977053165436,306.9138823747635,416.99612843990326,298.83009243011475,397.8679494857788,298.83009243011475,416.99612843990326,0.4669220194220543,0.8288915614287059,0.4669220194220543,0.8687419342497985,8.083789944648743,19.12817895412445,small_16_32
2026-08-12T15:27:01.403,672,empty,6,0.2949781119823456,99.54252207279205,193.52784436941147,108.45747792720795,213.25433832406998,199.0850441455841,387.05568873882294,216.9149558544159,426.50867664813995,208.0,406.78218269348145,208.0,426.50867664813995,0.325,0.8474628806114197,0.325,0.8885597430169583,8.914955854415894,19.72649395465851,small_16_32
2026-08-12T15:27:01.403,672,empty,7,0.2613641023635864,54.297011613845825,202.85640281438828,63.81159853935242,222.58289676904678,108.59402322769165,405.71280562877655,127.62319707870483,445.16579353809357,118.10861015319824,425.43929958343506,118.10861015319824,445.16579353809357,0.18454470336437226,0.8863318741321564,0.18454470336437226,0.927428736537695,9.514586925506592,19.72649395465851,small_16_32
2026-08-12T15:27:01.403,672,empty,8,0.2363237887620926,46.22272777557373,191.79855769872665,55.73731470108032,212.1403575539589,92.44545555114746,383.5971153974533,111.47462940216064,424.2807151079178,101.96004247665405,403.93891525268555,101.96004247665405,424.2807151079178,0.15931256636977195,0.8415394067764282,0.15931256636977195,0.8839181564748287,9.514586925506592,20.34179985523224,small_16_32
2026-08-12T15:27:01.510,673,empty,1,0.40887001156806946,115.98940873146057,191.54793065786362,126.14264273643494,215.23425203561783,231.97881746292114,383.09586131572723,252.28528547286987,430.46850407123566,242.1320514678955,406.78218269348145,242.1320514678955,430.46850407123566,0.37833133041858674,0.8474628806114197,0.37833133041858674,0.896809383481741,10.153234004974365,23.68632137775421,small_16_32
2026-08-12T15:27:01.510,673,empty,2,0.39277467131614685,159.8516161441803,220.79032862186432,169.3662030696869,238.77136075496674,319.7032322883606,441.58065724372864,338.7324061393738,477.5427215099335,329.2178192138672,459.56168937683105,329.2178192138672,477.5427215099335,0.5144028425216675,0.9574201862017314,0.5144028425216675,0.9948806698123615,9.514586925506592,17.981032133102417,small_16_32
2026-08-12T15:27:01.510,673,empty,3,0.33097806572914124,130.88386303186417,189.76722222566605,139.51292937994003,208.8954011797905,261.76772606372833,379.5344444513321,279.02585875988007,417.790802359581,270.3967924118042,398.66262340545654,270.3967924118042,417.790802359581,0.42249498814344405,0.8305471320947011,0.42249498814344405,0.8703975049157937,8.629066348075867,19.12817895412445,small_16_32
2026-08-12T15:27:01.510,673,empty,4,0.32359981536865234,145.3837068080902,190.00271505117416,153.2075912952423,209.72920900583267,290.7674136161804,380.0054301023483,306.4151825904846,419.45841801166534,298.5912981033325,399.73192405700684,298.5912981033325,419.45841801166534,0.46654890328645704,0.8327748417854309,0.46654890328645704,0.8738717041909695,7.8238844871521,19.72649395465851,small_16_32
2026-08-12T15:27:01.510,673,empty,5,0.31630825996398926,192.06292080879211,175.31388187408447,203.25246500968933,218.80798244476318,384.12584161758423,350.62776374816895,406.50493001937866,437.61596488952637,395.31538581848145,394.12186431884766,395.31538581848145,437.61596488952637,0.6176802903413773,0.8210872173309326,0.6176802903413773,0.9116999268531799,11.189544200897217,43.49410057067871,regular_ge32
2026-08-12T15:27:01.510,673,empty,6,0.3019951581954956,99.68991279602051,193.54916149377823,108.04201126098633,212.0956444144249,199.37982559204102,387.09832298755646,216.08402252197266,424.1912888288498,207.73192405700684,405.6448059082031,207.73192405700684,424.1912888288498,0.3245811313390732,0.8450933456420898,0.3245811313390732,0.8837318517267704,8.35209846496582,18.546482920646667,small_16_32
2026-08-12T15:27:01.510,673,empty,7,0.2549463212490082,54.410784006118774,203.91759771108627,63.925370931625366,223.64409166574478,108.82156801223755,407.83519542217255,127.85074186325073,447.28818333148956,118.33615493774414,427.56168937683105,118.33615493774414,447.28818333148956,0.1849002420902252,0.8907535195350647,0.1849002420902252,0.9318503819406032,9.514586925506592,19.72649395465851,small_16_32
2026-08-12T15:27:01.510,673,empty,8,0.22444185614585876,45.985527753829956,192.72170728445053,56.13876175880432,212.44820123910904,91.97105550765991,385.44341456890106,112.27752351760864,424.8964024782181,102.12428951263428,405.16990852355957,102.12428951263428,424.8964024782181,0.15956920236349106,0.844103976090749,0.15956920236349106,0.8852008384962876,10.153234004974365,19.72649395465851,small_16_32
2026-08-12T15:27:01.626,674,empty,1,0.4498997628688812,116.38146233558655,190.74179357290268,126.53469634056091,214.4281149506569,232.7629246711731,381.48358714580536,253.06939268112183,428.8562299013138,242.91615867614746,405.16990852355957,242.91615867614746,428.8562299013138,0.3795564979314804,0.844103976090749,0.3795564979314804,0.8934504789610703,10.153234004974365,23.68632137775421,small_16_32
2026-08-12T15:27:01.626,674,empty,2,0.400795578956604,129.98092937469482,189.50183707475662,138.33302783966064,208.63001602888107,259.96185874938965,379.00367414951324,276.6660556793213,417.26003205776215,268.31395721435547,398.1318531036377,268.31395721435547,417.26003205776215,0.41924055814743044,0.8294413606325786,0.41924055814743044,0.8692917334536712,8.35209846496582,19.12817895412445,small_16_32
2026-08-12T15:27:01.626,674,empty,3,0.34598395228385925,145.00154781341553,189.33514922857285,153.35364627838135,209.06164318323135,290.00309562683105,378.6702984571457,306.7072925567627,418.1232863664627,298.3551940917969,398.3967924118042,298.3551940917969,418.1232863664627,0.46617999076843264,0.829993317524592,0.46617999076843264,0.8710901799301306,8.35209846496582,19.72649395465851,small_16_32
2026-08-12T15:27:01.626,674,empty,4,0.31630825996398926,99.81950479745865,193.14026194810867,108.44857114553452,212.26844090223312,199.6390095949173,386.28052389621735,216.89714229106903,424.53688180446625,208.26807594299316,405.4087028503418,208.26807594299316,424.53688180446625,0.32541886866092684,0.8446014642715454,0.32541886866092684,0.884451837092638,8.629066348075867,19.12817895412445,small_16_32
2026-08-12T15:27:01.626,674,empty,5,0.31630825996398926,191.70087695121765,175.7886929512024,202.89042115211487,219.2827935218811,383.4017539024353,351.5773859024048,405.78084230422974,438.5655870437622,394.5912981033325,395.0714864730835,394.5912981033325,438.5655870437622,0.6165489032864571,0.823065596818924,0.6165489032864571,0.9136783063411713,11.189544200897217,43.49410057067871,regular_ge32
2026-08-12T15:27:01.626,674,empty,6,0.2949781119823456,159.89471179246902,220.9663354754448,169.1047493815422,237.86375695466995,319.78942358493805,441.9326709508896,338.2094987630844,475.7275139093399,328.99946117401123,458.83009243011475,328.99946117401123,475.7275139093399,0.5140616580843925,0.9558960258960724,0.5140616580843925,0.9910989873111248,9.210037589073181,16.89742147922516,small_16_32
2026-08-12T15:27:01.626,674,empty,7,0.2549463212490082,54.74297547340393,203.08244794607162,64.25756239891052,222.80894190073013,109.48595094680786,406.16489589214325,128.51512479782104,445.61788380146027,119.00053787231445,425.89138984680176,119.00053787231445,445.61788380146027,0.18593834042549134,0.8872737288475037,0.18593834042549134,0.9283705912530422,9.514586925506592,19.72649395465851,small_16_32
2026-08-12T15:27:01.626,674,empty,8,0.24242530763149261,45.82298970222473,192.53076487779617,55.9762237071991,211.65894383192062,91.64597940444946,385.06152975559235,111.9524474143982,423.31788766384125,101.79921340942383,404.1897087097168,101.79921340942383,423.31788766384125,0.15906127095222472,0.8420618931452434,0.15906127095222472,0.881912265966336,10.153234004974365,19.12817895412445,small_16_32
2026-08-12T15:27:01.734,675,empty,1,0.4665374755859375,116.343310713768,190.8611907362938,126.83123075962067,214.547512114048,232.686621427536,381.7223814725876,253.66246151924133,429.095024228096,243.17454147338867,405.4087028503418,243.17454147338867,429.095024228096,0.3799602210521698,0.8446014642715454,0.3799602210521698,0.8939479671418666,10.487920045852661,23.68632137775421,small_16_32
2026-08-12T15:27:01.734,675,empty,2,0.4169939160346985,130.7579255104065,189.76722222566605,139.11002397537231,208.8954011797905,261.515851020813,379.5344444513321,278.22004795074463,417.790802359581,269.8679494857788,398.66262340545654,269.8679494857788,417.790802359581,0.4216686710715294,0.8305471320947011,0.4216686710715294,0.8703975049157937,8.35209846496582,19.12817895412445,small_16_32
2026-08-12T15:27:01.734,675,empty,3,0.36130279302597046,144.51738935709,189.02749627828598,153.14645570516586,209.36929613351822,289.03477871418,378.05499255657196,306.2929114103317,418.73859226703644,297.66384506225586,398.3967924118042,297.66384506225586,418.73859226703644,0.46509975790977476,0.829993317524592,0.46509975790977476,0.8723720672229925,8.629066348075867,20.34179985523224,small_16_32
2026-08-12T15:27:01.734,675,empty,4,0.33097806572914124,159.68114644289017,221.33213394880295,168.89118403196335,238.2295554280281,319.36229288578033,442.6642678976059,337.7823680639267,476.4591108560562,328.5723304748535,459.56168937683105,328.5723304748535,476.4591108560562,0.5133942663669586,0.9574201862017314,0.5133942663669586,0.9926231476167838,9.210037589073181,16.89742147922516,small_16_32
2026-08-12T15:27:01.734,675,empty,5,0.31630825996398926,99.67656004428864,193.07582086324692,108.59151589870453,212.80231481790543,199.35312008857727,386.15164172649384,217.18303179740906,425.60462963581085,208.26807594299316,405.87813568115234,208.26807594299316,425.60462963581085,0.32541886866092684,0.845579449335734,0.32541886866092684,0.8866763117412726,8.914955854415894,19.72649395465851,small_16_32
2026-08-12T15:27:01.734,675,empty,6,0.30910593271255493,191.70087695121765,175.6803835630417,202.89042115211487,220.38070213794708,383.4017539024353,351.3607671260834,405.78084230422974,440.76140427589417,394.5912981033325,396.06108570098877,394.5912981033325,440.76140427589417,0.6165489032864571,0.82512726187706,0.6165489032864571,0.9182529255747796,11.189544200897217,44.700318574905396,regular_ge32
2026-08-12T15:27:01.734,675,empty,7,0.2549463212490082,45.22611999511719,192.35590928792953,56.415664196014404,212.08240324258804,90.45223999023438,384.71181857585907,112.83132839202881,424.1648064851761,101.64178419113159,404.4383125305176,101.64178419113159,424.1648064851761,0.15881528779864312,0.8425798177719116,0.15881528779864312,0.8836766801774502,11.189544200897217,19.72649395465851,small_16_32
2026-08-12T15:27:01.734,675,empty,8,0.2549463212490082,54.410784006118774,203.1555603146553,63.925370931625366,222.28373926877975,108.82156801223755,406.3111206293106,127.85074186325073,444.5674785375595,118.33615493774414,425.43929958343506,118.33615493774414,444.5674785375595,0.1849002420902252,0.8863318741321564,0.1849002420902252,0.926182246953249,9.514586925506592,19.12817895412445,small_16_32
2026-08-12T15:27:01.846,676,empty,1,0.4169939160346985,116.38146233558655,191.9008744955063,126.53469634056091,214.88130819797516,232.7629246711731,383.8017489910126,253.06939268112183,429.7626163959503,242.91615867614746,406.78218269348145,242.91615867614746,429.7626163959503,0.3795564979314804,0.8474628806114197,0.3795564979314804,0.8953387841582299,10.153234004974365,22.980433702468872,small_16_32
2026-08-12T15:27:01.846,676,empty,2,0.3690716028213501,131.0223469734192,189.90051013231277,139.374445438385,209.02868908643723,262.0446939468384,379.80102026462555,278.74889087677,418.05737817287445,270.3967924118042,398.92919921875,270.3967924118042,418.05737817287445,0.42249498814344405,0.8311024983723958,0.42249498814344405,0.8709528711934884,8.35209846496582,19.12817895412445,small_16_32
2026-08-12T15:27:01.846,676,empty,3,0.35360580682754517,191.86683070659637,174.94548976421356,204.1942549943924,219.64580833911896,383.73366141319275,349.8909795284271,408.3885099887848,439.2916166782379,396.06108570098877,394.5912981033325,396.06108570098877,439.2916166782379,0.6188454464077949,0.8220652043819427,0.6188454464077949,0.9151908680796623,12.32742428779602,44.700318574905396,regular_ge32
2026-08-12T15:27:01.846,676,empty,4,0.34598395228385925,160.11463099718094,221.33213394880295,169.32466858625412,238.2295554280281,320.2292619943619,442.6642678976059,338.64933717250824,476.4591108560562,329.43929958343506,459.56168937683105,329.43929958343506,476.4591108560562,0.5147489055991172,0.9574201862017314,0.5147489055991172,0.9926231476167838,9.210037589073181,16.89742147922516,small_16_32
2026-08-12T15:27:01.846,676,empty,5,0.32359981536865234,145.00154781341553,189.6950621008873,153.35364627838135,210.03686195611954,290.00309562683105,379.3901242017746,306.7072925567627,420.0737239122391,298.3551940917969,399.73192405700684,298.3551940917969,420.0737239122391,0.46617999076843264,0.8327748417854309,0.46617999076843264,0.8751535914838314,8.35209846496582,20.34179985523224,small_16_32
2026-08-12T15:27:01.846,676,empty,6,0.30910593271255493,99.01677852869034,193.19101577997208,107.6458448767662,211.73749870061874,198.03355705738068,386.38203155994415,215.2916897535324,423.4749974012375,206.66262340545654,404.9285144805908,206.66262340545654,423.4749974012375,0.32291034907102584,0.8436010718345642,0.32291034907102584,0.8822395779192448,8.629066348075867,18.546482920646667,small_16_32
2026-08-12T15:27:01.846,676,empty,7,0.22444185614585876,45.40426576137543,190.2535834312439,56.237518429756165,211.8784680366516,90.80853152275085,380.5071668624878,112.47503685951233,423.7569360733032,101.64178419113159,402.1320514678955,101.64178419113159,423.7569360733032,0.15881528779864312,0.8377751072247823,0.15881528779864312,0.8828269501527151,10.833252668380737,21.624884605407715,small_16_32
2026-08-12T15:27:01.846,676,empty,8,0.20742715895175934,54.895250141620636,203.6724962592125,64.10528773069382,223.398990213871,109.79050028324127,407.344992518425,128.21057546138763,446.797980427742,119.00053787231445,427.0714864730835,119.00053787231445,446.797980427742,0.18593834042549134,0.8897322634855906,0.18593834042549134,0.9308291258911292,9.210037589073181,19.72649395465851,small_16_32
2026-08-12T15:27:01.957,677,empty,1,0.441620409488678,116.08413827419281,191.54793065786362,126.57205832004547,215.23425203561783,232.16827654838562,383.09586131572723,253.14411664009094,430.46850407123566,242.65619659423828,406.78218269348145,242.65619659423828,430.46850407123566,0.3791503071784973,0.8474628806114197,0.3791503071784973,0.896809383481741,10.487920045852661,23.68632137775421,small_16_32
2026-08-12T15:27:01.957,677,empty,2,0.3690716028213501,130.3658709526062,190.2078801393509,138.71796941757202,208.1889122724533,260.7317419052124,380.4157602787018,277.43593883514404,416.3778245449066,269.0838403701782,398.3967924118042,269.0838403701782,416.3778245449066,0.42044350057840346,0.829993317524592,0.42044350057840346,0.8674538011352221,8.35209846496582,17.981032133102417,small_16_32
2026-08-12T15:27:01.957,677,empty,3,0.3384403884410858,99.15006643533707,193.30483049154282,107.77913278341293,213.03132444620132,198.30013287067413,386.60966098308563,215.55826556682587,426.06264889240265,206.92919921875,406.33615493774414,206.92919921875,426.06264889240265,0.32332687377929686,0.8465336561203003,0.32332687377929686,0.8876305185258389,8.629066348075867,19.72649395465851,small_16_32
2026-08-12T15:27:01.957,677,empty,4,0.3384403884410858,144.21609210968018,189.46806472539902,152.568190574646,209.19455868005753,288.43218421936035,378.93612945079803,305.136381149292,418.38911736011505,296.7842826843262,398.66262340545654,296.7842826843262,418.38911736011505,0.46372544169425967,0.8305471320947011,0.46372544169425967,0.8716439945002397,8.35209846496582,19.72649395465851,small_16_32
2026-08-12T15:27:01.957,677,empty,5,0.33097806572914124,191.998419880867,176.02090632915497,202.83167254924774,218.3342877626419,383.996839761734,352.04181265830994,405.6633450984955,436.6685755252838,394.83009243011475,394.3551940917969,394.83009243011475,436.6685755252838,0.6169220194220543,0.8215733210245768,0.6169220194220543,0.9097261990110079,10.833252668380737,42.31338143348694,regular_ge32
2026-08-12T15:27:01.957,677,empty,6,0.33097806572914124,159.89471179246902,221.20898216962814,169.1047493815422,238.1064036488533,319.78942358493805,442.4179643392563,338.2094987630844,476.2128072977066,328.99946117401123,459.31538581848145,328.99946117401123,476.2128072977066,0.5140616580843925,0.956907053788503,0.5140616580843925,0.9921100152035555,9.210037589073181,16.89742147922516,small_16_32
2026-08-12T15:27:01.957,677,empty,7,0.2613641023635864,45.989815294742584,193.59443819522858,55.199852883815765,211.575470328331,91.97963058948517,387.18887639045715,110.39970576763153,423.150940656662,101.18966817855835,405.16990852355957,101.18966817855835,423.150940656662,0.15810885652899742,0.844103976090749,0.15810885652899742,0.8815644597013791,9.210037589073181,17.981032133102417,small_16_32
2026-08-12T15:27:01.957,677,empty,8,0.2549463212490082,54.895250141620636,203.7876906991005,64.10528773069382,222.33417361974716,109.79050028324127,407.575381398201,128.21057546138763,444.6683472394943,119.00053787231445,426.12186431884766,119.00053787231445,444.6683472394943,0.18593834042549134,0.8877538839975992,0.18593834042549134,0.9263923900822798,9.210037589073181,18.546482920646667,small_16_32
2026-08-12T15:27:02.062,678,empty,1,0.441620409488678,116.2141193151474,191.54793065786362,126.70203936100006,215.23425203561783,232.4282386302948,383.09586131572723,253.40407872200012,430.46850407123566,242.91615867614746,406.78218269348145,242.91615867614746,430.46850407123566,0.3795564979314804,0.8474628806114197,0.3795564979314804,0.896809383481741,10.487920045852661,23.68632137775421,small_16_32
2026-08-12T15:27:02.062,678,empty,2,0.3848111629486084,131.02403157949448,190.2078801393509,139.10782152414322,208.1889122724533,262.04806315898895,380.4157602787018,278.21564304828644,416.3778245449066,270.1318531036377,398.3967924118042,270.1318531036377,416.3778245449066,0.4220810204744339,0.829993317524592,0.4220810204744339,0.8674538011352221,8.083789944648743,17.981032133102417,small_16_32
2026-08-12T15:27:02.062,678,empty,3,0.36130279302597046,144.43286037445068,189.60135263204575,152.7849588394165,209.32784658670425,288.86572074890137,379.2027052640915,305.569917678833,418.6556931734085,297.2178192138672,398.92919921875,297.2178192138672,418.6556931734085,0.46440284252166747,0.8311024983723958,0.46440284252166747,0.8721993607779344,8.35209846496582,19.72649395465851,small_16_32
2026-08-12T15:27:02.062,678,empty,4,0.3384403884410858,191.32750034332275,174.69160723686218,203.26379776000977,220.62377858161926,382.6550006866455,349.38321447372437,406.52759552001953,441.2475571632385,394.5912981033325,395.31538581848145,394.5912981033325,441.2475571632385,0.6165489032864571,0.8235737204551696,0.6165489032864571,0.9192657440900802,11.936297416687012,45.93217134475708,regular_ge32
2026-08-12T15:27:02.062,678,empty,5,0.32359981536865234,99.01677852869034,193.66582638025284,107.6458448767662,212.2123093008995,198.03355705738068,387.3316527605057,215.2916897535324,424.424618601799,206.66262340545654,405.87813568115234,206.66262340545654,424.424618601799,0.32291034907102584,0.845579449335734,0.32291034907102584,0.8842179554204146,8.629066348075867,18.546482920646667,small_16_32
2026-08-12T15:27:02.062,678,empty,6,0.28123316168785095,159.89471179246902,221.5915777683258,169.1047493815422,237.97011160850525,319.78942358493805,443.1831555366516,338.2094987630844,475.9402232170105,328.99946117401123,459.56168937683105,328.99946117401123,475.9402232170105,0.5140616580843925,0.9574201862017314,0.5140616580843925,0.9915421317021053,9.210037589073181,16.378533840179443,small_16_32
2026-08-12T15:27:02.062,678,empty,7,0.24242530763149261,45.906447410583496,192.65506678819656,55.735336780548096,211.78324574232101,91.81289482116699,385.3101335763931,111.47067356109619,423.56649148464203,101.64178419113159,404.4383125305176,101.64178419113159,423.56649148464203,0.15881528779864312,0.8425798177719116,0.15881528779864312,0.8824301905930042,9.8288893699646,19.12817895412445,small_16_32
2026-08-12T15:27:02.062,678,empty,8,0.24242530763149261,54.67533189058304,204.2167552113533,63.88536947965622,223.34493416547775,109.35066378116608,408.4335104227066,127.77073895931244,446.6898683309555,118.56070137023926,427.56168937683105,118.56070137023926,446.6898683309555,0.18525109589099883,0.8907535195350647,0.18525109589099883,0.9306038923561573,9.210037589073181,19.12817895412445,small_16_32
2026-08-12T15:27:02.175,679,empty,1,0.4251631200313568,116.38146233558655,191.21114438772202,126.53469634056091,214.89746576547623,232.7629246711731,382.42228877544403,253.06939268112183,429.79493153095245,242.91615867614746,406.10861015319824,242.91615867614746,429.79493153095245,0.3795564979314804,0.8460596044858296,0.3795564979314804,0.8954061073561509,10.153234004974365,23.68632137775421,small_16_32
2026-08-12T15:27:02.175,679,empty,2,0.36130279302597046,131.15650123357773,189.7926850914955,139.24029117822647,208.33916801214218,262.31300246715546,379.585370182991,278.48058235645294,416.67833602428436,270.3967924118042,398.1318531036377,270.3967924118042,416.67833602428436,0.42249498814344405,0.8294413606325786,0.42249498814344405,0.8680798667172591,8.083789944648743,18.546482920646667,small_16_32
2026-08-12T15:27:02.175,679,empty,3,0.33097806572914124,145.11959981918335,189.60135263204575,153.47169828414917,209.32784658670425,290.2391996383667,379.2027052640915,306.94339656829834,418.6556931734085,298.5912981033325,398.92919921875,298.5912981033325,418.6556931734085,0.46654890328645704,0.8311024983723958,0.46654890328645704,0.8721993607779344,8.35209846496582,19.72649395465851,small_16_32
2026-08-12T15:27:02.175,679,empty,4,0.31630825996398926,191.61713254451752,173.46604907512665,203.94455683231354,220.655815243721,383.23426508903503,346.9320981502533,407.8891136646271,441.311630487442,395.56168937683105,394.12186431884766,395.56168937683105,441.311630487442,0.6180651396512985,0.8210872173309326,0.6180651396512985,0.9193992301821708,12.32742428779602,47.18976616859436,regular_ge32
2026-08-12T15:27:02.175,679,empty,5,0.30910593271255493,99.55142885446548,193.66582638025284,108.18049520254135,212.2123093008995,199.10285770893097,387.3316527605057,216.3609904050827,424.424618601799,207.73192405700684,405.87813568115234,207.73192405700684,424.424618601799,0.3245811313390732,0.845579449335734,0.3245811313390732,0.8842179554204146,8.629066348075867,18.546482920646667,small_16_32
2026-08-12T15:27:02.175,679,empty,6,0.3019951581954956,159.4776966571808,221.468425989151,169.30658602714539,237.84695982933044,318.9553933143616,442.936851978302,338.61317205429077,475.6939196586609,328.7842826843262,459.31538581848145,328.7842826843262,475.6939196586609,0.5137254416942596,0.956907053788503,0.5137254416942596,0.9910289992888769,9.8288893699646,16.378533840179443,small_16_32
2026-08-12T15:27:02.175,679,empty,7,0.2949781119823456,54.63721776008606,203.6099447607994,64.79045176506042,223.95174461603165,109.27443552017212,407.2198895215988,129.58090353012085,447.9034892320633,119.42766952514648,427.56168937683105,119.42766952514648,447.9034892320633,0.1866057336330414,0.8907535195350647,0.1866057336330414,0.9331322692334652,10.153234004974365,20.34179985523224,small_16_32
2026-08-12T15:27:02.175,679,empty,8,0.27450883388519287,45.98657298088074,192.82161289453506,55.50115990638733,211.36809581518173,91.97314596176147,385.64322578907013,111.00231981277466,422.73619163036346,101.48773288726807,404.1897087097168,101.48773288726807,422.73619163036346,0.15857458263635635,0.8420618931452434,0.15857458263635635,0.8807003992299239,9.514586925506592,18.546482920646667,small_16_32
2026-08-12T15:27:02.283,680,empty,1,0.441620409488678,115.51744711399078,190.92216688394547,126.35069978237152,216.078370988369,231.03489422798157,381.84433376789093,252.70139956474304,432.156741976738,241.8681468963623,407.00053787231445,241.8681468963623,432.156741976738,0.3779189795255661,0.8479177872339885,0.3779189795255661,0.9003265457848708,10.833252668380737,25.156204104423523,small_16_32
2026-08-12T15:27:02.283,680,empty,2,0.39277467131614685,132.09195137023926,189.86875194311142,140.44404983520508,209.59524589776993,264.1839027404785,379.73750388622284,280.88809967041016,419.19049179553986,272.53600120544434,399.46399784088135,272.53600120544434,419.19049179553986,0.4258375018835068,0.8322166621685028,0.4258375018835068,0.8733135245740413,8.35209846496582,19.72649395465851,small_16_32
2026-08-12T15:27:02.283,680,empty,3,0.36130279302597046,159.8516161441803,221.08703249692917,169.3662030696869,237.98445397615433,319.7032322883606,442.17406499385834,338.7324061393738,475.96890795230865,329.2178192138672,459.0714864730835,329.2178192138672,475.96890795230865,0.5144028425216675,0.9563989301522573,0.5144028425216675,0.9916018915673097,9.514586925506592,16.89742147922516,small_16_32
2026-08-12T15:27:02.283,680,empty,4,0.34598395228385925,190.81218039989471,174.17613124847412,203.54301369190216,222.6493272781372,381.62436079978943,348.35226249694824,407.0860273838043,445.2986545562744,394.3551940917969,396.8254585266113,394.3551940917969,445.2986545562744,0.6161799907684327,0.8267197052637736,0.6161799907684327,0.9277055303255717,12.730833292007446,48.473196029663086,regular_ge32
2026-08-12T15:27:02.283,680,empty,5,0.33097806572914124,99.68546682596207,193.63702195882797,108.31453317403793,213.36351591348648,199.37093365192413,387.27404391765594,216.62906634807587,426.72703182697296,208.0,407.00053787231445,208.0,426.72703182697296,0.325,0.8479177872339885,0.325,0.889014649639527,8.629066348075867,19.72649395465851,small_16_32
2026-08-12T15:27:02.283,680,empty,6,0.32359981536865234,144.63116174936295,189.2026795744896,153.2602280974388,208.9291735291481,289.2623234987259,378.4053591489792,306.5204561948776,417.8583470582962,297.89138984680176,398.1318531036377,297.89138984680176,417.8583470582962,0.46545529663562774,0.8294413606325786,0.46545529663562774,0.8705382230381171,8.629066348075867,19.72649395465851,small_16_32
2026-08-12T15:27:02.283,680,empty,7,0.27450883388519287,53.238002598285675,202.63648360967636,62.448040187358856,222.36297756433487,106.47600519657135,405.2729672193527,124.89608037471771,444.72595512866974,115.68604278564453,424.99946117401123,115.68604278564453,444.72595512866974,0.1807594418525696,0.8854155441125234,0.1807594418525696,0.926512406518062,9.210037589073181,19.72649395465851,small_16_32
2026-08-12T15:27:02.283,680,empty,8,0.26788532733917236,46.493406534194946,191.60761827230453,56.322295904159546,212.58209043741226,92.98681306838989,383.21523654460907,112.64459180831909,425.1641808748245,102.81570243835449,404.1897087097168,102.81570243835449,425.1641808748245,0.1606495350599289,0.8420618931452434,0.1606495350599289,0.8857587101558845,9.8288893699646,20.974472165107727,small_16_32
2026-08-12T15:27:02.396,681,empty,1,0.4665374755859375,115.86330723762512,190.20760506391525,127.05285143852234,216.1285498738289,231.72661447525024,380.4152101278305,254.10570287704468,432.2570997476578,242.91615867614746,406.33615493774414,242.91615867614746,432.2570997476578,0.3795564979314804,0.8465336561203003,0.3795564979314804,0.900535624474287,11.189544200897217,25.920944809913635,small_16_32
2026-08-12T15:27:02.396,681,empty,2,0.4169939160346985,158.96436023712158,220.5799154639244,168.79324960708618,238.0113826394081,317.92872047424316,441.1598309278488,337.58649921417236,476.0227652788162,327.75760984420776,458.5912981033325,327.75760984420776,476.0227652788162,0.5121212653815747,0.955398537715276,0.5121212653815747,0.9917140943308671,9.8288893699646,17.431467175483704,small_16_32
2026-08-12T15:27:02.396,681,empty,3,0.3848111629486084,131.95346742868423,189.73494046926498,140.5825337767601,209.4614344239235,263.90693485736847,379.46988093852997,281.1650675535202,418.922868847847,272.53600120544434,399.1963748931885,272.53600120544434,418.922868847847,0.4258375018835068,0.8316591143608093,0.4258375018835068,0.8727559767663479,8.629066348075867,19.72649395465851,small_16_32
2026-08-12T15:27:02.396,681,empty,4,0.35360580682754517,144.48821699619293,189.60135263204575,153.40317285060883,209.32784658670425,288.97643399238586,379.2027052640915,306.80634570121765,418.6556931734085,297.89138984680176,398.92919921875,297.89138984680176,418.6556931734085,0.46545529663562774,0.8311024983723958,0.46545529663562774,0.8721993607779344,8.914955854415894,19.72649395465851,small_16_32
2026-08-12T15:27:02.396,681,empty,5,0.33097806572914124,189.94036173820496,171.4797065258026,204.41483235359192,225.34575200080872,379.8807234764099,342.9594130516052,408.82966470718384,450.69150400161743,394.3551940917969,396.8254585266113,394.3551940917969,450.69150400161743,0.6161799907684327,0.8267197052637736,0.6161799907684327,0.938940633336703,14.474470615386963,53.8660454750061,regular_ge32
2026-08-12T15:27:02.396,681,empty,6,0.2880568504333496,99.55142885446548,194.6173425912857,108.18049520254135,212.59837472438812,199.10285770893097,389.2346851825714,216.3609904050827,425.19674944877625,207.73192405700684,407.2157173156738,207.73192405700684,425.19674944877625,0.3245811313390732,0.8483660777409872,0.3245811313390732,0.8858265613516172,8.629066348075867,17.981032133102417,small_16_32
2026-08-12T15:27:02.396,681,empty,7,0.27450883388519287,53.86245083808899,202.8084129691124,64.01568484306335,223.78288513422012,107.72490167617798,405.6168259382248,128.0313696861267,447.56577026844025,117.87813568115234,426.5912981033325,117.87813568115234,447.56577026844025,0.18418458700180054,0.8887318710486094,0.18418458700180054,0.9324286880592505,10.153234004974365,20.974472165107727,small_16_32
2026-08-12T15:27:02.396,681,empty,8,0.2613641023635864,46.07487452030182,191.97702115774155,56.56279456615448,212.95149332284927,92.14974904060364,383.9540423154831,113.12558913230896,425.90298664569855,102.6376690864563,404.9285144805908,102.6376690864563,425.90298664569855,0.16037135794758797,0.8436010718345642,0.16037135794758797,0.8872978888452053,10.487920045852661,20.974472165107727,small_16_32
2026-08-12T15:27:02.499,682,empty,1,0.4251631200313568,159.96235632896423,221.04002678394318,169.47694325447083,239.0210589170456,319.92471265792847,442.08005356788635,338.95388650894165,478.0421178340912,329.43929958343506,460.06108570098877,329.43929958343506,478.0421178340912,0.5147489055991172,0.9584605952103933,0.5147489055991172,0.9959210788210233,9.514586925506592,17.981032133102417,small_16_32
2026-08-12T15:27:02.499,682,empty,2,0.40887001156806946,116.04145300388336,191.65710824728012,126.8747056722641,215.34342962503433,232.08290600776672,383.31421649456024,253.7494113445282,430.68685925006866,242.91615867614746,407.00053787231445,242.91615867614746,430.68685925006866,0.3795564979314804,0.8479177872339885,0.3795564979314804,0.8972642901043097,10.833252668380737,23.68632137775421,small_16_32
2026-08-12T15:27:02.499,682,empty,3,0.3690716028213501,131.0223469734192,189.90051013231277,139.374445438385,209.02868908643723,262.0446939468384,379.80102026462555,278.74889087677,418.05737817287445,270.3967924118042,398.92919921875,270.3967924118042,418.05737817287445,0.42249498814344405,0.8311024983723958,0.42249498814344405,0.8709528711934884,8.35209846496582,19.12817895412445,small_16_32
2026-08-12T15:27:02.499,682,empty,4,0.35360580682754517,191.87913465499878,174.2115113735199,203.43625116348267,220.14368271827698,383.75826930999756,348.4230227470398,406.87250232696533,440.28736543655396,395.31538581848145,394.3551940917969,395.31538581848145,440.28736543655396,0.6176802903413773,0.8215733210245768,0.6176802903413773,0.9172653446594874,11.557116508483887,45.93217134475708,regular_ge32
2026-08-12T15:27:02.499,682,empty,5,0.30910593271255493,99.81950479745865,194.4405933022499,108.44857114553452,212.98707622289658,199.6390095949173,388.8811866044998,216.89714229106903,425.97415244579315,208.26807594299316,407.4276695251465,208.26807594299316,425.97415244579315,0.32541886866092684,0.8488076448440551,0.32541886866092684,0.8874461509287357,8.629066348075867,18.546482920646667,small_16_32
2026-08-12T15:27:02.499,682,empty,6,0.30910593271255493,144.26217186450958,189.60135263204575,153.17712771892548,209.32784658670425,288.52434372901917,379.2027052640915,306.35425543785095,418.6556931734085,297.43929958343506,398.92919921875,297.43929958343506,418.6556931734085,0.4647489055991173,0.8311024983723958,0.4647489055991173,0.8721993607779344,8.914955854415894,19.72649395465851,small_16_32
2026-08-12T15:27:02.499,682,empty,7,0.2880568504333496,54.47664666175842,203.24414628744125,64.30553603172302,223.5859461426735,108.95329332351685,406.4882925748825,128.61107206344604,447.171892285347,118.78218269348145,426.83009243011475,118.78218269348145,447.171892285347,0.18559716045856475,0.8892293592294057,0.18559716045856475,0.9316081089278062,9.8288893699646,20.34179985523224,small_16_32
2026-08-12T15:27:02.499,682,empty,8,0.26788532733917236,46.38869094848633,193.19105809926987,55.90327787399292,212.91755205392838,92.77738189697266,386.38211619853973,111.80655574798584,425.83510410785675,102.29196882247925,406.10861015319824,102.29196882247925,425.83510410785675,0.15983120128512382,0.8460596044858296,0.15983120128512382,0.8871564668913682,9.514586925506592,19.72649395465851,small_16_32
2026-08-12T15:27:02.611,683,empty,1,0.43337342143058777,159.4776966571808,220.5076032280922,169.30658602714539,239.05408614873886,318.9553933143616,441.0152064561844,338.61317205429077,478.1081722974777,328.7842826843262,459.56168937683105,328.7842826843262,478.1081722974777,0.5137254416942596,0.9574201862017314,0.5137254416942596,0.996058692286412,9.8288893699646,18.546482920646667,small_16_32
2026-08-12T15:27:02.611,683,empty,2,0.4169939160346985,115.82206571102142,190.5899754166603,126.30998575687408,215.74617952108383,231.64413142204285,381.1799508333206,252.61997151374817,431.49235904216766,242.1320514678955,406.33615493774414,242.1320514678955,431.49235904216766,0.37833133041858674,0.8465336561203003,0.37833133041858674,0.8989424146711826,10.487920045852661,25.156204104423523,small_16_32
2026-08-12T15:27:02.611,683,empty,3,0.3848111629486084,191.3990387916565,175.43068540096283,202.95615530014038,220.13100397586823,382.798077583313,350.86137080192566,405.91231060028076,440.26200795173645,394.3551940917969,395.56168937683105,394.3551940917969,440.26200795173645,0.6161799907684327,0.824086852868398,0.6161799907684327,0.9172125165661176,11.557116508483887,44.700318574905396,regular_ge32
2026-08-12T15:27:02.611,683,empty,4,0.35360580682754517,131.01677852869034,189.33514922857285,139.6458448767662,209.06164318323135,262.0335570573807,378.6702984571457,279.2916897535324,418.1232863664627,270.66262340545654,398.3967924118042,270.66262340545654,418.1232863664627,0.42291034907102587,0.829993317524592,0.42291034907102587,0.8710901799301306,8.629066348075867,19.72649395465851,small_16_32
2026-08-12T15:27:02.611,683,empty,5,0.30910593271255493,145.11959981918335,189.29369968175888,153.47169828414917,209.63549953699112,290.2391996383667,378.58739936351776,306.94339656829834,419.27099907398224,298.5912981033325,398.92919921875,298.5912981033325,419.27099907398224,0.46654890328645704,0.8311024983723958,0.46654890328645704,0.8734812480707963,8.35209846496582,20.34179985523224,small_16_32
2026-08-12T15:27:02.611,683,empty,6,0.3019951581954956,99.81950479745865,193.7162612080574,108.44857114553452,212.84444016218185,199.6390095949173,387.4325224161148,216.89714229106903,425.6888803243637,208.26807594299316,406.56070137023926,208.26807594299316,425.6888803243637,0.32541886866092684,0.8470014611879985,0.32541886866092684,0.8868518340090911,8.629066348075867,19.12817895412445,small_16_32
2026-08-12T15:27:02.611,683,empty,7,0.27450883388519287,54.47664666175842,203.432402074337,64.30553603172302,223.1588960289955,108.95329332351685,406.864804148674,128.61107206344604,446.317792057991,118.78218269348145,426.5912981033325,118.78218269348145,446.317792057991,0.18559716045856475,0.8887318710486094,0.18559716045856475,0.929828733454148,9.8288893699646,19.72649395465851,small_16_32
2026-08-12T15:27:02.611,683,empty,8,0.2363237887620926,46.56154108047485,192.9591559767723,56.076128005981445,212.68564993143082,93.1230821609497,385.9183119535446,112.15225601196289,425.37129986286163,102.6376690864563,405.6448059082031,102.6376690864563,425.37129986286163,0.16037135794758797,0.8450933456420898,0.16037135794758797,0.8861902080476284,9.514586925506592,19.72649395465851,small_16_32
2026-08-12T15:27:02.718,684,empty,1,0.400795578956604,116.38146233558655,191.43718999624252,126.53469634056091,215.12351137399673,232.7629246711731,382.87437999248505,253.06939268112183,430.24702274799347,242.91615867614746,406.56070137023926,242.91615867614746,430.24702274799347,0.3795564979314804,0.8470014611879985,0.3795564979314804,0.8963479640583197,10.153234004974365,23.68632137775421,small_16_32
2026-08-12T15:27:02.718,684,empty,2,0.3690716028213501,190.60415661334991,172.483051776886,203.75103747844696,220.95624780654907,381.20831322669983,344.966103553772,407.5020749568939,441.91249561309814,394.3551940917969,393.43929958343506,394.3551940917969,441.91249561309814,0.6161799907684327,0.8196652074654897,0.6161799907684327,0.9206510325272877,13.146880865097046,48.473196029663086,regular_ge32
2026-08-12T15:27:02.718,684,empty,3,0.35360580682754517,131.2885503768921,189.66073328256607,139.6406488418579,208.20721620321274,262.5771007537842,379.32146656513214,279.2812976837158,416.4144324064255,270.92919921875,397.8679494857788,270.92919921875,416.4144324064255,0.4233268737792969,0.8288915614287059,0.4233268737792969,0.8675300675133865,8.35209846496582,18.546482920646667,small_16_32
2026-08-12T15:27:02.718,684,empty,4,0.31630825996398926,145.01903718709946,189.50183707475662,153.1028271317482,208.63001602888107,290.0380743741989,379.00367414951324,306.2056542634964,417.26003205776215,298.12186431884766,398.1318531036377,298.12186431884766,417.26003205776215,0.46581541299819945,0.8294413606325786,0.46581541299819945,0.8692917334536712,8.083789944648743,19.12817895412445,small_16_32
2026-08-12T15:27:02.718,684,empty,5,0.31630825996398926,160.3406761288643,221.84334033727646,169.55071371793747,237.22814613580704,320.6813522577286,443.6866806745529,339.10142743587494,474.4562922716141,329.89138984680176,459.0714864730835,329.89138984680176,474.4562922716141,0.5154552966356277,0.9563989301522573,0.5154552966356277,0.988450608899196,9.210037589073181,15.384805798530579,tiny_lt16
2026-08-12T15:27:02.718,684,empty,6,0.3019951581954956,99.41746574640274,193.60398799180984,108.04653209447861,212.7321669459343,198.83493149280548,387.2079759836197,216.09306418895721,425.4643338918686,207.46399784088135,406.33615493774414,207.46399784088135,425.4643338918686,0.3241624966263771,0.8465336561203003,0.3241624966263771,0.8863840289413929,8.629066348075867,19.12817895412445,small_16_32
2026-08-12T15:27:02.718,684,empty,7,0.26788532733917236,54.36590600013733,202.85640281438828,64.19479537010193,222.58289676904678,108.73181200027466,405.71280562877655,128.38959074020386,445.16579353809357,118.56070137023926,425.43929958343506,118.56070137023926,445.16579353809357,0.18525109589099883,0.8863318741321564,0.18525109589099883,0.927428736537695,9.8288893699646,19.72649395465851,small_16_32
2026-08-12T15:27:02.718,684,empty,8,0.24242530763149261,46.54096561670303,193.02086478471756,55.751003205776215,212.149043738842,93.08193123340607,386.0417295694351,111.50200641155243,424.298087477684,102.29196882247925,405.16990852355957,102.29196882247925,424.298087477684,0.15983120128512382,0.844103976090749,0.15983120128512382,0.8839543489118417,9.210037589073181,19.12817895412445,small_16_32
2026-08-12T15:27:02.831,685,empty,1,0.4251631200313568,116.51065373420715,191.54793065786362,126.66388773918152,215.23425203561783,233.0213074684143,383.09586131572723,253.32777547836304,430.46850407123566,243.17454147338867,406.78218269348145,243.17454147338867,430.46850407123566,0.3799602210521698,0.8474628806114197,0.3799602210521698,0.896809383481741,10.153234004974365,23.68632137775421,small_16_32
2026-08-12T15:27:02.831,685,empty,2,0.37690892815589905,130.89207977056503,190.2078801393509,138.97586971521378,208.1889122724533,261.78415954113007,380.4157602787018,277.95173943042755,416.3778245449066,269.8679494857788,398.3967924118042,269.8679494857788,416.3778245449066,0.4216686710715294,0.829993317524592,0.4216686710715294,0.8674538011352221,8.083789944648743,17.981032133102417,small_16_32
2026-08-12T15:27:02.831,685,empty,3,0.37690892815589905,159.52887177467346,220.5799154639244,169.04345870018005,238.0113826394081,319.0577435493469,441.1598309278488,338.0869174003601,476.0227652788162,328.5723304748535,458.5912981033325,328.5723304748535,476.0227652788162,0.5133942663669586,0.955398537715276,0.5133942663669586,0.9917140943308671,9.514586925506592,17.431467175483704,small_16_32
2026-08-12T15:27:02.831,685,empty,4,0.35360580682754517,144.67775481939316,190.45875746011734,152.7615447640419,209.005240380764,289.3555096387863,380.9175149202347,305.5230895280838,418.010480761528,297.43929958343506,399.46399784088135,297.43929958343506,418.010480761528,0.4647489055991173,0.8322166621685028,0.4647489055991173,0.8708551682531833,8.083789944648743,18.546482920646667,small_16_32
2026-08-12T15:27:02.831,685,empty,5,0.33097806572914124,191.94097113609314,175.7886929512024,203.13051533699036,219.2827935218811,383.8819422721863,351.5773859024048,406.2610306739807,438.5655870437622,395.0714864730835,395.0714864730835,395.0714864730835,438.5655870437622,0.6172991976141929,0.823065596818924,0.6172991976141929,0.9136783063411713,11.189544200897217,43.49410057067871,regular_ge32
2026-08-12T15:27:02.831,685,empty,6,0.3019951581954956,99.41746574640274,193.4902155995369,108.04653209447861,212.61839455366135,198.83493149280548,386.9804311990738,216.09306418895721,425.2367891073227,207.46399784088135,406.10861015319824,207.46399784088135,425.2367891073227,0.3241624966263771,0.8460596044858296,0.3241624966263771,0.8859099773069222,8.629066348075867,19.12817895412445,small_16_32
2026-08-12T15:27:02.831,685,empty,7,0.2363237887620926,46.36341416835785,192.59675467014313,55.27837002277374,210.57778680324554,92.7268283367157,385.19350934028625,110.55674004554749,421.1555736064911,101.64178419113159,403.1745414733887,101.64178419113159,421.1555736064911,0.15881528779864312,0.839946961402893,0.15881528779864312,0.8774074450135231,8.914955854415894,17.981032133102417,small_16_32
2026-08-12T15:27:02.831,685,empty,8,0.21299070119857788,54.67533189058304,203.73155957460403,63.88536947965622,222.85973852872849,109.35066378116608,407.46311914920807,127.77073895931244,445.71947705745697,118.56070137023926,426.5912981033325,118.56070137023926,445.71947705745697,0.18525109589099883,0.8887318710486094,0.18525109589099883,0.928582243869702,9.210037589073181,19.12817895412445,small_16_32
2026-08-12T15:27:02.937,686,empty,1,0.4251631200313568,116.2141193151474,191.65710824728012,126.70203936100006,215.34342962503433,232.4282386302948,383.31421649456024,253.40407872200012,430.68685925006866,242.91615867614746,407.00053787231445,242.91615867614746,430.68685925006866,0.3795564979314804,0.8479177872339885,0.3795564979314804,0.8972642901043097,10.487920045852661,23.68632137775421,small_16_32
2026-08-12T15:27:02.937,686,empty,2,0.39277467131614685,159.68114644289017,220.69931262731552,168.89118403196335,238.13077980279922,319.36229288578033,441.39862525463104,337.7823680639267,476.26155960559845,328.5723304748535,458.83009243011475,328.5723304748535,476.26155960559845,0.5133942663669586,0.9558960258960724,0.5133942663669586,0.9922115825116634,9.210037589073181,17.431467175483704,small_16_32
2026-08-12T15:27:02.937,686,empty,3,0.3848111629486084,131.42270463705063,190.07541048526764,139.50649458169937,208.05644261837006,262.84540927410126,380.1508209705353,279.01298916339874,416.1128852367401,270.92919921875,398.1318531036377,270.92919921875,416.1128852367401,0.4233268737792969,0.8294413606325786,0.4233268737792969,0.8669018442432086,8.083789944648743,17.981032133102417,small_16_32
2026-08-12T15:27:02.937,686,empty,4,0.34598395228385925,144.79002755880356,189.36988526582718,152.8738175034523,208.49806421995163,289.5800551176071,378.73977053165436,305.7476350069046,416.99612843990326,297.66384506225586,397.8679494857788,297.66384506225586,416.99612843990326,0.46509975790977476,0.8288915614287059,0.46509975790977476,0.8687419342497985,8.083789944648743,19.12817895412445,small_16_32
2026-08-12T15:27:02.937,686,empty,5,0.30910593271255493,99.15006643533707,193.89483600854874,107.77913278341293,212.4413189291954,198.30013287067413,387.7896720170975,215.55826556682587,424.8826378583908,206.92919921875,406.33615493774414,206.92919921875,424.8826378583908,0.32332687377929686,0.8465336561203003,0.32332687377929686,0.8851721622049809,8.629066348075867,18.546482920646667,small_16_32
2026-08-12T15:27:02.937,686,empty,6,0.2949781119823456,192.17108619213104,176.9567449092865,202.6590062379837,218.114741563797,384.3421723842621,353.913489818573,405.3180124759674,436.229483127594,394.83009243011475,395.0714864730835,394.83009243011475,436.229483127594,0.6169220194220543,0.823065596818924,0.6169220194220543,0.9088114231824875,10.487920045852661,41.1579966545105,regular_ge32
2026-08-12T15:27:02.937,686,empty,7,0.2880568504333496,54.06510949134827,204.5928891301155,63.57969641685486,223.72106808423996,108.13021898269653,409.185778260231,127.15939283370972,447.4421361684799,117.64480590820312,428.31395721435547,117.64480590820312,447.4421361684799,0.18382000923156738,0.8923207441965739,0.18382000923156738,0.9321711170176665,9.514586925506592,19.12817895412445,small_16_32
2026-08-12T15:27:02.937,686,empty,8,0.24863308668136597,45.40426576137543,192.23160737752914,56.237518429756165,211.95810133218765,90.80853152275085,384.4632147550583,112.47503685951233,423.9162026643753,101.64178419113159,404.1897087097168,101.64178419113159,423.9162026643753,0.15881528779864312,0.8420618931452434,0.15881528779864312,0.8831587555507819,10.833252668380737,19.72649395465851,small_16_32
2026-08-12T15:27:03.049,687,empty,1,0.4251631200313568,115.98940873146057,191.2945415377617,126.14264273643494,215.70599633455276,231.97881746292114,382.5890830755234,252.28528547286987,431.41199266910553,242.1320514678955,407.00053787231445,242.1320514678955,431.41199266910553,0.37833133041858674,0.8479177872339885,0.37833133041858674,0.8987749847273032,10.153234004974365,24.411454796791077,small_16_32
2026-08-12T15:27:03.049,687,empty,2,0.3848111629486084,130.6265606880188,189.90051013231277,138.97865915298462,209.02868908643723,261.2531213760376,379.80102026462555,277.95731830596924,418.05737817287445,269.6052198410034,398.92919921875,269.6052198410034,418.05737817287445,0.42125815600156785,0.8311024983723958,0.42125815600156785,0.8709528711934884,8.35209846496582,19.12817895412445,small_16_32
2026-08-12T15:27:03.049,687,empty,3,0.3848111629486084,192.25198459625244,175.5485987663269,203.80910110473633,219.04269933700562,384.5039691925049,351.0971975326538,407.61820220947266,438.08539867401123,396.06108570098877,394.5912981033325,396.06108570098877,438.08539867401123,0.6188454464077949,0.8220652043819427,0.6188454464077949,0.9126779139041901,11.557116508483887,43.49410057067871,regular_ge32
2026-08-12T15:27:03.049,687,empty,4,0.35360580682754517,144.43286037445068,189.73494046926498,152.7849588394165,209.4614344239235,288.86572074890137,379.46988093852997,305.569917678833,418.922868847847,297.2178192138672,399.1963748931885,297.2178192138672,418.922868847847,0.46440284252166747,0.8316591143608093,0.46440284252166747,0.8727559767663479,8.35209846496582,19.72649395465851,small_16_32
2026-08-12T15:27:03.049,687,empty,5,0.31630825996398926,99.41746574640274,193.30483049154282,108.04653209447861,213.03132444620132,198.83493149280548,386.60966098308563,216.09306418895721,426.06264889240265,207.46399784088135,406.33615493774414,207.46399784088135,426.06264889240265,0.3241624966263771,0.8465336561203003,0.3241624966263771,0.8876305185258389,8.629066348075867,19.72649395465851,small_16_32
2026-08-12T15:27:03.049,687,empty,6,0.31630825996398926,159.96235632896423,221.08703249692917,169.47694325447083,237.98445397615433,319.92471265792847,442.17406499385834,338.95388650894165,475.96890795230865,329.43929958343506,459.0714864730835,329.43929958343506,475.96890795230865,0.5147489055991172,0.9563989301522573,0.5147489055991172,0.9916018915673097,9.514586925506592,16.89742147922516,small_16_32
2026-08-12T15:27:03.049,687,empty,7,0.24863308668136597,46.22272777557373,192.47906011343002,55.73731470108032,212.20555406808853,92.44545555114746,384.95812022686005,111.47462940216064,424.41110813617706,101.96004247665405,404.68461418151855,101.96004247665405,424.41110813617706,0.15931256636977195,0.843092946211497,0.15931256636977195,0.8841898086170356,9.514586925506592,19.72649395465851,small_16_32
2026-08-12T15:27:03.049,687,empty,8,0.24863308668136597,54.181774377822876,203.31435006856918,63.69636130332947,223.0408440232277,108.36354875564575,406.62870013713837,127.39272260665894,446.0816880464554,117.87813568115234,426.3551940917969,117.87813568115234,446.0816880464554,0.18418458700180054,0.8882399876912435,0.18418458700180054,0.929336850096782,9.514586925506592,19.72649395465851,small_16_32
2026-08-12T15:27:03.153,688,empty,1,0.4169939160346985,116.08413827419281,191.7646979689598,126.57205832004547,215.45101934671402,232.16827654838562,383.5293959379196,253.14411664009094,430.90203869342804,242.65619659423828,407.2157173156738,242.65619659423828,430.90203869342804,0.3791503071784973,0.8483660777409872,0.3791503071784973,0.8977125806113084,10.487920045852661,23.68632137775421,small_16_32
2026-08-12T15:27:03.153,688,empty,2,0.3690716028213501,131.15526247024536,190.19135814905167,139.50736093521118,208.73784106969833,262.3105249404907,380.38271629810333,279.01472187042236,417.47568213939667,270.66262340545654,398.92919921875,270.66262340545654,417.47568213939667,0.42291034907102587,0.8311024983723958,0.42291034907102587,0.8697410044570764,8.35209846496582,18.546482920646667,small_16_32
2026-08-12T15:27:03.153,688,empty,3,0.3690716028213501,145.01903718709946,189.60135263204575,153.1028271317482,209.32784658670425,290.0380743741989,379.2027052640915,306.2056542634964,418.6556931734085,298.12186431884766,398.92919921875,298.12186431884766,418.6556931734085,0.46581541299819945,0.8311024983723958,0.46581541299819945,0.8721993607779344,8.083789944648743,19.72649395465851,small_16_32
2026-08-12T15:27:03.153,688,empty,4,0.32359981536865234,98.88386303186417,193.89483600854874,107.51292937994003,212.4413189291954,197.76772606372833,387.7896720170975,215.02585875988007,424.8826378583908,206.3967924118042,406.33615493774414,206.3967924118042,424.8826378583908,0.3224949881434441,0.8465336561203003,0.3224949881434441,0.8851721622049809,8.629066348075867,18.546482920646667,small_16_32
2026-08-12T15:27:03.153,688,empty,5,0.32359981536865234,159.68114644289017,221.5818321108818,168.89118403196335,238.47925359010696,319.36229288578033,443.1636642217636,337.7823680639267,476.9585071802139,328.5723304748535,460.06108570098877,328.5723304748535,476.9585071802139,0.5133942663669586,0.9584605952103933,0.5133942663669586,0.9936635566254457,9.210037589073181,16.89742147922516,small_16_32
2026-08-12T15:27:03.153,688,empty,6,0.30910593271255493,192.24106657505035,175.91064262390137,203.0743192434311,219.40474319458008,384.4821331501007,351.82128524780273,406.1486384868622,438.80948638916016,395.31538581848145,395.31538581848145,395.31538581848145,438.80948638916016,0.6176802903413773,0.8235737204551696,0.6176802903413773,0.914186429977417,10.833252668380737,43.49410057067871,regular_ge32
2026-08-12T15:27:03.153,688,empty,7,0.24242530763149261,54.895250141620636,203.6135075688362,64.10528773069382,222.74168652296066,109.79050028324127,407.2270151376724,128.21057546138763,445.4833730459213,119.00053787231445,426.3551940917969,119.00053787231445,445.4833730459213,0.18593834042549134,0.8882399876912435,0.18593834042549134,0.9280903605123361,9.210037589073181,19.12817895412445,small_16_32
2026-08-12T15:27:03.153,688,empty,8,0.23032912611961365,45.576932072639465,192.90016776323318,56.06485211849213,212.02834671735764,91.15386414527893,385.80033552646637,112.12970423698425,424.05669343471527,101.64178419113159,404.9285144805908,101.64178419113159,424.05669343471527,0.15881528779864312,0.8436010718345642,0.15881528779864312,0.8834514446556568,10.487920045852661,19.12817895412445,small_16_32
2026-08-12T15:27:03.269,689,empty,1,0.441620409488678,115.91147196292877,191.40213125944138,126.74472463130951,215.81358605623245,231.82294392585754,382.80426251888275,253.48944926261902,431.6271721124649,242.65619659423828,407.2157173156738,242.65619659423828,431.6271721124649,0.3791503071784973,0.8483660777409872,0.3791503071784973,0.8992232752343019,10.833252668380737,24.411454796791077,small_16_32
2026-08-12T15:27:03.269,689,empty,2,0.36130279302597046,159.6348478794098,220.6671768426895,169.14943480491638,238.64820897579193,319.2696957588196,441.334353685379,338.29886960983276,477.29641795158386,328.7842826843262,459.31538581848145,328.7842826843262,477.29641795158386,0.5137254416942596,0.956907053788503,0.5137254416942596,0.9943675373991331,9.514586925506592,17.981032133102417,small_16_32
2026-08-12T15:27:03.269,689,empty,3,0.35360580682754517,132.22576332092285,189.13948780298233,140.57786178588867,207.685970723629,264.4515266418457,378.27897560596466,281.15572357177734,415.371941447258,272.8036251068115,396.8254585266113,272.8036251068115,415.371941447258,0.426255664229393,0.8267197052637736,0.426255664229393,0.8653582113484541,8.35209846496582,18.546482920646667,small_16_32
2026-08-12T15:27:03.269,689,empty,4,0.34598395228385925,145.13570207357407,189.02749627828598,153.2194920182228,209.36929613351822,290.27140414714813,378.05499255657196,306.4389840364456,418.73859226703644,298.3551940917969,398.3967924118042,298.3551940917969,418.73859226703644,0.46617999076843264,0.829993317524592,0.46617999076843264,0.8723720672229925,8.083789944648743,20.34179985523224,small_16_32
2026-08-12T15:27:03.269,689,empty,5,0.32359981536865234,98.87383377552032,192.883405148983,107.78878962993622,213.22520500421524,197.74766755104065,385.766810297966,215.57757925987244,426.4504100084305,206.66262340545654,406.10861015319824,206.66262340545654,426.4504100084305,0.32291034907102584,0.8460596044858296,0.32291034907102584,0.8884383541842301,8.914955854415894,20.34179985523224,small_16_32
2026-08-12T15:27:03.269,689,empty,6,0.32359981536865234,192.4137328863144,176.14065146446228,202.90165293216705,217.29864811897278,384.8274657726288,352.28130292892456,405.8033058643341,434.59729623794556,395.31538581848145,393.43929958343506,395.31538581848145,434.59729623794556,0.6176802903413773,0.8196652074654897,0.6176802903413773,0.9054110338290532,10.487920045852661,41.1579966545105,regular_ge32
2026-08-12T15:27:03.269,689,empty,7,0.2549463212490082,54.44928628206253,203.38160544633865,63.65932387113571,222.5097844004631,108.89857256412506,406.7632108926773,127.31864774227142,445.0195688009262,118.10861015319824,425.89138984680176,118.10861015319824,445.0195688009262,0.18454470336437226,0.8872737288475037,0.18454470336437226,0.9271241016685963,9.210037589073181,19.12817895412445,small_16_32
2026-08-12T15:27:03.269,689,empty,8,0.2363237887620926,45.576932072639465,192.65506678819656,56.06485211849213,211.78324574232101,91.15386414527893,385.3101335763931,112.12970423698425,423.56649148464203,101.64178419113159,404.4383125305176,101.64178419113159,423.56649148464203,0.15881528779864312,0.8425798177719116,0.15881528779864312,0.8824301905930042,10.487920045852661,19.12817895412445,small_16_32
2026-08-12T15:27:03.374,690,empty,1,0.43337342143058777,116.47164571285248,190.96235007047653,126.95956575870514,215.3738048672676,232.94329142570496,381.92470014095306,253.91913151741028,430.7476097345352,243.43121147155762,406.33615493774414,243.43121147155762,430.7476097345352,0.3803612679243088,0.8465336561203003,0.3803612679243088,0.897390853613615,10.487920045852661,24.411454796791077,small_16_32
2026-08-12T15:27:03.374,690,empty,2,0.3690716028213501,131.42213821411133,189.7926850914955,139.77423667907715,208.33916801214218,262.84427642822266,379.585370182991,279.5484733581543,416.67833602428436,271.1963748931885,398.1318531036377,271.1963748931885,416.67833602428436,0.423744335770607,0.8294413606325786,0.423744335770607,0.8680798667172591,8.35209846496582,18.546482920646667,small_16_32
2026-08-12T15:27:03.374,690,empty,3,0.35360580682754517,144.9037999510765,189.60135263204575,152.98758989572525,209.32784658670425,289.807599902153,379.2027052640915,305.9751797914505,418.6556931734085,297.89138984680176,398.92919921875,297.89138984680176,418.6556931734085,0.46545529663562774,0.8311024983723958,0.46545529663562774,0.8721993607779344,8.083789944648743,19.72649395465851,small_16_32
2026-08-12T15:27:03.374,690,empty,4,0.35360580682754517,159.52887177467346,220.94195932149887,169.04345870018005,238.37342649698257,319.0577435493469,441.88391864299774,338.0869174003601,476.74685299396515,328.5723304748535,459.31538581848145,328.5723304748535,476.74685299396515,0.5133942663669586,0.956907053788503,0.5133942663669586,0.9932226104040941,9.514586925506592,17.431467175483704,small_16_32
2026-08-12T15:27:03.374,690,empty,5,0.34598395228385925,191.70087695121765,176.03379440307617,202.89042115211487,219.52789497375488,383.4017539024353,352.06758880615234,405.78084230422974,439.05578994750977,394.5912981033325,395.56168937683105,394.5912981033325,439.05578994750977,0.6165489032864571,0.824086852868398,0.6165489032864571,0.9146995623906453,11.189544200897217,43.49410057067871,regular_ge32
2026-08-12T15:27:03.374,690,empty,6,0.32359981536865234,98.74091827869415,193.4902155995369,107.65587413311005,212.61839455366135,197.4818365573883,386.9804311990738,215.3117482662201,425.2367891073227,206.3967924118042,406.10861015319824,206.3967924118042,425.2367891073227,0.3224949881434441,0.8460596044858296,0.3224949881434441,0.8859099773069222,8.914955854415894,19.12817895412445,small_16_32
2026-08-12T15:27:03.374,690,empty,7,0.23032912611961365,55.21315556764603,203.6099447607994,64.42319315671921,223.95174461603165,110.42631113529205,407.2198895215988,128.84638631343842,447.9034892320633,119.63634872436523,427.56168937683105,119.63634872436523,447.9034892320633,0.18693179488182068,0.8907535195350647,0.18693179488182068,0.9331322692334652,9.210037589073181,20.34179985523224,small_16_32
2026-08-12T15:27:03.374,690,empty,8,0.22444185614585876,45.985527753829956,192.23160737752914,56.13876175880432,211.95810133218765,91.97105550765991,384.4632147550583,112.27752351760864,423.9162026643753,102.12428951263428,404.1897087097168,102.12428951263428,423.9162026643753,0.15956920236349106,0.8420618931452434,0.15956920236349106,0.8831587555507819,10.153234004974365,19.72649395465851,small_16_32
2026-08-12T15:27:03.492,691,empty,1,0.43337342143058777,116.29897940158844,190.73334044218063,127.13223206996918,215.1447952389717,232.59795880317688,381.46668088436127,254.26446413993835,430.2895904779434,243.43121147155762,405.87813568115234,243.43121147155762,430.2895904779434,0.3803612679243088,0.845579449335734,0.3803612679243088,0.8964366468290488,10.833252668380737,24.411454796791077,small_16_32
2026-08-12T15:27:03.492,691,empty,2,0.3848111629486084,159.26738095283508,219.9043555855751,169.09627032279968,238.45083850622177,318.53476190567017,439.8087111711502,338.19254064559937,476.90167701244354,328.36365127563477,458.3551940917969,328.36365127563477,476.90167701244354,0.5130682051181793,0.9549066543579101,0.5130682051181793,0.9935451604425907,9.8288893699646,18.546482920646667,small_16_32
2026-08-12T15:27:03.492,691,empty,3,0.3690716028213501,131.42270463705063,189.52936846017838,139.50649458169937,208.07585138082504,262.84540927410126,379.05873692035675,279.01298916339874,416.1517027616501,270.92919921875,397.6052198410034,270.92919921875,416.1517027616501,0.4233268737792969,0.8283442080020904,0.4233268737792969,0.866982714086771,8.083789944648743,18.546482920646667,small_16_32
2026-08-12T15:27:03.492,691,empty,4,0.3690716028213501,190.86377382278442,175.43054676055908,202.80007123947144,218.9246473312378,381.72754764556885,350.86109352111816,405.60014247894287,437.8492946624756,393.66384506225586,394.3551940917969,393.66384506225586,437.8492946624756,0.6150997579097748,0.8215733210245768,0.6150997579097748,0.9121860305468241,11.936297416687012,43.49410057067871,regular_ge32
2026-08-12T15:27:03.492,691,empty,5,0.35360580682754517,145.373151242733,190.45875746011734,153.45694118738174,209.005240380764,290.746302485466,380.9175149202347,306.9138823747635,418.010480761528,298.83009243011475,399.46399784088135,298.83009243011475,418.010480761528,0.4669220194220543,0.8322166621685028,0.4669220194220543,0.8708551682531833,8.083789944648743,18.546482920646667,small_16_32
2026-08-12T15:27:03.492,691,empty,6,0.2880568504333496,100.22086626291275,192.84110444784164,108.84993261098862,212.56759840250015,200.4417325258255,385.6822088956833,217.69986522197723,425.1351968050003,209.07079887390137,405.4087028503418,209.07079887390137,425.1351968050003,0.3266731232404709,0.8446014642715454,0.3266731232404709,0.8856983266770839,8.629066348075867,19.72649395465851,small_16_32
2026-08-12T15:27:03.492,691,empty,7,0.21299070119857788,54.895250141620636,204.34105616807938,64.10528773069382,223.46923512220383,109.79050028324127,408.68211233615875,128.21057546138763,446.93847024440765,119.00053787231445,427.8102912902832,119.00053787231445,446.93847024440765,0.18593834042549134,0.89127144018809,0.18593834042549134,0.9311218130091826,9.210037589073181,19.12817895412445,small_16_32
2026-08-12T15:27:03.596,692,empty,1,0.4251631200313568,116.12077355384827,191.21114438772202,126.27400755882263,214.89746576547623,232.24154710769653,382.42228877544403,252.54801511764526,429.79493153095245,242.3947811126709,406.10861015319824,242.3947811126709,429.79493153095245,0.3787418454885483,0.8460596044858296,0.3787418454885483,0.8954061073561509,10.153234004974365,23.68632137775421,small_16_32
2026-08-12T15:27:03.596,692,empty,2,0.3848111629486084,191.63648796081543,175.66799592971802,203.19360446929932,219.16209650039673,383.27297592163086,351.33599185943604,406.38720893859863,438.32419300079346,394.83009243011475,394.83009243011475,394.83009243011475,438.32419300079346,0.6169220194220543,0.8225626925627391,0.6169220194220543,0.9131754020849864,11.557116508483887,43.49410057067871,regular_ge32
2026-08-12T15:27:03.596,692,empty,3,0.37690892815589905,130.49585342407227,189.50183707475662,138.8479518890381,208.63001602888107,260.99170684814453,379.00367414951324,277.6959037780762,417.26003205776215,269.34380531311035,398.1318531036377,269.34380531311035,417.26003205776215,0.4208496958017349,0.8294413606325786,0.4208496958017349,0.8692917334536712,8.35209846496582,19.12817895412445,small_16_32
2026-08-12T15:27:03.596,692,empty,4,0.37690892815589905,159.4245321750641,220.30513298511505,168.93911910057068,238.28616511821747,318.8490643501282,440.6102659702301,337.87823820114136,476.57233023643494,328.36365127563477,458.5912981033325,328.36365127563477,476.57233023643494,0.5130682051181793,0.955398537715276,0.5130682051181793,0.9928590213259061,9.514586925506592,17.981032133102417,small_16_32
2026-08-12T15:27:03.596,692,empty,5,0.3384403884410858,145.49384826421738,190.3018725514412,153.57763820886612,209.43005150556564,290.98769652843475,380.6037451028824,307.15527641773224,418.8601030111313,299.0714864730835,399.73192405700684,299.0714864730835,418.8601030111313,0.467299197614193,0.8327748417854309,0.467299197614193,0.8726252146065235,8.083789944648743,19.12817895412445,small_16_32
2026-08-12T15:27:03.596,692,empty,6,0.31630825996398926,99.2836542725563,193.02086478471756,107.91272062063217,212.149043738842,198.5673085451126,386.0417295694351,215.82544124126434,424.298087477684,207.19637489318848,405.16990852355957,207.19637489318848,424.298087477684,0.323744335770607,0.844103976090749,0.323744335770607,0.8839543489118417,8.629066348075867,19.12817895412445,small_16_32
2026-08-12T15:27:03.596,692,empty,7,0.26788532733917236,54.74297547340393,204.3844514489174,64.25756239891052,222.93093436956406,109.48595094680786,408.7689028978348,128.51512479782104,445.8618687391281,119.00053787231445,427.31538581848145,119.00053787231445,445.8618687391281,0.18593834042549134,0.8902403871218364,0.18593834042549134,0.928878893206517,9.514586925506592,18.546482920646667,small_16_32
2026-08-12T15:27:03.596,692,empty,8,0.2363237887620926,46.29458791017532,193.19101577997208,55.504625499248505,211.73749870061874,92.58917582035065,386.38203155994415,111.00925099849701,423.4749974012375,101.79921340942383,404.9285144805908,101.79921340942383,423.4749974012375,0.15906127095222472,0.8436010718345642,0.15906127095222472,0.8822395779192448,9.210037589073181,18.546482920646667,small_16_32
2026-08-12T15:27:03.712,693,empty,1,0.4169939160346985,116.2141193151474,191.7646979689598,126.70203936100006,215.45101934671402,232.4282386302948,383.5293959379196,253.40407872200012,430.90203869342804,242.91615867614746,407.2157173156738,242.91615867614746,430.90203869342804,0.3795564979314804,0.8483660777409872,0.3795564979314804,0.8977125806113084,10.487920045852661,23.68632137775421,small_16_32
2026-08-12T15:27:03.712,693,empty,2,0.3384403884410858,130.35736948251724,189.90051013231277,138.9864358305931,209.02868908643723,260.7147389650345,379.80102026462555,277.9728716611862,418.05737817287445,269.34380531311035,398.92919921875,269.34380531311035,418.05737817287445,0.4208496958017349,0.8311024983723958,0.4208496958017349,0.8709528711934884,8.629066348075867,19.12817895412445,small_16_32
2026-08-12T15:27:03.712,693,empty,3,0.32359981536865234,159.96235632896423,221.08703249692917,169.47694325447083,237.98445397615433,319.92471265792847,442.17406499385834,338.95388650894165,475.96890795230865,329.43929958343506,459.0714864730835,329.43929958343506,475.96890795230865,0.5147489055991172,0.9563989301522573,0.5147489055991172,0.9916018915673097,9.514586925506592,16.89742147922516,small_16_32
2026-08-12T15:27:03.712,693,empty,4,0.31630825996398926,99.41746574640274,193.37497836351395,108.04653209447861,212.5031573176384,198.83493149280548,386.7499567270279,216.09306418895721,425.0063146352768,207.46399784088135,405.87813568115234,207.46399784088135,425.0063146352768,0.3241624966263771,0.845579449335734,0.3241624966263771,0.8854298221568266,8.629066348075867,19.12817895412445,small_16_32
2026-08-12T15:27:03.712,693,empty,5,0.31630825996398926,145.13570207357407,190.27079099416733,153.2194920182228,209.99728494882584,290.27140414714813,380.54158198833466,306.4389840364456,419.9945698976517,298.3551940917969,400.26807594299316,298.3551940917969,419.9945698976517,0.46617999076843264,0.8338918248812358,0.46617999076843264,0.8749886872867744,8.083789944648743,19.72649395465851,small_16_32
2026-08-12T15:27:03.712,693,empty,6,0.31630825996398926,191.7571849822998,175.66799592971802,203.3143014907837,219.16209650039673,383.5143699645996,351.33599185943604,406.6286029815674,438.32419300079346,395.0714864730835,394.83009243011475,395.0714864730835,438.32419300079346,0.6172991976141929,0.8225626925627391,0.6172991976141929,0.9131754020849864,11.557116508483887,43.49410057067871,regular_ge32
2026-08-12T15:27:03.712,693,empty,7,0.22444185614585876,54.78607255220413,203.38160544633865,63.99611014127731,222.5097844004631,109.57214510440826,406.7632108926773,127.99222028255463,445.0195688009262,118.78218269348145,425.89138984680176,118.78218269348145,445.0195688009262,0.18559716045856475,0.8872737288475037,0.18559716045856475,0.9271241016685963,9.210037589073181,19.12817895412445,small_16_32
2026-08-12T15:27:03.712,693,empty,8,0.218662291765213,45.82298970222473,191.41637080907822,55.9762237071991,211.75817066431046,91.64597940444946,382.83274161815643,111.9524474143982,423.5163413286209,101.79921340942383,403.1745414733887,101.79921340942383,423.5163413286209,0.15906127095222472,0.839946961402893,0.15906127095222472,0.8823257111012935,10.153234004974365,20.34179985523224,small_16_32
2026-08-12T15:27:03.817,694,empty,1,0.4498997628688812,116.29897940158844,190.96235007047653,127.13223206996918,215.3738048672676,232.59795880317688,381.92470014095306,254.26446413993835,430.7476097345352,243.43121147155762,406.33615493774414,243.43121147155762,430.7476097345352,0.3803612679243088,0.8465336561203003,0.3803612679243088,0.897390853613615,10.833252668380737,24.411454796791077,small_16_32
2026-08-12T15:27:03.817,694,empty,2,0.39277467131614685,131.0223469734192,189.50183707475662,139.374445438385,208.63001602888107,262.0446939468384,379.00367414951324,278.74889087677,417.26003205776215,270.3967924118042,398.1318531036377,270.3967924118042,417.26003205776215,0.42249498814344405,0.8294413606325786,0.42249498814344405,0.8692917334536712,8.35209846496582,19.12817895412445,small_16_32
2026-08-12T15:27:03.817,694,empty,3,0.36130279302597046,145.13570207357407,189.29369968175888,153.2194920182228,209.63549953699112,290.27140414714813,378.58739936351776,306.4389840364456,419.27099907398224,298.3551940917969,398.92919921875,298.3551940917969,419.27099907398224,0.46617999076843264,0.8311024983723958,0.46617999076843264,0.8734812480707963,8.083789944648743,20.34179985523224,small_16_32
2026-08-12T15:27:03.817,694,empty,4,0.3384403884410858,99.40848410129547,192.9591559767723,108.32343995571136,212.68564993143082,198.81696820259094,385.9183119535446,216.64687991142273,425.37129986286163,207.73192405700684,405.6448059082031,207.73192405700684,425.37129986286163,0.3245811313390732,0.8450933456420898,0.3245811313390732,0.8861902080476284,8.914955854415894,19.72649395465851,small_16_32
2026-08-12T15:27:03.817,694,empty,5,0.33097806572914124,159.37172055244446,221.06511110067368,169.20060992240906,238.49657827615738,318.7434411048889,442.13022220134735,338.4012198448181,476.99315655231476,328.5723304748535,459.56168937683105,328.5723304748535,476.99315655231476,0.5133942663669586,0.9574201862017314,0.5133942663669586,0.9937357428173225,9.8288893699646,17.431467175483704,small_16_32
2026-08-12T15:27:03.817,694,empty,6,0.32359981536865234,191.94097113609314,175.43054676055908,203.13051533699036,218.9246473312378,383.8819422721863,350.86109352111816,406.2610306739807,437.8492946624756,395.0714864730835,394.3551940917969,395.0714864730835,437.8492946624756,0.6172991976141929,0.8215733210245768,0.6172991976141929,0.9121860305468241,11.189544200897217,43.49410057067871,regular_ge32
2026-08-12T15:27:03.817,694,empty,7,0.23032912611961365,55.21315556764603,204.34105616807938,64.42319315671921,223.46923512220383,110.42631113529205,408.68211233615875,128.84638631343842,446.93847024440765,119.63634872436523,427.8102912902832,119.63634872436523,446.93847024440765,0.18693179488182068,0.89127144018809,0.18693179488182068,0.9311218130091826,9.210037589073181,19.12817895412445,small_16_32
2026-08-12T15:27:03.817,694,empty,8,0.218662291765213,45.576932072639465,190.5787896513939,56.06485211849213,211.55326181650162,91.15386414527893,381.1575793027878,112.12970423698425,423.10652363300323,101.64178419113159,402.1320514678955,101.64178419113159,423.10652363300323,0.15881528779864312,0.8377751072247823,0.15881528779864312,0.8814719242354234,10.487920045852661,20.974472165107727,small_16_32
2026-08-12T15:27:03.933,695,empty,1,0.45820698142051697,115.82206571102142,191.5081073641777,126.30998575687408,215.91956216096878,231.64413142204285,383.0162147283554,252.61997151374817,431.83912432193756,242.1320514678955,407.4276695251465,242.1320514678955,431.83912432193756,0.37833133041858674,0.8488076448440551,0.37833133041858674,0.8996648423373699,10.487920045852661,24.411454796791077,small_16_32
2026-08-12T15:27:03.933,695,empty,2,0.4169939160346985,159.16469645500183,220.9146295785904,168.99358582496643,238.8956617116928,318.32939291000366,441.8292591571808,337.98717164993286,477.7913234233856,328.15828227996826,459.8102912902832,328.15828227996826,477.7913234233856,0.5127473160624504,0.9579381068547567,0.5127473160624504,0.9953985904653867,9.8288893699646,17.981032133102417,small_16_32
2026-08-12T15:27:03.933,695,empty,3,0.3848111629486084,191.70087695121765,175.19864463806152,202.89042115211487,218.69274520874023,383.4017539024353,350.39728927612305,405.78084230422974,437.38549041748047,394.5912981033325,393.89138984680176,394.5912981033325,437.38549041748047,0.6165489032864571,0.820607062180837,0.6165489032864571,0.9112197717030843,11.189544200897217,43.49410057067871,regular_ge32
2026-08-12T15:27:03.933,695,empty,4,0.37690892815589905,131.55594968795776,189.8120938539505,139.90804815292358,207.79312598705292,263.1118993759155,379.624187707901,279.81609630584717,415.58625197410583,271.46399784088135,397.6052198410034,271.46399784088135,415.58625197410583,0.4241624966263771,0.8283442080020904,0.4241624966263771,0.8658046916127204,8.35209846496582,17.981032133102417,small_16_32
2026-08-12T15:27:03.933,695,empty,5,0.3690716028213501,144.43286037445068,189.73494046926498,152.7849588394165,209.4614344239235,288.86572074890137,379.46988093852997,305.569917678833,418.922868847847,297.2178192138672,399.1963748931885,297.2178192138672,418.922868847847,0.46440284252166747,0.8316591143608093,0.46440284252166747,0.8727559767663479,8.35209846496582,19.72649395465851,small_16_32
2026-08-12T15:27:03.933,695,empty,6,0.3384403884410858,99.2836542725563,193.07582086324692,107.91272062063217,212.80231481790543,198.5673085451126,386.15164172649384,215.82544124126434,425.60462963581085,207.19637489318848,405.87813568115234,207.19637489318848,425.60462963581085,0.323744335770607,0.845579449335734,0.323744335770607,0.8866763117412726,8.629066348075867,19.72649395465851,small_16_32
2026-08-12T15:27:03.933,695,empty,7,0.23032912611961365,45.74427509307861,193.06906563043594,55.89750909805298,211.6155485510826,91.48855018615723,386.1381312608719,111.79501819610596,423.2310971021652,101.64178419113159,404.68461418151855,101.64178419113159,423.2310971021652,0.15881528779864312,0.843092946211497,0.15881528779864312,0.8817314522961776,10.153234004974365,18.546482920646667,small_16_32
2026-08-12T15:27:03.933,695,empty,8,0.218662291765213,55.10881596803665,203.2678330540657,64.31885355710983,222.39601200819016,110.2176319360733,406.5356661081314,128.63770711421967,444.7920240163803,119.42766952514648,425.66384506225586,119.42766952514648,444.7920240163803,0.1866057336330414,0.886799677213033,0.1866057336330414,0.9266500500341256,9.210037589073181,19.12817895412445,small_16_32
2026-08-12T15:27:04.037,696,empty,1,0.45820698142051697,115.64939939975739,191.40213125944138,126.48265206813812,215.81358605623245,231.29879879951477,382.80426251888275,252.96530413627625,431.6271721124649,242.1320514678955,407.2157173156738,242.1320514678955,431.6271721124649,0.37833133041858674,0.8483660777409872,0.37833133041858674,0.8992232752343019,10.833252668380737,24.411454796791077,small_16_32
2026-08-12T15:27:04.037,696,empty,2,0.3848111629486084,132.2261056303978,189.66073328256607,140.30989557504654,208.20721620321274,264.4522112607956,379.32146656513214,280.6197911500931,416.4144324064255,272.53600120544434,397.8679494857788,272.53600120544434,416.4144324064255,0.4258375018835068,0.8288915614287059,0.4258375018835068,0.8675300675133865,8.083789944648743,18.546482920646667,small_16_32
2026-08-12T15:27:04.037,696,empty,3,0.37690892815589905,144.76964569091797,190.00271505117416,153.1217441558838,209.72920900583267,289.53929138183594,380.0054301023483,306.2434883117676,419.45841801166534,297.89138984680176,399.73192405700684,297.89138984680176,419.45841801166534,0.46545529663562774,0.8327748417854309,0.46545529663562774,0.8738717041909695,8.35209846496582,19.72649395465851,small_16_32
2026-08-12T15:27:04.037,696,empty,4,0.34598395228385925,99.01677852869034,193.37497836351395,107.6458448767662,212.5031573176384,198.03355705738068,386.7499567270279,215.2916897535324,425.0063146352768,206.66262340545654,405.87813568115234,206.66262340545654,425.0063146352768,0.32291034907102584,0.845579449335734,0.32291034907102584,0.8854298221568266,8.629066348075867,19.12817895412445,small_16_32
2026-08-12T15:27:04.037,696,empty,5,0.3384403884410858,159.1215114593506,220.94195932149887,168.63609838485718,238.37342649698257,318.2430229187012,441.88391864299774,337.27219676971436,476.74685299396515,327.75760984420776,459.31538581848145,327.75760984420776,476.74685299396515,0.5121212653815747,0.956907053788503,0.5121212653815747,0.9932226104040941,9.514586925506592,17.431467175483704,small_16_32
2026-08-12T15:27:04.037,696,empty,6,0.32359981536865234,191.61713254451752,175.06488692760468,203.94455683231354,219.76520550251007,383.23426508903503,350.12977385520935,407.8891136646271,439.53041100502014,395.56168937683105,394.83009243011475,395.56168937683105,439.53041100502014,0.6180651396512985,0.8225626925627391,0.6180651396512985,0.9156883562604586,12.32742428779602,44.700318574905396,regular_ge32
2026-08-12T15:27:04.037,696,empty,7,0.24863308668136597,46.14231324195862,191.36998397111893,55.65690016746521,210.49816292524338,92.28462648391724,382.73996794223785,111.31380033493042,420.99632585048676,101.79921340942383,401.8681468963623,101.79921340942383,420.99632585048676,0.15906127095222472,0.8372253060340882,0.15906127095222472,0.8770756788551808,9.514586925506592,19.12817895412445,small_16_32
2026-08-12T15:27:04.037,696,empty,8,0.22444185614585876,55.16356587409973,203.4968426823616,64.67815279960632,222.62502163648605,110.32713174819946,406.9936853647232,129.35630559921265,445.2500432729721,119.84171867370605,426.12186431884766,119.84171867370605,445.2500432729721,0.1872526854276657,0.8877538839975992,0.1872526854276657,0.9276042568186919,9.514586925506592,19.12817895412445,small_16_32
2026-08-12T15:27:04.153,697,empty,1,0.4498997628688812,115.64939939975739,191.5081073641777,126.48265206813812,215.91956216096878,231.29879879951477,383.0162147283554,252.96530413627625,431.83912432193756,242.1320514678955,407.4276695251465,242.1320514678955,431.83912432193756,0.37833133041858674,0.8488076448440551,0.37833133041858674,0.8996648423373699,10.833252668380737,24.411454796791077,small_16_32
2026-08-12T15:27:04.153,697,empty,2,0.40887001156806946,131.41746574640274,189.16041177511215,140.0465320944786,209.5022116303444,262.8349314928055,378.3208235502243,280.0930641889572,419.0044232606888,271.46399784088135,398.66262340545654,271.46399784088135,419.0044232606888,0.4241624966263771,0.8305471320947011,0.4241624966263771,0.8729258817931016,8.629066348075867,20.34179985523224,small_16_32
2026-08-12T15:27:04.153,697,empty,3,0.3690716028213501,144.7463989853859,189.51276391744614,153.37546533346176,210.48723608255386,289.4927979707718,379.0255278348923,306.7509306669235,420.9744721651077,298.12186431884766,400.0,298.12186431884766,420.9744721651077,0.46581541299819945,0.8333333333333334,0.46581541299819945,0.8770301503439745,8.629066348075867,20.974472165107727,small_16_32
2026-08-12T15:27:04.153,697,empty,4,0.35360580682754517,159.4776966571808,220.42453014850616,169.30658602714539,238.40556228160858,318.9553933143616,440.84906029701233,338.61317205429077,476.81112456321716,328.7842826843262,458.83009243011475,328.7842826843262,476.81112456321716,0.5137254416942596,0.9558960258960724,0.5137254416942596,0.9933565095067024,9.8288893699646,17.981032133102417,small_16_32
2026-08-12T15:27:04.153,697,empty,5,0.32359981536865234,99.14070951938629,193.30483049154282,108.05566537380219,213.03132444620132,198.28141903877258,386.60966098308563,216.11133074760437,426.06264889240265,207.19637489318848,406.33615493774414,207.19637489318848,426.06264889240265,0.323744335770607,0.8465336561203003,0.323744335770607,0.8876305185258389,8.914955854415894,19.72649395465851,small_16_32
2026-08-12T15:27:04.153,697,empty,6,0.2949781119823456,192.17108619213104,177.07869458198547,202.6590062379837,218.23669123649597,384.3421723842621,354.15738916397095,405.3180124759674,436.47338247299194,394.83009243011475,395.31538581848145,394.83009243011475,436.47338247299194,0.6169220194220543,0.8235737204551696,0.6169220194220543,0.9093195468187332,10.487920045852661,41.1579966545105,regular_ge32
2026-08-12T15:27:04.153,697,empty,7,0.24242530763149261,46.0635986328125,191.2871794104576,55.57818555831909,211.62897926568985,92.127197265625,382.5743588209152,111.15637111663818,423.2579585313797,101.64178419113159,402.91615867614746,101.64178419113159,423.2579585313797,0.15881528779864312,0.8394086639086406,0.15881528779864312,0.881787413607041,9.514586925506592,20.34179985523224,small_16_32
2026-08-12T15:27:04.153,697,empty,8,0.24242530763149261,54.44928628206253,203.55179923772812,63.65932387113571,223.27829319238663,108.89857256412506,407.10359847545624,127.31864774227142,446.55658638477325,118.10861015319824,426.83009243011475,118.10861015319824,446.55658638477325,0.18454470336437226,0.8892293592294057,0.18454470336437226,0.9303262216349443,9.210037589073181,19.72649395465851,small_16_32
2026-08-12T15:27:04.258,698,empty,1,0.4498997628688812,116.08413827419281,191.18536394834518,126.57205832004547,215.59681874513626,232.16827654838562,382.37072789669037,253.14411664009094,431.1936374902725,242.65619659423828,406.78218269348145,242.65619659423828,431.1936374902725,0.3791503071784973,0.8474628806114197,0.3791503071784973,0.8983200781047345,10.487920045852661,24.411454796791077,small_16_32
2026-08-12T15:27:04.258,698,empty,2,0.37690892815589905,130.75139337778091,189.73494046926498,139.38045972585678,209.4614344239235,261.50278675556183,379.46988093852997,278.76091945171356,418.922868847847,270.1318531036377,399.1963748931885,270.1318531036377,418.922868847847,0.4220810204744339,0.8316591143608093,0.4220810204744339,0.8727559767663479,8.629066348075867,19.72649395465851,small_16_32
2026-08-12T15:27:04.258,698,empty,3,0.34598395228385925,159.6348478794098,220.69931262731552,169.14943480491638,238.13077980279922,319.2696957588196,441.39862525463104,338.29886960983276,476.26155960559845,328.7842826843262,458.83009243011475,328.7842826843262,476.26155960559845,0.5137254416942596,0.9558960258960724,0.5137254416942596,0.9922115825116634,9.514586925506592,17.431467175483704,small_16_32
2026-08-12T15:27:04.258,698,empty,4,0.3384403884410858,99.2836542725563,192.84110444784164,107.91272062063217,212.56759840250015,198.5673085451126,385.6822088956833,215.82544124126434,425.1351968050003,207.19637489318848,405.4087028503418,207.19637489318848,425.1351968050003,0.323744335770607,0.8446014642715454,0.323744335770607,0.8856983266770839,8.629066348075867,19.72649395465851,small_16_32
2026-08-12T15:27:04.258,698,empty,5,0.33097806572914124,144.4051166176796,189.42728751897812,153.03418296575546,209.76908737421036,288.8102332353592,378.85457503795624,306.0683659315109,419.5381747484207,297.43929958343506,399.1963748931885,297.43929958343506,419.5381747484207,0.4647489055991173,0.8316591143608093,0.4647489055991173,0.8740378640592098,8.629066348075867,20.34179985523224,small_16_32
2026-08-12T15:27:04.258,698,empty,6,0.3019951581954956,192.18607258796692,176.15809535980225,203.37561678886414,219.65219593048096,384.37214517593384,352.3161907196045,406.75123357772827,439.3043918609619,395.56168937683105,395.8102912902832,395.56168937683105,439.3043918609619,0.6180651396512985,0.8246047735214234,0.6180651396512985,0.9152174830436707,11.189544200897217,43.49410057067871,regular_ge32
2026-08-12T15:27:04.258,698,empty,7,0.22444185614585876,45.903404235839844,192.94591480493546,56.05663824081421,211.49239772558212,91.80680847167969,385.8918296098709,112.11327648162842,422.98479545116425,101.96004247665405,404.4383125305176,101.96004247665405,422.98479545116425,0.15931256636977195,0.8425798177719116,0.15931256636977195,0.8812183238565922,10.153234004974365,18.546482920646667,small_16_32
2026-08-12T15:27:04.258,698,empty,8,0.22444185614585876,54.933613419532776,203.31435006856918,63.84856927394867,223.0408440232277,109.86722683906555,406.62870013713837,127.69713854789734,446.0816880464554,118.78218269348145,426.3551940917969,118.78218269348145,446.0816880464554,0.18559716045856475,0.8882399876912435,0.18559716045856475,0.929336850096782,8.914955854415894,19.72649395465851,small_16_32
2026-08-12T15:27:04.373,699,empty,1,0.4498997628688812,115.95343053340912,191.18536394834518,126.44135057926178,215.59681874513626,231.90686106681824,382.37072789669037,252.88270115852356,431.1936374902725,242.3947811126709,406.78218269348145,242.3947811126709,431.1936374902725,0.3787418454885483,0.8474628806114197,0.3787418454885483,0.8983200781047345,10.487920045852661,24.411454796791077,small_16_32
2026-08-12T15:27:04.373,699,empty,2,0.37690892815589905,131.15526247024536,189.86875194311142,139.50736093521118,209.59524589776993,262.3105249404907,379.73750388622284,279.01472187042236,419.19049179553986,270.66262340545654,399.46399784088135,270.66262340545654,419.19049179553986,0.42291034907102587,0.8322166621685028,0.42291034907102587,0.8733135245740413,8.35209846496582,19.72649395465851,small_16_32
2026-08-12T15:27:04.373,699,empty,3,0.37690892815589905,191.3990387916565,175.7886929512024,202.95615530014038,219.2827935218811,382.798077583313,351.5773859024048,405.91231060028076,438.5655870437622,394.3551940917969,395.0714864730835,394.3551940917969,438.5655870437622,0.6161799907684327,0.823065596818924,0.6161799907684327,0.9136783063411713,11.557116508483887,43.49410057067871,regular_ge32
2026-08-12T15:27:04.373,699,empty,4,0.34598395228385925,144.56701463460922,189.42728751897812,152.65080457925797,209.76908737421036,289.13402926921844,378.85457503795624,305.30160915851593,419.5381747484207,297.2178192138672,399.1963748931885,297.2178192138672,419.5381747484207,0.46440284252166747,0.8316591143608093,0.46440284252166747,0.8740378640592098,8.083789944648743,20.34179985523224,small_16_32
2026-08-12T15:27:04.373,699,empty,5,0.33097806572914124,99.00712168216705,193.52784436941147,107.92207753658295,213.25433832406998,198.0142433643341,387.05568873882294,215.8441550731659,426.50867664813995,206.92919921875,406.78218269348145,206.92919921875,426.50867664813995,0.32332687377929686,0.8474628806114197,0.32332687377929686,0.8885597430169583,8.914955854415894,19.72649395465851,small_16_32
2026-08-12T15:27:04.373,699,empty,6,0.32359981536865234,159.6944649219513,220.94195932149887,169.5233542919159,238.37342649698257,319.3889298439026,441.88391864299774,339.0467085838318,476.74685299396515,329.2178192138672,459.31538581848145,329.2178192138672,476.74685299396515,0.5144028425216675,0.956907053788503,0.5144028425216675,0.9932226104040941,9.8288893699646,17.431467175483704,small_16_32
2026-08-12T15:27:04.373,699,empty,7,0.2363237887620926,45.482980370521545,191.2871794104576,56.31623303890228,211.62897926568985,90.96596074104309,382.5743588209152,112.63246607780457,423.2579585313797,101.79921340942383,402.91615867614746,101.79921340942383,423.2579585313797,0.15906127095222472,0.8394086639086406,0.15906127095222472,0.881787413607041,10.833252668380737,20.34179985523224,small_16_32
2026-08-12T15:27:04.373,699,empty,8,0.22444185614585876,54.78607255220413,203.97165375947952,63.99611014127731,223.09983271360397,109.57214510440826,407.94330751895905,127.99222028255463,446.19966542720795,118.78218269348145,427.0714864730835,118.78218269348145,446.19966542720795,0.18559716045856475,0.8897322634855906,0.18559716045856475,0.9295826363066833,9.210037589073181,19.12817895412445,small_16_32
