timestamp,frame,scenario,detection,confidence,model_xmin,model_ymin,model_xmax,model_ymax,camera_xmin,camera_ymin,camera_xmax,camera_ymax,center_x,center_y,bottom_center_x,bottom_center_y,normalized_center_x,normalized_center_y,normalized_bottom_center_x,normalized_bottom_center_y,box_width_px,box_height_px,size_class
2026-08-12T15:32:52.721,1,unlabeled,1,0.31630825996398926,102.31279706954956,131.25637912750244,233.1512007713318,231.33491897583008,204.62559413909912,262.5127582550049,466.3024015426636,462.66983795166016,335.46399784088135,362.5912981033325,335.46399784088135,462.66983795166016,0.5241624966263772,0.7553985377152761,0.5241624966263772,0.9638954957326253,130.83840370178223,100.07853984832764,regular_ge32
2026-08-12T15:32:53.410,2,unlabeled,1,0.22444185614585876,272.29290771484375,190.86185932159424,314.77857875823975,234.35595989227295,544.5858154296875,381.7237186431885,629.5571575164795,468.7119197845459,587.0714864730835,425.2178192138672,587.0714864730835,468.7119197845459,0.917299197614193,0.8858704566955566,0.917299197614193,0.976483166217804,42.485671043395996,43.49410057067871,regular_ge32
2026-08-12T15:32:53.529,3,unlabeled,1,0.30910593271255493,129.05595207214355,116.30642676353455,232.6078929901123,240.0,258.1119041442871,232.6128535270691,465.2157859802246,480.0,361.66384506225586,356.30642676353455,361.66384506225586,480.0,0.5650997579097747,0.7423050557573636,0.5650997579097747,1.0,103.55194091796875,123.69357323646545,regular_ge32
2026-08-12T15:32:53.642,4,unlabeled,1,0.2613641023635864,144.80503273010254,118.48972606658936,218.5103530883789,240.0,289.6100654602051,236.9794521331787,437.0207061767578,480.0,363.31538581848145,358.48972606658936,363.31538581848145,480.0,0.5676802903413772,0.7468535959720611,0.5676802903413772,1.0,73.70532035827637,121.51027393341064,regular_ge32
2026-08-12T15:32:53.750,5,unlabeled,1,0.35360580682754517,228.9116940498352,216.8315984606743,242.93002462387085,237.806070625782,457.8233880996704,433.6631969213486,485.8600492477417,475.612141251564,471.84171867370605,454.6376690864563,471.84171867370605,475.612141251564,0.7372526854276658,0.947161810596784,0.7372526854276658,0.990858627607425,14.018330574035645,20.974472165107727,small_16_32
2026-08-12T15:32:53.750,5,unlabeled,2,0.30910593271255493,107.40120029449463,120.41313600540161,220.55505847930908,238.40256643295288,214.80240058898926,240.82627201080322,441.11011695861816,476.80513286590576,327.9562587738037,358.8157024383545,327.9562587738037,476.80513286590576,0.5124316543340683,0.7475327134132386,0.5124316543340683,0.9933440268039704,113.15385818481445,117.98943042755127,regular_ge32
2026-08-12T15:32:53.863,6,unlabeled,1,0.2549463212490082,89.74887561798096,121.24155449867249,220.58727931976318,237.2215383052826,179.4977512359619,242.48310899734497,441.17455863952637,474.4430766105652,310.33615493774414,358.4630928039551,310.33615493774414,474.4430766105652,0.4849002420902252,0.7467981100082397,0.4849002420902252,0.9884230762720108,130.83840370178223,115.97998380661011,regular_ge32
2026-08-12T15:32:53.966,7,unlabeled,1,0.27450883388519287,141.11571836471558,118.31354975700378,224.75223112106323,240.0,282.23143672943115,236.62709951400757,449.50446224212646,480.0,365.8679494857788,358.3135497570038,365.8679494857788,480.0,0.5716686710715294,0.7464865619937578,0.5716686710715294,1.0,83.63651275634766,121.68645024299622,regular_ge32
2026-08-12T15:32:54.076,8,unlabeled,1,0.2880568504333496,142.29774284362793,129.87799048423767,230.14056968688965,237.85393357276917,284.59548568725586,259.75598096847534,460.2811393737793,475.70786714553833,372.4383125305176,367.73192405700684,372.4383125305176,475.70786714553833,0.5819348633289337,0.7661081751187643,0.5819348633289337,0.9910580565532049,87.84282684326172,107.9759430885315,regular_ge32
2026-08-12T15:32:54.219,9,unlabeled,1,0.24242530763149261,105.95765590667725,132.27489066123962,231.64555072784424,226.54081177711487,211.9153118133545,264.54978132247925,463.2911014556885,453.08162355422974,337.6032066345215,358.8157024383545,337.6032066345215,453.08162355422974,0.5275050103664398,0.7475327134132386,0.5275050103664398,0.943920049071312,125.68789482116699,94.26592111587524,regular_ge32
2026-08-12T15:32:54.345,10,unlabeled,1,0.26788532733917236,126.09497356414795,134.66759753227234,239.2488317489624,232.796400308609,252.1899471282959,269.3351950645447,478.4976634979248,465.592800617218,365.34380531311035,367.46399784088135,365.34380531311035,465.592800617218,0.570849695801735,0.7655499955018361,0.570849695801735,0.9699850012858708,113.15385818481445,98.12880277633667,regular_ge32
2026-08-12T15:32:54.450,11,unlabeled,1,0.33097806572914124,120.63295936584473,139.0563941001892,224.18490028381348,225.76906442642212,241.26591873168945,278.1127882003784,448.36980056762695,451.53812885284424,344.8178596496582,364.8254585266113,344.8178596496582,451.53812885284424,0.538777905702591,0.7600530385971069,0.538777905702591,0.9407044351100922,103.55194091796875,86.71267032623291,regular_ge32
2026-08-12T15:32:54.559,12,unlabeled,1,0.30910593271255493,123.02347564697266,139.70500206947327,238.6403694152832,230.16314482688904,246.0469512939453,279.41000413894653,477.2807388305664,460.3262896537781,361.66384506225586,369.8681468963623,361.66384506225586,460.3262896537781,0.5650997579097747,0.7705586393674214,0.5650997579097747,0.9590131034453709,115.61689376831055,90.45814275741577,regular_ge32
2026-08-12T15:32:54.662,13,unlabeled,1,0.3019951581954956,120.3544487953186,140.9317820072174,246.0423436164856,239.06058478355408,240.7088975906372,281.8635640144348,492.0846872329712,478.12116956710815,366.3967924118042,379.9923667907715,366.3967924118042,478.12116956710815,0.572494988143444,0.7916507641474406,0.572494988143444,0.9960857699314754,125.68789482116699,98.12880277633667,regular_ge32
2026-08-12T15:32:54.769,14,unlabeled,1,0.34598395228385925,165.01761531829834,147.11786723136902,273.3185396194458,240.0,330.0352306365967,294.23573446273804,546.6370792388916,480.0,438.33615493774414,387.117867231369,438.33615493774414,480.0,0.6849002420902253,0.8064955567320188,0.6849002420902253,1.0,108.30092430114746,92.88213276863098,regular_ge32
2026-08-12T15:32:54.872,15,unlabeled,1,0.4665374755859375,176.0774154663086,137.1992461681366,261.80072021484375,239.23839497566223,352.1548309326172,274.3984923362732,523.6014404296875,478.47678995132446,437.87813568115234,376.4376411437988,437.87813568115234,478.47678995132446,0.6841845870018005,0.7842450857162475,0.6841845870018005,0.9968266457319259,85.72330474853516,102.03914880752563,regular_ge32
2026-08-12T15:32:54.978,16,unlabeled,1,0.218662291765213,118.0296859741211,116.7751179933548,246.28427124023438,238.78568756580353,236.0593719482422,233.5502359867096,492.56854248046875,477.57137513160706,364.31395721435547,355.5608055591583,364.31395721435547,477.57137513160706,0.5692405581474305,0.7407516782482465,0.5692405581474305,0.9949403648575147,128.25458526611328,122.01056957244873,regular_ge32
2026-08-12T15:32:55.081,17,unlabeled,1,0.30910593271255493,148.51269721984863,94.16314125061035,245.15114784240723,240.0,297.02539443969727,188.3262825012207,490.30229568481445,480.0,393.66384506225586,334.16314125061035,393.66384506225586,480.0,0.6150997579097748,0.6961732109387716,0.6150997579097748,1.0,96.6384506225586,145.83685874938965,regular_ge32
2026-08-12T15:32:55.205,18,unlabeled,1,0.22444185614585876,159.4806547164917,83.73317861557007,245.20395946502686,168.5985722541809,318.9613094329834,167.46635723114014,490.4079189300537,337.1971445083618,404.68461418151855,252.33175086975098,404.68461418151855,337.1971445083618,0.6323197096586227,0.5256911476453145,0.6323197096586227,0.7024940510590871,85.72330474853516,84.86539363861084,regular_ge32
2026-08-12T15:32:55.205,18,unlabeled,2,0.218662291765213,42.43880009651184,192.59675467014313,69.56119990348816,210.57778680324554,84.87760019302368,385.19350934028625,139.12239980697632,421.1555736064911,112.0,403.1745414733887,112.0,421.1555736064911,0.175,0.839946961402893,0.175,0.8774074450135231,27.12239980697632,17.981032133102417,small_16_32
2026-08-12T15:32:55.314,19,unlabeled,1,0.27450883388519287,169.9982352256775,74.05567169189453,232.91792345046997,155.28136491775513,339.996470451355,148.11134338378906,465.83584690093994,310.56272983551025,402.91615867614746,229.33703660964966,402.91615867614746,310.56272983551025,0.6295564979314804,0.47778549293677014,0.6295564979314804,0.647005687157313,62.91968822479248,81.2256932258606,regular_ge32
2026-08-12T15:32:55.314,19,unlabeled,2,0.22444185614585876,66.89007794857025,229.26824468374252,77.37799799442291,240.0,133.7801558971405,458.53648936748505,154.75599598884583,480.0,144.26807594299316,469.2682446837425,144.26807594299316,480.0,0.2254188686609268,0.9776421764244636,0.2254188686609268,1.0,10.487920045852661,10.731755316257477,tiny_lt16
2026-08-12T15:32:55.429,20,unlabeled,1,0.27450883388519287,165.41584587097168,75.62209689617157,235.38777923583984,151.536079287529,330.83169174194336,151.24419379234314,470.7755584716797,303.072158575058,400.8036251068115,227.15817618370056,400.8036251068115,303.072158575058,0.626255664229393,0.4732462003827095,0.626255664229393,0.6314003303647041,69.97193336486816,75.91398239135742,regular_ge32
2026-08-12T15:32:55.531,21,unlabeled,1,0.23032912611961365,165.11988401412964,73.16574764251709,233.27690839767456,145.64458560943604,330.2397680282593,146.33149528503418,466.5538167953491,291.28917121887207,398.3967924118042,218.81033325195312,398.3967924118042,291.28917121887207,0.6224949881434441,0.455854860941569,0.6224949881434441,0.6068524400393168,68.15702438354492,72.47883796691895,regular_ge32
2026-08-12T15:32:55.638,22,unlabeled,1,0.39277467131614685,38.16783857345581,214.1855120062828,64.46983051300049,240.0,76.33567714691162,428.3710240125656,128.93966102600098,480.0,102.6376690864563,454.1855120062828,102.6376690864563,480.0,0.16037135794758797,0.9462198166797559,0.16037135794758797,1.0,26.301991939544678,25.814487993717194,small_16_32
2026-08-12T15:32:55.638,22,unlabeled,2,0.2613641023635864,58.23032903671265,216.33866494894028,74.67446851730347,240.0,116.4606580734253,432.67732989788055,149.34893703460693,480.0,132.9047975540161,456.3386649489403,132.9047975540161,480.0,0.20766374617815017,0.9507055519769589,0.20766374617815017,1.0,16.44413948059082,23.661335051059723,small_16_32
2026-08-12T15:32:55.638,22,unlabeled,3,0.24242530763149261,124.94854354858398,69.96680355072021,243.05145645141602,240.0,249.89708709716797,139.93360710144043,486.10291290283203,480.0,368.0,309.9668035507202,368.0,480.0,0.575,0.6457641740640004,0.575,1.0,118.10291290283203,170.03319644927979,regular_ge32
2026-08-12T15:32:55.740,23,unlabeled,1,0.2363237887620926,163.023277759552,73.1268858909607,234.8446717262268,147.31230974197388,326.046555519104,146.2537717819214,469.6893434524536,294.62461948394775,397.8679494857788,220.43919563293457,397.8679494857788,294.62461948394775,0.6216686710715293,0.45924832423528034,0.6216686710715293,0.6138012905915579,71.8213939666748,74.18542385101318,regular_ge32
2026-08-12T15:32:55.740,23,unlabeled,2,0.23032912611961365,42.270795583724976,223.66096413135529,64.80069088935852,239.5354107618332,84.54159116744995,447.32192826271057,129.60138177871704,479.0708215236664,107.0714864730835,463.1963748931885,107.0714864730835,479.0708215236664,0.16729919761419296,0.9649924476941426,0.16729919761419296,0.9980642115076382,22.529895305633545,15.874446630477905,tiny_lt16
2026-08-12T15:32:55.845,24,unlabeled,1,0.2949781119823456,39.71481919288635,218.23241370916367,64.44346308708191,239.2068858742714,79.4296383857727,436.46482741832733,128.88692617416382,478.4137717485428,104.15828227996826,457.43929958343506,104.15828227996826,478.4137717485428,0.1627473160624504,0.9529985407988231,0.1627473160624504,0.9966953578094642,24.728643894195557,20.974472165107727,small_16_32
2026-08-12T15:32:55.845,24,unlabeled,2,0.2363237887620926,168.48613929748535,70.7241735458374,233.11706733703613,146.63815593719482,336.9722785949707,141.4483470916748,466.23413467407227,293.27631187438965,401.6032066345215,217.36232948303223,401.6032066345215,293.27631187438965,0.6275050103664398,0.4528381864229838,0.6275050103664398,0.6109923164049784,64.63092803955078,75.91398239135742,regular_ge32
2026-08-12T15:32:55.845,24,unlabeled,3,0.23032912611961365,14.96397614479065,225.65004742145538,38.20593237876892,240.0,29.9279522895813,451.30009484291077,76.41186475753784,480.0,53.16990852355957,465.6500474214554,53.16990852355957,480.0,0.08307798206806183,0.9701042654613654,0.08307798206806183,1.0,23.24195623397827,14.349952578544617,tiny_lt16
2026-08-12T15:32:55.948,25,unlabeled,1,0.27450883388519287,35.38832926750183,217.39309918880463,54.65162777900696,235.37413132190704,70.77665853500366,434.78619837760925,109.30325555801392,470.7482626438141,90.03995704650879,452.76723051071167,90.03995704650879,470.7482626438141,0.14068743288517,0.9432650635639827,0.14068743288517,0.9807255471746127,19.263298511505127,17.981032133102417,small_16_32
2026-08-12T15:32:55.948,25,unlabeled,2,0.23032912611961365,125.5882625579834,68.09029006958008,236.30312728881836,240.0,251.1765251159668,136.18058013916016,472.6062545776367,480.0,361.89138984680176,308.0902900695801,361.89138984680176,480.0,0.5654552966356278,0.6418547709782918,0.5654552966356278,1.0,110.71486473083496,171.90970993041992,regular_ge32
2026-08-12T15:32:56.055,26,unlabeled,1,0.40887001156806946,36.76088500022888,213.3154974579811,64.72684788703918,240.0,73.52177000045776,426.6309949159622,129.45369577407837,480.0,101.48773288726807,453.3154974579811,101.48773288726807,480.0,0.15857458263635635,0.944407286370794,0.15857458263635635,1.0,27.965962886810303,26.68450254201889,small_16_32
2026-08-12T15:32:56.055,26,unlabeled,2,0.27450883388519287,127.69107151031494,67.16021633148193,240.8449296951294,240.0,255.38214302062988,134.32043266296387,481.6898593902588,480.0,368.53600120544434,307.16021633148193,368.53600120544434,480.0,0.5758375018835068,0.639917117357254,0.5758375018835068,1.0,113.15385818481445,172.83978366851807,regular_ge32
2026-08-12T15:32:56.055,26,unlabeled,3,0.26788532733917236,57.24205946922302,213.3908455967903,77.7551338672638,240.0,114.48411893844604,426.7816911935806,155.5102677345276,480.0,134.99719333648682,453.3908455967903,134.99719333648682,480.0,0.21093311458826064,0.9445642616599799,0.21093311458826064,1.0,20.51307439804077,26.609154403209686,small_16_32
2026-08-12T15:32:56.156,27,unlabeled,1,0.36130279302597046,34.82026696205139,211.45804607868195,68.36187243461609,239.7968145608902,69.64053392410278,422.9160921573639,136.72374486923218,479.5936291217804,103.18213939666748,451.25486063957214,103.18213939666748,479.5936291217804,0.16122209280729294,0.9401142929991086,0.16122209280729294,0.9991533940037092,33.5416054725647,28.338768482208252,small_16_32
2026-08-12T15:32:56.156,27,unlabeled,2,0.2019716501235962,131.9560284614563,64.71491146087646,235.50796937942505,140.6288938522339,263.9120569229126,129.42982292175293,471.0159387588501,281.2577877044678,367.46399784088135,205.34380531311035,367.46399784088135,281.2577877044678,0.5741624966263771,0.42779959440231324,0.5741624966263771,0.5859537243843078,103.55194091796875,75.91398239135742,regular_ge32
2026-08-12T15:32:56.263,28,unlabeled,1,0.31630825996398926,60.866129755973816,208.33054715394974,73.59696304798126,235.03658884763718,121.73225951194763,416.6610943078995,147.19392609596252,470.07317769527435,134.46309280395508,443.3671360015869,134.46309280395508,470.07317769527435,0.2100985825061798,0.9236815333366394,0.2100985825061798,0.9793191201984882,12.730833292007446,26.70604169368744,small_16_32
2026-08-12T15:32:56.263,28,unlabeled,2,0.3019951581954956,28.754313230514526,207.4333382844925,64.36236882209778,238.3828581571579,57.50862646102905,414.866676568985,128.72473764419556,476.7657163143158,93.1166820526123,445.8161964416504,93.1166820526123,476.7657163143158,0.14549481570720674,0.9287837425867717,0.14549481570720674,0.9932619089881579,35.60805559158325,30.949519872665405,small_16_32
2026-08-12T15:32:56.263,28,unlabeled,3,0.22444185614585876,169.54585313796997,64.9378309249878,227.53798723220825,139.12325477600098,339.09170627593994,129.8756618499756,455.0759744644165,278.24650955200195,397.0838403701782,204.06108570098877,397.0838403701782,278.24650955200195,0.6204435005784035,0.42512726187705996,0.6204435005784035,0.5796802282333374,57.99213409423828,74.18542385101318,regular_ge32
2026-08-12T15:32:56.366,29,unlabeled,1,0.2549463212490082,32.787951707839966,216.140569627285,56.02990794181824,235.8670635819435,65.57590341567993,432.28113925457,112.05981588363647,471.734127163887,88.8178596496582,452.0076332092285,88.8178596496582,471.734127163887,0.13877790570259094,0.9416825691858928,0.13877790570259094,0.9827794315914313,23.24195623397827,19.72649395465851,small_16_32
2026-08-12T15:32:56.366,29,unlabeled,2,0.2363237887620926,58.473443269729614,205.99135398864746,73.4181718826294,236.04860305786133,116.94688653945923,411.9827079772949,146.8363437652588,472.09720611572266,131.891615152359,442.0399570465088,131.891615152359,472.09720611572266,0.20608064867556095,0.9209165771802267,0.20608064867556095,0.9835358460744222,14.94472861289978,30.057249069213867,small_16_32
2026-08-12T15:32:56.366,29,unlabeled,3,0.23032912611961365,123.36428737640381,64.69179058074951,246.5038595199585,240.0,246.72857475280762,129.38358116149902,493.007719039917,480.0,369.8681468963623,304.6917905807495,369.8681468963623,480.0,0.5779189795255661,0.6347745637098948,0.5779189795255661,1.0,123.13957214355469,175.3082094192505,regular_ge32
2026-08-12T15:32:56.475,30,unlabeled,1,0.34598395228385925,35.471227169036865,216.49278515577316,56.63715600967407,237.4672573208809,70.94245433807373,432.9855703115463,113.27431201934814,474.9345146417618,92.10838317871094,453.96004247665405,92.10838317871094,474.9345146417618,0.14391934871673584,0.9457500884930293,0.14391934871673584,0.9894469055036704,21.165928840637207,20.974472165107727,small_16_32
2026-08-12T15:32:56.475,30,unlabeled,2,0.27450883388519287,59.01543939113617,212.9634104371071,74.94460308551788,239.66945213079453,118.03087878227234,425.9268208742142,149.88920617103577,479.33890426158905,133.96004247665405,452.6328625679016,133.96004247665405,479.33890426158905,0.20931256636977197,0.942985130349795,0.20931256636977197,0.9986227172116439,15.929163694381714,26.70604169368744,small_16_32
2026-08-12T15:32:56.578,31,unlabeled,1,0.34598395228385925,132.45660495758057,64.08488512039185,233.67524814605713,138.27030897140503,264.91320991516113,128.1697702407837,467.35049629211426,276.54061794281006,366.1318531036377,202.35519409179688,366.1318531036377,276.54061794281006,0.5720810204744339,0.42157332102457684,0.5720810204744339,0.5761262873808543,101.21864318847656,74.18542385101318,regular_ge32
2026-08-12T15:32:56.578,31,unlabeled,2,0.28123316168785095,59.9493590593338,207.30781626701355,73.09623992443085,235.6465847492218,119.8987181186676,414.6156325340271,146.1924798488617,471.2931694984436,133.04559898376465,442.95440101623535,133.04559898376465,471.2931694984436,0.20788374841213225,0.9228216687838237,0.20788374841213225,0.9818607697884242,13.146880865097046,28.338768482208252,small_16_32
2026-08-12T15:32:56.578,31,unlabeled,3,0.27450883388519287,29.501133680343628,206.75277364253998,63.042739152908325,238.61702692508698,59.002267360687256,413.50554728507996,126.08547830581665,477.23405385017395,92.54387283325195,445.36980056762695,92.54387283325195,477.23405385017395,0.14459980130195618,0.9278537511825562,0.14459980130195618,0.9942376121878624,33.5416054725647,31.864253282546997,small_16_32
2026-08-12T15:32:56.688,32,unlabeled,1,0.4251631200313568,35.96282613277435,205.72049236297607,63.928789019584656,239.48290920257568,71.9256522655487,411.44098472595215,127.85757803916931,478.96581840515137,99.89161515235901,445.20340156555176,99.89161515235901,478.96581840515137,0.15608064867556096,0.9275070865948994,0.15608064867556096,0.997845455010732,27.965962886810303,33.76241683959961,regular_ge32
2026-08-12T15:32:56.688,32,unlabeled,2,0.35360580682754517,124.60066795349121,62.885417461395264,237.75452613830566,137.07084131240845,249.20133590698242,125.77083492279053,475.5090522766113,274.1416826248169,362.3551940917969,199.9562587738037,362.3551940917969,274.1416826248169,0.5661799907684326,0.41657553911209105,0.5661799907684326,0.5711285054683686,113.15385818481445,74.18542385101318,regular_ge32
2026-08-12T15:32:56.688,32,unlabeled,3,0.2880568504333496,60.61988890171051,209.36244648694992,74.19581353664398,235.28339129686356,121.23977780342102,418.72489297389984,148.39162707328796,470.5667825937271,134.8157024383545,444.6458377838135,134.8157024383545,470.5667825937271,0.2106495350599289,0.9263454953829448,0.2106495350599289,0.9803474637369315,13.575924634933472,25.920944809913635,small_16_32
2026-08-12T15:32:56.790,33,unlabeled,1,0.3690716028213501,37.84665131568909,207.8744140267372,64.9690511226654,237.06152766942978,75.69330263137817,415.7488280534744,129.9381022453308,474.12305533885956,102.81570243835449,444.935941696167,102.81570243835449,474.12305533885956,0.1606495350599289,0.9269498785336813,0.1606495350599289,0.9877563652892908,27.12239980697632,29.187113642692566,small_16_32
2026-08-12T15:32:56.790,33,unlabeled,2,0.36130279302597046,120.6338095664978,63.08911371231079,238.73672246932983,137.27453756332397,241.2676191329956,126.17822742462158,477.47344493865967,274.54907512664795,359.37053203582764,200.36365127563477,359.37053203582764,274.54907512664795,0.5615164563059807,0.4174242734909058,0.5615164563059807,0.5719772398471832,118.10291290283203,74.18542385101318,regular_ge32
2026-08-12T15:32:56.899,34,unlabeled,1,0.441620409488678,36.68553686141968,204.93059182167053,64.65149974822998,237.73237013816833,73.37107372283936,409.86118364334106,129.30299949645996,475.46474027633667,101.33703660964966,442.66296195983887,101.33703660964966,475.46474027633667,0.15833911970257758,0.9222145040829977,0.15833911970257758,0.9905515422423681,27.965962886810303,32.8017783164978,regular_ge32
2026-08-12T15:32:56.899,34,unlabeled,2,0.35360580682754517,120.72972416877747,62.05327248573303,238.8326370716095,136.23869633674622,241.45944833755493,124.10654497146606,477.665274143219,272.47739267349243,359.56236124038696,198.29196882247925,359.56236124038696,272.47739267349243,0.5618161894381046,0.4131082683801651,0.5618161894381046,0.5676612347364426,118.10291290283203,74.18542385101318,regular_ge32
2026-08-12T15:32:56.899,34,unlabeled,3,0.24863308668136597,61.60838520526886,208.52229219675064,74.7552660703659,233.67849630117416,123.21677041053772,417.0445843935013,149.5105321407318,467.3569926023483,136.36365127563477,442.2007884979248,136.36365127563477,467.3569926023483,0.2130682051181793,0.92125164270401,0.2130682051181793,0.9736604012548924,13.146880865097046,25.156204104423523,small_16_32
2026-08-12T15:32:57.002,35,unlabeled,1,0.40887001156806946,38.9641056060791,207.4851484298706,69.6046838760376,237.54239749908447,77.9282112121582,414.9702968597412,139.2093677520752,475.08479499816895,108.5687894821167,445.0275459289551,108.5687894821167,475.08479499816895,0.16963873356580733,0.927140720685323,0.16963873356580733,0.9897599895795186,30.640578269958496,30.057249069213867,small_16_32
2026-08-12T15:32:57.002,35,unlabeled,2,0.33097806572914124,121.47541618347168,63.193453311920166,242.08627319335938,137.37887716293335,242.95083236694336,126.38690662384033,484.17254638671875,274.7577543258667,363.56168937683105,200.57233047485352,363.56168937683105,274.7577543258667,0.5680651396512986,0.4178590218226115,0.5680651396512986,0.5724119881788889,120.6108570098877,74.18542385101318,regular_ge32
2026-08-12T15:32:57.002,35,unlabeled,3,0.20742715895175934,63.62476694583893,209.03828245401382,77.2006915807724,234.19448655843735,127.24953389167786,418.07656490802765,154.4013831615448,468.3889731168747,140.82545852661133,443.2327690124512,140.82545852661133,468.3889731168747,0.2200397789478302,0.9234016021092732,0.2200397789478302,0.9758103606601556,13.575924634933472,25.156204104423523,small_16_32
2026-08-12T15:32:57.109,36,unlabeled,1,0.3384403884410858,41.782978773117065,214.54367768764496,68.08497071266174,236.16856229305267,83.56595754623413,429.0873553752899,136.1699414253235,472.33712458610535,109.86794948577881,450.71223998069763,109.86794948577881,472.33712458610535,0.1716686710715294,0.9389838332931201,0.1716686710715294,0.9840356762210528,26.301991939544678,21.624884605407715,small_16_32
2026-08-12T15:32:57.109,36,unlabeled,2,0.24863308668136597,69.2447339296341,208.73212832212448,82.39161479473114,233.14358311891556,138.4894678592682,417.46425664424896,164.78322958946228,466.2871662378311,151.63634872436523,441.87571144104004,151.63634872436523,466.2871662378311,0.23693179488182067,0.9205743988355001,0.23693179488182067,0.9714315963288148,13.146880865097046,24.411454796791077,small_16_32
2026-08-12T15:32:57.109,36,unlabeled,3,0.22444185614585876,161.25412034988403,68.5072660446167,236.87773275375366,144.42124843597412,322.50824069976807,137.0145320892334,473.7554655075073,288.84249687194824,398.1318531036377,212.92851448059082,398.1318531036377,288.84249687194824,0.6220810204744339,0.4436010718345642,0.6220810204744339,0.6017552018165588,75.62361240386963,75.91398239135742,regular_ge32
2026-08-12T15:32:57.213,37,unlabeled,1,0.33097806572914124,53.115854263305664,219.6135075688362,82.84040451049805,238.74168652296066,106.23170852661133,439.2270151376724,165.6808090209961,477.4833730459213,135.9562587738037,458.3551940917969,135.9562587738037,477.4833730459213,0.2124316543340683,0.9549066543579101,0.2124316543340683,0.9947570271790027,29.724550247192383,19.12817895412445,small_16_32
2026-08-12T15:32:57.213,37,unlabeled,2,0.23032912611961365,27.116788148880005,226.03223431110382,59.66539454460144,240.0,54.23357629776001,452.06446862220764,119.33078908920288,480.0,86.78218269348145,466.0322343111038,86.78218269348145,480.0,0.13559716045856476,0.970900488148133,0.13559716045856476,1.0,32.548606395721436,13.96776568889618,tiny_lt16
2026-08-12T15:32:57.213,37,unlabeled,3,0.218662291765213,148.85837173461914,68.71863436698914,245.49682235717773,149.94432759284973,297.7167434692383,137.43726873397827,490.99364471435547,299.88865518569946,394.3551940917969,218.66296195983887,394.3551940917969,299.88865518569946,0.6161799907684327,0.455547837416331,0.6161799907684327,0.6247680316368739,96.6384506225586,81.2256932258606,regular_ge32
2026-08-12T15:32:57.319,38,unlabeled,1,0.24242530763149261,162.2351942062378,71.2479796409607,306.2031183242798,240.0,324.4703884124756,142.4959592819214,612.4062366485596,480.0,468.4383125305176,311.2479796409607,468.4383125305176,480.0,0.7319348633289338,0.6484332909186681,0.7319348633289338,1.0,143.967924118042,168.7520203590393,regular_ge32
2026-08-12T15:32:57.421,39,unlabeled,1,0.22444185614585876,181.41501140594482,76.50962686538696,314.85306453704834,163.22229719161987,362.83002281188965,153.01925373077393,629.7061290740967,326.44459438323975,496.26807594299316,239.73192405700684,496.26807594299316,326.44459438323975,0.7754188686609268,0.49944150845209756,0.7754188686609268,0.6800929049650828,133.43805313110352,86.71267032623291,regular_ge32
2026-08-12T15:32:57.421,39,unlabeled,2,0.20742715895175934,33.0727334022522,158.5427393913269,174.39126443862915,234.45672178268433,66.1454668045044,317.0854787826538,348.7825288772583,468.91344356536865,207.46399784088135,392.99946117401123,207.46399784088135,468.91344356536865,0.3241624966263771,0.8187488774458568,0.3241624966263771,0.9769030074278514,141.31853103637695,75.91398239135742,regular_ge32
2026-08-12T15:32:57.941,44,unlabeled,1,0.2019716501235962,81.59564781188965,29.533823013305664,320.0,240.0,163.1912956237793,59.06764602661133,640.0,480.0,401.59564781188965,269.53382301330566,401.59564781188965,480.0,0.6274931997060775,0.5615287979443868,0.6274931997060775,1.0,238.40435218811035,210.46617698669434,regular_ge32
2026-08-12T15:32:58.773,52,unlabeled,1,0.22444185614585876,134.62092852592468,67.61468410491943,318.56873965263367,231.700701713562,269.24185705184937,135.22936820983887,637.1374793052673,463.401403427124,453.18966817855835,299.31538581848145,453.18966817855835,463.401403427124,0.7081088565289975,0.6235737204551697,0.7081088565289975,0.965419590473175,183.94781112670898,164.08601760864258,regular_ge32
2026-08-12T15:32:59.190,56,unlabeled,1,0.31630825996398926,118.23201620578766,218.6921176314354,131.80794084072113,236.1235848069191,236.46403241157532,437.3842352628708,263.61588168144226,472.2471696138382,250.0399570465088,454.8157024383545,250.0399570465088,472.2471696138382,0.39068743288517,0.9475327134132385,0.39068743288517,0.9838482700288296,13.575924634933472,17.431467175483704,small_16_32
2026-08-12T15:32:59.190,56,unlabeled,2,0.2363237887620926,1.4938482642173767,218.82805186510086,9.57763820886612,237.9562308192253,2.9876965284347534,437.6561037302017,19.15527641773224,475.9124616384506,11.071486473083496,456.7842826843262,11.071486473083496,475.9124616384506,0.017299197614192963,0.9516339222590129,0.017299197614192963,0.9914842950801055,8.083789944648743,19.12817895412445,small_16_32
2026-08-12T15:32:59.709,61,unlabeled,1,0.2363237887620926,32.78770732879639,210.86062669754028,75.27337837219238,240.0,65.57541465759277,421.72125339508057,150.54675674438477,480.0,108.06108570098877,450.8606266975403,108.06108570098877,480.0,0.16884544640779495,0.9392929722865423,0.16884544640779495,1.0,42.485671043395996,29.139373302459717,small_16_32
2026-08-12T15:33:00.235,66,unlabeled,1,0.2019716501235962,17.431734561920166,209.48836207389832,91.13705492019653,240.0,34.86346912384033,418.97672414779663,182.27410984039307,480.0,108.5687894821167,449.4883620738983,108.5687894821167,480.0,0.16963873356580733,0.9364340876539549,0.16963873356580733,1.0,73.70532035827637,30.511637926101685,small_16_32
2026-08-12T15:33:00.338,67,unlabeled,1,0.218662291765213,62.863773822784424,0.11908525228500366,74.80007123947144,11.6912060379982,125.72754764556885,0.23817050457000732,149.60014247894287,23.3824120759964,137.66384506225586,11.810291290283203,137.66384506225586,23.3824120759964,0.21509975790977479,0.02460477352142334,0.21509975790977479,0.04871335849165916,11.936297416687012,11.572120785713196,tiny_lt16
2026-08-12T15:33:00.450,68,unlabeled,1,0.2613641023635864,63.12487769126892,0.0,74.31442189216614,11.75428107380867,126.24975538253784,0.0,148.62884378433228,23.50856214761734,137.43929958343506,11.75428107380867,137.43929958343506,23.50856214761734,0.21474890559911727,0.02448808557043473,0.21474890559911727,0.04897617114086946,11.189544200897217,11.75428107380867,tiny_lt16
2026-08-12T15:33:00.557,69,unlabeled,1,0.21299070119857788,62.507606983184814,0.0,74.0647234916687,11.44375330209732,125.01521396636963,0.0,148.1294469833374,22.88750660419464,136.57233047485352,11.44375330209732,136.57233047485352,22.88750660419464,0.21339426636695863,0.023841152712702752,0.21339426636695863,0.047682305425405504,11.557116508483887,11.44375330209732,tiny_lt16
2026-08-12T15:33:00.772,71,unlabeled,1,0.20742715895175934,62.97551500797272,0.0,73.80876767635345,11.01931944489479,125.95103001594543,0.0,147.6175353527069,22.03863888978958,136.78428268432617,11.01931944489479,136.78428268432617,22.03863888978958,0.21372544169425964,0.02295691551019748,0.21372544169425964,0.04591383102039496,10.833252668380737,11.01931944489479,tiny_lt16
2026-08-12T15:33:00.926,72,unlabeled,1,0.26788532733917236,62.61358308792114,0.0,74.17069959640503,11.75428107380867,125.22716617584229,0.0,148.34139919281006,23.50856214761734,136.78428268432617,11.75428107380867,136.78428268432617,23.50856214761734,0.21372544169425964,0.02448808557043473,0.21372544169425964,0.04897617114086946,11.557116508483887,11.75428107380867,tiny_lt16
2026-08-12T15:33:01.033,73,unlabeled,1,0.23032912611961365,62.64076089859009,0.0,74.5770583152771,11.321803629398346,125.28152179718018,0.0,149.1541166305542,22.643607258796692,137.2178192138672,11.321803629398346,137.2178192138672,22.643607258796692,0.21440284252166747,0.023587090894579887,0.21440284252166747,0.047174181789159775,11.936297416687012,11.321803629398346,tiny_lt16
2026-08-12T15:33:01.033,73,unlabeled,2,0.2019716501235962,284.06409549713135,224.17355912923813,300.50823497772217,239.5583649277687,568.1281909942627,448.34711825847626,601.0164699554443,479.1167298555374,584.5723304748535,463.73192405700684,584.5723304748535,479.1167298555374,0.9133942663669586,0.9661081751187642,0.9133942663669586,0.9981598538657029,16.44413948059082,15.384805798530579,tiny_lt16
2026-08-12T15:33:01.138,74,unlabeled,1,0.2613641023635864,62.79736924171448,0.0,73.9869134426117,11.201106607913971,125.59473848342896,0.0,147.9738268852234,22.402213215827942,136.78428268432617,11.201106607913971,136.78428268432617,22.402213215827942,0.21372544169425964,0.02333563876648744,0.21372544169425964,0.04667127753297488,11.189544200897217,11.201106607913971,tiny_lt16
2026-08-12T15:33:01.243,75,unlabeled,1,0.23032912611961365,62.863773822784424,0.0,74.80007123947144,11.140016466379166,125.72754764556885,0.0,149.60014247894287,22.28003293275833,137.66384506225586,11.140016466379166,137.66384506225586,22.28003293275833,0.21509975790977479,0.02320836763828993,0.21509975790977479,0.04641673527657986,11.936297416687012,11.140016466379166,tiny_lt16
2026-08-12T15:33:01.347,76,unlabeled,1,0.2363237887620926,62.90495848655701,0.0,74.09450268745422,10.899922281503677,125.80991697311401,0.0,148.18900537490845,21.799844563007355,136.99946117401123,10.899922281503677,136.99946117401123,21.799844563007355,0.21406165808439254,0.022708171419799326,0.21406165808439254,0.04541634283959865,11.189544200897217,10.899922281503677,tiny_lt16
2026-08-12T15:33:01.449,77,unlabeled,1,0.23032912611961365,62.97551500797272,0.0,73.80876767635345,10.899922281503677,125.95103001594543,0.0,147.6175353527069,21.799844563007355,136.78428268432617,10.899922281503677,136.78428268432617,21.799844563007355,0.21372544169425964,0.022708171419799326,0.21372544169425964,0.04541634283959865,10.833252668380737,10.899922281503677,tiny_lt16
2026-08-12T15:33:01.551,78,unlabeled,1,0.2549463212490082,62.53158187866211,0.0,74.46787929534912,11.321803629398346,125.06316375732422,0.0,148.93575859069824,22.643607258796692,136.99946117401123,11.321803629398346,136.99946117401123,22.643607258796692,0.21406165808439254,0.023587090894579887,0.21406165808439254,0.047174181789159775,11.936297416687012,11.321803629398346,tiny_lt16
2026-08-12T15:33:01.656,79,unlabeled,1,0.218662291765213,62.40326738357544,0.053419679403305054,73.96038389205933,11.26196613907814,124.80653476715088,0.10683935880661011,147.92076778411865,22.52393227815628,136.36365127563477,11.315385818481445,136.36365127563477,22.52393227815628,0.2130682051181793,0.02357372045516968,0.2130682051181793,0.046924858912825586,11.557116508483887,11.208546459674835,tiny_lt16
2026-08-12T15:33:01.757,80,unlabeled,1,0.3019951581954956,62.97551500797272,0.0,73.80876767635345,11.702295541763306,125.95103001594543,0.0,147.6175353527069,23.40459108352661,136.78428268432617,11.702295541763306,136.78428268432617,23.40459108352661,0.21372544169425964,0.024379782378673553,0.21372544169425964,0.04875956475734711,10.833252668380737,11.702295541763306,tiny_lt16
2026-08-12T15:33:01.863,81,unlabeled,1,0.23032912611961365,62.72117233276367,0.17657145857810974,74.27828884124756,11.385117918252945,125.44234466552734,0.3531429171562195,148.55657768249512,22.77023583650589,136.99946117401123,11.561689376831055,136.99946117401123,22.77023583650589,0.21406165808439254,0.02408685286839803,0.21406165808439254,0.04743799132605394,11.557116508483887,11.208546459674835,tiny_lt16
2026-08-12T15:33:01.970,82,unlabeled,1,0.2363237887620926,62.941091537475586,0.0,74.49820804595947,11.44375330209732,125.88218307495117,0.0,148.99641609191895,22.88750660419464,137.43929958343506,11.44375330209732,137.43929958343506,22.88750660419464,0.21474890559911727,0.023841152712702752,0.21474890559911727,0.047682305425405504,11.557116508483887,11.44375330209732,tiny_lt16
2026-08-12T15:33:02.090,83,unlabeled,1,0.24863308668136597,62.72117233276367,0.0,74.27828884124756,11.140016466379166,125.44234466552734,0.0,148.55657768249512,22.28003293275833,136.99946117401123,11.140016466379166,136.99946117401123,22.28003293275833,0.21406165808439254,0.02320836763828993,0.21406165808439254,0.04641673527657986,11.557116508483887,11.140016466379166,tiny_lt16
2026-08-12T15:33:02.200,84,unlabeled,1,0.21299070119857788,62.64076089859009,0.10781675577163696,74.5770583152771,10.96366971731186,125.28152179718018,0.21563351154327393,149.1541166305542,21.92733943462372,137.2178192138672,11.071486473083496,137.2178192138672,21.92733943462372,0.21440284252166747,0.02306559681892395,0.21440284252166747,0.04568195715546608,11.936297416687012,10.855852961540222,tiny_lt16
2026-08-12T15:33:02.316,85,unlabeled,1,0.20742715895175934,62.53158187866211,0.0,74.46787929534912,10.899922281503677,125.06316375732422,0.0,148.93575859069824,21.799844563007355,136.99946117401123,10.899922281503677,136.99946117401123,21.799844563007355,0.21406165808439254,0.022708171419799326,0.21406165808439254,0.04541634283959865,11.936297416687012,10.899922281503677,tiny_lt16
2026-08-12T15:33:02.429,86,unlabeled,1,0.2363237887620926,62.97551500797272,0.0,73.80876767635345,11.081709444522858,125.95103001594543,0.0,147.6175353527069,22.163418889045715,136.78428268432617,11.081709444522858,136.78428268432617,22.163418889045715,0.21372544169425964,0.023086894676089285,0.21372544169425964,0.04617378935217857,10.833252668380737,11.081709444522858,tiny_lt16
2026-08-12T15:33:02.540,87,unlabeled,1,0.26788532733917236,62.83035135269165,0.057106465101242065,74.38746786117554,12.003979235887527,125.6607027053833,0.11421293020248413,148.77493572235107,24.007958471775055,137.2178192138672,12.06108570098877,137.2178192138672,24.007958471775055,0.21440284252166747,0.025127261877059937,0.21440284252166747,0.050016580149531364,11.557116508483887,11.946872770786285,tiny_lt16
2026-08-12T15:33:02.646,88,unlabeled,1,0.2949781119823456,63.255770564079285,0.0,73.74369060993195,11.50917962193489,126.51154112815857,0.0,147.4873812198639,23.01835924386978,136.99946117401123,11.50917962193489,136.99946117401123,23.01835924386978,0.21406165808439254,0.02397745754569769,0.21406165808439254,0.04795491509139538,10.487920045852661,11.50917962193489,tiny_lt16
2026-08-12T15:33:02.751,89,unlabeled,1,0.24242530763149261,62.79736924171448,0.0,73.9869134426117,10.781870275735855,125.59473848342896,0.0,147.9738268852234,21.56374055147171,136.78428268432617,10.781870275735855,136.78428268432617,21.56374055147171,0.21372544169425964,0.022462229741116366,0.21372544169425964,0.04492445948223273,11.189544200897217,10.781870275735855,tiny_lt16
2026-08-12T15:33:02.969,91,unlabeled,1,0.23032912611961365,62.83035135269165,0.0,74.38746786117554,10.899922281503677,125.6607027053833,0.0,148.77493572235107,21.799844563007355,137.2178192138672,10.899922281503677,137.2178192138672,21.799844563007355,0.21440284252166747,0.022708171419799326,0.21440284252166747,0.04541634283959865,11.557116508483887,10.899922281503677,tiny_lt16
2026-08-12T15:33:03.071,92,unlabeled,1,0.20742715895175934,62.97754621505737,0.0,74.91384363174438,10.665205389261246,125.95509243011475,0.0,149.82768726348877,21.33041077852249,137.89138984680176,10.665205389261246,137.89138984680176,21.33041077852249,0.21545529663562774,0.022219177894294263,0.21545529663562774,0.04443835578858853,11.936297416687012,10.665205389261246,tiny_lt16
2026-08-12T15:33:03.179,93,unlabeled,1,0.24242530763149261,63.4756897687912,0.0,73.96360981464386,10.899922281503677,126.9513795375824,0.0,147.92721962928772,21.799844563007355,137.43929958343506,10.899922281503677,137.43929958343506,21.799844563007355,0.21474890559911727,0.022708171419799326,0.21474890559911727,0.04541634283959865,10.487920045852661,10.899922281503677,tiny_lt16
2026-08-12T15:33:03.280,94,unlabeled,1,0.26788532733917236,62.941091537475586,0.0,74.49820804595947,11.201106607913971,125.88218307495117,0.0,148.99641609191895,22.402213215827942,137.43929958343506,11.201106607913971,137.43929958343506,22.402213215827942,0.21474890559911727,0.02333563876648744,0.21474890559911727,0.04667127753297488,11.557116508483887,11.201106607913971,tiny_lt16
2026-08-12T15:33:03.388,95,unlabeled,1,0.2949781119823456,62.86953890323639,0.0,73.70279157161713,11.50917962193489,125.73907780647278,0.0,147.40558314323425,23.01835924386978,136.57233047485352,11.50917962193489,136.57233047485352,23.01835924386978,0.21339426636695863,0.02397745754569769,0.21339426636695863,0.04795491509139538,10.833252668380737,11.50917962193489,tiny_lt16
2026-08-12T15:33:03.490,96,unlabeled,1,0.20742715895175934,63.12487769126892,0.15817224979400635,74.31442189216614,10.67192018032074,126.24975538253784,0.3163444995880127,148.62884378433228,21.34384036064148,137.43929958343506,10.830092430114746,137.43929958343506,21.34384036064148,0.21474890559911727,0.022562692562739056,0.21474890559911727,0.04446633408466975,11.189544200897217,10.513747930526733,tiny_lt16
2026-08-12T15:33:03.598,97,unlabeled,1,0.24863308668136597,63.23715043067932,0.0,74.42669463157654,11.01931944489479,126.47430086135864,0.0,148.85338926315308,22.03863888978958,137.66384506225586,11.01931944489479,137.66384506225586,22.03863888978958,0.21509975790977479,0.02295691551019748,0.21509975790977479,0.04591383102039496,11.189544200897217,11.01931944489479,tiny_lt16
2026-08-12T15:33:03.700,98,unlabeled,1,0.24242530763149261,63.23715043067932,0.0,74.42669463157654,11.081709444522858,126.47430086135864,0.0,148.85338926315308,22.163418889045715,137.66384506225586,11.081709444522858,137.66384506225586,22.163418889045715,0.21509975790977479,0.023086894676089285,0.21509975790977479,0.04617378935217857,11.189544200897217,11.081709444522858,tiny_lt16
2026-08-12T15:33:03.700,98,unlabeled,2,0.20742715895175934,282.45263290405273,221.18941205739975,302.33164978027344,238.62087923288345,564.9052658081055,442.3788241147995,604.6632995605469,477.2417584657669,584.7842826843262,459.8102912902832,584.7842826843262,477.2417584657669,0.9137254416942596,0.9579381068547567,0.9137254416942596,0.9942536634703477,19.879016876220703,17.431467175483704,small_16_32
2026-08-12T15:33:03.805,99,unlabeled,1,0.24863308668136597,63.23715043067932,0.0,74.42669463157654,10.72357553243637,126.47430086135864,0.0,148.85338926315308,21.44715106487274,137.66384506225586,10.72357553243637,137.66384506225586,21.44715106487274,0.21509975790977479,0.022340782359242438,0.21509975790977479,0.044681564718484876,11.189544200897217,10.72357553243637,tiny_lt16
2026-08-12T15:33:03.906,100,unlabeled,1,0.24863308668136597,63.053364276885986,0.0,74.61048078536987,10.665205389261246,126.10672855377197,0.0,149.22096157073975,21.33041077852249,137.66384506225586,10.665205389261246,137.66384506225586,21.33041077852249,0.21509975790977479,0.022219177894294263,0.21509975790977479,0.04443835578858853,11.557116508483887,10.665205389261246,tiny_lt16
2026-08-12T15:33:04.021,101,unlabeled,1,0.2880568504333496,63.12487769126892,0.0,74.31442189216614,11.201106607913971,126.24975538253784,0.0,148.62884378433228,22.402213215827942,137.43929958343506,11.201106607913971,137.43929958343506,22.402213215827942,0.21474890559911727,0.02333563876648744,0.21474890559911727,0.04667127753297488,11.189544200897217,11.201106607913971,tiny_lt16
2026-08-12T15:33:04.126,102,unlabeled,1,0.30910593271255493,62.941091537475586,0.0,74.49820804595947,11.50917962193489,125.88218307495117,0.0,148.99641609191895,23.01835924386978,137.43929958343506,11.50917962193489,137.43929958343506,23.01835924386978,0.21474890559911727,0.02397745754569769,0.21474890559911727,0.04795491509139538,11.557116508483887,11.50917962193489,tiny_lt16
2026-08-12T15:33:04.243,103,unlabeled,1,0.27450883388519287,62.580278277397156,0.0,75.3111115694046,11.947396993637085,125.16055655479431,0.0,150.6222231388092,23.89479398727417,137.89138984680176,11.947396993637085,137.89138984680176,23.89479398727417,0.21545529663562774,0.024890410403410595,0.21545529663562774,0.04978082080682119,12.730833292007446,11.947396993637085,tiny_lt16
2026-08-12T15:33:04.350,104,unlabeled,1,0.24863308668136597,63.01388490200043,0.11908525228500366,75.34130918979645,11.6912060379982,126.02776980400085,0.23817050457000732,150.6826183795929,23.3824120759964,138.35519409179688,11.810291290283203,138.35519409179688,23.3824120759964,0.2161799907684326,0.02460477352142334,0.2161799907684326,0.04871335849165916,12.32742428779602,11.572120785713196,tiny_lt16
2026-08-12T15:33:04.478,105,unlabeled,1,0.2549463212490082,62.53158187866211,0.0,74.46787929534912,11.44375330209732,125.06316375732422,0.0,148.93575859069824,22.88750660419464,136.99946117401123,11.44375330209732,136.99946117401123,22.88750660419464,0.21406165808439254,0.023841152712702752,0.21406165808439254,0.047682305425405504,11.936297416687012,11.44375330209732,tiny_lt16
2026-08-12T15:33:04.579,106,unlabeled,1,0.2613641023635864,63.09278345108032,0.0,75.02908086776733,11.140016466379166,126.18556690216064,0.0,150.05816173553467,22.28003293275833,138.12186431884766,11.140016466379166,138.12186431884766,22.28003293275833,0.21581541299819945,0.02320836763828993,0.21581541299819945,0.04641673527657986,11.936297416687012,11.140016466379166,tiny_lt16
2026-08-12T15:33:04.692,107,unlabeled,1,0.2363237887620926,62.97754621505737,0.0,74.91384363174438,11.081709444522858,125.95509243011475,0.0,149.82768726348877,22.163418889045715,137.89138984680176,11.081709444522858,137.89138984680176,22.163418889045715,0.21545529663562774,0.023086894676089285,0.21545529663562774,0.04617378935217857,11.936297416687012,11.081709444522858,tiny_lt16
2026-08-12T15:33:04.795,108,unlabeled,1,0.2880568504333496,63.167136669158936,0.0,74.72425317764282,11.631129294633865,126.33427333831787,0.0,149.44850635528564,23.26225858926773,137.89138984680176,11.631129294633865,137.89138984680176,23.26225858926773,0.21545529663562774,0.024231519363820554,0.21545529663562774,0.04846303872764111,11.557116508483887,11.631129294633865,tiny_lt16
2026-08-12T15:33:04.910,109,unlabeled,1,0.2880568504333496,63.23715043067932,0.0,74.42669463157654,10.781870275735855,126.47430086135864,0.0,148.85338926315308,21.56374055147171,137.66384506225586,10.781870275735855,137.66384506225586,21.56374055147171,0.21509975790977479,0.022462229741116366,0.21509975790977479,0.04492445948223273,11.189544200897217,10.781870275735855,tiny_lt16
2026-08-12T15:33:05.011,110,unlabeled,1,0.2549463212490082,62.863773822784424,0.0,74.80007123947144,11.201106607913971,125.72754764556885,0.0,149.60014247894287,22.402213215827942,137.66384506225586,11.201106607913971,137.66384506225586,22.402213215827942,0.21509975790977479,0.02333563876648744,0.21509975790977479,0.04667127753297488,11.936297416687012,11.201106607913971,tiny_lt16
2026-08-12T15:33:05.121,111,unlabeled,1,0.24863308668136597,63.12487769126892,0.0,74.31442189216614,10.899922281503677,126.24975538253784,0.0,148.62884378433228,21.799844563007355,137.43929958343506,10.899922281503677,137.43929958343506,21.799844563007355,0.21474890559911727,0.022708171419799326,0.21474890559911727,0.04541634283959865,11.189544200897217,10.899922281503677,tiny_lt16
2026-08-12T15:33:05.224,112,unlabeled,1,0.2613641023635864,62.93023240566254,0.0,75.66106569766998,11.321803629398346,125.86046481132507,0.0,151.32213139533997,22.643607258796692,138.59129810333252,11.321803629398346,138.59129810333252,22.643607258796692,0.21654890328645707,0.023587090894579887,0.21654890328645707,0.047174181789159775,12.730833292007446,11.321803629398346,tiny_lt16
2026-08-12T15:33:05.339,113,unlabeled,1,0.2613641023635864,62.97754621505737,0.053419679403305054,74.91384363174438,11.26196613907814,125.95509243011475,0.10683935880661011,149.82768726348877,22.52393227815628,137.89138984680176,11.315385818481445,137.89138984680176,22.52393227815628,0.21545529663562774,0.02357372045516968,0.21545529663562774,0.046924858912825586,11.936297416687012,11.208546459674835,tiny_lt16
2026-08-12T15:33:05.441,114,unlabeled,1,0.2880568504333496,63.053364276885986,0.0,74.61048078536987,11.321803629398346,126.10672855377197,0.0,149.22096157073975,22.643607258796692,137.66384506225586,11.321803629398346,137.66384506225586,22.643607258796692,0.21509975790977479,0.023587090894579887,0.21509975790977479,0.047174181789159775,11.557116508483887,11.321803629398346,tiny_lt16
2026-08-12T15:33:05.553,115,unlabeled,1,0.32359981536865234,63.12487769126892,0.0,74.31442189216614,11.03436854481697,126.24975538253784,0.0,148.62884378433228,22.06873708963394,137.43929958343506,11.03436854481697,137.43929958343506,22.06873708963394,0.21474890559911727,0.022988267801702024,0.21474890559911727,0.04597653560340405,11.189544200897217,11.03436854481697,tiny_lt16
2026-08-12T15:33:05.656,116,unlabeled,1,0.24242530763149261,63.053364276885986,0.0,74.61048078536987,11.201106607913971,126.10672855377197,0.0,149.22096157073975,22.402213215827942,137.66384506225586,11.201106607913971,137.66384506225586,22.402213215827942,0.21509975790977479,0.02333563876648744,0.21509975790977479,0.04667127753297488,11.557116508483887,11.201106607913971,tiny_lt16
2026-08-12T15:33:05.768,117,unlabeled,1,0.24863308668136597,62.863773822784424,0.0,74.80007123947144,11.201106607913971,125.72754764556885,0.0,149.60014247894287,22.402213215827942,137.66384506225586,11.201106607913971,137.66384506225586,22.402213215827942,0.21509975790977479,0.02333563876648744,0.21509975790977479,0.04667127753297488,11.936297416687012,11.201106607913971,tiny_lt16
2026-08-12T15:33:05.876,118,unlabeled,1,0.26788532733917236,62.46650588512421,0.0,75.19733917713165,11.631129294633865,124.93301177024841,0.0,150.3946783542633,23.26225858926773,137.66384506225586,11.631129294633865,137.66384506225586,23.26225858926773,0.21509975790977479,0.024231519363820554,0.21509975790977479,0.04846303872764111,12.730833292007446,11.631129294633865,tiny_lt16
2026-08-12T15:33:05.977,119,unlabeled,1,0.28123316168785095,62.75150108337402,0.0,74.68779850006104,11.631129294633865,125.50300216674805,0.0,149.37559700012207,23.26225858926773,137.43929958343506,11.631129294633865,137.43929958343506,23.26225858926773,0.21474890559911727,0.024231519363820554,0.21474890559911727,0.04846303872764111,11.936297416687012,11.631129294633865,tiny_lt16
2026-08-12T15:33:05.977,119,unlabeled,2,0.2019716501235962,44.61525535583496,210.57913208007812,136.79344749450684,240.0,89.23051071166992,421.15826416015625,273.5868949890137,480.0,181.4087028503418,450.5791320800781,181.4087028503418,480.0,0.28345109820365905,0.9387065251668294,0.28345109820365905,1.0,92.17819213867188,29.420867919921875,small_16_32
2026-08-12T15:33:06.090,120,unlabeled,1,0.28123316168785095,62.97754621505737,0.0,74.91384363174438,11.631129294633865,125.95509243011475,0.0,149.82768726348877,23.26225858926773,137.89138984680176,11.631129294633865,137.89138984680176,23.26225858926773,0.21545529663562774,0.024231519363820554,0.21545529663562774,0.04846303872764111,11.936297416687012,11.631129294633865,tiny_lt16
2026-08-12T15:33:06.192,121,unlabeled,1,0.28123316168785095,63.327500343322754,0.0,75.26379776000977,11.388482600450516,126.65500068664551,0.0,150.52759552001953,22.77696520090103,138.59129810333252,11.388482600450516,138.59129810333252,22.77696520090103,0.21654890328645707,0.02372600541760524,0.21654890328645707,0.04745201083521048,11.936297416687012,11.388482600450516,tiny_lt16
2026-08-12T15:33:06.306,122,unlabeled,1,0.2880568504333496,63.23715043067932,0.0,74.42669463157654,11.388482600450516,126.47430086135864,0.0,148.85338926315308,22.77696520090103,137.66384506225586,11.388482600450516,137.66384506225586,22.77696520090103,0.21509975790977479,0.02372600541760524,0.21509975790977479,0.04745201083521048,11.189544200897217,11.388482600450516,tiny_lt16
2026-08-12T15:33:06.407,123,unlabeled,1,0.2363237887620926,63.167136669158936,0.0,74.72425317764282,10.899922281503677,126.33427333831787,0.0,149.44850635528564,21.799844563007355,137.89138984680176,10.899922281503677,137.89138984680176,21.799844563007355,0.21545529663562774,0.022708171419799326,0.21545529663562774,0.04541634283959865,11.557116508483887,10.899922281503677,tiny_lt16
2026-08-12T15:33:06.519,124,unlabeled,1,0.24242530763149261,63.014137506484985,0.0,74.2036817073822,10.665205389261246,126.02827501296997,0.0,148.4073634147644,21.33041077852249,137.2178192138672,10.665205389261246,137.2178192138672,21.33041077852249,0.21440284252166747,0.022219177894294263,0.21440284252166747,0.04443835578858853,11.189544200897217,10.665205389261246,tiny_lt16
2026-08-12T15:33:06.621,125,unlabeled,1,0.27450883388519287,62.97754621505737,0.0,74.91384363174438,11.01931944489479,125.95509243011475,0.0,149.82768726348877,22.03863888978958,137.89138984680176,11.01931944489479,137.89138984680176,22.03863888978958,0.21545529663562774,0.02295691551019748,0.21545529663562774,0.04591383102039496,11.936297416687012,11.01931944489479,tiny_lt16
2026-08-12T15:33:06.734,126,unlabeled,1,0.26788532733917236,63.053364276885986,0.0,74.61048078536987,10.899922281503677,126.10672855377197,0.0,149.22096157073975,21.799844563007355,137.66384506225586,10.899922281503677,137.66384506225586,21.799844563007355,0.21509975790977479,0.022708171419799326,0.21509975790977479,0.04541634283959865,11.557116508483887,10.899922281503677,tiny_lt16
2026-08-12T15:33:06.836,127,unlabeled,1,0.23032912611961365,62.75150108337402,0.0,74.68779850006104,10.963657438755035,125.50300216674805,0.0,149.37559700012207,21.92731487751007,137.43929958343506,10.963657438755035,137.43929958343506,21.92731487751007,0.21474890559911727,0.022840952997406325,0.21474890559911727,0.04568190599481265,11.936297416687012,10.963657438755035,tiny_lt16
2026-08-12T15:33:07.049,129,unlabeled,1,0.218662291765213,63.12487769126892,0.0,74.31442189216614,10.665205389261246,126.24975538253784,0.0,148.62884378433228,21.33041077852249,137.43929958343506,10.665205389261246,137.43929958343506,21.33041077852249,0.21474890559911727,0.022219177894294263,0.21474890559911727,0.04443835578858853,11.189544200897217,10.665205389261246,tiny_lt16
2026-08-12T15:33:07.163,130,unlabeled,1,0.20742715895175934,63.053364276885986,0.0,74.61048078536987,10.605523526668549,126.10672855377197,0.0,149.22096157073975,21.211047053337097,137.66384506225586,10.605523526668549,137.66384506225586,21.211047053337097,0.21509975790977479,0.022094840680559478,0.21509975790977479,0.044189681361118956,11.557116508483887,10.605523526668549,tiny_lt16
2026-08-12T15:33:07.265,131,unlabeled,1,0.22444185614585876,63.192283272743225,0.0,74.02553594112396,10.549968153238297,126.38456654548645,0.0,148.05107188224792,21.099936306476593,137.2178192138672,10.549968153238297,137.2178192138672,21.099936306476593,0.21440284252166747,0.02197910031924645,0.21440284252166747,0.0439582006384929,10.833252668380737,10.549968153238297,tiny_lt16
2026-08-12T15:33:07.481,133,unlabeled,1,0.27450883388519287,63.08310425281525,0.0,73.91635692119598,11.081709444522858,126.1662085056305,0.0,147.83271384239197,22.163418889045715,136.99946117401123,11.081709444522858,136.99946117401123,22.163418889045715,0.21406165808439254,0.023086894676089285,0.21406165808439254,0.04617378935217857,10.833252668380737,11.081709444522858,tiny_lt16
2026-08-12T15:33:07.598,134,unlabeled,1,0.21299070119857788,62.64076089859009,0.0,74.5770583152771,11.140016466379166,125.28152179718018,0.0,149.1541166305542,22.28003293275833,137.2178192138672,11.140016466379166,137.2178192138672,22.28003293275833,0.21440284252166747,0.02320836763828993,0.21440284252166747,0.04641673527657986,11.936297416687012,11.140016466379166,tiny_lt16
2026-08-12T15:33:08.027,138,unlabeled,1,0.2019716501235962,283.38691842556,222.3526532649994,302.05238115787506,238.73118710517883,566.77383685112,444.7053065299988,604.1047623157501,477.46237421035767,585.4392995834351,461.0838403701782,585.4392995834351,477.46237421035767,0.9147489055991173,0.960591334104538,0.9147489055991173,0.9947132796049118,18.665462732315063,16.378533840179443,small_16_32
2026-08-12T15:33:08.345,141,unlabeled,1,0.23032912611961365,62.61358308792114,0.0,74.17069959640503,11.01931944489479,125.22716617584229,0.0,148.34139919281006,22.03863888978958,136.78428268432617,11.01931944489479,136.78428268432617,22.03863888978958,0.21372544169425964,0.02295691551019748,0.21372544169425964,0.04591383102039496,11.557116508483887,11.01931944489479,tiny_lt16
2026-08-12T15:33:08.461,142,unlabeled,1,0.218662291765213,63.08310425281525,0.0,73.91635692119598,10.665205389261246,126.1662085056305,0.0,147.83271384239197,21.33041077852249,136.99946117401123,10.665205389261246,136.99946117401123,21.33041077852249,0.21406165808439254,0.022219177894294263,0.21406165808439254,0.04443835578858853,10.833252668380737,10.665205389261246,tiny_lt16
2026-08-12T15:33:08.786,145,unlabeled,1,0.2019716501235962,62.55593764781952,0.0,74.88336193561554,11.201106607913971,125.11187529563904,0.0,149.76672387123108,22.402213215827942,137.43929958343506,11.201106607913971,137.43929958343506,22.402213215827942,0.21474890559911727,0.02333563876648744,0.21474890559911727,0.04667127753297488,12.32742428779602,11.201106607913971,tiny_lt16
2026-08-12T15:33:09.212,149,unlabeled,1,0.24242530763149261,62.90495848655701,0.0,74.09450268745422,11.15103343129158,125.80991697311401,0.0,148.18900537490845,22.30206686258316,136.99946117401123,11.15103343129158,136.99946117401123,22.30206686258316,0.21406165808439254,0.023231319648524127,0.21406165808439254,0.046462639297048254,11.189544200897217,11.15103343129158,tiny_lt16
2026-08-12T15:33:09.859,155,unlabeled,1,0.218662291765213,62.97754621505737,0.0,74.91384363174438,11.01931944489479,125.95509243011475,0.0,149.82768726348877,22.03863888978958,137.89138984680176,11.01931944489479,137.89138984680176,22.03863888978958,0.21545529663562774,0.02295691551019748,0.21545529663562774,0.04591383102039496,11.936297416687012,11.01931944489479,tiny_lt16
2026-08-12T15:33:10.189,158,unlabeled,1,0.2019716501235962,37.26266574859619,210.57913208007812,143.1756467819214,240.0,74.52533149719238,421.15826416015625,286.3512935638428,480.0,180.43831253051758,450.5791320800781,180.43831253051758,480.0,0.2819348633289337,0.9387065251668294,0.2819348633289337,1.0,105.9129810333252,29.420867919921875,small_16_32
2026-08-12T15:33:10.290,159,unlabeled,1,0.2019716501235962,282.86808133125305,222.61557811498642,302.1313798427582,240.0,565.7361626625061,445.23115622997284,604.2627596855164,480.0,584.9994611740112,462.6155781149864,584.9994611740112,480.0,0.9140616580843925,0.9637824544062217,0.9140616580843925,1.0,19.263298511505127,17.38442188501358,small_16_32
2026-08-12T15:33:10.513,161,unlabeled,1,0.20742715895175934,63.053364276885986,0.0,74.61048078536987,11.388482600450516,126.10672855377197,0.0,149.22096157073975,22.77696520090103,137.66384506225586,11.388482600450516,137.66384506225586,22.77696520090103,0.21509975790977479,0.02372600541760524,0.21509975790977479,0.04745201083521048,11.557116508483887,11.388482600450516,tiny_lt16
2026-08-12T15:33:10.735,163,unlabeled,1,0.2019716501235962,42.26572895050049,211.13001811504364,138.90417957305908,240.0,84.53145790100098,422.2600362300873,277.80835914611816,480.0,181.16990852355957,451.13001811504364,181.16990852355957,480.0,0.28307798206806184,0.9398542044063409,0.28307798206806184,1.0,96.6384506225586,28.86998188495636,small_16_32
2026-08-12T15:33:10.735,163,unlabeled,2,0.2019716501235962,282.86808133125305,221.70826786756516,302.1313798427582,238.6056893467903,565.7361626625061,443.4165357351303,604.2627596855164,477.2113786935806,584.9994611740112,460.31395721435547,584.9994611740112,477.2113786935806,0.9140616580843925,0.9589874108632406,0.9140616580843925,0.994190372278293,19.263298511505127,16.89742147922516,small_16_32
2026-08-12T15:33:10.958,165,unlabeled,1,0.20742715895175934,19.171011924743652,209.66241216659546,89.14294528961182,240.0,38.342023849487305,419.3248243331909,178.28589057922363,480.0,108.31395721435547,449.66241216659546,108.31395721435547,480.0,0.16924055814743041,0.9367966920137405,0.16924055814743041,1.0,69.97193336486816,30.33758783340454,small_16_32
2026-08-12T15:33:12.143,176,unlabeled,1,0.218662291765213,281.56697487831116,218.85640281438828,304.0968701839447,238.58289676904678,563.1339497566223,437.71280562877655,608.1937403678894,477.16579353809357,585.6638450622559,457.43929958343506,585.6638450622559,477.16579353809357,0.9150997579097748,0.9529985407988231,0.9150997579097748,0.9940954032043616,22.529895305633545,19.72649395465851,small_16_32
2026-08-12T15:33:13.122,185,unlabeled,1,0.20742715895175934,40.09502983093262,211.04789459705353,141.31367301940918,240.0,80.19005966186523,422.09578919410706,282.62734603881836,480.0,181.4087028503418,451.0478945970535,181.4087028503418,480.0,0.28345109820365905,0.9396831137438615,0.28345109820365905,1.0,101.21864318847656,28.952105402946472,small_16_32
2026-08-12T15:33:13.650,190,unlabeled,1,0.2019716501235962,43.97157955169678,211.13001811504364,138.36457538604736,240.0,87.94315910339355,422.2600362300873,276.7291507720947,480.0,182.33615493774414,451.13001811504364,182.33615493774414,480.0,0.28490024209022524,0.9398542044063409,0.28490024209022524,1.0,94.39299583435059,28.86998188495636,small_16_32
2026-08-12T15:33:13.863,192,unlabeled,1,0.20742715895175934,21.465380668640137,210.013680934906,86.09630870819092,240.0,42.93076133728027,420.027361869812,172.19261741638184,480.0,107.56168937683105,450.013680934906,107.56168937683105,480.0,0.16806513965129852,0.9375285019477209,0.16806513965129852,1.0,64.63092803955078,29.986319065093994,small_16_32
2026-08-12T15:33:14.184,195,unlabeled,1,0.2019716501235962,283.6639997959137,221.45643490552902,302.9272983074188,238.35385638475418,567.3279995918274,442.91286981105804,605.8545966148376,476.70771276950836,586.5912981033325,459.8102912902832,586.5912981033325,476.70771276950836,0.9165489032864571,0.9579381068547567,0.9165489032864571,0.9931410682698091,19.263298511505127,16.89742147922516,small_16_32
2026-08-12T15:33:14.401,197,unlabeled,1,0.2019716501235962,283.78938949108124,221.83568400144577,301.8744555711746,238.73310548067093,567.5787789821625,443.67136800289154,603.7489111423492,477.46621096134186,585.6638450622559,460.5687894821167,585.6638450622559,477.46621096134186,0.9150997579097748,0.9595183114210765,0.9150997579097748,0.9947212728361289,18.085066080093384,16.89742147922516,small_16_32
2026-08-12T15:33:15.059,203,unlabeled,1,0.20742715895175934,282.1500985622406,218.5487498641014,304.67999386787415,238.89054971933365,564.3001971244812,437.0974997282028,609.3599877357483,477.7810994386673,586.8300924301147,457.43929958343506,586.8300924301147,477.7810994386673,0.9169220194220543,0.9529985407988231,0.9169220194220543,0.9953772904972236,22.529895305633545,20.34179985523224,small_16_32
2026-08-12T15:33:15.919,211,unlabeled,1,0.20742715895175934,21.58968162536621,210.07168996334076,86.22060966491699,240.0,43.17936325073242,420.1433799266815,172.44121932983398,480.0,107.8102912902832,450.07168996334076,107.8102912902832,480.0,0.1684535801410675,0.9376493540902933,0.1684535801410675,1.0,64.63092803955078,29.92831003665924,small_16_32
2026-08-12T15:33:16.021,212,unlabeled,1,0.218662291765213,18.67172622680664,210.1921569108963,88.6436595916748,240.0,37.34345245361328,420.3843138217926,177.2873191833496,480.0,107.31538581848145,450.1921569108963,107.31538581848145,480.0,0.16768029034137727,0.9379003268977006,0.16768029034137727,1.0,69.97193336486816,29.8078430891037,small_16_32
2026-08-12T15:33:16.134,213,unlabeled,1,0.2019716501235962,282.3627305030823,219.38160544633865,303.5286593437195,238.5097844004631,564.7254610061646,438.7632108926773,607.057318687439,477.0195688009262,585.8913898468018,457.89138984680176,585.8913898468018,477.0195688009262,0.9154552966356277,0.9539403955141703,0.9154552966356277,0.9937907683352629,21.165928840637207,19.12817895412445,small_16_32
2026-08-12T15:33:16.235,214,unlabeled,1,0.20742715895175934,2.4378623962402344,105.04228019714355,82.00045013427734,237.0663299560547,4.875724792480469,210.0845603942871,164.0009002685547,474.1326599121094,84.43831253051758,342.10861015319824,84.43831253051758,474.1326599121094,0.13193486332893373,0.7127262711524963,0.13193486332893373,0.9877763748168945,79.56258773803711,132.02404975891113,regular_ge32
2026-08-12T15:33:16.450,216,unlabeled,1,0.2363237887620926,63.89468050003052,124.30166816711426,115.79136228561401,236.27066230773926,127.78936100006104,248.60333633422852,231.58272457122803,472.5413246154785,179.68604278564453,360.5723304748535,179.68604278564453,472.5413246154785,0.28075944185256957,0.7511923551559448,0.28075944185256957,0.9844610929489136,51.896681785583496,111.968994140625,regular_ge32
2026-08-12T15:33:16.569,217,unlabeled,1,0.35360580682754517,0.0,0.0,110.23462200164795,208.59948873519897,0.0,0.0,220.4692440032959,417.19897747039795,110.23462200164795,208.59948873519897,110.23462200164795,417.19897747039795,0.17224159687757493,0.4345822681983312,0.17224159687757493,0.8691645363966624,110.23462200164795,208.59948873519897,regular_ge32
2026-08-12T15:33:16.674,218,unlabeled,1,0.36130279302597046,9.234708786010742,0.0,127.33762168884277,215.7985496520996,18.469417572021484,0.0,254.67524337768555,431.5970993041992,136.57233047485352,215.7985496520996,136.57233047485352,431.5970993041992,0.21339426636695863,0.4495803117752075,0.21339426636695863,0.899160623550415,118.10291290283203,215.7985496520996,regular_ge32
2026-08-12T15:33:16.799,219,unlabeled,1,0.3384403884410858,20.191844940185547,0.0,128.492769241333,211.84112644195557,40.383689880371094,0.0,256.985538482666,423.68225288391113,148.68461418151855,211.84112644195557,148.68461418151855,423.68225288391113,0.23231970965862275,0.4413356800874074,0.23231970965862275,0.8826713601748148,108.30092430114746,211.84112644195557,regular_ge32
2026-08-12T15:33:16.902,220,unlabeled,1,0.4169939160346985,13.121915102005005,0.0,154.44044613838196,206.9637155532837,26.24383020401001,0.0,308.8808922767639,413.9274311065674,167.56236124038696,206.9637155532837,167.56236124038696,413.9274311065674,0.26181618943810464,0.4311744074026744,0.26181618943810464,0.8623488148053488,141.31853103637695,206.9637155532837,regular_ge32
2026-08-12T15:33:17.014,221,unlabeled,1,0.32359981536865234,22.912968635559082,0.47939586639404297,158.96516704559326,206.71697902679443,45.825937271118164,0.9587917327880859,317.9303340911865,413.43395805358887,181.87813568115234,207.19637489318848,181.87813568115234,413.43395805358887,0.28418458700180055,0.43165911436080934,0.28418458700180055,0.8613207459449768,136.05219841003418,206.2375831604004,regular_ge32
2026-08-12T15:33:17.119,222,unlabeled,1,0.3384403884410858,29.38436222076416,0.0,184.02434062957764,207.86115503311157,58.76872444152832,0.0,368.0486812591553,415.72231006622314,213.4087028503418,207.86115503311157,213.4087028503418,415.72231006622314,0.33345109820365904,0.4330440729856491,0.33345109820365904,0.8660881459712982,154.63997840881348,207.86115503311157,regular_ge32
2026-08-12T15:33:17.235,223,unlabeled,1,0.34598395228385925,65.34413623809814,13.354121685028076,209.31206035614014,225.8422532081604,130.6882724761963,26.708243370056152,418.6241207122803,451.6845064163208,274.6561965942383,239.19637489318848,274.6561965942383,451.6845064163208,0.42915030717849734,0.498325781027476,0.42915030717849734,0.941009388367335,143.967924118042,212.48813152313232,regular_ge32
2026-08-12T15:33:17.235,223,unlabeled,2,0.218662291765213,283.4475784301758,219.85095673799515,304.613507270813,238.9791356921196,566.8951568603516,439.7019134759903,609.227014541626,477.9582713842392,588.0610857009888,458.83009243011475,588.0610857009888,477.9582713842392,0.918845446407795,0.9558960258960724,0.918845446407795,0.995746398717165,21.165928840637207,19.12817895412445,small_16_32
2026-08-12T15:33:17.339,224,unlabeled,1,0.2880568504333496,60.286126136779785,27.012664794921875,212.24987506866455,240.0,120.57225227355957,54.02532958984375,424.4997501373291,480.0,272.53600120544434,267.0126647949219,272.53600120544434,480.0,0.4258375018835068,0.5562763849894206,0.4258375018835068,1.0,151.96374893188477,212.98733520507812,regular_ge32
2026-08-12T15:33:17.339,224,unlabeled,2,0.20742715895175934,171.27617824077606,179.15910720825195,189.94164097309113,240.0,342.5523564815521,358.3182144165039,379.88328194618225,480.0,361.2178192138672,419.15910720825195,361.2178192138672,480.0,0.5644028425216675,0.8732481400171915,0.5644028425216675,1.0,18.665462732315063,60.84089279174805,regular_ge32
2026-08-12T15:33:17.339,224,unlabeled,3,0.20742715895175934,284.6542112827301,221.34647631645203,302.17588114738464,237.72501015663147,569.3084225654602,442.69295263290405,604.3517622947693,475.45002031326294,586.8300924301147,459.0714864730835,586.8300924301147,475.45002031326294,0.9169220194220543,0.9563989301522573,0.9169220194220543,0.9905208756526311,17.52166986465454,16.378533840179443,small_16_32
2026-08-12T15:33:17.458,225,unlabeled,1,0.2880568504333496,58.88974714279175,25.27446460723877,208.18173933029175,226.3519639968872,117.7794942855835,50.54892921447754,416.3634786605835,452.7039279937744,267.0714864730835,251.62642860412598,267.0714864730835,452.7039279937744,0.417299197614193,0.5242217262585958,0.417299197614193,0.9431331833203633,149.2919921875,201.07749938964844,regular_ge32
2026-08-12T15:33:17.560,226,unlabeled,1,0.2549463212490082,62.40166664123535,33.4428505897522,203.7201976776123,231.12947988510132,124.8033332824707,66.8857011795044,407.4403953552246,462.25895977020264,266.12186431884766,264.5723304748535,266.12186431884766,462.25895977020264,0.41581541299819946,0.5511923551559448,0.41581541299819946,0.9630394995212554,141.31853103637695,197.68662929534912,regular_ge32
2026-08-12T15:33:17.673,227,unlabeled,1,0.3384403884410858,61.885279178619385,29.887487411499023,208.51151323318481,238.9379711151123,123.77055835723877,59.77497482299805,417.02302646636963,477.8759422302246,270.3967924118042,268.8254585266113,270.3967924118042,477.8759422302246,0.42249498814344405,0.560053038597107,0.42249498814344405,0.9955748796463013,146.62623405456543,209.05048370361328,regular_ge32
2026-08-12T15:33:17.775,228,unlabeled,1,0.22444185614585876,66.2584400177002,33.37093162536621,204.93793487548828,240.0,132.5168800354004,66.74186325073242,409.87586975097656,480.0,271.1963748931885,273.3709316253662,271.1963748931885,480.0,0.423744335770607,0.5695227742195129,0.423744335770607,1.0,138.6794948577881,206.6290683746338,regular_ge32
2026-08-12T15:33:17.886,229,unlabeled,1,0.32359981536865234,57.20183277130127,31.960980892181396,190.63988590240479,233.03848028182983,114.40366554260254,63.92196178436279,381.27977180480957,466.07696056365967,247.84171867370605,264.99946117401123,247.84171867370605,466.07696056365967,0.3872526854276657,0.5520822107791901,0.3872526854276657,0.9709936678409576,133.43805313110352,201.07749938964844,regular_ge32
2026-08-12T15:33:17.886,229,unlabeled,2,0.21299070119857788,283.40115571022034,220.2167552113533,303.9142301082611,239.34493416547775,566.8023114204407,440.4335104227066,607.8284602165222,478.6898683309555,587.3153858184814,459.56168937683105,587.3153858184814,478.6898683309555,0.9176802903413772,0.9574201862017314,0.9176802903413772,0.997270559022824,20.51307439804077,19.12817895412445,small_16_32
2026-08-12T15:33:17.990,230,unlabeled,1,0.22444185614585876,55.90889644622803,34.685795307159424,186.74730014801025,234.65801000595093,111.81779289245605,69.37159061431885,373.4946002960205,469.31602001190186,242.65619659423828,269.34380531311035,242.65619659423828,469.31602001190186,0.3791503071784973,0.5611329277356466,0.3791503071784973,0.9777417083581289,130.83840370178223,199.9722146987915,regular_ge32
2026-08-12T15:33:17.990,230,unlabeled,2,0.218662291765213,284.08231484889984,220.94195932149887,302.7477775812149,238.37342649698257,568.1646296977997,441.88391864299774,605.4955551624298,476.74685299396515,586.8300924301147,459.31538581848145,586.8300924301147,476.74685299396515,0.9169220194220543,0.956907053788503,0.9169220194220543,0.9932226104040941,18.665462732315063,17.431467175483704,small_16_32
2026-08-12T15:33:18.105,231,unlabeled,1,0.27450883388519287,54.31620788574219,36.623775005340576,190.36840629577637,230.69161081314087,108.63241577148438,73.24755001068115,380.73681259155273,461.38322162628174,244.68461418151855,267.31538581848145,244.68461418151855,461.38322162628174,0.3823197096586227,0.556907053788503,0.3823197096586227,0.9612150450547536,136.05219841003418,194.0678358078003,regular_ge32
2026-08-12T15:33:18.105,231,unlabeled,2,0.21299070119857788,283.40115571022034,220.30513298511505,303.9142301082611,238.28616511821747,566.8023114204407,440.6102659702301,607.8284602165222,476.57233023643494,587.3153858184814,458.5912981033325,587.3153858184814,476.57233023643494,0.9176802903413772,0.955398537715276,0.9176802903413772,0.9928590213259061,20.51307439804077,17.981032133102417,small_16_32
2026-08-12T15:33:18.207,232,unlabeled,1,0.28123316168785095,59.69088172912598,61.300570011138916,187.94546699523926,240.0,119.38176345825195,122.60114002227783,375.8909339904785,480.0,247.63634872436523,301.3005700111389,247.63634872436523,480.0,0.38693179488182067,0.6277095208565394,0.38693179488182067,1.0,128.25458526611328,178.69942998886108,regular_ge32
2026-08-12T15:33:18.207,232,unlabeled,2,0.21299070119857788,283.9629176855087,221.6969956755638,302.6283804178238,239.12846285104752,567.9258353710175,443.3939913511276,605.2567608356476,478.25692570209503,586.5912981033325,460.8254585266113,586.5912981033325,478.25692570209503,0.9165489032864571,0.9600530385971069,0.9165489032864571,0.9963685952126979,18.665462732315063,17.431467175483704,small_16_32
2026-08-12T15:33:18.325,233,unlabeled,1,0.218662291765213,62.0681037902832,44.60509920120239,200.7475986480713,234.8225703239441,124.1362075805664,89.21019840240479,401.4951972961426,469.6451406478882,262.8157024383545,279.4276695251465,262.8157024383545,469.6451406478882,0.4106495350599289,0.5821409781773885,0.4106495350599289,0.9784273763497671,138.6794948577881,190.2174711227417,regular_ge32
2026-08-12T15:33:18.428,234,unlabeled,1,0.22444185614585876,54.745901107788086,44.81212377548218,196.06443214416504,235.02959489822388,109.49180221557617,89.62424755096436,392.1288642883301,470.05918979644775,250.81033325195312,279.84171867370605,250.81033325195312,470.05918979644775,0.3918911457061768,0.583003580570221,0.3918911457061768,0.9792899787425995,141.31853103637695,190.2174711227417,regular_ge32
2026-08-12T15:33:18.428,234,unlabeled,2,0.218662291765213,285.14431071281433,221.70826786756516,302.6659805774689,238.6056893467903,570.2886214256287,443.4165357351303,605.3319611549377,477.2113786935806,587.8102912902832,460.31395721435547,587.8102912902832,477.2113786935806,0.9184535801410675,0.9589874108632406,0.9184535801410675,0.994190372278293,17.52166986465454,16.89742147922516,small_16_32
2026-08-12T15:33:18.540,235,unlabeled,1,0.22444185614585876,284.2030118703842,220.79032862186432,302.8684746026993,238.77136075496674,568.4060237407684,441.58065724372864,605.7369492053986,477.5427215099335,587.0714864730835,459.56168937683105,587.0714864730835,477.5427215099335,0.917299197614193,0.9574201862017314,0.917299197614193,0.9948806698123615,18.665462732315063,17.981032133102417,small_16_32
2026-08-12T15:33:18.643,236,unlabeled,1,0.21299070119857788,150.74647736549377,181.4317625761032,176.25071597099304,239.61383640766144,301.49295473098755,362.8635251522064,352.5014319419861,479.2276728153229,326.9971933364868,421.04559898376465,326.9971933364868,479.2276728153229,0.5109331145882606,0.8771783312161764,0.5109331145882606,0.9983909850319227,25.504238605499268,58.18207383155823,regular_ge32
2026-08-12T15:33:18.643,236,unlabeled,2,0.2019716501235962,284.61515986919403,221.96401852369308,302.7002259492874,238.86144000291824,569.2303197383881,443.92803704738617,605.4004518985748,477.7228800058365,587.3153858184814,460.8254585266113,587.3153858184814,477.7228800058365,0.9176802903413772,0.9600530385971069,0.9176802903413772,0.9952560000121593,18.085066080093384,16.89742147922516,small_16_32
2026-08-12T15:33:18.754,237,unlabeled,1,0.2880568504333496,83.94439220428467,59.2928204536438,192.24531650543213,240.0,167.88878440856934,118.5856409072876,384.49063301086426,480.0,276.1897087097168,299.2928204536438,276.1897087097168,480.0,0.4315464198589325,0.6235267092784246,0.4315464198589325,1.0,108.30092430114746,180.7071795463562,regular_ge32
2026-08-12T15:33:18.858,238,unlabeled,1,0.33097806572914124,79.16769981384277,68.4523344039917,197.2706127166748,240.0,158.33539962768555,136.9046688079834,394.5412254333496,480.0,276.4383125305176,308.4523344039917,276.4383125305176,480.0,0.4319348633289337,0.642609030008316,0.4319348633289337,1.0,118.10291290283203,171.5476655960083,regular_ge32
2026-08-12T15:33:18.858,238,unlabeled,2,0.21299070119857788,285.25888776779175,221.18941205739975,305.13790464401245,238.62087923288345,570.5177755355835,442.3788241147995,610.2758092880249,477.2417584657669,590.3967924118042,459.8102912902832,590.3967924118042,477.2417584657669,0.9224949881434441,0.9579381068547567,0.9224949881434441,0.9942536634703477,19.879016876220703,17.431467175483704,small_16_32
2026-08-12T15:33:18.964,239,unlabeled,1,0.36130279302597046,168.57957410812378,177.38578963279724,190.41761922836304,240.0,337.15914821624756,354.7715792655945,380.8352384567261,480.0,358.9971933364868,417.38578963279724,358.9971933364868,480.0,0.5609331145882607,0.8695537284016609,0.5609331145882607,1.0,21.838045120239258,62.61421036720276,regular_ge32
2026-08-12T15:33:18.964,239,unlabeled,2,0.3019951581954956,80.5564022064209,61.56796932220459,198.65931510925293,240.0,161.1128044128418,123.13593864440918,397.31863021850586,480.0,279.2157173156738,301.5679693222046,279.2157173156738,480.0,0.43627455830574036,0.6282666027545929,0.43627455830574036,1.0,118.10291290283203,178.4320306777954,regular_ge32
2026-08-12T15:33:19.077,240,unlabeled,1,0.23032912611961365,78.97492218017578,62.82829189300537,199.58577919006348,240.0,157.94984436035156,125.65658378601074,399.17155838012695,480.0,278.56070137023926,302.82829189300537,278.56070137023926,480.0,0.43525109589099886,0.6308922747770945,0.43525109589099886,1.0,120.6108570098877,177.17170810699463,regular_ge32
2026-08-12T15:33:19.077,240,unlabeled,2,0.21299070119857788,283.40115571022034,220.79032862186432,303.9142301082611,238.77136075496674,566.8023114204407,441.58065724372864,607.8284602165222,477.5427215099335,587.3153858184814,459.56168937683105,587.3153858184814,477.5427215099335,0.9176802903413772,0.9574201862017314,0.9176802903413772,0.9948806698123615,20.51307439804077,17.981032133102417,small_16_32
2026-08-12T15:33:19.197,241,unlabeled,1,0.27450883388519287,75.51880550384521,45.94611644744873,222.14503955841064,229.22842502593994,151.03761100769043,91.89223289489746,444.2900791168213,458.4568500518799,297.66384506225586,275.1745414733887,297.66384506225586,458.4568500518799,0.46509975790977476,0.5732802947362264,0.46509975790977476,0.9551184376080831,146.62623405456543,183.2823085784912,regular_ge32
2026-08-12T15:33:19.197,241,unlabeled,2,0.20742715895175934,283.70143032073975,220.14180475473404,304.86735916137695,238.6882876753807,567.4028606414795,440.2836095094681,609.7347183227539,477.3765753507614,588.5687894821167,458.83009243011475,588.5687894821167,477.3765753507614,0.9196387335658074,0.9558960258960724,0.9196387335658074,0.9945345319807529,21.165928840637207,18.546482920646667,small_16_32
2026-08-12T15:33:19.311,242,unlabeled,1,0.24863308668136597,77.73287582397461,44.520297050476074,219.05140686035156,230.6542444229126,155.46575164794922,89.04059410095215,438.1028137207031,461.3084888458252,296.7842826843262,275.1745414733887,296.7842826843262,461.3084888458252,0.46372544169425967,0.5732802947362264,0.46372544169425967,0.9610593517621359,141.31853103637695,186.13394737243652,regular_ge32
2026-08-12T15:33:19.414,243,unlabeled,1,0.2613641023635864,78.2513222694397,43.86709976196289,216.93081712722778,230.0010471343994,156.5026445388794,87.73419952392578,433.86163425445557,460.0020942687988,295.1821393966675,273.8681468963623,295.1821393966675,460.0020942687988,0.4612220928072929,0.5705586393674215,0.4612220928072929,0.9583376963933309,138.6794948577881,186.13394737243652,regular_ge32
2026-08-12T15:33:19.414,243,unlabeled,2,0.20742715895175934,284.448113322258,222.87665963172913,303.11357605457306,239.25519347190857,568.896226644516,445.75331926345825,606.2271521091461,478.51038694381714,587.561689376831,462.1318531036377,587.561689376831,478.51038694381714,0.9180651396512985,0.9627746939659119,0.9180651396512985,0.9968966394662857,18.665462732315063,16.378533840179443,small_16_32
2026-08-12T15:33:19.529,244,unlabeled,1,0.26788532733917236,82.92333984375,64.81492710113525,196.07719802856445,240.0,165.8466796875,129.6298542022705,392.1543960571289,480.0,279.00053787231445,304.81492710113525,279.00053787231445,480.0,0.43593834042549134,0.6350310981273651,0.43593834042549134,1.0,113.15385818481445,175.18507289886475,regular_ge32
2026-08-12T15:33:19.631,245,unlabeled,1,0.23032912611961365,284.0149521827698,218.85640281438828,305.85299730300903,238.58289676904678,568.0299043655396,437.71280562877655,611.7059946060181,477.16579353809357,589.8679494857788,457.43929958343506,589.8679494857788,477.16579353809357,0.9216686710715294,0.9529985407988231,0.9216686710715294,0.9940954032043616,21.838045120239258,19.72649395465851,small_16_32
2026-08-12T15:33:19.631,245,unlabeled,2,0.22444185614585876,74.56568789482117,43.56757688522339,221.1919219493866,231.0886197090149,149.13137578964233,87.13515377044678,442.3838438987732,462.1772394180298,295.75760984420776,274.6561965942383,295.75760984420776,462.1772394180298,0.4621212653815746,0.5722004095713298,0.4621212653815746,0.9628692487875621,146.62623405456543,187.5210428237915,regular_ge32
2026-08-12T15:33:19.631,245,unlabeled,3,0.21299070119857788,299.20027327537537,218.51098656654358,318.4635717868805,240.0,598.4005465507507,437.02197313308716,636.927143573761,480.0,617.6638450622559,458.5109865665436,617.6638450622559,480.0,0.9650997579097748,0.9552312220136324,0.9650997579097748,1.0,19.263298511505127,21.48901343345642,small_16_32
2026-08-12T15:33:19.746,246,unlabeled,1,0.24242530763149261,83.81064510345459,65.34362983703613,194.52550983428955,240.0,167.62129020690918,130.68725967407227,389.0510196685791,480.0,278.33615493774414,305.34362983703613,278.33615493774414,480.0,0.4349002420902252,0.636132562160492,0.4349002420902252,1.0,110.71486473083496,174.65637016296387,regular_ge32
2026-08-12T15:33:19.746,246,unlabeled,2,0.2019716501235962,282.37662649154663,219.00669711828232,304.2146716117859,239.34849697351456,564.7532529830933,438.01339423656464,608.4293432235718,478.6969939470291,586.5912981033325,458.3551940917969,586.5912981033325,478.6969939470291,0.9165489032864571,0.9549066543579101,0.9165489032864571,0.9972854040563106,21.838045120239258,20.34179985523224,small_16_32
2026-08-12T15:33:19.848,247,unlabeled,1,0.2880568504333496,73.40320110321045,42.206055641174316,204.24160480499268,233.73285961151123,146.8064022064209,84.41211128234863,408.48320960998535,467.46571922302246,277.6448059082031,275.93891525268555,277.6448059082031,467.46571922302246,0.4338200092315674,0.5748727401097615,0.4338200092315674,0.9738869150479634,130.83840370178223,191.5268039703369,regular_ge32
2026-08-12T15:33:19.962,248,unlabeled,1,0.32359981536865234,73.16575241088867,43.09514665603638,204.0041561126709,235.90539121627808,146.33150482177734,86.19029331207275,408.0083122253418,471.81078243255615,277.16990852355957,279.00053787231445,277.16990852355957,471.81078243255615,0.4330779820680618,0.5812511205673218,0.4330779820680618,0.9829391300678253,130.83840370178223,192.8102445602417,regular_ge32
2026-08-12T15:33:20.066,249,unlabeled,1,0.28123316168785095,73.51986598968506,43.059000968933105,204.35826969146729,234.58580493927002,147.03973197937012,86.11800193786621,408.71653938293457,469.17160987854004,277.87813568115234,277.6448059082031,277.87813568115234,469.17160987854004,0.4341845870018005,0.5784266789754232,0.4341845870018005,0.9774408539136251,130.83840370178223,191.5268039703369,regular_ge32
2026-08-12T15:33:20.066,249,unlabeled,2,0.20742715895175934,159.37665581703186,161.66572666168213,186.49905562400818,234.14456462860107,318.7533116340637,323.33145332336426,372.99811124801636,468.28912925720215,345.87571144104004,395.8102912902832,345.87571144104004,468.28912925720215,0.5404307991266251,0.8246047735214234,0.5404307991266251,0.9756023526191712,27.12239980697632,72.47883796691895,regular_ge32
2026-08-12T15:33:20.180,250,unlabeled,1,0.2613641023635864,72.92310523986816,44.33433294296265,203.7615089416504,231.85537576675415,145.84621047973633,88.6686658859253,407.5230178833008,463.7107515335083,276.68461418151855,276.1897087097168,276.68461418151855,463.7107515335083,0.43231970965862276,0.5753952264785767,0.43231970965862276,0.966064065694809,130.83840370178223,187.5210428237915,regular_ge32
2026-08-12T15:33:20.282,251,unlabeled,1,0.34598395228385925,73.0450553894043,43.653738498687744,203.88345909118652,232.53597021102905,146.0901107788086,87.30747699737549,407.76691818237305,465.0719404220581,276.9285144805908,276.1897087097168,276.9285144805908,465.0719404220581,0.43270080387592313,0.5753952264785767,0.43270080387592313,0.9688998758792877,130.83840370178223,188.8822317123413,regular_ge32
2026-08-12T15:33:20.396,252,unlabeled,1,0.37690892815589905,72.22004127502441,42.93302631378174,205.65809440612793,229.06697368621826,144.44008255004883,85.86605262756348,411.31618881225586,458.1339473724365,277.87813568115234,272.0,277.87813568115234,458.1339473724365,0.4341845870018005,0.5666666666666667,0.4341845870018005,0.9544457236925761,133.43805313110352,186.13394737243652,regular_ge32
2026-08-12T15:33:20.396,252,unlabeled,2,0.2019716501235962,283.20027327537537,221.31480926275253,302.4635717868805,238.74627643823624,566.4005465507507,442.62961852550507,604.927143573761,477.4925528764725,585.6638450622559,460.06108570098877,585.6638450622559,477.4925528764725,0.9150997579097748,0.9584605952103933,0.9150997579097748,0.9947761518259843,19.263298511505127,17.431467175483704,small_16_32
2026-08-12T15:33:20.498,253,unlabeled,1,0.32359981536865234,79.16769981384277,65.82794952392578,197.2706127166748,240.0,158.33539962768555,131.65589904785156,394.5412254333496,480.0,276.4383125305176,305.8279495239258,276.4383125305176,480.0,0.4319348633289337,0.6371415615081787,0.4319348633289337,1.0,118.10291290283203,174.17205047607422,regular_ge32
2026-08-12T15:33:20.612,254,unlabeled,1,0.30910593271255493,71.79207515716553,40.48945188522339,207.8442735671997,230.7069230079651,143.58415031433105,80.97890377044678,415.6885471343994,461.4138460159302,279.63634872436523,271.1963748931885,279.63634872436523,461.4138460159302,0.43693179488182066,0.5649924476941427,0.43693179488182066,0.9612788458665212,136.05219841003418,190.2174711227417,regular_ge32
2026-08-12T15:33:20.714,255,unlabeled,1,0.3690716028213501,77.59829139709473,45.33320140838623,200.7378635406494,219.45108127593994,155.19658279418945,90.66640281677246,401.4757270812988,438.9021625518799,278.33615493774414,264.7842826843262,278.33615493774414,438.9021625518799,0.4349002420902252,0.5516339222590129,0.4349002420902252,0.9143795053164164,123.13957214355469,174.1178798675537,regular_ge32
2026-08-12T15:33:20.829,256,unlabeled,1,0.27450883388519287,74.83202648162842,47.74442672729492,197.9715986251831,223.45194816589355,149.66405296325684,95.48885345458984,395.9431972503662,446.9038963317871,272.8036251068115,271.1963748931885,272.8036251068115,446.9038963317871,0.426255664229393,0.5649924476941427,0.426255664229393,0.9310497840245565,123.13957214355469,175.70752143859863,regular_ge32
2026-08-12T15:33:20.930,257,unlabeled,1,0.35360580682754517,75.96257209777832,51.43373513221741,196.57342910766602,210.20804905891418,151.92514419555664,102.86747026443481,393.14685821533203,420.41609811782837,272.53600120544434,261.6417841911316,272.53600120544434,420.41609811782837,0.4258375018835068,0.5450870503981908,0.4258375018835068,0.8758668710788091,120.6108570098877,158.77431392669678,regular_ge32
2026-08-12T15:33:21.045,258,unlabeled,1,0.30910593271255493,84.50158882141113,68.69198417663574,190.41456985473633,227.46629810333252,169.00317764282227,137.38396835327148,380.82913970947266,454.93259620666504,274.91615867614746,296.15828227996826,274.91615867614746,454.93259620666504,0.42955649793148043,0.6169964214166005,0.42955649793148043,0.9477762420972188,105.9129810333252,158.77431392669678,regular_ge32
2026-08-12T15:33:21.045,258,unlabeled,2,0.21299070119857788,62.78198277950287,0.7290521264076233,75.10940706729889,11.584905087947845,125.56396555900574,1.4581042528152466,150.21881413459778,23.16981017589569,137.89138984680176,12.313957214355469,137.89138984680176,23.16981017589569,0.21545529663562774,0.025654077529907227,0.21545529663562774,0.048270437866449356,12.32742428779602,10.855852961540222,tiny_lt16
2026-08-12T15:33:21.148,259,unlabeled,1,0.40887001156806946,76.4961748123169,50.7766695022583,197.1070318222046,200.3185338973999,152.9923496246338,101.5533390045166,394.2140636444092,400.6370677947998,273.6032066345215,251.0952033996582,273.6032066345215,400.6370677947998,0.42750501036643984,0.5231150070826213,0.42750501036643984,0.8346605579058329,120.6108570098877,149.5418643951416,regular_ge32
2026-08-12T15:33:21.263,260,unlabeled,1,0.35360580682754517,77.66402912139893,48.37630653381348,198.27488613128662,201.6636505126953,155.32805824279785,96.75261306762695,396.54977226257324,403.3273010253906,275.93891525268555,250.0399570465088,275.93891525268555,403.3273010253906,0.43115455508232114,0.5209165771802267,0.43115455508232114,0.8402652104695638,120.6108570098877,153.28734397888184,regular_ge32
2026-08-12T15:33:21.263,260,unlabeled,2,0.20742715895175934,92.26952075958252,159.40701866149902,173.85234355926514,233.5924425125122,184.53904151916504,318.81403732299805,347.7046871185303,467.1848850250244,266.12186431884766,392.99946117401123,266.12186431884766,467.1848850250244,0.41581541299819946,0.8187488774458568,0.41581541299819946,0.9733018438021342,81.58282279968262,74.18542385101318,regular_ge32
2026-08-12T15:33:21.263,260,unlabeled,3,0.20742715895175934,282.6167206764221,218.01249450445175,304.4547657966614,238.98696666955948,565.2334413528442,436.0249890089035,608.9095315933228,477.97393333911896,587.0714864730835,456.99946117401123,587.0714864730835,477.97393333911896,0.917299197614193,0.9520822107791901,0.917299197614193,0.9957790277898312,21.838045120239258,20.974472165107727,small_16_32
2026-08-12T15:33:21.263,260,unlabeled,4,0.2019716501235962,63.12487769126892,0.6026163697242737,74.31442189216614,11.458469331264496,126.24975538253784,1.2052327394485474,148.62884378433228,22.91693866252899,137.43929958343506,12.06108570098877,137.43929958343506,22.91693866252899,0.21474890559911727,0.025127261877059937,0.21474890559911727,0.047743622213602066,11.189544200897217,10.855852961540222,tiny_lt16
2026-08-12T15:33:21.366,261,unlabeled,1,0.36130279302597046,91.07186603546143,64.97954416275024,187.71031665802002,235.84591436386108,182.14373207092285,129.9590883255005,375.42063331604004,471.69182872772217,278.78218269348145,300.8254585266113,278.78218269348145,471.69182872772217,0.4355971604585648,0.6267197052637736,0.4355971604585648,0.9826913098494212,96.6384506225586,170.86637020111084,regular_ge32
2026-08-12T15:33:21.481,262,unlabeled,1,0.35360580682754517,95.090012550354,71.94415473937988,187.26820468902588,230.71846866607666,190.180025100708,143.88830947875977,374.53640937805176,461.4369373321533,282.3582172393799,302.66262340545654,282.3582172393799,461.4369373321533,0.44118471443653107,0.6305471320947011,0.44118471443653107,0.9613269527753194,92.17819213867188,158.77431392669678,regular_ge32
2026-08-12T15:33:21.481,262,unlabeled,2,0.21299070119857788,62.83035135269165,0.22976642847061157,74.38746786117554,11.085619390010834,125.6607027053833,0.45953285694122314,148.77493572235107,22.171238780021667,137.2178192138672,11.315385818481445,137.2178192138672,22.171238780021667,0.21440284252166747,0.02357372045516968,0.21440284252166747,0.04619008079171181,11.557116508483887,10.855852961540222,tiny_lt16
2026-08-12T15:33:21.585,263,unlabeled,1,0.34598395228385925,95.22441291809082,66.28338241577148,189.6174087524414,238.78741645812988,190.44882583618164,132.56676483154297,379.2348175048828,477.57483291625977,284.8418216705322,305.07079887390137,284.8418216705322,477.57483291625977,0.4450653463602066,0.6355641643206279,0.4450653463602066,0.9949475685755412,94.39299583435059,172.5040340423584,regular_ge32
2026-08-12T15:33:21.698,264,unlabeled,1,0.31630825996398926,88.52070999145508,59.893648624420166,194.43369102478027,240.0,177.04141998291016,119.78729724884033,388.86738204956055,480.0,282.95440101623535,299.89364862442017,282.95440101623535,480.0,0.4421162515878677,0.6247784346342087,0.4421162515878677,1.0,105.9129810333252,180.10635137557983,regular_ge32
2026-08-12T15:33:21.698,264,unlabeled,2,0.23032912611961365,62.90495848655701,0.35291820764541626,74.09450268745422,11.208771169185638,125.80991697311401,0.7058364152908325,148.18900537490845,22.417542338371277,136.99946117401123,11.561689376831055,136.99946117401123,22.417542338371277,0.21406165808439254,0.02408685286839803,0.21406165808439254,0.04670321320494016,11.189544200897217,10.855852961540222,tiny_lt16
2026-08-12T15:33:21.801,265,unlabeled,1,0.3019951581954956,95.04492163658142,67.12936878204346,198.59686255455017,236.3346290588379,190.08984327316284,134.2587375640869,397.19372510910034,472.6692581176758,293.6417841911316,303.46399784088135,293.6417841911316,472.6692581176758,0.4588152877986431,0.6322166621685028,0.4588152877986431,0.9847276210784912,103.55194091796875,169.20526027679443,regular_ge32
2026-08-12T15:33:21.801,265,unlabeled,2,0.23032912611961365,62.507606983184814,0.0,74.0647234916687,11.44375330209732,125.01521396636963,0.0,148.1294469833374,22.88750660419464,136.57233047485352,11.44375330209732,136.57233047485352,22.88750660419464,0.21339426636695863,0.023841152712702752,0.21339426636695863,0.047682305425405504,11.557116508483887,11.44375330209732,tiny_lt16
2026-08-12T15:33:21.915,266,unlabeled,1,0.32359981536865234,98.9277856349945,101.84782838821411,193.3207814693451,237.83821439743042,197.855571269989,203.69565677642822,386.6415629386902,475.67642879486084,292.2485671043396,339.68604278564453,292.2485671043396,475.67642879486084,0.45663838610053065,0.707679255803426,0.45663838610053065,0.9909925599892934,94.39299583435059,135.9903860092163,regular_ge32
2026-08-12T15:33:21.915,266,unlabeled,2,0.24863308668136597,84.78163146972656,52.90908670425415,179.17462730407715,104.02685499191284,169.56326293945312,105.8181734085083,358.3492546081543,208.05370998382568,263.9562587738037,156.935941696167,263.9562587738037,208.05370998382568,0.4124316543340683,0.32694987853368124,0.4124316543340683,0.4334452291329702,94.39299583435059,51.11776828765869,regular_ge32
2026-08-12T15:33:21.915,266,unlabeled,3,0.24242530763149261,62.90495848655701,0.053419679403305054,74.09450268745422,11.26196613907814,125.80991697311401,0.10683935880661011,148.18900537490845,22.52393227815628,136.99946117401123,11.315385818481445,136.99946117401123,22.52393227815628,0.21406165808439254,0.02357372045516968,0.21406165808439254,0.046924858912825586,11.189544200897217,11.208546459674835,tiny_lt16
2026-08-12T15:33:22.019,267,unlabeled,1,0.31630825996398926,93.25147724151611,84.14495372772217,203.96634197235107,216.1690034866333,186.50295448303223,168.28990745544434,407.93268394470215,432.3380069732666,297.2178192138672,300.31395721435547,297.2178192138672,432.3380069732666,0.46440284252166747,0.6256540775299072,0.46440284252166747,0.9007041811943054,110.71486473083496,132.02404975891113,regular_ge32
2026-08-12T15:33:22.019,267,unlabeled,2,0.23032912611961365,80.1028344631195,50.58010268211365,183.65477538108826,105.85909295082092,160.205668926239,101.1602053642273,367.3095507621765,211.71818590164185,263.75760984420776,156.43919563293457,263.75760984420776,211.71818590164185,0.4121212653815746,0.32591499090194703,0.4121212653815746,0.44107955396175386,103.55194091796875,55.278990268707275,regular_ge32
2026-08-12T15:33:22.019,267,unlabeled,3,0.2019716501235962,63.12487769126892,0.22976642847061157,74.31442189216614,11.085619390010834,126.24975538253784,0.45953285694122314,148.62884378433228,22.171238780021667,137.43929958343506,11.315385818481445,137.43929958343506,22.171238780021667,0.21474890559911727,0.02357372045516968,0.21474890559911727,0.04619008079171181,11.189544200897217,10.855852961540222,tiny_lt16
2026-08-12T15:33:22.133,268,unlabeled,1,0.39277467131614685,97.07405233383179,76.46173429489136,202.98703336715698,224.10705518722534,194.14810466766357,152.92346858978271,405.97406673431396,448.2141103744507,300.06108570098877,300.5687894821167,300.06108570098877,448.2141103744507,0.46884544640779496,0.6261849780877431,0.46884544640779496,0.9337793966134389,105.9129810333252,147.64532089233398,regular_ge32
2026-08-12T15:33:22.133,268,unlabeled,2,0.24863308668136597,62.72117233276367,0.17657145857810974,74.27828884124756,11.385117918252945,125.44234466552734,0.3531429171562195,148.55657768249512,22.77023583650589,136.99946117401123,11.561689376831055,136.99946117401123,22.77023583650589,0.21406165808439254,0.02408685286839803,0.21406165808439254,0.04743799132605394,11.557116508483887,11.208546459674835,tiny_lt16
2026-08-12T15:33:22.236,269,unlabeled,1,0.43337342143058777,106.44630336761475,78.16314125061035,198.62449550628662,227.70500564575195,212.8926067352295,156.3262825012207,397.24899101257324,455.4100112915039,305.07079887390137,305.8681468963623,305.07079887390137,455.4100112915039,0.4766731232404709,0.6372253060340881,0.4766731232404709,0.9487708568572998,92.17819213867188,149.5418643951416,regular_ge32
2026-08-12T15:33:22.236,269,unlabeled,2,0.24863308668136597,62.72117233276367,0.0,74.27828884124756,11.566905081272125,125.44234466552734,0.0,148.55657768249512,23.13381016254425,136.99946117401123,11.566905081272125,136.99946117401123,23.13381016254425,0.21406165808439254,0.02409771891931693,0.21406165808439254,0.04819543783863386,11.557116508483887,11.566905081272125,tiny_lt16
2026-08-12T15:33:22.349,270,unlabeled,1,0.4251631200313568,102.48338460922241,74.1646957397461,199.121835231781,229.29930210113525,204.96676921844482,148.3293914794922,398.243670463562,458.5986042022705,301.6052198410034,303.46399784088135,301.6052198410034,458.5986042022705,0.47125815600156784,0.6322166621685028,0.47125815600156784,0.9554137587547302,96.6384506225586,155.13460636138916,regular_ge32
2026-08-12T15:33:22.349,270,unlabeled,2,0.2363237887620926,62.55593764781952,0.053419679403305054,74.88336193561554,11.26196613907814,125.11187529563904,0.10683935880661011,149.76672387123108,22.52393227815628,137.43929958343506,11.315385818481445,137.43929958343506,22.52393227815628,0.21474890559911727,0.02357372045516968,0.21474890559911727,0.046924858912825586,12.32742428779602,11.208546459674835,tiny_lt16
2026-08-12T15:33:22.349,270,unlabeled,3,0.21299070119857788,282.89203095436096,218.12167352437973,305.4219262599945,239.09614568948746,565.7840619087219,436.24334704875946,610.843852519989,478.1922913789749,588.3139572143555,457.2178192138672,588.3139572143555,478.1922913789749,0.9192405581474304,0.9525371233622233,0.9192405581474304,0.9962339403728644,22.529895305633545,20.974472165107727,small_16_32
2026-08-12T15:33:22.452,271,unlabeled,1,0.40887001156806946,108.2000846862793,68.29110813140869,198.1946964263916,234.1056842803955,216.4001693725586,136.58221626281738,396.3893928527832,468.211368560791,306.3947811126709,302.3967924118042,306.3947811126709,468.211368560791,0.47874184548854826,0.6299933175245921,0.47874184548854826,0.9754403511683146,89.9946117401123,165.81457614898682,regular_ge32
2026-08-12T15:33:22.452,271,unlabeled,2,0.23032912611961365,62.354233145713806,0.17657145857810974,75.08506643772125,11.385117918252945,124.70846629142761,0.3531429171562195,150.1701328754425,22.77023583650589,137.43929958343506,11.561689376831055,137.43929958343506,22.77023583650589,0.21474890559911727,0.02408685286839803,0.21474890559911727,0.04743799132605394,12.730833292007446,11.208546459674835,tiny_lt16
2026-08-12T15:33:22.579,272,unlabeled,1,0.4748867154121399,109.13834762573242,72.45204544067383,194.86165237426758,229.41590404510498,218.27669525146484,144.90409088134766,389.72330474853516,458.83180809020996,304.0,301.8679494857788,304.0,458.83180809020996,0.475,0.6288915614287058,0.475,0.9558996001879374,85.72330474853516,156.96385860443115,regular_ge32
2026-08-12T15:33:22.579,272,unlabeled,2,0.2019716501235962,62.863773822784424,0.35291820764541626,74.80007123947144,11.208771169185638,125.72754764556885,0.7058364152908325,149.60014247894287,22.417542338371277,137.66384506225586,11.561689376831055,137.66384506225586,22.417542338371277,0.21509975790977479,0.02408685286839803,0.21509975790977479,0.04670321320494016,11.936297416687012,10.855852961540222,tiny_lt16
2026-08-12T15:33:22.683,273,unlabeled,1,0.39277467131614685,101.30323266983032,65.27453756332397,195.6962285041809,231.0891137123108,202.60646533966064,130.54907512664795,391.3924570083618,462.1782274246216,296.99946117401123,296.36365127563477,296.99946117401123,462.1782274246216,0.46406165808439254,0.6174242734909058,0.46406165808439254,0.9628713071346283,94.39299583435059,165.81457614898682,regular_ge32
2026-08-12T15:33:22.683,273,unlabeled,2,0.2363237887620926,62.75150108337402,0.0,74.68779850006104,11.140016466379166,125.50300216674805,0.0,149.37559700012207,22.28003293275833,137.43929958343506,11.140016466379166,137.43929958343506,22.28003293275833,0.21474890559911727,0.02320836763828993,0.21474890559911727,0.04641673527657986,11.936297416687012,11.140016466379166,tiny_lt16
2026-08-12T15:33:22.804,274,unlabeled,1,0.36130279302597046,91.54217433929443,65.92463445663452,202.2570390701294,231.73921060562134,183.08434867858887,131.84926891326904,404.5140781402588,463.4784212112427,293.7992134094238,297.66384506225586,293.7992134094238,463.4784212112427,0.4590612709522247,0.6201330105463664,0.4590612709522247,0.9655800441900889,110.71486473083496,165.81457614898682,regular_ge32
2026-08-12T15:33:22.909,275,unlabeled,1,0.4169939160346985,101.33846759796143,78.86495590209961,197.97691822052002,224.59904193878174,202.67693519592285,157.72991180419922,395.95383644104004,449.1980838775635,299.31538581848145,303.46399784088135,299.31538581848145,449.1980838775635,0.46768029034137726,0.6322166621685028,0.46768029034137726,0.9358293414115906,96.6384506225586,145.73408603668213,regular_ge32
2026-08-12T15:33:22.909,275,unlabeled,2,0.218662291765213,63.014137506484985,0.10781675577163696,74.2036817073822,10.96366971731186,126.02827501296997,0.21563351154327393,148.4073634147644,21.92733943462372,137.2178192138672,11.071486473083496,137.2178192138672,21.92733943462372,0.21440284252166747,0.02306559681892395,0.21440284252166747,0.04568195715546608,11.189544200897217,10.855852961540222,tiny_lt16
2026-08-12T15:33:22.909,275,unlabeled,3,0.218662291765213,282.51589703559875,219.38160544633865,305.0457923412323,238.5097844004631,565.0317940711975,438.7632108926773,610.0915846824646,477.0195688009262,587.561689376831,457.89138984680176,587.561689376831,477.0195688009262,0.9180651396512985,0.9539403955141703,0.9180651396512985,0.9937907683352629,22.529895305633545,19.12817895412445,small_16_32
2026-08-12T15:33:23.024,276,unlabeled,1,0.3384403884410858,105.89993095397949,55.69644355773926,202.5383815765381,207.11925888061523,211.79986190795898,111.39288711547852,405.0767631530762,414.23851776123047,308.4383125305176,262.8157024383545,308.4383125305176,414.23851776123047,0.4819348633289337,0.5475327134132385,0.4819348633289337,0.8629969120025635,96.6384506225586,151.42281532287598,regular_ge32
2026-08-12T15:33:23.125,277,unlabeled,1,0.3690716028213501,108.25321102142334,55.13750863075256,200.43140316009521,208.4248526096344,216.50642204284668,110.27501726150513,400.86280632019043,416.8497052192688,308.68461418151855,263.56236124038696,308.68461418151855,416.8497052192688,0.48231970965862275,0.5490882525841395,0.48231970965862275,0.8684368858734767,92.17819213867188,153.28734397888184,regular_ge32
2026-08-12T15:33:23.237,278,unlabeled,1,0.37690892815589905,107.75392532348633,75.88677978515625,199.9321174621582,227.30959510803223,215.50785064697266,151.7735595703125,399.8642349243164,454.61919021606445,307.68604278564453,303.1963748931885,307.68604278564453,454.61919021606445,0.4807594418525696,0.6316591143608093,0.4807594418525696,0.9471233129501343,92.17819213867188,151.42281532287598,regular_ge32
2026-08-12T15:33:23.341,279,unlabeled,1,0.35360580682754517,108.84997177124023,71.67876958847046,201.0281639099121,230.45308351516724,217.69994354248047,143.35753917694092,402.0563278198242,460.9061670303345,309.87813568115234,302.1318531036377,309.87813568115234,460.9061670303345,0.48418458700180056,0.6294413606325785,0.48418458700180056,0.9602211813131968,92.17819213867188,158.77431392669678,regular_ge32
2026-08-12T15:33:23.341,279,unlabeled,2,0.24863308668136597,62.83035135269165,0.17657145857810974,74.38746786117554,11.385117918252945,125.6607027053833,0.3531429171562195,148.77493572235107,22.77023583650589,137.2178192138672,11.561689376831055,137.2178192138672,22.77023583650589,0.21440284252166747,0.02408685286839803,0.21440284252166747,0.04743799132605394,11.557116508483887,11.208546459674835,tiny_lt16
2026-08-12T15:33:23.455,280,unlabeled,1,0.4169939160346985,108.96520900726318,71.3155517578125,201.14340114593506,231.88082313537598,217.93041801452637,142.631103515625,402.2868022918701,463.76164627075195,310.10861015319824,303.1963748931885,310.10861015319824,463.76164627075195,0.4845447033643723,0.6316591143608093,0.4845447033643723,0.9661700963973999,92.17819213867188,160.56527137756348,regular_ge32
2026-08-12T15:33:23.561,281,unlabeled,1,0.4169939160346985,108.61525535583496,72.34484195709229,200.79344749450684,231.11915588378906,217.23051071166992,144.68968391418457,401.5868949890137,462.2383117675781,309.4087028503418,303.46399784088135,309.4087028503418,462.2383117675781,0.48345109820365906,0.6322166621685028,0.48345109820365906,0.9629964828491211,92.17819213867188,158.77431392669678,regular_ge32
2026-08-12T15:33:23.679,282,unlabeled,1,0.3848111629486084,108.84997177124023,74.43269681930542,201.0281639099121,229.56730318069458,217.69994354248047,148.86539363861084,402.0563278198242,459.13460636138916,309.87813568115234,304.0,309.87813568115234,459.13460636138916,0.48418458700180056,0.6333333333333333,0.48418458700180056,0.9565304299195607,92.17819213867188,155.13460636138916,regular_ge32
2026-08-12T15:33:23.679,282,unlabeled,2,0.21299070119857788,62.55593764781952,0.17657145857810974,74.88336193561554,11.385117918252945,125.11187529563904,0.3531429171562195,149.76672387123108,22.77023583650589,137.43929958343506,11.561689376831055,137.43929958343506,22.77023583650589,0.21474890559911727,0.02408685286839803,0.21474890559911727,0.04743799132605394,12.32742428779602,11.208546459674835,tiny_lt16
2026-08-12T15:33:23.781,283,unlabeled,1,0.39277467131614685,106.96112537384033,74.05347013473511,203.59957599639893,231.01732873916626,213.92225074768066,148.10694026947021,407.19915199279785,462.0346574783325,310.56070137023926,305.07079887390137,310.56070137023926,462.0346574783325,0.48525109589099885,0.6355641643206279,0.48525109589099885,0.9625722030798595,96.6384506225586,156.96385860443115,regular_ge32
2026-08-12T15:33:23.781,283,unlabeled,2,0.20742715895175934,62.69139313697815,0.10781675577163696,73.88093733787537,10.96366971731186,125.3827862739563,0.21563351154327393,147.76187467575073,21.92733943462372,136.57233047485352,11.071486473083496,136.57233047485352,21.92733943462372,0.21339426636695863,0.02306559681892395,0.21339426636695863,0.04568195715546608,11.189544200897217,10.855852961540222,tiny_lt16
2026-08-12T15:33:23.781,283,unlabeled,3,0.2019716501235962,282.56022214889526,222.09320944547653,302.43923902511597,238.9906309247017,565.1204442977905,444.18641889095306,604.8784780502319,477.9812618494034,584.9994611740112,461.0838403701782,584.9994611740112,477.9812618494034,0.9140616580843925,0.960591334104538,0.9140616580843925,0.9957942955195904,19.879016876220703,16.89742147922516,small_16_32
2026-08-12T15:33:23.897,284,unlabeled,1,0.3848111629486084,107.60163402557373,71.58332633972168,204.24008464813232,232.14859771728516,215.20326805114746,143.16665267944336,408.48016929626465,464.2971954345703,311.84171867370605,303.73192405700684,311.84171867370605,464.2971954345703,0.4872526854276657,0.6327748417854309,0.4872526854276657,0.9672858238220214,96.6384506225586,160.56527137756348,regular_ge32
2026-08-12T15:33:23.897,284,unlabeled,2,0.2613641023635864,62.587053537368774,0.0,73.77659773826599,11.878582030534744,125.17410707473755,0.0,147.55319547653198,23.75716406106949,136.36365127563477,11.878582030534744,136.36365127563477,23.75716406106949,0.2130682051181793,0.024747045896947383,0.2130682051181793,0.049494091793894766,11.189544200897217,11.878582030534744,tiny_lt16
2026-08-12T15:33:23.998,285,unlabeled,1,0.37690892815589905,107.28863334655762,70.35880374908447,203.9270839691162,234.44482135772705,214.57726669311523,140.71760749816895,407.8541679382324,468.8896427154541,311.2157173156738,304.8036251068115,311.2157173156738,468.8896427154541,0.48627455830574035,0.6350075523058574,0.48627455830574035,0.9768534223238627,96.6384506225586,164.08601760864258,regular_ge32
2026-08-12T15:33:24.112,286,unlabeled,1,0.35360580682754517,108.36193943023682,69.15538740158081,205.0003900527954,233.2414050102234,216.72387886047363,138.31077480316162,410.0007801055908,466.4828100204468,313.3623294830322,302.3967924118042,313.3623294830322,466.4828100204468,0.48962863981723787,0.6299933175245921,0.48962863981723787,0.9718391875425975,96.6384506225586,164.08601760864258,regular_ge32
2026-08-12T15:33:24.215,287,unlabeled,1,0.3848111629486084,107.13519954681396,71.81123924255371,206.04909801483154,230.5855531692505,214.27039909362793,143.62247848510742,412.0981960296631,461.171106338501,313.1842975616455,302.3967924118042,313.1842975616455,461.171106338501,0.4893504649400711,0.6299933175245921,0.4893504649400711,0.9607731382052104,98.91389846801758,158.77431392669678,regular_ge32
2026-08-12T15:33:24.329,288,unlabeled,1,0.35360580682754517,109.11823558807373,59.87665009498596,203.51123142242432,203.685711145401,218.23647117614746,119.75330018997192,407.02246284484863,407.371422290802,312.62946701049805,263.56236124038696,312.62946701049805,407.371422290802,0.4884835422039032,0.5490882525841395,0.4884835422039032,0.8486904631058375,94.39299583435059,143.80906105041504,regular_ge32
2026-08-12T15:33:24.431,289,unlabeled,1,0.400795578956604,105.82340145111084,70.51997423171997,204.73729991912842,231.08524560928345,211.64680290222168,141.03994846343994,409.47459983825684,462.1704912185669,310.56070137023926,301.6052198410034,310.56070137023926,462.1704912185669,0.48525109589099885,0.6283442080020905,0.48525109589099885,0.962855190038681,98.91389846801758,160.56527137756348,regular_ge32
2026-08-12T15:33:24.546,290,unlabeled,1,0.37690892815589905,102.65136814117432,71.28474569320679,208.5643491744995,230.05905961990356,205.30273628234863,142.56949138641357,417.128698348999,460.11811923980713,311.2157173156738,301.34380531311035,311.2157173156738,460.11811923980713,0.48627455830574035,0.6277995944023133,0.48627455830574035,0.9585794150829315,105.9129810333252,158.77431392669678,regular_ge32
2026-08-12T15:33:24.546,290,unlabeled,2,0.20742715895175934,62.64076089859009,0.11908525228500366,74.5770583152771,11.6912060379982,125.28152179718018,0.23817050457000732,149.1541166305542,23.3824120759964,137.2178192138672,11.810291290283203,137.2178192138672,23.3824120759964,0.21440284252166747,0.02460477352142334,0.21440284252166747,0.04871335849165916,11.936297416687012,11.572120785713196,tiny_lt16
2026-08-12T15:33:24.649,291,unlabeled,1,0.37690892815589905,101.97073268890381,72.32068061828613,210.27165699005127,229.28453922271729,203.94146537780762,144.64136123657227,420.54331398010254,458.56907844543457,312.2423896789551,301.6052198410034,312.2423896789551,458.56907844543457,0.48787873387336733,0.6283442080020905,0.48787873387336733,0.955352246761322,108.30092430114746,156.96385860443115,regular_ge32
2026-08-12T15:33:24.761,292,unlabeled,1,0.43337342143058777,106.50317764282227,71.3155517578125,203.14162826538086,231.88082313537598,213.00635528564453,142.631103515625,406.2832565307617,463.76164627075195,309.6448059082031,303.1963748931885,309.6448059082031,463.76164627075195,0.48382000923156737,0.6316591143608093,0.48382000923156737,0.9661700963973999,96.6384506225586,160.56527137756348,regular_ge32
2026-08-12T15:33:24.862,293,unlabeled,1,0.3848111629486084,102.43460083007812,51.35644817352295,208.34758186340332,199.00176906585693,204.86920166015625,102.7128963470459,416.69516372680664,398.00353813171387,310.78218269348145,250.35821723937988,310.78218269348145,398.00353813171387,0.48559716045856477,0.5215796192487081,0.48559716045856477,0.8291740377744039,105.9129810333252,147.64532089233398,regular_ge32
2026-08-12T15:33:24.977,294,unlabeled,1,0.4251631200313568,102.96436882019043,51.58250617980957,208.87734985351562,199.22782707214355,205.92873764038086,103.16501235961914,417.75469970703125,398.4556541442871,311.84171867370605,250.81033325195312,311.84171867370605,398.4556541442871,0.4872526854276657,0.5225215276082357,0.4872526854276657,0.8301159461339315,105.9129810333252,147.64532089233398,regular_ge32
2026-08-12T15:33:25.079,295,unlabeled,1,0.39277467131614685,105.51187324523926,67.76461458206177,206.73051643371582,233.57919073104858,211.02374649047852,135.52922916412354,413.46103286743164,467.15838146209717,312.2423896789551,301.34380531311035,312.2423896789551,467.15838146209717,0.48787873387336733,0.6277995944023133,0.48787873387336733,0.9732466280460358,101.21864318847656,165.81457614898682,regular_ge32
2026-08-12T15:33:25.194,296,unlabeled,1,0.40887001156806946,107.60163402557373,72.8493824005127,204.24008464813232,229.81324100494385,215.20326805114746,145.6987648010254,408.48016929626465,459.6264820098877,311.84171867370605,302.66262340545654,311.84171867370605,459.6264820098877,0.4872526854276657,0.6305471320947011,0.4872526854276657,0.9575551708539327,96.6384506225586,156.96385860443115,regular_ge32
2026-08-12T15:33:25.296,297,unlabeled,1,0.34598395228385925,108.18217754364014,58.463504791259766,204.82062816619873,206.10882568359375,216.36435508728027,116.92700958251953,409.64125633239746,412.2176513671875,313.00280570983887,264.5723304748535,313.00280570983887,412.2176513671875,0.48906688392162323,0.5511923551559448,0.48906688392162323,0.8587867736816406,96.6384506225586,147.64532089233398,regular_ge32
2026-08-12T15:33:25.409,298,unlabeled,1,0.35360580682754517,106.15090942382812,51.654540061950684,205.0648078918457,199.29986095428467,212.30181884765625,103.30908012390137,410.1296157836914,398.59972190856934,311.2157173156738,250.95440101623535,311.2157173156738,398.59972190856934,0.48627455830574035,0.5228216687838236,0.48627455830574035,0.8304160873095194,98.91389846801758,147.64532089233398,regular_ge32
2026-08-12T15:33:25.511,299,unlabeled,1,0.3848111629486084,110.50305271148682,51.50882053375244,202.6812448501587,199.15414142608643,221.00610542297363,103.01764106750488,405.3624897003174,398.30828285217285,313.1842975616455,250.66296195983887,313.1842975616455,398.30828285217285,0.4893504649400711,0.5222145040829976,0.4893504649400711,0.8298089226086934,92.17819213867188,147.64532089233398,regular_ge32
2026-08-12T15:33:25.626,300,unlabeled,1,0.40887001156806946,111.45850563049316,53.069655895233154,203.63669776916504,198.80374193191528,222.91701126098633,106.13931179046631,407.2733955383301,397.60748386383057,315.0952033996582,251.87339782714844,315.0952033996582,397.60748386383057,0.49233625531196595,0.524736245473226,0.49233625531196595,0.8283489247163137,92.17819213867188,145.73408603668213,regular_ge32
2026-08-12T15:33:25.730,301,unlabeled,1,0.39277467131614685,107.39706707000732,51.28325939178467,206.3109655380249,200.82512378692627,214.79413414001465,102.56651878356934,412.6219310760498,401.65024757385254,313.7080326080322,252.10838317871094,313.7080326080322,401.65024757385254,0.49016880095005033,0.5252257982889811,0.49016880095005033,0.8367713491121928,98.91389846801758,149.5418643951416,regular_ge32
2026-08-12T15:33:25.845,302,unlabeled,1,0.40887001156806946,108.27292346954346,52.449275970458984,204.91137409210205,200.09459686279297,216.5458469390869,104.89855194091797,409.8227481842041,400.18919372558594,313.1842975616455,252.54387283325195,313.1842975616455,400.18919372558594,0.4893504649400711,0.5261330684026082,0.4893504649400711,0.833727486928304,96.6384506225586,147.64532089233398,regular_ge32
2026-08-12T15:33:25.947,303,unlabeled,1,0.39277467131614685,104.44285011291504,51.22525119781494,207.9947910308838,200.76711559295654,208.88570022583008,102.45050239562988,415.9895820617676,401.5342311859131,312.4376411437988,251.99236679077148,312.4376411437988,401.5342311859131,0.48818381428718566,0.5249840974807739,0.48818381428718566,0.8365296483039856,103.55194091796875,149.5418643951416,regular_ge32
2026-08-12T15:33:26.058,304,unlabeled,1,0.39277467131614685,106.85778427124023,53.069655895233154,205.7716827392578,198.80374193191528,213.71556854248047,106.13931179046631,411.5433654785156,397.60748386383057,312.62946701049805,251.87339782714844,312.62946701049805,397.60748386383057,0.4884835422039032,0.524736245473226,0.4884835422039032,0.8283489247163137,98.91389846801758,145.73408603668213,regular_ge32
2026-08-12T15:33:26.162,305,unlabeled,1,0.40887001156806946,109.30490493774414,55.17515325546265,203.69790077209473,197.0463433265686,218.60980987548828,110.3503065109253,407.39580154418945,394.0926866531372,313.00280570983887,252.22149658203125,313.00280570983887,394.0926866531372,0.48906688392162323,0.5254614512125652,0.48906688392162323,0.8210264305273692,94.39299583435059,141.87119007110596,regular_ge32
2026-08-12T15:33:26.162,305,unlabeled,2,0.21299070119857788,282.3627305030823,220.9146295785904,303.5286593437195,238.8956617116928,564.7254610061646,441.8292591571808,607.057318687439,477.7913234233856,585.8913898468018,459.8102912902832,585.8913898468018,477.7913234233856,0.9154552966356277,0.9579381068547567,0.9154552966356277,0.9953985904653867,21.165928840637207,17.981032133102417,small_16_32
2026-08-12T15:33:26.276,306,unlabeled,1,0.400795578956604,108.0897045135498,55.28400278091431,204.7281551361084,197.15519285202026,216.1794090270996,110.56800556182861,409.4563102722168,394.3103857040405,312.8178596496582,252.43919563293457,312.8178596496582,394.3103857040405,0.48877790570259094,0.525914990901947,0.48877790570259094,0.8214799702167511,96.6384506225586,141.87119007110596,regular_ge32
2026-08-12T15:33:26.379,307,unlabeled,1,0.3384403884410858,108.08385276794434,56.03544616699219,202.47684860229492,195.9569206237793,216.16770553588867,112.07089233398438,404.95369720458984,391.9138412475586,310.56070137023926,251.99236679077148,310.56070137023926,391.9138412475586,0.48525109589099885,0.5249840974807739,0.48525109589099885,0.816487169265747,94.39299583435059,139.9214744567871,regular_ge32
2026-08-12T15:33:26.494,308,unlabeled,1,0.3690716028213501,110.92355346679688,75.75814056396484,200.91816520690918,229.04548454284668,221.84710693359375,151.5162811279297,401.83633041381836,458.09096908569336,311.84171867370605,304.8036251068115,311.84171867370605,458.09096908569336,0.4872526854276657,0.6350075523058574,0.4872526854276657,0.9543561855951945,89.9946117401123,153.28734397888184,regular_ge32
2026-08-12T15:33:26.596,309,unlabeled,1,0.3690716028213501,110.67935752868652,74.05347013473511,202.8575496673584,231.01732873916626,221.35871505737305,148.10694026947021,405.7150993347168,462.0346574783325,313.5369071960449,305.07079887390137,313.5369071960449,462.0346574783325,0.4899014174938202,0.6355641643206279,0.4899014174938202,0.9625722030798595,92.17819213867188,156.96385860443115,regular_ge32
2026-08-12T15:33:26.707,310,unlabeled,1,0.400795578956604,110.71652889251709,75.23430013656616,200.7111406326294,230.36890649795532,221.43305778503418,150.46860027313232,401.4222812652588,460.73781299591064,311.4276695251465,305.6032066345215,311.4276695251465,460.73781299591064,0.4866057336330414,0.6366733471552531,0.4866057336330414,0.9598704437414806,89.9946117401123,155.13460636138916,regular_ge32
2026-08-12T15:33:26.811,311,unlabeled,1,0.4665374755859375,109.72907829284668,68.42402362823486,201.90727043151855,234.23859977722168,219.45815658569336,136.84804725646973,403.8145408630371,468.47719955444336,311.63634872436523,302.66262340545654,311.63634872436523,468.47719955444336,0.4869317948818207,0.6305471320947011,0.4869317948818207,0.9759941657384237,92.17819213867188,165.81457614898682,regular_ge32
2026-08-12T15:33:26.925,312,unlabeled,1,0.45820698142051697,109.70704555511475,66.19997978210449,199.70165729522705,235.40524005889893,219.4140911102295,132.39995956420898,399.4033145904541,470.81048011779785,309.4087028503418,301.6052198410034,309.4087028503418,470.81048011779785,0.48345109820365906,0.6283442080020905,0.48345109820365906,0.9808551669120789,89.9946117401123,169.20526027679443,regular_ge32
2026-08-12T15:33:27.027,313,unlabeled,1,0.4748867154121399,109.46695137023926,66.03141450881958,199.46156311035156,236.89778470993042,218.93390274047852,132.06282901763916,398.9231262207031,473.79556941986084,308.9285144805908,302.92919921875,308.9285144805908,473.79556941986084,0.4827008038759232,0.6311024983723958,0.4827008038759232,0.9870741029580434,89.9946117401123,170.86637020111084,regular_ge32
2026-08-12T15:33:27.139,314,unlabeled,1,0.5,109.1446123123169,66.03141450881958,196.9874391555786,236.89778470993042,218.2892246246338,132.06282901763916,393.9748783111572,473.79556941986084,306.1320514678955,302.92919921875,306.1320514678955,473.79556941986084,0.4783313304185867,0.6311024983723958,0.4783313304185867,0.9870741029580434,87.84282684326172,170.86637020111084,regular_ge32
2026-08-12T15:33:27.139,314,unlabeled,2,0.2019716501235962,283.7833969593048,221.45643490552902,303.04669547080994,238.35385638475418,567.5667939186096,442.91286981105804,606.0933909416199,476.70771276950836,586.8300924301147,459.8102912902832,586.8300924301147,476.70771276950836,0.9169220194220543,0.9579381068547567,0.9169220194220543,0.9931410682698091,19.263298511505127,16.89742147922516,small_16_32
2026-08-12T15:33:27.242,315,unlabeled,1,0.4748867154121399,105.54461431503296,65.89812660217285,195.53922605514526,236.7644968032837,211.08922863006592,131.7962532043457,391.0784521102905,473.5289936065674,301.0838403701782,302.66262340545654,301.0838403701782,473.5289936065674,0.47044350057840345,0.6305471320947011,0.47044350057840345,0.9865187366803487,89.9946117401123,170.86637020111084,regular_ge32
2026-08-12T15:33:27.356,316,unlabeled,1,0.4748867154121399,103.47540473937988,65.81009912490845,197.86840057373047,235.01535940170288,206.95080947875977,131.6201982498169,395.73680114746094,470.03071880340576,301.34380531311035,300.8254585266113,301.34380531311035,470.03071880340576,0.4708496958017349,0.6267197052637736,0.4708496958017349,0.979230664173762,94.39299583435059,169.20526027679443,regular_ge32
2026-08-12T15:33:27.459,317,unlabeled,1,0.441620409488678,96.30317068099976,67.12936878204346,199.8551115989685,236.3346290588379,192.6063413619995,134.2587375640869,399.710223197937,472.6692581176758,296.15828227996826,303.46399784088135,296.15828227996826,472.6692581176758,0.4627473160624504,0.6322166621685028,0.4627473160624504,0.9847276210784912,103.55194091796875,169.20526027679443,regular_ge32
2026-08-12T15:33:27.573,318,unlabeled,1,0.3848111629486084,97.2694833278656,70.43016529083252,198.48812651634216,232.76620960235596,194.5389666557312,140.86033058166504,396.9762530326843,465.5324192047119,295.75760984420776,303.1963748931885,295.75760984420776,465.5324192047119,0.4621212653815746,0.6316591143608093,0.4621212653815746,0.9698592066764832,101.21864318847656,162.33604431152344,regular_ge32
2026-08-12T15:33:27.678,319,unlabeled,1,0.33097806572914124,96.29028511047363,75.23430013656616,197.5089282989502,230.36890649795532,192.58057022094727,150.46860027313232,395.0178565979004,460.73781299591064,293.7992134094238,305.6032066345215,293.7992134094238,460.73781299591064,0.4590612709522247,0.6366733471552531,0.4590612709522247,0.9598704437414806,101.21864318847656,155.13460636138916,regular_ge32
2026-08-12T15:33:27.790,320,unlabeled,1,0.3690716028213501,92.7811689376831,72.61284303665161,189.4196195602417,231.3871569633484,185.5623378753662,145.22568607330322,378.8392391204834,462.7743139266968,282.2007884979248,304.0,282.2007884979248,462.7743139266968,0.4409387320280075,0.6333333333333333,0.4409387320280075,0.9641131540139516,96.6384506225586,158.77431392669678,regular_ge32
2026-08-12T15:33:27.910,321,unlabeled,1,0.400795578956604,92.30377101898193,82.03926277160645,186.69676685333252,221.96073722839355,184.60754203796387,164.0785255432129,373.39353370666504,443.9214744567871,279.00053787231445,304.0,279.00053787231445,443.9214744567871,0.43593834042549134,0.6333333333333333,0.43593834042549134,0.9248364051183064,94.39299583435059,139.9214744567871,regular_ge32
2026-08-12T15:33:28.013,322,unlabeled,1,0.37690892815589905,87.61160373687744,56.093454360961914,177.60621547698975,196.01492881774902,175.22320747375488,112.18690872192383,355.2124309539795,392.02985763549805,265.2178192138672,252.10838317871094,265.2178192138672,392.02985763549805,0.4144028425216675,0.5252257982889811,0.4144028425216675,0.8167288700739542,89.9946117401123,139.9214744567871,regular_ge32
2026-08-12T15:33:28.013,322,unlabeled,2,0.20742715895175934,282.8618221282959,219.6135075688362,304.69986724853516,238.74168652296066,565.7236442565918,439.2270151376724,609.3997344970703,477.4833730459213,587.561689376831,458.3551940917969,587.561689376831,477.4833730459213,0.9180651396512985,0.9549066543579101,0.9180651396512985,0.9947570271790027,21.838045120239258,19.12817895412445,small_16_32
2026-08-12T15:33:28.126,323,unlabeled,1,0.2880568504333496,80.2338228225708,57.196258306503296,172.41201496124268,202.93034434318542,160.4676456451416,114.39251661300659,344.82402992248535,405.86068868637085,252.64583778381348,260.1266026496887,252.64583778381348,405.86068868637085,0.39475912153720855,0.5419304221868515,0.39475912153720855,0.8455431014299393,92.17819213867188,145.73408603668213,regular_ge32
2026-08-12T15:33:28.229,324,unlabeled,1,0.37690892815589905,76.22661876678467,54.02376651763916,175.14051723480225,209.15837287902832,152.45323753356934,108.04753303527832,350.2810344696045,418.31674575805664,251.3671360015869,263.1821393966675,251.3671360015869,418.31674575805664,0.3927611500024796,0.5482961237430573,0.3927611500024796,0.8714932203292847,98.91389846801758,155.13460636138916,regular_ge32
2026-08-12T15:33:28.229,324,unlabeled,2,0.2019716501235962,283.5663765668869,223.39408838748932,301.6514426469803,239.26853501796722,567.1327531337738,446.78817677497864,603.3028852939606,478.53707003593445,585.2178192138672,462.66262340545654,585.2178192138672,478.53707003593445,0.9144028425216675,0.9638804654280345,0.9144028425216675,0.9969522292415302,18.085066080093384,15.874446630477905,tiny_lt16
2026-08-12T15:33:28.343,325,unlabeled,1,0.40887001156806946,77.74135780334473,56.36412477493286,172.1343536376953,204.00944566726685,155.48271560668945,112.72824954986572,344.2687072753906,408.0188913345337,249.87571144104004,260.3735704421997,249.87571144104004,408.0188913345337,0.39043079912662504,0.5424449384212494,0.39043079912662504,0.8500393569469452,94.39299583435059,147.64532089233398,regular_ge32
2026-08-12T15:33:28.446,326,unlabeled,1,0.36130279302597046,72.90519428253174,53.95116209983826,176.4571352005005,207.2385060787201,145.81038856506348,107.90232419967651,352.914270401001,414.4770121574402,249.36232948303223,261.18966817855835,249.36232948303223,414.4770121574402,0.38962863981723783,0.5441451420386633,0.38962863981723783,0.8634937753280004,103.55194091796875,153.28734397888184,regular_ge32
2026-08-12T15:33:28.561,327,unlabeled,1,0.4251631200313568,74.14503192901611,55.823901891708374,170.7834825515747,205.36576628684998,148.29006385803223,111.64780378341675,341.5669651031494,410.73153257369995,244.92851448059082,261.18966817855835,244.92851448059082,410.73153257369995,0.38270080387592315,0.5441451420386633,0.38270080387592315,0.8556906928618749,96.6384506225586,149.5418643951416,regular_ge32
2026-08-12T15:33:28.664,328,unlabeled,1,0.441620409488678,75.49894905090332,56.77217364311218,172.1373996734619,204.41749453544617,150.99789810180664,113.54434728622437,344.2747993469238,408.83498907089233,247.63634872436523,261.18966817855835,247.63634872436523,408.83498907089233,0.38693179488182067,0.5441451420386633,0.38693179488182067,0.8517395605643591,96.6384506225586,147.64532089233398,regular_ge32
2026-08-12T15:33:28.783,329,unlabeled,1,0.4748867154121399,78.50305271148682,57.157360792160034,170.6812448501587,204.80268168449402,157.00610542297363,114.31472158432007,341.3624897003174,409.60536336898804,249.1842975616455,261.96004247665405,249.1842975616455,409.60536336898804,0.3893504649400711,0.5457500884930293,0.3893504649400711,0.8533445070187251,92.17819213867188,147.64532089233398,regular_ge32
2026-08-12T15:33:28.885,330,unlabeled,1,0.3384403884410858,72.65989398956299,54.67516255378723,178.57287502288818,207.96250653266907,145.31978797912598,109.35032510757446,357.14575004577637,415.92501306533813,251.23276901245117,262.6376690864563,251.23276901245117,415.92501306533813,0.39255120158195494,0.5471618105967839,0.39255120158195494,0.8665104438861211,105.9129810333252,153.28734397888184,regular_ge32
2026-08-12T15:33:28.885,330,unlabeled,2,0.2019716501235962,284.57351446151733,222.74470782279968,301.5483498573303,239.12324166297913,569.1470289230347,445.48941564559937,603.0966997146606,478.24648332595825,586.1218643188477,461.8679494857788,586.1218643188477,478.24648332595825,0.9158154129981995,0.9622248947620392,0.9158154129981995,0.996346840262413,16.97483539581299,16.378533840179443,small_16_32
2026-08-12T15:33:29.005,331,unlabeled,1,0.3848111629486084,80.13454484939575,57.675936222076416,181.35318803787231,205.3212571144104,160.2690896987915,115.35187244415283,362.70637607574463,410.6425142288208,261.48773288726807,262.9971933364868,261.48773288726807,410.6425142288208,0.4085745826363564,0.5479108194510142,0.4085745826363564,0.85550523797671,101.21864318847656,147.64532089233398,regular_ge32
2026-08-12T15:33:29.107,332,unlabeled,1,0.36130279302597046,85.52315187454224,59.18868851661682,179.91614770889282,201.05987858772278,171.04630374908447,118.37737703323364,359.83229541778564,402.11975717544556,265.43929958343506,260.2485671043396,265.43929958343506,402.11975717544556,0.41474890559911726,0.5421845148007075,0.41474890559911726,0.8377494941155116,94.39299583435059,141.87119007110596,regular_ge32
2026-08-12T15:33:29.229,333,unlabeled,1,0.3848111629486084,92.00575828552246,55.38732385635376,184.18395042419434,197.25851392745972,184.01151657104492,110.77464771270752,368.3679008483887,394.51702785491943,276.1897087097168,252.64583778381348,276.1897087097168,394.51702785491943,0.4315464198589325,0.5263454953829447,0.4315464198589325,0.8219104746977488,92.17819213867188,141.87119007110596,regular_ge32
2026-08-12T15:33:29.331,334,unlabeled,1,0.34598395228385925,97.35716819763184,95.94766759872437,183.080472946167,209.92047929763794,194.71433639526367,191.89533519744873,366.160945892334,419.8409585952759,280.4376411437988,305.8681468963623,280.4376411437988,419.8409585952759,0.43818381428718567,0.6372253060340881,0.43818381428718567,0.8746686637401581,85.72330474853516,113.97281169891357,regular_ge32
2026-08-12T15:33:29.450,335,unlabeled,1,0.30910593271255493,92.44922828674316,79.37473011016846,189.08767890930176,227.02005100250244,184.89845657348633,158.7494602203369,378.1753578186035,454.0401020050049,281.5369071960449,306.3947811126709,281.5369071960449,454.0401020050049,0.43990141749382017,0.6383224606513977,0.43990141749382017,0.9459168791770936,96.6384506225586,147.64532089233398,regular_ge32
2026-08-12T15:33:29.553,336,unlabeled,1,0.35360580682754517,101.52315187454224,55.69644355773926,195.91614770889282,207.11925888061523,203.04630374908447,111.39288711547852,391.83229541778564,414.23851776123047,297.43929958343506,262.8157024383545,297.43929958343506,414.23851776123047,0.4647489055991173,0.5475327134132385,0.4647489055991173,0.8629969120025635,94.39299583435059,151.42281532287598,regular_ge32
2026-08-12T15:33:29.667,337,unlabeled,1,0.39277467131614685,107.81058549880981,76.14830255508423,195.65341234207153,231.2829089164734,215.62117099761963,152.29660511016846,391.30682468414307,462.5658178329468,303.46399784088135,307.4312114715576,303.46399784088135,462.5658178329468,0.4741624966263771,0.640481690565745,0.4741624966263771,0.9636787871519724,87.84282684326172,155.13460636138916,regular_ge32
2026-08-12T15:33:29.769,338,unlabeled,1,0.4498997628688812,110.66354084014893,60.74967098236084,198.50636768341064,202.6208610534668,221.32708168029785,121.49934196472168,397.0127353668213,405.2417221069336,309.16990852355957,263.37053203582764,309.16990852355957,405.2417221069336,0.48307798206806185,0.5486886084079743,0.48307798206806185,0.8442535877227784,87.84282684326172,141.87119007110596,regular_ge32
2026-08-12T15:33:29.883,339,unlabeled,1,0.39277467131614685,110.29774284362793,60.9432098865509,198.14056968688965,202.81439995765686,220.59548568725586,121.8864197731018,396.2811393737793,405.6287999153137,308.4383125305176,263.75760984420776,308.4383125305176,405.6287999153137,0.4819348633289337,0.5494950205087662,0.4819348633289337,0.8450599998235703,87.84282684326172,141.87119007110596,regular_ge32
2026-08-12T15:33:29.985,340,unlabeled,1,0.37690892815589905,109.72907829284668,59.88529706001282,201.90727043151855,201.75648713111877,219.45815658569336,119.77059412002563,403.8145408630371,403.51297426223755,311.63634872436523,261.6417841911316,311.63634872436523,403.51297426223755,0.4869317948818207,0.5450870503981908,0.4869317948818207,0.8406520297129949,92.17819213867188,141.87119007110596,regular_ge32
2026-08-12T15:33:30.096,341,unlabeled,1,0.43337342143058777,111.68385887145996,82.78001070022583,201.67847061157227,224.6512007713318,223.36771774291992,165.56002140045166,403.35694122314453,449.3024015426636,313.3623294830322,307.4312114715576,313.3623294830322,449.3024015426636,0.48962863981723787,0.640481690565745,0.48962863981723787,0.9360466698805491,89.9946117401123,141.87119007110596,regular_ge32
2026-08-12T15:33:30.200,342,unlabeled,1,0.400795578956604,112.10308837890625,79.93456029891968,202.09770011901855,225.6686463356018,224.2061767578125,159.86912059783936,404.1954002380371,451.3372926712036,314.2007884979248,305.6032066345215,314.2007884979248,451.3372926712036,0.49093873202800753,0.6366733471552531,0.49093873202800753,0.9402860263983409,89.9946117401123,145.73408603668213,regular_ge32
2026-08-12T15:33:30.314,343,unlabeled,1,0.4251631200313568,112.02267265319824,83.1052885055542,202.01728439331055,223.0267629623413,224.04534530639648,166.2105770111084,404.0345687866211,446.0535259246826,314.0399570465088,306.1320514678955,314.0399570465088,446.0535259246826,0.49068743288516997,0.6377751072247823,0.49068743288516997,0.9292781790097554,89.9946117401123,139.9214744567871,regular_ge32
2026-08-12T15:33:30.416,344,unlabeled,1,0.3848111629486084,111.78662109375,75.49036598205566,203.96481323242188,228.7777099609375,223.5732421875,150.98073196411133,407.92962646484375,457.555419921875,315.7514343261719,304.26807594299316,315.7514343261719,457.555419921875,0.4933616161346436,0.6338918248812357,0.4933616161346436,0.9532404581705729,92.17819213867188,153.28734397888184,regular_ge32
2026-08-12T15:33:30.530,345,unlabeled,1,0.3848111629486084,111.52728843688965,56.31119918823242,203.70548057556152,196.23267364501953,223.0545768737793,112.62239837646484,407.41096115112305,392.46534729003906,315.2327690124512,252.54387283325195,315.2327690124512,392.46534729003906,0.492551201581955,0.5261330684026082,0.492551201581955,0.8176361401875814,92.17819213867188,139.9214744567871,regular_ge32
2026-08-12T15:33:30.633,346,unlabeled,1,0.3690716028213501,112.47989463806152,58.058998584747314,202.47450637817383,194.04938459396362,224.95978927612305,116.11799716949463,404.94901275634766,388.09876918792725,314.95440101623535,252.10838317871094,314.95440101623535,388.09876918792725,0.49211625158786776,0.5252257982889811,0.49211625158786776,0.8085391024748484,89.9946117401123,135.9903860092163,regular_ge32
2026-08-12T15:33:30.745,347,unlabeled,1,0.32359981536865234,114.24446201324463,58.27674341201782,202.08728885650635,194.26712942123413,228.48892402648926,116.55348682403564,404.1745777130127,388.53425884246826,316.331750869751,252.54387283325195,316.331750869751,388.53425884246826,0.4942683607339859,0.5261330684026082,0.4942683607339859,0.8094463725884755,87.84282684326172,135.9903860092163,regular_ge32
2026-08-12T15:33:30.848,348,unlabeled,1,0.2949781119823456,114.35052299499512,58.00099039077759,202.19334983825684,193.9913763999939,228.70104598999023,116.00198078155518,404.3866996765137,387.9827527999878,316.54387283325195,251.99236679077148,316.54387283325195,387.9827527999878,0.4945998013019562,0.5249840974807739,0.4945998013019562,0.8082974016666412,87.84282684326172,135.9903860092163,regular_ge32
2026-08-12T15:33:30.966,349,unlabeled,1,0.2880568504333496,110.00369358062744,73.1482424736023,206.64214420318604,231.92255640029907,220.00738716125488,146.2964849472046,413.28428840637207,463.84511280059814,316.6458377838135,305.07079887390137,316.6458377838135,463.84511280059814,0.4947591215372086,0.6355641643206279,0.4947591215372086,0.9663439850012462,96.6384506225586,158.77431392669678,regular_ge32
2026-08-12T15:33:31.068,350,unlabeled,1,0.31630825996398926,115.4102840423584,55.852477073669434,201.13358879089355,195.77395153045654,230.8205680847168,111.70495414733887,402.2671775817871,391.5479030609131,316.54387283325195,251.62642860412598,316.54387283325195,391.5479030609131,0.4945998013019562,0.5242217262585958,0.4945998013019562,0.8157247980435689,85.72330474853516,139.9214744567871,regular_ge32
2026-08-12T15:33:31.185,351,unlabeled,1,0.33097806572914124,115.4102840423584,55.91497993469238,201.13358879089355,195.8364543914795,230.8205680847168,111.82995986938477,402.2671775817871,391.672908782959,316.54387283325195,251.75143432617188,316.54387283325195,391.672908782959,0.4945998013019562,0.5244821548461914,0.4945998013019562,0.8159852266311646,85.72330474853516,139.9214744567871,regular_ge32
2026-08-12T15:33:31.288,352,unlabeled,1,0.36130279302597046,114.18933486938477,56.15001106262207,202.03216171264648,196.07148551940918,228.37866973876953,112.30002212524414,404.06432342529297,392.14297103881836,316.22149658203125,252.22149658203125,316.22149658203125,392.14297103881836,0.4940960884094238,0.5254614512125652,0.4940960884094238,0.8169645229975383,87.84282684326172,139.9214744567871,regular_ge32
2026-08-12T15:33:31.400,353,unlabeled,1,0.34598395228385925,115.3579454421997,56.093454360961914,201.08125019073486,196.01492881774902,230.7158908843994,112.18690872192383,402.1625003814697,392.02985763549805,316.43919563293457,252.10838317871094,316.43919563293457,392.02985763549805,0.4944362431764603,0.5252257982889811,0.4944362431764603,0.8167288700739542,85.72330474853516,139.9214744567871,regular_ge32
2026-08-12T15:33:31.505,354,unlabeled,1,0.3384403884410858,116.69551658630371,56.205138206481934,200.33202934265137,196.12661266326904,233.39103317260742,112.41027641296387,400.66405868530273,392.2532253265381,317.0275459289551,252.33175086975098,317.0275459289551,392.2532253265381,0.49535554051399233,0.5256911476453145,0.49535554051399233,0.8171942194302877,83.63651275634766,139.9214744567871,regular_ge32
2026-08-12T15:33:31.620,355,unlabeled,1,0.31630825996398926,116.78344440460205,56.093454360961914,200.4199571609497,196.01492881774902,233.5668888092041,112.18690872192383,400.8399143218994,392.02985763549805,317.20340156555176,252.10838317871094,317.20340156555176,392.02985763549805,0.4956303149461746,0.5252257982889811,0.4956303149461746,0.8167288700739542,83.63651275634766,139.9214744567871,regular_ge32
2026-08-12T15:33:31.620,355,unlabeled,2,0.2019716501235962,298.2489581108093,217.69258254766464,319.41488695144653,240.0,596.4979162216187,435.3851650953293,638.8297739028931,480.0,617.6638450622559,457.69258254766464,617.6638450622559,480.0,0.9650997579097748,0.953526213640968,0.9650997579097748,1.0,21.165928840637207,22.307417452335358,small_16_32
2026-08-12T15:33:31.723,356,unlabeled,1,0.33097806572914124,114.35052299499512,54.94012212753296,202.19334983825684,196.81131219863892,228.70104598999023,109.88024425506592,404.3866996765137,393.62262439727783,316.54387283325195,251.75143432617188,316.54387283325195,393.62262439727783,0.4945998013019562,0.5244821548461914,0.4945998013019562,0.8200471341609955,87.84282684326172,141.87119007110596,regular_ge32
2026-08-12T15:33:31.723,356,unlabeled,2,0.2019716501235962,283.0194470882416,219.38160544633865,305.5493423938751,238.5097844004631,566.0388941764832,438.7632108926773,611.0986847877502,477.0195688009262,588.5687894821167,457.89138984680176,588.5687894821167,477.0195688009262,0.9196387335658074,0.9539403955141703,0.9196387335658074,0.9937907683352629,22.529895305633545,19.12817895412445,small_16_32
2026-08-12T15:33:31.834,357,unlabeled,1,0.35360580682754517,113.22229194641113,54.81357717514038,203.21690368652344,196.68476724624634,226.44458389282227,109.62715435028076,406.4338073730469,393.3695344924927,316.43919563293457,251.49834442138672,316.43919563293457,393.3695344924927,0.4944362431764603,0.5239548842112224,0.4944362431764603,0.8195198635260265,89.9946117401123,141.87119007110596,regular_ge32
2026-08-12T15:33:31.939,358,unlabeled,1,0.36130279302597046,111.84760284423828,53.77903747558594,204.02579498291016,197.58809852600098,223.69520568847656,107.55807495117188,408.0515899658203,395.17619705200195,315.87339782714844,251.3671360015869,315.87339782714844,395.17619705200195,0.4935521841049194,0.5236815333366394,0.4935521841049194,0.8232837438583374,92.17819213867188,143.80906105041504,regular_ge32
2026-08-12T15:33:32.054,359,unlabeled,1,0.34598395228385925,111.78662109375,53.50063610076904,203.96481323242188,197.30969715118408,223.5732421875,107.00127220153809,407.92962646484375,394.61939430236816,315.7514343261719,250.81033325195312,315.7514343261719,394.61939430236816,0.4933616161346436,0.5225215276082357,0.4933616161346436,0.8221237381299337,92.17819213867188,143.80906105041504,regular_ge32
2026-08-12T15:33:32.157,360,unlabeled,1,0.35360580682754517,111.84760284423828,53.50063610076904,204.02579498291016,197.30969715118408,223.69520568847656,107.00127220153809,408.0515899658203,394.61939430236816,315.87339782714844,250.81033325195312,315.87339782714844,394.61939430236816,0.4935521841049194,0.5225215276082357,0.4935521841049194,0.8221237381299337,92.17819213867188,143.80906105041504,regular_ge32
2026-08-12T15:33:32.272,361,unlabeled,1,0.3384403884410858,111.9070873260498,54.0321683883667,204.08527946472168,197.84122943878174,223.8141746520996,108.0643367767334,408.17055892944336,395.6824588775635,315.9923667907715,251.87339782714844,315.9923667907715,395.6824588775635,0.49373807311058043,0.524736245473226,0.49373807311058043,0.824338455994924,92.17819213867188,143.80906105041504,regular_ge32
2026-08-12T15:33:32.272,361,unlabeled,2,0.2019716501235962,282.57538533210754,221.16646254062653,303.0884597301483,239.14749467372894,565.1507706642151,442.33292508125305,606.1769194602966,478.2949893474579,585.6638450622559,460.31395721435547,585.6638450622559,478.2949893474579,0.9150997579097748,0.9589874108632406,0.9150997579097748,0.9964478944738706,20.51307439804077,17.981032133102417,small_16_32
2026-08-12T15:33:32.375,362,unlabeled,1,0.32359981536865234,113.05688571929932,56.205138206481934,203.05149745941162,196.12661266326904,226.11377143859863,112.41027641296387,406.10299491882324,392.2532253265381,316.10838317871094,252.33175086975098,316.10838317871094,392.2532253265381,0.4939193487167358,0.5256911476453145,0.4939193487167358,0.8171942194302877,89.9946117401123,139.9214744567871,regular_ge32
2026-08-12T15:33:32.489,363,unlabeled,1,0.33097806572914124,109.49398899078369,57.01575422286987,206.13243961334229,194.9766125679016,218.98797798156738,114.03150844573975,412.26487922668457,389.9532251358032,315.626428604126,251.99236679077148,315.626428604126,389.9532251358032,0.49316629469394685,0.5249840974807739,0.49316629469394685,0.8124025523662567,96.6384506225586,137.96085834503174,regular_ge32
2026-08-12T15:33:32.591,364,unlabeled,1,0.32359981536865234,105.03969287872314,54.33634924888611,210.95267391204834,207.62369322776794,210.0793857574463,108.67269849777222,421.9053478240967,415.2473864555359,315.9923667907715,261.96004247665405,315.9923667907715,415.2473864555359,0.49373807311058043,0.5457500884930293,0.49373807311058043,0.8650987217823665,105.9129810333252,153.28734397888184,regular_ge32
2026-08-12T15:33:32.707,365,unlabeled,1,0.33097806572914124,112.99544954299927,57.31974220275879,211.90934801101685,203.05382823944092,225.99089908599854,114.63948440551758,423.8186960220337,406.10765647888184,324.9047975540161,260.3735704421997,324.9047975540161,406.10765647888184,0.5076637461781501,0.5424449384212494,0.5076637461781501,0.8460576176643372,98.91389846801758,145.73408603668213,regular_ge32
2026-08-12T15:33:32.810,366,unlabeled,1,0.3384403884410858,113.44265747070312,57.31974220275879,212.3565559387207,203.05382823944092,226.88531494140625,114.63948440551758,424.7131118774414,406.10765647888184,325.7992134094238,260.3735704421997,325.7992134094238,406.10765647888184,0.5090612709522248,0.5424449384212494,0.5090612709522248,0.8460576176643372,98.91389846801758,145.73408603668213,regular_ge32
2026-08-12T15:33:32.923,367,unlabeled,1,0.33097806572914124,113.13788485527039,57.31974220275879,212.05178332328796,203.05382823944092,226.27576971054077,114.63948440551758,424.1035666465759,406.10765647888184,325.18966817855835,260.3735704421997,325.18966817855835,406.10765647888184,0.5081088565289974,0.5424449384212494,0.5081088565289974,0.8460576176643372,98.91389846801758,145.73408603668213,regular_ge32
2026-08-12T15:33:33.025,368,unlabeled,1,0.34598395228385925,113.44265747070312,56.70013904571533,212.3565559387207,204.34545993804932,226.88531494140625,113.40027809143066,424.7131118774414,408.69091987609863,325.7992134094238,261.04559898376465,325.7992134094238,408.69091987609863,0.5090612709522248,0.543844997882843,0.5090612709522248,0.8514394164085388,98.91389846801758,147.64532089233398,regular_ge32
2026-08-12T15:33:33.139,369,unlabeled,1,0.3384403884410858,114.91232109069824,56.629738330841064,211.55077171325684,204.27505922317505,229.82464218139648,113.25947666168213,423.1015434265137,408.5501184463501,326.4630928039551,260.9047975540161,326.4630928039551,408.5501184463501,0.5100985825061798,0.5435516615708669,0.5100985825061798,0.8511460800965627,96.6384506225586,147.64532089233398,regular_ge32
2026-08-12T15:33:33.139,369,unlabeled,2,0.20742715895175934,281.8091769218445,220.75730139017105,302.9751057624817,239.30378431081772,563.618353843689,441.5146027803421,605.9502115249634,478.60756862163544,584.7842826843262,460.06108570098877,584.7842826843262,478.60756862163544,0.9137254416942596,0.9584605952103933,0.9137254416942596,0.9970991012950738,21.165928840637207,18.546482920646667,small_16_32
2026-08-12T15:33:33.242,370,unlabeled,1,0.33097806572914124,113.86188530921936,55.89758610725403,212.77578377723694,205.43945050239563,227.72377061843872,111.79517221450806,425.5515675544739,410.87890100479126,326.6376690864563,261.33703660964966,326.6376690864563,410.87890100479126,0.5103713579475879,0.5444521596034367,0.5103713579475879,0.8559977104266484,98.91389846801758,149.5418643951416,regular_ge32
2026-08-12T15:33:33.354,371,unlabeled,1,0.34598395228385925,115.08862590789795,57.58535575866699,211.72707653045654,203.31944179534912,230.1772518157959,115.17071151733398,423.4541530609131,406.63888359069824,326.8157024383545,260.9047975540161,326.8157024383545,406.63888359069824,0.5106495350599289,0.5435516615708669,0.5106495350599289,0.8471643408139546,96.6384506225586,145.73408603668213,regular_ge32
2026-08-12T15:33:33.458,372,unlabeled,1,0.35360580682754517,116.03504848480225,57.65575647354126,210.42804431915283,203.3898425102234,232.0700969696045,115.31151294708252,420.85608863830566,406.7796850204468,326.4630928039551,261.04559898376465,326.4630928039551,406.7796850204468,0.5100985825061798,0.543844997882843,0.5100985825061798,0.8474576771259308,94.39299583435059,145.73408603668213,regular_ge32
2026-08-12T15:33:33.458,372,unlabeled,2,0.2019716501235962,284.41676211357117,222.09512782096863,301.9384319782257,238.47366166114807,568.8335242271423,444.19025564193726,603.8768639564514,476.94732332229614,586.3551940917969,460.5687894821167,586.3551940917969,476.94732332229614,0.9161799907684326,0.9595183114210765,0.9161799907684326,0.9936402569214503,17.52166986465454,16.378533840179443,small_16_32
2026-08-12T15:33:33.572,373,unlabeled,1,0.4251631200313568,116.68230700492859,75.8603777885437,211.07530283927917,232.82423639297485,233.36461400985718,151.7207555770874,422.15060567855835,465.6484727859497,327.75760984420776,308.68461418151855,327.75760984420776,465.6484727859497,0.5121212653815747,0.643092946211497,0.5121212653815747,0.9701009849707286,94.39299583435059,156.96385860443115,regular_ge32
2026-08-12T15:33:33.677,374,unlabeled,1,0.4748867154121399,125.24767017364502,80.16813564300537,208.88418292999268,229.71000003814697,250.49534034729004,160.33627128601074,417.76836585998535,459.42000007629395,334.1318531036377,309.87813568115234,334.1318531036377,459.42000007629395,0.5220810204744339,0.6455794493357341,0.5220810204744339,0.9571250001589457,83.63651275634766,149.5418643951416,regular_ge32
2026-08-12T15:33:33.677,374,unlabeled,2,0.2019716501235962,117.71131753921509,49.1516273021698,214.34976816177368,116.64758610725403,235.42263507843018,98.3032546043396,428.69953632354736,233.29517221450806,332.06108570098877,165.79921340942383,332.06108570098877,233.29517221450806,0.518845446407795,0.34541502793629963,0.518845446407795,0.4860316087802251,96.6384506225586,67.49595880508423,regular_ge32
2026-08-12T15:33:33.798,375,unlabeled,1,0.45820698142051697,120.3647518157959,59.659239053726196,208.20757865905762,201.53042912483215,240.7295036315918,119.31847810745239,416.41515731811523,403.0608582496643,328.5723304748535,261.18966817855835,328.5723304748535,403.0608582496643,0.5133942663669586,0.5441451420386633,0.5133942663669586,0.8397101213534673,87.84282684326172,141.87119007110596,regular_ge32
2026-08-12T15:33:33.901,376,unlabeled,1,0.441620409488678,118.14867854118347,60.56300163269043,208.14329028129578,202.4341917037964,236.29735708236694,121.12600326538086,416.28658056259155,404.8683834075928,326.29196882247925,262.9971933364868,326.29196882247925,404.8683834075928,0.5098312012851238,0.5479108194510142,0.5098312012851238,0.8434757987658182,89.9946117401123,141.87119007110596,regular_ge32
2026-08-12T15:33:34.016,377,unlabeled,1,0.3848111629486084,115.18711733818054,59.35451889038086,209.58011317253113,210.77733421325684,230.37423467636108,118.70903778076172,419.16022634506226,421.5546684265137,324.76723051071167,270.1318531036377,324.76723051071167,421.5546684265137,0.507448797672987,0.5627746939659118,0.507448797672987,0.8782388925552368,94.39299583435059,151.42281532287598,regular_ge32
2026-08-12T15:33:34.117,378,unlabeled,1,0.4169939160346985,114.45115661621094,62.68714714050293,202.29398345947266,212.22901153564453,228.90231323242188,125.37429428100586,404.5879669189453,424.45802307128906,316.7451400756836,274.91615867614746,316.7451400756836,424.45802307128906,0.4949142813682556,0.5727419972419738,0.4949142813682556,0.8842875480651855,87.84282684326172,149.5418643951416,regular_ge32
2026-08-12T15:33:34.231,379,unlabeled,1,0.4748867154121399,112.81590843200684,65.91023254394531,202.81052017211914,215.4520969390869,225.63181686401367,131.82046508789062,405.6210403442383,430.9041938781738,315.626428604126,281.3623294830322,315.626428604126,430.9041938781738,0.49316629469394685,0.5861715197563171,0.49316629469394685,0.8977170705795288,89.9946117401123,149.5418643951416,regular_ge32
2026-08-12T15:33:34.333,380,unlabeled,1,0.40887001156806946,113.17898082733154,71.2840027809143,201.02180767059326,213.15519285202026,226.3579616546631,142.5680055618286,402.0436153411865,426.3103857040405,314.2007884979248,284.43919563293457,314.2007884979248,426.3103857040405,0.49093873202800753,0.5925816575686137,0.49093873202800753,0.8881466368834178,87.84282684326172,141.87119007110596,regular_ge32
2026-08-12T15:33:34.446,381,unlabeled,1,0.4916226267814636,114.68296337127686,80.58280920982361,194.24555110931396,212.60685896873474,229.3659267425537,161.16561841964722,388.49110221862793,425.2137179374695,308.9285144805908,293.18966817855835,308.9285144805908,425.2137179374695,0.4827008038759232,0.6108118087053299,0.4827008038759232,0.8858619123697281,79.56258773803711,132.02404975891113,regular_ge32
2026-08-12T15:33:34.547,382,unlabeled,1,0.4916226267814636,110.29332423210144,86.2559757232666,183.9986445903778,218.28002548217773,220.58664846420288,172.5119514465332,367.9972891807556,436.56005096435547,294.29196882247925,304.53600120544434,294.29196882247925,436.56005096435547,0.45983120128512384,0.6344500025113423,0.45983120128512384,0.9095001061757405,73.70532035827637,132.02404975891113,regular_ge32
2026-08-12T15:33:34.665,383,unlabeled,1,0.39277467131614685,106.76320552825928,87.45870637893677,176.73513889312744,221.46980810165405,213.52641105651855,174.91741275787354,353.4702777862549,442.9396162033081,283.4983444213867,308.9285144805908,283.4983444213867,442.9396162033081,0.44296616315841675,0.6436010718345642,0.44296616315841675,0.9227908670902252,69.97193336486816,134.01110172271729,regular_ge32
2026-08-12T15:33:34.767,384,unlabeled,1,0.4169939160346985,101.9022741317749,88.78832292556763,181.464861869812,240.0,203.8045482635498,177.57664585113525,362.929723739624,480.0,283.3671360015869,328.7883229255676,283.3671360015869,480.0,0.44276115000247956,0.6849756727615992,0.44276115000247956,1.0,79.56258773803711,151.21167707443237,regular_ge32
2026-08-12T15:33:34.880,385,unlabeled,1,0.45820698142051697,99.23045921325684,92.46173429489136,180.81328201293945,240.0,198.46091842651367,184.92346858978271,361.6265640258789,480.0,280.0437412261963,332.46173429489136,280.0437412261963,480.0,0.4375683456659317,0.692628613114357,0.4375683456659317,1.0,81.58282279968262,147.53826570510864,regular_ge32
2026-08-12T15:33:34.984,386,unlabeled,1,0.4498997628688812,101.13281011581421,92.03167772293091,178.70890855789185,240.0,202.26562023162842,184.06335544586182,357.4178171157837,480.0,279.84171867370605,332.0316777229309,279.84171867370605,480.0,0.4372526854276657,0.6917326619227727,0.4372526854276657,1.0,77.57609844207764,147.9683222770691,regular_ge32
2026-08-12T15:33:34.984,386,unlabeled,2,0.27450883388519287,62.83035135269165,0.3109583556652069,74.38746786117554,12.257831126451492,125.6607027053833,0.6219167113304138,148.77493572235107,24.515662252902985,137.2178192138672,12.5687894821167,137.2178192138672,24.515662252902985,0.21440284252166747,0.026184978087743123,0.21440284252166747,0.05107429636021455,11.557116508483887,11.946872770786285,tiny_lt16
2026-08-12T15:33:35.100,387,unlabeled,1,0.45820698142051697,100.13956546783447,92.03167772293091,179.70215320587158,240.0,200.27913093566895,184.06335544586182,359.40430641174316,480.0,279.84171867370605,332.0316777229309,279.84171867370605,480.0,0.4372526854276657,0.6917326619227727,0.4372526854276657,1.0,79.56258773803711,147.9683222770691,regular_ge32
2026-08-12T15:33:35.202,388,unlabeled,1,0.4665374755859375,102.0659670829773,94.44534015655518,179.64206552505493,240.0,204.1319341659546,188.89068031311035,359.28413105010986,480.0,281.7080326080322,334.4453401565552,281.7080326080322,480.0,0.44016880095005034,0.6967611253261566,0.44016880095005034,1.0,77.57609844207764,145.55465984344482,regular_ge32
2026-08-12T15:33:35.319,389,unlabeled,1,0.3690716028213501,102.09442329406738,93.09019565582275,181.6570110321045,240.0,204.18884658813477,186.1803913116455,363.314022064209,480.0,283.7514343261719,333.09019565582275,283.7514343261719,480.0,0.44336161613464353,0.6939379076162974,0.44336161613464353,1.0,79.56258773803711,146.90980434417725,regular_ge32
2026-08-12T15:33:35.421,390,unlabeled,1,0.35360580682754517,100.89215660095215,95.57137489318848,182.47497940063477,240.0,201.7843132019043,191.14274978637695,364.94995880126953,480.0,283.3671360015869,335.5713748931885,283.3671360015869,480.0,0.44276115000247956,0.699107031027476,0.44276115000247956,1.0,81.58282279968262,144.42862510681152,regular_ge32
2026-08-12T15:33:35.538,391,unlabeled,1,0.5334624648094177,115.68614029884338,99.1497745513916,178.60582852363586,240.0,231.37228059768677,198.2995491027832,357.21165704727173,480.0,294.29196882247925,339.1497745513916,294.29196882247925,480.0,0.45983120128512384,0.7065620303153992,0.45983120128512384,1.0,62.91968822479248,140.8502254486084,regular_ge32
2026-08-12T15:33:35.641,392,unlabeled,1,0.5666266083717346,117.95520210266113,101.91842126846313,180.8748903274536,240.0,235.91040420532227,203.83684253692627,361.7497806549072,480.0,298.83009243011475,341.91842126846313,298.83009243011475,480.0,0.4669220194220543,0.7123300443092982,0.4669220194220543,1.0,62.91968822479248,138.08157873153687,regular_ge32
2026-08-12T15:33:35.753,393,unlabeled,1,0.5501002073287964,120.61860942840576,104.76874303817749,185.24953746795654,240.0,241.23721885681152,209.53748607635498,370.4990749359131,480.0,305.8681468963623,344.7687430381775,305.8681468963623,480.0,0.4779189795255661,0.7182682146628697,0.4779189795255661,1.0,64.63092803955078,135.2312569618225,regular_ge32
2026-08-12T15:33:35.857,394,unlabeled,1,0.5251132845878601,121.27591180801392,107.21404695510864,187.6526026725769,240.0,242.55182361602783,214.42809391021729,375.3052053451538,480.0,308.9285144805908,347.21404695510864,308.9285144805908,480.0,0.4827008038759232,0.723362597823143,0.4827008038759232,1.0,66.37669086456299,132.78595304489136,regular_ge32
2026-08-12T15:33:35.961,395,unlabeled,1,0.5334624648094177,121.73966217041016,106.32772588729858,189.89668655395508,240.0,243.4793243408203,212.65545177459717,379.79337310791016,480.0,311.63634872436523,346.3277258872986,311.63634872436523,480.0,0.4869317948818207,0.7215160955985387,0.4869317948818207,1.0,68.15702438354492,133.67227411270142,regular_ge32
2026-08-12T15:33:36.073,396,unlabeled,1,0.5334624648094177,122.68994140625,106.32772588729858,190.84696578979492,240.0,245.3798828125,212.65545177459717,381.69393157958984,480.0,313.5369071960449,346.3277258872986,313.5369071960449,480.0,0.4899014174938202,0.7215160955985387,0.4899014174938202,1.0,68.15702438354492,133.67227411270142,regular_ge32
2026-08-12T15:33:36.175,397,unlabeled,1,0.4251631200313568,122.04268264770508,106.68970727920532,190.19970703125,240.0,244.08536529541016,213.37941455841064,380.3994140625,480.0,312.2423896789551,346.6897072792053,312.2423896789551,480.0,0.48787873387336733,0.7222702234983445,0.48787873387336733,1.0,68.15702438354492,133.31029272079468,regular_ge32
2026-08-12T15:33:36.289,398,unlabeled,1,0.43337342143058777,121.20183849334717,106.68970727920532,189.3588628768921,240.0,242.40367698669434,213.37941455841064,378.7177257537842,480.0,310.56070137023926,346.6897072792053,310.56070137023926,480.0,0.48525109589099885,0.7222702234983445,0.48525109589099885,1.0,68.15702438354492,133.31029272079468,regular_ge32
2026-08-12T15:33:36.391,399,unlabeled,1,0.4498997628688812,120.75056171417236,107.5082221031189,185.38148975372314,240.0,241.50112342834473,215.0164442062378,370.7629795074463,480.0,306.1320514678955,347.5082221031189,306.1320514678955,480.0,0.4783313304185867,0.723975462714831,0.4783313304185867,1.0,64.63092803955078,132.4917778968811,regular_ge32
2026-08-12T15:33:36.391,399,unlabeled,2,0.20742715895175934,62.863773822784424,0.9001046419143677,74.80007123947144,11.413852572441101,125.72754764556885,1.8002092838287354,149.60014247894287,22.827705144882202,137.66384506225586,12.313957214355469,137.66384506225586,22.827705144882202,0.21509975790977479,0.025654077529907227,0.21509975790977479,0.04755771905183792,11.936297416687012,10.513747930526733,tiny_lt16
2026-08-12T15:33:36.504,400,unlabeled,1,0.4748867154121399,121.53109931945801,111.11446988582611,181.13152408599854,240.0,243.06219863891602,222.22893977165222,362.26304817199707,480.0,302.66262340545654,351.1144698858261,302.66262340545654,480.0,0.47291034907102586,0.7314884789288044,0.47291034907102586,1.0,59.60042476654053,128.8855301141739,regular_ge32
2026-08-12T15:33:36.606,401,unlabeled,1,0.45820698142051697,122.09707880020142,110.08635139465332,176.97440767288208,240.0,244.19415760040283,220.17270278930664,353.94881534576416,480.0,299.0714864730835,350.0863513946533,299.0714864730835,480.0,0.467299197614193,0.7293465654055278,0.467299197614193,1.0,54.877328872680664,129.91364860534668,regular_ge32
2026-08-12T15:33:36.719,402,unlabeled,1,0.37690892815589905,118.50252962112427,111.0798773765564,176.49466371536255,240.0,237.00505924224854,222.1597547531128,352.9893274307251,480.0,294.9971933364868,351.0798773765564,294.9971933364868,480.0,0.46093311458826064,0.7314164112011592,0.46093311458826064,1.0,57.99213409423828,128.9201226234436,regular_ge32
2026-08-12T15:33:36.719,402,unlabeled,2,0.20742715895175934,62.42399263381958,0.27886927127838135,74.36029005050659,10.792617201805115,124.84798526763916,0.5577385425567627,148.72058010101318,21.58523440361023,136.78428268432617,11.071486473083496,136.78428268432617,21.58523440361023,0.21372544169425964,0.02306559681892395,0.21372544169425964,0.044969238340854645,11.936297416687012,10.513747930526733,tiny_lt16
2026-08-12T15:33:36.821,403,unlabeled,1,0.3848111629486084,117.79085731506348,110.4361081123352,177.391282081604,240.0,235.58171463012695,220.8722162246704,354.782564163208,480.0,295.1821393966675,350.4361081123352,295.1821393966675,480.0,0.4612220928072929,0.7300752252340317,0.4612220928072929,1.0,59.60042476654053,129.5638918876648,regular_ge32
2026-08-12T15:33:36.821,403,unlabeled,2,0.24863308668136597,62.72117233276367,0.7290521264076233,74.27828884124756,11.584905087947845,125.44234466552734,1.4581042528152466,148.55657768249512,23.16981017589569,136.99946117401123,12.313957214355469,136.99946117401123,23.16981017589569,0.21406165808439254,0.025654077529907227,0.21406165808439254,0.048270437866449356,11.557116508483887,10.855852961540222,tiny_lt16
2026-08-12T15:33:36.934,404,unlabeled,1,0.3848111629486084,115.32436001300812,111.47420263290405,176.5672551393509,240.0,230.64872002601624,222.9484052658081,353.1345102787018,480.0,291.891615152359,351.47420263290405,291.891615152359,480.0,0.456080648675561,0.7322379221518834,0.456080648675561,1.0,61.24289512634277,128.52579736709595,regular_ge32
2026-08-12T15:33:37.036,405,unlabeled,1,0.3848111629486084,115.20867419242859,110.48067665100098,178.12836241722107,240.0,230.41734838485718,220.96135330200195,356.25672483444214,480.0,293.33703660964966,350.480676651001,293.33703660964966,480.0,0.45833911970257757,0.730168076356252,0.45833911970257757,1.0,62.91968822479248,129.51932334899902,regular_ge32
2026-08-12T15:33:37.149,406,unlabeled,1,0.35360580682754517,114.72694110870361,110.57353723049164,177.6466293334961,240.0,229.45388221740723,221.14707446098328,355.2932586669922,480.0,292.3735704421997,350.57353723049164,292.3735704421997,480.0,0.456833703815937,0.7303615358968576,0.456833703815937,1.0,62.91968822479248,129.42646276950836,regular_ge32
2026-08-12T15:33:37.251,407,unlabeled,1,0.3848111629486084,114.66455721855164,110.48067665100098,179.29548525810242,240.0,229.32911443710327,220.96135330200195,358.59097051620483,480.0,293.96004247665405,350.480676651001,293.96004247665405,480.0,0.45931256636977197,0.730168076356252,0.45931256636977197,1.0,64.63092803955078,129.51932334899902,regular_ge32
2026-08-12T15:33:37.371,408,unlabeled,1,0.45820698142051697,115.20867419242859,111.7683779001236,178.12836241722107,240.0,230.41734838485718,223.5367558002472,356.25672483444214,480.0,293.33703660964966,351.7683779001236,293.33703660964966,480.0,0.45833911970257757,0.7328507872919242,0.45833911970257757,1.0,62.91968822479248,128.2316220998764,regular_ge32
2026-08-12T15:33:37.474,409,unlabeled,1,0.5334624648094177,117.98096823692322,112.0512764453888,177.58139300346375,240.0,235.96193647384644,224.1025528907776,355.1627860069275,480.0,295.56236124038696,352.0512764453888,295.56236124038696,480.0,0.46181618943810465,0.7334401592612266,0.46181618943810465,1.0,59.60042476654053,127.9487235546112,regular_ge32
2026-08-12T15:33:37.474,409,unlabeled,2,0.2019716501235962,62.55593764781952,0.6482716798782349,74.88336193561554,11.162019610404968,125.11187529563904,1.2965433597564697,149.76672387123108,22.324039220809937,137.43929958343506,11.810291290283203,137.43929958343506,22.324039220809937,0.21474890559911727,0.02460477352142334,0.21474890559911727,0.04650841504335403,12.32742428779602,10.513747930526733,tiny_lt16
2026-08-12T15:33:37.590,410,unlabeled,1,0.45820698142051697,121.32682228088379,111.22440731525421,177.7446641921997,240.0,242.65364456176758,222.44881463050842,355.4893283843994,480.0,299.0714864730835,351.2244073152542,299.0714864730835,480.0,0.467299197614193,0.731717515240113,0.467299197614193,1.0,56.41784191131592,128.7755926847458,regular_ge32
2026-08-12T15:33:37.590,410,unlabeled,2,0.2019716501235962,284.02604365348816,220.54522716999054,303.2893421649933,238.52625930309296,568.0520873069763,441.0904543399811,606.5786843299866,477.0525186061859,587.3153858184814,459.0714864730835,587.3153858184814,477.0525186061859,0.9176802903413772,0.9563989301522573,0.9176802903413772,0.9938594137628873,19.263298511505127,17.981032133102417,small_16_32
2026-08-12T15:33:37.694,411,unlabeled,1,0.5,123.21996259689331,110.35056912899017,176.5903286933899,240.0,246.43992519378662,220.70113825798035,353.1806573867798,480.0,299.8102912902832,350.3505691289902,299.8102912902832,480.0,0.4684535801410675,0.7298970190187295,0.4684535801410675,1.0,53.37036609649658,129.64943087100983,regular_ge32
2026-08-12T15:33:37.810,412,unlabeled,1,0.5,122.97406482696533,111.47420263290405,177.851393699646,240.0,245.94812965393066,222.9484052658081,355.702787399292,480.0,300.8254585266113,351.47420263290405,300.8254585266113,480.0,0.4700397789478302,0.7322379221518834,0.4700397789478302,1.0,54.877328872680664,128.52579736709595,regular_ge32
2026-08-12T15:33:37.810,412,unlabeled,2,0.218662291765213,62.46650588512421,0.053419679403305054,75.19733917713165,11.26196613907814,124.93301177024841,0.10683935880661011,150.3946783542633,22.52393227815628,137.66384506225586,11.315385818481445,137.66384506225586,22.52393227815628,0.21509975790977479,0.02357372045516968,0.21509975790977479,0.046924858912825586,12.730833292007446,11.208546459674835,tiny_lt16
2026-08-12T15:33:37.911,413,unlabeled,1,0.4498997628688812,123.98671960830688,111.2631870508194,177.35708570480347,240.0,247.97343921661377,222.5263741016388,354.71417140960693,480.0,301.34380531311035,351.2631870508194,301.34380531311035,480.0,0.4708496958017349,0.7317983063558737,0.4708496958017349,1.0,53.37036609649658,128.7368129491806,regular_ge32
2026-08-12T15:33:37.911,413,unlabeled,2,0.2019716501235962,62.24349296092987,0.10781675577163696,74.97432625293732,10.96366971731186,124.48698592185974,0.21563351154327393,149.94865250587463,21.92733943462372,137.2178192138672,11.071486473083496,137.2178192138672,21.92733943462372,0.21440284252166747,0.02306559681892395,0.21440284252166747,0.04568195715546608,12.730833292007446,10.855852961540222,tiny_lt16
2026-08-12T15:33:38.028,414,unlabeled,1,0.5083773732185364,122.73593187332153,113.47073173522949,180.72806596755981,240.0,245.47186374664307,226.94146347045898,361.45613193511963,480.0,303.46399784088135,353.4707317352295,303.46399784088135,480.0,0.4741624966263771,0.7363973577817281,0.4741624966263771,1.0,57.99213409423828,126.52926826477051,regular_ge32
2026-08-12T15:33:38.028,414,unlabeled,2,0.218662291765213,62.53158187866211,0.35291820764541626,74.46787929534912,11.208771169185638,125.06316375732422,0.7058364152908325,148.93575859069824,22.417542338371277,136.99946117401123,11.561689376831055,136.99946117401123,22.417542338371277,0.21406165808439254,0.02408685286839803,0.21406165808439254,0.04670321320494016,11.936297416687012,10.855852961540222,tiny_lt16
2026-08-12T15:33:38.130,415,unlabeled,1,0.5,123.67262077331543,112.6122716665268,181.6647548675537,240.0,247.34524154663086,225.2245433330536,363.3295097351074,480.0,305.33737564086914,352.6122716665268,305.33737564086914,480.0,0.477089649438858,0.7346088993052642,0.477089649438858,1.0,57.99213409423828,127.3877283334732,regular_ge32
2026-08-12T15:33:38.130,415,unlabeled,2,0.23032912611961365,62.55593764781952,0.22976642847061157,74.88336193561554,11.085619390010834,125.11187529563904,0.45953285694122314,149.76672387123108,22.171238780021667,137.43929958343506,11.315385818481445,137.43929958343506,22.171238780021667,0.21474890559911727,0.02357372045516968,0.21474890559911727,0.04619008079171181,12.32742428779602,10.855852961540222,tiny_lt16
2026-08-12T15:33:38.250,416,unlabeled,1,0.5167500376701355,126.01023530960083,112.87409257888794,182.42807722091675,240.0,252.02047061920166,225.74818515777588,364.8561544418335,480.0,308.4383125305176,352.87409257888794,308.4383125305176,480.0,0.4819348633289337,0.7351543595393498,0.4819348633289337,1.0,56.41784191131592,127.12590742111206,regular_ge32
2026-08-12T15:33:38.250,416,unlabeled,2,0.24242530763149261,62.863773822784424,0.42626962065696716,74.80007123947144,11.634816080331802,125.72754764556885,0.8525392413139343,149.60014247894287,23.269632160663605,137.66384506225586,12.06108570098877,137.66384506225586,23.269632160663605,0.21509975790977479,0.025127261877059937,0.21509975790977479,0.04847840033471584,11.936297416687012,11.208546459674835,tiny_lt16
2026-08-12T15:33:38.352,417,unlabeled,1,0.5083773732185364,129.62955045700073,114.10878777503967,182.99991655349731,240.0,259.25910091400146,228.21757555007935,365.99983310699463,480.0,312.62946701049805,354.1087877750397,312.62946701049805,480.0,0.4884835422039032,0.7377266411979994,0.4884835422039032,1.0,53.37036609649658,125.89121222496033,regular_ge32
2026-08-12T15:33:38.352,417,unlabeled,2,0.2613641023635864,62.86953890323639,0.0,73.70279157161713,11.44375330209732,125.73907780647278,0.0,147.40558314323425,22.88750660419464,136.57233047485352,11.44375330209732,136.57233047485352,22.88750660419464,0.21339426636695863,0.023841152712702752,0.21339426636695863,0.047682305425405504,10.833252668380737,11.44375330209732,tiny_lt16
2026-08-12T15:33:38.476,418,unlabeled,1,0.5417929887771606,128.92267560958862,115.96642708778381,182.2930417060852,240.0,257.84535121917725,231.93285417556763,364.5860834121704,480.0,311.2157173156738,355.9664270877838,311.2157173156738,480.0,0.48627455830574035,0.7415967230995496,0.48627455830574035,1.0,53.37036609649658,124.03357291221619,regular_ge32
2026-08-12T15:33:38.476,418,unlabeled,2,0.24242530763149261,62.79736924171448,0.22976642847061157,73.9869134426117,11.085619390010834,125.59473848342896,0.45953285694122314,147.9738268852234,22.171238780021667,136.78428268432617,11.315385818481445,136.78428268432617,22.171238780021667,0.21372544169425964,0.02357372045516968,0.21372544169425964,0.04619008079171181,11.189544200897217,10.855852961540222,tiny_lt16
2026-08-12T15:33:38.579,419,unlabeled,1,0.558379590511322,128.16919422149658,115.73027229309082,183.04652309417725,240.0,256.33838844299316,231.46054458618164,366.0930461883545,480.0,311.2157173156738,355.7302722930908,311.2157173156738,480.0,0.48627455830574035,0.7411047339439392,0.48627455830574035,1.0,54.877328872680664,124.26972770690918,regular_ge32
2026-08-12T15:33:38.579,419,unlabeled,2,0.2019716501235962,282.45263290405273,221.44124501943588,302.33164978027344,238.8727121949196,564.9052658081055,442.88249003887177,604.6632995605469,477.7454243898392,584.7842826843262,460.31395721435547,584.7842826843262,477.7454243898392,0.9137254416942596,0.9589874108632406,0.9137254416942596,0.9953029674788316,19.879016876220703,17.431467175483704,small_16_32
2026-08-12T15:33:38.698,420,unlabeled,1,0.5748369097709656,125.34624004364014,115.73027229309082,183.33837413787842,240.0,250.69248008728027,231.46054458618164,366.67674827575684,480.0,308.68461418151855,355.7302722930908,308.68461418151855,480.0,0.48231970965862275,0.7411047339439392,0.48231970965862275,1.0,57.99213409423828,124.26972770690918,regular_ge32
2026-08-12T15:33:38.698,420,unlabeled,2,0.22444185614585876,62.75150108337402,0.4772191643714905,74.68779850006104,11.333072125911713,125.50300216674805,0.954438328742981,149.37559700012207,22.666144251823425,137.43929958343506,11.810291290283203,137.43929958343506,22.666144251823425,0.21474890559911727,0.02460477352142334,0.21474890559911727,0.04722113385796547,11.936297416687012,10.855852961540222,tiny_lt16
2026-08-12T15:33:38.803,421,unlabeled,1,0.5830061435699463,126.38084268569946,115.8860125541687,179.75120878219604,240.0,252.76168537139893,231.7720251083374,359.5024175643921,480.0,306.1320514678955,355.8860125541687,306.1320514678955,480.0,0.4783313304185867,0.7414291928211848,0.4783313304185867,1.0,53.37036609649658,124.1139874458313,regular_ge32
2026-08-12T15:33:38.803,421,unlabeled,2,0.24242530763149261,62.941091537475586,0.17657145857810974,74.49820804595947,11.385117918252945,125.88218307495117,0.3531429171562195,148.99641609191895,22.77023583650589,137.43929958343506,11.561689376831055,137.43929958343506,22.77023583650589,0.21474890559911727,0.02408685286839803,0.21474890559911727,0.04743799132605394,11.557116508483887,11.208546459674835,tiny_lt16
2026-08-12T15:33:38.922,422,unlabeled,1,0.5911299586296082,119.85748052597046,115.57557392120361,179.457905292511,240.0,239.71496105194092,231.15114784240723,358.915810585022,480.0,299.31538581848145,355.5755739212036,299.31538581848145,480.0,0.46768029034137726,0.7407824456691742,0.46768029034137726,1.0,59.60042476654053,124.42442607879639,regular_ge32
2026-08-12T15:33:38.922,422,unlabeled,2,0.2019716501235962,284.3215833902359,225.37362283468246,300.2507470846176,240.0,568.6431667804718,450.74724566936493,600.5014941692352,480.0,584.5723304748535,465.37362283468246,584.5723304748535,480.0,0.9133942663669586,0.9695283809055885,0.9133942663669586,1.0,15.929163694381714,14.626377165317535,tiny_lt16
2026-08-12T15:33:39.025,423,unlabeled,1,0.5417929887771606,120.23033046722412,116.30524039268494,179.83075523376465,240.0,240.46066093444824,232.61048078536987,359.6615104675293,480.0,300.06108570098877,356.30524039268494,300.06108570098877,480.0,0.46884544640779496,0.7423025841514269,0.46884544640779496,1.0,59.60042476654053,123.69475960731506,regular_ge32
2026-08-12T15:33:39.025,423,unlabeled,2,0.24863308668136597,63.148181319236755,0.27886927127838135,73.63610136508942,10.792617201805115,126.29636263847351,0.5577385425567627,147.27220273017883,21.58523440361023,136.78428268432617,11.071486473083496,136.78428268432617,21.58523440361023,0.21372544169425964,0.02306559681892395,0.21372544169425964,0.044969238340854645,10.487920045852661,10.513747930526733,tiny_lt16
2026-08-12T15:33:39.148,424,unlabeled,1,0.5748369097709656,118.98206233978271,117.37854719161987,176.974196434021,240.0,237.96412467956543,234.75709438323975,353.948392868042,480.0,295.9562587738037,357.3785471916199,295.9562587738037,480.0,0.4624316543340683,0.7445386399825414,0.4624316543340683,1.0,57.99213409423828,122.62145280838013,regular_ge32
2026-08-12T15:33:39.148,424,unlabeled,2,0.2019716501235962,63.12487769126892,0.5667211711406708,74.31442189216614,10.748664647340775,126.24975538253784,1.1334423422813416,148.62884378433228,21.49732929468155,137.43929958343506,11.315385818481445,137.43929958343506,21.49732929468155,0.21474890559911727,0.02357372045516968,0.21474890559911727,0.04478610269725323,11.189544200897217,10.181943476200104,tiny_lt16
2026-08-12T15:33:39.250,425,unlabeled,1,0.5417929887771606,119.19893026351929,119.49444580078125,175.6167721748352,240.0,238.39786052703857,238.9888916015625,351.2335443496704,480.0,294.8157024383545,359.49444580078125,294.8157024383545,480.0,0.4606495350599289,0.7489467620849609,0.4606495350599289,1.0,56.41784191131592,120.50555419921875,regular_ge32
2026-08-12T15:33:39.250,425,unlabeled,2,0.2363237887620926,63.255770564079285,0.32407447695732117,73.74369060993195,10.506017953157425,126.51154112815857,0.6481489539146423,147.4873812198639,21.01203590631485,136.99946117401123,10.830092430114746,136.99946117401123,21.01203590631485,0.21406165808439254,0.022562692562739056,0.21406165808439254,0.0437750748048226,10.487920045852661,10.181943476200104,tiny_lt16
2026-08-12T15:33:39.371,426,unlabeled,1,0.5251132845878601,117.98395419120789,119.38685655593872,175.97608828544617,240.0,235.96790838241577,238.77371311187744,351.95217657089233,480.0,293.96004247665405,359.3868565559387,293.96004247665405,480.0,0.45931256636977197,0.7487226178248724,0.45931256636977197,1.0,57.99213409423828,120.61314344406128,regular_ge32
2026-08-12T15:33:39.371,426,unlabeled,2,0.2949781119823456,63.014137506484985,0.17657145857810974,74.2036817073822,11.385117918252945,126.02827501296997,0.3531429171562195,148.4073634147644,22.77023583650589,137.2178192138672,11.561689376831055,137.2178192138672,22.77023583650589,0.21440284252166747,0.02408685286839803,0.21440284252166747,0.04743799132605394,11.189544200897217,11.208546459674835,tiny_lt16
2026-08-12T15:33:39.474,427,unlabeled,1,0.4832499325275421,118.31387853622437,122.30093383789062,174.73172044754028,240.0,236.62775707244873,244.60186767578125,349.46344089508057,480.0,293.04559898376465,362.3009338378906,293.04559898376465,480.0,0.45788374841213225,0.7547936121622721,0.45788374841213225,1.0,56.41784191131592,117.69906616210938,regular_ge32
2026-08-12T15:33:39.474,427,unlabeled,2,0.2949781119823456,62.79736924171448,0.0,73.9869134426117,11.44375330209732,125.59473848342896,0.0,147.9738268852234,22.88750660419464,136.78428268432617,11.44375330209732,136.78428268432617,22.88750660419464,0.21372544169425964,0.023841152712702752,0.21372544169425964,0.047682305425405504,11.189544200897217,11.44375330209732,tiny_lt16
2026-08-12T15:33:39.592,428,unlabeled,1,0.5334624648094177,118.69068574905396,121.41504621505737,175.10852766036987,240.0,237.3813714981079,242.83009243011475,350.21705532073975,480.0,293.7992134094238,361.4150462150574,293.7992134094238,480.0,0.4590612709522247,0.7529480129480361,0.4590612709522247,1.0,56.41784191131592,118.58495378494263,regular_ge32
2026-08-12T15:33:39.592,428,unlabeled,2,0.2549463212490082,62.83035135269165,0.0,74.38746786117554,11.44375330209732,125.6607027053833,0.0,148.77493572235107,22.88750660419464,137.2178192138672,11.44375330209732,137.2178192138672,22.88750660419464,0.21440284252166747,0.023841152712702752,0.21440284252166747,0.047682305425405504,11.557116508483887,11.44375330209732,tiny_lt16
2026-08-12T15:33:39.695,429,unlabeled,1,0.558379590511322,117.69838428497314,120.83192253112793,177.29880905151367,240.0,235.3967685699463,241.66384506225586,354.59761810302734,480.0,294.9971933364868,360.83192253112793,294.9971933364868,480.0,0.46093311458826064,0.7517331719398499,0.46093311458826064,1.0,59.60042476654053,119.16807746887207,regular_ge32
2026-08-12T15:33:39.695,429,unlabeled,2,0.23032912611961365,62.72117233276367,0.0,74.27828884124756,11.44375330209732,125.44234466552734,0.0,148.55657768249512,22.88750660419464,136.99946117401123,11.44375330209732,136.99946117401123,22.88750660419464,0.21406165808439254,0.023841152712702752,0.21406165808439254,0.047682305425405504,11.557116508483887,11.44375330209732,tiny_lt16
2026-08-12T15:33:39.695,429,unlabeled,3,0.2019716501235962,282.29703998565674,218.3288306593895,306.27174949645996,238.67063051462173,564.5940799713135,436.657661318779,612.5434989929199,477.34126102924347,588.5687894821167,456.99946117401123,588.5687894821167,477.34126102924347,0.9196387335658074,0.9520822107791901,0.9196387335658074,0.9944609604775906,23.974709510803223,20.34179985523224,small_16_32
2026-08-12T15:33:39.811,430,unlabeled,1,0.5666266083717346,119.57225966453552,117.48859214782715,175.99010157585144,240.0,239.14451932907104,234.9771842956543,351.9802031517029,480.0,295.56236124038696,357.48859214782715,295.56236124038696,480.0,0.46181618943810465,0.7447679003079732,0.46181618943810465,1.0,56.41784191131592,122.51140785217285,regular_ge32
2026-08-12T15:33:39.811,430,unlabeled,2,0.218662291765213,283.2380886077881,220.5799154639244,303.1171054840088,238.0113826394081,566.4761772155762,441.1598309278488,606.2342109680176,476.0227652788162,586.3551940917969,458.5912981033325,586.3551940917969,476.0227652788162,0.9161799907684326,0.955398537715276,0.9161799907684326,0.9917140943308671,19.879016876220703,17.431467175483704,small_16_32
2026-08-12T15:33:39.913,431,unlabeled,1,0.5417929887771606,119.61284255981445,114.9645254611969,177.60497665405273,240.0,239.2256851196289,229.9290509223938,355.20995330810547,480.0,297.2178192138672,354.9645254611969,297.2178192138672,480.0,0.46440284252166747,0.7395094280441602,0.46440284252166747,1.0,57.99213409423828,125.0354745388031,regular_ge32
2026-08-12T15:33:40.026,432,unlabeled,1,0.558379590511322,120.85201120376587,116.88960218429565,177.2698531150818,240.0,241.70402240753174,233.7792043685913,354.5397062301636,480.0,298.12186431884766,356.88960218429565,298.12186431884766,480.0,0.46581541299819945,0.743520004550616,0.46581541299819945,1.0,56.41784191131592,123.11039781570435,regular_ge32
2026-08-12T15:33:40.026,432,unlabeled,2,0.218662291765213,63.30302345752716,0.15817224979400635,74.1362761259079,10.67192018032074,126.60604691505432,0.3163444995880127,148.2725522518158,21.34384036064148,137.43929958343506,10.830092430114746,137.43929958343506,21.34384036064148,0.21474890559911727,0.022562692562739056,0.21474890559911727,0.04446633408466975,10.833252668380737,10.513747930526733,tiny_lt16
2026-08-12T15:33:40.129,433,unlabeled,1,0.5417929887771606,121.20612525939941,115.50920534133911,177.62396717071533,240.0,242.41225051879883,231.01841068267822,355.24793434143066,480.0,298.83009243011475,355.5092053413391,298.83009243011475,480.0,0.4669220194220543,0.7406441777944565,0.4669220194220543,1.0,56.41784191131592,124.49079465866089,regular_ge32
2026-08-12T15:33:40.129,433,unlabeled,2,0.20742715895175934,63.30302345752716,0.44477149844169617,74.1362761259079,10.6267149746418,126.60604691505432,0.8895429968833923,148.2725522518158,21.2534299492836,137.43929958343506,11.071486473083496,137.43929958343506,21.2534299492836,0.21474890559911727,0.02306559681892395,0.21474890559911727,0.0442779790610075,10.833252668380737,10.181943476200104,tiny_lt16
2026-08-12T15:33:40.243,434,unlabeled,1,0.5251132845878601,120.62300157546997,116.24082326889038,177.0408434867859,240.0,241.24600315093994,232.48164653778076,354.0816869735718,480.0,297.66384506225586,356.2408232688904,297.66384506225586,480.0,0.46509975790977476,0.7421683818101883,0.46509975790977476,1.0,56.41784191131592,123.75917673110962,regular_ge32
2026-08-12T15:33:40.243,434,unlabeled,2,0.20742715895175934,62.97551500797272,0.0,73.80876767635345,10.72357553243637,125.95103001594543,0.0,147.6175353527069,21.44715106487274,136.78428268432617,10.72357553243637,136.78428268432617,21.44715106487274,0.21372544169425964,0.022340782359242438,0.21372544169425964,0.044681564718484876,10.833252668380737,10.72357553243637,tiny_lt16
2026-08-12T15:33:40.345,435,unlabeled,1,0.5417929887771606,120.06486511230469,116.73386192321777,178.05699920654297,240.0,240.12973022460938,233.46772384643555,356.11399841308594,480.0,298.12186431884766,356.7338619232178,298.12186431884766,480.0,0.46581541299819945,0.7431955456733703,0.46581541299819945,1.0,57.99213409423828,123.26613807678223,regular_ge32
2026-08-12T15:33:40.459,436,unlabeled,1,0.5251132845878601,119.495436668396,116.37361073493958,179.09586143493652,240.0,238.990873336792,232.74722146987915,358.19172286987305,480.0,298.5912981033325,356.3736107349396,298.5912981033325,480.0,0.46654890328645704,0.7424450223644574,0.46654890328645704,1.0,59.60042476654053,123.62638926506042,regular_ge32
2026-08-12T15:33:40.459,436,unlabeled,2,0.218662291765213,283.1816318035126,218.5487498641014,306.42358803749084,238.89054971933365,566.3632636070251,437.0974997282028,612.8471760749817,477.7810994386673,589.6052198410034,457.43929958343506,589.6052198410034,477.7810994386673,0.9212581560015678,0.9529985407988231,0.9212581560015678,0.9953772904972236,23.24195623397827,20.34179985523224,small_16_32
2026-08-12T15:33:40.459,436,unlabeled,3,0.21299070119857788,62.83035135269165,0.20467731356620789,74.38746786117554,10.386620789766312,125.6607027053833,0.40935462713241577,148.77493572235107,20.773241579532623,137.2178192138672,10.59129810333252,137.2178192138672,20.773241579532623,0.21440284252166747,0.02206520438194275,0.21440284252166747,0.043277586624026296,11.557116508483887,10.181943476200104,tiny_lt16
2026-08-12T15:33:40.561,437,unlabeled,1,0.5417929887771606,119.61483383178711,117.81560730934143,179.21525859832764,239.82617688179016,239.22966766357422,235.63121461868286,358.4305171966553,479.6523537635803,298.83009243011475,357.6417841911316,298.83009243011475,479.6523537635803,0.4669220194220543,0.7450870503981908,0.4669220194220543,0.999275737007459,59.60042476654053,122.01056957244873,regular_ge32
2026-08-12T15:33:40.561,437,unlabeled,2,0.22444185614585876,298.025945186615,217.08992165327072,319.1918740272522,240.0,596.05189037323,434.17984330654144,638.3837480545044,480.0,617.2178192138672,457.0899216532707,617.2178192138672,480.0,0.9644028425216675,0.9522706701109807,0.9644028425216675,1.0,21.165928840637207,22.91007834672928,small_16_32
2026-08-12T15:33:40.561,437,unlabeled,3,0.20742715895175934,62.61358308792114,0.17657145857810974,74.17069959640503,11.385117918252945,125.22716617584229,0.3531429171562195,148.34139919281006,22.77023583650589,136.78428268432617,11.561689376831055,136.78428268432617,22.77023583650589,0.21372544169425964,0.02408685286839803,0.21372544169425964,0.04743799132605394,11.557116508483887,11.208546459674835,tiny_lt16
2026-08-12T15:33:40.676,438,unlabeled,1,0.5417929887771606,120.1815299987793,117.22154188156128,178.17366409301758,240.0,240.3630599975586,234.44308376312256,356.34732818603516,480.0,298.3551940917969,357.2215418815613,298.3551940917969,480.0,0.46617999076843264,0.744211545586586,0.46617999076843264,1.0,57.99213409423828,122.77845811843872,regular_ge32
2026-08-12T15:33:40.676,438,unlabeled,2,0.20742715895175934,62.90495848655701,0.0,74.09450268745422,10.72357553243637,125.80991697311401,0.0,148.18900537490845,21.44715106487274,136.99946117401123,10.72357553243637,136.99946117401123,21.44715106487274,0.21406165808439254,0.022340782359242438,0.21406165808439254,0.044681564718484876,11.189544200897217,10.72357553243637,tiny_lt16
2026-08-12T15:33:40.777,439,unlabeled,1,0.5501002073287964,120.06486511230469,116.88960218429565,178.05699920654297,240.0,240.12973022460938,233.7792043685913,356.11399841308594,480.0,298.12186431884766,356.88960218429565,298.12186431884766,480.0,0.46581541299819945,0.743520004550616,0.46581541299819945,1.0,57.99213409423828,123.11039781570435,regular_ge32
2026-08-12T15:33:40.887,440,unlabeled,1,0.5501002073287964,120.96867609024048,116.04855060577393,177.3865180015564,240.0,241.93735218048096,232.09710121154785,354.7730360031128,480.0,298.3551940917969,356.0485506057739,298.3551940917969,480.0,0.46617999076843264,0.741767813762029,0.46617999076843264,1.0,56.41784191131592,123.95144939422607,regular_ge32
2026-08-12T15:33:40.991,441,unlabeled,1,0.5501002073287964,120.41897916793823,115.8860125541687,178.4111132621765,240.0,240.83795833587646,231.7720251083374,356.822226524353,480.0,298.83009243011475,355.8860125541687,298.83009243011475,480.0,0.4669220194220543,0.7414291928211848,0.4669220194220543,1.0,57.99213409423828,124.1139874458313,regular_ge32
2026-08-12T15:33:41.098,442,unlabeled,1,0.5417929887771606,119.50366353988647,115.96642708778381,177.49579763412476,240.0,239.00732707977295,231.93285417556763,354.9915952682495,480.0,296.99946117401123,355.9664270877838,296.99946117401123,480.0,0.46406165808439254,0.7415967230995496,0.46406165808439254,1.0,57.99213409423828,124.03357291221619,regular_ge32
2026-08-12T15:33:41.098,442,unlabeled,2,0.2363237887620926,63.30302345752716,0.22976642847061157,74.1362761259079,11.085619390010834,126.60604691505432,0.45953285694122314,148.2725522518158,22.171238780021667,137.43929958343506,11.315385818481445,137.43929958343506,22.171238780021667,0.21474890559911727,0.02357372045516968,0.21474890559911727,0.04619008079171181,10.833252668380737,10.855852961540222,tiny_lt16
2026-08-12T15:33:41.200,443,unlabeled,1,0.5417929887771606,117.69838428497314,115.21605062484741,177.29880905151367,240.0,235.3967685699463,230.43210124969482,354.59761810302734,480.0,294.9971933364868,355.2160506248474,294.9971933364868,480.0,0.46093311458826064,0.7400334388017654,0.46093311458826064,1.0,59.60042476654053,124.78394937515259,regular_ge32
2026-08-12T15:33:41.310,444,unlabeled,1,0.5501002073287964,118.93706345558167,116.96453523635864,175.35490536689758,240.0,237.87412691116333,233.92907047271729,350.70981073379517,480.0,294.29196882247925,356.96453523635864,294.29196882247925,480.0,0.45983120128512384,0.7436761150757472,0.45983120128512384,1.0,56.41784191131592,123.03546476364136,regular_ge32
2026-08-12T15:33:41.414,445,unlabeled,1,0.5167500376701355,118.93706345558167,117.4861364364624,175.35490536689758,240.0,237.87412691116333,234.9722728729248,350.70981073379517,480.0,294.29196882247925,357.4861364364624,294.29196882247925,480.0,0.45983120128512384,0.74476278424263,0.45983120128512384,1.0,56.41784191131592,122.5138635635376,regular_ge32
2026-08-12T15:33:41.527,446,unlabeled,1,0.4498997628688812,117.67245125770569,118.59890508651733,175.66458535194397,240.0,235.34490251541138,237.19781017303467,351.32917070388794,480.0,293.33703660964966,358.59890508651733,293.33703660964966,480.0,0.45833911970257757,0.7470810522635778,0.45833911970257757,1.0,57.99213409423828,121.40109491348267,regular_ge32
2026-08-12T15:33:41.527,446,unlabeled,2,0.23032912611961365,62.72117233276367,0.11908525228500366,74.27828884124756,11.6912060379982,125.44234466552734,0.23817050457000732,148.55657768249512,23.3824120759964,136.99946117401123,11.810291290283203,136.99946117401123,23.3824120759964,0.21406165808439254,0.02460477352142334,0.21406165808439254,0.04871335849165916,11.557116508483887,11.572120785713196,tiny_lt16
2026-08-12T15:33:41.629,447,unlabeled,1,0.36130279302597046,107.46908950805664,117.27257108688354,175.62611389160156,240.0,214.93817901611328,234.5451421737671,351.2522277832031,480.0,283.0952033996582,357.27257108688354,283.0952033996582,480.0,0.44233625531196596,0.7443178564310073,0.44233625531196596,1.0,68.15702438354492,122.72742891311646,regular_ge32
2026-08-12T15:33:41.629,447,unlabeled,2,0.2019716501235962,283.5459477901459,220.94195932149887,302.809246301651,238.37342649698257,567.0918955802917,441.88391864299774,605.618492603302,476.74685299396515,586.3551940917969,459.31538581848145,586.3551940917969,476.74685299396515,0.9161799907684326,0.956907053788503,0.9161799907684326,0.9932226104040941,19.263298511505127,17.431467175483704,small_16_32
2026-08-12T15:33:41.742,448,unlabeled,1,0.4251631200313568,107.99076318740845,117.77117609977722,174.36745405197144,240.0,215.9815263748169,235.54235219955444,348.73490810394287,480.0,282.3582172393799,357.7711760997772,282.3582172393799,480.0,0.44118471443653107,0.7453566168745359,0.44118471443653107,1.0,66.37669086456299,122.22882390022278,regular_ge32
2026-08-12T15:33:41.843,449,unlabeled,1,0.4832499325275421,108.21682119369507,118.40256643295288,174.59351205825806,240.0,216.43364238739014,236.80513286590576,349.1870241165161,480.0,282.8103332519531,358.4025664329529,282.8103332519531,480.0,0.44189114570617677,0.7466720134019852,0.44189114570617677,1.0,66.37669086456299,121.59743356704712,regular_ge32
2026-08-12T15:33:41.953,450,unlabeled,1,0.4916226267814636,108.86364459991455,119.78118062019348,173.49457263946533,239.78118062019348,217.7272891998291,239.56236124038696,346.98914527893066,479.56236124038696,282.3582172393799,359.56236124038696,282.3582172393799,479.56236124038696,0.44118471443653107,0.7490882525841395,0.44118471443653107,0.9990882525841395,64.63092803955078,120.0,regular_ge32
2026-08-12T15:33:41.953,450,unlabeled,2,0.20742715895175934,62.61358308792114,0.053419679403305054,74.17069959640503,11.26196613907814,125.22716617584229,0.10683935880661011,148.34139919281006,22.52393227815628,136.78428268432617,11.315385818481445,136.78428268432617,22.52393227815628,0.21372544169425964,0.02357372045516968,0.21372544169425964,0.046924858912825586,11.557116508483887,11.208546459674835,tiny_lt16
2026-08-12T15:33:42.057,451,unlabeled,1,0.4832499325275421,108.86364459991455,117.58106517791748,173.49457263946533,240.0,217.7272891998291,235.16213035583496,346.98914527893066,480.0,282.3582172393799,357.5810651779175,282.3582172393799,480.0,0.44118471443653107,0.7449605524539947,0.44118471443653107,1.0,64.63092803955078,122.41893482208252,regular_ge32
2026-08-12T15:33:42.167,452,unlabeled,1,0.4916226267814636,108.45298957824707,118.22626161575317,173.08391761779785,240.0,216.90597915649414,236.45252323150635,346.1678352355957,480.0,281.5369071960449,358.2262616157532,281.5369071960449,480.0,0.43990141749382017,0.7463047116994858,0.43990141749382017,1.0,64.63092803955078,121.77373838424683,regular_ge32
2026-08-12T15:33:42.271,453,unlabeled,1,0.5251132845878601,107.90335655212402,118.67998123168945,172.5342845916748,240.0,215.80671310424805,237.3599624633789,345.0685691833496,480.0,280.4376411437988,358.67998123168945,280.4376411437988,480.0,0.43818381428718567,0.747249960899353,0.43818381428718567,1.0,64.63092803955078,121.32001876831055,regular_ge32
2026-08-12T15:33:42.385,454,unlabeled,1,0.5083773732185364,106.09200525283813,120.07914113998413,172.46869611740112,240.0,212.18401050567627,240.15828227996826,344.93739223480225,480.0,278.56070137023926,360.07914113998413,278.56070137023926,480.0,0.43525109589099886,0.750164877374967,0.43525109589099886,1.0,66.37669086456299,119.92085886001587,regular_ge32
2026-08-12T15:33:42.487,455,unlabeled,1,0.5167500376701355,108.04042482376099,119.87880492210388,170.96011304855347,239.87880492210388,216.08084964752197,239.75760984420776,341.92022609710693,479.75760984420776,279.00053787231445,359.75760984420776,279.00053787231445,479.75760984420776,0.43593834042549134,0.7494950205087662,0.43593834042549134,0.9994950205087662,62.91968822479248,120.0,regular_ge32
2026-08-12T15:33:42.598,456,unlabeled,1,0.5251132845878601,107.60539531707764,119.68526601791382,172.23632335662842,239.68526601791382,215.21079063415527,239.37053203582764,344.47264671325684,479.37053203582764,279.84171867370605,359.37053203582764,279.84171867370605,479.37053203582764,0.4372526854276657,0.7486886084079742,0.4372526854276657,0.9986886084079742,64.63092803955078,120.0,regular_ge32
2026-08-12T15:33:42.704,457,unlabeled,1,0.5334624648094177,107.60539531707764,120.88408970832825,172.23632335662842,238.87352013587952,215.21079063415527,241.7681794166565,344.47264671325684,477.74704027175903,279.84171867370605,359.75760984420776,279.84171867370605,477.74704027175903,0.4372526854276657,0.7494950205087662,0.4372526854276657,0.995306333899498,64.63092803955078,117.98943042755127,regular_ge32
2026-08-12T15:33:42.817,458,unlabeled,1,0.5251132845878601,105.94335842132568,119.68526601791382,174.1003828048706,239.68526601791382,211.88671684265137,239.37053203582764,348.2007656097412,479.37053203582764,280.0437412261963,359.37053203582764,280.0437412261963,479.37053203582764,0.4375683456659317,0.7486886084079742,0.4375683456659317,0.9986886084079742,68.15702438354492,120.0,regular_ge32
2026-08-12T15:33:42.918,459,unlabeled,1,0.5167500376701355,106.83352518081665,119.59106969833374,173.21021604537964,239.59106969833374,213.6670503616333,239.18213939666748,346.4204320907593,479.1821393966675,280.0437412261963,359.1821393966675,280.0437412261963,479.1821393966675,0.4375683456659317,0.7482961237430572,0.4375683456659317,0.9982961237430572,66.37669086456299,120.0,regular_ge32
2026-08-12T15:33:43.028,460,unlabeled,1,0.5334624648094177,106.62982892990112,119.78118062019348,173.0065197944641,239.78118062019348,213.25965785980225,239.56236124038696,346.0130395889282,479.56236124038696,279.63634872436523,359.56236124038696,279.63634872436523,479.56236124038696,0.43693179488182066,0.7490882525841395,0.43693179488182066,0.9990882525841395,66.37669086456299,120.0,regular_ge32
2026-08-12T15:33:43.132,461,unlabeled,1,0.5167500376701355,106.23622131347656,119.68526601791382,174.39324569702148,239.68526601791382,212.47244262695312,239.37053203582764,348.78649139404297,479.37053203582764,280.62946701049805,359.37053203582764,280.62946701049805,479.37053203582764,0.4384835422039032,0.7486886084079742,0.4384835422039032,0.9986886084079742,68.15702438354492,120.0,regular_ge32
2026-08-12T15:33:43.244,462,unlabeled,1,0.5251132845878601,107.03047513961792,119.68526601791382,173.4071660041809,239.68526601791382,214.06095027923584,239.37053203582764,346.8143320083618,479.37053203582764,280.4376411437988,359.37053203582764,280.4376411437988,479.37053203582764,0.43818381428718567,0.7486886084079742,0.43818381428718567,0.9986886084079742,66.37669086456299,120.0,regular_ge32
2026-08-12T15:33:43.345,463,unlabeled,1,0.5083773732185364,106.33041763305664,119.68526601791382,174.48744201660156,239.68526601791382,212.66083526611328,239.37053203582764,348.9748840332031,479.37053203582764,280.8178596496582,359.37053203582764,280.8178596496582,479.37053203582764,0.43877790570259095,0.7486886084079742,0.43877790570259095,0.9986886084079742,68.15702438354492,120.0,regular_ge32
2026-08-12T15:33:43.458,464,unlabeled,1,0.5083773732185364,107.49281930923462,119.78118062019348,173.8695101737976,239.78118062019348,214.98563861846924,239.56236124038696,347.7390203475952,479.56236124038696,281.3623294830322,359.56236124038696,281.3623294830322,479.56236124038696,0.4396286398172379,0.7490882525841395,0.4396286398172379,0.9990882525841395,66.37669086456299,120.0,regular_ge32
2026-08-12T15:33:43.560,465,unlabeled,1,0.5167500376701355,107.12638807296753,119.49859666824341,173.50307893753052,239.4985966682434,214.25277614593506,238.99719333648682,347.00615787506104,478.9971933364868,280.62946701049805,358.9971933364868,280.62946701049805,478.9971933364868,0.4384835422039032,0.7479108194510142,0.4384835422039032,0.9979108194510142,66.37669086456299,120.0,regular_ge32
2026-08-12T15:33:43.675,466,unlabeled,1,0.5167500376701355,106.14030838012695,119.49859666824341,174.29733276367188,239.4985966682434,212.2806167602539,238.99719333648682,348.59466552734375,478.9971933364868,280.4376411437988,358.9971933364868,280.4376411437988,478.9971933364868,0.43818381428718567,0.7479108194510142,0.43818381428718567,0.9979108194510142,68.15702438354492,120.0,regular_ge32
2026-08-12T15:33:43.776,467,unlabeled,1,0.5251132845878601,108.27668476104736,118.67998123168945,172.90761280059814,240.0,216.55336952209473,237.3599624633789,345.8152256011963,480.0,281.1842975616455,358.67998123168945,281.1842975616455,480.0,0.43935046494007113,0.747249960899353,0.43935046494007113,1.0,64.63092803955078,121.32001876831055,regular_ge32
2026-08-12T15:33:43.890,468,unlabeled,1,0.5334624648094177,107.90335655212402,117.67526149749756,172.5342845916748,240.0,215.80671310424805,235.35052299499512,345.0685691833496,480.0,280.4376411437988,357.67526149749756,280.4376411437988,480.0,0.43818381428718567,0.7451567947864532,0.43818381428718567,1.0,64.63092803955078,122.32473850250244,regular_ge32
2026-08-12T15:33:43.992,469,unlabeled,1,0.5251132845878601,106.93284940719604,119.78118062019348,173.30954027175903,239.78118062019348,213.8656988143921,239.56236124038696,346.61908054351807,479.56236124038696,280.2423896789551,359.56236124038696,280.2423896789551,479.56236124038696,0.4378787338733673,0.7490882525841395,0.4378787338733673,0.9990882525841395,66.37669086456299,120.0,regular_ge32
2026-08-12T15:33:44.107,470,unlabeled,1,0.5251132845878601,106.93284940719604,119.87880492210388,173.30954027175903,239.87880492210388,213.8656988143921,239.75760984420776,346.61908054351807,479.75760984420776,280.2423896789551,359.75760984420776,280.2423896789551,479.75760984420776,0.4378787338733673,0.7494950205087662,0.4378787338733673,0.9994950205087662,66.37669086456299,120.0,regular_ge32
2026-08-12T15:33:44.208,471,unlabeled,1,0.5251132845878601,107.99926948547363,119.49859666824341,172.6301975250244,239.4985966682434,215.99853897094727,238.99719333648682,345.2603950500488,478.9971933364868,280.62946701049805,358.9971933364868,280.62946701049805,478.9971933364868,0.4384835422039032,0.7479108194510142,0.4384835422039032,0.9979108194510142,64.63092803955078,120.0,regular_ge32
2026-08-12T15:33:44.322,472,unlabeled,1,0.5417929887771606,106.62982892990112,119.78118062019348,173.0065197944641,239.78118062019348,213.25965785980225,239.56236124038696,346.0130395889282,479.56236124038696,279.63634872436523,359.56236124038696,279.63634872436523,479.56236124038696,0.43693179488182066,0.7490882525841395,0.43693179488182066,0.9990882525841395,66.37669086456299,120.0,regular_ge32
2026-08-12T15:33:44.322,472,unlabeled,2,0.21299070119857788,283.1669992208481,222.8826009631157,301.83246195316315,239.78002244234085,566.3339984416962,445.7652019262314,603.6649239063263,479.5600448846817,584.9994611740112,462.66262340545654,584.9994611740112,479.5600448846817,0.9140616580843925,0.9638804654280345,0.9140616580843925,0.9990834268430869,18.665462732315063,16.89742147922516,small_16_32
2026-08-12T15:33:44.425,473,unlabeled,1,0.5334624648094177,107.90335655212402,119.49859666824341,172.5342845916748,239.4985966682434,215.80671310424805,238.99719333648682,345.0685691833496,478.9971933364868,280.4376411437988,358.9971933364868,280.4376411437988,478.9971933364868,0.43818381428718567,0.7479108194510142,0.43818381428718567,0.9979108194510142,64.63092803955078,120.0,regular_ge32
2026-08-12T15:33:44.537,474,unlabeled,1,0.5334624648094177,107.70640659332275,119.68526601791382,172.33733463287354,239.68526601791382,215.4128131866455,239.37053203582764,344.67466926574707,479.37053203582764,280.0437412261963,359.37053203582764,280.0437412261963,479.37053203582764,0.4375683456659317,0.7486886084079742,0.4375683456659317,0.9986886084079742,64.63092803955078,120.0,regular_ge32
2026-08-12T15:33:44.639,475,unlabeled,1,0.5334624648094177,106.93284940719604,119.59106969833374,173.30954027175903,239.59106969833374,213.8656988143921,239.18213939666748,346.61908054351807,479.1821393966675,280.2423896789551,359.1821393966675,280.2423896789551,479.1821393966675,0.4378787338733673,0.7482961237430572,0.4378787338733673,0.9982961237430572,66.37669086456299,120.0,regular_ge32
2026-08-12T15:33:44.639,475,unlabeled,2,0.2019716501235962,283.61296355724335,221.20898216962814,302.2784262895584,238.1064036488533,567.2259271144867,442.4179643392563,604.5568525791168,476.2128072977066,585.8913898468018,459.31538581848145,585.8913898468018,476.2128072977066,0.9154552966356277,0.956907053788503,0.9154552966356277,0.9921100152035555,18.665462732315063,16.89742147922516,small_16_32
2026-08-12T15:33:44.752,476,unlabeled,1,0.5334624648094177,108.09346580505371,119.68526601791382,172.7243938446045,239.68526601791382,216.18693161010742,239.37053203582764,345.448787689209,479.37053203582764,280.8178596496582,359.37053203582764,280.8178596496582,479.37053203582764,0.43877790570259095,0.7486886084079742,0.43877790570259095,0.9986886084079742,64.63092803955078,120.0,regular_ge32
2026-08-12T15:33:44.752,476,unlabeled,2,0.2019716501235962,283.5663765668869,222.09320944547653,301.6514426469803,238.9906309247017,567.1327531337738,444.18641889095306,603.3028852939606,477.9812618494034,585.2178192138672,461.0838403701782,585.2178192138672,477.9812618494034,0.9144028425216675,0.960591334104538,0.9144028425216675,0.9957942955195904,18.085066080093384,16.89742147922516,small_16_32
2026-08-12T15:33:44.858,477,unlabeled,1,0.5251132845878601,108.27668476104736,119.68526601791382,172.90761280059814,239.68526601791382,216.55336952209473,239.37053203582764,345.8152256011963,479.37053203582764,281.1842975616455,359.37053203582764,281.1842975616455,479.37053203582764,0.43935046494007113,0.7486886084079742,0.43935046494007113,0.9986886084079742,64.63092803955078,120.0,regular_ge32
2026-08-12T15:33:44.962,478,unlabeled,1,0.5167500376701355,107.31305742263794,119.78118062019348,173.68974828720093,239.78118062019348,214.62611484527588,239.56236124038696,347.37949657440186,479.56236124038696,281.00280570983887,359.56236124038696,281.00280570983887,479.56236124038696,0.43906688392162324,0.7490882525841395,0.43906688392162324,0.9990882525841395,66.37669086456299,120.0,regular_ge32
2026-08-12T15:33:45.076,479,unlabeled,1,0.5167500376701355,108.27668476104736,119.87880492210388,172.90761280059814,239.87880492210388,216.55336952209473,239.75760984420776,345.8152256011963,479.75760984420776,281.1842975616455,359.75760984420776,281.1842975616455,479.75760984420776,0.43935046494007113,0.7494950205087662,0.43935046494007113,0.9994950205087662,64.63092803955078,120.0,regular_ge32
2026-08-12T15:33:45.178,480,unlabeled,1,0.5083773732185364,106.42289066314697,119.97812938690186,174.5799150466919,239.97812938690186,212.84578132629395,239.9562587738037,349.1598300933838,479.9562587738037,281.00280570983887,359.9562587738037,281.00280570983887,479.9562587738037,0.43906688392162324,0.7499088724454244,0.43906688392162324,0.9999088724454244,68.15702438354492,120.0,regular_ge32
2026-08-12T15:33:45.287,481,unlabeled,1,0.5,105.69519805908203,119.87880492210388,175.6671314239502,239.87880492210388,211.39039611816406,239.75760984420776,351.3342628479004,479.75760984420776,281.3623294830322,359.75760984420776,281.3623294830322,479.75760984420776,0.4396286398172379,0.7494950205087662,0.4396286398172379,0.9994950205087662,69.97193336486816,120.0,regular_ge32
2026-08-12T15:33:45.391,482,unlabeled,1,0.4916226267814636,106.60265254974365,119.87880492210388,174.75967693328857,239.87880492210388,213.2053050994873,239.75760984420776,349.51935386657715,479.75760984420776,281.3623294830322,359.75760984420776,281.3623294830322,479.75760984420776,0.4396286398172379,0.7494950205087662,0.4396286398172379,0.9994950205087662,68.15702438354492,120.0,regular_ge32
2026-08-12T15:33:45.506,483,unlabeled,1,0.4832499325275421,107.91204881668091,119.97812938690186,174.2887396812439,239.97812938690186,215.82409763336182,239.9562587738037,348.5774793624878,479.9562587738037,282.2007884979248,359.9562587738037,282.2007884979248,479.9562587738037,0.4409387320280075,0.7499088724454244,0.4409387320280075,0.9999088724454244,66.37669086456299,120.0,regular_ge32
2026-08-12T15:33:45.607,484,unlabeled,1,0.4498997628688812,107.25296878814697,119.97812938690186,175.4099931716919,239.97812938690186,214.50593757629395,239.9562587738037,350.8199863433838,479.9562587738037,282.66296195983887,359.9562587738037,282.66296195983887,479.9562587738037,0.44166087806224824,0.7499088724454244,0.44166087806224824,0.9999088724454244,68.15702438354492,120.0,regular_ge32
2026-08-12T15:33:45.717,485,unlabeled,1,0.39277467131614685,106.34551429748535,119.60362482070923,176.31744766235352,240.0,212.6910285949707,239.20724964141846,352.63489532470703,480.0,282.66296195983887,359.60362482070923,282.66296195983887,480.0,0.44166087806224824,0.7491742183764776,0.44166087806224824,1.0,69.97193336486816,120.39637517929077,regular_ge32
2026-08-12T15:33:45.821,486,unlabeled,1,0.3848111629486084,107.3266544342041,119.49444580078125,175.48367881774902,240.0,214.6533088684082,238.9888916015625,350.96735763549805,480.0,282.8103332519531,359.49444580078125,282.8103332519531,480.0,0.44189114570617677,0.7489467620849609,0.44189114570617677,1.0,68.15702438354492,120.50555419921875,regular_ge32
2026-08-12T15:33:45.935,487,unlabeled,1,0.39277467131614685,116.83805727958679,120.6089096069336,174.83019137382507,240.0,233.67611455917358,241.2178192138672,349.66038274765015,480.0,291.66824865341187,360.6089096069336,291.66824865341187,480.0,0.45573163852095605,0.7512685616811117,0.45573163852095605,1.0,57.99213409423828,119.3910903930664,regular_ge32
2026-08-12T15:33:46.037,488,unlabeled,1,0.3848111629486084,116.94974052906036,119.82663774490356,174.94187462329865,240.0,233.89948105812073,239.65327548980713,349.8837492465973,480.0,291.891615152359,359.82663774490356,291.891615152359,480.0,0.456080648675561,0.7496388286352158,0.456080648675561,1.0,57.99213409423828,120.17336225509644,regular_ge32
2026-08-12T15:33:46.037,488,unlabeled,2,0.2019716501235962,283.4571975469589,223.41830438375473,301.5422636270523,240.0,566.9143950939178,446.83660876750946,603.0845272541046,480.0,584.9994611740112,463.41830438375473,584.9994611740112,480.0,0.9140616580843925,0.965454800799489,0.9140616580843925,1.0,18.085066080093384,16.58169561624527,small_16_32
2026-08-12T15:33:46.149,489,unlabeled,1,0.4251631200313568,107.25296878814697,119.38685655593872,175.4099931716919,240.0,214.50593757629395,238.77371311187744,350.8199863433838,480.0,282.66296195983887,359.3868565559387,282.66296195983887,480.0,0.44166087806224824,0.7487226178248724,0.44166087806224824,1.0,68.15702438354492,120.61314344406128,regular_ge32
2026-08-12T15:33:46.251,490,unlabeled,1,0.37690892815589905,106.34551429748535,119.49444580078125,176.31744766235352,240.0,212.6910285949707,238.9888916015625,352.63489532470703,480.0,282.66296195983887,359.49444580078125,282.66296195983887,480.0,0.44166087806224824,0.7489467620849609,0.44166087806224824,1.0,69.97193336486816,120.50555419921875,regular_ge32
2026-08-12T15:33:46.251,490,unlabeled,2,0.2019716501235962,283.78938949108124,222.48526400327682,301.8744555711746,239.38268548250198,567.5787789821625,444.97052800655365,603.7489111423492,478.76537096500397,585.6638450622559,461.8679494857788,585.6638450622559,478.76537096500397,0.9150997579097748,0.9622248947620392,0.9150997579097748,0.9974278561770916,18.085066080093384,16.89742147922516,small_16_32
2026-08-12T15:33:46.366,491,unlabeled,1,0.4169939160346985,116.72258710861206,121.06093215942383,176.3230118751526,240.0,233.44517421722412,242.12186431884766,352.6460237503052,480.0,293.04559898376465,361.0609321594238,293.04559898376465,480.0,0.45788374841213225,0.752210275332133,0.45788374841213225,1.0,59.60042476654053,118.93906784057617,regular_ge32
2026-08-12T15:33:46.468,492,unlabeled,1,0.39277467131614685,107.25296878814697,121.17759704589844,175.4099931716919,240.0,214.50593757629395,242.35519409179688,350.8199863433838,480.0,282.66296195983887,361.17759704589844,282.66296195983887,480.0,0.44166087806224824,0.7524533271789551,0.44166087806224824,1.0,68.15702438354492,118.82240295410156,regular_ge32
2026-08-12T15:33:46.578,493,unlabeled,1,0.40887001156806946,106.34551429748535,121.06093215942383,176.31744766235352,240.0,212.6910285949707,242.12186431884766,352.63489532470703,480.0,282.66296195983887,361.0609321594238,282.66296195983887,480.0,0.44166087806224824,0.752210275332133,0.44166087806224824,1.0,69.97193336486816,118.93906784057617,regular_ge32
2026-08-12T15:33:46.683,494,unlabeled,1,0.40887001156806946,107.10059642791748,121.17759704589844,175.2576208114624,240.0,214.20119285583496,242.35519409179688,350.5152416229248,480.0,282.3582172393799,361.17759704589844,282.3582172393799,480.0,0.44118471443653107,0.7524533271789551,0.44118471443653107,1.0,68.15702438354492,118.82240295410156,regular_ge32
2026-08-12T15:33:46.801,495,unlabeled,1,0.441620409488678,106.85934352874756,121.29564905166626,175.01636791229248,240.0,213.71868705749512,242.59129810333252,350.03273582458496,480.0,281.87571144104004,361.29564905166626,281.87571144104004,480.0,0.4404307991266251,0.752699268857638,0.4404307991266251,1.0,68.15702438354492,118.70435094833374,regular_ge32
2026-08-12T15:33:46.902,496,unlabeled,1,0.400795578956604,108.28885507583618,120.94569492340088,174.66554594039917,240.0,216.57771015167236,241.89138984680176,349.33109188079834,480.0,282.95440101623535,360.9456949234009,282.95440101623535,480.0,0.4421162515878677,0.7519701977570852,0.4421162515878677,1.0,66.37669086456299,119.05430507659912,regular_ge32
2026-08-12T15:33:47.016,497,unlabeled,1,0.43337342143058777,106.94146633148193,119.82663774490356,175.09849071502686,240.0,213.88293266296387,239.65327548980713,350.1969814300537,480.0,282.0399570465088,359.82663774490356,282.0399570465088,480.0,0.44068743288517,0.7496388286352158,0.44068743288517,1.0,68.15702438354492,120.17336225509644,regular_ge32
2026-08-12T15:33:47.117,498,unlabeled,1,0.43337342143058777,106.94146633148193,120.49973058700562,175.09849071502686,240.0,213.88293266296387,240.99946117401123,350.1969814300537,480.0,282.0399570465088,360.4997305870056,282.0399570465088,480.0,0.44068743288517,0.751041105389595,0.44068743288517,1.0,68.15702438354492,119.50026941299438,regular_ge32
2026-08-12T15:33:47.231,499,unlabeled,1,0.45820698142051697,107.91204881668091,120.28616523742676,174.2887396812439,240.0,215.82409763336182,240.57233047485352,348.5774793624878,480.0,282.2007884979248,360.28616523742676,282.2007884979248,480.0,0.4409387320280075,0.7505961775779724,0.4409387320280075,1.0,66.37669086456299,119.71383476257324,regular_ge32
2026-08-12T15:33:47.334,500,unlabeled,1,0.4665374755859375,107.02188205718994,119.87880492210388,175.17890644073486,239.87880492210388,214.04376411437988,239.75760984420776,350.3578128814697,479.75760984420776,282.2007884979248,359.75760984420776,282.2007884979248,479.75760984420776,0.4409387320280075,0.7494950205087662,0.4409387320280075,0.9994950205087662,68.15702438354492,120.0,regular_ge32
2026-08-12T15:33:47.446,501,unlabeled,1,0.4832499325275421,107.40380334854126,119.78118062019348,173.78049421310425,239.78118062019348,214.80760669708252,239.56236124038696,347.5609884262085,479.56236124038696,281.1842975616455,359.56236124038696,281.1842975616455,479.56236124038696,0.43935046494007113,0.7490882525841395,0.43935046494007113,0.9990882525841395,66.37669086456299,120.0,regular_ge32
2026-08-12T15:33:47.548,502,unlabeled,1,0.5,107.58010816574097,120.39214134216309,173.95679903030396,240.0,215.16021633148193,240.78428268432617,347.9135980606079,480.0,281.5369071960449,360.3921413421631,281.5369071960449,480.0,0.43990141749382017,0.7508169611295065,0.43990141749382017,1.0,66.37669086456299,119.60785865783691,regular_ge32
2026-08-12T15:33:47.659,503,unlabeled,1,0.4832499325275421,107.58010816574097,120.18182563781738,173.95679903030396,240.0,215.16021633148193,240.36365127563477,347.9135980606079,480.0,281.5369071960449,360.1818256378174,281.5369071960449,480.0,0.43990141749382017,0.7503788034121196,0.43990141749382017,1.0,66.37669086456299,119.81817436218262,regular_ge32
2026-08-12T15:33:47.764,504,unlabeled,1,0.5083773732185364,107.66567087173462,118.97284460067749,174.0423617362976,240.0,215.33134174346924,237.94568920135498,348.0847234725952,480.0,281.7080326080322,358.9728446006775,281.7080326080322,480.0,0.44016880095005034,0.7478600929180781,0.44016880095005034,1.0,66.37669086456299,121.02715539932251,regular_ge32
2026-08-12T15:33:47.876,505,unlabeled,1,0.5167500376701355,108.27668476104736,120.07914113998413,172.90761280059814,240.0,216.55336952209473,240.15828227996826,345.8152256011963,480.0,281.1842975616455,360.07914113998413,281.1842975616455,480.0,0.43935046494007113,0.750164877374967,0.43935046494007113,1.0,64.63092803955078,119.92085886001587,regular_ge32
2026-08-12T15:33:47.978,506,unlabeled,1,0.5167500376701355,107.03047513961792,119.97812938690186,173.4071660041809,239.97812938690186,214.06095027923584,239.9562587738037,346.8143320083618,479.9562587738037,280.4376411437988,359.9562587738037,280.4376411437988,479.9562587738037,0.43818381428718567,0.7499088724454244,0.43818381428718567,0.9999088724454244,66.37669086456299,120.0,regular_ge32
2026-08-12T15:33:48.091,507,unlabeled,1,0.5083773732185364,107.99926948547363,119.87880492210388,172.6301975250244,239.87880492210388,215.99853897094727,239.75760984420776,345.2603950500488,479.75760984420776,280.62946701049805,359.75760984420776,280.62946701049805,479.75760984420776,0.4384835422039032,0.7494950205087662,0.4384835422039032,0.9994950205087662,64.63092803955078,120.0,regular_ge32
2026-08-12T15:33:48.193,508,unlabeled,1,0.5251132845878601,108.18593883514404,120.07914113998413,172.81686687469482,240.0,216.3718776702881,240.15828227996826,345.63373374938965,480.0,281.00280570983887,360.07914113998413,281.00280570983887,480.0,0.43906688392162324,0.750164877374967,0.43906688392162324,1.0,64.63092803955078,119.92085886001587,regular_ge32
2026-08-12T15:33:48.307,509,unlabeled,1,0.5167500376701355,105.94335842132568,119.87880492210388,174.1003828048706,239.87880492210388,211.88671684265137,239.75760984420776,348.2007656097412,479.75760984420776,280.0437412261963,359.75760984420776,280.0437412261963,479.75760984420776,0.4375683456659317,0.7494950205087662,0.4375683456659317,0.9994950205087662,68.15702438354492,120.0,regular_ge32
2026-08-12T15:33:48.408,510,unlabeled,1,0.5083773732185364,107.03047513961792,118.87352013587952,173.4071660041809,240.0,214.06095027923584,237.74704027175903,346.8143320083618,480.0,280.4376411437988,358.8735201358795,280.4376411437988,480.0,0.43818381428718567,0.747653166949749,0.43818381428718567,1.0,66.37669086456299,121.12647986412048,regular_ge32
2026-08-12T15:33:48.522,511,unlabeled,1,0.5167500376701355,106.52548933029175,119.68526601791382,172.90218019485474,239.68526601791382,213.0509786605835,239.37053203582764,345.8043603897095,479.37053203582764,279.4276695251465,359.37053203582764,279.4276695251465,479.37053203582764,0.4366057336330414,0.7486886084079742,0.4366057336330414,0.9986886084079742,66.37669086456299,120.0,regular_ge32
2026-08-12T15:33:48.522,511,unlabeled,2,0.2019716501235962,282.95277881622314,219.7876906991005,304.11870765686035,238.33417361974716,565.9055576324463,439.575381398201,608.2374153137207,476.6683472394943,587.0714864730835,458.12186431884766,587.0714864730835,476.6683472394943,0.917299197614193,0.9544205506642659,0.917299197614193,0.9930590567489465,21.165928840637207,18.546482920646667,small_16_32
2026-08-12T15:33:48.624,512,unlabeled,1,0.5083773732185364,107.99926948547363,120.07914113998413,172.6301975250244,240.0,215.99853897094727,240.15828227996826,345.2603950500488,480.0,280.62946701049805,360.07914113998413,280.62946701049805,480.0,0.4384835422039032,0.750164877374967,0.4384835422039032,1.0,64.63092803955078,119.92085886001587,regular_ge32
2026-08-12T15:33:48.735,513,unlabeled,1,0.5251132845878601,108.45298957824707,119.17654085159302,173.08391761779785,240.0,216.90597915649414,238.35308170318604,346.1678352355957,480.0,281.5369071960449,359.176540851593,281.5369071960449,480.0,0.43990141749382017,0.7482844601074855,0.43990141749382017,1.0,64.63092803955078,120.82345914840698,regular_ge32
2026-08-12T15:33:48.836,514,unlabeled,1,0.5,107.12638807296753,120.18182563781738,173.50307893753052,240.0,214.25277614593506,240.36365127563477,347.00615787506104,480.0,280.62946701049805,360.1818256378174,280.62946701049805,480.0,0.4384835422039032,0.7503788034121196,0.4384835422039032,1.0,66.37669086456299,119.81817436218262,regular_ge32
2026-08-12T15:33:48.949,515,unlabeled,1,0.4832499325275421,107.58010816574097,120.18182563781738,173.95679903030396,240.0,215.16021633148193,240.36365127563477,347.9135980606079,480.0,281.5369071960449,360.1818256378174,281.5369071960449,480.0,0.43990141749382017,0.7503788034121196,0.43990141749382017,1.0,66.37669086456299,119.81817436218262,regular_ge32
2026-08-12T15:33:49.051,516,unlabeled,1,0.4665374755859375,107.74951028823853,118.97284460067749,174.1262011528015,240.0,215.49902057647705,237.94568920135498,348.252402305603,480.0,281.87571144104004,358.9728446006775,281.87571144104004,480.0,0.4404307991266251,0.7478600929180781,0.4404307991266251,1.0,66.37669086456299,121.02715539932251,regular_ge32
2026-08-12T15:33:49.165,517,unlabeled,1,0.4748867154121399,106.68994140625,119.97812938690186,174.84696578979492,239.97812938690186,213.3798828125,239.9562587738037,349.69393157958984,479.9562587738037,281.5369071960449,359.9562587738037,281.5369071960449,479.9562587738037,0.43990141749382017,0.7499088724454244,0.43990141749382017,0.9999088724454244,68.15702438354492,120.0,regular_ge32
2026-08-12T15:33:49.268,518,unlabeled,1,0.4665374755859375,106.85934352874756,119.71436500549316,175.01636791229248,240.0,213.71868705749512,239.42873001098633,350.03273582458496,480.0,281.87571144104004,359.71436500549316,281.87571144104004,480.0,0.4404307991266251,0.7494049270947775,0.4404307991266251,1.0,68.15702438354492,120.28563499450684,regular_ge32
2026-08-12T15:33:49.385,519,unlabeled,1,0.43337342143058777,105.69519805908203,120.49973058700562,175.6671314239502,240.0,211.39039611816406,240.99946117401123,351.3342628479004,480.0,281.3623294830322,360.4997305870056,281.3623294830322,480.0,0.4396286398172379,0.751041105389595,0.4396286398172379,1.0,69.97193336486816,119.50026941299438,regular_ge32
2026-08-12T15:33:49.487,520,unlabeled,1,0.4498997628688812,107.02188205718994,120.28616523742676,175.17890644073486,240.0,214.04376411437988,240.57233047485352,350.3578128814697,480.0,282.2007884979248,360.28616523742676,282.2007884979248,480.0,0.4409387320280075,0.7505961775779724,0.4409387320280075,1.0,68.15702438354492,119.71383476257324,regular_ge32
2026-08-12T15:33:49.606,521,unlabeled,1,0.43337342143058777,107.02188205718994,119.28088045120239,175.17890644073486,240.0,214.04376411437988,238.56176090240479,350.3578128814697,480.0,282.2007884979248,359.2808804512024,282.2007884979248,480.0,0.4409387320280075,0.7485018342733383,0.4409387320280075,1.0,68.15702438354492,120.71911954879761,regular_ge32
2026-08-12T15:33:49.708,522,unlabeled,1,0.4251631200313568,106.03401184082031,119.38685655593872,176.00594520568848,240.0,212.06802368164062,238.77371311187744,352.01189041137695,480.0,282.0399570465088,359.3868565559387,282.0399570465088,480.0,0.44068743288517,0.7487226178248724,0.44068743288517,1.0,69.97193336486816,120.61314344406128,regular_ge32
2026-08-12T15:33:49.823,523,unlabeled,1,0.4251631200313568,105.86804962158203,120.28616523742676,175.8399829864502,240.0,211.73609924316406,240.57233047485352,351.6799659729004,480.0,281.7080326080322,360.28616523742676,281.7080326080322,480.0,0.44016880095005034,0.7505961775779724,0.44016880095005034,1.0,69.97193336486816,119.71383476257324,regular_ge32
2026-08-12T15:33:49.925,524,unlabeled,1,0.4169939160346985,106.94146633148193,119.38685655593872,175.09849071502686,240.0,213.88293266296387,238.77371311187744,350.1969814300537,480.0,282.0399570465088,359.3868565559387,282.0399570465088,480.0,0.44068743288517,0.7487226178248724,0.44068743288517,1.0,68.15702438354492,120.61314344406128,regular_ge32
2026-08-12T15:33:50.042,525,unlabeled,1,0.4665374755859375,107.40380334854126,119.78118062019348,173.78049421310425,239.78118062019348,214.80760669708252,239.56236124038696,347.5609884262085,479.56236124038696,281.1842975616455,359.56236124038696,281.1842975616455,479.56236124038696,0.43935046494007113,0.7490882525841395,0.43935046494007113,0.9990882525841395,66.37669086456299,120.0,regular_ge32
2026-08-12T15:33:50.144,526,unlabeled,1,0.4832499325275421,106.60265254974365,119.87880492210388,174.75967693328857,239.87880492210388,213.2053050994873,239.75760984420776,349.51935386657715,479.75760984420776,281.3623294830322,359.75760984420776,281.3623294830322,479.75760984420776,0.4396286398172379,0.7494950205087662,0.4396286398172379,0.9994950205087662,68.15702438354492,120.0,regular_ge32
2026-08-12T15:33:50.261,527,unlabeled,1,0.4832499325275421,107.22058439254761,119.97812938690186,173.5972752571106,239.97812938690186,214.44116878509521,239.9562587738037,347.1945505142212,479.9562587738037,280.8178596496582,359.9562587738037,280.8178596496582,479.9562587738037,0.43877790570259095,0.7499088724454244,0.43877790570259095,0.9999088724454244,66.37669086456299,120.0,regular_ge32
2026-08-12T15:33:50.261,527,unlabeled,2,0.2019716501235962,283.42928290367126,222.22346234321594,302.6925814151764,238.60199618339539,566.8585658073425,444.4469246864319,605.3851628303528,477.20399236679077,586.1218643188477,460.8254585266113,586.1218643188477,477.20399236679077,0.9158154129981995,0.9600530385971069,0.9158154129981995,0.9941749840974807,19.263298511505127,16.378533840179443,small_16_32
2026-08-12T15:33:50.363,528,unlabeled,1,0.4916226267814636,107.58010816574097,120.28616523742676,173.95679903030396,240.0,215.16021633148193,240.57233047485352,347.9135980606079,480.0,281.5369071960449,360.28616523742676,281.5369071960449,480.0,0.43990141749382017,0.7505961775779724,0.43990141749382017,1.0,66.37669086456299,119.71383476257324,regular_ge32
2026-08-12T15:33:50.476,529,unlabeled,1,0.5167500376701355,106.23622131347656,119.97812938690186,174.39324569702148,239.97812938690186,212.47244262695312,239.9562587738037,348.78649139404297,479.9562587738037,280.62946701049805,359.9562587738037,280.62946701049805,479.9562587738037,0.4384835422039032,0.7499088724454244,0.4384835422039032,0.9999088724454244,68.15702438354492,120.0,regular_ge32
2026-08-12T15:33:50.578,530,unlabeled,1,0.5,106.83352518081665,120.18182563781738,173.21021604537964,240.0,213.6670503616333,240.36365127563477,346.4204320907593,480.0,280.0437412261963,360.1818256378174,280.0437412261963,480.0,0.4375683456659317,0.7503788034121196,0.4375683456659317,1.0,66.37669086456299,119.81817436218262,regular_ge32
2026-08-12T15:33:50.692,531,unlabeled,1,0.5083773732185364,106.52548933029175,120.98341417312622,172.90218019485474,238.9728446006775,213.0509786605835,241.96682834625244,345.8043603897095,477.945689201355,279.4276695251465,359.9562587738037,279.4276695251465,477.945689201355,0.4366057336330414,0.7499088724454244,0.4366057336330414,0.9957201858361562,66.37669086456299,117.98943042755127,regular_ge32
2026-08-12T15:33:50.692,531,unlabeled,2,0.2019716501235962,283.2380886077881,222.09320944547653,303.1171054840088,238.9906309247017,566.4761772155762,444.18641889095306,606.2342109680176,477.9812618494034,586.3551940917969,461.0838403701782,586.3551940917969,477.9812618494034,0.9161799907684326,0.960591334104538,0.9161799907684326,0.9957942955195904,19.879016876220703,16.89742147922516,small_16_32
2026-08-12T15:33:50.794,532,unlabeled,1,0.5251132845878601,106.62982892990112,119.87880492210388,173.0065197944641,239.87880492210388,213.25965785980225,239.75760984420776,346.0130395889282,479.75760984420776,279.63634872436523,359.75760984420776,279.63634872436523,479.75760984420776,0.43693179488182066,0.7494950205087662,0.43693179488182066,0.9994950205087662,66.37669086456299,120.0,regular_ge32
2026-08-12T15:33:50.794,532,unlabeled,2,0.22444185614585876,283.7282007932663,221.08703249692917,302.39366352558136,237.98445397615433,567.4564015865326,442.17406499385834,604.7873270511627,475.96890795230865,586.1218643188477,459.0714864730835,586.1218643188477,475.96890795230865,0.9158154129981995,0.9563989301522573,0.9158154129981995,0.9916018915673097,18.665462732315063,16.89742147922516,small_16_32
2026-08-12T15:33:50.913,533,unlabeled,1,0.5167500376701355,107.22058439254761,119.97812938690186,173.5972752571106,239.97812938690186,214.44116878509521,239.9562587738037,347.1945505142212,479.9562587738037,280.8178596496582,359.9562587738037,280.8178596496582,479.9562587738037,0.43877790570259095,0.7499088724454244,0.43877790570259095,0.9999088724454244,66.37669086456299,120.0,regular_ge32
2026-08-12T15:33:51.015,534,unlabeled,1,0.4916226267814636,106.33041763305664,121.0844259262085,174.48744201660156,239.07385635375977,212.66083526611328,242.168851852417,348.9748840332031,478.14771270751953,280.8178596496582,360.15828227996826,280.8178596496582,478.14771270751953,0.43877790570259095,0.7503297547499339,0.43877790570259095,0.9961410681406657,68.15702438354492,117.98943042755127,regular_ge32
2026-08-12T15:33:51.127,535,unlabeled,1,0.4665374755859375,105.60618209838867,120.28616523742676,175.57811546325684,240.0,211.21236419677734,240.57233047485352,351.1562309265137,480.0,281.1842975616455,360.28616523742676,281.1842975616455,480.0,0.43935046494007113,0.7505961775779724,0.43935046494007113,1.0,69.97193336486816,119.71383476257324,regular_ge32
2026-08-12T15:33:51.230,536,unlabeled,1,0.400795578956604,116.32407116889954,121.17759704589844,175.92449593544006,240.0,232.64814233779907,242.35519409179688,351.8489918708801,480.0,292.2485671043396,361.17759704589844,292.2485671043396,480.0,0.45663838610053065,0.7524533271789551,0.45663838610053065,1.0,59.60042476654053,118.82240295410156,regular_ge32
2026-08-12T15:33:51.346,537,unlabeled,1,0.4251631200313568,117.3875482082367,121.53574323654175,175.37968230247498,240.0,234.7750964164734,243.0714864730835,350.75936460494995,480.0,292.76723051071167,361.53574323654175,292.76723051071167,480.0,0.45744879767298696,0.7531994650761287,0.45744879767298696,1.0,57.99213409423828,118.46425676345825,regular_ge32
2026-08-12T15:33:51.448,538,unlabeled,1,0.441620409488678,117.45633172988892,122.1828818321228,175.4484658241272,240.0,234.91266345977783,244.3657636642456,350.8969316482544,480.0,292.9047975540161,362.1828818321228,292.9047975540161,480.0,0.4576637461781502,0.7545476704835892,0.4576637461781502,1.0,57.99213409423828,117.8171181678772,regular_ge32
2026-08-12T15:33:51.563,539,unlabeled,1,0.5417929887771606,119.02262544631958,118.87352013587952,175.4404673576355,240.0,238.04525089263916,237.74704027175903,350.880934715271,480.0,294.4630928039551,358.8735201358795,294.4630928039551,480.0,0.4600985825061798,0.747653166949749,0.4600985825061798,1.0,56.41784191131592,121.12647986412048,regular_ge32
2026-08-12T15:33:51.666,540,unlabeled,1,0.5748369097709656,119.39607429504395,115.96642708778381,177.38820838928223,240.0,238.7921485900879,231.93285417556763,354.77641677856445,480.0,296.7842826843262,355.9664270877838,296.7842826843262,480.0,0.46372544169425967,0.7415967230995496,0.46372544169425967,1.0,57.99213409423828,124.03357291221619,regular_ge32
2026-08-12T15:33:51.785,541,unlabeled,1,0.5830061435699463,119.14548254013062,117.48859214782715,178.74590730667114,240.0,238.29096508026123,234.9771842956543,357.4918146133423,480.0,297.89138984680176,357.48859214782715,297.89138984680176,480.0,0.46545529663562774,0.7447679003079732,0.46545529663562774,1.0,59.60042476654053,122.51140785217285,regular_ge32
2026-08-12T15:33:51.887,542,unlabeled,1,0.5911299586296082,122.07547378540039,118.87352013587952,178.4933156967163,240.0,244.15094757080078,237.74704027175903,356.9866313934326,480.0,300.5687894821167,358.8735201358795,300.5687894821167,480.0,0.4696387335658073,0.747653166949749,0.4696387335658073,1.0,56.41784191131592,121.12647986412048,regular_ge32
2026-08-12T15:33:52.008,543,unlabeled,1,0.5911299586296082,124.11742687225342,119.17654085159302,177.48779296875,240.0,248.23485374450684,238.35308170318604,354.9755859375,480.0,301.6052198410034,359.176540851593,301.6052198410034,480.0,0.47125815600156784,0.7482844601074855,0.47125815600156784,1.0,53.37036609649658,120.82345914840698,regular_ge32
2026-08-12T15:33:52.109,544,unlabeled,1,0.5748369097709656,125.88593339920044,120.39214134216309,182.30377531051636,240.0,251.77186679840088,240.78428268432617,364.6075506210327,480.0,308.1897087097168,360.3921413421631,308.1897087097168,480.0,0.4815464198589325,0.7508169611295065,0.4815464198589325,1.0,56.41784191131592,119.60785865783691,regular_ge32
2026-08-12T15:33:52.226,545,unlabeled,1,0.5748369097709656,126.13338613510132,119.87880492210388,182.55122804641724,239.87880492210388,252.26677227020264,239.75760984420776,365.1024560928345,479.75760984420776,308.68461418151855,359.75760984420776,308.68461418151855,479.75760984420776,0.48231970965862275,0.7494950205087662,0.48231970965862275,0.9994950205087662,56.41784191131592,120.0,regular_ge32
2026-08-12T15:33:52.226,545,unlabeled,2,0.2019716501235962,283.61296355724335,222.2231919169426,302.2784262895584,239.12061339616776,567.2259271144867,444.4463838338852,604.5568525791168,478.2412267923355,585.8913898468018,461.34380531311035,585.8913898468018,478.2412267923355,0.9154552966356277,0.9611329277356465,0.9154552966356277,0.9963358891506989,18.665462732315063,16.89742147922516,small_16_32
2026-08-12T15:33:52.330,546,unlabeled,1,0.5830061435699463,127.26568698883057,120.18182563781738,182.14301586151123,240.0,254.53137397766113,240.36365127563477,364.28603172302246,480.0,309.4087028503418,360.1818256378174,309.4087028503418,480.0,0.48345109820365906,0.7503788034121196,0.48345109820365906,1.0,54.877328872680664,119.81817436218262,regular_ge32
2026-08-12T15:33:52.330,546,unlabeled,2,0.21299070119857788,283.78938949108124,222.09512782096863,301.8744555711746,238.47366166114807,567.5787789821625,444.19025564193726,603.7489111423492,476.94732332229614,585.6638450622559,460.5687894821167,585.6638450622559,476.94732332229614,0.9150997579097748,0.9595183114210765,0.9150997579097748,0.9936402569214503,18.085066080093384,16.378533840179443,small_16_32
2026-08-12T15:33:52.447,547,unlabeled,1,0.5748369097709656,126.73014688491821,120.39214134216309,183.14798879623413,240.0,253.46029376983643,240.78428268432617,366.29597759246826,480.0,309.87813568115234,360.3921413421631,309.87813568115234,480.0,0.48418458700180056,0.7508169611295065,0.48418458700180056,1.0,56.41784191131592,119.60785865783691,regular_ge32
2026-08-12T15:33:52.550,548,unlabeled,1,0.5748369097709656,126.73014688491821,121.7249345779419,183.14798879623413,239.71436500549316,253.46029376983643,243.4498691558838,366.29597759246826,479.4287300109863,309.87813568115234,361.43929958343506,309.87813568115234,479.4287300109863,0.48418458700180056,0.752998540798823,0.48418458700180056,0.9988098541895548,56.41784191131592,117.98943042755127,regular_ge32
2026-08-12T15:33:52.666,549,unlabeled,1,0.5748369097709656,127.8997712135315,120.39214134216309,181.27013731002808,240.0,255.799542427063,240.78428268432617,362.54027462005615,480.0,309.16990852355957,360.3921413421631,309.16990852355957,480.0,0.48307798206806185,0.7508169611295065,0.48307798206806185,1.0,53.37036609649658,119.60785865783691,regular_ge32
2026-08-12T15:33:52.768,550,unlabeled,1,0.5748369097709656,127.38373851776123,120.6089096069336,182.2610673904419,240.0,254.76747703552246,241.2178192138672,364.5221347808838,480.0,309.6448059082031,360.6089096069336,309.6448059082031,480.0,0.48382000923156737,0.7512685616811117,0.48382000923156737,1.0,54.877328872680664,119.3910903930664,regular_ge32
2026-08-12T15:33:52.882,551,unlabeled,1,0.558379590511322,127.38373851776123,119.60362482070923,182.2610673904419,240.0,254.76747703552246,239.20724964141846,364.5221347808838,480.0,309.6448059082031,359.60362482070923,309.6448059082031,480.0,0.48382000923156737,0.7491742183764776,0.48382000923156737,1.0,54.877328872680664,120.39637517929077,regular_ge32
2026-08-12T15:33:52.984,552,unlabeled,1,0.558379590511322,127.14628982543945,119.17654085159302,182.02361869812012,240.0,254.2925796508789,238.35308170318604,364.04723739624023,480.0,309.16990852355957,359.176540851593,309.16990852355957,480.0,0.48307798206806185,0.7482844601074855,0.48307798206806185,1.0,54.877328872680664,120.82345914840698,regular_ge32
2026-08-12T15:33:53.101,553,unlabeled,1,0.5748369097709656,126.37603330612183,119.28088045120239,182.79387521743774,240.0,252.75206661224365,238.56176090240479,365.5877504348755,480.0,309.16990852355957,359.2808804512024,309.16990852355957,480.0,0.48307798206806185,0.7485018342733383,0.48307798206806185,1.0,56.41784191131592,120.71911954879761,regular_ge32
2026-08-12T15:33:53.203,554,unlabeled,1,0.5830061435699463,126.6134819984436,119.28088045120239,183.03132390975952,240.0,253.2269639968872,238.56176090240479,366.06264781951904,480.0,309.6448059082031,359.2808804512024,309.6448059082031,480.0,0.48382000923156737,0.7485018342733383,0.48382000923156737,1.0,56.41784191131592,120.71911954879761,regular_ge32
2026-08-12T15:33:53.203,554,unlabeled,2,0.20742715895175934,63.053364276885986,0.27886927127838135,74.61048078536987,10.792617201805115,126.10672855377197,0.5577385425567627,149.22096157073975,21.58523440361023,137.66384506225586,11.071486473083496,137.66384506225586,21.58523440361023,0.21509975790977479,0.02306559681892395,0.21509975790977479,0.044969238340854645,11.557116508483887,10.513747930526733,tiny_lt16
2026-08-12T15:33:53.322,555,unlabeled,1,0.5666266083717346,126.49543046951294,120.18182563781738,182.91327238082886,240.0,252.99086093902588,240.36365127563477,365.8265447616577,480.0,309.4087028503418,360.1818256378174,309.4087028503418,480.0,0.48345109820365906,0.7503788034121196,0.48345109820365906,1.0,56.41784191131592,119.81817436218262,regular_ge32
2026-08-12T15:33:53.425,556,unlabeled,1,0.5748369097709656,126.73014688491821,120.28616523742676,183.14798879623413,240.0,253.46029376983643,240.57233047485352,366.29597759246826,480.0,309.87813568115234,360.28616523742676,309.87813568115234,480.0,0.48418458700180056,0.7505961775779724,0.48418458700180056,1.0,56.41784191131592,119.71383476257324,regular_ge32
2026-08-12T15:33:53.543,557,unlabeled,1,0.5748369097709656,127.07142972946167,120.28616523742676,183.4892716407776,240.0,254.14285945892334,240.57233047485352,366.9785432815552,480.0,310.56070137023926,360.28616523742676,310.56070137023926,480.0,0.48525109589099885,0.7505961775779724,0.48525109589099885,1.0,56.41784191131592,119.71383476257324,regular_ge32
2026-08-12T15:33:53.649,558,unlabeled,1,0.5830061435699463,127.71193838119507,120.6089096069336,184.129780292511,240.0,255.42387676239014,241.2178192138672,368.259560585022,480.0,311.84171867370605,360.6089096069336,311.84171867370605,480.0,0.4872526854276657,0.7512685616811117,0.4872526854276657,1.0,56.41784191131592,119.3910903930664,regular_ge32
2026-08-12T15:33:53.764,559,unlabeled,1,0.5748369097709656,126.84538412094116,119.28088045120239,183.26322603225708,240.0,253.69076824188232,238.56176090240479,366.52645206451416,480.0,310.10861015319824,359.2808804512024,310.10861015319824,480.0,0.4845447033643723,0.7485018342733383,0.4845447033643723,1.0,56.41784191131592,120.71911954879761,regular_ge32
2026-08-12T15:33:53.866,560,unlabeled,1,0.5830061435699463,127.07142972946167,120.28616523742676,183.4892716407776,240.0,254.14285945892334,240.57233047485352,366.9785432815552,480.0,310.56070137023926,360.28616523742676,310.56070137023926,480.0,0.48525109589099885,0.7505961775779724,0.48525109589099885,1.0,56.41784191131592,119.71383476257324,regular_ge32
2026-08-12T15:33:53.981,561,unlabeled,1,0.5748369097709656,126.7177677154541,120.49973058700562,184.70990180969238,240.0,253.4355354309082,240.99946117401123,369.41980361938477,480.0,311.4276695251465,360.4997305870056,311.4276695251465,480.0,0.4866057336330414,0.751041105389595,0.4866057336330414,1.0,57.99213409423828,119.50026941299438,regular_ge32
2026-08-12T15:33:54.083,562,unlabeled,1,0.5830061435699463,126.7177677154541,120.49973058700562,184.70990180969238,240.0,253.4355354309082,240.99946117401123,369.41980361938477,480.0,311.4276695251465,360.4997305870056,311.4276695251465,480.0,0.4866057336330414,0.751041105389595,0.4866057336330414,1.0,57.99213409423828,119.50026941299438,regular_ge32
2026-08-12T15:33:54.206,563,unlabeled,1,0.5666266083717346,127.39893770217896,119.38685655593872,183.81677961349487,240.0,254.7978754043579,238.77371311187744,367.63355922698975,480.0,311.2157173156738,359.3868565559387,311.2157173156738,480.0,0.48627455830574035,0.7487226178248724,0.48627455830574035,1.0,56.41784191131592,120.61314344406128,regular_ge32
2026-08-12T15:33:54.308,564,unlabeled,1,0.5748369097709656,126.61179161071777,120.6089096069336,184.60392570495605,240.0,253.22358322143555,241.2178192138672,369.2078514099121,480.0,311.2157173156738,360.6089096069336,311.2157173156738,480.0,0.48627455830574035,0.7512685616811117,0.48627455830574035,1.0,57.99213409423828,119.3910903930664,regular_ge32
2026-08-12T15:33:54.308,564,unlabeled,2,0.21299070119857788,63.08310425281525,0.15817224979400635,73.91635692119598,10.67192018032074,126.1662085056305,0.3163444995880127,147.83271384239197,21.34384036064148,136.99946117401123,10.830092430114746,136.99946117401123,21.34384036064148,0.21406165808439254,0.022562692562739056,0.21406165808439254,0.04446633408466975,10.833252668380737,10.513747930526733,tiny_lt16
2026-08-12T15:33:54.429,565,unlabeled,1,0.5748369097709656,126.82210731506348,119.38685655593872,184.81424140930176,240.0,253.64421463012695,238.77371311187744,369.6284828186035,480.0,311.63634872436523,359.3868565559387,311.63634872436523,480.0,0.4869317948818207,0.7487226178248724,0.4869317948818207,1.0,57.99213409423828,120.61314344406128,regular_ge32
2026-08-12T15:33:54.531,566,unlabeled,1,0.5666266083717346,126.82210731506348,120.83192253112793,184.81424140930176,240.0,253.64421463012695,241.66384506225586,369.6284828186035,480.0,311.63634872436523,360.83192253112793,311.63634872436523,480.0,0.4869317948818207,0.7517331719398499,0.4869317948818207,1.0,57.99213409423828,119.16807746887207,regular_ge32
2026-08-12T15:33:54.531,566,unlabeled,2,0.20742715895175934,62.83035135269165,0.0,74.38746786117554,10.72357553243637,125.6607027053833,0.0,148.77493572235107,21.44715106487274,137.2178192138672,10.72357553243637,137.2178192138672,21.44715106487274,0.21440284252166747,0.022340782359242438,0.21440284252166747,0.044681564718484876,11.557116508483887,10.72357553243637,tiny_lt16
2026-08-12T15:33:54.651,567,unlabeled,1,0.5830061435699463,127.50491380691528,119.49444580078125,183.9227557182312,240.0,255.00982761383057,238.9888916015625,367.8455114364624,480.0,311.4276695251465,359.49444580078125,311.4276695251465,480.0,0.4866057336330414,0.7489467620849609,0.4866057336330414,1.0,56.41784191131592,120.50555419921875,regular_ge32
2026-08-12T15:33:54.651,567,unlabeled,2,0.20742715895175934,283.5663765668869,221.6969956755638,301.6514426469803,239.12846285104752,567.1327531337738,443.3939913511276,603.3028852939606,478.25692570209503,585.2178192138672,460.8254585266113,585.2178192138672,478.25692570209503,0.9144028425216675,0.9600530385971069,0.9144028425216675,0.9963685952126979,18.085066080093384,17.431467175483704,small_16_32
2026-08-12T15:33:54.753,568,unlabeled,1,0.5748369097709656,127.18217039108276,120.83192253112793,183.60001230239868,240.0,254.36434078216553,241.66384506225586,367.20002460479736,480.0,310.78218269348145,360.83192253112793,310.78218269348145,480.0,0.48559716045856477,0.7517331719398499,0.48559716045856477,1.0,56.41784191131592,119.16807746887207,regular_ge32
2026-08-12T15:33:54.872,569,unlabeled,1,0.5748369097709656,127.50491380691528,119.71436500549316,183.9227557182312,240.0,255.00982761383057,239.42873001098633,367.8455114364624,480.0,311.4276695251465,359.71436500549316,311.4276695251465,480.0,0.4866057336330414,0.7494049270947775,0.4866057336330414,1.0,56.41784191131592,120.28563499450684,regular_ge32
2026-08-12T15:33:54.872,569,unlabeled,2,0.22444185614585876,63.192283272743225,0.0,74.02553594112396,10.842972695827484,126.38456654548645,0.0,148.05107188224792,21.68594539165497,137.2178192138672,10.842972695827484,137.2178192138672,21.68594539165497,0.21440284252166747,0.02258952644964059,0.21440284252166747,0.04517905289928118,10.833252668380737,10.842972695827484,tiny_lt16
2026-08-12T15:33:54.974,570,unlabeled,1,0.5748369097709656,128.37950992584229,120.83192253112793,183.25683879852295,240.0,256.75901985168457,241.66384506225586,366.5136775970459,480.0,311.63634872436523,360.83192253112793,311.63634872436523,480.0,0.4869317948818207,0.7517331719398499,0.4869317948818207,1.0,54.877328872680664,119.16807746887207,regular_ge32
2026-08-12T15:33:55.088,571,unlabeled,1,0.5748369097709656,128.37950992584229,120.83192253112793,183.25683879852295,240.0,256.75901985168457,241.66384506225586,366.5136775970459,480.0,311.63634872436523,360.83192253112793,311.63634872436523,480.0,0.4869317948818207,0.7517331719398499,0.4869317948818207,1.0,54.877328872680664,119.16807746887207,regular_ge32
2026-08-12T15:33:55.190,572,unlabeled,1,0.5748369097709656,127.39893770217896,120.83192253112793,183.81677961349487,240.0,254.7978754043579,241.66384506225586,367.63355922698975,480.0,311.2157173156738,360.83192253112793,311.2157173156738,480.0,0.48627455830574035,0.7517331719398499,0.48627455830574035,1.0,56.41784191131592,119.16807746887207,regular_ge32
2026-08-12T15:33:55.306,573,unlabeled,1,0.5748369097709656,127.29134798049927,120.71964979171753,183.70918989181519,240.0,254.58269596099854,241.43929958343506,367.41837978363037,480.0,311.00053787231445,360.71964979171753,311.00053787231445,480.0,0.48593834042549133,0.7514992703994116,0.48593834042549133,1.0,56.41784191131592,119.28035020828247,regular_ge32
2026-08-12T15:33:55.306,573,unlabeled,2,0.2549463212490082,62.90495848655701,0.0,74.09450268745422,11.140016466379166,125.80991697311401,0.0,148.18900537490845,22.28003293275833,136.99946117401123,11.140016466379166,136.99946117401123,22.28003293275833,0.21406165808439254,0.02320836763828993,0.21406165808439254,0.04641673527657986,11.189544200897217,11.140016466379166,tiny_lt16
2026-08-12T15:33:55.306,573,unlabeled,3,0.2019716501235962,283.5253303050995,223.79477560520172,301.047000169754,239.66922223567963,567.050660610199,447.58955121040344,602.094000339508,479.33844447135925,584.5723304748535,463.46399784088135,584.5723304748535,479.33844447135925,0.9133942663669586,0.9655499955018362,0.9133942663669586,0.9986217593153318,17.52166986465454,15.874446630477905,tiny_lt16
2026-08-12T15:33:55.410,574,unlabeled,1,0.5666266083717346,127.29134798049927,119.49444580078125,183.70918989181519,240.0,254.58269596099854,238.9888916015625,367.41837978363037,480.0,311.00053787231445,359.49444580078125,311.00053787231445,480.0,0.48593834042549133,0.7489467620849609,0.48593834042549133,1.0,56.41784191131592,120.50555419921875,regular_ge32
2026-08-12T15:33:55.410,574,unlabeled,2,0.21299070119857788,62.61358308792114,0.0,74.17069959640503,10.842972695827484,125.22716617584229,0.0,148.34139919281006,21.68594539165497,136.78428268432617,10.842972695827484,136.78428268432617,21.68594539165497,0.21372544169425964,0.02258952644964059,0.21372544169425964,0.04517905289928118,11.557116508483887,10.842972695827484,tiny_lt16
2026-08-12T15:33:55.526,575,unlabeled,1,0.5748369097709656,128.0616044998169,120.71964979171753,182.93893337249756,240.0,256.1232089996338,241.43929958343506,365.8778667449951,480.0,311.00053787231445,360.71964979171753,311.00053787231445,480.0,0.48593834042549133,0.7514992703994116,0.48593834042549133,1.0,54.877328872680664,119.28035020828247,regular_ge32
2026-08-12T15:33:55.526,575,unlabeled,2,0.2019716501235962,62.55593764781952,0.0,74.88336193561554,10.72357553243637,125.11187529563904,0.0,149.76672387123108,21.44715106487274,137.43929958343506,10.72357553243637,137.43929958343506,21.44715106487274,0.21474890559911727,0.022340782359242438,0.21474890559911727,0.044681564718484876,12.32742428779602,10.72357553243637,tiny_lt16
2026-08-12T15:33:55.628,576,unlabeled,1,0.5748369097709656,127.50491380691528,120.6089096069336,183.9227557182312,240.0,255.00982761383057,241.2178192138672,367.8455114364624,480.0,311.4276695251465,360.6089096069336,311.4276695251465,480.0,0.4866057336330414,0.7512685616811117,0.4866057336330414,1.0,56.41784191131592,119.3910903930664,regular_ge32
2026-08-12T15:33:55.628,576,unlabeled,2,0.2363237887620926,62.86953890323639,0.0,73.70279157161713,11.081709444522858,125.73907780647278,0.0,147.40558314323425,22.163418889045715,136.57233047485352,11.081709444522858,136.57233047485352,22.163418889045715,0.21339426636695863,0.023086894676089285,0.21339426636695863,0.04617378935217857,10.833252668380737,11.081709444522858,tiny_lt16
2026-08-12T15:33:55.741,577,unlabeled,1,0.5830061435699463,127.71193838119507,120.83192253112793,184.129780292511,240.0,255.42387676239014,241.66384506225586,368.259560585022,480.0,311.84171867370605,360.83192253112793,311.84171867370605,480.0,0.4872526854276657,0.7517331719398499,0.4872526854276657,1.0,56.41784191131592,119.16807746887207,regular_ge32
2026-08-12T15:33:55.843,578,unlabeled,1,0.5748369097709656,128.2751703262329,119.49444580078125,183.15249919891357,240.0,256.5503406524658,238.9888916015625,366.30499839782715,480.0,311.4276695251465,359.49444580078125,311.4276695251465,480.0,0.4866057336330414,0.7489467620849609,0.4866057336330414,1.0,54.877328872680664,120.50555419921875,regular_ge32
2026-08-12T15:33:55.843,578,unlabeled,2,0.2019716501235962,282.8924140930176,222.2231919169426,302.7714309692383,239.12061339616776,565.7848281860352,444.4463838338852,605.5428619384766,478.2412267923355,585.6638450622559,461.34380531311035,585.6638450622559,478.2412267923355,0.9150997579097748,0.9611329277356465,0.9150997579097748,0.9963358891506989,19.879016876220703,16.89742147922516,small_16_32
2026-08-12T15:33:55.960,579,unlabeled,1,0.5748369097709656,128.4821949005127,119.49444580078125,183.35952377319336,240.0,256.9643898010254,238.9888916015625,366.7190475463867,480.0,311.84171867370605,359.49444580078125,311.84171867370605,480.0,0.4872526854276657,0.7489467620849609,0.4872526854276657,1.0,54.877328872680664,120.50555419921875,regular_ge32
2026-08-12T15:33:55.960,579,unlabeled,2,0.2613641023635864,63.282373905181885,0.0,74.83949041366577,10.899922281503677,126.56474781036377,0.0,149.67898082733154,21.799844563007355,138.12186431884766,10.899922281503677,138.12186431884766,21.799844563007355,0.21581541299819945,0.022708171419799326,0.21581541299819945,0.04541634283959865,11.557116508483887,10.899922281503677,tiny_lt16
2026-08-12T15:33:56.061,580,unlabeled,1,0.5748369097709656,128.16919422149658,119.71436500549316,183.04652309417725,240.0,256.33838844299316,239.42873001098633,366.0930461883545,480.0,311.2157173156738,359.71436500549316,311.2157173156738,480.0,0.48627455830574035,0.7494049270947775,0.48627455830574035,1.0,54.877328872680664,120.28563499450684,regular_ge32
2026-08-12T15:33:56.061,580,unlabeled,2,0.27450883388519287,62.90495848655701,0.0,74.09450268745422,11.01931944489479,125.80991697311401,0.0,148.18900537490845,22.03863888978958,136.99946117401123,11.01931944489479,136.99946117401123,22.03863888978958,0.21406165808439254,0.02295691551019748,0.21406165808439254,0.04591383102039496,11.189544200897217,11.01931944489479,tiny_lt16
2026-08-12T15:33:56.176,581,unlabeled,1,0.5748369097709656,127.71193838119507,121.06093215942383,184.129780292511,240.0,255.42387676239014,242.12186431884766,368.259560585022,480.0,311.84171867370605,361.0609321594238,311.84171867370605,480.0,0.4872526854276657,0.752210275332133,0.4872526854276657,1.0,56.41784191131592,118.93906784057617,regular_ge32
2026-08-12T15:33:56.176,581,unlabeled,2,0.2549463212490082,63.30302345752716,0.0,74.1362761259079,10.48885864019394,126.60604691505432,0.0,148.2725522518158,20.97771728038788,137.43929958343506,10.48885864019394,137.43929958343506,20.97771728038788,0.21474890559911727,0.021851788833737375,0.21474890559911727,0.04370357766747475,10.833252668380737,10.48885864019394,tiny_lt16
2026-08-12T15:33:56.278,582,unlabeled,1,0.5830061435699463,129.33668756484985,119.60362482070923,182.70705366134644,240.0,258.6733751296997,239.20724964141846,365.41410732269287,480.0,312.0437412261963,359.60362482070923,312.0437412261963,480.0,0.4875683456659317,0.7491742183764776,0.4875683456659317,1.0,53.37036609649658,120.39637517929077,regular_ge32
2026-08-12T15:33:56.278,582,unlabeled,2,0.22444185614585876,63.23715043067932,0.0,74.42669463157654,10.72357553243637,126.47430086135864,0.0,148.85338926315308,21.44715106487274,137.66384506225586,10.72357553243637,137.66384506225586,21.44715106487274,0.21509975790977479,0.022340782359242438,0.21509975790977479,0.044681564718484876,11.189544200897217,10.72357553243637,tiny_lt16
2026-08-12T15:33:56.396,583,unlabeled,1,0.5911299586296082,129.23567628860474,119.71436500549316,182.60604238510132,240.0,258.4713525772095,239.42873001098633,365.21208477020264,480.0,311.84171867370605,359.71436500549316,311.84171867370605,480.0,0.4872526854276657,0.7494049270947775,0.4872526854276657,1.0,53.37036609649658,120.28563499450684,regular_ge32
2026-08-12T15:33:56.396,583,unlabeled,2,0.2549463212490082,63.12487769126892,0.15817224979400635,74.31442189216614,10.67192018032074,126.24975538253784,0.3163444995880127,148.62884378433228,21.34384036064148,137.43929958343506,10.830092430114746,137.43929958343506,21.34384036064148,0.21474890559911727,0.022562692562739056,0.21474890559911727,0.04446633408466975,11.189544200897217,10.513747930526733,tiny_lt16
2026-08-12T15:33:56.498,584,unlabeled,1,0.5748369097709656,128.5832061767578,120.71964979171753,183.46053504943848,240.0,257.1664123535156,241.43929958343506,366.92107009887695,480.0,312.0437412261963,360.71964979171753,312.0437412261963,480.0,0.4875683456659317,0.7514992703994116,0.4875683456659317,1.0,54.877328872680664,119.28035020828247,regular_ge32
2026-08-12T15:33:56.498,584,unlabeled,2,0.2613641023635864,63.30302345752716,0.0,74.1362761259079,11.140016466379166,126.60604691505432,0.0,148.2725522518158,22.28003293275833,137.43929958343506,11.140016466379166,137.43929958343506,22.28003293275833,0.21474890559911727,0.02320836763828993,0.21474890559911727,0.04641673527657986,10.833252668380737,11.140016466379166,tiny_lt16
2026-08-12T15:33:56.614,585,unlabeled,1,0.5748369097709656,128.00989961624146,120.94569492340088,184.42774152755737,240.0,256.0197992324829,241.89138984680176,368.85548305511475,480.0,312.4376411437988,360.9456949234009,312.4376411437988,480.0,0.48818381428718566,0.7519701977570852,0.48818381428718566,1.0,56.41784191131592,119.05430507659912,regular_ge32
2026-08-12T15:33:56.614,585,unlabeled,2,0.24863308668136597,63.58282494544983,0.22976642847061157,74.77236914634705,11.085619390010834,127.16564989089966,0.45953285694122314,149.5447382926941,22.171238780021667,138.35519409179688,11.315385818481445,138.35519409179688,22.171238780021667,0.2161799907684326,0.02357372045516968,0.2161799907684326,0.04619008079171181,11.189544200897217,10.855852961540222,tiny_lt16
2026-08-12T15:33:56.717,586,unlabeled,1,0.5748369097709656,127.41286277770996,121.29564905166626,185.40499687194824,240.0,254.82572555541992,242.59129810333252,370.8099937438965,480.0,312.8178596496582,361.29564905166626,312.8178596496582,480.0,0.48877790570259094,0.752699268857638,0.48877790570259094,1.0,57.99213409423828,118.70435094833374,regular_ge32
2026-08-12T15:33:56.717,586,unlabeled,2,0.22444185614585876,63.75530552864075,0.20467731356620789,73.90853953361511,10.386620789766312,127.5106110572815,0.40935462713241577,147.81707906723022,20.773241579532623,137.66384506225586,10.59129810333252,137.66384506225586,20.773241579532623,0.21509975790977479,0.02206520438194275,0.21509975790977479,0.043277586624026296,10.153234004974365,10.181943476200104,tiny_lt16
2026-08-12T15:33:56.717,586,unlabeled,3,0.20742715895175934,282.97726035118103,223.00912928581238,302.24055886268616,239.38766312599182,565.9545207023621,446.01825857162476,604.4811177253723,478.77532625198364,585.2178192138672,462.3967924118042,585.2178192138672,478.77532625198364,0.9144028425216675,0.9633266508579255,0.9144028425216675,0.9974485963582993,19.263298511505127,16.378533840179443,small_16_32
2026-08-12T15:33:56.832,587,unlabeled,1,0.5830061435699463,127.5053358078003,121.41504621505737,185.49746990203857,240.0,255.0106716156006,242.83009243011475,370.99493980407715,480.0,313.00280570983887,361.4150462150574,313.00280570983887,480.0,0.48906688392162323,0.7529480129480361,0.48906688392162323,1.0,57.99213409423828,118.58495378494263,regular_ge32
2026-08-12T15:33:56.832,587,unlabeled,2,0.24863308668136597,63.52906858921051,0.15817224979400635,74.36232125759125,10.67192018032074,127.05813717842102,0.3163444995880127,148.7246425151825,21.34384036064148,137.89138984680176,10.830092430114746,137.89138984680176,21.34384036064148,0.21545529663562774,0.022562692562739056,0.21545529663562774,0.04446633408466975,10.833252668380737,10.513747930526733,tiny_lt16
2026-08-12T15:33:56.934,588,unlabeled,1,0.5830061435699463,127.91227388381958,121.17759704589844,184.3301157951355,240.0,255.82454776763916,242.35519409179688,368.660231590271,480.0,312.2423896789551,361.17759704589844,312.2423896789551,480.0,0.48787873387336733,0.7524533271789551,0.48787873387336733,1.0,56.41784191131592,118.82240295410156,regular_ge32
2026-08-12T15:33:56.934,588,unlabeled,2,0.20742715895175934,63.36494958400726,0.0,73.85286962985992,10.842972695827484,126.72989916801453,0.0,147.70573925971985,21.68594539165497,137.2178192138672,10.842972695827484,137.2178192138672,21.68594539165497,0.21440284252166747,0.02258952644964059,0.21440284252166747,0.04517905289928118,10.487920045852661,10.842972695827484,tiny_lt16
2026-08-12T15:33:57.049,589,unlabeled,1,0.5748369097709656,128.4821949005127,120.05564737319946,183.35952377319336,240.0,256.9643898010254,240.11129474639893,366.7190475463867,480.0,311.84171867370605,360.05564737319946,311.84171867370605,480.0,0.4872526854276657,0.7501159320274989,0.4872526854276657,1.0,54.877328872680664,119.94435262680054,regular_ge32
2026-08-12T15:33:57.049,589,unlabeled,2,0.2363237887620926,63.23715043067932,0.0,74.42669463157654,10.842972695827484,126.47430086135864,0.0,148.85338926315308,21.68594539165497,137.66384506225586,10.842972695827484,137.66384506225586,21.68594539165497,0.21509975790977479,0.02258952644964059,0.21509975790977479,0.04517905289928118,11.189544200897217,10.842972695827484,tiny_lt16
2026-08-12T15:33:57.151,590,unlabeled,1,0.5748369097709656,128.4821949005127,119.28088045120239,183.35952377319336,240.0,256.9643898010254,238.56176090240479,366.7190475463867,480.0,311.84171867370605,359.2808804512024,311.84171867370605,480.0,0.4872526854276657,0.7485018342733383,0.4872526854276657,1.0,54.877328872680664,120.71911954879761,regular_ge32
2026-08-12T15:33:57.267,591,unlabeled,1,0.5911299586296082,129.0627384185791,120.49973058700562,183.94006729125977,240.0,258.1254768371582,240.99946117401123,367.88013458251953,480.0,313.00280570983887,360.4997305870056,313.00280570983887,480.0,0.48906688392162323,0.751041105389595,0.48906688392162323,1.0,54.877328872680664,119.50026941299438,regular_ge32
2026-08-12T15:33:57.267,591,unlabeled,2,0.2613641023635864,63.5879625082016,0.0,74.07588255405426,11.140016466379166,127.1759250164032,0.0,148.15176510810852,22.28003293275833,137.66384506225586,11.140016466379166,137.66384506225586,22.28003293275833,0.21509975790977479,0.02320836763828993,0.21509975790977479,0.04641673527657986,10.487920045852661,11.140016466379166,tiny_lt16
2026-08-12T15:33:57.369,592,unlabeled,1,0.5911299586296082,128.3832278251648,119.60362482070923,184.8010697364807,240.0,256.7664556503296,239.20724964141846,369.6021394729614,480.0,313.1842975616455,359.60362482070923,313.1842975616455,480.0,0.4893504649400711,0.7491742183764776,0.4893504649400711,1.0,56.41784191131592,120.39637517929077,regular_ge32
2026-08-12T15:33:57.369,592,unlabeled,2,0.2549463212490082,63.53229260444641,0.0,73.68552660942078,10.72357553243637,127.06458520889282,0.0,147.37105321884155,21.44715106487274,137.2178192138672,10.72357553243637,137.2178192138672,21.44715106487274,0.21440284252166747,0.022340782359242438,0.21440284252166747,0.044681564718484876,10.153234004974365,10.72357553243637,tiny_lt16
2026-08-12T15:33:57.486,593,unlabeled,1,0.5830061435699463,128.00989961624146,119.71436500549316,184.42774152755737,240.0,256.0197992324829,239.42873001098633,368.85548305511475,480.0,312.4376411437988,359.71436500549316,312.4376411437988,480.0,0.48818381428718566,0.7494049270947775,0.48818381428718566,1.0,56.41784191131592,120.28563499450684,regular_ge32
2026-08-12T15:33:57.486,593,unlabeled,2,0.27450883388519287,63.053364276885986,0.053419679403305054,74.61048078536987,11.26196613907814,126.10672855377197,0.10683935880661011,149.22096157073975,22.52393227815628,137.66384506225586,11.315385818481445,137.66384506225586,22.52393227815628,0.21509975790977479,0.02357372045516968,0.21509975790977479,0.046924858912825586,11.557116508483887,11.208546459674835,tiny_lt16
2026-08-12T15:33:57.588,594,unlabeled,1,0.5830061435699463,127.31866645812988,120.49973058700562,185.31080055236816,240.0,254.63733291625977,240.99946117401123,370.6216011047363,480.0,312.62946701049805,360.4997305870056,312.62946701049805,480.0,0.4884835422039032,0.751041105389595,0.4884835422039032,1.0,57.99213409423828,119.50026941299438,regular_ge32
2026-08-12T15:33:57.588,594,unlabeled,2,0.2613641023635864,62.83035135269165,0.0,74.38746786117554,10.605523526668549,125.6607027053833,0.0,148.77493572235107,21.211047053337097,137.2178192138672,10.605523526668549,137.2178192138672,21.211047053337097,0.21440284252166747,0.022094840680559478,0.21440284252166747,0.044189681361118956,11.557116508483887,10.605523526668549,tiny_lt16
2026-08-12T15:33:57.704,595,unlabeled,1,0.5748369097709656,126.70119047164917,120.6089096069336,186.3016152381897,240.0,253.40238094329834,241.2178192138672,372.6032304763794,480.0,313.00280570983887,360.6089096069336,313.00280570983887,480.0,0.48906688392162323,0.7512685616811117,0.48906688392162323,1.0,59.60042476654053,119.3910903930664,regular_ge32
2026-08-12T15:33:57.704,595,unlabeled,2,0.218662291765213,63.09278345108032,0.22976642847061157,75.02908086776733,11.085619390010834,126.18556690216064,0.45953285694122314,150.05816173553467,22.171238780021667,138.12186431884766,11.315385818481445,138.12186431884766,22.171238780021667,0.21581541299819945,0.02357372045516968,0.21581541299819945,0.04619008079171181,11.936297416687012,10.855852961540222,tiny_lt16
2026-08-12T15:33:57.806,596,unlabeled,1,0.5666266083717346,126.51452112197876,121.06093215942383,186.1149458885193,240.0,253.02904224395752,242.12186431884766,372.2298917770386,480.0,312.62946701049805,361.0609321594238,312.62946701049805,480.0,0.4884835422039032,0.752210275332133,0.4884835422039032,1.0,59.60042476654053,118.93906784057617,regular_ge32
2026-08-12T15:33:57.806,596,unlabeled,2,0.23032912611961365,62.75150108337402,0.0,74.68779850006104,11.01931944489479,125.50300216674805,0.0,149.37559700012207,22.03863888978958,137.43929958343506,11.01931944489479,137.43929958343506,22.03863888978958,0.21474890559911727,0.02295691551019748,0.21474890559911727,0.04591383102039496,11.936297416687012,11.01931944489479,tiny_lt16
2026-08-12T15:33:57.922,597,unlabeled,1,0.5830061435699463,126.70119047164917,121.17759704589844,186.3016152381897,240.0,253.40238094329834,242.35519409179688,372.6032304763794,480.0,313.00280570983887,361.17759704589844,313.00280570983887,480.0,0.48906688392162323,0.7524533271789551,0.48906688392162323,1.0,59.60042476654053,118.82240295410156,regular_ge32
2026-08-12T15:33:58.025,598,unlabeled,1,0.5748369097709656,128.10432720184326,119.94041013717651,186.09646129608154,240.0,256.2086544036865,239.88082027435303,372.1929225921631,480.0,314.2007884979248,359.9404101371765,314.2007884979248,480.0,0.49093873202800753,0.7498758544524511,0.49093873202800753,1.0,57.99213409423828,120.05958986282349,regular_ge32
2026-08-12T15:33:58.025,598,unlabeled,2,0.2363237887620926,62.75150108337402,0.10781675577163696,74.68779850006104,10.96366971731186,125.50300216674805,0.21563351154327393,149.37559700012207,21.92733943462372,137.43929958343506,11.071486473083496,137.43929958343506,21.92733943462372,0.21474890559911727,0.02306559681892395,0.21474890559911727,0.04568195715546608,11.936297416687012,10.855852961540222,tiny_lt16
2026-08-12T15:33:58.138,599,unlabeled,1,0.5666266083717346,128.02391147613525,119.94041013717651,186.01604557037354,240.0,256.0478229522705,239.88082027435303,372.03209114074707,480.0,314.0399570465088,359.9404101371765,314.0399570465088,480.0,0.49068743288516997,0.7498758544524511,0.49068743288516997,1.0,57.99213409423828,120.05958986282349,regular_ge32
2026-08-12T15:33:58.241,600,unlabeled,1,0.5666266083717346,129.04721212387085,121.17759704589844,185.46505403518677,240.0,258.0944242477417,242.35519409179688,370.93010807037354,480.0,314.5122661590576,361.17759704589844,314.5122661590576,480.0,0.4914254158735275,0.7524533271789551,0.4914254158735275,1.0,56.41784191131592,118.82240295410156,regular_ge32
2026-08-12T15:33:58.241,600,unlabeled,2,0.21299070119857788,63.192283272743225,0.0,74.02553594112396,10.781870275735855,126.38456654548645,0.0,148.05107188224792,21.56374055147171,137.2178192138672,10.781870275735855,137.2178192138672,21.56374055147171,0.21440284252166747,0.022462229741116366,0.21440284252166747,0.04492445948223273,10.833252668380737,10.781870275735855,tiny_lt16
2026-08-12T15:33:58.241,600,unlabeled,3,0.2019716501235962,282.6545159816742,222.21824115514755,301.9178144931793,239.64970833063126,565.3090319633484,444.4364823102951,603.8356289863586,479.2994166612625,584.5723304748535,461.8679494857788,584.5723304748535,479.2994166612625,0.9133942663669586,0.9622248947620392,0.9133942663669586,0.9985404513776303,19.263298511505127,17.431467175483704,small_16_32
2026-08-12T15:33:58.356,601,unlabeled,1,0.5748369097709656,128.97018766403198,121.78084468841553,185.3880295753479,240.0,257.94037532806396,243.56168937683105,370.7760591506958,480.0,314.3582172393799,361.7808446884155,314.3582172393799,480.0,0.49118471443653106,0.7537100931008657,0.49118471443653106,1.0,56.41784191131592,118.21915531158447,regular_ge32
2026-08-12T15:33:58.356,601,unlabeled,2,0.24242530763149261,62.863773822784424,0.0,74.80007123947144,11.44375330209732,125.72754764556885,0.0,149.60014247894287,22.88750660419464,137.66384506225586,11.44375330209732,137.66384506225586,22.88750660419464,0.21509975790977479,0.023841152712702752,0.21509975790977479,0.047682305425405504,11.936297416687012,11.44375330209732,tiny_lt16
2026-08-12T15:33:58.459,602,unlabeled,1,0.5666266083717346,128.1830415725708,121.41504621505737,186.17517566680908,240.0,256.3660831451416,242.83009243011475,372.35035133361816,480.0,314.3582172393799,361.4150462150574,314.3582172393799,480.0,0.49118471443653106,0.7529480129480361,0.49118471443653106,1.0,57.99213409423828,118.58495378494263,regular_ge32
2026-08-12T15:33:58.574,603,unlabeled,1,0.5748369097709656,127.37889623641968,122.54102802276611,186.9793210029602,240.0,254.75779247283936,245.08205604553223,373.9586420059204,480.0,314.3582172393799,362.5410280227661,314.3582172393799,480.0,0.49118471443653106,0.7552938083807628,0.49118471443653106,1.0,59.60042476654053,117.45897197723389,regular_ge32
2026-08-12T15:33:58.574,603,unlabeled,2,0.24242530763149261,63.014137506484985,0.0,74.2036817073822,10.842972695827484,126.02827501296997,0.0,148.4073634147644,21.68594539165497,137.2178192138672,10.842972695827484,137.2178192138672,21.68594539165497,0.21440284252166747,0.02258952644964059,0.21440284252166747,0.04517905289928118,11.189544200897217,10.842972695827484,tiny_lt16
2026-08-12T15:33:58.677,604,unlabeled,1,0.5748369097709656,127.21976613998413,121.29564905166626,186.82019090652466,240.0,254.43953227996826,242.59129810333252,373.6403818130493,480.0,314.0399570465088,361.29564905166626,314.0399570465088,480.0,0.49068743288516997,0.752699268857638,0.49068743288516997,1.0,59.60042476654053,118.70435094833374,regular_ge32
2026-08-12T15:33:58.793,605,unlabeled,1,0.5748369097709656,128.02391147613525,121.41504621505737,186.01604557037354,240.0,256.0478229522705,242.83009243011475,372.03209114074707,480.0,314.0399570465088,361.4150462150574,314.0399570465088,480.0,0.49068743288516997,0.7529480129480361,0.49068743288516997,1.0,57.99213409423828,118.58495378494263,regular_ge32
2026-08-12T15:33:58.793,605,unlabeled,2,0.21299070119857788,62.72117233276367,0.0,74.27828884124756,10.781870275735855,125.44234466552734,0.0,148.55657768249512,21.56374055147171,136.99946117401123,10.781870275735855,136.99946117401123,21.56374055147171,0.21406165808439254,0.022462229741116366,0.21406165808439254,0.04492445948223273,11.557116508483887,10.781870275735855,tiny_lt16
2026-08-12T15:33:58.894,606,unlabeled,1,0.5748369097709656,127.21976613998413,122.78612947463989,186.82019090652466,240.0,254.43953227996826,245.57225894927979,373.6403818130493,480.0,314.0399570465088,362.7861294746399,314.0399570465088,480.0,0.49068743288516997,0.7558044364054998,0.49068743288516997,1.0,59.60042476654053,117.21387052536011,regular_ge32
2026-08-12T15:33:58.894,606,unlabeled,2,0.21299070119857788,62.941091537475586,0.22976642847061157,74.49820804595947,11.085619390010834,125.88218307495117,0.45953285694122314,148.99641609191895,22.171238780021667,137.43929958343506,11.315385818481445,137.43929958343506,22.171238780021667,0.21474890559911727,0.02357372045516968,0.21474890559911727,0.04619008079171181,11.557116508483887,10.855852961540222,tiny_lt16
2026-08-12T15:33:59.009,607,unlabeled,1,0.5830061435699463,127.05380392074585,122.30093383789062,186.65422868728638,240.0,254.1076078414917,244.60186767578125,373.30845737457275,480.0,313.7080326080322,362.3009338378906,313.7080326080322,480.0,0.49016880095005033,0.7547936121622721,0.49016880095005033,1.0,59.60042476654053,117.69906616210938,regular_ge32
2026-08-12T15:33:59.009,607,unlabeled,2,0.2019716501235962,282.3523724079132,221.68138659000397,302.865446805954,239.66241872310638,564.7047448158264,443.36277318000793,605.730893611908,479.32483744621277,585.2178192138672,461.34380531311035,585.2178192138672,479.32483744621277,0.9144028425216675,0.9611329277356465,0.9144028425216675,0.9985934113462765,20.51307439804077,17.981032133102417,small_16_32
2026-08-12T15:33:59.111,608,unlabeled,1,0.5748369097709656,126.79193639755249,120.94569492340088,186.39236116409302,240.0,253.58387279510498,241.89138984680176,372.78472232818604,480.0,313.1842975616455,360.9456949234009,313.1842975616455,480.0,0.4893504649400711,0.7519701977570852,0.4893504649400711,1.0,59.60042476654053,119.05430507659912,regular_ge32
2026-08-12T15:33:59.226,609,unlabeled,1,0.5748369097709656,126.9682412147522,121.7249345779419,186.56866598129272,239.71436500549316,253.9364824295044,243.4498691558838,373.13733196258545,479.4287300109863,313.5369071960449,361.43929958343506,313.5369071960449,479.4287300109863,0.4899014174938202,0.752998540798823,0.4899014174938202,0.9988098541895548,59.60042476654053,117.98943042755127,regular_ge32
2026-08-12T15:33:59.328,610,unlabeled,1,0.5666266083717346,126.41860818862915,122.42033100128174,186.01903295516968,240.0,252.8372163772583,244.84066200256348,372.03806591033936,480.0,312.4376411437988,362.42033100128174,312.4376411437988,480.0,0.48818381428718566,0.7550423562526702,0.48818381428718566,1.0,59.60042476654053,117.57966899871826,regular_ge32
2026-08-12T15:33:59.441,611,unlabeled,1,0.558379590511322,124.87882137298584,122.1828818321228,186.1217164993286,240.0,249.75764274597168,244.3657636642456,372.2434329986572,480.0,311.00053787231445,362.1828818321228,311.00053787231445,480.0,0.48593834042549133,0.7545476704835892,0.48593834042549133,1.0,61.24289512634277,117.8171181678772,regular_ge32
2026-08-12T15:33:59.441,611,unlabeled,2,0.218662291765213,62.941091537475586,0.22976642847061157,74.49820804595947,11.085619390010834,125.88218307495117,0.45953285694122314,148.99641609191895,22.171238780021667,137.43929958343506,11.315385818481445,137.43929958343506,22.171238780021667,0.21474890559911727,0.02357372045516968,0.21474890559911727,0.04619008079171181,11.557116508483887,10.855852961540222,tiny_lt16
2026-08-12T15:33:59.543,612,unlabeled,1,0.5748369097709656,124.54662990570068,121.7249345779419,185.78952503204346,239.71436500549316,249.09325981140137,243.4498691558838,371.5790500640869,479.4287300109863,310.33615493774414,361.43929958343506,310.33615493774414,479.4287300109863,0.4849002420902252,0.752998540798823,0.4849002420902252,0.9988098541895548,61.24289512634277,117.98943042755127,regular_ge32
2026-08-12T15:33:59.543,612,unlabeled,2,0.20742715895175934,283.3561406135559,221.44124501943588,303.2351574897766,238.8727121949196,566.7122812271118,442.88249003887177,606.4703149795532,477.7454243898392,586.5912981033325,460.31395721435547,586.5912981033325,477.7454243898392,0.9165489032864571,0.9589874108632406,0.9165489032864571,0.9953029674788316,19.879016876220703,17.431467175483704,small_16_32
2026-08-12T15:33:59.656,613,unlabeled,1,0.5748369097709656,124.20095539093018,120.6089096069336,185.44385051727295,240.0,248.40191078186035,241.2178192138672,370.8877010345459,480.0,309.6448059082031,360.6089096069336,309.6448059082031,480.0,0.48382000923156737,0.7512685616811117,0.48382000923156737,1.0,61.24289512634277,119.3910903930664,regular_ge32
2026-08-12T15:33:59.757,614,unlabeled,1,0.5748369097709656,123.84280967712402,123.42505431175232,185.0857048034668,239.40503811836243,247.68561935424805,246.85010862350464,370.1714096069336,478.81007623672485,308.9285144805908,362.83009243011475,308.9285144805908,478.81007623672485,0.4827008038759232,0.7558960258960724,0.4827008038759232,0.9975209921598435,61.24289512634277,115.97998380661011,regular_ge32
2026-08-12T15:33:59.871,615,unlabeled,1,0.5748369097709656,125.22308921813965,121.7249345779419,183.21522331237793,239.71436500549316,250.4461784362793,243.4498691558838,366.43044662475586,479.4287300109863,308.4383125305176,361.43929958343506,308.4383125305176,479.4287300109863,0.4819348633289337,0.752998540798823,0.4819348633289337,0.9988098541895548,57.99213409423828,117.98943042755127,regular_ge32
2026-08-12T15:33:59.972,616,unlabeled,1,0.5911299586296082,124.05907964706421,120.05564737319946,180.47692155838013,240.0,248.11815929412842,240.11129474639893,360.95384311676025,480.0,304.53600120544434,360.05564737319946,304.53600120544434,480.0,0.47583750188350676,0.7501159320274989,0.47583750188350676,1.0,56.41784191131592,119.94435262680054,regular_ge32
2026-08-12T15:34:00.086,617,unlabeled,1,0.6151888370513916,124.11742687225342,120.71964979171753,177.48779296875,240.0,248.23485374450684,241.43929958343506,354.9755859375,480.0,301.6052198410034,360.71964979171753,301.6052198410034,480.0,0.47125815600156784,0.7514992703994116,0.47125815600156784,1.0,53.37036609649658,119.28035020828247,regular_ge32
2026-08-12T15:34:00.086,617,unlabeled,2,0.20742715895175934,283.78938949108124,222.74968546628952,301.8744555711746,239.64710694551468,567.5787789821625,445.49937093257904,603.7489111423492,479.29421389102936,585.6638450622559,462.3967924118042,585.6638450622559,479.29421389102936,0.9150997579097748,0.9633266508579255,0.9150997579097748,0.9985296122729779,18.085066080093384,16.89742147922516,small_16_32
2026-08-12T15:34:00.189,618,unlabeled,1,0.6072253584861755,122.33299922943115,119.71436500549316,178.75084114074707,240.0,244.6659984588623,239.42873001098633,357.50168228149414,480.0,301.0838403701782,359.71436500549316,301.0838403701782,480.0,0.47044350057840345,0.7494049270947775,0.47044350057840345,1.0,56.41784191131592,120.28563499450684,regular_ge32
2026-08-12T15:34:00.302,619,unlabeled,1,0.599204421043396,121.20612525939941,119.49444580078125,177.62396717071533,240.0,242.41225051879883,238.9888916015625,355.24793434143066,480.0,298.83009243011475,359.49444580078125,298.83009243011475,480.0,0.4669220194220543,0.7489467620849609,0.4669220194220543,1.0,56.41784191131592,120.50555419921875,regular_ge32
2026-08-12T15:34:00.404,620,unlabeled,1,0.599204421043396,121.06106615066528,119.17654085159302,175.93839502334595,240.0,242.12213230133057,238.35308170318604,351.8767900466919,480.0,296.99946117401123,359.176540851593,296.99946117401123,480.0,0.46406165808439254,0.7482844601074855,0.46406165808439254,1.0,54.877328872680664,120.82345914840698,regular_ge32
2026-08-12T15:34:00.520,621,unlabeled,1,0.599204421043396,121.17024517059326,118.97284460067749,176.04757404327393,240.0,242.34049034118652,237.94568920135498,352.09514808654785,480.0,297.2178192138672,358.9728446006775,297.2178192138672,480.0,0.46440284252166747,0.7478600929180781,0.46440284252166747,1.0,54.877328872680664,121.02715539932251,regular_ge32
2026-08-12T15:34:00.623,622,unlabeled,1,0.5748369097709656,120.15240526199341,119.87880492210388,175.02973413467407,239.87880492210388,240.30481052398682,239.75760984420776,350.05946826934814,479.75760984420776,295.1821393966675,359.75760984420776,295.1821393966675,479.75760984420776,0.4612220928072929,0.7494950205087662,0.4612220928072929,0.9994950205087662,54.877328872680664,120.0,regular_ge32
2026-08-12T15:34:00.737,623,unlabeled,1,0.5666266083717346,119.88017010688782,118.97284460067749,174.75749897956848,240.0,239.76034021377563,237.94568920135498,349.51499795913696,480.0,294.6376690864563,358.9728446006775,294.6376690864563,480.0,0.460371357947588,0.7478600929180781,0.460371357947588,1.0,54.877328872680664,121.02715539932251,regular_ge32
2026-08-12T15:34:00.838,624,unlabeled,1,0.558379590511322,118.93706345558167,118.17182111740112,175.35490536689758,240.0,237.87412691116333,236.34364223480225,350.70981073379517,480.0,294.29196882247925,358.1718211174011,294.29196882247925,480.0,0.45983120128512384,0.7461912939945857,0.45983120128512384,1.0,56.41784191131592,121.82817888259888,regular_ge32
2026-08-12T15:34:00.957,625,unlabeled,1,0.5083773732185364,119.90965104103088,118.77589583396912,173.28001713752747,240.0,239.81930208206177,237.55179166793823,346.56003427505493,480.0,293.18966817855835,358.7758958339691,293.18966817855835,480.0,0.4581088565289974,0.7474497829874357,0.4581088565289974,1.0,53.37036609649658,121.22410416603088,regular_ge32
2026-08-12T15:34:01.058,626,unlabeled,1,0.4832499325275421,120.89628863334656,121.61419439315796,171.35227847099304,239.60362482070923,241.79257726669312,243.22838878631592,342.7045569419861,479.20724964141846,292.2485671043396,361.2178192138672,292.2485671043396,479.20724964141846,0.45663838610053065,0.7525371233622233,0.45663838610053065,0.9983484367529551,50.455989837646484,117.98943042755127,regular_ge32
2026-08-12T15:34:01.175,627,unlabeled,1,0.3848111629486084,120.55240786075592,119.82663774490356,171.0083976984024,240.0,241.10481572151184,239.65327548980713,342.0167953968048,480.0,291.5608055591583,359.82663774490356,291.5608055591583,480.0,0.45556375868618487,0.7496388286352158,0.45556375868618487,1.0,50.455989837646484,120.17336225509644,regular_ge32
2026-08-12T15:34:01.277,628,unlabeled,1,0.3848111629486084,119.26062452793121,122.03054285049438,172.6309906244278,240.0,238.52124905586243,244.06108570098877,345.2619812488556,480.0,291.891615152359,362.0305428504944,291.891615152359,480.0,0.456080648675561,0.7542302976051967,0.456080648675561,1.0,53.37036609649658,117.96945714950562,regular_ge32
2026-08-12T15:34:01.392,629,unlabeled,1,0.39277467131614685,108.6248688697815,122.54102802276611,175.00155973434448,240.0,217.249737739563,245.08205604553223,350.00311946868896,480.0,283.626428604126,362.5410280227661,283.626428604126,480.0,0.44316629469394686,0.7552938083807628,0.44316629469394686,1.0,66.37669086456299,117.45897197723389,regular_ge32
2026-08-12T15:34:01.495,630,unlabeled,1,0.400795578956604,108.56082677841187,123.1622633934021,174.93751764297485,240.0,217.12165355682373,246.3245267868042,349.8750352859497,480.0,283.4983444213867,363.1622633934021,283.4983444213867,480.0,0.44296616315841675,0.7565880487362544,0.44296616315841675,1.0,66.37669086456299,116.8377366065979,regular_ge32
2026-08-12T15:34:01.613,631,unlabeled,1,0.4251631200313568,108.49522256851196,123.03582763671875,174.87191343307495,240.0,216.99044513702393,246.0716552734375,349.7438268661499,480.0,283.3671360015869,363.03582763671875,283.3671360015869,480.0,0.44276115000247956,0.7563246409098308,0.44276115000247956,1.0,66.37669086456299,116.96417236328125,regular_ge32
2026-08-12T15:34:01.716,632,unlabeled,1,0.4748867154121399,107.10059642791748,124.04055094718933,175.2576208114624,240.0,214.20119285583496,248.08110189437866,350.5152416229248,480.0,282.3582172393799,364.04055094718933,282.3582172393799,480.0,0.44118471443653107,0.7584178144733111,0.44118471443653107,1.0,68.15702438354492,115.95944905281067,regular_ge32
2026-08-12T15:34:01.824,633,unlabeled,1,0.4916226267814636,108.78493022918701,124.91873979568481,173.4158582687378,238.8915514945984,217.56986045837402,249.83747959136963,346.8317165374756,477.7831029891968,282.2007884979248,363.8102912902832,282.2007884979248,477.7831029891968,0.4409387320280075,0.7579381068547567,0.4409387320280075,0.9953814645608267,64.63092803955078,113.97281169891357,regular_ge32
2026-08-12T15:34:01.927,634,unlabeled,1,0.5167500376701355,107.66567087173462,124.91873979568481,174.0423617362976,238.8915514945984,215.33134174346924,249.83747959136963,348.0847234725952,477.7831029891968,281.7080326080322,363.8102912902832,281.7080326080322,477.7831029891968,0.44016880095005034,0.7579381068547567,0.44016880095005034,0.9953814645608267,66.37669086456299,113.97281169891357,regular_ge32
2026-08-12T15:34:02.035,635,unlabeled,1,0.5251132845878601,108.53855228424072,124.42864036560059,173.1694803237915,238.40145206451416,217.07710456848145,248.85728073120117,346.338960647583,476.8029041290283,281.7080326080322,362.83009243011475,281.7080326080322,476.8029041290283,0.44016880095005034,0.7558960258960724,0.44016880095005034,0.9933393836021424,64.63092803955078,113.97281169891357,regular_ge32
2026-08-12T15:34:02.035,635,unlabeled,2,0.2019716501235962,284.1214919090271,225.10920041799545,301.0963273048401,240.0,568.2429838180542,450.2184008359909,602.1926546096802,480.0,585.2178192138672,465.10920041799545,585.2178192138672,480.0,0.9144028425216675,0.9689775008708239,0.9144028425216675,1.0,16.97483539581299,14.890799582004547,tiny_lt16
2026-08-12T15:34:02.139,636,unlabeled,1,0.5251132845878601,108.62239170074463,124.04055094718933,173.2533197402954,240.0,217.24478340148926,248.08110189437866,346.5066394805908,480.0,281.87571144104004,364.04055094718933,281.87571144104004,480.0,0.4404307991266251,0.7584178144733111,0.4404307991266251,1.0,64.63092803955078,115.95944905281067,regular_ge32
2026-08-12T15:34:02.254,637,unlabeled,1,0.5334624648094177,109.47801160812378,124.91873979568481,172.39769983291626,238.8915514945984,218.95602321624756,249.83747959136963,344.7953996658325,477.7831029891968,281.87571144104004,363.8102912902832,281.87571144104004,477.7831029891968,0.4404307991266251,0.7579381068547567,0.4404307991266251,0.9953814645608267,62.91968822479248,113.97281169891357,regular_ge32
2026-08-12T15:34:02.254,637,unlabeled,2,0.2019716501235962,282.97726035118103,221.82618659734726,302.24055886268616,239.25765377283096,565.9545207023621,443.6523731946945,604.4811177253723,478.5153075456619,585.2178192138672,461.0838403701782,585.2178192138672,478.5153075456619,0.9144028425216675,0.960591334104538,0.9144028425216675,0.9969068907201291,19.263298511505127,17.431467175483704,small_16_32
2026-08-12T15:34:02.356,638,unlabeled,1,0.5251132845878601,110.39853096008301,125.0441370010376,171.64142608642578,239.01694869995117,220.79706192016602,250.0882740020752,343.28285217285156,478.03389739990234,282.0399570465088,364.06108570098877,282.0399570465088,478.03389739990234,0.44068743288517,0.7584605952103932,0.44068743288517,0.9959039529164632,61.24289512634277,113.97281169891357,regular_ge32
2026-08-12T15:34:02.469,639,unlabeled,1,0.5334624648094177,107.12638807296753,124.2944028377533,173.50307893753052,240.0,214.25277614593506,248.5888056755066,347.00615787506104,480.0,280.62946701049805,364.2944028377533,280.62946701049805,480.0,0.4384835422039032,0.7589466725786527,0.4384835422039032,1.0,66.37669086456299,115.7055971622467,regular_ge32
2026-08-12T15:34:02.570,640,unlabeled,1,0.5334624648094177,107.70640659332275,128.41731548309326,172.33733463287354,240.0,215.4128131866455,256.8346309661865,344.67466926574707,480.0,280.0437412261963,368.41731548309326,280.0437412261963,480.0,0.4375683456659317,0.767536073923111,0.4375683456659317,1.0,64.63092803955078,111.58268451690674,regular_ge32
2026-08-12T15:34:02.682,641,unlabeled,1,0.5083773732185364,107.50271034240723,129.68385004997253,172.133638381958,239.6535255908966,215.00542068481445,259.36770009994507,344.267276763916,479.3070511817932,279.63634872436523,369.33737564086914,279.63634872436523,479.3070511817932,0.43693179488182066,0.7694528659184774,0.43693179488182066,0.9985563566287359,64.63092803955078,109.96967554092407,regular_ge32
2026-08-12T15:34:02.786,642,unlabeled,1,0.4832499325275421,110.14700603485107,122.42033100128174,171.38990116119385,240.0,220.29401206970215,244.84066200256348,342.7798023223877,480.0,281.5369071960449,362.42033100128174,281.5369071960449,480.0,0.43990141749382017,0.7550423562526702,0.43990141749382017,1.0,61.24289512634277,117.57966899871826,regular_ge32
2026-08-12T15:34:02.900,643,unlabeled,1,0.3848111629486084,125.96565055847168,122.72965788841248,166.04198265075684,238.70964169502258,251.93130111694336,245.45931577682495,332.0839653015137,477.41928339004517,292.0076332092285,361.43929958343506,292.0076332092285,477.41928339004517,0.4562619268894196,0.752998540798823,0.4562619268894196,0.9946235070625941,40.076332092285156,115.97998380661011,regular_ge32
2026-08-12T15:34:03.001,644,unlabeled,1,0.5083773732185364,125.96182084083557,123.07094025611877,167.22784733772278,239.05092406272888,251.92364168167114,246.14188051223755,334.45569467544556,478.10184812545776,293.18966817855835,362.12186431884766,293.18966817855835,478.10184812545776,0.4581088565289974,0.7544205506642659,0.4581088565289974,0.996045516928037,41.26602649688721,115.97998380661011,regular_ge32
2026-08-12T15:34:03.115,645,unlabeled,1,0.5666266083717346,121.55025577545166,128.55090236663818,173.44693756103516,240.0,243.10051155090332,257.10180473327637,346.8938751220703,480.0,294.9971933364868,368.5509023666382,294.9971933364868,480.0,0.46093311458826064,0.7678143799304962,0.46093311458826064,1.0,51.896681785583496,111.44909763336182,regular_ge32
2026-08-12T15:34:03.115,645,unlabeled,2,0.2019716501235962,282.7604920864105,221.5686611533165,302.02379059791565,239.0001283288002,565.520984172821,443.137322306633,604.0475811958313,478.0002566576004,584.7842826843262,460.5687894821167,584.7842826843262,478.0002566576004,0.9137254416942596,0.9595183114210765,0.9137254416942596,0.9958338680366675,19.263298511505127,17.431467175483704,small_16_32
2026-08-12T15:34:03.217,646,unlabeled,1,0.599204421043396,121.50703048706055,122.42033100128174,176.3843593597412,240.0,243.0140609741211,244.84066200256348,352.7687187194824,480.0,297.89138984680176,362.42033100128174,297.89138984680176,480.0,0.46545529663562774,0.7550423562526702,0.46545529663562774,1.0,54.877328872680664,117.57966899871826,regular_ge32
2026-08-12T15:34:03.328,647,unlabeled,1,0.6309283971786499,125.01175546646118,120.28616523742676,174.05973100662231,240.0,250.02351093292236,240.57233047485352,348.11946201324463,480.0,299.0714864730835,360.28616523742676,299.0714864730835,480.0,0.467299197614193,0.7505961775779724,0.467299197614193,1.0,49.04797554016113,119.71383476257324,regular_ge32
2026-08-12T15:34:03.431,648,unlabeled,1,0.6230911016464233,127.09782218933105,124.55192828178406,174.77012729644775,240.0,254.1956443786621,249.10385656356812,349.5402545928955,480.0,301.8679494857788,364.55192828178406,301.8679494857788,480.0,0.4716686710715294,0.7594831839203835,0.4716686710715294,1.0,47.6723051071167,115.44807171821594,regular_ge32
2026-08-12T15:34:03.544,649,unlabeled,1,0.5666266083717346,121.79797506332397,134.39664220809937,181.3983998298645,240.0,243.59595012664795,268.79328441619873,362.796799659729,480.0,303.1963748931885,374.39664220809937,303.1963748931885,480.0,0.473744335770607,0.779993004600207,0.473744335770607,1.0,59.60042476654053,105.60335779190063,regular_ge32
2026-08-12T15:34:03.647,650,unlabeled,1,0.558379590511322,126.37603330612183,133.51229739189148,182.79387521743774,240.0,252.75206661224365,267.02459478378296,365.5877504348755,480.0,309.16990852355957,373.5122973918915,309.16990852355957,480.0,0.48307798206806185,0.7781506195664406,0.48307798206806185,1.0,56.41784191131592,106.48770260810852,regular_ge32
2026-08-12T15:34:03.755,651,unlabeled,1,0.599204421043396,129.62955045700073,124.42273736000061,182.99991655349731,240.0,259.25910091400146,248.84547472000122,365.99983310699463,480.0,312.62946701049805,364.4227373600006,312.62946701049805,480.0,0.4884835422039032,0.7592140361666679,0.4884835422039032,1.0,53.37036609649658,115.57726263999939,regular_ge32
2026-08-12T15:34:03.865,652,unlabeled,1,0.4832499325275421,131.42556524276733,127.94913697242737,184.79593133926392,237.91881251335144,262.85113048553467,255.89827394485474,369.59186267852783,475.8376250267029,316.22149658203125,365.8679494857788,316.22149658203125,475.8376250267029,0.4940960884094238,0.7622248947620391,0.4940960884094238,0.9913283854722976,53.37036609649658,109.96967554092407,regular_ge32
2026-08-12T15:34:03.865,652,unlabeled,2,0.2019716501235962,283.1669992208481,223.81073307991028,301.83246195316315,240.0,566.3339984416962,447.62146615982056,603.6649239063263,480.0,584.9994611740112,463.8107330799103,584.9994611740112,480.0,0.9140616580843925,0.9662723605831464,0.9140616580843925,1.0,18.665462732315063,16.18926692008972,small_16_32
2026-08-12T15:34:03.969,653,unlabeled,1,0.5748369097709656,136.29483819007874,134.05985593795776,189.66520428657532,240.0,272.58967638015747,268.1197118759155,379.33040857315063,480.0,325.96004247665405,374.05985593795776,325.96004247665405,480.0,0.509312566369772,0.779291366537412,0.509312566369772,1.0,53.37036609649658,105.94014406204224,regular_ge32
2026-08-12T15:34:04.083,654,unlabeled,1,0.5501002073287964,136.72266817092896,135.2755401134491,190.09303426742554,239.28516125679016,273.4453363418579,270.5510802268982,380.1860685348511,478.5703225135803,326.8157024383545,374.56070137023926,326.8157024383545,478.5703225135803,0.5106495350599289,0.7803347945213318,0.5106495350599289,0.9970215052366257,53.37036609649658,104.00962114334106,regular_ge32
2026-08-12T15:34:04.185,655,unlabeled,1,0.40887001156806946,133.89692306518555,128.55090236663818,182.94489860534668,240.0,267.7938461303711,257.10180473327637,365.88979721069336,480.0,316.8418216705322,368.5509023666382,316.8418216705322,480.0,0.4950653463602066,0.7678143799304962,0.4950653463602066,1.0,49.04797554016113,111.44909763336182,regular_ge32
2026-08-12T15:34:04.299,656,unlabeled,1,0.4251631200313568,135.9126329421997,128.94957637786865,180.92918872833252,240.0,271.8252658843994,257.8991527557373,361.85837745666504,480.0,316.8418216705322,368.94957637786865,316.8418216705322,480.0,0.4950653463602066,0.7686449507872264,0.4950653463602066,1.0,45.01655578613281,111.05042362213135,regular_ge32
2026-08-12T15:34:04.299,656,unlabeled,2,0.2019716501235962,283.49071168899536,223.94477105140686,300.46554708480835,240.0,566.9814233779907,447.8895421028137,600.9310941696167,480.0,583.9562587738037,463.94477105140686,583.9562587738037,480.0,0.9124316543340683,0.9665516063570976,0.9124316543340683,1.0,16.97483539581299,16.05522894859314,small_16_32
2026-08-12T15:34:04.401,657,unlabeled,1,0.4498997628688812,139.21823596954346,137.48182845115662,177.0032606124878,239.52097725868225,278.4364719390869,274.96365690231323,354.0065212249756,479.0419545173645,316.22149658203125,377.00280570983887,316.22149658203125,479.0419545173645,0.4940960884094238,0.7854225118954976,0.4940960884094238,0.998004071911176,37.785024642944336,102.03914880752563,regular_ge32
2026-08-12T15:34:04.516,658,unlabeled,1,0.5251132845878601,138.72387218475342,139.29221105575562,176.50889682769775,239.37075090408325,277.44774436950684,278.58442211151123,353.0177936553955,478.7415018081665,315.2327690124512,378.66296195983887,315.2327690124512,478.7415018081665,0.492551201581955,0.7888811707496644,0.492551201581955,0.9973781287670136,37.785024642944336,100.07853984832764,regular_ge32
2026-08-12T15:34:04.618,659,unlabeled,1,0.558379590511322,134.1728868484497,132.72115659713745,179.18944263458252,238.71005487442017,268.3457736968994,265.4423131942749,358.37888526916504,477.42010974884033,313.3623294830322,371.4312114715576,313.3623294830322,477.42010974884033,0.48962863981723787,0.7738150238990784,0.48962863981723787,0.9946252286434174,45.01655578613281,105.98889827728271,regular_ge32
2026-08-12T15:34:04.732,660,unlabeled,1,0.5501002073287964,129.13299131393433,132.10688281059265,182.5033574104309,240.0,258.26598262786865,264.2137656211853,365.0067148208618,480.0,311.63634872436523,372.10688281059265,311.63634872436523,480.0,0.4869317948818207,0.775222672522068,0.4869317948818207,1.0,53.37036609649658,107.89311718940735,regular_ge32
2026-08-12T15:34:04.833,661,unlabeled,1,0.5748369097709656,121.93790769577026,137.10162043571472,179.93004179000854,239.14076924324036,243.87581539154053,274.20324087142944,359.8600835800171,478.2815384864807,301.8679494857788,376.2423896789551,301.8679494857788,478.2815384864807,0.4716686710715294,0.7838383118311564,0.4716686710715294,0.9964198718468348,57.99213409423828,102.03914880752563,regular_ge32
2026-08-12T15:34:04.948,662,unlabeled,1,0.5167500376701355,120.10493326187134,137.6615903377533,179.70535802841187,239.70073914527893,240.20986652374268,275.3231806755066,359.41071605682373,479.40147829055786,299.8102912902832,377.3623294830322,299.8102912902832,479.40147829055786,0.4684535801410675,0.7861715197563172,0.4684535801410675,0.9987530797719956,59.60042476654053,102.03914880752563,regular_ge32
2026-08-12T15:34:05.050,663,unlabeled,1,0.5911299586296082,130.18036365509033,130.6024329662323,179.22833919525146,240.0,260.36072731018066,261.2048659324646,358.45667839050293,480.0,309.4087028503418,370.6024329662323,309.4087028503418,480.0,0.48345109820365906,0.772088402012984,0.48345109820365906,1.0,49.04797554016113,109.3975670337677,regular_ge32
2026-08-12T15:34:05.164,664,unlabeled,1,0.5748369097709656,128.75601053237915,129.94923567771912,180.65269231796265,239.9189112186432,257.5120210647583,259.89847135543823,361.3053846359253,479.8378224372864,309.4087028503418,369.8681468963623,309.4087028503418,479.8378224372864,0.48345109820365906,0.7705586393674214,0.48345109820365906,0.9996621300776799,51.896681785583496,109.96967554092407,regular_ge32
2026-08-12T15:34:05.266,665,unlabeled,1,0.5911299586296082,122.4677882194519,134.81759238243103,182.06821298599243,238.8272135257721,244.9355764389038,269.63518476486206,364.13642597198486,477.6544270515442,304.53600120544434,373.6448059082031,304.53600120544434,477.6544270515442,0.47583750188350676,0.7784266789754232,0.47583750188350676,0.995113389690717,59.60042476654053,104.00962114334106,regular_ge32
2026-08-12T15:34:05.266,665,unlabeled,2,0.2019716501235962,282.66940116882324,222.350192964077,302.54841804504395,239.7816601395607,565.3388023376465,444.700385928154,605.0968360900879,479.5633202791214,585.2178192138672,462.1318531036377,585.2178192138672,479.5633202791214,0.9144028425216675,0.9627746939659119,0.9144028425216675,0.9990902505815029,19.879016876220703,17.431467175483704,small_16_32
2026-08-12T15:34:05.381,666,unlabeled,1,0.5748369097709656,119.79128170013428,130.6024329662323,181.03417682647705,240.0,239.58256340026855,261.2048659324646,362.0683536529541,480.0,300.8254585266113,370.6024329662323,300.8254585266113,480.0,0.4700397789478302,0.772088402012984,0.4700397789478302,1.0,61.24289512634277,109.3975670337677,regular_ge32
2026-08-12T15:34:05.482,667,unlabeled,1,0.599204421043396,128.9654507637024,126.61178159713745,176.6377558708191,240.0,257.9309015274048,253.2235631942749,353.2755117416382,480.0,305.6032066345215,366.61178159713745,305.6032066345215,480.0,0.47750501036643983,0.7637745449940364,0.47750501036643983,1.0,47.6723051071167,113.38821840286255,regular_ge32
2026-08-12T15:34:05.594,668,unlabeled,1,0.5911299586296082,120.97673988342285,128.81710624694824,182.21963500976562,240.0,241.9534797668457,257.6342124938965,364.43927001953125,480.0,303.1963748931885,368.81710624694824,303.1963748931885,480.0,0.473744335770607,0.7683689713478088,0.473744335770607,1.0,61.24289512634277,111.18289375305176,regular_ge32
2026-08-12T15:34:05.697,669,unlabeled,1,0.5748369097709656,117.74562931060791,130.4732415676117,184.1223201751709,240.0,235.49125862121582,260.9464831352234,368.2446403503418,480.0,301.8679494857788,370.4732415676117,301.8679494857788,480.0,0.4716686710715294,0.7718192532658577,0.4716686710715294,1.0,66.37669086456299,109.5267584323883,regular_ge32
2026-08-12T15:34:05.813,670,unlabeled,1,0.6151888370513916,125.09673500061035,130.4732415676117,179.97406387329102,240.0,250.1934700012207,260.9464831352234,359.94812774658203,480.0,305.07079887390137,370.4732415676117,305.07079887390137,480.0,0.4766731232404709,0.7718192532658577,0.4766731232404709,1.0,54.877328872680664,109.5267584323883,regular_ge32
2026-08-12T15:34:05.914,671,unlabeled,1,0.6309283971786499,122.44380044937134,123.41801404953003,174.34048223495483,240.0,244.88760089874268,246.83602809906006,348.68096446990967,480.0,296.7842826843262,363.41801404953003,296.7842826843262,480.0,0.46372544169425967,0.7571208626031876,0.46372544169425967,1.0,51.896681785583496,116.58198595046997,regular_ge32
2026-08-12T15:34:06.026,672,unlabeled,1,0.4916226267814636,120.39943540096283,123.66770100593567,170.8554252386093,239.64768481254578,240.79887080192566,247.33540201187134,341.7108504772186,479.29536962509155,291.25486063957214,363.31538581848145,291.25486063957214,479.29536962509155,0.4550857197493315,0.756907053788503,0.4550857197493315,0.998532020052274,50.455989837646484,115.97998380661011,regular_ge32
2026-08-12T15:34:06.127,673,unlabeled,1,0.5,113.66679620742798,128.81710624694824,170.0846381187439,240.0,227.33359241485596,257.6342124938965,340.1692762374878,480.0,283.7514343261719,368.81710624694824,283.7514343261719,480.0,0.44336161613464353,0.7683689713478088,0.44336161613464353,1.0,56.41784191131592,111.18289375305176,regular_ge32
2026-08-12T15:34:06.238,674,unlabeled,1,0.5501002073287964,104.78111219406128,126.21199035644531,171.15780305862427,240.0,209.56222438812256,252.42398071289062,342.31560611724854,480.0,275.93891525268555,366.2119903564453,275.93891525268555,480.0,0.43115455508232114,0.7629416465759278,0.43115455508232114,1.0,66.37669086456299,113.78800964355469,regular_ge32
2026-08-12T15:34:06.340,675,unlabeled,1,0.5,98.60345721244812,121.8372073173523,161.5231454372406,239.82663774490356,197.20691442489624,243.6744146347046,323.0462908744812,479.65327548980713,260.1266026496887,361.66384506225586,260.1266026496887,479.65327548980713,0.4064478166401386,0.7534663438796997,0.4064478166401386,0.9992776572704315,62.91968822479248,117.98943042755127,regular_ge32
2026-08-12T15:34:06.457,676,unlabeled,1,0.5251132845878601,84.38002824783325,123.07094025611877,161.9561266899109,239.05092406272888,168.7600564956665,246.14188051223755,323.9122533798218,478.10184812545776,246.33615493774414,362.12186431884766,246.33615493774414,478.10184812545776,0.3849002420902252,0.7544205506642659,0.3849002420902252,0.996045516928037,77.57609844207764,115.97998380661011,regular_ge32
2026-08-12T15:34:06.559,677,unlabeled,1,0.5251132845878601,75.9625883102417,128.14954090118408,159.59910106658936,240.0,151.9251766204834,256.29908180236816,319.1982021331787,480.0,235.56168937683105,368.1495409011841,235.56168937683105,480.0,0.3680651396512985,0.7669782102108001,0.3680651396512985,1.0,83.63651275634766,111.85045909881592,regular_ge32
2026-08-12T15:34:06.559,677,unlabeled,2,0.20742715895175934,283.05940997600555,221.967711687088,301.7248727083206,238.34624552726746,566.1188199520111,443.935423374176,603.4497454166412,476.6924910545349,584.7842826843262,460.31395721435547,584.7842826843262,476.6924910545349,0.9137254416942596,0.9589874108632406,0.9137254416942596,0.9931093563636144,18.665462732315063,16.378533840179443,small_16_32
2026-08-12T15:34:06.675,678,unlabeled,1,0.5251132845878601,81.9944486618042,125.94756889343262,153.815842628479,239.9203805923462,163.9888973236084,251.89513778686523,307.631685256958,479.8407611846924,235.8102912902832,365.8679494857788,235.8102912902832,479.8407611846924,0.3684535801410675,0.7622248947620391,0.3684535801410675,0.9996682524681091,71.8213939666748,113.97281169891357,regular_ge32
2026-08-12T15:34:06.776,679,unlabeled,1,0.5748369097709656,95.77907419204712,116.94052278995514,149.1494402885437,238.95109236240387,191.55814838409424,233.88104557991028,298.2988805770874,477.90218472480774,244.92851448059082,355.891615152359,244.92851448059082,477.90218472480774,0.38270080387592315,0.7414408649007479,0.38270080387592315,0.9956295515100161,53.37036609649658,122.01056957244873,regular_ge32
2026-08-12T15:34:06.890,680,unlabeled,1,0.5083773732185364,87.02837085723877,119.40785121917725,158.84976482391357,239.40785121917725,174.05674171447754,238.8157024383545,317.69952964782715,478.8157024383545,245.87813568115234,358.8157024383545,245.87813568115234,478.8157024383545,0.3841845870018005,0.7475327134132386,0.3841845870018005,0.9975327134132386,71.8213939666748,120.0,regular_ge32
2026-08-12T15:34:06.991,681,unlabeled,1,0.5083773732185364,81.54680442810059,127.74750185012817,161.1093921661377,239.71649599075317,163.09360885620117,255.49500370025635,322.2187843322754,479.43299198150635,242.65619659423828,367.46399784088135,242.65619659423828,479.43299198150635,0.3791503071784973,0.7655499955018361,0.3791503071784973,0.9988187332948049,79.56258773803711,111.968994140625,regular_ge32
2026-08-12T15:34:07.106,682,unlabeled,1,0.5334624648094177,83.15777397155762,124.79443883895874,162.72036170959473,238.76725053787231,166.31554794311523,249.58887767791748,325.44072341918945,477.53450107574463,245.87813568115234,363.56168937683105,245.87813568115234,477.53450107574463,0.3841845870018005,0.7574201862017313,0.3841845870018005,0.9948635439078013,79.56258773803711,113.97281169891357,regular_ge32
2026-08-12T15:34:07.208,683,unlabeled,1,0.4169939160346985,97.26362407207489,116.82883954048157,161.89455211162567,238.8394091129303,194.52724814414978,233.65767908096313,323.78910422325134,477.6788182258606,259.15817618370056,355.66824865341187,259.15817618370056,477.6788182258606,0.4049346502870321,0.7409755180279414,0.4049346502870321,0.9951642046372096,64.63092803955078,122.01056957244873,regular_ge32
2026-08-12T15:34:07.328,684,unlabeled,1,0.4916226267814636,102.31541728973389,119.14598441123962,176.02073764801025,239.14598441123962,204.63083457946777,238.29196882247925,352.0414752960205,478.29196882247925,278.33615493774414,358.29196882247925,278.33615493774414,478.29196882247925,0.4349002420902252,0.7464416017134984,0.4349002420902252,0.9964416017134984,73.70532035827637,120.0,regular_ge32
2026-08-12T15:34:07.430,685,unlabeled,1,0.5,113.1527795791626,126.07952070236206,192.7153673171997,240.0,226.3055591583252,252.15904140472412,385.4307346343994,480.0,305.8681468963623,366.07952070236206,305.8681468963623,480.0,0.4779189795255661,0.762665668129921,0.4779189795255661,1.0,79.56258773803711,113.92047929763794,regular_ge32
2026-08-12T15:34:07.552,686,unlabeled,1,0.5167500376701355,124.5912036895752,124.55192828178406,182.58333778381348,240.0,249.1824073791504,249.10385656356812,365.16667556762695,480.0,307.1745414733887,364.55192828178406,307.1745414733887,480.0,0.4799602210521698,0.7594831839203835,0.4799602210521698,1.0,57.99213409423828,115.44807171821594,regular_ge32
2026-08-12T15:34:07.655,687,unlabeled,1,0.4748867154121399,136.17594265937805,118.87352013587952,188.07262444496155,240.0,272.3518853187561,237.74704027175903,376.1452488899231,480.0,324.2485671043396,358.8735201358795,324.2485671043396,480.0,0.5066383861005306,0.747653166949749,0.5066383861005306,1.0,51.896681785583496,121.12647986412048,regular_ge32
2026-08-12T15:34:07.771,688,unlabeled,1,0.5830061435699463,138.2605118751526,118.97284460067749,191.63087797164917,240.0,276.5210237503052,237.94568920135498,383.26175594329834,480.0,329.89138984680176,358.9728446006775,329.89138984680176,480.0,0.5154552966356277,0.7478600929180781,0.5154552966356277,1.0,53.37036609649658,121.02715539932251,regular_ge32
2026-08-12T15:34:07.771,688,unlabeled,2,0.2019716501235962,283.8480746746063,223.14947670698166,301.36974453926086,240.0,567.6961493492126,446.2989534139633,602.7394890785217,480.0,585.2178192138672,463.14947670698166,585.2178192138672,480.0,0.9144028425216675,0.9648947431395452,0.9144028425216675,1.0,17.52166986465454,16.85052329301834,small_16_32
2026-08-12T15:34:07.873,689,unlabeled,1,0.5911299586296082,137.1936218738556,125.87597012519836,190.56398797035217,240.0,274.3872437477112,251.75194025039673,381.12797594070435,480.0,327.75760984420776,365.87597012519836,327.75760984420776,480.0,0.5121212653815747,0.7622416044274966,0.5121212653815747,1.0,53.37036609649658,114.12402987480164,regular_ge32
2026-08-12T15:34:07.988,690,unlabeled,1,0.4916226267814636,129.94994974136353,125.17057275772095,203.6552700996399,239.14338445663452,259.89989948272705,250.3411455154419,407.3105401992798,478.28676891326904,333.6052198410034,364.31395721435547,333.6052198410034,478.28676891326904,0.5212581560015679,0.7589874108632405,0.5212581560015679,0.9964307685693105,73.70532035827637,113.97281169891357,regular_ge32
2026-08-12T15:34:08.090,691,unlabeled,1,0.5417929887771606,135.71838474273682,122.84193062782288,205.69031810760498,238.82191443443298,271.43676948547363,245.68386125564575,411.38063621520996,477.64382886886597,341.4087028503418,361.66384506225586,341.4087028503418,477.64382886886597,0.5334510982036591,0.7534663438796997,0.5334510982036591,0.9950913101434707,69.97193336486816,115.97998380661011,regular_ge32
2026-08-12T15:34:08.206,692,unlabeled,1,0.5334624648094177,148.93229722976685,128.68419075012207,211.85198545455933,240.0,297.8645944595337,257.36838150024414,423.70397090911865,480.0,360.7842826843262,368.68419075012207,360.7842826843262,480.0,0.5637254416942596,0.7680920640627543,0.5637254416942596,1.0,62.91968822479248,111.31580924987793,regular_ge32
2026-08-12T15:34:08.308,693,unlabeled,1,0.5830061435699463,153.39818382263184,130.4732415676117,212.99860858917236,240.0,306.7963676452637,260.9464831352234,425.9972171783447,480.0,366.3967924118042,370.4732415676117,366.3967924118042,480.0,0.572494988143444,0.7718192532658577,0.572494988143444,1.0,59.60042476654053,109.5267584323883,regular_ge32
2026-08-12T15:34:08.425,694,unlabeled,1,0.558379590511322,163.88999223709106,123.18760514259338,210.21861791610718,239.1675889492035,327.77998447418213,246.37521028518677,420.43723583221436,478.335177898407,374.10861015319824,362.3551940917969,374.10861015319824,478.335177898407,0.5845447033643723,0.7549066543579102,0.5845447033643723,0.9965316206216812,46.32862567901611,115.97998380661011,regular_ge32
2026-08-12T15:34:08.527,695,unlabeled,1,0.5748369097709656,160.1830415725708,120.6089096069336,218.17517566680908,240.0,320.3660831451416,241.2178192138672,436.35035133361816,480.0,378.3582172393799,360.6089096069336,378.3582172393799,480.0,0.5911847144365311,0.7512685616811117,0.5911847144365311,1.0,57.99213409423828,119.3910903930664,regular_ge32
2026-08-12T15:34:08.643,696,unlabeled,1,0.5,155.39837074279785,130.813631772995,220.02929878234863,238.7895748615265,310.7967414855957,261.62726354599,440.05859756469727,477.579149723053,375.4276695251465,369.6032066345215,375.4276695251465,477.579149723053,0.5866057336330414,0.7700066804885864,0.5866057336330414,0.9949565619230271,64.63092803955078,107.9759430885315,regular_ge32
2026-08-12T15:34:08.643,696,unlabeled,2,0.2019716501235962,63.014137506484985,0.0,74.2036817073822,10.842972695827484,126.02827501296997,0.0,148.4073634147644,21.68594539165497,137.2178192138672,10.842972695827484,137.2178192138672,21.68594539165497,0.21440284252166747,0.02258952644964059,0.21440284252166747,0.04517905289928118,11.189544200897217,10.842972695827484,tiny_lt16
2026-08-12T15:34:08.746,697,unlabeled,1,0.5083773732185364,158.65618991851807,129.41697478294373,213.53351879119873,239.3866503238678,317.31237983703613,258.83394956588745,427.06703758239746,478.7733006477356,372.1897087097168,368.8036251068115,372.1897087097168,478.7733006477356,0.5815464198589325,0.7683408856391907,0.5815464198589325,0.9974443763494492,54.877328872680664,109.96967554092407,regular_ge32
2026-08-12T15:34:08.746,697,unlabeled,2,0.2019716501235962,283.6639997959137,221.20898216962814,302.9272983074188,238.1064036488533,567.3279995918274,442.4179643392563,605.8545966148376,476.2128072977066,586.5912981033325,459.31538581848145,586.5912981033325,476.2128072977066,0.9165489032864571,0.956907053788503,0.9165489032864571,0.9921100152035555,19.263298511505127,16.89742147922516,small_16_32
2026-08-12T15:34:08.861,698,unlabeled,1,0.5417929887771606,166.72429656982422,123.3056571483612,210.4600009918213,239.2856409549713,333.44859313964844,246.6113142967224,420.9200019836426,478.5712819099426,377.1842975616455,362.5912981033325,377.1842975616455,478.5712819099426,0.5893504649400712,0.7553985377152761,0.5893504649400712,0.9970235039790472,43.73570442199707,115.97998380661011,regular_ge32
2026-08-12T15:34:08.861,698,unlabeled,2,0.23032912611961365,63.192283272743225,0.0,74.02553594112396,11.140016466379166,126.38456654548645,0.0,148.05107188224792,22.28003293275833,137.2178192138672,11.140016466379166,137.2178192138672,22.28003293275833,0.21440284252166747,0.02320836763828993,0.21440284252166747,0.04641673527657986,10.833252668380737,11.140016466379166,tiny_lt16
2026-08-12T15:34:08.963,699,unlabeled,1,0.5083773732185364,161.53363752365112,120.28616523742676,214.9040036201477,240.0,323.06727504730225,240.57233047485352,429.8080072402954,480.0,376.4376411437988,360.28616523742676,376.4376411437988,480.0,0.5881838142871857,0.7505961775779724,0.5881838142871857,1.0,53.37036609649658,119.71383476257324,regular_ge32
2026-08-12T15:34:09.080,700,unlabeled,1,0.5417929887771606,150.38161325454712,120.71964979171753,209.98203802108765,240.0,300.76322650909424,241.43929958343506,419.9640760421753,480.0,360.36365127563477,360.71964979171753,360.36365127563477,480.0,0.5630682051181793,0.7514992703994116,0.5630682051181793,1.0,59.60042476654053,119.28035020828247,regular_ge32
2026-08-12T15:34:09.080,700,unlabeled,2,0.2363237887620926,63.192283272743225,0.0,74.02553594112396,11.140016466379166,126.38456654548645,0.0,148.05107188224792,22.28003293275833,137.2178192138672,11.140016466379166,137.2178192138672,22.28003293275833,0.21440284252166747,0.02320836763828993,0.21440284252166747,0.04641673527657986,10.833252668380737,11.140016466379166,tiny_lt16
2026-08-12T15:34:09.182,701,unlabeled,1,0.5,155.6641767024994,121.7249345779419,199.39988112449646,239.71436500549316,311.3283534049988,243.4498691558838,398.7997622489929,479.4287300109863,355.06405782699585,361.43929958343506,355.06405782699585,479.4287300109863,0.5547875903546811,0.752998540798823,0.5547875903546811,0.9988098541895548,43.73570442199707,117.98943042755127,regular_ge32
2026-08-12T15:34:09.297,702,unlabeled,1,0.5083773732185364,159.5942703485489,115.30283713340759,195.20232594013214,240.0,319.1885406970978,230.60567426681519,390.4046518802643,480.0,354.79659628868103,355.3028371334076,354.79659628868103,480.0,0.5543696817010642,0.7402142440279325,0.5543696817010642,1.0,35.60805559158325,124.69716286659241,regular_ge32
2026-08-12T15:34:09.297,702,unlabeled,2,0.2019716501235962,63.053364276885986,0.10781675577163696,74.61048078536987,10.96366971731186,126.10672855377197,0.21563351154327393,149.22096157073975,21.92733943462372,137.66384506225586,11.071486473083496,137.66384506225586,21.92733943462372,0.21509975790977479,0.02306559681892395,0.21509975790977479,0.04568195715546608,11.557116508483887,10.855852961540222,tiny_lt16
2026-08-12T15:34:09.399,703,unlabeled,1,0.5334624648094177,147.42064142227173,111.42963409423828,193.74926710128784,240.0,294.84128284454346,222.85926818847656,387.4985342025757,480.0,341.16990852355957,351.4296340942383,341.16990852355957,480.0,0.5330779820680618,0.7321450710296631,0.5330779820680618,1.0,46.32862567901611,128.57036590576172,regular_ge32
2026-08-12T15:34:09.518,704,unlabeled,1,0.5251132845878601,153.12935829162598,118.97284460067749,190.9143829345703,240.0,306.25871658325195,237.94568920135498,381.8287658691406,480.0,344.0437412261963,358.9728446006775,344.0437412261963,480.0,0.5375683456659317,0.7478600929180781,0.5375683456659317,1.0,37.785024642944336,121.02715539932251,regular_ge32
2026-08-12T15:34:09.518,704,unlabeled,2,0.218662291765213,62.695515513420105,0.0,75.42634880542755,11.631129294633865,125.39103102684021,0.0,150.8526976108551,23.26225858926773,138.12186431884766,11.631129294633865,138.12186431884766,23.26225858926773,0.21581541299819945,0.024231519363820554,0.21581541299819945,0.04846303872764111,12.730833292007446,11.631129294633865,tiny_lt16
2026-08-12T15:34:09.620,705,unlabeled,1,0.5417929887771606,133.22027921676636,117.67526149749756,197.85120725631714,240.0,266.4405584335327,235.35052299499512,395.7024145126343,480.0,331.0714864730835,357.67526149749756,331.0714864730835,480.0,0.517299197614193,0.7451567947864532,0.517299197614193,1.0,64.63092803955078,122.32473850250244,regular_ge32
2026-08-12T15:34:09.620,705,unlabeled,2,0.2019716501235962,283.9629176855087,222.22346234321594,302.6283804178238,238.60199618339539,567.9258353710175,444.4469246864319,605.2567608356476,477.20399236679077,586.5912981033325,460.8254585266113,586.5912981033325,477.20399236679077,0.9165489032864571,0.9600530385971069,0.9165489032864571,0.9941749840974807,18.665462732315063,16.378533840179443,small_16_32
2026-08-12T15:34:09.737,706,unlabeled,1,0.43337342143058777,117.68272113800049,112.91777735948563,187.65465450286865,240.0,235.36544227600098,225.83555471897125,375.3093090057373,480.0,305.33737564086914,352.9177773594856,305.33737564086914,480.0,0.477089649438858,0.7352453694989284,0.477089649438858,1.0,69.97193336486816,127.08222264051437,regular_ge32
2026-08-12T15:34:09.840,707,unlabeled,1,0.3690716028213501,114.68296337127686,113.25971615314484,194.24555110931396,240.0,229.3659267425537,226.51943230628967,388.49110221862793,480.0,308.9285144805908,353.25971615314484,308.9285144805908,480.0,0.4827008038759232,0.7359577419857184,0.4827008038759232,1.0,79.56258773803711,126.74028384685516,regular_ge32
2026-08-12T15:34:09.954,708,unlabeled,1,0.5083773732185364,118.7936544418335,120.50388145446777,190.6150484085083,238.49331188201904,237.587308883667,241.00776290893555,381.2300968170166,476.9866237640381,309.4087028503418,358.9971933364868,309.4087028503418,476.9866237640381,0.48345109820365906,0.7479108194510142,0.48345109820365906,0.993722132841746,71.8213939666748,117.98943042755127,regular_ge32
2026-08-12T15:34:10.056,709,unlabeled,1,0.39277467131614685,105.02715873718262,119.06214475631714,176.84855270385742,239.06214475631714,210.05431747436523,238.12428951263428,353.69710540771484,478.1242895126343,281.87571144104004,358.1242895126343,281.87571144104004,478.1242895126343,0.4404307991266251,0.746092269817988,0.4404307991266251,0.996092269817988,71.8213939666748,120.0,regular_ge32
2026-08-12T15:34:10.056,709,unlabeled,2,0.2019716501235962,62.354233145713806,0.053419679403305054,75.08506643772125,11.26196613907814,124.70846629142761,0.10683935880661011,150.1701328754425,22.52393227815628,137.43929958343506,11.315385818481445,137.43929958343506,22.52393227815628,0.21474890559911727,0.02357372045516968,0.21474890559911727,0.046924858912825586,12.730833292007446,11.208546459674835,tiny_lt16
2026-08-12T15:34:10.172,710,unlabeled,1,0.4251631200313568,100.15765142440796,112.91777735948563,175.7812638282776,240.0,200.31530284881592,225.83555471897125,351.5625276565552,480.0,275.93891525268555,352.9177773594856,275.93891525268555,480.0,0.43115455508232114,0.7352453694989284,0.43115455508232114,1.0,75.62361240386963,127.08222264051437,regular_ge32
2026-08-12T15:34:10.275,711,unlabeled,1,0.35360580682754517,83.32978343963623,111.97879219055176,164.91260623931885,240.0,166.65956687927246,223.95758438110352,329.8252124786377,480.0,248.24238967895508,351.97879219055176,248.24238967895508,480.0,0.3878787338733673,0.7332891503969828,0.3878787338733673,1.0,81.58282279968262,128.02120780944824,regular_ge32
2026-08-12T15:34:10.275,711,unlabeled,2,0.22444185614585876,283.0391118526459,218.96867555379868,303.55218625068665,238.69516950845718,566.0782237052917,437.93735110759735,607.1043725013733,477.39033901691437,586.5912981033325,457.66384506225586,586.5912981033325,477.39033901691437,0.9165489032864571,0.9534663438796998,0.9165489032864571,0.9945632062852383,20.51307439804077,19.72649395465851,small_16_32
2026-08-12T15:34:10.392,712,unlabeled,1,0.3690716028213501,60.08688926696777,118.98002123832703,143.72340202331543,238.98002123832703,120.17377853393555,237.96004247665405,287.44680404663086,477.96004247665405,203.8102912902832,357.96004247665405,203.8102912902832,477.96004247665405,0.3184535801410675,0.7457500884930293,0.3184535801410675,0.9957500884930293,83.63651275634766,120.0,regular_ge32
2026-08-12T15:34:10.494,713,unlabeled,1,0.4169939160346985,59.60072994232178,115.82411980628967,141.1835527420044,239.8441288471222,119.20145988464355,231.64823961257935,282.3671054840088,479.6882576942444,200.78428268432617,355.66824865341187,200.78428268432617,479.6882576942444,0.31372544169425964,0.7409755180279414,0.31372544169425964,0.9993505368630091,81.58282279968262,124.02000904083252,regular_ge32
2026-08-12T15:34:10.494,713,unlabeled,2,0.2019716501235962,284.1214919090271,223.6766951084137,301.0963273048401,240.0,568.2429838180542,447.3533902168274,602.1926546096802,480.0,585.2178192138672,463.6766951084137,585.2178192138672,480.0,0.9144028425216675,0.9659931148091953,0.9144028425216675,1.0,16.97483539581299,16.323304891586304,small_16_32
2026-08-12T15:34:10.614,714,unlabeled,1,0.400795578956604,73.3417592048645,108.31089401245117,136.26144742965698,240.0,146.683518409729,216.62178802490234,272.52289485931396,480.0,209.60320663452148,348.3108940124512,209.60320663452148,480.0,0.3275050103664398,0.7256476958592732,0.3275050103664398,1.0,62.91968822479248,131.68910598754883,regular_ge32
2026-08-12T15:34:10.614,714,unlabeled,2,0.21299070119857788,63.167136669158936,0.0,74.72425317764282,11.01931944489479,126.33427333831787,0.0,149.44850635528564,22.03863888978958,137.89138984680176,11.01931944489479,137.89138984680176,22.03863888978958,0.21545529663562774,0.02295691551019748,0.21545529663562774,0.04591383102039496,11.557116508483887,11.01931944489479,tiny_lt16
2026-08-12T15:34:10.717,715,unlabeled,1,0.4498997628688812,74.72986316680908,107.36701917648315,128.10022926330566,240.0,149.45972633361816,214.7340383529663,256.2004585266113,480.0,202.83009243011475,347.36701917648315,202.83009243011475,480.0,0.3169220194220543,0.7236812899510066,0.3169220194220543,1.0,53.37036609649658,132.63298082351685,regular_ge32
2026-08-12T15:34:10.835,716,unlabeled,1,0.39277467131614685,55.14360809326172,109.03903293609619,126.96500205993652,239.06935024261475,110.28721618652344,218.07806587219238,253.93000411987305,478.1387004852295,182.10861015319824,348.10838317871094,182.10861015319824,478.1387004852295,0.28454470336437226,0.7252257982889811,0.28454470336437226,0.9961222926775615,71.8213939666748,130.03031730651855,regular_ge32
2026-08-12T15:34:10.937,717,unlabeled,1,0.3690716028213501,46.61210250854492,106.92583084106445,118.43349647521973,238.9498805999756,93.22420501708984,213.8516616821289,236.86699295043945,477.8997611999512,165.04559898376465,345.87571144104004,165.04559898376465,477.8997611999512,0.25788374841213224,0.7205743988355001,0.25788374841213224,0.9956245024998983,71.8213939666748,132.02404975891113,regular_ge32
2026-08-12T15:34:11.055,718,unlabeled,1,0.4169939160346985,29.513055324554443,99.95364427566528,113.1495680809021,237.91450262069702,59.02611064910889,199.90728855133057,226.2991361618042,475.82900524139404,142.66262340545654,337.8681468963623,142.66262340545654,475.82900524139404,0.22291034907102586,0.7038919727007548,0.22291034907102586,0.9913104275862376,83.63651275634766,137.96085834503174,regular_ge32
2026-08-12T15:34:11.157,719,unlabeled,1,0.4832499325275421,25.320173263549805,96.76415729522705,111.04347801208496,240.0,50.64034652709961,193.5283145904541,222.08695602416992,480.0,136.36365127563477,336.76415729522705,136.36365127563477,480.0,0.2130682051181793,0.7015919943650564,0.2130682051181793,1.0,85.72330474853516,143.23584270477295,regular_ge32
2026-08-12T15:34:11.273,720,unlabeled,1,0.441620409488678,22.717435717582703,104.91530847549438,108.44074046611786,238.92641019821167,45.434871435165405,209.83061695098877,216.88148093223572,477.85282039642334,131.15817618370056,343.84171867370605,131.15817618370056,477.85282039642334,0.20493465028703212,0.7163369139035543,0.20493465028703212,0.9955267091592153,85.72330474853516,134.01110172271729,regular_ge32
2026-08-12T15:34:11.273,720,unlabeled,2,0.2549463212490082,62.941091537475586,0.10781675577163696,74.49820804595947,10.96366971731186,125.88218307495117,0.21563351154327393,148.99641609191895,21.92733943462372,137.43929958343506,11.071486473083496,137.43929958343506,21.92733943462372,0.21474890559911727,0.02306559681892395,0.21474890559911727,0.04568195715546608,11.557116508483887,10.855852961540222,tiny_lt16
2026-08-12T15:34:11.376,721,unlabeled,1,0.39277467131614685,15.84269905090332,113.17910861968994,101.56600379943848,233.17910861968994,31.68539810180664,226.35821723937988,203.13200759887695,466.3582172393799,117.4087028503418,346.3582172393799,117.4087028503418,466.3582172393799,0.18345109820365907,0.7215796192487081,0.18345109820365907,0.9715796192487081,85.72330474853516,120.0,regular_ge32
2026-08-12T15:34:11.488,722,unlabeled,1,0.4916226267814636,14.983346939086914,106.00984573364258,98.61985969543457,238.0338954925537,29.966693878173828,212.01969146728516,197.23971939086914,476.0677909851074,113.60320663452148,344.0437412261963,113.60320663452148,476.0677909851074,0.1775050103664398,0.7167577942212423,0.1775050103664398,0.9918078978856405,83.63651275634766,132.02404975891113,regular_ge32
2026-08-12T15:34:11.589,723,unlabeled,1,0.5334624648094177,14.673188209533691,105.76290273666382,96.25601100921631,239.7740044593811,29.346376419067383,211.52580547332764,192.51202201843262,479.5480089187622,110.92919921875,345.5369071960449,110.92919921875,479.5480089187622,0.17332687377929687,0.719868556658427,0.17332687377929687,0.999058351914088,81.58282279968262,134.01110172271729,regular_ge32
2026-08-12T15:34:11.705,724,unlabeled,1,0.4169939160346985,13.406684875488281,107.24410820007324,101.24951171875,239.26815795898438,26.813369750976562,214.48821640014648,202.4990234375,478.53631591796875,114.65619659423828,346.5122661590576,114.65619659423828,478.53631591796875,0.1791503071784973,0.7219005544980367,0.1791503071784973,0.9969506581624349,87.84282684326172,132.02404975891113,regular_ge32
2026-08-12T15:34:11.807,725,unlabeled,1,0.35360580682754517,4.988865852355957,113.21289348602295,106.20750904083252,225.18188762664795,9.977731704711914,226.4257869720459,212.41501808166504,450.3637752532959,111.19637489318848,338.3947811126709,111.19637489318848,450.3637752532959,0.173744335770607,0.7049891273180644,0.173744335770607,0.9382578651110332,101.21864318847656,111.968994140625,regular_ge32
2026-08-12T15:34:11.919,726,unlabeled,1,0.36130279302597046,33.46493875980377,108.8123984336853,98.09586679935455,232.83240747451782,66.92987751960754,217.6247968673706,196.1917335987091,465.66481494903564,131.56080555915833,341.6448059082031,131.56080555915833,465.66481494903564,0.20556375868618487,0.7117600123087565,0.20556375868618487,0.9701350311438243,64.63092803955078,124.02000904083252,regular_ge32
2026-08-12T15:34:12.021,727,unlabeled,1,0.5083773732185364,34.664557218551636,105.40337896347046,99.29548525810242,239.41448068618774,69.32911443710327,210.80675792694092,198.59097051620483,478.8289613723755,133.96004247665405,344.8178596496582,133.96004247665405,478.8289613723755,0.20931256636977197,0.7183705409367879,0.20931256636977197,0.9975603361924489,64.63092803955078,134.01110172271729,regular_ge32
2026-08-12T15:34:12.021,727,unlabeled,2,0.218662291765213,62.941091537475586,0.053419679403305054,74.49820804595947,11.26196613907814,125.88218307495117,0.10683935880661011,148.99641609191895,22.52393227815628,137.43929958343506,11.315385818481445,137.43929958343506,22.52393227815628,0.21474890559911727,0.02357372045516968,0.21474890559911727,0.046924858912825586,11.557116508483887,11.208546459674835,tiny_lt16
2026-08-12T15:34:12.135,728,unlabeled,1,0.43337342143058777,38.431610107421875,109.08489847183228,110.25300407409668,237.11589002609253,76.86322021484375,218.16979694366455,220.50600814819336,474.23178005218506,148.68461418151855,346.2007884979248,148.68461418151855,474.23178005218506,0.23231970965862275,0.72125164270401,0.23231970965862275,0.9879828751087188,71.8213939666748,128.03099155426025,regular_ge32
2026-08-12T15:34:12.135,728,unlabeled,2,0.21299070119857788,62.83035135269165,0.0,74.38746786117554,10.899922281503677,125.6607027053833,0.0,148.77493572235107,21.799844563007355,137.2178192138672,10.899922281503677,137.2178192138672,21.799844563007355,0.21440284252166747,0.022708171419799326,0.21440284252166747,0.04541634283959865,11.557116508483887,10.899922281503677,tiny_lt16
2026-08-12T15:34:12.238,729,unlabeled,1,0.400795578956604,47.979262351989746,111.56706321239471,121.68458271026611,240.0,95.95852470397949,223.13412642478943,243.36916542053223,480.0,169.66384506225586,351.5670632123947,169.66384506225586,480.0,0.2650997579097748,0.732431381692489,0.2650997579097748,1.0,73.70532035827637,128.43293678760529,regular_ge32
2026-08-12T15:34:12.238,729,unlabeled,2,0.2949781119823456,63.148181319236755,0.0,73.63610136508942,11.321803629398346,126.29636263847351,0.0,147.27220273017883,22.643607258796692,136.78428268432617,11.321803629398346,136.78428268432617,22.643607258796692,0.21372544169425964,0.023587090894579887,0.21372544169425964,0.047174181789159775,10.487920045852661,11.321803629398346,tiny_lt16
2026-08-12T15:34:12.354,730,unlabeled,1,0.4748867154121399,60.06995868682861,112.563929438591,118.0620927810669,240.0,120.13991737365723,225.127858877182,236.1241855621338,480.0,178.1320514678955,352.563929438591,178.1320514678955,480.0,0.2783313304185867,0.7345081863303979,0.2783313304185867,1.0,57.99213409423828,127.436070561409,regular_ge32
2026-08-12T15:34:12.354,730,unlabeled,2,0.23032912611961365,63.08310425281525,0.10781675577163696,73.91635692119598,10.96366971731186,126.1662085056305,0.21563351154327393,147.83271384239197,21.92733943462372,136.99946117401123,11.071486473083496,136.99946117401123,21.92733943462372,0.21406165808439254,0.02306559681892395,0.21406165808439254,0.04568195715546608,10.833252668380737,10.855852961540222,tiny_lt16
2026-08-12T15:34:12.456,731,unlabeled,1,0.36130279302597046,59.58010816574097,109.49861431121826,125.95679903030396,239.52893161773682,119.16021633148193,218.99722862243652,251.9135980606079,479.05786323547363,185.53690719604492,349.0275459289551,185.53690719604492,479.05786323547363,0.2899014174938202,0.7271407206853231,0.2899014174938202,0.9980372150739034,66.37669086456299,130.03031730651855,regular_ge32
2026-08-12T15:34:12.456,731,unlabeled,2,0.218662291765213,62.97754621505737,0.0,74.91384363174438,10.842972695827484,125.95509243011475,0.0,149.82768726348877,21.68594539165497,137.89138984680176,10.842972695827484,137.89138984680176,21.68594539165497,0.21545529663562774,0.02258952644964059,0.21545529663562774,0.04517905289928118,11.936297416687012,10.842972695827484,tiny_lt16
2026-08-12T15:34:12.577,732,unlabeled,1,0.3384403884410858,64.10827302932739,109.55392634868622,132.26529741287231,240.0,128.21654605865479,219.10785269737244,264.53059482574463,480.0,196.3735704421997,349.5539263486862,196.3735704421997,480.0,0.30683370381593705,0.7282373465597629,0.30683370381593705,1.0,68.15702438354492,130.44607365131378,regular_ge32
2026-08-12T15:34:12.577,732,unlabeled,2,0.2019716501235962,62.83035135269165,0.0,74.38746786117554,10.72357553243637,125.6607027053833,0.0,148.77493572235107,21.44715106487274,137.2178192138672,10.72357553243637,137.2178192138672,21.44715106487274,0.21440284252166747,0.022340782359242438,0.21440284252166747,0.044681564718484876,11.557116508483887,10.72357553243637,tiny_lt16
2026-08-12T15:34:12.577,732,unlabeled,3,0.2019716501235962,282.84909427165985,222.74470782279968,301.5145570039749,239.12324166297913,565.6981885433197,445.48941564559937,603.0291140079498,478.24648332595825,584.3636512756348,461.8679494857788,584.3636512756348,478.24648332595825,0.9130682051181793,0.9622248947620392,0.9130682051181793,0.996346840262413,18.665462732315063,16.378533840179443,small_16_32
2026-08-12T15:34:12.680,733,unlabeled,1,0.5334624648094177,72.65467596054077,116.99853181838989,139.03136682510376,239.00910139083862,145.30935192108154,233.99706363677979,278.0627336502075,478.01820278167725,211.68604278564453,356.0076332092285,211.68604278564453,478.01820278167725,0.33075944185256956,0.7416825691858927,0.33075944185256956,0.9958712557951609,66.37669086456299,122.01056957244873,regular_ge32
2026-08-12T15:34:12.680,733,unlabeled,2,0.22444185614585876,63.36494958400726,0.0,73.85286962985992,11.140016466379166,126.72989916801453,0.0,147.70573925971985,22.28003293275833,137.2178192138672,11.140016466379166,137.2178192138672,22.28003293275833,0.21440284252166747,0.02320836763828993,0.21440284252166747,0.04641673527657986,10.487920045852661,11.140016466379166,tiny_lt16
2026-08-12T15:34:12.799,734,unlabeled,1,0.5334624648094177,84.35857367515564,116.4850025177002,145.6014688014984,240.0,168.71714735031128,232.9700050354004,291.2029376029968,480.0,229.96004247665405,356.4850025177002,229.96004247665405,480.0,0.35931256636977194,0.7426770885785421,0.35931256636977194,1.0,61.24289512634277,123.5149974822998,regular_ge32
2026-08-12T15:34:12.799,734,unlabeled,2,0.2949781119823456,63.014137506484985,0.0,74.2036817073822,11.321803629398346,126.02827501296997,0.0,148.4073634147644,22.643607258796692,137.2178192138672,11.321803629398346,137.2178192138672,22.643607258796692,0.21440284252166747,0.023587090894579887,0.21440284252166747,0.047174181789159775,11.189544200897217,11.321803629398346,tiny_lt16
2026-08-12T15:34:12.901,735,unlabeled,1,0.5417929887771606,80.09333944320679,113.5165331363678,155.71695184707642,240.0,160.18667888641357,227.0330662727356,311.43390369415283,480.0,235.8102912902832,353.5165331363678,235.8102912902832,480.0,0.3684535801410675,0.7364927773674329,0.3684535801410675,1.0,75.62361240386963,126.4834668636322,regular_ge32
2026-08-12T15:34:13.015,736,unlabeled,1,0.5251132845878601,86.30845928192139,119.14598441123962,158.1298532485962,239.14598441123962,172.61691856384277,238.29196882247925,316.2597064971924,478.29196882247925,244.43831253051758,358.29196882247925,244.43831253051758,478.29196882247925,0.3819348633289337,0.7464416017134984,0.3819348633289337,0.9964416017134984,71.8213939666748,120.0,regular_ge32
2026-08-12T15:34:13.015,736,unlabeled,2,0.28123316168785095,63.23715043067932,0.0,74.42669463157654,10.842972695827484,126.47430086135864,0.0,148.85338926315308,21.68594539165497,137.66384506225586,10.842972695827484,137.66384506225586,21.68594539165497,0.21509975790977479,0.02258952644964059,0.21509975790977479,0.04517905289928118,11.189544200897217,10.842972695827484,tiny_lt16
2026-08-12T15:34:13.117,737,unlabeled,1,0.4832499325275421,97.87132120132446,123.4057354927063,162.50224924087524,237.37854719161987,195.74264240264893,246.8114709854126,325.0044984817505,474.75709438323975,260.3735704421997,360.7842826843262,260.3735704421997,474.75709438323975,0.40683370381593703,0.7516339222590128,0.40683370381593703,0.9890772799650828,64.63092803955078,113.97281169891357,regular_ge32
2026-08-12T15:34:13.117,737,unlabeled,2,0.26788532733917236,62.90495848655701,0.0,74.09450268745422,11.081709444522858,125.80991697311401,0.0,148.18900537490845,22.163418889045715,136.99946117401123,11.081709444522858,136.99946117401123,22.163418889045715,0.21406165808439254,0.023086894676089285,0.21406165808439254,0.04617378935217857,11.189544200897217,11.081709444522858,tiny_lt16
2026-08-12T15:34:13.231,738,unlabeled,1,0.5251132845878601,113.7654938697815,119.14598441123962,165.662175655365,239.14598441123962,227.530987739563,238.29196882247925,331.32435131073,478.29196882247925,279.4276695251465,358.29196882247925,279.4276695251465,478.29196882247925,0.4366057336330414,0.7464416017134984,0.4366057336330414,0.9964416017134984,51.896681785583496,120.0,regular_ge32
2026-08-12T15:34:13.231,738,unlabeled,2,0.22444185614585876,63.30302345752716,0.0,74.1362761259079,10.72357553243637,126.60604691505432,0.0,148.2725522518158,21.44715106487274,137.43929958343506,10.72357553243637,137.43929958343506,21.44715106487274,0.21474890559911727,0.022340782359242438,0.21474890559911727,0.044681564718484876,10.833252668380737,10.72357553243637,tiny_lt16
2026-08-12T15:34:13.333,739,unlabeled,1,0.40887001156806946,125.79595828056335,122.72965788841248,165.8722903728485,238.70964169502258,251.5919165611267,245.45931577682495,331.744580745697,477.41928339004517,291.66824865341187,361.43929958343506,291.66824865341187,477.41928339004517,0.45573163852095605,0.752998540798823,0.45573163852095605,0.9946235070625941,40.076332092285156,115.97998380661011,regular_ge32
2026-08-12T15:34:13.333,739,unlabeled,2,0.26788532733917236,63.255770564079285,0.0,73.74369060993195,11.01931944489479,126.51154112815857,0.0,147.4873812198639,22.03863888978958,136.99946117401123,11.01931944489479,136.99946117401123,22.03863888978958,0.21406165808439254,0.02295691551019748,0.21406165808439254,0.04591383102039496,10.487920045852661,11.01931944489479,tiny_lt16
2026-08-12T15:34:13.449,740,unlabeled,1,0.4665374755859375,127.55988645553589,121.95097970962524,165.34491109848022,239.9404101371765,255.11977291107178,243.9019594192505,330.68982219696045,479.880820274353,292.9047975540161,361.89138984680176,292.9047975540161,479.880820274353,0.4576637461781502,0.7539403955141704,0.4576637461781502,0.9997517089049022,37.785024642944336,117.98943042755127,regular_ge32
2026-08-12T15:34:13.449,740,unlabeled,2,0.23032912611961365,63.41529619693756,0.038775086402893066,74.2485488653183,10.552523016929626,126.83059239387512,0.07755017280578613,148.4970977306366,21.105046033859253,137.66384506225586,10.59129810333252,137.66384506225586,21.105046033859253,0.21509975790977479,0.02206520438194275,0.21509975790977479,0.04396884590387344,10.833252668380737,10.513747930526733,tiny_lt16
2026-08-12T15:34:13.551,741,unlabeled,1,0.4665374755859375,136.84418725967407,120.07914113998413,178.11021375656128,240.0,273.68837451934814,240.15828227996826,356.22042751312256,480.0,314.95440101623535,360.07914113998413,314.95440101623535,480.0,0.49211625158786776,0.750164877374967,0.49211625158786776,1.0,41.26602649688721,119.92085886001587,regular_ge32
2026-08-12T15:34:13.551,741,unlabeled,2,0.24242530763149261,63.192283272743225,0.0,74.02553594112396,10.72357553243637,126.38456654548645,0.0,148.05107188224792,21.44715106487274,137.2178192138672,10.72357553243637,137.2178192138672,21.44715106487274,0.21440284252166747,0.022340782359242438,0.21440284252166747,0.044681564718484876,10.833252668380737,10.72357553243637,tiny_lt16
2026-08-12T15:34:13.662,742,unlabeled,1,0.4498997628688812,130.57095003128052,120.39214134216309,183.9413161277771,240.0,261.14190006256104,240.78428268432617,367.8826322555542,480.0,314.5122661590576,360.3921413421631,314.5122661590576,480.0,0.4914254158735275,0.7508169611295065,0.4914254158735275,1.0,53.37036609649658,119.60785865783691,regular_ge32
2026-08-12T15:34:13.662,742,unlabeled,2,0.27450883388519287,63.192283272743225,0.0,74.02553594112396,11.01931944489479,126.38456654548645,0.0,148.05107188224792,22.03863888978958,137.2178192138672,11.01931944489479,137.2178192138672,22.03863888978958,0.21440284252166747,0.02295691551019748,0.21440284252166747,0.04591383102039496,10.833252668380737,11.01931944489479,tiny_lt16
2026-08-12T15:34:13.767,743,unlabeled,1,0.40887001156806946,116.6524510383606,124.19119119644165,192.27606344223022,238.16400289535522,233.3049020767212,248.3823823928833,384.55212688446045,476.32800579071045,308.9285144805908,362.3551940917969,308.9285144805908,476.32800579071045,0.4827008038759232,0.7549066543579102,0.4827008038759232,0.9923500120639801,75.62361240386963,113.97281169891357,regular_ge32
2026-08-12T15:34:13.767,743,unlabeled,2,0.26788532733917236,63.23715043067932,0.0,74.42669463157654,11.140016466379166,126.47430086135864,0.0,148.85338926315308,22.28003293275833,137.66384506225586,11.140016466379166,137.66384506225586,22.28003293275833,0.21509975790977479,0.02320836763828993,0.21509975790977479,0.04641673527657986,11.189544200897217,11.140016466379166,tiny_lt16
2026-08-12T15:34:13.879,744,unlabeled,1,0.37690892815589905,127.24249362945557,124.79443883895874,204.8185920715332,238.76725053787231,254.48498725891113,249.58887767791748,409.6371841430664,477.53450107574463,332.06108570098877,363.56168937683105,332.06108570098877,477.53450107574463,0.518845446407795,0.7574201862017313,0.518845446407795,0.9948635439078013,77.57609844207764,113.97281169891357,regular_ge32
2026-08-12T15:34:13.879,744,unlabeled,2,0.2363237887620926,63.053364276885986,0.0,74.61048078536987,10.72357553243637,126.10672855377197,0.0,149.22096157073975,21.44715106487274,137.66384506225586,10.72357553243637,137.66384506225586,21.44715106487274,0.21509975790977479,0.022340782359242438,0.21509975790977479,0.044681564718484876,11.557116508483887,10.72357553243637,tiny_lt16
2026-08-12T15:34:13.983,745,unlabeled,1,0.5334624648094177,129.61376333236694,122.72965788841248,207.18986177444458,238.70964169502258,259.2275266647339,245.45931577682495,414.37972354888916,477.41928339004517,336.8036251068115,361.43929958343506,336.8036251068115,477.41928339004517,0.526255664229393,0.752998540798823,0.526255664229393,0.9946235070625941,77.57609844207764,115.97998380661011,regular_ge32
2026-08-12T15:34:13.983,745,unlabeled,2,0.2363237887620926,63.41529619693756,0.0,74.2485488653183,11.01931944489479,126.83059239387512,0.0,148.4970977306366,22.03863888978958,137.66384506225586,11.01931944489479,137.66384506225586,22.03863888978958,0.21509975790977479,0.02295691551019748,0.21509975790977479,0.04591383102039496,10.833252668380737,11.01931944489479,tiny_lt16
2026-08-12T15:34:14.093,746,unlabeled,1,0.400795578956604,139.53787231445312,125.42632341384888,207.69489669799805,239.39913511276245,279.07574462890625,250.85264682769775,415.3897933959961,478.7982702255249,347.2327690124512,364.8254585266113,347.2327690124512,478.7982702255249,0.5425512015819549,0.7600530385971069,0.5425512015819549,0.9974963963031769,68.15702438354492,113.97281169891357,regular_ge32
2026-08-12T15:34:14.093,746,unlabeled,2,0.218662291765213,63.41529619693756,0.0,74.2485488653183,10.842972695827484,126.83059239387512,0.0,148.4970977306366,21.68594539165497,137.66384506225586,10.842972695827484,137.66384506225586,21.68594539165497,0.21509975790977479,0.02258952644964059,0.21509975790977479,0.04517905289928118,10.833252668380737,10.842972695827484,tiny_lt16
2026-08-12T15:34:14.198,747,unlabeled,1,0.5167500376701355,144.26006603240967,125.55551433563232,202.25220012664795,239.5283260345459,288.52013206481934,251.11102867126465,404.5044002532959,479.0566520690918,346.5122661590576,365.0838403701782,346.5122661590576,479.0566520690918,0.5414254158735275,0.7605913341045379,0.5414254158735275,0.9980346918106079,57.99213409423828,113.97281169891357,regular_ge32
2026-08-12T15:34:14.198,747,unlabeled,2,0.24863308668136597,63.585285902023315,0.0,73.41417527198792,10.781870275735855,127.17057180404663,0.0,146.82835054397583,21.56374055147171,136.99946117401123,10.781870275735855,136.99946117401123,21.56374055147171,0.21406165808439254,0.022462229741116366,0.21406165808439254,0.04492445948223273,9.8288893699646,10.781870275735855,tiny_lt16
2026-08-12T15:34:14.313,748,unlabeled,1,0.5911299586296082,146.16309642791748,125.42632341384888,196.61908626556396,239.39913511276245,292.32619285583496,250.85264682769775,393.23817253112793,478.7982702255249,342.78218269348145,364.8254585266113,342.78218269348145,478.7982702255249,0.5355971604585648,0.7600530385971069,0.5355971604585648,0.9974963963031769,50.455989837646484,113.97281169891357,regular_ge32
2026-08-12T15:34:14.313,748,unlabeled,2,0.2549463212490082,63.014137506484985,0.0,74.2036817073822,10.899922281503677,126.02827501296997,0.0,148.4073634147644,21.799844563007355,137.2178192138672,10.899922281503677,137.2178192138672,21.799844563007355,0.21440284252166747,0.022708171419799326,0.21440284252166747,0.04541634283959865,11.189544200897217,10.899922281503677,tiny_lt16
2026-08-12T15:34:14.416,749,unlabeled,1,0.6230911016464233,143.8380308151245,128.0155029296875,194.294020652771,239.9844970703125,287.676061630249,256.031005859375,388.588041305542,479.968994140625,338.1320514678955,368.0,338.1320514678955,479.968994140625,0.5283313304185867,0.7666666666666667,0.5283313304185867,0.9999354044596355,50.455989837646484,111.968994140625,regular_ge32
2026-08-12T15:34:14.416,749,unlabeled,2,0.218662291765213,62.83035135269165,0.0,74.38746786117554,10.781870275735855,125.6607027053833,0.0,148.77493572235107,21.56374055147171,137.2178192138672,10.781870275735855,137.2178192138672,21.56374055147171,0.21440284252166747,0.022462229741116366,0.21440284252166747,0.04492445948223273,11.557116508483887,10.781870275735855,tiny_lt16
2026-08-12T15:34:14.530,750,unlabeled,1,0.6230911016464233,142.19439029693604,128.68419075012207,189.86669540405273,240.0,284.38878059387207,257.36838150024414,379.73339080810547,480.0,332.06108570098877,368.68419075012207,332.06108570098877,480.0,0.518845446407795,0.7680920640627543,0.518845446407795,1.0,47.6723051071167,111.31580924987793,regular_ge32
2026-08-12T15:34:14.530,750,unlabeled,2,0.2549463212490082,62.941091537475586,0.0,74.49820804595947,11.140016466379166,125.88218307495117,0.0,148.99641609191895,22.28003293275833,137.43929958343506,11.140016466379166,137.43929958343506,22.28003293275833,0.21474890559911727,0.02320836763828993,0.21474890559911727,0.04641673527657986,11.557116508483887,11.140016466379166,tiny_lt16
2026-08-12T15:34:14.633,751,unlabeled,1,0.5911299586296082,137.8341498374939,126.47819375991821,188.29013967514038,240.0,275.6682996749878,252.95638751983643,376.58027935028076,480.0,326.1242895126343,366.4781937599182,326.1242895126343,480.0,0.509569202363491,0.7634962369998296,0.509569202363491,1.0,50.455989837646484,113.52180624008179,regular_ge32
2026-08-12T15:34:14.633,751,unlabeled,2,0.20742715895175934,63.23715043067932,0.038775086402893066,74.42669463157654,10.552523016929626,126.47430086135864,0.07755017280578613,148.85338926315308,21.105046033859253,137.66384506225586,10.59129810333252,137.66384506225586,21.105046033859253,0.21509975790977479,0.02206520438194275,0.21509975790977479,0.04396884590387344,11.189544200897217,10.513747930526733,tiny_lt16
2026-08-12T15:34:14.747,752,unlabeled,1,0.5334624648094177,127.59608173370361,127.61369037628174,185.5882158279419,239.58268451690674,255.19216346740723,255.22738075256348,371.1764316558838,479.1653690338135,313.1842975616455,367.1963748931885,313.1842975616455,479.1653690338135,0.4893504649400711,0.7649924476941427,0.4893504649400711,0.9982611854871114,57.99213409423828,111.968994140625,regular_ge32
2026-08-12T15:34:14.747,752,unlabeled,2,0.24242530763149261,63.30302345752716,0.0,74.1362761259079,10.72357553243637,126.60604691505432,0.0,148.2725522518158,21.44715106487274,137.43929958343506,10.72357553243637,137.43929958343506,21.44715106487274,0.21474890559911727,0.022340782359242438,0.21474890559911727,0.044681564718484876,10.833252668380737,10.72357553243637,tiny_lt16
2026-08-12T15:34:14.849,753,unlabeled,1,0.5666266083717346,123.12511014938354,129.01516222953796,186.04479837417603,238.98483777046204,246.2502202987671,258.0303244590759,372.08959674835205,477.9696755409241,309.16990852355957,368.0,309.16990852355957,477.9696755409241,0.48307798206806185,0.7666666666666667,0.48307798206806185,0.9957701573769252,62.91968822479248,109.96967554092407,regular_ge32
2026-08-12T15:34:14.849,753,unlabeled,2,0.28123316168785095,63.148181319236755,0.0,73.63610136508942,11.50917962193489,126.29636263847351,0.0,147.27220273017883,23.01835924386978,136.78428268432617,11.50917962193489,136.78428268432617,23.01835924386978,0.21372544169425964,0.02397745754569769,0.21372544169425964,0.04795491509139538,10.487920045852661,11.50917962193489,tiny_lt16
2026-08-12T15:34:14.964,754,unlabeled,1,0.6072253584861755,123.39717817306519,127.74750185012817,182.9976029396057,239.71649599075317,246.79435634613037,255.49500370025635,365.9952058792114,479.43299198150635,306.3947811126709,367.46399784088135,306.3947811126709,479.43299198150635,0.47874184548854826,0.7655499955018361,0.47874184548854826,0.9988187332948049,59.60042476654053,111.968994140625,regular_ge32
2026-08-12T15:34:14.964,754,unlabeled,2,0.218662291765213,62.64076089859009,0.0,74.5770583152771,10.842972695827484,125.28152179718018,0.0,149.1541166305542,21.68594539165497,137.2178192138672,10.842972695827484,137.2178192138672,21.68594539165497,0.21440284252166747,0.02258952644964059,0.21440284252166747,0.04517905289928118,11.936297416687012,10.842972695827484,tiny_lt16
2026-08-12T15:34:15.067,755,unlabeled,1,0.5830061435699463,119.07965517044067,126.07952070236206,185.45634603500366,240.0,238.15931034088135,252.15904140472412,370.9126920700073,480.0,304.53600120544434,366.07952070236206,304.53600120544434,480.0,0.47583750188350676,0.762665668129921,0.47583750188350676,1.0,66.37669086456299,113.92047929763794,regular_ge32
2026-08-12T15:34:15.067,755,unlabeled,2,0.24863308668136597,63.014137506484985,0.0,74.2036817073822,11.201106607913971,126.02827501296997,0.0,148.4073634147644,22.402213215827942,137.2178192138672,11.201106607913971,137.2178192138672,22.402213215827942,0.21440284252166747,0.02333563876648744,0.21440284252166747,0.04667127753297488,11.189544200897217,11.201106607913971,tiny_lt16
2026-08-12T15:34:15.181,756,unlabeled,1,0.5083773732185364,116.47863292694092,124.68191075325012,186.45056629180908,240.0,232.95726585388184,249.36382150650024,372.90113258361816,480.0,302.92919921875,364.6819107532501,302.92919921875,480.0,0.4733268737792969,0.7597539807359378,0.4733268737792969,1.0,69.97193336486816,115.31808924674988,regular_ge32
2026-08-12T15:34:15.284,757,unlabeled,1,0.5501002073287964,118.57069873809814,132.10688281059265,181.49038696289062,240.0,237.1413974761963,264.2137656211853,362.98077392578125,480.0,300.06108570098877,372.10688281059265,300.06108570098877,480.0,0.46884544640779496,0.775222672522068,0.46884544640779496,1.0,62.91968822479248,107.89311718940735,regular_ge32
2026-08-12T15:34:15.395,758,unlabeled,1,0.5666266083717346,123.8055362701416,128.0155029296875,181.79767036437988,239.9844970703125,247.6110725402832,256.031005859375,363.59534072875977,479.968994140625,305.6032066345215,368.0,305.6032066345215,479.968994140625,0.47750501036643983,0.7666666666666667,0.47750501036643983,0.9999354044596355,57.99213409423828,111.968994140625,regular_ge32
2026-08-12T15:34:15.499,759,unlabeled,1,0.5251132845878601,130.71998357772827,118.67998123168945,184.09034967422485,240.0,261.43996715545654,237.3599624633789,368.1806993484497,480.0,314.8103332519531,358.67998123168945,314.8103332519531,480.0,0.49189114570617676,0.747249960899353,0.49189114570617676,1.0,53.37036609649658,121.32001876831055,regular_ge32
2026-08-12T15:34:15.614,760,unlabeled,1,0.5167500376701355,126.14700603485107,116.81088757514954,187.38990116119385,240.0,252.29401206970215,233.62177515029907,374.7798023223877,480.0,313.5369071960449,356.81088757514954,313.5369071960449,480.0,0.4899014174938202,0.7433560157815615,0.4899014174938202,1.0,61.24289512634277,123.18911242485046,regular_ge32
2026-08-12T15:34:15.614,760,unlabeled,2,0.2019716501235962,62.90495848655701,0.15817224979400635,74.09450268745422,10.67192018032074,125.80991697311401,0.3163444995880127,148.18900537490845,21.34384036064148,136.99946117401123,10.830092430114746,136.99946117401123,21.34384036064148,0.21406165808439254,0.022562692562739056,0.21406165808439254,0.04446633408466975,11.189544200897217,10.513747930526733,tiny_lt16
2026-08-12T15:34:15.716,761,unlabeled,1,0.5167500376701355,115.18140840530396,123.07094025611877,192.7575068473816,239.05092406272888,230.3628168106079,246.14188051223755,385.5150136947632,478.10184812545776,307.93891525268555,362.12186431884766,307.93891525268555,478.10184812545776,0.4811545550823212,0.7544205506642659,0.4811545550823212,0.996045516928037,77.57609844207764,115.97998380661011,regular_ge32
2026-08-12T15:34:15.831,762,unlabeled,1,0.5251132845878601,114.67003011703491,127.88146495819092,192.24612855911255,239.85045909881592,229.34006023406982,255.76292991638184,384.4922571182251,479.70091819763184,306.91615867614746,367.73192405700684,306.91615867614746,479.70091819763184,0.4795564979314804,0.7661081751187643,0.4795564979314804,0.999376912911733,77.57609844207764,111.968994140625,regular_ge32
2026-08-12T15:34:15.933,763,unlabeled,1,0.45820698142051697,112.59000611305237,120.07914113998413,180.7470304965973,240.0,225.18001222610474,240.15828227996826,361.4940609931946,480.0,293.33703660964966,360.07914113998413,293.33703660964966,480.0,0.45833911970257757,0.750164877374967,0.45833911970257757,1.0,68.15702438354492,119.92085886001587,regular_ge32
2026-08-12T15:34:15.933,763,unlabeled,2,0.2019716501235962,283.5663765668869,223.26117289066315,301.6514426469803,239.13561952114105,567.1327531337738,446.5223457813263,603.3028852939606,478.2712390422821,585.2178192138672,462.3967924118042,585.2178192138672,478.2712390422821,0.9144028425216675,0.9633266508579255,0.9144028425216675,0.9963984146714211,18.085066080093384,15.874446630477905,tiny_lt16
2026-08-12T15:34:16.049,764,unlabeled,1,0.45820698142051697,119.99746668338776,113.87375545501709,171.89414846897125,240.0,239.9949333667755,227.74751091003418,343.7882969379425,480.0,291.891615152359,353.8737554550171,291.891615152359,480.0,0.456080648675561,0.7372369905312856,0.456080648675561,1.0,51.896681785583496,126.12624454498291,regular_ge32
2026-08-12T15:34:16.151,765,unlabeled,1,0.558379590511322,107.70823335647583,115.80729794502258,170.6279215812683,240.0,215.41646671295166,231.61459589004517,341.2558431625366,480.0,278.33615493774414,355.8072979450226,278.33615493774414,480.0,0.4349002420902252,0.7412652040521304,0.4349002420902252,1.0,62.91968822479248,124.19270205497742,regular_ge32
2026-08-12T15:34:16.151,765,unlabeled,2,0.2019716501235962,62.93786561489105,0.0,73.42578566074371,10.72357553243637,125.8757312297821,0.0,146.85157132148743,21.44715106487274,136.36365127563477,10.72357553243637,136.36365127563477,21.44715106487274,0.2130682051181793,0.022340782359242438,0.2130682051181793,0.044681564718484876,10.487920045852661,10.72357553243637,tiny_lt16
2026-08-12T15:34:16.267,766,unlabeled,1,0.4665374755859375,91.99926948547363,124.04055094718933,156.6301975250244,240.0,183.99853897094727,248.08110189437866,313.2603950500488,480.0,248.62946701049805,364.04055094718933,248.62946701049805,480.0,0.3884835422039032,0.7584178144733111,0.3884835422039032,1.0,64.63092803955078,115.95944905281067,regular_ge32
2026-08-12T15:34:16.267,766,unlabeled,2,0.2019716501235962,283.0061864852905,221.95616906881332,302.88520336151123,239.38763624429703,566.012372970581,443.91233813762665,605.7704067230225,478.77527248859406,585.8913898468018,461.34380531311035,585.8913898468018,478.77527248859406,0.9154552966356277,0.9611329277356465,0.9154552966356277,0.9974484843512376,19.879016876220703,17.431467175483704,small_16_32
2026-08-12T15:34:16.370,767,unlabeled,1,0.599204421043396,91.40574550628662,117.67526149749756,149.3978796005249,240.0,182.81149101257324,235.35052299499512,298.7957592010498,480.0,240.80362510681152,357.67526149749756,240.80362510681152,480.0,0.376255664229393,0.7451567947864532,0.376255664229393,1.0,57.99213409423828,122.32473850250244,regular_ge32
2026-08-12T15:34:16.486,768,unlabeled,1,0.4665374755859375,78.78371906280518,112.87409257888794,140.02661418914795,240.0,157.56743812561035,225.74818515777588,280.0532283782959,480.0,218.81033325195312,352.87409257888794,218.81033325195312,480.0,0.34189114570617674,0.7351543595393498,0.34189114570617674,1.0,61.24289512634277,127.12590742111206,regular_ge32
2026-08-12T15:34:16.588,769,unlabeled,1,0.5666266083717346,76.42729759216309,112.37159037590027,131.30462646484375,240.0,152.85459518432617,224.74318075180054,262.6092529296875,480.0,207.73192405700684,352.37159037590027,207.73192405700684,480.0,0.3245811313390732,0.7341074799497922,0.3245811313390732,1.0,54.877328872680664,127.62840962409973,regular_ge32
2026-08-12T15:34:16.702,770,unlabeled,1,0.5167500376701355,70.93706345558167,120.65240812301636,127.35490536689758,240.0,141.87412691116333,241.30481624603271,254.70981073379517,480.0,198.29196882247925,360.65240812301636,198.29196882247925,480.0,0.3098312012851238,0.7513591835896174,0.3098312012851238,1.0,56.41784191131592,119.34759187698364,regular_ge32
2026-08-12T15:34:16.804,771,unlabeled,1,0.45820698142051697,61.560134410858154,113.14660203456879,124.47982263565063,240.0,123.12026882171631,226.29320406913757,248.95964527130127,480.0,186.0399570465088,353.1466020345688,186.0399570465088,480.0,0.29068743288516996,0.7357220875720183,0.29068743288516996,1.0,62.91968822479248,126.85339796543121,regular_ge32
2026-08-12T15:34:16.919,772,unlabeled,1,0.5334624648094177,59.9635066986084,106.563148021698,121.20640182495117,240.0,119.9270133972168,213.126296043396,242.41280364990234,480.0,181.16990852355957,346.563148021698,181.16990852355957,480.0,0.28307798206806184,0.7220065583785374,0.28307798206806184,1.0,61.24289512634277,133.436851978302,regular_ge32
2026-08-12T15:34:16.919,772,unlabeled,2,0.20742715895175934,63.08310425281525,0.0,73.91635692119598,10.899922281503677,126.1662085056305,0.0,147.83271384239197,21.799844563007355,136.99946117401123,10.899922281503677,136.99946117401123,21.799844563007355,0.21406165808439254,0.022708171419799326,0.21406165808439254,0.04541634283959865,10.833252668380737,10.899922281503677,tiny_lt16
2026-08-12T15:34:16.919,772,unlabeled,3,0.2019716501235962,282.3523724079132,223.27533268928528,302.865446805954,239.65386652946472,564.7047448158264,446.55066537857056,605.730893611908,479.30773305892944,585.2178192138672,462.92919921875,585.2178192138672,479.30773305892944,0.9144028425216675,0.9644358317057292,0.9144028425216675,0.9985577772061031,20.51307439804077,16.378533840179443,small_16_32
2026-08-12T15:34:17.022,773,unlabeled,1,0.4665374755859375,54.43948459625244,108.25991153717041,115.68237972259521,240.0,108.87896919250488,216.51982307434082,231.36475944519043,480.0,170.12186431884766,348.2599115371704,170.12186431884766,480.0,0.26581541299819944,0.725541482369105,0.26581541299819944,1.0,61.24289512634277,131.7400884628296,regular_ge32
2026-08-12T15:34:17.138,774,unlabeled,1,0.34598395228385925,37.242194175720215,111.0462715625763,110.94751453399658,240.0,74.48438835144043,222.0925431251526,221.89502906799316,480.0,148.1897087097168,351.0462715625763,148.1897087097168,480.0,0.23154641985893248,0.7313463990887006,0.23154641985893248,1.0,73.70532035827637,128.9537284374237,regular_ge32
2026-08-12T15:34:17.240,775,unlabeled,1,0.4251631200313568,12.594472885131836,100.7041540145874,96.23098564147949,228.73514556884766,25.188945770263672,201.4083080291748,192.46197128295898,457.4702911376953,108.82545852661133,329.43929958343506,108.82545852661133,457.4702911376953,0.1700397789478302,0.6863318741321563,0.1700397789478302,0.9530631065368652,83.63651275634766,128.03099155426025,regular_ge32
2026-08-12T15:34:17.359,776,unlabeled,1,0.4498997628688812,14.142563343048096,98.78001070022583,95.72538614273071,240.0,28.28512668609619,197.56002140045166,191.45077228546143,480.0,109.86794948577881,338.78001070022583,109.86794948577881,480.0,0.1716686710715294,0.7057916889588038,0.1716686710715294,1.0,81.58282279968262,141.21998929977417,regular_ge32
2026-08-12T15:34:17.463,777,unlabeled,1,0.5167500376701355,10.36298131942749,99.46940660476685,98.20580816268921,235.45979261398315,20.72596263885498,198.9388132095337,196.41161632537842,470.9195852279663,108.5687894821167,334.92919921875,108.5687894821167,470.9195852279663,0.16963873356580733,0.6977691650390625,0.16963873356580733,0.9810824692249298,87.84282684326172,135.9903860092163,regular_ge32
2026-08-12T15:34:17.581,778,unlabeled,1,0.39277467131614685,9.002635717391968,112.04313778877258,92.63914847373962,240.0,18.005271434783936,224.08627557754517,185.27829694747925,480.0,101.64178419113159,352.0431377887726,101.64178419113159,480.0,0.15881528779864312,0.7334232037266095,0.15881528779864312,1.0,83.63651275634766,127.95686221122742,regular_ge32
2026-08-12T15:34:17.685,779,unlabeled,1,0.441620409488678,5.8235862255096436,108.31089401245117,95.81819796562195,240.0,11.647172451019287,216.62178802490234,191.6363959312439,480.0,101.64178419113159,348.3108940124512,101.64178419113159,480.0,0.15881528779864312,0.7256476958592732,0.15881528779864312,1.0,89.9946117401123,131.68910598754883,regular_ge32
2026-08-12T15:34:17.685,779,unlabeled,2,0.2019716501235962,63.30302345752716,0.0,74.1362761259079,10.781870275735855,126.60604691505432,0.0,148.2725522518158,21.56374055147171,137.43929958343506,10.781870275735855,137.43929958343506,21.56374055147171,0.21474890559911727,0.022462229741116366,0.21474890559911727,0.04492445948223273,10.833252668380737,10.781870275735855,tiny_lt16
2026-08-12T15:34:17.806,780,unlabeled,1,0.5251132845878601,6.783874750137329,103.14076566696167,96.77848649024963,240.0,13.567749500274658,206.28153133392334,193.55697298049927,480.0,103.56236124038696,343.14076566696167,103.56236124038696,480.0,0.16181618943810464,0.7148765951395035,0.16181618943810464,1.0,89.9946117401123,136.85923433303833,regular_ge32
2026-08-12T15:34:17.806,780,unlabeled,2,0.2019716501235962,281.45470213890076,221.01115328073502,303.9845974445343,239.55763620138168,562.9094042778015,442.02230656147003,607.9691948890686,479.11527240276337,585.4392995834351,460.5687894821167,585.4392995834351,479.11527240276337,0.9147489055991173,0.9595183114210765,0.9147489055991173,0.998156817505757,22.529895305633545,18.546482920646667,small_16_32
2026-08-12T15:34:17.910,781,unlabeled,1,0.4498997628688812,9.68034029006958,104.39214134216309,93.31685304641724,224.3921413421631,19.36068058013916,208.78428268432617,186.63370609283447,448.7842826843262,102.99719333648682,328.7842826843262,102.99719333648682,448.7842826843262,0.16093311458826065,0.6849672555923462,0.16093311458826065,0.9349672555923462,83.63651275634766,120.0,regular_ge32
2026-08-12T15:34:18.031,782,unlabeled,1,0.35360580682754517,2.773892402648926,109.03903293609619,86.41040515899658,239.06935024261475,5.547784805297852,218.07806587219238,172.82081031799316,478.1387004852295,89.18429756164551,348.10838317871094,89.18429756164551,478.1387004852295,0.1393504649400711,0.7252257982889811,0.1393504649400711,0.9961222926775615,83.63651275634766,130.03031730651855,regular_ge32
2026-08-12T15:34:18.135,783,unlabeled,1,0.5,3.903799533843994,115.17319107055664,79.52741193771362,240.0,7.807599067687988,230.34638214111328,159.05482387542725,480.0,83.43121147155762,355.17319107055664,83.43121147155762,480.0,0.13036126792430877,0.7399441480636597,0.13036126792430877,1.0,75.62361240386963,124.82680892944336,regular_ge32
2026-08-12T15:34:18.251,784,unlabeled,1,0.5334624648094177,9.695198059082031,104.7732605934143,79.6671314239502,240.0,19.390396118164062,209.5465211868286,159.3342628479004,480.0,89.36232948303223,344.7732605934143,89.36232948303223,480.0,0.13962863981723786,0.7182776262362798,0.13962863981723786,1.0,69.97193336486816,135.2267394065857,regular_ge32
2026-08-12T15:34:18.355,785,unlabeled,1,0.441620409488678,2.950197219848633,99.42138338088989,86.58670997619629,237.38224172592163,5.900394439697266,198.84276676177979,173.17341995239258,474.76448345184326,89.53690719604492,336.8036251068115,89.53690719604492,474.76448345184326,0.13990141749382018,0.701674218972524,0.13990141749382018,0.9890926738580068,83.63651275634766,137.96085834503174,regular_ge32
2026-08-12T15:34:18.355,785,unlabeled,2,0.22444185614585876,283.95881485939026,220.8200096487999,301.4804847240448,238.2514768242836,567.9176297187805,441.6400192975998,602.9609694480896,476.5029536485672,585.4392995834351,459.0714864730835,585.4392995834351,476.5029536485672,0.9147489055991173,0.9563989301522573,0.9147489055991173,0.9927144867678483,17.52166986465454,17.431467175483704,small_16_32
2026-08-12T15:34:18.473,786,unlabeled,1,0.4251631200313568,12.386185646057129,106.08914923667908,93.96900844573975,222.06913304328918,24.772371292114258,212.17829847335815,187.9380168914795,444.13826608657837,106.35519409179688,328.15828227996826,106.35519409179688,444.13826608657837,0.16617999076843262,0.6836630880832673,0.16617999076843262,0.9252880543470383,81.58282279968262,115.97998380661011,regular_ge32
2026-08-12T15:34:18.575,787,unlabeled,1,0.5501002073287964,12.98435354232788,117.58106517791748,96.62086629867554,240.0,25.96870708465576,235.16213035583496,193.24173259735107,480.0,109.60521984100342,357.5810651779175,109.60521984100342,480.0,0.17125815600156785,0.7449605524539947,0.17125815600156785,1.0,83.63651275634766,122.41893482208252,regular_ge32
2026-08-12T15:34:18.693,788,unlabeled,1,0.39277467131614685,32.373886585235596,116.51279497146606,100.53091096878052,240.0,64.74777317047119,233.02558994293213,201.06182193756104,480.0,132.9047975540161,356.51279497146606,132.9047975540161,480.0,0.20766374617815017,0.7427349895238876,0.20766374617815017,1.0,68.15702438354492,123.48720502853394,regular_ge32
2026-08-12T15:34:18.693,788,unlabeled,2,0.2019716501235962,284.0123128890991,222.3526532649994,300.9871482849121,238.73118710517883,568.0246257781982,444.7053065299988,601.9742965698242,477.46237421035767,584.9994611740112,461.0838403701782,584.9994611740112,477.46237421035767,0.9140616580843925,0.960591334104538,0.9140616580843925,0.9947132796049118,16.97483539581299,16.378533840179443,small_16_32
2026-08-12T15:34:18.796,789,unlabeled,1,0.3848111629486084,37.039886474609375,110.54284524917603,99.95957469940186,238.57383680343628,74.07977294921875,221.08569049835205,199.9191493988037,477.14767360687256,136.99946117401123,349.1166820526123,136.99946117401123,477.14767360687256,0.21406165808439254,0.7273264209429423,0.21406165808439254,0.9940576533476512,62.91968822479248,128.03099155426025,regular_ge32
2026-08-12T15:34:18.913,790,unlabeled,1,0.34598395228385925,44.6613507270813,111.78129953145981,107.58103895187378,240.0,89.3227014541626,223.56259906291962,215.16207790374756,480.0,152.24238967895508,351.7812995314598,152.24238967895508,480.0,0.2378787338733673,0.7328777073572079,0.2378787338733673,1.0,62.91968822479248,128.2187004685402,regular_ge32
2026-08-12T15:34:18.913,790,unlabeled,2,0.20742715895175934,283.3496083021164,221.83568400144577,301.4346743822098,238.73310548067093,566.6992166042328,443.67136800289154,602.8693487644196,477.46621096134186,584.7842826843262,460.5687894821167,584.7842826843262,477.46621096134186,0.9137254416942596,0.9595183114210765,0.9137254416942596,0.9947212728361289,18.085066080093384,16.89742147922516,small_16_32
2026-08-12T15:34:19.016,791,unlabeled,1,0.5911299586296082,61.11917734146118,120.94569492340088,117.5370192527771,240.0,122.23835468292236,241.89138984680176,235.0740385055542,480.0,178.65619659423828,360.9456949234009,178.65619659423828,480.0,0.2791503071784973,0.7519701977570852,0.2791503071784973,1.0,56.41784191131592,119.05430507659912,regular_ge32
2026-08-12T15:34:19.137,792,unlabeled,1,0.45820698142051697,60.85488939285278,121.8372073173523,123.77457761764526,239.82663774490356,121.70977878570557,243.6744146347046,247.54915523529053,479.65327548980713,184.62946701049805,361.66384506225586,184.62946701049805,479.65327548980713,0.2884835422039032,0.7534663438796997,0.2884835422039032,0.9992776572704315,62.91968822479248,117.98943042755127,regular_ge32
2026-08-12T15:34:19.137,792,unlabeled,2,0.2019716501235962,283.05940997600555,222.48526400327682,301.7248727083206,239.38268548250198,566.1188199520111,444.97052800655365,603.4497454166412,478.76537096500397,584.7842826843262,461.8679494857788,584.7842826843262,478.76537096500397,0.9137254416942596,0.9622248947620392,0.9137254416942596,0.9974278561770916,18.665462732315063,16.89742147922516,small_16_32
2026-08-12T15:34:19.239,793,unlabeled,1,0.4169939160346985,73.11055135726929,111.15007293224335,134.35344648361206,240.0,146.22110271453857,222.3001458644867,268.7068929672241,480.0,207.46399784088135,351.15007293224335,207.46399784088135,480.0,0.3241624966263771,0.7315626519421736,0.3241624966263771,1.0,61.24289512634277,128.84992706775665,regular_ge32
2026-08-12T15:34:19.356,794,unlabeled,1,0.4498997628688812,74.2694902420044,112.7129043340683,138.90041828155518,240.0,148.5389804840088,225.4258086681366,277.80083656311035,480.0,213.16990852355957,352.7129043340683,213.16990852355957,480.0,0.33307798206806183,0.7348185506959756,0.33307798206806183,1.0,64.63092803955078,127.2870956659317,regular_ge32
2026-08-12T15:34:19.356,794,unlabeled,2,0.2019716501235962,282.8924140930176,221.33213394880295,302.7714309692383,238.2295554280281,565.7848281860352,442.6642678976059,605.5428619384766,476.4591108560562,585.6638450622559,459.56168937683105,585.6638450622559,476.4591108560562,0.9150997579097748,0.9574201862017314,0.9150997579097748,0.9926231476167838,19.879016876220703,16.89742147922516,small_16_32
2026-08-12T15:34:19.459,795,unlabeled,1,0.40887001156806946,82.69045948982239,123.79085278511047,149.06715035438538,239.77083659172058,165.38091897964478,247.58170557022095,298.13430070877075,479.54167318344116,231.75760984420776,363.56168937683105,231.75760984420776,479.54167318344116,0.36212126538157463,0.7574201862017313,0.36212126538157463,0.9990451524655024,66.37669086456299,115.97998380661011,regular_ge32
2026-08-12T15:34:19.575,796,unlabeled,1,0.5501002073287964,87.14913558959961,125.94756889343262,151.7800636291504,239.9203805923462,174.29827117919922,251.89513778686523,303.5601272583008,479.8407611846924,238.92919921875,365.8679494857788,238.92919921875,479.8407611846924,0.37332687377929685,0.7622248947620391,0.37332687377929685,0.9996682524681091,64.63092803955078,113.97281169891357,regular_ge32
2026-08-12T15:34:19.680,797,unlabeled,1,0.4748867154121399,97.43601179122925,119.60011887550354,150.80637788772583,237.5895493030548,194.8720235824585,239.20023775100708,301.61275577545166,475.1790986061096,248.24238967895508,357.18966817855835,248.24238967895508,475.1790986061096,0.3878787338733673,0.7441451420386632,0.3878787338733673,0.989956455429395,53.37036609649658,117.98943042755127,regular_ge32
2026-08-12T15:34:19.798,798,unlabeled,1,0.43337342143058777,105.81454753875732,110.0201028585434,159.1849136352539,240.0,211.62909507751465,220.0402057170868,318.3698272705078,480.0,264.99946117401123,350.0201028585434,264.99946117401123,480.0,0.41406165808439255,0.7292085476219654,0.41406165808439255,1.0,53.37036609649658,129.9798971414566,regular_ge32
2026-08-12T15:34:19.901,799,unlabeled,1,0.441620409488678,114.99838495254517,122.08914923667908,168.36875104904175,238.06913304328918,229.99676990509033,244.17829847335815,336.7375020980835,476.13826608657837,283.3671360015869,360.15828227996826,283.3671360015869,476.13826608657837,0.44276115000247956,0.7503297547499339,0.44276115000247956,0.991954721013705,53.37036609649658,115.97998380661011,regular_ge32
2026-08-12T15:34:20.013,800,unlabeled,1,0.5911299586296082,118.09820222854614,121.41504621505737,179.34109735488892,240.0,236.19640445709229,242.83009243011475,358.68219470977783,480.0,297.43929958343506,361.4150462150574,297.43929958343506,480.0,0.4647489055991173,0.7529480129480361,0.4647489055991173,1.0,61.24289512634277,118.58495378494263,regular_ge32
2026-08-12T15:34:20.116,801,unlabeled,1,0.5083773732185364,127.39893770217896,118.40256643295288,183.81677961349487,240.0,254.7978754043579,236.80513286590576,367.63355922698975,480.0,311.2157173156738,358.4025664329529,311.2157173156738,480.0,0.48627455830574035,0.7466720134019852,0.48627455830574035,1.0,56.41784191131592,121.59743356704712,regular_ge32
2026-08-12T15:34:20.239,802,unlabeled,1,0.441620409488678,136.64649319648743,113.8186285495758,188.54317498207092,240.0,273.29298639297485,227.6372570991516,377.08634996414185,480.0,325.18966817855835,353.8186285495758,325.18966817855835,480.0,0.5081088565289974,0.7371221428116163,0.5081088565289974,1.0,51.896681785583496,126.1813714504242,regular_ge32
2026-08-12T15:34:20.343,803,unlabeled,1,0.4916226267814636,141.88593339920044,119.97812938690186,198.30377531051636,239.97812938690186,283.7718667984009,239.9562587738037,396.6075506210327,479.9562587738037,340.1897087097168,359.9562587738037,340.1897087097168,479.9562587738037,0.5315464198589325,0.7499088724454244,0.5315464198589325,0.9999088724454244,56.41784191131592,120.0,regular_ge32
2026-08-12T15:34:20.458,804,unlabeled,1,0.5501002073287964,151.97290468215942,124.94398283958435,208.39074659347534,240.0,303.94580936431885,249.8879656791687,416.7814931869507,480.0,360.36365127563477,364.94398283958435,360.36365127563477,480.0,0.5630682051181793,0.760299964249134,0.5630682051181793,1.0,56.41784191131592,115.05601716041565,regular_ge32
2026-08-12T15:34:20.560,805,unlabeled,1,0.558379590511322,157.0563998222351,119.49444580078125,207.5123896598816,240.0,314.1127996444702,238.9888916015625,415.0247793197632,480.0,364.5687894821167,359.49444580078125,364.5687894821167,480.0,0.5696387335658073,0.7489467620849609,0.5696387335658073,1.0,50.455989837646484,120.50555419921875,regular_ge32
2026-08-12T15:34:20.677,806,unlabeled,1,0.5334624648094177,157.71662950515747,115.93580305576324,211.08699560165405,239.95581209659576,315.43325901031494,231.8716061115265,422.1739912033081,479.9116241931915,368.8036251068115,355.891615152359,368.8036251068115,479.9116241931915,0.576255664229393,0.7414408649007479,0.576255664229393,0.9998158837358156,53.37036609649658,124.02000904083252,regular_ge32
2026-08-12T15:34:20.779,807,unlabeled,1,0.5748369097709656,157.70828437805176,122.50973868370056,215.70041847229004,238.48972249031067,315.4165687561035,245.01947736740112,431.4008369445801,476.97944498062134,373.4087028503418,360.99946117401123,373.4087028503418,476.97944498062134,0.583451098203659,0.75208221077919,0.583451098203659,0.9937071770429611,57.99213409423828,115.97998380661011,regular_ge32
2026-08-12T15:34:20.893,808,unlabeled,1,0.5167500376701355,148.13956546783447,126.07952070236206,227.70215320587158,240.0,296.27913093566895,252.15904140472412,455.40430641174316,480.0,375.84171867370605,366.07952070236206,375.84171867370605,480.0,0.5872526854276657,0.762665668129921,0.5872526854276657,1.0,79.56258773803711,113.92047929763794,regular_ge32
2026-08-12T15:34:20.996,809,unlabeled,1,0.5083773732185364,157.94532251358032,126.47819375991821,220.8650107383728,240.0,315.89064502716064,252.95638751983643,441.7300214767456,480.0,378.8103332519531,366.4781937599182,378.8103332519531,480.0,0.5918911457061767,0.7634962369998296,0.5918911457061767,1.0,62.91968822479248,113.52180624008179,regular_ge32
2026-08-12T15:34:20.996,809,unlabeled,2,0.218662291765213,281.916766166687,220.3844514489174,303.0826950073242,238.93093436956406,563.833532333374,440.7689028978348,606.1653900146484,477.8618687391281,584.9994611740112,459.31538581848145,584.9994611740112,477.8618687391281,0.9140616580843925,0.956907053788503,0.9140616580843925,0.9955455598731836,21.165928840637207,18.546482920646667,small_16_32
2026-08-12T15:34:21.110,810,unlabeled,1,0.5666266083717346,155.09415817260742,119.31883454322815,216.3370532989502,239.31883454322815,310.18831634521484,238.6376690864563,432.6741065979004,478.6376690864563,371.4312114715576,358.6376690864563,371.4312114715576,478.6376690864563,0.5803612679243088,0.747161810596784,0.5803612679243088,0.997161810596784,61.24289512634277,120.0,regular_ge32
2026-08-12T15:34:21.212,811,unlabeled,1,0.5830061435699463,150.35643863677979,119.87880492210388,214.98736667633057,239.87880492210388,300.71287727355957,239.75760984420776,429.97473335266113,479.75760984420776,365.34380531311035,359.75760984420776,365.34380531311035,479.75760984420776,0.570849695801735,0.7494950205087662,0.570849695801735,0.9994950205087662,64.63092803955078,120.0,regular_ge32
2026-08-12T15:34:21.212,811,unlabeled,2,0.2019716501235962,282.56022214889526,220.30513298511505,302.43923902511597,238.28616511821747,565.1204442977905,440.6102659702301,604.8784780502319,476.57233023643494,584.9994611740112,458.5912981033325,584.9994611740112,476.57233023643494,0.9140616580843925,0.955398537715276,0.9140616580843925,0.9928590213259061,19.879016876220703,17.981032133102417,small_16_32
2026-08-12T15:34:21.326,812,unlabeled,1,0.5748369097709656,140.40053176879883,125.20840430259705,219.96311950683594,240.0,280.80106353759766,250.4168086051941,439.9262390136719,480.0,360.36365127563477,365.20840430259705,360.36365127563477,480.0,0.5630682051181793,0.7608508422970772,0.5630682051181793,1.0,79.56258773803711,114.79159569740295,regular_ge32
2026-08-12T15:34:21.429,813,unlabeled,1,0.5417929887771606,144.98363256454468,127.5489935874939,213.1406569480896,240.0,289.96726512908936,255.0979871749878,426.2813138961792,480.0,358.1242895126343,367.5489935874939,358.1242895126343,480.0,0.5595692023634911,0.7657270699739456,0.5595692023634911,1.0,68.15702438354492,112.4510064125061,regular_ge32
2026-08-12T15:34:21.544,814,unlabeled,1,0.5334624648094177,146.99838495254517,123.79085278511047,200.36875104904175,239.77083659172058,293.99676990509033,247.58170557022095,400.7375020980835,479.54167318344116,347.3671360015869,363.56168937683105,347.3671360015869,479.54167318344116,0.5427611500024796,0.7574201862017313,0.5427611500024796,0.9990451524655024,53.37036609649658,115.97998380661011,regular_ge32
2026-08-12T15:34:21.647,815,unlabeled,1,0.5748369097709656,142.25533628463745,122.0662169456482,198.67317819595337,240.0,284.5106725692749,244.1324338912964,397.34635639190674,480.0,340.9285144805908,362.0662169456482,340.9285144805908,480.0,0.5327008038759231,0.7543046186367671,0.5327008038759231,1.0,56.41784191131592,117.9337830543518,regular_ge32
2026-08-12T15:34:21.763,816,unlabeled,1,0.5911299586296082,138.61046600341797,128.07961988449097,191.98083209991455,240.0,277.22093200683594,256.15923976898193,383.9616641998291,480.0,330.5912981033325,368.07961988449097,330.5912981033325,480.0,0.5165489032864571,0.7668325414260229,0.5165489032864571,1.0,53.37036609649658,111.92038011550903,regular_ge32
2026-08-12T15:34:21.763,816,unlabeled,2,0.2019716501235962,283.67711675167084,222.35389918088913,301.7621828317642,239.2513206601143,567.3542335033417,444.70779836177826,603.5243656635284,478.5026413202286,585.4392995834351,461.6052198410034,585.4392995834351,478.5026413202286,0.9147489055991173,0.9616775413354238,0.9147489055991173,0.9968805027504762,18.085066080093384,16.89742147922516,small_16_32
2026-08-12T15:34:21.866,817,unlabeled,1,0.4251631200313568,134.5192551612854,133.59050512313843,180.8478808403015,239.57940340042114,269.0385103225708,267.18101024627686,361.695761680603,479.1588068008423,315.3671360015869,373.16990852355957,315.3671360015869,479.1588068008423,0.49276115000247955,0.7774373094240824,0.49276115000247955,0.9982475141684214,46.32862567901611,105.98889827728271,regular_ge32
2026-08-12T15:34:21.995,818,unlabeled,1,0.5251132845878601,128.0616044998169,124.04055094718933,182.93893337249756,240.0,256.1232089996338,248.08110189437866,365.8778667449951,480.0,311.00053787231445,364.04055094718933,311.00053787231445,480.0,0.48593834042549133,0.7584178144733111,0.48593834042549133,1.0,54.877328872680664,115.95944905281067,regular_ge32
2026-08-12T15:34:22.097,819,unlabeled,1,0.5748369097709656,129.44275045394897,122.30093383789062,181.33943223953247,240.0,258.88550090789795,244.60186767578125,362.67886447906494,480.0,310.78218269348145,362.3009338378906,310.78218269348145,480.0,0.48559716045856477,0.7547936121622721,0.48559716045856477,1.0,51.896681785583496,117.69906616210938,regular_ge32
2026-08-12T15:34:22.212,820,unlabeled,1,0.558379590511322,126.0194149017334,127.28159475326538,180.89674377441406,240.0,252.0388298034668,254.56318950653076,361.7934875488281,480.0,306.91615867614746,367.2815947532654,306.91615867614746,480.0,0.4795564979314804,0.7651699890693029,0.4795564979314804,1.0,54.877328872680664,112.71840524673462,regular_ge32
2026-08-12T15:34:22.314,821,unlabeled,1,0.6072253584861755,123.10325574874878,129.60277366638184,177.98058462142944,240.0,246.20651149749756,259.2055473327637,355.9611692428589,480.0,301.0838403701782,369.60277366638184,301.0838403701782,480.0,0.47044350057840345,0.7700057784716289,0.47044350057840345,1.0,54.877328872680664,110.39722633361816,regular_ge32
2026-08-12T15:34:22.433,822,unlabeled,1,0.5666266083717346,120.44014048576355,119.17654085159302,175.3174693584442,240.0,240.8802809715271,238.35308170318604,350.6349387168884,480.0,295.75760984420776,359.176540851593,295.75760984420776,480.0,0.4621212653815746,0.7482844601074855,0.4621212653815746,1.0,54.877328872680664,120.82345914840698,regular_ge32
2026-08-12T15:34:22.536,823,unlabeled,1,0.39277467131614685,114.78093338012695,113.56359231472015,169.65826225280762,240.0,229.5618667602539,227.1271846294403,339.31652450561523,480.0,284.43919563293457,353.56359231472015,284.43919563293457,480.0,0.44443624317646024,0.7365908173223337,0.44443624317646024,1.0,54.877328872680664,126.43640768527985,regular_ge32
2026-08-12T15:34:22.650,824,unlabeled,1,0.4748867154121399,108.54209470748901,117.78040277957916,168.14251947402954,237.78040277957916,217.08418941497803,235.56080555915833,336.2850389480591,475.5608055591583,276.68461418151855,355.5608055591583,276.68461418151855,475.5608055591583,0.43231970965862276,0.7407516782482465,0.43231970965862276,0.9907516782482465,59.60042476654053,120.0,regular_ge32
2026-08-12T15:34:22.753,825,unlabeled,1,0.37690892815589905,93.41974020004272,119.06214475631714,169.04335260391235,239.06214475631714,186.83948040008545,238.12428951263428,338.0867052078247,478.1242895126343,262.4630928039551,358.1242895126343,262.4630928039551,478.1242895126343,0.4100985825061798,0.746092269817988,0.4100985825061798,0.996092269817988,75.62361240386963,120.0,regular_ge32
2026-08-12T15:34:22.867,826,unlabeled,1,0.45820698142051697,82.54004907608032,115.993812084198,160.11614751815796,240.0,165.08009815216064,231.987624168396,320.2322950363159,480.0,242.65619659423828,355.993812084198,242.65619659423828,480.0,0.3791503071784973,0.7416537751754125,0.3791503071784973,1.0,77.57609844207764,124.006187915802,regular_ge32
2026-08-12T15:34:22.970,827,unlabeled,1,0.3848111629486084,91.10059642791748,108.98102474212646,159.2576208114624,239.01134204864502,182.20119285583496,217.96204948425293,318.5152416229248,478.02268409729004,250.35821723937988,347.9923667907715,250.35821723937988,478.02268409729004,0.3911847144365311,0.724984097480774,0.3911847144365311,0.9958805918693543,68.15702438354492,130.03031730651855,regular_ge32
2026-08-12T15:34:23.086,828,unlabeled,1,0.3384403884410858,78.31578159332275,110.45247507095337,161.9522943496704,238.48346662521362,156.6315631866455,220.90495014190674,323.9045886993408,476.96693325042725,240.26807594299316,348.935941696167,240.26807594299316,476.96693325042725,0.37541886866092683,0.7269498785336812,0.37541886866092683,0.9936811109383901,83.63651275634766,128.03099155426025,regular_ge32
2026-08-12T15:34:23.188,829,unlabeled,1,0.400795578956604,71.26853466033936,118.14069962501526,144.97385501861572,240.0,142.5370693206787,236.28139925003052,289.94771003723145,480.0,216.24238967895508,358.14069962501526,216.24238967895508,480.0,0.3378787338733673,0.7461264575521152,0.3378787338733673,1.0,73.70532035827637,121.85930037498474,regular_ge32
2026-08-12T15:34:23.303,830,unlabeled,1,0.5417929887771606,66.40934133529663,118.40256643295288,143.98543977737427,240.0,132.81868267059326,236.80513286590576,287.97087955474854,480.0,210.3947811126709,358.4025664329529,210.3947811126709,480.0,0.3287418454885483,0.7466720134019852,0.3287418454885483,1.0,77.57609844207764,121.59743356704712,regular_ge32
2026-08-12T15:34:23.405,831,unlabeled,1,0.5167500376701355,51.36085224151611,106.60650777816772,134.99736499786377,240.0,102.72170448303223,213.21301555633545,269.99472999572754,480.0,186.35821723937988,346.6065077781677,186.35821723937988,480.0,0.29118471443653104,0.7220968912045161,0.29118471443653104,1.0,83.63651275634766,133.39349222183228,regular_ge32
2026-08-12T15:34:23.525,832,unlabeled,1,0.40887001156806946,41.24388837814331,104.41373682022095,124.88040113449097,240.0,82.48777675628662,208.8274736404419,249.76080226898193,480.0,166.12428951263428,344.41373682022095,166.12428951263428,480.0,0.25956920236349107,0.7175286183754603,0.25956920236349107,1.0,83.63651275634766,135.58626317977905,regular_ge32
2026-08-12T15:34:23.627,833,unlabeled,1,0.4498997628688812,21.982715368270874,108.73401355743408,111.97732710838318,238.76433086395264,43.96543073654175,217.46802711486816,223.95465421676636,477.5286617279053,133.96004247665405,347.4983444213867,133.96004247665405,477.5286617279053,0.20931256636977197,0.7239548842112223,0.20931256636977197,0.9948513785998027,89.9946117401123,130.03031730651855,regular_ge32
2026-08-12T15:34:23.739,834,unlabeled,1,0.400795578956604,15.84269905090332,115.7591803073883,101.56600379943848,231.7391641139984,31.68539810180664,231.5183606147766,203.13200759887695,463.4783282279968,117.4087028503418,347.4983444213867,117.4087028503418,463.4783282279968,0.18345109820365907,0.7239548842112223,0.18345109820365907,0.9655798504749934,85.72330474853516,115.97998380661011,regular_ge32
2026-08-12T15:34:23.842,835,unlabeled,1,0.4169939160346985,17.91294002532959,107.00795364379883,99.4957628250122,239.03200340270996,35.82588005065918,214.01590728759766,198.9915256500244,478.0640068054199,117.4087028503418,346.0399570465088,117.4087028503418,478.0640068054199,0.18345109820365907,0.7209165771802266,0.18345109820365907,0.9959666808446248,81.58282279968262,132.02404975891113,regular_ge32
2026-08-12T15:34:23.956,836,unlabeled,1,0.5,18.923057556152344,106.05899858474731,98.48564529418945,240.0,37.84611511230469,212.11799716949463,196.9712905883789,480.0,117.4087028503418,346.0589985847473,117.4087028503418,480.0,0.18345109820365907,0.7209562470515569,0.18345109820365907,1.0,79.56258773803711,133.94100141525269,regular_ge32
2026-08-12T15:34:24.058,837,unlabeled,1,0.4169939160346985,19.800737380981445,106.92406892776489,101.38356018066406,230.9440779685974,39.60147476196289,213.84813785552979,202.76712036132812,461.8881559371948,121.18429756164551,337.8681468963623,121.18429756164551,461.8881559371948,0.1893504649400711,0.7038919727007548,0.1893504649400711,0.9622669915358225,81.58282279968262,124.02000904083252,regular_ge32
2026-08-12T15:34:24.174,838,unlabeled,1,0.43337342143058777,19.617518424987793,117.24554300308228,101.20034122467041,239.256112575531,39.235036849975586,234.49108600616455,202.40068244934082,478.512225151062,120.8178596496582,356.5016555786133,120.8178596496582,478.512225151062,0.18877790570259095,0.7427117824554443,0.18877790570259095,0.9969004690647125,81.58282279968262,122.01056957244873,regular_ge32
2026-08-12T15:34:24.276,839,unlabeled,1,0.45820698142051697,19.586910247802734,108.53244304656982,103.22342300415039,238.56276035308838,39.17382049560547,217.06488609313965,206.44684600830078,477.12552070617676,122.81033325195312,347.0952033996582,122.81033325195312,477.12552070617676,0.19189114570617677,0.7231150070826212,0.19189114570617677,0.9940115014712015,83.63651275634766,130.03031730651855,regular_ge32
2026-08-12T15:34:24.276,839,unlabeled,2,0.20742715895175934,283.9047236442566,224.4645892381668,300.8795590400696,240.0,567.8094472885132,448.9291784763336,601.7591180801392,480.0,584.7842826843262,464.4645892381668,584.7842826843262,480.0,0.9137254416942596,0.9676345609128475,0.9137254416942596,1.0,16.97483539581299,15.535410761833191,tiny_lt16
2026-08-12T15:34:24.391,840,unlabeled,1,0.5083773732185364,18.816447257995605,107.5082221031189,100.39927005767822,240.0,37.63289451599121,215.0164442062378,200.79854011535645,480.0,119.21571731567383,347.5082221031189,119.21571731567383,480.0,0.18627455830574036,0.723975462714831,0.18627455830574036,1.0,81.58282279968262,132.4917778968811,regular_ge32
2026-08-12T15:34:24.494,841,unlabeled,1,0.45820698142051697,15.115817070007324,108.0421667098999,98.75232982635498,240.0,30.23163414001465,216.0843334197998,197.50465965270996,480.0,113.8681468963623,348.0421667098999,113.8681468963623,480.0,0.1779189795255661,0.7250878473122915,0.1779189795255661,1.0,83.63651275634766,131.9578332901001,regular_ge32
2026-08-12T15:34:24.609,842,unlabeled,1,0.5,19.676208019256592,118.22626161575317,97.25230646133423,240.0,39.352416038513184,236.45252323150635,194.50461292266846,480.0,116.92851448059082,358.2262616157532,116.92851448059082,480.0,0.18270080387592316,0.7463047116994858,0.18270080387592316,1.0,77.57609844207764,121.77373838424683,regular_ge32
2026-08-12T15:34:24.712,843,unlabeled,1,0.39277467131614685,18.1026029586792,113.50764083862305,101.73911571502686,240.0,36.2052059173584,227.0152816772461,203.4782314300537,480.0,119.84171867370605,353.50764083862305,119.84171867370605,480.0,0.1872526854276657,0.7364742517471313,0.1872526854276657,1.0,83.63651275634766,126.49235916137695,regular_ge32
2026-08-12T15:34:24.826,844,unlabeled,1,0.441620409488678,32.8928382396698,110.20410203933716,102.86477160453796,238.2350935935974,65.7856764793396,220.40820407867432,205.72954320907593,476.4701871871948,135.75760984420776,348.43919563293457,135.75760984420776,476.4701871871948,0.21212126538157464,0.725914990901947,0.21212126538157464,0.9926462233066559,69.97193336486816,128.03099155426025,regular_ge32
2026-08-12T15:34:24.929,845,unlabeled,1,0.4251631200313568,38.312345027923584,106.01442766189575,115.88844347000122,240.0,76.62469005584717,212.0288553237915,231.77688694000244,480.0,154.2007884979248,346.01442766189575,154.2007884979248,480.0,0.2409387320280075,0.7208633909622828,0.2409387320280075,1.0,77.57609844207764,133.98557233810425,regular_ge32
2026-08-12T15:34:25.043,846,unlabeled,1,0.45820698142051697,49.47995138168335,116.67179548740387,127.05604982376099,238.6823650598526,98.9599027633667,233.34359097480774,254.11209964752197,477.3647301197052,176.53600120544434,355.35416054725647,176.53600120544434,477.3647301197052,0.27583750188350675,0.7403211678067844,0.27583750188350675,0.9945098544160526,77.57609844207764,122.01056957244873,regular_ge32
2026-08-12T15:34:25.145,847,unlabeled,1,0.4251631200313568,65.48017287254333,119.40785121917725,131.85686373710632,239.40785121917725,130.96034574508667,238.8157024383545,263.71372747421265,478.8157024383545,197.33703660964966,358.8157024383545,197.33703660964966,478.8157024383545,0.3083391197025776,0.7475327134132386,0.3083391197025776,0.9975327134132386,66.37669086456299,120.0,regular_ge32
2026-08-12T15:34:25.261,848,unlabeled,1,0.4169939160346985,71.6234803199768,109.98068761825562,126.50080919265747,238.01167917251587,143.2469606399536,219.96137523651123,253.00161838531494,476.02335834503174,198.12428951263428,347.9923667907715,198.12428951263428,476.02335834503174,0.30956920236349106,0.724984097480774,0.30956920236349106,0.9917153298854828,54.877328872680664,128.03099155426025,regular_ge32
2026-08-12T15:34:25.365,849,unlabeled,1,0.4665374755859375,75.13386106491089,108.79805564880371,134.73428583145142,238.82837295532227,150.26772212982178,217.59611129760742,269.46857166290283,477.65674591064453,209.8681468963623,347.626428604126,209.8681468963623,477.65674591064453,0.3279189795255661,0.7242217262585958,0.3279189795255661,0.9951182206471761,59.60042476654053,130.03031730651855,regular_ge32
2026-08-12T15:34:25.482,850,unlabeled,1,0.5417929887771606,89.93790769577026,121.95097970962524,147.93004179000854,239.9404101371765,179.87581539154053,243.9019594192505,295.8600835800171,479.880820274353,237.8679494857788,361.89138984680176,237.8679494857788,479.880820274353,0.3716686710715294,0.7539403955141704,0.3716686710715294,0.9997517089049022,57.99213409423828,117.98943042755127,regular_ge32
2026-08-12T15:34:25.482,850,unlabeled,2,0.2019716501235962,283.24363219738007,222.48266261816025,301.32869827747345,239.91412979364395,566.4872643947601,444.9653252363205,602.6573965549469,479.8282595872879,584.5723304748535,462.3967924118042,584.5723304748535,479.8282595872879,0.9133942663669586,0.9633266508579255,0.9133942663669586,0.9996422074735165,18.085066080093384,17.431467175483704,small_16_32
2026-08-12T15:34:25.585,851,unlabeled,1,0.5083773732185364,91.91539335250854,126.21199035644531,151.51581811904907,240.0,183.8307867050171,252.42398071289062,303.03163623809814,480.0,243.43121147155762,366.2119903564453,243.43121147155762,480.0,0.3803612679243088,0.7629416465759278,0.3803612679243088,1.0,59.60042476654053,113.78800964355469,regular_ge32
2026-08-12T15:34:25.701,852,unlabeled,1,0.5083773732185364,98.86718273162842,118.31354975700378,167.02420711517334,240.0,197.73436546325684,236.62709951400757,334.0484142303467,480.0,265.89138984680176,358.3135497570038,265.89138984680176,480.0,0.41545529663562775,0.7464865619937578,0.41545529663562775,1.0,68.15702438354492,121.68645024299622,regular_ge32
2026-08-12T15:34:25.803,853,unlabeled,1,0.45820698142051697,109.09878730773926,115.01564919948578,167.09092140197754,239.0356582403183,218.19757461547852,230.03129839897156,334.1818428039551,478.0713164806366,276.1897087097168,354.0513074398041,276.1897087097168,478.0713164806366,0.4315464198589325,0.7376068904995918,0.4315464198589325,0.9959819093346596,57.99213409423828,124.02000904083252,regular_ge32
2026-08-12T15:34:25.919,854,unlabeled,1,0.4665374755859375,111.22648096084595,117.30883002281189,184.93180131912231,240.0,222.4529619216919,234.61766004562378,369.86360263824463,480.0,296.15828227996826,357.3088300228119,296.15828227996826,480.0,0.4627473160624504,0.7443933958808581,0.4627473160624504,1.0,73.70532035827637,122.69116997718811,regular_ge32
2026-08-12T15:34:26.021,855,unlabeled,1,0.5417929887771606,119.68453598022461,122.1828818321228,184.3154640197754,240.0,239.36907196044922,244.3657636642456,368.6309280395508,480.0,304.0,362.1828818321228,304.0,480.0,0.475,0.7545476704835892,0.475,1.0,64.63092803955078,117.8171181678772,regular_ge32
2026-08-12T15:34:26.137,856,unlabeled,1,0.43337342143058777,132.58521938323975,114.66348612308502,183.04120922088623,240.0,265.1704387664795,229.32697224617004,366.08241844177246,480.0,315.626428604126,354.663486123085,315.626428604126,480.0,0.49316629469394685,0.7388822627564271,0.49316629469394685,1.0,50.455989837646484,125.33651387691498,regular_ge32
2026-08-12T15:34:26.239,857,unlabeled,1,0.4748867154121399,136.1524052619934,110.79962015151978,191.02973413467407,236.8268084526062,272.3048105239868,221.59924030303955,382.05946826934814,473.6536169052124,327.1821393966675,347.626428604126,327.1821393966675,473.6536169052124,0.5112220928072929,0.7242217262585958,0.5112220928072929,0.9867783685525259,54.877328872680664,126.02718830108643,regular_ge32
2026-08-12T15:34:26.354,858,unlabeled,1,0.43337342143058777,147.5028359889984,114.04780554771423,208.7457311153412,240.0,295.0056719779968,228.09561109542847,417.4914622306824,480.0,356.2485671043396,354.04780554771423,356.2485671043396,480.0,0.5566383861005306,0.7375995948910713,0.5566383861005306,1.0,61.24289512634277,125.95219445228577,regular_ge32
2026-08-12T15:34:26.457,859,unlabeled,1,0.5501002073287964,154.59187841415405,118.40256643295288,209.46920728683472,240.0,309.1837568283081,236.80513286590576,418.93841457366943,480.0,364.06108570098877,358.4025664329529,364.06108570098877,480.0,0.568845446407795,0.7466720134019852,0.568845446407795,1.0,54.877328872680664,121.59743356704712,regular_ge32
2026-08-12T15:34:26.573,860,unlabeled,1,0.37690892815589905,154.97406482696533,109.78610515594482,209.851393699646,239.81642246246338,309.94812965393066,219.57221031188965,419.702787399292,479.63284492492676,364.8254585266113,349.6025276184082,364.8254585266113,479.63284492492676,0.5700397789478302,0.7283385992050171,0.5700397789478302,0.9992350935935974,54.877328872680664,130.03031730651855,regular_ge32
2026-08-12T15:34:26.573,860,unlabeled,2,0.2363237887620926,63.12487769126892,0.0,74.31442189216614,11.321803629398346,126.24975538253784,0.0,148.62884378433228,22.643607258796692,137.43929958343506,11.321803629398346,137.43929958343506,22.643607258796692,0.21474890559911727,0.023587090894579887,0.21474890559911727,0.047174181789159775,11.189544200897217,11.321803629398346,tiny_lt16
2026-08-12T15:34:26.677,861,unlabeled,1,0.32359981536865234,160.48144435882568,109.40575218200684,232.3028383255005,239.4360694885254,320.96288871765137,218.81150436401367,464.605676651001,478.8721389770508,392.7842826843262,348.8418216705322,392.7842826843262,478.8721389770508,0.6137254416942597,0.7267537951469422,0.6137254416942597,0.9976502895355225,71.8213939666748,130.03031730651855,regular_ge32
2026-08-12T15:34:26.677,861,unlabeled,2,0.21299070119857788,62.44519746303558,0.0,74.7726217508316,11.566905081272125,124.89039492607117,0.0,149.5452435016632,23.13381016254425,137.2178192138672,11.566905081272125,137.2178192138672,23.13381016254425,0.21440284252166747,0.02409771891931693,0.21440284252166747,0.04819543783863386,12.32742428779602,11.566905081272125,tiny_lt16
2026-08-12T15:34:26.793,862,unlabeled,1,0.36130279302597046,164.14559519290924,114.22283804416656,223.74601995944977,240.0,328.2911903858185,228.44567608833313,447.49203991889954,480.0,387.891615152359,354.22283804416656,387.891615152359,480.0,0.606080648675561,0.737964245925347,0.606080648675561,1.0,59.60042476654053,125.77716195583344,regular_ge32
2026-08-12T15:34:26.895,863,unlabeled,1,0.5666266083717346,167.7645092010498,119.49859666824341,235.92153358459473,239.4985966682434,335.5290184020996,238.99719333648682,471.84306716918945,478.9971933364868,403.68604278564453,358.9971933364868,403.68604278564453,478.9971933364868,0.6307594418525696,0.7479108194510142,0.6307594418525696,0.9979108194510142,68.15702438354492,120.0,regular_ge32
2026-08-12T15:34:26.895,863,unlabeled,2,0.20742715895175934,62.863773822784424,0.0,74.80007123947144,11.140016466379166,125.72754764556885,0.0,149.60014247894287,22.28003293275833,137.66384506225586,11.140016466379166,137.66384506225586,22.28003293275833,0.21509975790977479,0.02320836763828993,0.21509975790977479,0.04641673527657986,11.936297416687012,11.140016466379166,tiny_lt16
2026-08-12T15:34:27.009,864,unlabeled,1,0.3848111629486084,175.21976613998413,112.94766914844513,234.82019090652466,240.0,350.43953227996826,225.89533829689026,469.6403818130493,480.0,410.0399570465088,352.94766914844513,410.0399570465088,480.0,0.6406874328851699,0.7353076440592606,0.6406874328851699,1.0,59.60042476654053,127.05233085155487,regular_ge32
2026-08-12T15:34:27.009,864,unlabeled,2,0.2019716501235962,62.372254490852356,0.053419679403305054,75.5191353559494,11.26196613907814,124.74450898170471,0.10683935880661011,151.0382707118988,22.52393227815628,137.89138984680176,11.315385818481445,137.89138984680176,22.52393227815628,0.21545529663562774,0.02357372045516968,0.21545529663562774,0.046924858912825586,13.146880865097046,11.208546459674835,tiny_lt16
2026-08-12T15:34:27.111,865,unlabeled,1,0.4169939160346985,178.66443943977356,109.843190908432,241.58412766456604,240.0,357.3288788795471,219.686381816864,483.1682553291321,480.0,420.2485671043396,349.843190908432,420.2485671043396,480.0,0.6566383861005306,0.7288399810592333,0.6566383861005306,1.0,62.91968822479248,130.156809091568,regular_ge32
2026-08-12T15:34:27.111,865,unlabeled,2,0.20742715895175934,62.75150108337402,0.0,74.68779850006104,11.321803629398346,125.50300216674805,0.0,149.37559700012207,22.643607258796692,137.43929958343506,11.321803629398346,137.43929958343506,22.643607258796692,0.21474890559911727,0.023587090894579887,0.21474890559911727,0.047174181789159775,11.936297416687012,11.321803629398346,tiny_lt16
2026-08-12T15:34:27.228,866,unlabeled,1,0.5,176.90150904655457,114.76680862903595,245.0585334300995,240.0,353.80301809310913,229.5336172580719,490.117066860199,480.0,421.96004247665405,354.76680862903595,421.96004247665405,480.0,0.659312566369772,0.7390975179771583,0.659312566369772,1.0,68.15702438354492,125.23319137096405,regular_ge32
2026-08-12T15:34:27.228,866,unlabeled,2,0.20742715895175934,281.79598450660706,220.14180475473404,304.3258798122406,238.6882876753807,563.5919690132141,440.2836095094681,608.6517596244812,477.3765753507614,586.1218643188477,458.83009243011475,586.1218643188477,477.3765753507614,0.9158154129981995,0.9558960258960724,0.9158154129981995,0.9945345319807529,22.529895305633545,18.546482920646667,small_16_32
2026-08-12T15:34:27.331,867,unlabeled,1,0.558379590511322,173.99955081939697,120.28616523742676,253.56213855743408,240.0,347.99910163879395,240.57233047485352,507.12427711486816,480.0,427.56168937683105,360.28616523742676,427.56168937683105,480.0,0.6680651396512985,0.7505961775779724,0.6680651396512985,1.0,79.56258773803711,119.71383476257324,regular_ge32
2026-08-12T15:34:27.331,867,unlabeled,2,0.2549463212490082,63.41529619693756,0.17657145857810974,74.2485488653183,11.385117918252945,126.83059239387512,0.3531429171562195,148.4970977306366,22.77023583650589,137.66384506225586,11.561689376831055,137.66384506225586,22.77023583650589,0.21509975790977479,0.02408685286839803,0.21509975790977479,0.04743799132605394,10.833252668380737,11.208546459674835,tiny_lt16
2026-08-12T15:34:27.443,868,unlabeled,1,0.4498997628688812,175.86729538440704,119.14598441123962,244.02431976795197,239.14598441123962,351.7345907688141,238.29196882247925,488.04863953590393,478.29196882247925,419.891615152359,358.29196882247925,419.891615152359,478.29196882247925,0.6560806486755609,0.7464416017134984,0.6560806486755609,0.9964416017134984,68.15702438354492,120.0,regular_ge32
2026-08-12T15:34:27.443,868,unlabeled,2,0.22444185614585876,62.66821038722992,0.0,74.99563467502594,11.140016466379166,125.33642077445984,0.0,149.99126935005188,22.28003293275833,137.66384506225586,11.140016466379166,137.66384506225586,22.28003293275833,0.21509975790977479,0.02320836763828993,0.21509975790977479,0.04641673527657986,12.32742428779602,11.140016466379166,tiny_lt16
2026-08-12T15:34:27.547,869,unlabeled,1,0.4169939160346985,177.22353076934814,114.71446883678436,235.21566486358643,240.0,354.4470615386963,229.42893767356873,470.43132972717285,480.0,412.43919563293457,354.71446883678436,412.43919563293457,480.0,0.6444362431764603,0.7389884767433007,0.6444362431764603,1.0,57.99213409423828,125.28553116321564,regular_ge32
2026-08-12T15:34:27.664,870,unlabeled,1,0.441620409488678,177.33868074417114,115.47622299194336,233.75652265548706,239.49623203277588,354.6773614883423,230.95244598388672,467.5130453109741,478.99246406555176,411.0952033996582,354.97245502471924,411.0952033996582,478.99246406555176,0.6423362553119659,0.7395259479681651,0.6423362553119659,0.9979009668032328,56.41784191131592,124.02000904083252,regular_ge32
2026-08-12T15:34:27.664,870,unlabeled,2,0.23032912611961365,63.23715043067932,0.0,74.42669463157654,10.842972695827484,126.47430086135864,0.0,148.85338926315308,21.68594539165497,137.66384506225586,10.842972695827484,137.66384506225586,21.68594539165497,0.21509975790977479,0.02258952644964059,0.21509975790977479,0.04517905289928118,11.189544200897217,10.842972695827484,tiny_lt16
2026-08-12T15:34:27.768,871,unlabeled,1,0.6151888370513916,166.57069873809814,121.17759704589844,229.49038696289062,240.0,333.1413974761963,242.35519409179688,458.98077392578125,480.0,396.06108570098877,361.17759704589844,396.06108570098877,480.0,0.6188454464077949,0.7524533271789551,0.6188454464077949,1.0,62.91968822479248,118.82240295410156,regular_ge32
2026-08-12T15:34:27.768,871,unlabeled,2,0.24242530763149261,63.08310425281525,0.10781675577163696,73.91635692119598,10.96366971731186,126.1662085056305,0.21563351154327393,147.83271384239197,21.92733943462372,136.99946117401123,11.071486473083496,136.99946117401123,21.92733943462372,0.21406165808439254,0.02306559681892395,0.21406165808439254,0.04568195715546608,10.833252668380737,10.855852961540222,tiny_lt16
2026-08-12T15:34:27.888,872,unlabeled,1,0.4665374755859375,166.04190683364868,121.61419439315796,222.4597487449646,239.60362482070923,332.08381366729736,243.22838878631592,444.9194974899292,479.20724964141846,388.5016555786133,361.2178192138672,388.5016555786133,479.20724964141846,0.6070338368415833,0.7525371233622233,0.6070338368415833,0.9983484367529551,56.41784191131592,117.98943042755127,regular_ge32
2026-08-12T15:34:27.991,873,unlabeled,1,0.4498997628688812,165.710542678833,113.47073173522949,210.72709846496582,240.0,331.421085357666,226.94146347045898,421.45419692993164,480.0,376.4376411437988,353.4707317352295,376.4376411437988,480.0,0.5881838142871857,0.7363973577817281,0.5881838142871857,1.0,45.01655578613281,126.52926826477051,regular_ge32
2026-08-12T15:34:27.991,873,unlabeled,2,0.2019716501235962,62.83035135269165,0.22976642847061157,74.38746786117554,11.085619390010834,125.6607027053833,0.45953285694122314,148.77493572235107,22.171238780021667,137.2178192138672,11.315385818481445,137.2178192138672,22.171238780021667,0.21440284252166747,0.02357372045516968,0.21440284252166747,0.04619008079171181,11.557116508483887,10.855852961540222,tiny_lt16
2026-08-12T15:34:28.112,874,unlabeled,1,0.45820698142051697,153.83283972740173,110.39274728298187,205.72952151298523,240.0,307.66567945480347,220.78549456596375,411.45904302597046,480.0,359.56236124038696,350.3927472829819,359.56236124038696,480.0,0.5618161894381046,0.7299848901728789,0.5618161894381046,1.0,51.896681785583496,129.60725271701813,regular_ge32
2026-08-12T15:34:28.214,875,unlabeled,1,0.5748369097709656,140.542094707489,119.68526601791382,200.14251947402954,239.68526601791382,281.084189414978,239.37053203582764,400.2850389480591,479.37053203582764,340.68461418151855,359.37053203582764,340.68461418151855,479.37053203582764,0.5323197096586227,0.7486886084079742,0.5323197096586227,0.9986886084079742,59.60042476654053,120.0,regular_ge32
2026-08-12T15:34:28.214,875,unlabeled,2,0.23032912611961365,63.08310425281525,0.35291820764541626,73.91635692119598,11.208771169185638,126.1662085056305,0.7058364152908325,147.83271384239197,22.417542338371277,136.99946117401123,11.561689376831055,136.99946117401123,22.417542338371277,0.21406165808439254,0.02408685286839803,0.21406165808439254,0.04670321320494016,10.833252668380737,10.855852961540222,tiny_lt16
2026-08-12T15:34:28.332,876,unlabeled,1,0.5666266083717346,131.866361618042,123.66770100593567,196.49728965759277,239.64768481254578,263.732723236084,247.33540201187134,392.99457931518555,479.29536962509155,328.36365127563477,363.31538581848145,328.36365127563477,479.29536962509155,0.5130682051181793,0.756907053788503,0.5130682051181793,0.998532020052274,64.63092803955078,115.97998380661011,regular_ge32
2026-08-12T15:34:28.435,877,unlabeled,1,0.45820698142051697,138.179856300354,113.04814267158508,188.6358461380005,240.0,276.359712600708,226.09628534317017,377.271692276001,480.0,326.8157024383545,353.0481426715851,326.8157024383545,480.0,0.5106495350599289,0.7355169638991356,0.5106495350599289,1.0,50.455989837646484,126.95185732841492,regular_ge32
2026-08-12T15:34:28.435,877,unlabeled,2,0.20742715895175934,63.192283272743225,0.038775086402893066,74.02553594112396,10.552523016929626,126.38456654548645,0.07755017280578613,148.05107188224792,21.105046033859253,137.2178192138672,10.59129810333252,137.2178192138672,21.105046033859253,0.21440284252166747,0.02206520438194275,0.21440284252166747,0.04396884590387344,10.833252668380737,10.513747930526733,tiny_lt16
2026-08-12T15:34:28.435,877,unlabeled,3,0.2019716501235962,282.3464801311493,222.74968546628952,301.6097786426544,239.64710694551468,564.6929602622986,445.49937093257904,603.2195572853088,479.29421389102936,583.9562587738037,462.3967924118042,583.9562587738037,479.29421389102936,0.9124316543340683,0.9633266508579255,0.9124316543340683,0.9985296122729779,19.263298511505127,16.89742147922516,small_16_32
2026-08-12T15:34:28.551,878,unlabeled,1,0.37690892815589905,136.05868339538574,112.51687026023865,189.42904949188232,240.0,272.1173667907715,225.0337405204773,378.85809898376465,480.0,325.48773288726807,352.51687026023865,325.48773288726807,480.0,0.5085745826363564,0.7344101463754972,0.5085745826363564,1.0,53.37036609649658,127.48312973976135,regular_ge32
2026-08-12T15:34:28.551,878,unlabeled,2,0.21299070119857788,283.31830620765686,223.00912928581238,300.8399760723114,239.38766312599182,566.6366124153137,446.01825857162476,601.6799521446228,478.77532625198364,584.1582822799683,462.3967924118042,584.1582822799683,478.77532625198364,0.9127473160624504,0.9633266508579255,0.9127473160624504,0.9974485963582993,17.52166986465454,16.378533840179443,small_16_32
2026-08-12T15:34:28.655,879,unlabeled,1,0.5334624648094177,123.52788591384888,118.98002123832703,183.1283106803894,238.98002123832703,247.05577182769775,237.96004247665405,366.2566213607788,477.96004247665405,306.6561965942383,357.96004247665405,306.6561965942383,477.96004247665405,0.4791503071784973,0.7457500884930293,0.4791503071784973,0.9957500884930293,59.60042476654053,120.0,regular_ge32
2026-08-12T15:34:28.770,880,unlabeled,1,0.43337342143058777,119.08307409286499,120.39214134216309,177.07520818710327,240.0,238.16614818572998,240.78428268432617,354.15041637420654,480.0,296.15828227996826,360.3921413421631,296.15828227996826,480.0,0.4627473160624504,0.7508169611295065,0.4627473160624504,1.0,57.99213409423828,119.60785865783691,regular_ge32
2026-08-12T15:34:28.879,881,unlabeled,1,0.3848111629486084,107.72085952758789,111.22440731525421,168.96375465393066,240.0,215.44171905517578,222.44881463050842,337.9275093078613,480.0,276.68461418151855,351.2244073152542,276.68461418151855,480.0,0.43231970965862276,0.731717515240113,0.43231970965862276,1.0,61.24289512634277,128.7755926847458,regular_ge32
2026-08-12T15:34:28.982,882,unlabeled,1,0.441620409488678,105.44877195358276,110.26966106891632,161.86661386489868,240.0,210.89754390716553,220.53932213783264,323.73322772979736,480.0,267.31538581848145,350.2696610689163,267.31538581848145,480.0,0.41768029034137727,0.7297284605602423,0.41768029034137727,1.0,56.41784191131592,129.73033893108368,regular_ge32
2026-08-12T15:34:28.982,882,unlabeled,2,0.2880568504333496,63.148181319236755,0.0,73.63610136508942,11.44375330209732,126.29636263847351,0.0,147.27220273017883,22.88750660419464,136.78428268432617,11.44375330209732,136.78428268432617,22.88750660419464,0.21372544169425964,0.023841152712702752,0.21372544169425964,0.047682305425405504,10.487920045852661,11.44375330209732,tiny_lt16
2026-08-12T15:34:29.099,883,unlabeled,1,0.5334624648094177,86.48714590072632,116.97001671791077,151.1180739402771,240.0,172.97429180145264,233.94003343582153,302.2361478805542,480.0,237.60521984100342,356.97001671791077,237.60521984100342,480.0,0.37125815600156786,0.7436875348289808,0.37125815600156786,1.0,64.63092803955078,123.02998328208923,regular_ge32
2026-08-12T15:34:29.099,883,unlabeled,2,0.20742715895175934,62.40326738357544,0.4772191643714905,73.96038389205933,11.333072125911713,124.80653476715088,0.954438328742981,147.92076778411865,22.666144251823425,136.36365127563477,11.810291290283203,136.36365127563477,22.666144251823425,0.2130682051181793,0.02460477352142334,0.2130682051181793,0.04722113385796547,11.557116508483887,10.855852961540222,tiny_lt16
2026-08-12T15:34:29.202,884,unlabeled,1,0.37690892815589905,87.46094226837158,115.47622299194336,142.33827114105225,239.49623203277588,174.92188453674316,230.95244598388672,284.6765422821045,478.99246406555176,229.79921340942383,354.97245502471924,229.79921340942383,478.99246406555176,0.35906127095222473,0.7395259479681651,0.35906127095222473,0.9979009668032328,54.877328872680664,124.02000904083252,regular_ge32
2026-08-12T15:34:29.202,884,unlabeled,2,0.218662291765213,62.83035135269165,0.0,74.38746786117554,10.842972695827484,125.6607027053833,0.0,148.77493572235107,21.68594539165497,137.2178192138672,10.842972695827484,137.2178192138672,21.68594539165497,0.21440284252166747,0.02258952644964059,0.21440284252166747,0.04517905289928118,11.557116508483887,10.842972695827484,tiny_lt16
2026-08-12T15:34:29.319,885,unlabeled,1,0.4498997628688812,70.40984201431274,106.17068243026733,136.78653287887573,240.0,140.8196840286255,212.34136486053467,273.57306575775146,480.0,207.19637489318848,346.17068243026733,207.19637489318848,480.0,0.323744335770607,0.7211889217297236,0.323744335770607,1.0,66.37669086456299,133.82931756973267,regular_ge32
2026-08-12T15:34:29.319,885,unlabeled,2,0.24863308668136597,62.72117233276367,0.0,74.27828884124756,10.842972695827484,125.44234466552734,0.0,148.55657768249512,21.68594539165497,136.99946117401123,10.842972695827484,136.99946117401123,21.68594539165497,0.21406165808439254,0.02258952644964059,0.21406165808439254,0.04517905289928118,11.557116508483887,10.842972695827484,tiny_lt16
2026-08-12T15:34:29.422,886,unlabeled,1,0.5167500376701355,71.03624534606934,103.7228307723999,132.2791404724121,240.0,142.07249069213867,207.4456615447998,264.5582809448242,480.0,203.31538581848145,343.7228307723999,203.31538581848145,480.0,0.31768029034137724,0.7160892307758331,0.31768029034137724,1.0,61.24289512634277,136.2771692276001,regular_ge32
2026-08-12T15:34:29.422,886,unlabeled,2,0.24242530763149261,63.42311358451843,0.0,73.5763475894928,10.842972695827484,126.84622716903687,0.0,147.1526951789856,21.68594539165497,136.99946117401123,10.842972695827484,136.99946117401123,21.68594539165497,0.21406165808439254,0.02258952644964059,0.21406165808439254,0.04517905289928118,10.153234004974365,10.842972695827484,tiny_lt16
2026-08-12T15:34:29.542,887,unlabeled,1,0.3848111629486084,52.819809436798096,108.60122585296631,130.39590787887573,238.63154315948486,105.63961887359619,217.20245170593262,260.79181575775146,477.2630863189697,183.21571731567383,347.2327690124512,183.21571731567383,477.2630863189697,0.28627455830574033,0.7234016021092733,0.28627455830574033,0.9942980964978536,77.57609844207764,130.03031730651855,regular_ge32
2026-08-12T15:34:29.542,887,unlabeled,2,0.2363237887620926,62.90495848655701,0.0,74.09450268745422,10.899922281503677,125.80991697311401,0.0,148.18900537490845,21.799844563007355,136.99946117401123,10.899922281503677,136.99946117401123,21.799844563007355,0.21406165808439254,0.022708171419799326,0.21406165808439254,0.04541634283959865,11.189544200897217,10.899922281503677,tiny_lt16
2026-08-12T15:34:29.646,888,unlabeled,1,0.5083773732185364,46.42089366912842,104.81262350082397,134.26372051239014,238.82372522354126,92.84178733825684,209.62524700164795,268.5274410247803,477.6474504470825,180.68461418151855,343.63634872436523,180.68461418151855,477.6474504470825,0.28231970965862274,0.7159090598424276,0.28231970965862274,0.9950988550980886,87.84282684326172,134.01110172271729,regular_ge32
2026-08-12T15:34:29.646,888,unlabeled,2,0.2549463212490082,62.64076089859009,0.0,74.5770583152771,11.140016466379166,125.28152179718018,0.0,149.1541166305542,22.28003293275833,137.2178192138672,11.140016466379166,137.2178192138672,22.28003293275833,0.21440284252166747,0.02320836763828993,0.21440284252166747,0.04641673527657986,11.936297416687012,11.140016466379166,tiny_lt16
2026-08-12T15:34:29.763,889,unlabeled,1,0.39277467131614685,37.38630938529968,95.86701488494873,127.38092112541199,237.7382049560547,74.77261877059937,191.73402976989746,254.76184225082397,475.4764099121094,164.76723051071167,333.6052198410034,164.76723051071167,475.4764099121094,0.257448797672987,0.6950108746687571,0.257448797672987,0.9905758539835612,89.9946117401123,141.87119007110596,regular_ge32
2026-08-12T15:34:29.866,890,unlabeled,1,0.5,30.78293800354004,106.1529188156128,118.62576484680176,236.18323612213135,61.56587600708008,212.3058376312256,237.25152969360352,472.3664722442627,149.4087028503418,342.33615493774414,149.4087028503418,472.3664722442627,0.23345109820365906,0.713200322786967,0.23345109820365906,0.9840968171755473,87.84282684326172,130.03031730651855,regular_ge32
2026-08-12T15:34:29.866,890,unlabeled,2,0.218662291765213,62.72117233276367,0.0,74.27828884124756,11.01931944489479,125.44234466552734,0.0,148.55657768249512,22.03863888978958,136.99946117401123,11.01931944489479,136.99946117401123,22.03863888978958,0.21406165808439254,0.02295691551019748,0.21406165808439254,0.04591383102039496,11.557116508483887,11.01931944489479,tiny_lt16
2026-08-12T15:34:29.866,890,unlabeled,3,0.21299070119857788,284.2776608467102,221.5818321108818,300.721800327301,238.47925359010696,568.5553216934204,443.1636642217636,601.443600654602,476.9585071802139,584.9994611740112,460.06108570098877,584.9994611740112,476.9585071802139,0.9140616580843925,0.9584605952103933,0.9140616580843925,0.9936635566254457,16.44413948059082,16.89742147922516,small_16_32
2026-08-12T15:34:29.979,891,unlabeled,1,0.4498997628688812,19.729345321655273,108.8123984336853,103.36585807800293,232.83240747451782,39.45869064331055,217.6247968673706,206.73171615600586,465.66481494903564,123.0952033996582,341.6448059082031,123.0952033996582,465.66481494903564,0.19233625531196594,0.7117600123087565,0.19233625531196594,0.9701350311438243,83.63651275634766,124.02000904083252,regular_ge32
2026-08-12T15:34:29.979,891,unlabeled,2,0.24863308668136597,63.23715043067932,0.10781675577163696,74.42669463157654,10.96366971731186,126.47430086135864,0.21563351154327393,148.85338926315308,21.92733943462372,137.66384506225586,11.071486473083496,137.66384506225586,21.92733943462372,0.21509975790977479,0.02306559681892395,0.21509975790977479,0.04568195715546608,11.189544200897217,10.855852961540222,tiny_lt16
2026-08-12T15:34:30.085,892,unlabeled,1,0.5167500376701355,6.673420667648315,102.51983976364136,94.51624751091003,240.0,13.34684133529663,205.03967952728271,189.03249502182007,480.0,101.18966817855835,342.51983976364136,101.18966817855835,480.0,0.15810885652899742,0.7135829995075862,0.15810885652899742,1.0,87.84282684326172,137.48016023635864,regular_ge32
2026-08-12T15:34:30.085,892,unlabeled,2,0.24863308668136597,63.192283272743225,0.0,74.02553594112396,10.842972695827484,126.38456654548645,0.0,148.05107188224792,21.68594539165497,137.2178192138672,10.842972695827484,137.2178192138672,21.68594539165497,0.21440284252166747,0.02258952644964059,0.21440284252166747,0.04517905289928118,10.833252668380737,10.842972695827484,tiny_lt16
2026-08-12T15:34:30.200,893,unlabeled,1,0.5748369097709656,9.030810832977295,101.92852258682251,75.40750169754028,235.9396243095398,18.06162166595459,203.85704517364502,150.81500339508057,471.8792486190796,84.43831253051758,337.8681468963623,84.43831253051758,471.8792486190796,0.13193486332893373,0.7038919727007548,0.13193486332893373,0.9830817679564158,66.37669086456299,134.01110172271729,regular_ge32
2026-08-12T15:34:30.200,893,unlabeled,2,0.2363237887620926,63.08310425281525,0.10781675577163696,73.91635692119598,10.96366971731186,126.1662085056305,0.21563351154327393,147.83271384239197,21.92733943462372,136.99946117401123,11.071486473083496,136.99946117401123,21.92733943462372,0.21406165808439254,0.02306559681892395,0.21406165808439254,0.04568195715546608,10.833252668380737,10.855852961540222,tiny_lt16
2026-08-12T15:34:30.200,893,unlabeled,3,0.2019716501235962,283.61296355724335,221.45643490552902,302.2784262895584,238.35385638475418,567.2259271144867,442.91286981105804,604.5568525791168,476.70771276950836,585.8913898468018,459.8102912902832,585.8913898468018,476.70771276950836,0.9154552966356277,0.9579381068547567,0.9154552966356277,0.9931410682698091,18.665462732315063,16.89742147922516,small_16_32
2026-08-12T15:34:30.303,894,unlabeled,1,0.32359981536865234,0.0,95.9614315032959,62.40154790878296,239.77049255371094,0.0,191.9228630065918,124.80309581756592,479.5409851074219,62.40154790878296,335.73192405700684,62.40154790878296,479.5409851074219,0.09750241860747337,0.6994415084520976,0.09750241860747337,0.9990437189737956,62.40154790878296,143.80906105041504,regular_ge32
2026-08-12T15:34:30.303,894,unlabeled,2,0.24863308668136597,63.585285902023315,0.08662530779838562,73.41417527198792,10.26856878399849,127.17057180404663,0.17325061559677124,146.82835054397583,20.53713756799698,136.99946117401123,10.355194091796875,136.99946117401123,20.53713756799698,0.21406165808439254,0.021573321024576823,0.21406165808439254,0.042785703266660376,9.8288893699646,10.181943476200104,tiny_lt16
2026-08-12T15:34:30.419,895,unlabeled,1,0.40887001156806946,0.0,100.56467390060425,58.979321002960205,240.0,0.0,201.1293478012085,117.95864200592041,480.0,58.979321002960205,340.56467390060425,58.979321002960205,480.0,0.09215518906712532,0.7095097372929255,0.09215518906712532,1.0,58.979321002960205,139.43532609939575,regular_ge32
2026-08-12T15:34:30.419,895,unlabeled,2,0.28123316168785095,63.53229260444641,0.0,73.68552660942078,11.01931944489479,127.06458520889282,0.0,147.37105321884155,22.03863888978958,137.2178192138672,11.01931944489479,137.2178192138672,22.03863888978958,0.21440284252166747,0.02295691551019748,0.21440284252166747,0.04591383102039496,10.153234004974365,11.01931944489479,tiny_lt16
2026-08-12T15:34:30.522,896,unlabeled,1,0.3690716028213501,0.0,104.68597173690796,57.20640182495117,240.0,0.0,209.37194347381592,114.41280364990234,480.0,57.20640182495117,344.68597173690796,57.20640182495117,480.0,0.0893850028514862,0.7180957744518915,0.0893850028514862,1.0,57.20640182495117,135.31402826309204,regular_ge32
2026-08-12T15:34:30.522,896,unlabeled,2,0.2613641023635864,63.64303278923035,0.0,73.79626679420471,10.899922281503677,127.2860655784607,0.0,147.59253358840942,21.799844563007355,137.43929958343506,10.899922281503677,137.43929958343506,21.799844563007355,0.21474890559911727,0.022708171419799326,0.21474890559911727,0.04541634283959865,10.153234004974365,10.899922281503677,tiny_lt16
2026-08-12T15:34:30.641,897,unlabeled,1,0.33097806572914124,0.0,123.54720497131348,57.9214072227478,240.0,0.0,247.09440994262695,115.8428144454956,480.0,57.9214072227478,363.5472049713135,57.9214072227478,480.0,0.09050219878554344,0.7573900103569031,0.09050219878554344,1.0,57.9214072227478,116.45279502868652,regular_ge32
2026-08-12T15:34:30.641,897,unlabeled,2,0.22444185614585876,63.23715043067932,0.15817224979400635,74.42669463157654,10.67192018032074,126.47430086135864,0.3163444995880127,148.85338926315308,21.34384036064148,137.66384506225586,10.830092430114746,137.66384506225586,21.34384036064148,0.21509975790977479,0.022562692562739056,0.21509975790977479,0.04446633408466975,11.189544200897217,10.513747930526733,tiny_lt16
2026-08-12T15:34:30.744,898,unlabeled,1,0.36130279302597046,0.1465134620666504,119.82663774490356,52.04319524765015,240.0,0.2930269241333008,239.65327548980713,104.0863904953003,480.0,52.1897087097168,359.82663774490356,52.1897087097168,480.0,0.08154641985893249,0.7496388286352158,0.08154641985893249,1.0,51.896681785583496,120.17336225509644,regular_ge32
2026-08-12T15:34:30.744,898,unlabeled,2,0.23032912611961365,63.23715043067932,0.0,74.42669463157654,11.01931944489479,126.47430086135864,0.0,148.85338926315308,22.03863888978958,137.66384506225586,11.01931944489479,137.66384506225586,22.03863888978958,0.21509975790977479,0.02295691551019748,0.21509975790977479,0.04591383102039496,11.189544200897217,11.01931944489479,tiny_lt16
2026-08-12T15:34:30.744,898,unlabeled,3,0.2019716501235962,283.7282007932663,221.33213394880295,302.39366352558136,238.2295554280281,567.4564015865326,442.6642678976059,604.7873270511627,476.4591108560562,586.1218643188477,459.56168937683105,586.1218643188477,476.4591108560562,0.9158154129981995,0.9574201862017314,0.9158154129981995,0.9926231476167838,18.665462732315063,16.89742147922516,small_16_32
2026-08-12T15:34:30.862,899,unlabeled,1,0.441620409488678,0.0,108.08484983444214,51.61925649642944,232.10485887527466,0.0,216.16969966888428,103.23851299285889,464.2097177505493,51.61925649642944,340.1897087097168,51.61925649642944,464.2097177505493,0.080655088275671,0.70872855981191,0.080655088275671,0.9671035786469777,51.61925649642944,124.02000904083252,regular_ge32
2026-08-12T15:34:30.862,899,unlabeled,2,0.24242530763149261,62.90495848655701,0.0,74.09450268745422,11.201106607913971,125.80991697311401,0.0,148.18900537490845,22.402213215827942,136.99946117401123,11.201106607913971,136.99946117401123,22.402213215827942,0.21406165808439254,0.02333563876648744,0.21406165808439254,0.04667127753297488,11.189544200897217,11.201106607913971,tiny_lt16
2026-08-12T15:34:30.965,900,unlabeled,1,0.4916226267814636,0.0,101.08627557754517,62.735947132110596,240.0,0.0,202.17255115509033,125.47189426422119,480.0,62.735947132110596,341.08627557754517,62.735947132110596,480.0,0.0980249173939228,0.7105964074532191,0.0980249173939228,1.0,62.735947132110596,138.91372442245483,regular_ge32
2026-08-12T15:34:30.965,900,unlabeled,2,0.22444185614585876,63.4756897687912,0.10781675577163696,73.96360981464386,10.96366971731186,126.9513795375824,0.21563351154327393,147.92721962928772,21.92733943462372,137.43929958343506,11.071486473083496,137.43929958343506,21.92733943462372,0.21474890559911727,0.02306559681892395,0.21474890559911727,0.04568195715546608,10.487920045852661,10.855852961540222,tiny_lt16
2026-08-12T15:34:31.078,901,unlabeled,1,0.45820698142051697,0.0,91.96487951278687,71.93608975410461,237.698965549469,0.0,183.92975902557373,143.87217950820923,475.397931098938,71.93608975410461,329.66384506225586,71.93608975410461,475.397931098938,0.11240014024078845,0.686799677213033,0.11240014024078845,0.9904123564561208,71.93608975410461,145.73408603668213,regular_ge32
2026-08-12T15:34:31.183,902,unlabeled,1,0.5083773732185364,7.665394306182861,97.77126169204712,83.28900671005249,237.69273614883423,15.330788612365723,195.54252338409424,166.57801342010498,475.38547229766846,90.95440101623535,335.46399784088135,90.95440101623535,475.38547229766846,0.14211625158786773,0.6988833288351695,0.14211625158786773,0.9903864006201426,75.62361240386963,139.9214744567871,regular_ge32
2026-08-12T15:34:31.183,902,unlabeled,2,0.2019716501235962,63.053364276885986,0.0,74.61048078536987,10.434471011161804,126.10672855377197,0.0,149.22096157073975,20.86894202232361,137.66384506225586,10.434471011161804,137.66384506225586,20.86894202232361,0.21509975790977479,0.02173848127325376,0.21509975790977479,0.04347696254650752,11.557116508483887,10.434471011161804,tiny_lt16
2026-08-12T15:34:31.296,903,unlabeled,1,0.4665374755859375,8.180291175842285,100.60684156417847,98.17490291595459,238.5676999092102,16.36058235168457,201.21368312835693,196.34980583190918,477.1353998184204,106.35519409179688,339.1745414733887,106.35519409179688,477.1353998184204,0.16617999076843262,0.7066136280695597,0.16617999076843262,0.9940320829550425,89.9946117401123,137.96085834503174,regular_ge32
2026-08-12T15:34:31.402,904,unlabeled,1,0.3848111629486084,20.810510635375977,101.48382806777954,112.98870277404785,239.44468641281128,41.62102127075195,202.96765613555908,225.9774055480957,478.88937282562256,133.79921340942383,340.9285144805908,133.79921340942383,478.88937282562256,0.20906127095222474,0.7102677385012309,0.20906127095222474,0.9976861933867137,92.17819213867188,137.96085834503174,regular_ge32
2026-08-12T15:34:31.402,904,unlabeled,2,0.21299070119857788,63.36494958400726,0.0,73.85286962985992,10.72357553243637,126.72989916801453,0.0,147.70573925971985,21.44715106487274,137.2178192138672,10.72357553243637,137.2178192138672,21.44715106487274,0.21440284252166747,0.022340782359242438,0.21440284252166747,0.044681564718484876,10.487920045852661,10.72357553243637,tiny_lt16
2026-08-12T15:34:31.402,904,unlabeled,3,0.2019716501235962,283.959755897522,224.59817612171173,300.4038953781128,240.0,567.919511795044,449.19635224342346,600.8077907562256,480.0,584.3636512756348,464.59817612171173,584.3636512756348,480.0,0.9130682051181793,0.9679128669202328,0.9130682051181793,1.0,16.44413948059082,15.401823878288269,tiny_lt16
2026-08-12T15:34:31.520,905,unlabeled,1,0.4498997628688812,40.65024757385254,94.17733955383301,122.23307037353516,240.0,81.30049514770508,188.35467910766602,244.4661407470703,480.0,162.8833179473877,334.177339553833,162.8833179473877,480.0,0.2545051842927933,0.6962027907371521,0.2545051842927933,1.0,81.58282279968262,145.822660446167,regular_ge32
2026-08-12T15:34:31.622,906,unlabeled,1,0.5334624648094177,50.76120567321777,98.17330074310303,122.58259963989258,238.09477519989014,101.52241134643555,196.34660148620605,245.16519927978516,476.1895503997803,173.34380531311035,336.26807594299316,173.34380531311035,476.1895503997803,0.2708496958017349,0.7005584915479024,0.2708496958017349,0.9920615633328755,71.8213939666748,139.9214744567871,regular_ge32
2026-08-12T15:34:31.622,906,unlabeled,2,0.26788532733917236,63.36494958400726,0.0,73.85286962985992,10.899922281503677,126.72989916801453,0.0,147.70573925971985,21.799844563007355,137.2178192138672,10.899922281503677,137.2178192138672,21.799844563007355,0.21440284252166747,0.022708171419799326,0.21440284252166747,0.04541634283959865,10.487920045852661,10.899922281503677,tiny_lt16
2026-08-12T15:34:31.738,907,unlabeled,1,0.400795578956604,66.42121839523315,104.15126919746399,134.57824277877808,222.14069962501526,132.8424367904663,208.30253839492798,269.15648555755615,444.2813992500305,200.99946117401123,326.29196882247925,200.99946117401123,444.2813992500305,0.31406165808439257,0.6797749350468317,0.31406165808439257,0.9255862484375635,68.15702438354492,117.98943042755127,regular_ge32
2026-08-12T15:34:31.738,907,unlabeled,2,0.27450883388519287,63.192283272743225,0.0,74.02553594112396,10.899922281503677,126.38456654548645,0.0,148.05107188224792,21.799844563007355,137.2178192138672,10.899922281503677,137.2178192138672,21.799844563007355,0.21440284252166747,0.022708171419799326,0.21440284252166747,0.04541634283959865,10.833252668380737,10.899922281503677,tiny_lt16
2026-08-12T15:34:31.841,908,unlabeled,1,0.4169939160346985,67.67620801925659,99.36736106872559,145.25230646133423,239.2888355255127,135.35241603851318,198.73472213745117,290.50461292266846,478.5776710510254,212.92851448059082,338.6561965942383,212.92851448059082,478.5776710510254,0.33270080387592316,0.7055337429046631,0.33270080387592316,0.9970368146896362,77.57609844207764,139.9214744567871,regular_ge32
2026-08-12T15:34:31.972,909,unlabeled,1,0.3384403884410858,74.63501024246216,101.33290529251099,137.55469846725464,237.3232913017273,149.27002048492432,202.66581058502197,275.1093969345093,474.6465826034546,212.1897087097168,338.6561965942383,212.1897087097168,474.6465826034546,0.3315464198589325,0.7055337429046631,0.3315464198589325,0.9888470470905304,62.91968822479248,135.9903860092163,regular_ge32
2026-08-12T15:34:31.972,909,unlabeled,2,0.2613641023635864,62.97551500797272,0.0,73.80876767635345,10.781870275735855,125.95103001594543,0.0,147.6175353527069,21.56374055147171,136.78428268432617,10.781870275735855,136.78428268432617,21.56374055147171,0.21372544169425964,0.022462229741116366,0.21372544169425964,0.04492445948223273,10.833252668380737,10.781870275735855,tiny_lt16
2026-08-12T15:34:31.972,909,unlabeled,3,0.2019716501235962,282.59463262557983,220.26250177621841,303.76056146621704,238.80898469686508,565.1892652511597,440.52500355243683,607.5211229324341,477.61796939373016,586.3551940917969,459.0714864730835,586.3551940917969,477.61796939373016,0.9161799907684326,0.9563989301522573,0.9161799907684326,0.9950374362369379,21.165928840637207,18.546482920646667,small_16_32
2026-08-12T15:34:32.075,910,unlabeled,1,0.4251631200313568,103.21346712112427,105.58659791946411,169.59015798568726,239.5976996421814,206.42693424224854,211.17319583892822,339.1803159713745,479.1953992843628,272.8036251068115,345.1842975616455,272.8036251068115,479.1953992843628,0.426255664229393,0.7191339532534281,0.426255664229393,0.9983237485090891,66.37669086456299,134.01110172271729,regular_ge32
2026-08-12T15:34:32.075,910,unlabeled,2,0.26788532733917236,62.90495848655701,0.0,74.09450268745422,10.72357553243637,125.80991697311401,0.0,148.18900537490845,21.44715106487274,136.99946117401123,10.72357553243637,136.99946117401123,21.44715106487274,0.21406165808439254,0.022340782359242438,0.21406165808439254,0.044681564718484876,11.189544200897217,10.72357553243637,tiny_lt16
2026-08-12T15:34:32.187,911,unlabeled,1,0.4832499325275421,101.58968162536621,109.24063730239868,166.220609664917,237.27162885665894,203.17936325073242,218.48127460479736,332.441219329834,474.54325771331787,267.8102912902832,346.5122661590576,267.8102912902832,474.54325771331787,0.4184535801410675,0.7219005544980367,0.4184535801410675,0.9886317869027456,64.63092803955078,128.03099155426025,regular_ge32
2026-08-12T15:34:32.187,911,unlabeled,2,0.32359981536865234,63.08310425281525,0.11908525228500366,73.91635692119598,11.6912060379982,126.1662085056305,0.23817050457000732,147.83271384239197,23.3824120759964,136.99946117401123,11.810291290283203,136.99946117401123,23.3824120759964,0.21406165808439254,0.02460477352142334,0.21406165808439254,0.04871335849165916,10.833252668380737,11.572120785713196,tiny_lt16
2026-08-12T15:34:32.292,912,unlabeled,1,0.4498997628688812,111.60886740684509,107.00795364379883,181.58080077171326,239.03200340270996,223.21773481369019,214.01590728759766,363.1616015434265,478.0640068054199,293.18966817855835,346.0399570465088,293.18966817855835,478.0640068054199,0.4581088565289974,0.7209165771802266,0.4581088565289974,0.9959666808446248,69.97193336486816,132.02404975891113,regular_ge32
2026-08-12T15:34:32.292,912,unlabeled,2,0.2363237887620926,62.72117233276367,0.0,74.27828884124756,11.44375330209732,125.44234466552734,0.0,148.55657768249512,22.88750660419464,136.99946117401123,11.44375330209732,136.99946117401123,22.88750660419464,0.21406165808439254,0.023841152712702752,0.21406165808439254,0.047682305425405504,11.557116508483887,11.44375330209732,tiny_lt16
2026-08-12T15:34:32.409,913,unlabeled,1,0.5501002073287964,121.44877195358276,99.88228416442871,177.86661386489868,239.80375862121582,242.89754390716553,199.76456832885742,355.73322772979736,479.60751724243164,299.31538581848145,339.68604278564453,299.31538581848145,479.60751724243164,0.46768029034137726,0.707679255803426,0.46768029034137726,0.9991823275883992,56.41784191131592,139.9214744567871,regular_ge32
2026-08-12T15:34:32.409,913,unlabeled,2,0.218662291765213,283.84362149238586,218.43800967931747,307.08557772636414,238.7798095345497,567.6872429847717,436.87601935863495,614.1711554527283,477.5596190690994,590.92919921875,457.2178192138672,590.92919921875,477.5596190690994,0.9233268737792969,0.9525371233622233,0.9233268737792969,0.9949158730606238,23.24195623397827,20.34179985523224,small_16_32
2026-08-12T15:34:32.409,913,unlabeled,3,0.2019716501235962,62.90495848655701,0.0,74.09450268745422,11.44375330209732,125.80991697311401,0.0,148.18900537490845,22.88750660419464,136.99946117401123,11.44375330209732,136.99946117401123,22.88750660419464,0.21406165808439254,0.023841152712702752,0.21406165808439254,0.047682305425405504,11.189544200897217,11.44375330209732,tiny_lt16
2026-08-12T15:34:32.515,914,unlabeled,1,0.40887001156806946,128.81105756759644,98.84086608886719,185.22889947891235,238.7623405456543,257.62211513519287,197.68173217773438,370.4577989578247,477.5246810913086,314.0399570465088,337.6032066345215,314.0399570465088,477.5246810913086,0.49068743288516997,0.7033400138219198,0.49068743288516997,0.9948430856068929,56.41784191131592,139.9214744567871,regular_ge32
2026-08-12T15:34:32.515,914,unlabeled,2,0.218662291765213,62.44519746303558,0.0,74.7726217508316,11.201106607913971,124.89039492607117,0.0,149.5452435016632,22.402213215827942,137.2178192138672,11.201106607913971,137.2178192138672,22.402213215827942,0.21440284252166747,0.02333563876648744,0.21440284252166747,0.04667127753297488,12.32742428779602,11.201106607913971,tiny_lt16
2026-08-12T15:34:32.515,914,unlabeled,3,0.21299070119857788,283.9031618833542,221.44124501943588,301.98822796344757,238.8727121949196,567.8063237667084,442.88249003887177,603.9764559268951,477.7454243898392,585.8913898468018,460.31395721435547,585.8913898468018,477.7454243898392,0.9154552966356277,0.9589874108632406,0.9154552966356277,0.9953029674788316,18.085066080093384,17.431467175483704,small_16_32
2026-08-12T15:34:32.627,915,unlabeled,1,0.4498997628688812,132.44069719314575,105.10520124435425,193.68359231948853,240.0,264.8813943862915,210.2104024887085,387.36718463897705,480.0,326.1242895126343,345.10520124435425,326.1242895126343,480.0,0.509569202363491,0.7189691692590714,0.509569202363491,1.0,61.24289512634277,134.89479875564575,regular_ge32
2026-08-12T15:34:32.627,915,unlabeled,2,0.2019716501235962,62.75150108337402,0.15817224979400635,74.68779850006104,10.67192018032074,125.50300216674805,0.3163444995880127,149.37559700012207,21.34384036064148,137.43929958343506,10.830092430114746,137.43929958343506,21.34384036064148,0.21474890559911727,0.022562692562739056,0.21474890559911727,0.04446633408466975,11.936297416687012,10.513747930526733,tiny_lt16
2026-08-12T15:34:32.732,916,unlabeled,1,0.4832499325275421,140.21228647232056,103.50507593154907,223.8487992286682,239.49546194076538,280.4245729446411,207.01015186309814,447.6975984573364,478.99092388153076,364.06108570098877,343.00053787231445,364.06108570098877,478.99092388153076,0.568845446407795,0.7145844539006551,0.568845446407795,0.9978977580865224,83.63651275634766,135.9903860092163,regular_ge32
2026-08-12T15:34:32.846,917,unlabeled,1,0.5417929887771606,140.98943328857422,100.13411712646484,222.57225608825684,240.0,281.97886657714844,200.2682342529297,445.1445121765137,480.0,363.56168937683105,340.13411712646484,363.56168937683105,480.0,0.5680651396512986,0.7086127440134684,0.5680651396512986,1.0,81.58282279968262,139.86588287353516,regular_ge32
2026-08-12T15:34:32.846,917,unlabeled,2,0.2019716501235962,63.42311358451843,0.0,73.5763475894928,10.434471011161804,126.84622716903687,0.0,147.1526951789856,20.86894202232361,136.99946117401123,10.434471011161804,136.99946117401123,20.86894202232361,0.21406165808439254,0.02173848127325376,0.21406165808439254,0.04347696254650752,10.153234004974365,10.434471011161804,tiny_lt16
2026-08-12T15:34:32.949,918,unlabeled,1,0.5748369097709656,148.08141326904297,103.50507593154907,221.78673362731934,239.49546194076538,296.16282653808594,207.01015186309814,443.5734672546387,478.99092388153076,369.8681468963623,343.00053787231445,369.8681468963623,478.99092388153076,0.5779189795255661,0.7145844539006551,0.5779189795255661,0.9978977580865224,73.70532035827637,135.9903860092163,regular_ge32
2026-08-12T15:34:33.060,919,unlabeled,1,0.400795578956604,151.76385259628296,109.73367643356323,239.60667943954468,237.7646679878235,303.5277051925659,219.46735286712646,479.21335887908936,475.529335975647,391.37053203582764,347.4983444213867,391.37053203582764,475.529335975647,0.6115164563059807,0.7239548842112223,0.6115164563059807,0.9906861166159312,87.84282684326172,128.03099155426025,regular_ge32
2026-08-12T15:34:33.060,919,unlabeled,2,0.218662291765213,63.08310425281525,0.0,73.91635692119598,11.01931944489479,126.1662085056305,0.0,147.83271384239197,22.03863888978958,136.99946117401123,11.01931944489479,136.99946117401123,22.03863888978958,0.21406165808439254,0.02295691551019748,0.21406165808439254,0.04591383102039496,10.833252668380737,11.01931944489479,tiny_lt16
2026-08-12T15:34:33.060,919,unlabeled,3,0.2019716501235962,283.78938949108124,222.8826009631157,301.8744555711746,239.78002244234085,567.5787789821625,445.7652019262314,603.7489111423492,479.5600448846817,585.6638450622559,462.66262340545654,585.6638450622559,479.5600448846817,0.9150997579097748,0.9638804654280345,0.9150997579097748,0.9990834268430869,18.085066080093384,16.89742147922516,small_16_32
2026-08-12T15:34:33.163,920,unlabeled,1,0.3019951581954956,165.61061549186707,112.04418706893921,253.45344233512878,236.06419610977173,331.22123098373413,224.08837413787842,506.90688467025757,472.12839221954346,419.06405782699585,348.10838317871094,419.06405782699585,472.12839221954346,0.654787590354681,0.7252257982889811,0.654787590354681,0.9836008171240489,87.84282684326172,124.02000904083252,regular_ge32
2026-08-12T15:34:33.279,921,unlabeled,1,0.5334624648094177,174.47291827201843,106.74362134933472,246.29431223869324,240.0,348.94583654403687,213.48724269866943,492.5886244773865,480.0,420.76723051071167,346.7436213493347,420.76723051071167,480.0,0.657448797672987,0.7223825444777806,0.657448797672987,1.0,71.8213939666748,133.25637865066528,regular_ge32
2026-08-12T15:34:33.381,922,unlabeled,1,0.5167500376701355,167.85976719856262,108.66840934753418,255.70259404182434,238.69872665405273,335.71953439712524,217.33681869506836,511.4051880836487,477.39745330810547,423.56236124038696,347.3671360015869,423.56236124038696,477.39745330810547,0.6618161894381046,0.7236815333366394,0.6618161894381046,0.9945780277252197,87.84282684326172,130.03031730651855,regular_ge32
2026-08-12T15:34:33.381,922,unlabeled,2,0.218662291765213,63.192283272743225,0.0,74.02553594112396,10.842972695827484,126.38456654548645,0.0,148.05107188224792,21.68594539165497,137.2178192138672,10.842972695827484,137.2178192138672,21.68594539165497,0.21440284252166747,0.02258952644964059,0.21440284252166747,0.04517905289928118,10.833252668380737,10.842972695827484,tiny_lt16
2026-08-12T15:34:33.497,923,unlabeled,1,0.4251631200313568,169.86700963974,112.97845506668091,253.50352239608765,240.0,339.73401927948,225.95691013336182,507.0070447921753,480.0,423.37053203582764,352.9784550666809,423.37053203582764,480.0,0.6615164563059807,0.7353717813889186,0.6615164563059807,1.0,83.63651275634766,127.02154493331909,regular_ge32
2026-08-12T15:34:33.599,924,unlabeled,1,0.4169939160346985,171.60072994232178,111.09715414047241,253.1835527420044,237.12434244155884,343.20145988464355,222.19430828094482,506.3671054840088,474.2486848831177,424.7842826843262,348.22149658203125,424.7842826843262,474.2486848831177,0.6637254416942596,0.7254614512125651,0.6637254416942596,0.9880180935064952,81.58282279968262,126.02718830108643,regular_ge32
2026-08-12T15:34:33.714,925,unlabeled,1,0.558379590511322,177.73368310928345,107.16032457351685,247.7056164741516,240.0,355.4673662185669,214.3206491470337,495.4112329483032,480.0,425.43929958343506,347.16032457351685,425.43929958343506,480.0,0.6647489055991173,0.7232506761948267,0.6647489055991173,1.0,69.97193336486816,132.83967542648315,regular_ge32
2026-08-12T15:34:33.817,926,unlabeled,1,0.4832499325275421,174.16632318496704,109.09558963775635,249.78993558883667,239.1259069442749,348.3326463699341,218.1911792755127,499.57987117767334,478.2518138885498,423.9562587738037,348.22149658203125,423.9562587738037,478.2518138885498,0.6624316543340683,0.7254614512125651,0.6624316543340683,0.9963579456011454,75.62361240386963,130.03031730651855,regular_ge32
2026-08-12T15:34:33.933,927,unlabeled,1,0.4169939160346985,167.7137725353241,117.73858165740967,251.35028529167175,239.7491512298584,335.4275450706482,235.47716331481934,502.7005705833435,479.4983024597168,419.06405782699585,357.48773288726807,419.06405782699585,479.4983024597168,0.654787590354681,0.7447661101818085,0.654787590354681,0.9989547967910767,83.63651275634766,122.01056957244873,regular_ge32
2026-08-12T15:34:33.933,927,unlabeled,2,0.20742715895175934,63.014137506484985,0.0,74.2036817073822,11.140016466379166,126.02827501296997,0.0,148.4073634147644,22.28003293275833,137.2178192138672,11.140016466379166,137.2178192138672,22.28003293275833,0.21440284252166747,0.02320836763828993,0.21440284252166747,0.04641673527657986,11.189544200897217,11.140016466379166,tiny_lt16
2026-08-12T15:34:34.035,928,unlabeled,1,0.5251132845878601,169.40014171600342,115.71805846691132,234.0310697555542,239.73806750774384,338.80028343200684,231.43611693382263,468.0621395111084,479.47613501548767,403.4312114715576,355.45612597465515,403.4312114715576,479.47613501548767,0.6303612679243088,0.7405335957805316,0.6303612679243088,0.9989086146155993,64.63092803955078,124.02000904083252,regular_ge32
2026-08-12T15:34:34.151,929,unlabeled,1,0.4169939160346985,164.35857367515564,110.66940450668335,225.6014688014984,238.7003960609436,328.7171473503113,221.3388090133667,451.2029376029968,477.4007921218872,389.96004247665405,349.36980056762695,389.96004247665405,477.4007921218872,0.6093125663697719,0.7278537511825561,0.6093125663697719,0.994584983587265,61.24289512634277,128.03099155426025,regular_ge32
2026-08-12T15:34:34.253,930,unlabeled,1,0.5,151.61325788497925,113.61193454265594,217.98994874954224,240.0,303.2265157699585,227.2238690853119,435.9798974990845,480.0,369.6032066345215,353.61193454265594,369.6032066345215,480.0,0.5775050103664399,0.7366915302971999,0.5775050103664399,1.0,66.37669086456299,126.38806545734406,regular_ge32
2026-08-12T15:34:34.365,931,unlabeled,1,0.4169939160346985,143.75789976119995,117.18150043487549,213.72983312606812,239.19207000732422,287.5157995223999,234.36300086975098,427.45966625213623,478.38414001464844,357.48773288726807,356.3735704421997,357.48773288726807,478.38414001464844,0.5585745826363564,0.7424449384212494,0.5585745826363564,0.9966336250305176,69.97193336486816,122.01056957244873,regular_ge32
2026-08-12T15:34:34.469,932,unlabeled,1,0.5334624648094177,137.65399360656738,117.11899876594543,202.28492164611816,239.12956833839417,275.30798721313477,234.23799753189087,404.5698432922363,478.25913667678833,339.93891525268555,356.2485671043396,339.93891525268555,478.25913667678833,0.5311545550823211,0.7421845148007075,0.5311545550823211,0.9963732014099757,64.63092803955078,122.01056957244873,regular_ge32
2026-08-12T15:34:34.583,933,unlabeled,1,0.4832499325275421,131.0445761680603,109.46170473098755,201.01650953292847,237.4926962852478,262.0891523361206,218.9234094619751,402.03301906585693,474.9853925704956,332.06108570098877,346.95440101623535,332.06108570098877,474.9853925704956,0.518845446407795,0.7228216687838237,0.518845446407795,0.9895529011885326,69.97193336486816,128.03099155426025,regular_ge32
2026-08-12T15:34:34.583,933,unlabeled,2,0.20742715895175934,63.4756897687912,0.0,73.96360981464386,10.48885864019394,126.9513795375824,0.0,147.92721962928772,20.97771728038788,137.43929958343506,10.48885864019394,137.43929958343506,20.97771728038788,0.21474890559911727,0.021851788833737375,0.21474890559911727,0.04370357766747475,10.487920045852661,10.48885864019394,tiny_lt16
2026-08-12T15:34:34.687,934,unlabeled,1,0.45820698142051697,136.4841823577881,113.71256721019745,196.0846071243286,240.0,272.9683647155762,227.4251344203949,392.1692142486572,480.0,332.5687894821167,353.71256721019745,332.5687894821167,480.0,0.5196387335658074,0.7369011816879113,0.5196387335658074,1.0,59.60042476654053,126.28743278980255,regular_ge32
2026-08-12T15:34:34.687,934,unlabeled,2,0.2019716501235962,283.1669992208481,222.48266261816025,301.83246195316315,239.91412979364395,566.3339984416962,444.9653252363205,603.6649239063263,479.8282595872879,584.9994611740112,462.3967924118042,584.9994611740112,479.8282595872879,0.9140616580843925,0.9633266508579255,0.9140616580843925,0.9996422074735165,18.665462732315063,17.431467175483704,small_16_32
2026-08-12T15:34:34.803,935,unlabeled,1,0.40887001156806946,124.36570072174072,114.61383616924286,188.9966287612915,240.0,248.73140144348145,229.22767233848572,377.993257522583,480.0,313.3623294830322,354.61383616924286,313.3623294830322,480.0,0.48962863981723787,0.7387788253525893,0.48962863981723787,1.0,64.63092803955078,125.38616383075714,regular_ge32
2026-08-12T15:34:34.910,936,unlabeled,1,0.39277467131614685,123.65786695480347,108.67287540435791,183.258291721344,240.0,247.31573390960693,217.34575080871582,366.516583442688,480.0,306.91615867614746,348.6728754043579,306.91615867614746,480.0,0.4795564979314804,0.726401823759079,0.4795564979314804,1.0,59.60042476654053,131.3271245956421,regular_ge32
2026-08-12T15:34:34.910,936,unlabeled,2,0.22444185614585876,63.42311358451843,0.0,73.5763475894928,10.781870275735855,126.84622716903687,0.0,147.1526951789856,21.56374055147171,136.99946117401123,10.781870275735855,136.99946117401123,21.56374055147171,0.21406165808439254,0.022462229741116366,0.21406165808439254,0.04492445948223273,10.153234004974365,10.781870275735855,tiny_lt16
2026-08-12T15:34:35.014,937,unlabeled,1,0.441620409488678,118.21047496795654,107.10519742965698,179.45337009429932,240.0,236.4209499359131,214.21039485931396,358.90674018859863,480.0,297.66384506225586,347.105197429657,297.66384506225586,480.0,0.46509975790977476,0.723135827978452,0.46509975790977476,1.0,61.24289512634277,132.89480257034302,regular_ge32
2026-08-12T15:34:35.129,938,unlabeled,1,0.32359981536865234,117.45633172988892,110.49827718734741,175.4484658241272,238.52926874160767,234.91266345977783,220.99655437469482,350.8969316482544,477.05853748321533,292.9047975540161,349.0275459289551,292.9047975540161,477.05853748321533,0.4576637461781502,0.7271407206853231,0.4576637461781502,0.993871953090032,57.99213409423828,128.03099155426025,regular_ge32
2026-08-12T15:34:35.232,939,unlabeled,1,0.3690716028213501,101.11679744720459,113.22093641757965,174.82211780548096,240.0,202.23359489440918,226.4418728351593,349.6442356109619,480.0,275.93891525268555,353.22093641757965,275.93891525268555,480.0,0.43115455508232114,0.7358769508699576,0.43115455508232114,1.0,73.70532035827637,126.77906358242035,regular_ge32
2026-08-12T15:34:35.232,939,unlabeled,2,0.21299070119857788,282.57538533210754,220.42453014850616,303.0884597301483,238.40556228160858,565.1507706642151,440.84906029701233,606.1769194602966,476.81112456321716,585.6638450622559,458.83009243011475,585.6638450622559,476.81112456321716,0.9150997579097748,0.9558960258960724,0.9150997579097748,0.9933565095067024,20.51307439804077,17.981032133102417,small_16_32
2026-08-12T15:34:35.348,940,unlabeled,1,0.558379590511322,89.5160059928894,103.61171960830688,155.8926968574524,240.0,179.0320119857788,207.22343921661377,311.7853937149048,480.0,245.4087028503418,343.6117196083069,245.4087028503418,480.0,0.3834510982036591,0.7158577491839727,0.3834510982036591,1.0,66.37669086456299,136.38828039169312,regular_ge32
2026-08-12T15:34:35.451,941,unlabeled,1,0.4748867154121399,58.31594467163086,93.77552700042725,144.03924942016602,240.0,116.63188934326172,187.5510540008545,288.07849884033203,480.0,202.35519409179688,333.77552700042725,202.35519409179688,480.0,0.3161799907684326,0.69536568125089,0.3161799907684326,1.0,85.72330474853516,146.22447299957275,regular_ge32
2026-08-12T15:34:35.566,942,unlabeled,1,0.4748867154121399,43.16889047622681,97.16149520874023,128.89219522476196,240.0,86.33778095245361,194.32299041748047,257.7843904495239,480.0,172.06108570098877,337.16149520874023,172.06108570098877,480.0,0.26884544640779495,0.7024197816848755,0.26884544640779495,1.0,85.72330474853516,142.83850479125977,regular_ge32
2026-08-12T15:34:35.670,943,unlabeled,1,0.4665374755859375,36.78163146972656,94.04330158233643,131.17462730407715,240.0,73.56326293945312,188.08660316467285,262.3492546081543,480.0,167.9562587738037,334.0433015823364,167.9562587738037,480.0,0.2624316543340683,0.6959235449632009,0.2624316543340683,1.0,94.39299583435059,145.95669841766357,regular_ge32
2026-08-12T15:34:35.670,943,unlabeled,2,0.21299070119857788,283.38691842556,220.42453014850616,302.05238115787506,238.40556228160858,566.77383685112,440.84906029701233,604.1047623157501,476.81112456321716,585.4392995834351,458.83009243011475,585.4392995834351,476.81112456321716,0.9147489055991173,0.9558960258960724,0.9147489055991173,0.9933565095067024,18.665462732315063,17.981032133102417,small_16_32
2026-08-12T15:34:35.794,944,unlabeled,1,0.36130279302597046,40.47072792053223,95.16139602661133,128.31355476379395,238.97045707702637,80.94145584106445,190.32279205322266,256.6271095275879,477.94091415405273,168.78428268432617,334.1318531036377,168.78428268432617,477.94091415405273,0.26372544169425965,0.6961080272992451,0.26372544169425965,0.9957102378209431,87.84282684326172,143.80906105041504,regular_ge32
2026-08-12T15:34:35.896,945,unlabeled,1,0.5083773732185364,28.621676445007324,96.97323751449585,123.01467227935791,236.89471197128296,57.24335289001465,193.9464750289917,246.02934455871582,473.7894239425659,151.63634872436523,333.8679494857788,151.63634872436523,473.7894239425659,0.23693179488182067,0.6955582280953725,0.23693179488182067,0.9870612998803456,94.39299583435059,139.9214744567871,regular_ge32
2026-08-12T15:34:36.014,946,unlabeled,1,0.43337342143058777,22.462201833724976,94.44534015655518,110.3050286769867,240.0,44.92440366744995,188.89068031311035,220.6100573539734,480.0,132.76723051071167,334.4453401565552,132.76723051071167,480.0,0.207448797672987,0.6967611253261566,0.207448797672987,1.0,87.84282684326172,145.55465984344482,regular_ge32
2026-08-12T15:34:36.014,946,unlabeled,2,0.21299070119857788,283.7833969593048,221.29387867450714,303.04669547080994,239.27491080760956,567.5667939186096,442.5877573490143,606.0933909416199,478.5498216152191,586.8300924301147,460.5687894821167,586.8300924301147,478.5498216152191,0.9169220194220543,0.9595183114210765,0.9169220194220543,0.9969787950317065,19.263298511505127,17.981032133102417,small_16_32
2026-08-12T15:34:36.118,947,unlabeled,1,0.5251132845878601,7.859767198562622,95.9614315032959,95.70259404182434,239.77049255371094,15.719534397125244,191.9228630065918,191.40518808364868,479.5409851074219,103.56236124038696,335.73192405700684,103.56236124038696,479.5409851074219,0.16181618943810464,0.6994415084520976,0.16181618943810464,0.9990437189737956,87.84282684326172,143.80906105041504,regular_ge32
2026-08-12T15:34:36.231,948,unlabeled,1,0.5167500376701355,1.9499497413635254,91.90097045898438,75.65527009963989,240.0,3.899899482727051,183.80194091796875,151.31054019927979,480.0,77.60521984100342,331.9009704589844,77.60521984100342,480.0,0.12125815600156784,0.6914603551228841,0.12125815600156784,1.0,73.70532035827637,148.09902954101562,regular_ge32
2026-08-12T15:34:36.335,949,unlabeled,1,0.4498997628688812,0.0,87.80246543884277,69.35235595703125,240.0,0.0,175.60493087768555,138.7047119140625,480.0,69.35235595703125,327.8024654388428,69.35235595703125,480.0,0.10836305618286132,0.6829218029975891,0.10836305618286132,1.0,69.35235595703125,152.19753456115723,regular_ge32
2026-08-12T15:34:36.335,949,unlabeled,2,0.23032912611961365,284.30009722709656,221.44124501943588,301.8217670917511,238.8727121949196,568.6001944541931,442.88249003887177,603.6435341835022,477.7454243898392,586.1218643188477,460.31395721435547,586.1218643188477,477.7454243898392,0.9158154129981995,0.9589874108632406,0.9158154129981995,0.9953029674788316,17.52166986465454,17.431467175483704,small_16_32
2026-08-12T15:34:36.451,950,unlabeled,1,0.31630825996398926,0.0,98.7515697479248,64.45108222961426,236.71242809295654,0.0,197.5031394958496,128.90216445922852,473.4248561859131,64.45108222961426,335.46399784088135,64.45108222961426,473.4248561859131,0.10070481598377228,0.6988833288351695,0.10070481598377228,0.9863017837206522,64.45108222961426,137.96085834503174,regular_ge32
2026-08-12T15:34:36.554,951,unlabeled,1,0.441620409488678,0.13721990585327148,98.7660219669342,53.50758600234985,228.79633927345276,0.27443981170654297,197.5320439338684,107.0151720046997,457.5926785469055,53.644805908203125,327.56236124038696,53.644805908203125,457.5926785469055,0.08382000923156738,0.6824215859174728,0.08382000923156738,0.9533180803060531,53.37036609649658,130.03031730651855,regular_ge32
2026-08-12T15:34:36.554,951,unlabeled,2,0.2019716501235962,283.20027327537537,221.44124501943588,302.4635717868805,238.8727121949196,566.4005465507507,442.88249003887177,604.927143573761,477.7454243898392,585.6638450622559,460.31395721435547,585.6638450622559,477.7454243898392,0.9150997579097748,0.9589874108632406,0.9150997579097748,0.9953029674788316,19.263298511505127,17.431467175483704,small_16_32
2026-08-12T15:34:36.675,952,unlabeled,1,0.5,0.0,97.5998044013977,60.39769983291626,239.47099447250366,0.0,195.1996088027954,120.79539966583252,478.9419889450073,60.39769983291626,337.07079887390137,60.39769983291626,478.9419889450073,0.09437140598893165,0.7022308309872946,0.09437140598893165,0.9977958103020986,60.39769983291626,141.87119007110596,regular_ge32
2026-08-12T15:34:36.777,953,unlabeled,1,0.5083773732185364,0.0,99.4067120552063,59.1316933631897,240.0,0.0,198.8134241104126,118.2633867263794,480.0,59.1316933631897,339.4067120552063,59.1316933631897,480.0,0.0923932708799839,0.7070973167816798,0.0923932708799839,1.0,59.1316933631897,140.5932879447937,regular_ge32
2026-08-12T15:34:36.889,954,unlabeled,1,0.400795578956604,0.0,95.50543785095215,61.49457263946533,240.0,0.0,191.0108757019043,122.98914527893066,480.0,61.49457263946533,335.50543785095215,61.49457263946533,480.0,0.09608526974916458,0.6989696621894836,0.09608526974916458,1.0,61.49457263946533,144.49456214904785,regular_ge32
2026-08-12T15:34:36.889,954,unlabeled,2,0.2019716501235962,283.1214237213135,222.35389918088913,303.0004405975342,239.2513206601143,566.242847442627,444.70779836177826,606.0008811950684,478.5026413202286,586.1218643188477,461.6052198410034,586.1218643188477,478.5026413202286,0.9158154129981995,0.9616775413354238,0.9158154129981995,0.9968805027504762,19.879016876220703,16.89742147922516,small_16_32
2026-08-12T15:34:36.994,955,unlabeled,1,0.4916226267814636,0.0,99.80930423736572,62.59351205825806,240.0,0.0,199.61860847473145,125.18702411651611,480.0,62.59351205825806,339.8093042373657,62.59351205825806,480.0,0.09780236259102822,0.7079360504945119,0.09780236259102822,1.0,62.59351205825806,140.19069576263428,regular_ge32
2026-08-12T15:34:37.109,956,unlabeled,1,0.400795578956604,0.0,94.37986421585083,67.01853561401367,238.18892526626587,0.0,188.75972843170166,134.03707122802734,476.37785053253174,67.01853561401367,332.5687894821167,67.01853561401367,476.37785053253174,0.10471646189689636,0.6928516447544097,0.10471646189689636,0.9924538552761077,67.01853561401367,143.80906105041504,regular_ge32
2026-08-12T15:34:37.109,956,unlabeled,2,0.23032912611961365,283.158509016037,218.85640281438828,303.67158341407776,238.58289676904678,566.317018032074,437.71280562877655,607.3431668281555,477.16579353809357,586.8300924301147,457.43929958343506,586.8300924301147,477.16579353809357,0.9169220194220543,0.9529985407988231,0.9169220194220543,0.9940954032043616,20.51307439804077,19.72649395465851,small_16_32
2026-08-12T15:34:37.212,957,unlabeled,1,0.37690892815589905,0.0,89.07694625854492,70.91596150398254,236.7222671508789,0.0,178.15389251708984,141.8319230079651,473.4445343017578,70.91596150398254,325.7992134094238,70.91596150398254,473.4445343017578,0.11080618984997273,0.678748361269633,0.11080618984997273,0.9863427797953288,70.91596150398254,147.64532089233398,regular_ge32
2026-08-12T15:34:37.328,958,unlabeled,1,0.5,4.810854911804199,95.3349118232727,84.37344264984131,235.25638628005981,9.621709823608398,190.6698236465454,168.74688529968262,470.51277256011963,89.18429756164551,330.5912981033325,89.18429756164551,470.51277256011963,0.1393504649400711,0.6887318710486094,0.1393504649400711,0.9802349428335826,79.56258773803711,139.9214744567871,regular_ge32
2026-08-12T15:34:37.328,958,unlabeled,2,0.20742715895175934,284.2030118703842,220.18708097934723,302.8684746026993,238.16811311244965,568.4060237407684,440.37416195869446,605.7369492053986,476.3362262248993,587.0714864730835,458.3551940917969,587.0714864730835,476.3362262248993,0.917299197614193,0.9549066543579101,0.917299197614193,0.9923671379685401,18.665462732315063,17.981032133102417,small_16_32
2026-08-12T15:34:37.430,959,unlabeled,1,0.4251631200313568,5.982715368270874,101.11442518234253,95.97732710838318,239.07528352737427,11.965430736541748,202.22885036468506,191.95465421676636,478.15056705474854,101.96004247665405,340.1897087097168,101.96004247665405,478.15056705474854,0.15931256636977195,0.70872855981191,0.15931256636977195,0.9961470146973928,89.9946117401123,137.96085834503174,regular_ge32
2026-08-12T15:34:37.550,960,unlabeled,1,0.558379590511322,9.033236980438232,100.25841903686523,99.02784872055054,240.0,18.066473960876465,200.51683807373047,198.05569744110107,480.0,108.06108570098877,340.25841903686523,108.06108570098877,480.0,0.16884544640779495,0.7088717063268025,0.16884544640779495,1.0,89.9946117401123,139.74158096313477,regular_ge32
2026-08-12T15:34:37.653,961,unlabeled,1,0.5167500376701355,27.168890476226807,92.70437908172607,112.89219522476196,236.5134401321411,54.33778095245361,185.40875816345215,225.78439044952393,473.0268802642822,140.06108570098877,329.2178192138672,140.06108570098877,473.0268802642822,0.21884544640779496,0.6858704566955567,0.21884544640779496,0.9854726672172547,85.72330474853516,143.80906105041504,regular_ge32
2026-08-12T15:34:37.653,961,unlabeled,2,0.20742715895175934,283.9047236442566,223.01588886976242,300.8795590400696,239.91331034898758,567.8094472885132,446.03177773952484,601.7591180801392,479.82662069797516,584.7842826843262,462.92919921875,584.7842826843262,479.82662069797516,0.9137254416942596,0.9644358317057292,0.9137254416942596,0.9996387931207816,16.97483539581299,16.89742147922516,small_16_32
2026-08-12T15:34:37.770,962,unlabeled,1,0.45820698142051697,46.093119621276855,91.75319194793701,117.91451358795166,240.0,92.18623924255371,183.50638389587402,235.82902717590332,480.0,164.00763320922852,331.753191947937,164.00763320922852,480.0,0.25626192688941957,0.6911524832248688,0.25626192688941957,1.0,71.8213939666748,148.246808052063,regular_ge32
2026-08-12T15:34:37.872,963,unlabeled,1,0.5334624648094177,56.29438400268555,102.52337455749512,126.26631736755371,234.54742431640625,112.5887680053711,205.04674911499023,252.53263473510742,469.0948486328125,182.56070137023926,337.07079887390137,182.56070137023926,469.0948486328125,0.28525109589099884,0.7022308309872946,0.28525109589099884,0.9772809346516927,69.97193336486816,132.02404975891113,regular_ge32
2026-08-12T15:34:37.986,964,unlabeled,1,0.5083773732185364,64.98363256454468,99.42138338088989,133.1406569480896,237.38224172592163,129.96726512908936,198.84276676177979,266.2813138961792,474.76448345184326,198.12428951263428,336.8036251068115,198.12428951263428,474.76448345184326,0.30956920236349106,0.701674218972524,0.30956920236349106,0.9890926738580068,68.15702438354492,137.96085834503174,regular_ge32
2026-08-12T15:34:38.088,965,unlabeled,1,0.558379590511322,73.11055135726929,94.04330158233643,134.35344648361206,240.0,146.22110271453857,188.08660316467285,268.7068929672241,480.0,207.46399784088135,334.0433015823364,207.46399784088135,480.0,0.3241624966263771,0.6959235449632009,0.3241624966263771,1.0,61.24289512634277,145.95669841766357,regular_ge32
2026-08-12T15:34:38.088,965,unlabeled,2,0.21299070119857788,283.7833969593048,219.95517885684967,303.04669547080994,237.9362109899521,567.5667939186096,439.91035771369934,606.0933909416199,475.8724219799042,586.8300924301147,457.89138984680176,586.8300924301147,475.8724219799042,0.9169220194220543,0.9539403955141703,0.9169220194220543,0.9914008791248003,19.263298511505127,17.981032133102417,small_16_32
2026-08-12T15:34:38.204,966,unlabeled,1,0.5083773732185364,84.71680021286011,97.16149520874023,151.0934910774231,240.0,169.43360042572021,194.32299041748047,302.1869821548462,480.0,235.8102912902832,337.16149520874023,235.8102912902832,480.0,0.3684535801410675,0.7024197816848755,0.3684535801410675,1.0,66.37669086456299,142.83850479125977,regular_ge32
2026-08-12T15:34:38.307,967,unlabeled,1,0.5417929887771606,86.32424736022949,103.52097368240356,147.56714248657227,240.0,172.64849472045898,207.04194736480713,295.13428497314453,480.0,233.89138984680176,343.52097368240356,233.89138984680176,480.0,0.36545529663562776,0.7156686951716741,0.36545529663562776,1.0,61.24289512634277,136.47902631759644,regular_ge32
2026-08-12T15:34:38.423,968,unlabeled,1,0.5083773732185364,87.36965370178223,101.72392225265503,159.19104766845703,239.68478059768677,174.73930740356445,203.44784450531006,318.38209533691406,479.36956119537354,246.56070137023926,341.4087028503418,246.56070137023926,479.36956119537354,0.3852510958909988,0.7112681309382121,0.3852510958909988,0.9986865858236949,71.8213939666748,137.96085834503174,regular_ge32
2026-08-12T15:34:38.525,969,unlabeled,1,0.5167500376701355,95.50984191894531,98.4410753250122,179.14635467529297,238.36254978179932,191.01968383789062,196.8821506500244,358.29270935058594,476.72509956359863,274.6561965942383,336.8036251068115,274.6561965942383,476.72509956359863,0.42915030717849734,0.701674218972524,0.42915030717849734,0.9931772907574972,83.63651275634766,139.9214744567871,regular_ge32
2026-08-12T15:34:38.641,970,unlabeled,1,0.4832499325275421,107.36469054222107,102.6314115524292,186.92727828025818,240.0,214.72938108444214,205.2628231048584,373.85455656051636,480.0,294.29196882247925,342.6314115524292,294.29196882247925,480.0,0.45983120128512384,0.7138154407342275,0.45983120128512384,1.0,79.56258773803711,137.3685884475708,regular_ge32
2026-08-12T15:34:38.743,971,unlabeled,1,0.4251631200313568,119.69716167449951,106.9906325340271,191.51855564117432,240.0,239.39432334899902,213.9812650680542,383.03711128234863,480.0,311.2157173156738,346.9906325340271,311.2157173156738,480.0,0.48627455830574035,0.7228971511125565,0.48627455830574035,1.0,71.8213939666748,133.0093674659729,regular_ge32
2026-08-12T15:34:38.859,972,unlabeled,1,0.37690892815589905,130.4370527267456,105.18391561508179,185.31438159942627,240.0,260.8741054534912,210.36783123016357,370.62876319885254,480.0,315.7514343261719,345.1839156150818,315.7514343261719,480.0,0.4933616161346436,0.7191331575314204,0.4933616161346436,1.0,54.877328872680664,134.8160843849182,regular_ge32
2026-08-12T15:34:38.962,973,unlabeled,1,0.3848111629486084,141.18077898025513,99.4067120552063,194.5511450767517,240.0,282.36155796051025,198.8134241104126,389.1022901535034,480.0,335.73192405700684,339.4067120552063,335.73192405700684,480.0,0.5245811313390731,0.7070973167816798,0.5245811313390731,1.0,53.37036609649658,140.5932879447937,regular_ge32
2026-08-12T15:34:38.962,973,unlabeled,2,0.20742715895175934,282.6891577243805,221.44124501943588,303.20223212242126,238.8727121949196,565.378315448761,442.88249003887177,606.4044642448425,477.7454243898392,585.8913898468018,460.31395721435547,585.8913898468018,477.7454243898392,0.9154552966356277,0.9589874108632406,0.9154552966356277,0.9953029674788316,20.51307439804077,17.431467175483704,small_16_32
2026-08-12T15:34:39.077,974,unlabeled,1,0.441620409488678,140.94066905975342,102.83774518966675,205.5715970993042,240.0,281.88133811950684,205.6754903793335,411.1431941986084,480.0,346.5122661590576,342.83774518966675,346.5122661590576,480.0,0.5414254158735275,0.7142453024784724,0.5414254158735275,1.0,64.63092803955078,137.16225481033325,regular_ge32
2026-08-12T15:34:39.077,974,unlabeled,2,0.2019716501235962,282.95277881622314,220.3844514489174,304.11870765686035,238.93093436956406,565.9055576324463,440.7689028978348,608.2374153137207,477.8618687391281,587.0714864730835,459.31538581848145,587.0714864730835,477.8618687391281,0.917299197614193,0.956907053788503,0.917299197614193,0.9955455598731836,21.165928840637207,18.546482920646667,small_16_32
2026-08-12T15:34:39.180,975,unlabeled,1,0.5501002073287964,148.78640365600586,106.74362134933472,210.02929878234863,240.0,297.5728073120117,213.48724269866943,420.05859756469727,480.0,358.8157024383545,346.7436213493347,358.8157024383545,480.0,0.5606495350599289,0.7223825444777806,0.5606495350599289,1.0,61.24289512634277,133.25637865066528,regular_ge32
2026-08-12T15:34:39.295,976,unlabeled,1,0.45820698142051697,143.87727642059326,101.72041273117065,225.46009922027588,237.71079874038696,287.7545528411865,203.4408254623413,450.92019844055176,475.4215974807739,369.33737564086914,339.4312114715576,369.33737564086914,475.4215974807739,0.577089649438858,0.7071483572324117,0.577089649438858,0.990461661418279,81.58282279968262,135.9903860092163,regular_ge32
2026-08-12T15:34:39.397,977,unlabeled,1,0.43337342143058777,143.11581707000732,102.5817198753357,226.75232982635498,236.59282159805298,286.23163414001465,205.1634397506714,453.50465965270996,473.18564319610596,369.8681468963623,339.1745414733887,369.8681468963623,473.18564319610596,0.5779189795255661,0.7066136280695597,0.5779189795255661,0.9858034233252208,83.63651275634766,134.01110172271729,regular_ge32
2026-08-12T15:34:39.512,978,unlabeled,1,0.4498997628688812,148.48876810073853,109.08489847183228,242.8817639350891,237.11589002609253,296.97753620147705,218.16979694366455,485.7635278701782,474.23178005218506,391.37053203582764,346.2007884979248,391.37053203582764,474.23178005218506,0.6115164563059807,0.72125164270401,0.6115164563059807,0.9879828751087188,94.39299583435059,128.03099155426025,regular_ge32
2026-08-12T15:34:39.615,979,unlabeled,1,0.4251631200313568,144.83293914794922,108.25991153717041,248.38488006591797,240.0,289.66587829589844,216.51982307434082,496.76976013183594,480.0,393.2178192138672,348.2599115371704,393.2178192138672,480.0,0.6144028425216674,0.725541482369105,0.6144028425216674,1.0,103.55194091796875,131.7400884628296,regular_ge32
2026-08-12T15:34:39.730,980,unlabeled,1,0.5167500376701355,170.0698595046997,104.7732605934143,228.061993598938,240.0,340.1397190093994,209.5465211868286,456.123987197876,480.0,398.1318531036377,344.7732605934143,398.1318531036377,480.0,0.6220810204744339,0.7182776262362798,0.6220810204744339,1.0,57.99213409423828,135.2267394065857,regular_ge32
2026-08-12T15:34:39.832,981,unlabeled,1,0.4498997628688812,174.92355346679688,108.66840934753418,264.9181652069092,238.69872665405273,349.84710693359375,217.33681869506836,529.8363304138184,477.39745330810547,439.84171867370605,347.3671360015869,439.84171867370605,477.39745330810547,0.6872526854276657,0.7236815333366394,0.6872526854276657,0.9945780277252197,89.9946117401123,130.03031730651855,regular_ge32
2026-08-12T15:34:39.946,982,unlabeled,1,0.37690892815589905,170.50961351394653,109.2567777633667,233.429301738739,239.28709506988525,341.01922702789307,218.5135555267334,466.858603477478,478.5741901397705,403.93891525268555,348.54387283325195,403.93891525268555,478.5741901397705,0.6311545550823212,0.7261330684026083,0.6311545550823212,0.9970295627911886,62.91968822479248,130.03031730651855,regular_ge32
2026-08-12T15:34:40.049,983,unlabeled,1,0.5334624648094177,167.9691867828369,107.08836936950684,222.84651565551758,239.11241912841797,335.9383735656738,214.17673873901367,445.69303131103516,478.22483825683594,390.8157024383545,346.2007884979248,390.8157024383545,478.22483825683594,0.6106495350599289,0.72125164270401,0.6106495350599289,0.9963017463684082,54.877328872680664,132.02404975891113,regular_ge32
2026-08-12T15:34:40.163,984,unlabeled,1,0.4832499325275421,167.26071977615356,103.17288446426392,226.8611445426941,239.16327047348022,334.52143955230713,206.34576892852783,453.7222890853882,478.32654094696045,394.12186431884766,342.33615493774414,394.12186431884766,478.32654094696045,0.6158154129981994,0.713200322786967,0.6158154129981994,0.9965136269728343,59.60042476654053,135.9903860092163,regular_ge32
2026-08-12T15:34:40.163,984,unlabeled,2,0.20742715895175934,284.7094613313675,223.63890880346298,299.6541899442673,239.02371460199356,569.418922662735,447.27781760692596,599.3083798885345,478.0474292039871,584.3636512756348,462.66262340545654,584.3636512756348,478.0474292039871,0.9130682051181793,0.9638804654280345,0.9130682051181793,0.9959321441749732,14.94472861289978,15.384805798530579,tiny_lt16
2026-08-12T15:34:40.266,985,unlabeled,1,0.4916226267814636,157.49298334121704,105.67561388015747,239.07580614089966,239.68671560287476,314.9859666824341,211.35122776031494,478.1516122817993,479.3734312057495,396.5687894821167,345.3623294830322,396.5687894821167,479.3734312057495,0.6196387335658073,0.7195048530896505,0.6196387335658073,0.9986946483453115,81.58282279968262,134.01110172271729,regular_ge32
2026-08-12T15:34:40.380,986,unlabeled,1,0.39277467131614685,150.2342405319214,109.08489847183228,240.2288522720337,237.11589002609253,300.4684810638428,218.16979694366455,480.4577045440674,474.23178005218506,390.4630928039551,346.2007884979248,390.4630928039551,474.23178005218506,0.6100985825061798,0.72125164270401,0.6100985825061798,0.9879828751087188,89.9946117401123,128.03099155426025,regular_ge32
2026-08-12T15:34:40.482,987,unlabeled,1,0.5251132845878601,139.01256132125854,104.41373682022095,226.85538816452026,240.0,278.0251226425171,208.8274736404419,453.7107763290405,480.0,365.8679494857788,344.41373682022095,365.8679494857788,480.0,0.5716686710715294,0.7175286183754603,0.5716686710715294,1.0,87.84282684326172,135.58626317977905,regular_ge32
2026-08-12T15:34:40.598,988,unlabeled,1,0.4251631200313568,127.35893726348877,101.60452508926392,215.2017641067505,239.56538343429565,254.71787452697754,203.20905017852783,430.403528213501,479.1307668685913,342.56070137023926,341.16990852355957,342.56070137023926,479.1307668685913,0.5352510958909988,0.7107706427574157,0.5352510958909988,0.9981890976428985,87.84282684326172,137.96085834503174,regular_ge32
2026-08-12T15:34:40.700,989,unlabeled,1,0.3690716028213501,101.08966732025146,106.67801713943481,195.48266315460205,240.0,202.17933464050293,213.35603427886963,390.9653263092041,480.0,296.5723304748535,346.6780171394348,296.5723304748535,480.0,0.46339426636695863,0.7222458690404892,0.46339426636695863,1.0,94.39299583435059,133.32198286056519,regular_ge32
2026-08-12T15:34:40.816,990,unlabeled,1,0.3384403884410858,130.91608238220215,107.10603618621826,195.54701042175293,237.13635349273682,261.8321647644043,214.21207237243652,391.09402084350586,474.27270698547363,326.4630928039551,344.2423896789551,326.4630928039551,474.27270698547363,0.5100985825061798,0.7171716451644897,0.5100985825061798,0.98806813955307,64.63092803955078,130.03031730651855,regular_ge32
2026-08-12T15:34:40.919,991,unlabeled,1,0.37690892815589905,99.55425786972046,102.46906423568726,177.1303563117981,238.45945024490356,199.10851573944092,204.9381284713745,354.2607126235962,476.91890048980713,276.68461418151855,340.9285144805908,276.68461418151855,476.91890048980713,0.43231970965862276,0.7102677385012309,0.43231970965862276,0.9935810426870982,77.57609844207764,135.9903860092163,regular_ge32
2026-08-12T15:34:41.034,992,unlabeled,1,0.4169939160346985,99.41534042358398,105.1156439781189,173.12066078186035,239.12674570083618,198.83068084716797,210.2312879562378,346.2413215637207,478.25349140167236,272.53600120544434,344.2423896789551,272.53600120544434,478.25349140167236,0.4258375018835068,0.7171716451644897,0.4258375018835068,0.9963614404201507,73.70532035827637,134.01110172271729,regular_ge32
2026-08-12T15:34:41.137,993,unlabeled,1,0.3019951581954956,64.0052101612091,106.58012390136719,167.55715107917786,238.60417366027832,128.0104203224182,213.16024780273438,335.1143021583557,477.20834732055664,231.56236124038696,345.1842975616455,231.56236124038696,477.20834732055664,0.3618161894381046,0.7191339532534281,0.3618161894381046,0.9941840569178263,103.55194091796875,132.02404975891113,regular_ge32
2026-08-12T15:34:41.252,994,unlabeled,1,0.43337342143058777,79.50984191894531,104.02667760848999,163.14635467529297,240.0,159.01968383789062,208.05335521697998,326.29270935058594,480.0,242.65619659423828,344.02667760849,242.65619659423828,480.0,0.3791503071784973,0.7167222450176874,0.3791503071784973,1.0,83.63651275634766,135.97332239151,regular_ge32
2026-08-12T15:34:41.252,994,unlabeled,2,0.2019716501235962,284.34450483322144,222.99675142765045,301.3193402290344,238.87119805812836,568.6890096664429,445.9935028553009,602.6386804580688,477.7423961162567,585.6638450622559,461.8679494857788,585.6638450622559,477.7423961162567,0.9150997579097748,0.9622248947620392,0.9150997579097748,0.9952966585755348,16.97483539581299,15.874446630477905,tiny_lt16
2026-08-12T15:34:41.356,995,unlabeled,1,0.4251631200313568,74.57388496398926,104.7082839012146,158.2103977203369,238.71938562393188,149.14776992797852,209.4165678024292,316.4207954406738,477.43877124786377,232.78428268432617,343.4276695251465,232.78428268432617,477.43877124786377,0.36372544169425963,0.7154743115107218,0.36372544169425963,0.9946641067663828,83.63651275634766,134.01110172271729,regular_ge32
2026-08-12T15:34:41.471,996,unlabeled,1,0.4251631200313568,52.98532772064209,102.29992151260376,147.37832355499268,240.0,105.97065544128418,204.59984302520752,294.75664710998535,480.0,200.36365127563477,342.29992151260376,200.36365127563477,480.0,0.31306820511817934,0.7131248364845911,0.31306820511817934,1.0,94.39299583435059,137.70007848739624,regular_ge32
2026-08-12T15:34:41.576,997,unlabeled,1,0.39277467131614685,53.57928514480591,99.36736106872559,129.20289754867554,239.2888355255127,107.15857028961182,198.73472213745117,258.4057950973511,478.5776710510254,182.78218269348145,338.6561965942383,182.78218269348145,478.5776710510254,0.28559716045856476,0.7055337429046631,0.28559716045856476,0.9970368146896362,75.62361240386963,139.9214744567871,regular_ge32
2026-08-12T15:34:41.576,997,unlabeled,2,0.218662291765213,282.80439496040344,220.69931262731552,303.3174693584442,238.13077980279922,565.6087899208069,441.39862525463104,606.6349387168884,476.26155960559845,586.1218643188477,458.83009243011475,586.1218643188477,476.26155960559845,0.9158154129981995,0.9558960258960724,0.9158154129981995,0.9922115825116634,20.51307439804077,17.431467175483704,small_16_32
2026-08-12T15:34:41.694,998,unlabeled,1,0.43337342143058777,51.4205641746521,91.35632801055908,117.79725503921509,240.0,102.8411283493042,182.71265602111816,235.59451007843018,480.0,169.2178192138672,331.3563280105591,169.2178192138672,480.0,0.26440284252166746,0.6903256833553314,0.26440284252166746,1.0,66.37669086456299,148.64367198944092,regular_ge32
2026-08-12T15:34:41.797,999,unlabeled,1,0.3384403884410858,1.169724464416504,101.75309753417969,104.72166538238525,240.0,2.339448928833008,203.50619506835938,209.4433307647705,480.0,105.89138984680176,341.7530975341797,105.89138984680176,480.0,0.16545529663562775,0.7119856198628743,0.16545529663562775,1.0,103.55194091796875,138.2469024658203,regular_ge32
2026-08-12T15:34:41.912,1000,unlabeled,1,0.40887001156806946,29.880491256713867,93.45807933807373,111.46331405639648,213.45807933807373,59.760982513427734,186.91615867614746,222.92662811279297,426.91615867614746,141.34380531311035,306.91615867614746,141.34380531311035,426.91615867614746,0.2208496958017349,0.6394086639086406,0.2208496958017349,0.8894086639086406,81.58282279968262,120.0,regular_ge32
2026-08-12T15:34:42.015,1001,unlabeled,1,0.37690892815589905,13.191254615783691,88.72766447067261,105.36944675445557,238.2695288658142,26.382509231567383,177.45532894134521,210.73889350891113,476.5390577316284,118.56070137023926,326.9971933364868,118.56070137023926,476.5390577316284,0.18525109589099883,0.6812441527843476,0.18525109589099883,0.9927897036075592,92.17819213867188,149.5418643951416,regular_ge32
2026-08-12T15:34:42.131,1002,unlabeled,1,0.4916226267814636,10.901393413543701,90.76481103897095,94.53790616989136,240.0,21.802786827087402,181.5296220779419,189.07581233978271,480.0,105.43929958343506,330.76481103897095,105.43929958343506,480.0,0.16474890559911728,0.6890933563311895,0.16474890559911728,1.0,83.63651275634766,149.23518896102905,regular_ge32
2026-08-12T15:34:42.234,1003,unlabeled,1,0.3384403884410858,4.433703422546387,94.36005401611328,96.61189556121826,236.23124408721924,8.867406845092773,188.72010803222656,193.22379112243652,472.4624881744385,101.04559898376465,330.5912981033325,101.04559898376465,472.4624881744385,0.15788374841213226,0.6887318710486094,0.15788374841213226,0.9842968503634135,92.17819213867188,141.87119007110596,regular_ge32
2026-08-12T15:34:42.351,1004,unlabeled,1,0.4498997628688812,5.804908752441406,92.80160331726074,77.62630271911621,212.80160331726074,11.609817504882812,185.60320663452148,155.25260543823242,425.6032066345215,83.43121147155762,305.6032066345215,83.43121147155762,425.6032066345215,0.13036126792430877,0.6366733471552531,0.13036126792430877,0.8866733471552531,71.8213939666748,120.0,regular_ge32
2026-08-12T15:34:42.454,1005,unlabeled,1,0.4916226267814636,2.6717262268066406,89.31260251998901,72.6436595916748,217.34359407424927,5.343452453613281,178.62520503997803,145.2873191833496,434.68718814849854,75.31538581848145,306.6561965942383,75.31538581848145,434.68718814849854,0.11768029034137725,0.6388670762379964,0.11768029034137725,0.9055983086427053,69.97193336486816,128.03099155426025,regular_ge32
2026-08-12T15:34:42.454,1005,unlabeled,2,0.2019716501235962,283.05940997600555,223.6766951084137,301.7248727083206,240.0,566.1188199520111,447.3533902168274,603.4497454166412,480.0,584.7842826843262,463.6766951084137,584.7842826843262,480.0,0.9137254416942596,0.9659931148091953,0.9137254416942596,1.0,18.665462732315063,16.323304891586304,small_16_32
2026-08-12T15:34:42.571,1006,unlabeled,1,0.4832499325275421,4.475438117980957,96.31521987915039,78.18075847625732,234.27607822418213,8.950876235961914,192.63043975830078,156.36151695251465,468.55215644836426,82.65619659423828,330.5912981033325,82.65619659423828,468.55215644836426,0.12915030717849732,0.6887318710486094,0.12915030717849732,0.9761503259340922,73.70532035827637,137.96085834503174,regular_ge32
2026-08-12T15:34:42.676,1007,unlabeled,1,0.4832499325275421,0.0,96.59103631973267,73.78993558883667,240.0,0.0,193.18207263946533,147.57987117767334,480.0,73.78993558883667,336.59103631973267,73.78993558883667,480.0,0.1152967743575573,0.7012313256661097,0.1152967743575573,1.0,73.78993558883667,143.40896368026733,regular_ge32
2026-08-12T15:34:42.798,1008,unlabeled,1,0.4748867154121399,0.0,89.76400852203369,73.46156978607178,240.0,0.0,179.52801704406738,146.92313957214355,480.0,73.46156978607178,329.7640085220337,73.46156978607178,480.0,0.11478370279073716,0.6870083510875702,0.11478370279073716,1.0,73.46156978607178,150.2359914779663,regular_ge32
2026-08-12T15:34:42.901,1009,unlabeled,1,0.4251631200313568,0.0,92.59006881713867,75.75942325592041,240.0,0.0,185.18013763427734,151.51884651184082,480.0,75.75942325592041,332.5900688171387,75.75942325592041,480.0,0.11837409883737564,0.6928959767023722,0.11837409883737564,1.0,75.75942325592041,147.40993118286133,regular_ge32
2026-08-12T15:34:42.901,1009,unlabeled,2,0.20742715895175934,282.6545159816742,221.18941205739975,301.9178144931793,238.62087923288345,565.3090319633484,442.3788241147995,603.8356289863586,477.2417584657669,584.5723304748535,459.8102912902832,584.5723304748535,477.2417584657669,0.9133942663669586,0.9579381068547567,0.9133942663669586,0.9942536634703477,19.263298511505127,17.431467175483704,small_16_32
2026-08-12T15:34:43.018,1010,unlabeled,1,0.441620409488678,0.0,93.70383024215698,76.56889390945435,217.7238392829895,0.0,187.40766048431396,153.1377878189087,435.447678565979,76.56889390945435,311.4276695251465,76.56889390945435,435.447678565979,0.11963889673352242,0.6488076448440552,0.11963889673352242,0.9071826636791229,76.56889390945435,124.02000904083252,regular_ge32
2026-08-12T15:34:43.018,1010,unlabeled,2,0.2019716501235962,284.0123128890991,222.99675142765045,300.9871482849121,238.87119805812836,568.0246257781982,445.9935028553009,601.9742965698242,477.7423961162567,584.9994611740112,461.8679494857788,584.9994611740112,477.7423961162567,0.9140616580843925,0.9622248947620392,0.9140616580843925,0.9952966585755348,16.97483539581299,15.874446630477905,tiny_lt16
2026-08-12T15:34:43.121,1011,unlabeled,1,0.4169939160346985,5.319336891174316,97.56149101257324,86.90215969085693,235.52234935760498,10.638673782348633,195.12298202514648,173.80431938171387,471.04469871520996,92.22149658203125,333.0838403701782,92.22149658203125,471.04469871520996,0.14409608840942384,0.6939246674378713,0.14409608840942384,0.9813431223233541,81.58282279968262,137.96085834503174,regular_ge32
2026-08-12T15:34:43.236,1012,unlabeled,1,0.5251132845878601,3.609797477722168,96.71116542816162,83.17238521575928,236.63263988494873,7.219594955444336,193.42233085632324,166.34477043151855,473.26527976989746,86.78218269348145,333.34380531311035,86.78218269348145,473.26527976989746,0.13559716045856476,0.6944662610689799,0.13559716045856476,0.985969332853953,79.56258773803711,139.9214744567871,regular_ge32
2026-08-12T15:34:43.236,1012,unlabeled,2,0.21299070119857788,281.91779088974,218.77479499578476,305.8925004005432,239.116594851017,563.83558177948,437.5495899915695,611.7850008010864,478.233189702034,587.8102912902832,457.89138984680176,587.8102912902832,478.233189702034,0.9184535801410675,0.9539403955141703,0.9184535801410675,0.9963191452125708,23.974709510803223,20.34179985523224,small_16_32
2026-08-12T15:34:43.340,1013,unlabeled,1,0.4251631200313568,4.890925168991089,91.90097045898438,97.06911730766296,240.0,9.781850337982178,183.80194091796875,194.13823461532593,480.0,101.96004247665405,331.9009704589844,101.96004247665405,480.0,0.15931256636977195,0.6914603551228841,0.15931256636977195,1.0,92.17819213867188,148.09902954101562,regular_ge32
2026-08-12T15:34:43.460,1014,unlabeled,1,0.5251132845878601,11.012561321258545,100.27280759811401,98.85538816452026,236.26319360733032,22.02512264251709,200.54561519622803,197.71077632904053,472.52638721466064,109.86794948577881,336.53600120544434,109.86794948577881,472.52638721466064,0.1716686710715294,0.7011166691780091,0.1716686710715294,0.9844299733638764,87.84282684326172,135.9903860092163,regular_ge32
2026-08-12T15:34:43.460,1014,unlabeled,2,0.218662291765213,63.52906858921051,0.0,74.36232125759125,10.781870275735855,127.05813717842102,0.0,148.7246425151825,21.56374055147171,137.89138984680176,10.781870275735855,137.89138984680176,21.56374055147171,0.21545529663562774,0.022462229741116366,0.21545529663562774,0.04492445948223273,10.833252668380737,10.781870275735855,tiny_lt16
2026-08-12T15:34:43.460,1014,unlabeled,3,0.21299070119857788,284.2776608467102,222.74470782279968,300.721800327301,239.12324166297913,568.5553216934204,445.48941564559937,601.443600654602,478.24648332595825,584.9994611740112,461.8679494857788,584.9994611740112,478.24648332595825,0.9140616580843925,0.9622248947620392,0.9140616580843925,0.996346840262413,16.44413948059082,16.378533840179443,small_16_32
2026-08-12T15:34:43.563,1015,unlabeled,1,0.5167500376701355,15.999445915222168,99.52866220474243,103.84227275848389,240.0,31.998891830444336,199.05732440948486,207.68454551696777,480.0,119.84171867370605,339.52866220474243,119.84171867370605,480.0,0.1872526854276657,0.7073513795932134,0.1872526854276657,1.0,87.84282684326172,140.47133779525757,regular_ge32
2026-08-12T15:34:43.680,1016,unlabeled,1,0.5501002073287964,30.50759983062744,94.59755659103394,108.08369827270508,240.0,61.01519966125488,189.19511318206787,216.16739654541016,480.0,138.59129810333252,334.59755659103394,138.59129810333252,480.0,0.21654890328645707,0.6970782428979874,0.21654890328645707,1.0,77.57609844207764,145.40244340896606,regular_ge32
2026-08-12T15:34:43.783,1017,unlabeled,1,0.5251132845878601,47.0261447429657,92.03167772293091,120.73146510124207,240.0,94.0522894859314,184.06335544586182,241.46293020248413,480.0,167.75760984420776,332.0316777229309,167.75760984420776,480.0,0.26212126538157465,0.6917326619227727,0.26212126538157465,1.0,73.70532035827637,147.9683222770691,regular_ge32
2026-08-12T15:34:43.902,1018,unlabeled,1,0.4916226267814636,60.200955390930176,97.23765897750854,121.44385051727295,237.15913343429565,120.40191078186035,194.4753179550171,242.8877010345459,474.3182668685913,181.64480590820312,334.3967924118042,181.64480590820312,474.3182668685913,0.28382000923156736,0.6966599841912587,0.28382000923156736,0.9881630559762319,61.24289512634277,139.9214744567871,regular_ge32
2026-08-12T15:34:43.902,1018,unlabeled,2,0.20742715895175934,283.7833969593048,221.5686611533165,303.04669547080994,239.0001283288002,567.5667939186096,443.137322306633,606.0933909416199,478.0002566576004,586.8300924301147,460.5687894821167,586.8300924301147,478.0002566576004,0.9169220194220543,0.9595183114210765,0.9169220194220543,0.9958338680366675,19.263298511505127,17.431467175483704,small_16_32
2026-08-12T15:34:44.005,1019,unlabeled,1,0.441620409488678,60.623634815216064,99.95364427566528,142.20645761489868,237.91450262069702,121.24726963043213,199.90728855133057,284.41291522979736,475.82900524139404,202.83009243011475,337.8681468963623,202.83009243011475,475.82900524139404,0.3169220194220543,0.7038919727007548,0.3169220194220543,0.9913104275862376,81.58282279968262,137.96085834503174,regular_ge32
2026-08-12T15:34:44.005,1019,unlabeled,2,0.21299070119857788,63.167136669158936,0.0,74.72425317764282,10.899922281503677,126.33427333831787,0.0,149.44850635528564,21.799844563007355,137.89138984680176,10.899922281503677,137.89138984680176,21.799844563007355,0.21545529663562774,0.022708171419799326,0.21545529663562774,0.04541634283959865,11.557116508483887,10.899922281503677,tiny_lt16
2026-08-12T15:34:44.126,1020,unlabeled,1,0.5083773732185364,63.020116329193115,97.73309278488159,138.64372873306274,239.60428285598755,126.04023265838623,195.46618556976318,277.2874574661255,479.2085657119751,201.66384506225586,337.33737564086914,201.66384506225586,479.2085657119751,0.3150997579097748,0.7027861992518107,0.3150997579097748,0.9983511785666148,75.62361240386963,141.87119007110596,regular_ge32
2026-08-12T15:34:44.126,1020,unlabeled,2,0.2363237887620926,63.52906858921051,0.0,74.36232125759125,10.781870275735855,127.05813717842102,0.0,148.7246425151825,21.56374055147171,137.89138984680176,10.781870275735855,137.89138984680176,21.56374055147171,0.21545529663562774,0.022462229741116366,0.21545529663562774,0.04492445948223273,10.833252668380737,10.781870275735855,tiny_lt16
2026-08-12T15:34:44.228,1021,unlabeled,1,0.4169939160346985,80.7301139831543,94.57915210723877,156.35372638702393,240.0,161.4602279663086,189.15830421447754,312.70745277404785,480.0,237.08384037017822,334.57915210723877,237.08384037017822,480.0,0.3704435005784035,0.6970399002234141,0.3704435005784035,1.0,75.62361240386963,145.42084789276123,regular_ge32
2026-08-12T15:34:44.228,1021,unlabeled,2,0.24863308668136597,63.12487769126892,0.0,74.31442189216614,11.081709444522858,126.24975538253784,0.0,148.62884378433228,22.163418889045715,137.43929958343506,11.081709444522858,137.43929958343506,22.163418889045715,0.21474890559911727,0.023086894676089285,0.21474890559911727,0.04617378935217857,11.189544200897217,11.081709444522858,tiny_lt16
2026-08-12T15:34:44.347,1022,unlabeled,1,0.5,84.21336555480957,105.58659791946411,157.91868591308594,239.5976996421814,168.42673110961914,211.17319583892822,315.8373718261719,479.1953992843628,242.1320514678955,345.1842975616455,242.1320514678955,479.1953992843628,0.37833133041858674,0.7191339532534281,0.37833133041858674,0.9983237485090891,73.70532035827637,134.01110172271729,regular_ge32
2026-08-12T15:34:44.450,1023,unlabeled,1,0.4498997628688812,80.75975131988525,104.03954935073853,168.60257816314697,240.0,161.5195026397705,208.07909870147705,337.20515632629395,480.0,249.36232948303223,344.0395493507385,249.36232948303223,480.0,0.38962863981723783,0.7167490611473719,0.38962863981723783,1.0,87.84282684326172,135.96045064926147,regular_ge32
2026-08-12T15:34:44.563,1024,unlabeled,1,0.4498997628688812,92.61084747314453,103.39589834213257,172.17343521118164,239.38628435134888,185.22169494628906,206.79179668426514,344.3468704223633,478.77256870269775,264.7842826843262,342.78218269348145,264.7842826843262,478.77256870269775,0.4137254416942596,0.7141295472780863,0.4137254416942596,0.9974428514639536,79.56258773803711,135.9903860092163,regular_ge32
2026-08-12T15:34:44.563,1024,unlabeled,2,0.21299070119857788,63.4756897687912,0.0,73.96360981464386,11.01931944489479,126.9513795375824,0.0,147.92721962928772,22.03863888978958,137.43929958343506,11.01931944489479,137.43929958343506,22.03863888978958,0.21474890559911727,0.02295691551019748,0.21474890559911727,0.04591383102039496,10.487920045852661,11.01931944489479,tiny_lt16
2026-08-12T15:34:44.670,1025,unlabeled,1,0.5417929887771606,97.54680442810059,105.70180988311768,177.1093921661377,237.7258596420288,195.09360885620117,211.40361976623535,354.2187843322754,475.4517192840576,274.6561965942383,343.4276695251465,274.6561965942383,475.4517192840576,0.42915030717849734,0.7154743115107218,0.42915030717849734,0.99052441517512,79.56258773803711,132.02404975891113,regular_ge32
2026-08-12T15:34:44.789,1026,unlabeled,1,0.45820698142051697,108.57180905342102,106.69867610931396,184.19542145729065,236.72899341583252,217.14361810684204,213.39735221862793,368.3908429145813,473.45798683166504,292.76723051071167,343.4276695251465,292.76723051071167,473.45798683166504,0.45744879767298696,0.7154743115107218,0.45744879767298696,0.9863708058993021,75.62361240386963,130.03031730651855,regular_ge32
2026-08-12T15:34:44.891,1027,unlabeled,1,0.4169939160346985,118.31541728973389,101.72041273117065,192.02073764801025,237.71079874038696,236.63083457946777,203.4408254623413,384.0414752960205,475.4215974807739,310.33615493774414,339.4312114715576,310.33615493774414,475.4215974807739,0.4849002420902252,0.7071483572324117,0.4849002420902252,0.990461661418279,73.70532035827637,135.9903860092163,regular_ge32
2026-08-12T15:34:44.891,1027,unlabeled,2,0.2019716501235962,63.053364276885986,0.10781675577163696,74.61048078536987,10.96366971731186,126.10672855377197,0.21563351154327393,149.22096157073975,21.92733943462372,137.66384506225586,11.071486473083496,137.66384506225586,21.92733943462372,0.21509975790977479,0.02306559681892395,0.21509975790977479,0.04568195715546608,11.557116508483887,10.855852961540222,tiny_lt16
2026-08-12T15:34:45.007,1028,unlabeled,1,0.4916226267814636,127.02131605148315,98.39250326156616,206.58390378952026,240.0,254.0426321029663,196.78500652313232,413.1678075790405,480.0,333.6052198410034,338.39250326156616,333.6052198410034,480.0,0.5212581560015679,0.7049843817949295,0.5212581560015679,1.0,79.56258773803711,141.60749673843384,regular_ge32
2026-08-12T15:34:45.007,1028,unlabeled,2,0.2549463212490082,63.192283272743225,0.0,74.02553594112396,11.140016466379166,126.38456654548645,0.0,148.05107188224792,22.28003293275833,137.2178192138672,11.140016466379166,137.2178192138672,22.28003293275833,0.21440284252166747,0.02320836763828993,0.21440284252166747,0.04641673527657986,10.833252668380737,11.140016466379166,tiny_lt16
2026-08-12T15:34:45.110,1029,unlabeled,1,0.37690892815589905,136.66038703918457,100.73517656326294,226.65499877929688,238.69603490829468,273.32077407836914,201.47035312652588,453.30999755859375,477.39206981658936,363.31538581848145,339.4312114715576,363.31538581848145,477.39206981658936,0.5676802903413772,0.7071483572324117,0.5676802903413772,0.9945668121178944,89.9946117401123,137.96085834503174,regular_ge32
2026-08-12T15:34:45.225,1030,unlabeled,1,0.4748867154121399,148.22670078277588,100.13411712646484,214.60339164733887,240.0,296.45340156555176,200.2682342529297,429.20678329467773,480.0,362.83009243011475,340.13411712646484,362.83009243011475,480.0,0.5669220194220543,0.7086127440134684,0.5669220194220543,1.0,66.37669086456299,139.86588287353516,regular_ge32
2026-08-12T15:34:45.327,1031,unlabeled,1,0.5501002073287964,151.18575859069824,95.66835641860962,209.17789268493652,240.0,302.3715171813965,191.33671283721924,418.35578536987305,480.0,360.36365127563477,335.6683564186096,360.36365127563477,480.0,0.5630682051181793,0.6993090758721033,0.5630682051181793,1.0,57.99213409423828,144.33164358139038,regular_ge32
2026-08-12T15:34:45.445,1032,unlabeled,1,0.5748369097709656,148.51828527450562,92.56037950515747,211.4379734992981,240.0,297.03657054901123,185.12075901031494,422.8759469985962,480.0,359.9562587738037,332.56037950515747,359.9562587738037,480.0,0.5624316543340683,0.6928341239690781,0.5624316543340683,1.0,62.91968822479248,147.43962049484253,regular_ge32
2026-08-12T15:34:45.547,1033,unlabeled,1,0.558379590511322,144.86009645462036,96.76415729522705,220.48370885849,240.0,289.7201929092407,193.5283145904541,440.96741771698,480.0,365.34380531311035,336.76415729522705,365.34380531311035,480.0,0.570849695801735,0.7015919943650564,0.570849695801735,1.0,75.62361240386963,143.23584270477295,regular_ge32
2026-08-12T15:34:45.547,1033,unlabeled,2,0.2019716501235962,62.941091537475586,0.0,74.49820804595947,10.48885864019394,125.88218307495117,0.0,148.99641609191895,20.97771728038788,137.43929958343506,10.48885864019394,137.43929958343506,20.97771728038788,0.21474890559911727,0.021851788833737375,0.21474890559911727,0.04370357766747475,11.557116508483887,10.48885864019394,tiny_lt16
2026-08-12T15:34:45.664,1034,unlabeled,1,0.43337342143058777,145.09856510162354,94.4642686843872,232.94139194488525,240.0,290.19713020324707,188.9285373687744,465.8827838897705,480.0,378.0399570465088,334.4642686843872,378.0399570465088,480.0,0.59068743288517,0.69680055975914,0.59068743288517,1.0,87.84282684326172,145.5357313156128,regular_ge32
2026-08-12T15:34:45.767,1035,unlabeled,1,0.5251132845878601,159.15268087387085,93.28993558883667,238.71526861190796,239.0240216255188,318.3053617477417,186.57987117767334,477.4305372238159,478.0480432510376,397.8679494857788,332.31395721435547,397.8679494857788,478.0480432510376,0.6216686710715293,0.6923207441965739,0.6216686710715293,0.9959334234396616,79.56258773803711,145.73408603668213,regular_ge32
2026-08-12T15:34:45.883,1036,unlabeled,1,0.45820698142051697,164.30209875106812,96.22950744628906,258.6950945854187,240.0,328.60419750213623,192.45901489257812,517.3901891708374,480.0,422.9971933364868,336.22950744628906,422.9971933364868,480.0,0.6609331145882607,0.7004781405131022,0.6609331145882607,1.0,94.39299583435059,143.77049255371094,regular_ge32
2026-08-12T15:34:45.985,1037,unlabeled,1,0.5501002073287964,177.45308113098145,102.58976125717163,263.1763858795166,238.58014726638794,354.9061622619629,205.17952251434326,526.3527717590332,477.1602945327759,440.62946701049805,341.16990852355957,440.62946701049805,477.1602945327759,0.6884835422039032,0.7107706427574157,0.6884835422039032,0.9940839469432831,85.72330474853516,135.9903860092163,regular_ge32
2026-08-12T15:34:46.100,1038,unlabeled,1,0.4916226267814636,184.28433203697205,91.47298860549927,270.0076367855072,239.11830949783325,368.5686640739441,182.94597721099854,540.0152735710144,478.2366189956665,454.29196882247925,330.5912981033325,454.29196882247925,478.2366189956665,0.7098312012851238,0.6887318710486094,0.7098312012851238,0.9963262895743052,85.72330474853516,147.64532089233398,regular_ge32
2026-08-12T15:34:46.100,1038,unlabeled,2,0.21299070119857788,63.192283272743225,0.038775086402893066,74.02553594112396,10.552523016929626,126.38456654548645,0.07755017280578613,148.05107188224792,21.105046033859253,137.2178192138672,10.59129810333252,137.2178192138672,21.105046033859253,0.21440284252166747,0.02206520438194275,0.21440284252166747,0.04396884590387344,10.833252668380737,10.513747930526733,tiny_lt16
2026-08-12T15:34:46.203,1039,unlabeled,1,0.558379590511322,192.60092306137085,94.24200201034546,268.2245354652405,236.11319208145142,385.2018461227417,188.48400402069092,536.449070930481,472.22638416290283,460.8254585266113,330.3551940917969,460.8254585266113,472.22638416290283,0.7200397789478302,0.6882399876912435,0.7200397789478302,0.9838049670060476,75.62361240386963,141.87119007110596,regular_ge32
2026-08-12T15:34:46.203,1039,unlabeled,2,0.22444185614585876,63.23715043067932,0.0,74.42669463157654,11.140016466379166,126.47430086135864,0.0,148.85338926315308,22.28003293275833,137.66384506225586,11.140016466379166,137.66384506225586,22.28003293275833,0.21509975790977479,0.02320836763828993,0.21509975790977479,0.04641673527657986,11.189544200897217,11.140016466379166,tiny_lt16
2026-08-12T15:34:46.320,1040,unlabeled,1,0.43337342143058777,194.77389240264893,88.57475757598877,278.4104051589966,239.99757289886475,389.54778480529785,177.14951515197754,556.8208103179932,479.9951457977295,473.1842975616455,328.5723304748535,473.1842975616455,479.9951457977295,0.7393504649400711,0.6845256884892782,0.7393504649400711,0.9999898870786031,83.63651275634766,151.42281532287598,regular_ge32
2026-08-12T15:34:46.320,1040,unlabeled,2,0.2549463212490082,63.4756897687912,0.22976642847061157,73.96360981464386,11.085619390010834,126.9513795375824,0.45953285694122314,147.92721962928772,22.171238780021667,137.43929958343506,11.315385818481445,137.43929958343506,22.171238780021667,0.21474890559911727,0.02357372045516968,0.21474890559911727,0.04619008079171181,10.487920045852661,10.855852961540222,tiny_lt16
2026-08-12T15:34:46.423,1041,unlabeled,1,0.4251631200313568,196.89215660095215,94.33135318756104,278.47497940063477,240.0,393.7843132019043,188.66270637512207,556.9499588012695,480.0,475.3671360015869,334.33135318756104,475.3671360015869,480.0,0.7427611500024796,0.6965236524740855,0.7427611500024796,1.0,81.58282279968262,145.66864681243896,regular_ge32
2026-08-12T15:34:46.423,1041,unlabeled,2,0.22444185614585876,63.255770564079285,0.0,73.74369060993195,10.72357553243637,126.51154112815857,0.0,147.4873812198639,21.44715106487274,136.99946117401123,10.72357553243637,136.99946117401123,21.44715106487274,0.21406165808439254,0.022340782359242438,0.21406165808439254,0.044681564718484876,10.487920045852661,10.72357553243637,tiny_lt16
2026-08-12T15:34:46.539,1042,unlabeled,1,0.4748867154121399,193.3034429550171,93.87631416320801,274.8862657546997,237.68537521362305,386.6068859100342,187.75262832641602,549.7725315093994,475.3707504272461,468.1897087097168,331.56168937683105,468.1897087097168,475.3707504272461,0.7315464198589325,0.6907535195350647,0.7315464198589325,0.9903557300567627,81.58282279968262,143.80906105041504,regular_ge32
2026-08-12T15:34:46.539,1042,unlabeled,2,0.218662291765213,63.014137506484985,0.0,74.2036817073822,10.72357553243637,126.02827501296997,0.0,148.4073634147644,21.44715106487274,137.2178192138672,10.72357553243637,137.2178192138672,21.44715106487274,0.21440284252166747,0.022340782359242438,0.21440284252166747,0.044681564718484876,11.189544200897217,10.72357553243637,tiny_lt16
2026-08-12T15:34:46.643,1043,unlabeled,1,0.4748867154121399,192.79585933685303,90.19510173797607,274.37868213653564,235.9291877746582,385.59171867370605,180.39020347595215,548.7573642730713,471.8583755493164,467.1745414733887,326.1242895126343,467.1745414733887,471.8583755493164,0.7299602210521698,0.6794256031513214,0.7299602210521698,0.9830382823944092,81.58282279968262,145.73408603668213,regular_ge32
2026-08-12T15:34:46.643,1043,unlabeled,2,0.2363237887620926,63.30302345752716,0.0,74.1362761259079,10.605523526668549,126.60604691505432,0.0,148.2725522518158,21.211047053337097,137.43929958343506,10.605523526668549,137.43929958343506,21.211047053337097,0.21474890559911727,0.022094840680559478,0.21474890559911727,0.044189681361118956,10.833252668380737,10.605523526668549,tiny_lt16
2026-08-12T15:34:46.755,1044,unlabeled,1,0.4916226267814636,183.2888593673706,91.51346254348755,273.2834711074829,240.0,366.5777187347412,183.0269250869751,546.5669422149658,480.0,456.5723304748535,331.51346254348755,456.5723304748535,480.0,0.7133942663669586,0.690653046965599,0.7133942663669586,1.0,89.9946117401123,148.48653745651245,regular_ge32
2026-08-12T15:34:46.755,1044,unlabeled,2,0.24242530763149261,63.255770564079285,0.0,73.74369060993195,10.48885864019394,126.51154112815857,0.0,147.4873812198639,20.97771728038788,136.99946117401123,10.48885864019394,136.99946117401123,20.97771728038788,0.21406165808439254,0.021851788833737375,0.21406165808439254,0.04370357766747475,10.487920045852661,10.48885864019394,tiny_lt16
2026-08-12T15:34:46.857,1045,unlabeled,1,0.5417929887771606,177.35716819763184,103.05911207199097,263.080472946167,239.04949808120728,354.7143363952637,206.11822414398193,526.160945892334,478.09899616241455,440.4376411437988,342.10861015319824,440.4376411437988,478.09899616241455,0.6881838142871857,0.7127262711524963,0.6881838142871857,0.9960395753383636,85.72330474853516,135.9903860092163,regular_ge32
2026-08-12T15:34:46.857,1045,unlabeled,2,0.218662291765213,63.53229260444641,0.0,73.68552660942078,10.434471011161804,127.06458520889282,0.0,147.37105321884155,20.86894202232361,137.2178192138672,10.434471011161804,137.2178192138672,20.86894202232361,0.21440284252166747,0.02173848127325376,0.21440284252166747,0.04347696254650752,10.153234004974365,10.434471011161804,tiny_lt16
2026-08-12T15:34:46.972,1046,unlabeled,1,0.5,180.61375522613525,97.06440496444702,262.19657802581787,238.93559503555298,361.2275104522705,194.12880992889404,524.3931560516357,477.87119007110596,442.8103332519531,336.0,442.8103332519531,477.87119007110596,0.6918911457061767,0.7,0.6918911457061767,0.995564979314804,81.58282279968262,141.87119007110596,regular_ge32
2026-08-12T15:34:46.972,1046,unlabeled,2,0.21299070119857788,63.4756897687912,0.038775086402893066,73.96360981464386,10.552523016929626,126.9513795375824,0.07755017280578613,147.92721962928772,21.105046033859253,137.43929958343506,10.59129810333252,137.43929958343506,21.105046033859253,0.21474890559911727,0.02206520438194275,0.21474890559911727,0.04396884590387344,10.487920045852661,10.513747930526733,tiny_lt16
2026-08-12T15:34:46.972,1046,unlabeled,3,0.2019716501235962,281.3439619541168,220.72030526399612,303.87385725975037,239.84848421812057,562.6879239082336,441.44061052799225,607.7477145195007,479.69696843624115,585.2178192138672,460.5687894821167,585.2178192138672,479.69696843624115,0.9144028425216675,0.9595183114210765,0.9144028425216675,0.9993686842421691,22.529895305633545,19.12817895412445,small_16_32
2026-08-12T15:34:47.075,1047,unlabeled,1,0.5,177.30019855499268,94.84602737426758,247.27213191986084,240.0,354.60039710998535,189.69205474853516,494.5442638397217,480.0,424.5723304748535,334.8460273742676,424.5723304748535,480.0,0.6633942663669586,0.6975958903630575,0.6633942663669586,1.0,69.97193336486816,145.15397262573242,regular_ge32
2026-08-12T15:34:47.075,1047,unlabeled,2,0.2549463212490082,63.41529619693756,0.0,74.2485488653183,10.48885864019394,126.83059239387512,0.0,148.4970977306366,20.97771728038788,137.66384506225586,10.48885864019394,137.66384506225586,20.97771728038788,0.21509975790977479,0.021851788833737375,0.21509975790977479,0.04370357766747475,10.833252668380737,10.48885864019394,tiny_lt16
2026-08-12T15:34:47.190,1048,unlabeled,1,0.5251132845878601,170.41951322555542,101.09356784820557,236.7962040901184,240.0,340.83902645111084,202.18713569641113,473.5924081802368,480.0,407.2157173156738,341.09356784820557,407.2157173156738,480.0,0.6362745583057403,0.7106115996837616,0.6362745583057403,1.0,66.37669086456299,138.90643215179443,regular_ge32
2026-08-12T15:34:47.190,1048,unlabeled,2,0.20742715895175934,63.4756897687912,0.038775086402893066,73.96360981464386,10.552523016929626,126.9513795375824,0.07755017280578613,147.92721962928772,21.105046033859253,137.43929958343506,10.59129810333252,137.43929958343506,21.105046033859253,0.21474890559911727,0.02206520438194275,0.21474890559911727,0.04396884590387344,10.487920045852661,10.513747930526733,tiny_lt16
2026-08-12T15:34:47.293,1049,unlabeled,1,0.4169939160346985,164.86213302612305,112.76524412631989,229.49306106567383,240.0,329.7242660522461,225.53048825263977,458.98612213134766,480.0,394.3551940917969,352.7652441263199,394.3551940917969,480.0,0.6161799907684327,0.7349275919298331,0.6161799907684327,1.0,64.63092803955078,127.23475587368011,regular_ge32
2026-08-12T15:34:47.293,1049,unlabeled,2,0.2613641023635864,63.36494958400726,0.0,73.85286962985992,11.01931944489479,126.72989916801453,0.0,147.70573925971985,22.03863888978958,137.2178192138672,11.01931944489479,137.2178192138672,22.03863888978958,0.21440284252166747,0.02295691551019748,0.21440284252166747,0.04591383102039496,10.487920045852661,11.01931944489479,tiny_lt16
2026-08-12T15:34:47.409,1050,unlabeled,1,0.5251132845878601,156.0829038619995,106.67801713943481,217.32579898834229,240.0,312.165807723999,213.35603427886963,434.65159797668457,480.0,373.4087028503418,346.6780171394348,373.4087028503418,480.0,0.583451098203659,0.7222458690404892,0.583451098203659,1.0,61.24289512634277,133.32198286056519,regular_ge32
2026-08-12T15:34:47.409,1050,unlabeled,2,0.24242530763149261,63.30302345752716,0.0,74.1362761259079,11.01931944489479,126.60604691505432,0.0,148.2725522518158,22.03863888978958,137.43929958343506,11.01931944489479,137.43929958343506,22.03863888978958,0.21474890559911727,0.02295691551019748,0.21474890559911727,0.04591383102039496,10.833252668380737,11.01931944489479,tiny_lt16
2026-08-12T15:34:47.511,1051,unlabeled,1,0.5083773732185364,151.47413063049316,107.46517562866211,214.39381885528564,239.48922538757324,302.9482612609863,214.93035125732422,428.7876377105713,478.9784507751465,365.8679494857788,346.95440101623535,365.8679494857788,478.9784507751465,0.5716686710715294,0.7228216687838237,0.5716686710715294,0.9978717724482219,62.91968822479248,132.02404975891113,regular_ge32
2026-08-12T15:34:47.511,1051,unlabeled,2,0.31630825996398926,63.4756897687912,0.0,73.96360981464386,10.899922281503677,126.9513795375824,0.0,147.92721962928772,21.799844563007355,137.43929958343506,10.899922281503677,137.43929958343506,21.799844563007355,0.21474890559911727,0.022708171419799326,0.21474890559911727,0.04541634283959865,10.487920045852661,10.899922281503677,tiny_lt16
2026-08-12T15:34:47.628,1052,unlabeled,1,0.32359981536865234,137.42296314239502,109.38967084884644,207.39489650726318,237.4206624031067,274.84592628479004,218.77934169769287,414.78979301452637,474.8413248062134,344.8178596496582,346.8103332519531,344.8178596496582,474.8413248062134,0.538777905702591,0.7225215276082356,0.538777905702591,0.9892527600129445,69.97193336486816,128.03099155426025,regular_ge32
2026-08-12T15:34:47.628,1052,unlabeled,2,0.30910593271255493,63.37172055244446,0.0,73.20060992240906,11.201106607913971,126.74344110488892,0.0,146.40121984481812,22.402213215827942,136.57233047485352,11.201106607913971,136.57233047485352,22.402213215827942,0.21339426636695863,0.02333563876648744,0.21339426636695863,0.04667127753297488,9.8288893699646,11.201106607913971,tiny_lt16
2026-08-12T15:34:47.734,1053,unlabeled,1,0.4169939160346985,127.13388872146606,119.59106969833374,202.7575011253357,239.59106969833374,254.26777744293213,239.18213939666748,405.5150022506714,479.1821393966675,329.89138984680176,359.1821393966675,329.89138984680176,479.1821393966675,0.5154552966356277,0.7482961237430572,0.5154552966356277,0.9982961237430572,75.62361240386963,120.0,regular_ge32
2026-08-12T15:34:47.734,1053,unlabeled,2,0.20742715895175934,63.23715043067932,0.15817224979400635,74.42669463157654,10.67192018032074,126.47430086135864,0.3163444995880127,148.85338926315308,21.34384036064148,137.66384506225586,10.830092430114746,137.66384506225586,21.34384036064148,0.21509975790977479,0.022562692562739056,0.21509975790977479,0.04446633408466975,11.189544200897217,10.513747930526733,tiny_lt16
2026-08-12T15:34:47.850,1054,unlabeled,1,0.39277467131614685,125.59973859786987,109.38967084884644,199.30505895614624,237.4206624031067,251.19947719573975,218.77934169769287,398.6101179122925,474.8413248062134,324.9047975540161,346.8103332519531,324.9047975540161,474.8413248062134,0.5076637461781501,0.7225215276082356,0.5076637461781501,0.9892527600129445,73.70532035827637,128.03099155426025,regular_ge32
2026-08-12T15:34:47.850,1054,unlabeled,2,0.23032912611961365,63.35092282295227,0.0,74.54046702384949,10.434471011161804,126.70184564590454,0.0,149.08093404769897,20.86894202232361,137.89138984680176,10.434471011161804,137.89138984680176,20.86894202232361,0.21545529663562774,0.02173848127325376,0.21545529663562774,0.04347696254650752,11.189544200897217,10.434471011161804,tiny_lt16
2026-08-12T15:34:47.952,1055,unlabeled,1,0.5251132845878601,128.33286786079407,104.31954050064087,198.30480122566223,240.0,256.66573572158813,208.63908100128174,396.60960245132446,480.0,326.6376690864563,344.31954050064087,326.6376690864563,480.0,0.5103713579475879,0.7173323760430018,0.5103713579475879,1.0,69.97193336486816,135.68045949935913,regular_ge32
2026-08-12T15:34:47.952,1055,unlabeled,2,0.24863308668136597,63.36494958400726,0.0,73.85286962985992,10.605523526668549,126.72989916801453,0.0,147.70573925971985,21.211047053337097,137.2178192138672,10.605523526668549,137.2178192138672,21.211047053337097,0.21440284252166747,0.022094840680559478,0.21440284252166747,0.044189681361118956,10.487920045852661,10.605523526668549,tiny_lt16
2026-08-12T15:34:48.068,1056,unlabeled,1,0.3848111629486084,121.2770025730133,107.16708374023438,200.83959031105042,239.1911334991455,242.5540051460266,214.33416748046875,401.67918062210083,478.382266998291,322.1165928840637,346.3582172393799,322.1165928840637,478.382266998291,0.5033071763813496,0.7215796192487081,0.5033071763813496,0.9966297229131063,79.56258773803711,132.02404975891113,regular_ge32
2026-08-12T15:34:48.068,1056,unlabeled,2,0.26788532733917236,63.30302345752716,0.0,74.1362761259079,11.321803629398346,126.60604691505432,0.0,148.2725522518158,22.643607258796692,137.43929958343506,11.321803629398346,137.43929958343506,22.643607258796692,0.21474890559911727,0.023587090894579887,0.21474890559911727,0.047174181789159775,10.833252668380737,11.321803629398346,tiny_lt16
2026-08-12T15:34:48.171,1057,unlabeled,1,0.4916226267814636,116.71221971511841,117.86880040168762,194.28831815719604,240.0,233.42443943023682,235.73760080337524,388.5766363143921,480.0,311.00053787231445,357.8688004016876,311.00053787231445,480.0,0.48593834042549133,0.7455600008368493,0.48593834042549133,1.0,77.57609844207764,122.13119959831238,regular_ge32
2026-08-12T15:34:48.171,1057,unlabeled,2,0.2613641023635864,63.5879625082016,0.0,74.07588255405426,10.781870275735855,127.1759250164032,0.0,148.15176510810852,21.56374055147171,137.66384506225586,10.781870275735855,137.66384506225586,21.56374055147171,0.21509975790977479,0.022462229741116366,0.21509975790977479,0.04492445948223273,10.487920045852661,10.781870275735855,tiny_lt16
2026-08-12T15:34:48.287,1058,unlabeled,1,0.5167500376701355,116.20588254928589,113.5165331363678,184.3629069328308,240.0,232.41176509857178,227.0330662727356,368.7258138656616,480.0,300.5687894821167,353.5165331363678,300.5687894821167,480.0,0.4696387335658073,0.7364927773674329,0.4696387335658073,1.0,68.15702438354492,126.4834668636322,regular_ge32
2026-08-12T15:34:48.287,1058,unlabeled,2,0.2549463212490082,63.5879625082016,0.0,74.07588255405426,10.605523526668549,127.1759250164032,0.0,148.15176510810852,21.211047053337097,137.66384506225586,10.605523526668549,137.66384506225586,21.211047053337097,0.21509975790977479,0.022094840680559478,0.21509975790977479,0.044189681361118956,10.487920045852661,10.605523526668549,tiny_lt16
2026-08-12T15:34:48.389,1059,unlabeled,1,0.5334624648094177,100.72010898590088,104.19867944717407,180.282696723938,240.0,201.44021797180176,208.39735889434814,360.565393447876,480.0,281.00280570983887,344.1986794471741,281.00280570983887,480.0,0.43906688392162324,0.7170805821816126,0.43906688392162324,1.0,79.56258773803711,135.80132055282593,regular_ge32
2026-08-12T15:34:48.389,1059,unlabeled,2,0.22444185614585876,63.35092282295227,0.0,74.54046702384949,10.48885864019394,126.70184564590454,0.0,149.08093404769897,20.97771728038788,137.89138984680176,10.48885864019394,137.89138984680176,20.97771728038788,0.21545529663562774,0.021851788833737375,0.21545529663562774,0.04370357766747475,11.189544200897217,10.48885864019394,tiny_lt16
2026-08-12T15:34:48.506,1060,unlabeled,1,0.5083773732185364,86.39501786231995,104.31954050064087,174.23784470558167,240.0,172.7900357246399,208.63908100128174,348.47568941116333,480.0,260.6328625679016,344.31954050064087,260.6328625679016,480.0,0.40723884776234626,0.7173323760430018,0.40723884776234626,1.0,87.84282684326172,135.68045949935913,regular_ge32
2026-08-12T15:34:48.506,1060,unlabeled,2,0.24863308668136597,63.41529619693756,0.0,74.2485488653183,10.605523526668549,126.83059239387512,0.0,148.4970977306366,21.211047053337097,137.66384506225586,10.605523526668549,137.66384506225586,21.211047053337097,0.21509975790977479,0.022094840680559478,0.21509975790977479,0.044189681361118956,10.833252668380737,10.605523526668549,tiny_lt16
2026-08-12T15:34:48.506,1060,unlabeled,3,0.218662291765213,284.2030118703842,221.5818321108818,302.8684746026993,238.47925359010696,568.4060237407684,443.1636642217636,605.7369492053986,476.9585071802139,587.0714864730835,460.06108570098877,587.0714864730835,476.9585071802139,0.917299197614193,0.9584605952103933,0.917299197614193,0.9936635566254457,18.665462732315063,16.89742147922516,small_16_32
2026-08-12T15:34:48.609,1061,unlabeled,1,0.36130279302597046,86.31234502792358,109.46170473098755,163.88844347000122,237.4926962852478,172.62469005584717,218.9234094619751,327.77688694000244,474.9853925704956,250.2007884979248,346.95440101623535,250.2007884979248,474.9853925704956,0.3909387320280075,0.7228216687838237,0.3909387320280075,0.9895529011885326,77.57609844207764,128.03099155426025,regular_ge32
2026-08-12T15:34:48.609,1061,unlabeled,2,0.2019716501235962,63.167136669158936,0.0,74.72425317764282,10.088796496391296,126.33427333831787,0.0,149.44850635528564,20.177592992782593,137.89138984680176,10.088796496391296,137.89138984680176,20.177592992782593,0.21545529663562774,0.021018326034148535,0.21545529663562774,0.04203665206829707,11.557116508483887,10.088796496391296,tiny_lt16
2026-08-12T15:34:48.725,1062,unlabeled,1,0.5501002073287964,81.68926000595093,103.81685209274292,155.3945803642273,237.8279538154602,163.37852001190186,207.63370418548584,310.7891607284546,475.6559076309204,237.08384037017822,341.6448059082031,237.08384037017822,475.6559076309204,0.3704435005784035,0.7117600123087565,0.3704435005784035,0.9909498075644175,73.70532035827637,134.01110172271729,regular_ge32
2026-08-12T15:34:48.725,1062,unlabeled,2,0.24863308668136597,63.36494958400726,0.0,73.85286962985992,10.781870275735855,126.72989916801453,0.0,147.70573925971985,21.56374055147171,137.2178192138672,10.781870275735855,137.2178192138672,21.56374055147171,0.21440284252166747,0.022462229741116366,0.21440284252166747,0.04492445948223273,10.487920045852661,10.781870275735855,tiny_lt16
2026-08-12T15:34:48.828,1063,unlabeled,1,0.40887001156806946,55.69174861907959,97.1984429359436,147.86994075775146,239.06963300704956,111.38349723815918,194.3968858718872,295.73988151550293,478.1392660140991,203.56168937683105,336.26807594299316,203.56168937683105,478.1392660140991,0.3180651396512985,0.7005584915479024,0.3180651396512985,0.9961234708627065,92.17819213867188,141.87119007110596,regular_ge32
2026-08-12T15:34:48.828,1063,unlabeled,2,0.24242530763149261,63.08310425281525,0.0,73.91635692119598,11.50917962193489,126.1662085056305,0.0,147.83271384239197,23.01835924386978,136.99946117401123,11.50917962193489,136.99946117401123,23.01835924386978,0.21406165808439254,0.02397745754569769,0.21406165808439254,0.04795491509139538,10.833252668380737,11.50917962193489,tiny_lt16
2026-08-12T15:34:48.828,1063,unlabeled,3,0.21299070119857788,282.64019799232483,218.85640281438828,305.1700932979584,238.58289676904678,565.2803959846497,437.71280562877655,610.3401865959167,477.16579353809357,587.8102912902832,457.43929958343506,587.8102912902832,477.16579353809357,0.9184535801410675,0.9529985407988231,0.9184535801410675,0.9940954032043616,22.529895305633545,19.72649395465851,small_16_32
2026-08-12T15:34:48.943,1064,unlabeled,1,0.36130279302597046,45.30490493774414,100.13411712646484,139.69790077209473,240.0,90.60980987548828,200.2682342529297,279.39580154418945,480.0,185.00280570983887,340.13411712646484,185.00280570983887,480.0,0.2890668839216232,0.7086127440134684,0.2890668839216232,1.0,94.39299583435059,139.86588287353516,regular_ge32
2026-08-12T15:34:49.046,1065,unlabeled,1,0.34598395228385925,43.398736000061035,98.30726337432861,120.97483444213867,238.22873783111572,86.79747200012207,196.61452674865723,241.94966888427734,476.45747566223145,164.3735704421997,336.53600120544434,164.3735704421997,476.45747566223145,0.25683370381593706,0.7011166691780091,0.25683370381593706,0.9926197409629822,77.57609844207764,139.9214744567871,regular_ge32
2026-08-12T15:34:49.046,1065,unlabeled,2,0.23032912611961365,62.863773822784424,0.0,74.80007123947144,11.140016466379166,125.72754764556885,0.0,149.60014247894287,22.28003293275833,137.66384506225586,11.140016466379166,137.66384506225586,22.28003293275833,0.21509975790977479,0.02320836763828993,0.21509975790977479,0.04641673527657986,11.936297416687012,11.140016466379166,tiny_lt16
2026-08-12T15:34:49.161,1066,unlabeled,1,0.5,24.687496185302734,93.28993558883667,112.53032302856445,239.0240216255188,49.37499237060547,186.57987117767334,225.0606460571289,478.0480432510376,137.2178192138672,332.31395721435547,137.2178192138672,478.0480432510376,0.21440284252166747,0.6923207441965739,0.21440284252166747,0.9959334234396616,87.84282684326172,145.73408603668213,regular_ge32
2026-08-12T15:34:49.161,1066,unlabeled,2,0.20742715895175934,63.12487769126892,0.15817224979400635,74.31442189216614,10.67192018032074,126.24975538253784,0.3163444995880127,148.62884378433228,21.34384036064148,137.43929958343506,10.830092430114746,137.43929958343506,21.34384036064148,0.21474890559911727,0.022562692562739056,0.21474890559911727,0.04446633408466975,11.189544200897217,10.513747930526733,tiny_lt16
2026-08-12T15:34:49.265,1067,unlabeled,1,0.3848111629486084,23.08183526992798,90.06099033355713,113.07644701004028,239.60285472869873,46.16367053985596,180.12198066711426,226.15289402008057,479.20570945739746,136.15828227996826,329.66384506225586,136.15828227996826,479.20570945739746,0.2127473160624504,0.686799677213033,0.2127473160624504,0.9983452280362447,89.9946117401123,149.5418643951416,regular_ge32
2026-08-12T15:34:49.265,1067,unlabeled,2,0.24242530763149261,63.23715043067932,0.053419679403305054,74.42669463157654,11.26196613907814,126.47430086135864,0.10683935880661011,148.85338926315308,22.52393227815628,137.66384506225586,11.315385818481445,137.66384506225586,22.52393227815628,0.21509975790977479,0.02357372045516968,0.21509975790977479,0.046924858912825586,11.189544200897217,11.208546459674835,tiny_lt16
2026-08-12T15:34:49.265,1067,unlabeled,3,0.2019716501235962,283.6639997959137,221.08703249692917,302.9272983074188,237.98445397615433,567.3279995918274,442.17406499385834,605.8545966148376,475.96890795230865,586.5912981033325,459.0714864730835,586.5912981033325,475.96890795230865,0.9165489032864571,0.9563989301522573,0.9165489032864571,0.9916018915673097,19.263298511505127,16.89742147922516,small_16_32
2026-08-12T15:34:49.380,1068,unlabeled,1,0.45820698142051697,14.225680828094482,95.8016448020935,127.37953901290894,240.0,28.451361656188965,191.603289604187,254.75907802581787,480.0,141.60521984100342,335.8016448020935,141.60521984100342,480.0,0.22125815600156784,0.6995867600043615,0.22125815600156784,1.0,113.15385818481445,144.1983551979065,regular_ge32
2026-08-12T15:34:49.380,1068,unlabeled,2,0.23032912611961365,62.83035135269165,0.053419679403305054,74.38746786117554,11.26196613907814,125.6607027053833,0.10683935880661011,148.77493572235107,22.52393227815628,137.2178192138672,11.315385818481445,137.2178192138672,22.52393227815628,0.21440284252166747,0.02357372045516968,0.21440284252166747,0.046924858912825586,11.557116508483887,11.208546459674835,tiny_lt16
2026-08-12T15:34:49.380,1068,unlabeled,3,0.218662291765213,284.13506400585175,220.79032862186432,302.22013008594513,238.77136075496674,568.2701280117035,441.58065724372864,604.4402601718903,477.5427215099335,586.3551940917969,459.56168937683105,586.3551940917969,477.5427215099335,0.9161799907684326,0.9574201862017314,0.9161799907684326,0.9948806698123615,18.085066080093384,17.981032133102417,small_16_32
2026-08-12T15:34:49.483,1069,unlabeled,1,0.39277467131614685,16.7766056060791,94.89807939529419,127.49147033691406,238.70714044570923,33.5532112121582,189.79615879058838,254.98294067382812,477.41428089141846,144.26807594299316,333.6052198410034,144.26807594299316,477.41428089141846,0.2254188686609268,0.6950108746687571,0.2254188686609268,0.9946130851904551,110.71486473083496,143.80906105041504,regular_ge32
2026-08-12T15:34:49.483,1069,unlabeled,2,0.22444185614585876,284.07108759880066,221.08703249692917,301.5927574634552,237.98445397615433,568.1421751976013,442.17406499385834,603.1855149269104,475.96890795230865,585.6638450622559,459.0714864730835,585.6638450622559,475.96890795230865,0.9150997579097748,0.9563989301522573,0.9150997579097748,0.9916018915673097,17.52166986465454,16.89742147922516,small_16_32
2026-08-12T15:34:49.599,1070,unlabeled,1,0.39277467131614685,25.674596786499023,93.67331457138062,115.66920852661133,235.54450464248657,51.34919357299805,187.34662914276123,231.33841705322266,471.08900928497314,141.34380531311035,329.2178192138672,141.34380531311035,471.08900928497314,0.2208496958017349,0.6858704566955567,0.2208496958017349,0.9814354360103608,89.9946117401123,141.87119007110596,regular_ge32
2026-08-12T15:34:49.599,1070,unlabeled,2,0.218662291765213,62.863773822784424,0.10781675577163696,74.80007123947144,10.96366971731186,125.72754764556885,0.21563351154327393,149.60014247894287,21.92733943462372,137.66384506225586,11.071486473083496,137.66384506225586,21.92733943462372,0.21509975790977479,0.02306559681892395,0.21509975790977479,0.04568195715546608,11.936297416687012,10.855852961540222,tiny_lt16
2026-08-12T15:34:49.599,1070,unlabeled,3,0.21299070119857788,283.20027327537537,220.46186345815659,302.4635717868805,237.8933306336403,566.4005465507507,440.92372691631317,604.927143573761,475.7866612672806,585.6638450622559,458.3551940917969,585.6638450622559,475.7866612672806,0.9150997579097748,0.9549066543579101,0.9150997579097748,0.9912222109735012,19.263298511505127,17.431467175483704,small_16_32
2026-08-12T15:34:49.704,1071,unlabeled,1,0.441620409488678,35.15777397155762,94.42742204666138,114.72036170959473,232.38828039169312,70.31554794311523,188.85484409332275,229.44072341918945,464.77656078338623,149.87813568115234,326.8157024383545,149.87813568115234,464.77656078338623,0.23418458700180053,0.6808660467465718,0.23418458700180053,0.9682845016320546,79.56258773803711,137.96085834503174,regular_ge32
2026-08-12T15:34:49.704,1071,unlabeled,2,0.22444185614585876,62.72117233276367,0.0,74.27828884124756,10.665205389261246,125.44234466552734,0.0,148.55657768249512,21.33041077852249,136.99946117401123,10.665205389261246,136.99946117401123,21.33041077852249,0.21406165808439254,0.022219177894294263,0.21406165808439254,0.04443835578858853,11.557116508483887,10.665205389261246,tiny_lt16
2026-08-12T15:34:49.704,1071,unlabeled,3,0.20742715895175934,283.27617824077606,222.2231919169426,301.9416409730911,239.12061339616776,566.5523564815521,444.4463838338852,603.8832819461823,478.2412267923355,585.2178192138672,461.34380531311035,585.2178192138672,478.2412267923355,0.9144028425216675,0.9611329277356465,0.9144028425216675,0.9963358891506989,18.665462732315063,16.89742147922516,small_16_32
2026-08-12T15:34:49.820,1072,unlabeled,1,0.5083773732185364,45.03659105300903,104.50620985031128,118.7419114112854,240.0,90.07318210601807,209.01241970062256,237.4838228225708,480.0,163.77850246429443,344.5062098503113,163.77850246429443,480.0,0.25590391010046004,0.7177212705214818,0.25590391010046004,1.0,73.70532035827637,135.49379014968872,regular_ge32
2026-08-12T15:34:49.820,1072,unlabeled,2,0.2019716501235962,62.90495848655701,0.0,74.09450268745422,10.781870275735855,125.80991697311401,0.0,148.18900537490845,21.56374055147171,136.99946117401123,10.781870275735855,136.99946117401123,21.56374055147171,0.21406165808439254,0.022462229741116366,0.21406165808439254,0.04492445948223273,11.189544200897217,10.781870275735855,tiny_lt16
2026-08-12T15:34:49.922,1073,unlabeled,1,0.5666266083717346,54.21006441116333,102.58976125717163,129.83367681503296,238.58014726638794,108.42012882232666,205.17952251434326,259.6673536300659,477.1602945327759,184.0437412261963,341.16990852355957,184.0437412261963,477.1602945327759,0.2875683456659317,0.7107706427574157,0.2875683456659317,0.9940839469432831,75.62361240386963,135.9903860092163,regular_ge32
2026-08-12T15:34:49.922,1073,unlabeled,2,0.2019716501235962,284.01839911937714,222.61721581220627,302.1034651994705,239.51463729143143,568.0367982387543,445.23443162441254,604.206930398941,479.02927458286285,586.1218643188477,462.1318531036377,586.1218643188477,479.02927458286285,0.9158154129981995,0.9627746939659119,0.9158154129981995,0.9979776553809643,18.085066080093384,16.89742147922516,small_16_32
2026-08-12T15:34:50.038,1074,unlabeled,1,0.4916226267814636,51.78352332115173,93.64193916320801,146.17651915550232,240.0,103.56704664230347,187.28387832641602,292.35303831100464,480.0,197.96004247665405,333.641939163208,197.96004247665405,480.0,0.30931256636977195,0.6950873732566833,0.30931256636977195,1.0,94.39299583435059,146.358060836792,regular_ge32
2026-08-12T15:34:50.140,1075,unlabeled,1,0.5083773732185364,52.49203014373779,98.17330074310303,156.04397106170654,238.09477519989014,104.98406028747559,196.34660148620605,312.0879421234131,476.1895503997803,208.53600120544434,336.26807594299316,208.53600120544434,476.1895503997803,0.3258375018835068,0.7005584915479024,0.3258375018835068,0.9920615633328755,103.55194091796875,139.9214744567871,regular_ge32
2026-08-12T15:34:50.256,1076,unlabeled,1,0.4169939160346985,62.048044204711914,107.80118942260742,149.89087104797363,239.82523918151855,124.09608840942383,215.60237884521484,299.78174209594727,479.6504783630371,211.93891525268555,347.626428604126,211.93891525268555,479.6504783630371,0.33115455508232117,0.7242217262585958,0.33115455508232117,0.999271829922994,87.84282684326172,132.02404975891113,regular_ge32
2026-08-12T15:34:50.256,1076,unlabeled,2,0.21299070119857788,63.014137506484985,0.0,74.2036817073822,10.48885864019394,126.02827501296997,0.0,148.4073634147644,20.97771728038788,137.2178192138672,10.48885864019394,137.2178192138672,20.97771728038788,0.21440284252166747,0.021851788833737375,0.21440284252166747,0.04370357766747475,11.189544200897217,10.48885864019394,tiny_lt16
2026-08-12T15:34:50.359,1077,unlabeled,1,0.441620409488678,95.86698961257935,105.10520124435425,169.5723099708557,240.0,191.7339792251587,210.2104024887085,339.1446199417114,480.0,265.43929958343506,345.10520124435425,265.43929958343506,480.0,0.41474890559911726,0.7189691692590714,0.41474890559911726,1.0,73.70532035827637,134.89479875564575,regular_ge32
2026-08-12T15:34:50.474,1078,unlabeled,1,0.4748867154121399,105.42175674438477,100.47765016555786,173.5787811279297,238.4385085105896,210.84351348876953,200.95530033111572,347.1575622558594,476.8770170211792,279.00053787231445,338.91615867614746,279.00053787231445,476.8770170211792,0.43593834042549134,0.7060753305753072,0.43593834042549134,0.99349378546079,68.15702438354492,137.96085834503174,regular_ge32
2026-08-12T15:34:50.577,1079,unlabeled,1,0.45820698142051697,104.97579288482666,104.7732605934143,173.13281726837158,240.0,209.95158576965332,209.5465211868286,346.26563453674316,480.0,278.10861015319824,344.7732605934143,278.10861015319824,480.0,0.43454470336437223,0.7182776262362798,0.43454470336437223,1.0,68.15702438354492,135.2267394065857,regular_ge32
2026-08-12T15:34:50.698,1080,unlabeled,1,0.37690892815589905,106.20274591445923,108.60122585296631,172.57943677902222,238.63154315948486,212.40549182891846,217.20245170593262,345.15887355804443,477.2630863189697,278.78218269348145,347.2327690124512,278.78218269348145,477.2630863189697,0.4355971604585648,0.7234016021092733,0.4355971604585648,0.9942980964978536,66.37669086456299,130.03031730651855,regular_ge32
2026-08-12T15:34:50.698,1080,unlabeled,2,0.20742715895175934,63.014137506484985,0.0,74.2036817073822,10.37362140417099,126.02827501296997,0.0,148.4073634147644,20.74724280834198,137.2178192138672,10.37362140417099,137.2178192138672,20.74724280834198,0.21440284252166747,0.02161171125868956,0.21440284252166747,0.04322342251737912,11.189544200897217,10.37362140417099,tiny_lt16
2026-08-12T15:34:50.698,1080,unlabeled,3,0.20742715895175934,282.97726035118103,221.06511110067368,302.24055886268616,238.49657827615738,565.9545207023621,442.13022220134735,604.4811177253723,476.99315655231476,585.2178192138672,459.56168937683105,585.2178192138672,476.99315655231476,0.9144028425216675,0.9574201862017314,0.9144028425216675,0.9937357428173225,19.263298511505127,17.431467175483704,small_16_32
2026-08-12T15:34:50.801,1081,unlabeled,1,0.39277467131614685,109.4977502822876,104.11996507644653,174.12867832183838,240.0,218.9955005645752,208.23993015289307,348.25735664367676,480.0,283.626428604126,344.11996507644653,283.626428604126,480.0,0.44316629469394686,0.7169165939092637,0.44316629469394686,1.0,64.63092803955078,135.88003492355347,regular_ge32
2026-08-12T15:34:50.916,1082,unlabeled,1,0.5748369097709656,122.73593187332153,95.4009575843811,180.72806596755981,240.0,245.47186374664307,190.8019151687622,361.45613193511963,480.0,303.46399784088135,335.4009575843811,303.46399784088135,480.0,0.4741624966263771,0.6987519949674607,0.4741624966263771,1.0,57.99213409423828,144.5990424156189,regular_ge32
2026-08-12T15:34:51.019,1083,unlabeled,1,0.4832499325275421,122.36298131942749,100.25841903686523,210.2058081626892,240.0,244.72596263885498,200.51683807373047,420.4116163253784,480.0,332.5687894821167,340.25841903686523,332.5687894821167,480.0,0.5196387335658074,0.7088717063268025,0.5196387335658074,1.0,87.84282684326172,139.74158096313477,regular_ge32
2026-08-12T15:34:51.135,1084,unlabeled,1,0.441620409488678,132.9038429260254,104.41373682022095,241.20476722717285,240.0,265.8076858520508,208.8274736404419,482.4095344543457,480.0,374.10861015319824,344.41373682022095,374.10861015319824,480.0,0.5845447033643723,0.7175286183754603,0.5845447033643723,1.0,108.30092430114746,135.58626317977905,regular_ge32
2026-08-12T15:34:51.240,1085,unlabeled,1,0.43337342143058777,125.37487316131592,94.19888353347778,251.0627679824829,239.9329695701599,250.74974632263184,188.39776706695557,502.1255359649658,479.8659391403198,376.4376411437988,334.1318531036377,376.4376411437988,479.8659391403198,0.5881838142871857,0.6961080272992451,0.5881838142871857,0.9997207065423329,125.68789482116699,145.73408603668213,regular_ge32
2026-08-12T15:34:51.361,1086,unlabeled,1,0.3848111629486084,110.03807258605957,93.27306652069092,233.17764472961426,237.08212757110596,220.07614517211914,186.54613304138184,466.3552894592285,474.1642551422119,343.2157173156738,330.3551940917969,343.2157173156738,474.1642551422119,0.5362745583057403,0.6882399876912435,0.5362745583057403,0.9878421982129415,123.13957214355469,143.80906105041504,regular_ge32
2026-08-12T15:34:51.464,1087,unlabeled,1,0.45820698142051697,124.60428237915039,96.22950744628906,240.22117614746094,240.0,249.20856475830078,192.45901489257812,480.4423522949219,480.0,364.8254585266113,336.22950744628906,364.8254585266113,480.0,0.5700397789478302,0.7004781405131022,0.5700397789478302,1.0,115.61689376831055,143.77049255371094,regular_ge32
2026-08-12T15:34:51.580,1088,unlabeled,1,0.45820698142051697,133.98271536827087,94.86495590209961,223.97732710838318,240.0,267.96543073654175,189.72991180419922,447.95465421676636,480.0,357.96004247665405,334.8649559020996,357.96004247665405,480.0,0.559312566369772,0.6976353247960408,0.559312566369772,1.0,89.9946117401123,145.1350440979004,regular_ge32
2026-08-12T15:34:51.580,1088,unlabeled,2,0.218662291765213,283.03660809993744,222.73467934131622,301.1216741800308,238.60912597179413,566.0732161998749,445.46935868263245,602.2433483600616,477.21825194358826,584.1582822799683,461.34380531311035,584.1582822799683,477.21825194358826,0.9127473160624504,0.9611329277356465,0.9127473160624504,0.9942046915491421,18.085066080093384,15.874446630477905,tiny_lt16
2026-08-12T15:34:51.686,1089,unlabeled,1,0.4251631200313568,138.31594467163086,89.87682342529297,224.03924942016602,235.6109094619751,276.6318893432617,179.75364685058594,448.07849884033203,471.2218189239502,362.3551940917969,325.48773288726807,362.3551940917969,471.2218189239502,0.5661799907684326,0.6780994435151418,0.5661799907684326,0.9817121227582296,85.72330474853516,145.73408603668213,regular_ge32
2026-08-12T15:34:51.809,1090,unlabeled,1,0.4169939160346985,151.7374768257141,98.30726337432861,246.1304726600647,238.22873783111572,303.4749536514282,196.61452674865723,492.2609453201294,476.45747566223145,397.8679494857788,336.53600120544434,397.8679494857788,476.45747566223145,0.6216686710715293,0.7011166691780091,0.6216686710715293,0.9926197409629822,94.39299583435059,139.9214744567871,regular_ge32
2026-08-12T15:34:51.809,1090,unlabeled,2,0.22444185614585876,16.662635803222656,215.64843720197678,57.92866230010986,240.0,33.32527160644531,431.29687440395355,115.85732460021973,480.0,74.59129810333252,455.6484372019768,74.59129810333252,480.0,0.11654890328645706,0.9492675775041183,0.11654890328645706,1.0,41.26602649688721,24.351562798023224,small_16_32
2026-08-12T15:34:51.912,1091,unlabeled,1,0.4169939160346985,173.4977502822876,103.95742654800415,238.12867832183838,240.0,346.9955005645752,207.9148530960083,476.25735664367676,480.0,411.626428604126,343.95742654800415,411.626428604126,480.0,0.6431662946939468,0.7165779719750086,0.6431662946939468,1.0,64.63092803955078,136.04257345199585,regular_ge32
2026-08-12T15:34:52.029,1092,unlabeled,1,0.5666266083717346,170.52548933029175,103.39589834213257,236.90218019485474,239.38628435134888,341.0509786605835,206.79179668426514,473.8043603897095,478.77256870269775,407.4276695251465,342.78218269348145,407.4276695251465,478.77256870269775,0.6366057336330414,0.7141295472780863,0.6366057336330414,0.9974428514639536,66.37669086456299,135.9903860092163,regular_ge32
2026-08-12T15:34:52.029,1092,unlabeled,2,0.27450883388519287,63.13193690776825,1.031843900680542,75.45936119556427,13.364948511123657,126.2638738155365,2.063687801361084,150.91872239112854,26.729897022247314,138.59129810333252,14.3967924118042,138.59129810333252,26.729897022247314,0.21654890328645707,0.02999331752459208,0.21654890328645707,0.05568728546301524,12.32742428779602,12.333104610443115,tiny_lt16
2026-08-12T15:34:52.132,1093,unlabeled,1,0.5501002073287964,178.8624186515808,102.29992151260376,232.2327847480774,240.0,357.7248373031616,204.59984302520752,464.4655694961548,480.0,411.0952033996582,342.29992151260376,411.0952033996582,480.0,0.6423362553119659,0.7131248364845911,0.6423362553119659,1.0,53.37036609649658,137.70007848739624,regular_ge32
2026-08-12T15:34:52.132,1093,unlabeled,2,0.26788532733917236,64.53835558891296,0.11908525228500366,74.05294251441956,11.6912060379982,129.07671117782593,0.23817050457000732,148.1058850288391,23.3824120759964,138.59129810333252,11.810291290283203,138.59129810333252,23.3824120759964,0.21654890328645707,0.02460477352142334,0.21654890328645707,0.04871335849165916,9.514586925506592,11.572120785713196,tiny_lt16
2026-08-12T15:34:52.249,1094,unlabeled,1,0.5334624648094177,169.63405752182007,106.93114805221558,236.01074838638306,240.0,339.26811504364014,213.86229610443115,472.0214967727661,480.0,405.6448059082031,346.9311480522156,405.6448059082031,480.0,0.6338200092315673,0.7227732251087825,0.6338200092315673,1.0,66.37669086456299,133.06885194778442,regular_ge32
2026-08-12T15:34:52.249,1094,unlabeled,2,0.218662291765213,63.41529619693756,0.40081894397735596,74.2485488653183,10.91456687450409,126.83059239387512,0.8016378879547119,148.4970977306366,21.82913374900818,137.66384506225586,11.315385818481445,137.66384506225586,21.82913374900818,0.21509975790977479,0.02357372045516968,0.21509975790977479,0.045477361977100374,10.833252668380737,10.513747930526733,tiny_lt16
2026-08-12T15:34:52.352,1095,unlabeled,1,0.5,167.6148338317871,107.80118942260742,227.21525859832764,239.82523918151855,335.2296676635742,215.60237884521484,454.4305171966553,479.6504783630371,394.83009243011475,347.626428604126,394.83009243011475,479.6504783630371,0.6169220194220543,0.7242217262585958,0.6169220194220543,0.999271829922994,59.60042476654053,132.02404975891113,regular_ge32
2026-08-12T15:34:52.466,1096,unlabeled,1,0.4748867154121399,154.5136365890503,103.05911207199097,222.67066097259521,239.04949808120728,309.0272731781006,206.11822414398193,445.34132194519043,478.09899616241455,377.1842975616455,342.10861015319824,377.1842975616455,478.09899616241455,0.5893504649400712,0.7127262711524963,0.5893504649400712,0.9960395753383636,68.15702438354492,135.9903860092163,regular_ge32
2026-08-12T15:34:52.569,1097,unlabeled,1,0.4665374755859375,126.58355617523193,105.80614948272705,210.2200689315796,237.83019924163818,253.16711235046387,211.6122989654541,420.4401378631592,475.66039848327637,336.8036251068115,343.63634872436523,336.8036251068115,475.66039848327637,0.526255664229393,0.7159090598424276,0.526255664229393,0.9909591635068258,83.63651275634766,132.02404975891113,regular_ge32
2026-08-12T15:34:52.569,1097,unlabeled,2,0.2549463212490082,282.59463262557983,219.4464083313942,303.76056146621704,237.99289125204086,565.1892652511597,438.8928166627884,607.5211229324341,475.9857825040817,586.3551940917969,457.43929958343506,586.3551940917969,475.9857825040817,0.9161799907684326,0.9529985407988231,0.9161799907684326,0.9916370468835036,21.165928840637207,18.546482920646667,small_16_32
2026-08-12T15:34:52.569,1097,unlabeled,3,0.20742715895175934,300.13506400585175,219.4719524383545,318.22013008594513,240.0,600.2701280117035,438.943904876709,636.4402601718903,480.0,618.3551940917969,459.4719524383545,618.3551940917969,480.0,0.9661799907684326,0.9572332342465718,0.9661799907684326,1.0,18.085066080093384,20.528047561645508,small_16_32
2026-08-12T15:34:52.686,1098,unlabeled,1,0.3384403884410858,119.39742112159729,110.98258924484253,207.240247964859,237.00977754592896,238.79484224319458,221.96517848968506,414.480495929718,474.0195550918579,326.6376690864563,347.9923667907715,326.6376690864563,474.0195550918579,0.5103713579475879,0.724984097480774,0.5103713579475879,0.987540739774704,87.84282684326172,126.02718830108643,regular_ge32
2026-08-12T15:34:52.686,1098,unlabeled,2,0.20742715895175934,283.9629176855087,221.04002678394318,302.6283804178238,239.0210589170456,567.9258353710175,442.08005356788635,605.2567608356476,478.0421178340912,586.5912981033325,460.06108570098877,586.5912981033325,478.0421178340912,0.9165489032864571,0.9584605952103933,0.9165489032864571,0.9959210788210233,18.665462732315063,17.981032133102417,small_16_32
