timestamp,frame,scenario,threshold,detections,capture_ms,preprocess_ms,inference_ms,postprocess_ms,total_ms,loop_fps,sensor_to_result_ms,temperature_c,system_cpu_percent,process_cpu_percent,process_rss_mib,cpu_frequency_mhz,sensor_timestamp_ns,frame_wall_clock_ns,frame_duration_us,exposure_us,analogue_gain,digital_gain,lux,colour_temperature
2026-08-12T15:32:52.721,1,unlabeled,0.2,1,2.854679000847682,11.409732999709377,88.7043620004988,1.1246909998590127,104.14570400007506,9.601932308213877,127.122156,54.043,53.3,208.0,186.484375,1800.0,5056910262000,1786516372594410496,33304,18477,2.0,1.0015405416488647,1022.5345458984375,5761
2026-08-12T15:32:53.410,2,unlabeled,0.2,1,4.852547999689705,6.8096969998805434,133.9391280007476,0.5378370005928446,146.1995219997334,6.839967643682334,182.814776,54.043,46.5,93.0,265.87109375,1800.0,5057543032000,1786516373227180544,33304,19588,2.0,1.0007153749465942,921.5913696289062,5878
2026-08-12T15:32:53.529,3,unlabeled,0.2,1,2.425708999908238,3.663340999992215,99.54389500035177,0.9475659999225172,106.61847299979854,9.379237686154909,135.686637,54.53,78.7,201.4,265.875,1800.0,5057709552000,1786516373393700352,33304,19811,2.0,1.0002812147140503,957.3123168945312,5876
2026-08-12T15:32:53.642,4,unlabeled,0.2,1,1.7437660007999511,3.6773040001207846,94.22689600069134,0.7345349995375727,100.41414800070925,9.958756011084581,148.400743,54.53,62.8,204.0,266.99609375,1800.0,5057809465000,1786516373493613568,33304,19811,2.0,1.0002812147140503,951.9640502929688,5874
2026-08-12T15:32:53.750,5,unlabeled,0.2,2,1.7334509993816027,3.116967999631015,90.22341699983372,0.9436210002604639,96.04569699968124,10.411710584007931,124.145692,55.017,58.1,202.1,267.0,1800.0,5057942680000,1786516373626828544,33304,19811,2.0,1.0002812147140503,934.5855712890625,5879
2026-08-12T15:32:53.863,6,unlabeled,0.2,1,2.1326799997041235,3.3241660003113793,96.54797999974107,0.7271090007634484,102.76408100071421,9.731026544119535,136.703527,55.017,64.4,213.3,267.01171875,1800.0,5058042592000,1786516373726740480,33304,19811,2.0,1.0002812147140503,926.7755737304688,5884
2026-08-12T15:32:53.966,7,unlabeled,0.2,1,2.142254000318644,3.556399999979476,88.66183099962655,0.7641080001121736,95.1534999994692,10.509334916798418,139.863934,53.556,53.7,213.6,267.01953125,1800.0,5058142502000,1786516373826650368,33304,20001,2.0,1.0004746913909912,952.3455810546875,5887
2026-08-12T15:32:54.076,8,unlabeled,0.2,1,1.7439880002712016,3.493956999591319,94.78012599993235,0.7684969996262225,100.82299199984845,9.918372587093062,150.167729,54.043,60.5,208.6,267.02734375,1800.0,5058242414000,1786516373926562560,33304,20001,2.0,1.0004746913909912,999.4991455078125,5884
2026-08-12T15:32:54.219,9,unlabeled,0.2,1,1.7509130002508755,3.4964569995281636,92.73509200011176,0.9582510001564515,98.97358299986081,10.10370615764619,126.267497,54.043,58.2,210.3,268.66796875,1800.0,5058408934000,1786516374093082368,33304,19334,2.0,1.001313328742981,1020.9328002929688,5876
2026-08-12T15:32:54.345,10,unlabeled,0.2,1,2.1094409994475427,5.667766000442498,92.87092100021255,1.023452000481484,101.70774699963658,9.832092731378399,152.963598,54.043,60.8,196.5,269.58984375,1800.0,5058508845000,1786516374192993536,33304,18922,2.0,1.0007944107055664,1028.9071044921875,5871
2026-08-12T15:32:54.450,11,unlabeled,0.2,1,1.7529690003357246,3.344738999658148,89.35696499975165,0.9384729992234497,95.42579499975545,10.479346805573512,123.85111,54.043,56.1,212.7,269.59765625,1800.0,5058642061000,1786516374326209536,33304,18731,2.0,1.0013333559036255,1033.695068359375,5874
2026-08-12T15:32:54.559,12,unlabeled,0.2,1,1.7362290000164649,3.3193879999089404,93.33259399954841,0.938992000556027,99.35942400079512,10.064470583001745,133.159086,54.53,61.9,210.5,269.609375,1800.0,5058741972000,1786516374426120448,33304,18731,2.0,1.0013333559036255,1038.4627685546875,5875
2026-08-12T15:32:54.662,13,unlabeled,0.2,1,1.7004150004140683,3.188650000083726,89.73113999945781,1.3851270005034166,96.037387999786,10.412611388412898,136.770901,55.504,54.8,212.6,269.6171875,1800.0,5058841884000,1786516374526032384,33304,18541,2.0,1.0011526346206665,1043.9132080078125,5877
2026-08-12T15:32:54.769,14,unlabeled,0.2,1,1.7640989999563317,3.6306199999671662,89.12267499999871,0.945935999880021,95.49686599984852,10.471547830706676,143.458026,55.991,58.5,215.9,269.62890625,1800.0,5058941798000,1786516374625946368,33304,18096,2.0,1.0005935430526733,1040.7978515625,5868
2026-08-12T15:32:54.872,15,unlabeled,0.2,1,1.873651000096288,3.17661400003999,88.38139999988925,0.9502510001766495,94.41017500012094,10.5920786609994,146.164037,55.504,54.8,214.3,269.6328125,1800.0,5059041710000,1786516374725858560,33304,17874,2.0,1.0011038780212402,1075.0450439453125,5861
2026-08-12T15:32:54.978,16,unlabeled,0.2,1,1.5672330000597867,3.2468899999003042,90.94427299987728,0.5259849995127297,96.31771400017897,10.382306207954041,119.412698,56.478,61.9,214.7,269.640625,1800.0,5059174924000,1786516374859072512,33304,17715,2.0,1.0005666017532349,991.4789428710938,5854
2026-08-12T15:32:55.081,17,unlabeled,0.2,1,1.7480429996794555,3.2033919997047633,88.34260899948276,1.3857209996785969,94.7082450002199,10.55874280003476,122.337538,56.478,54.8,215.4,269.65234375,1800.0,5059274836000,1786516374958984448,33304,18446,2.0,1.0000559091567993,896.14404296875,5864
2026-08-12T15:32:55.205,18,unlabeled,0.2,2,2.0473869999477756,3.718839999237389,89.90099200036639,0.9467140007473063,96.64265399987926,10.347397951232272,146.79694,56.478,61.7,209.0,269.66015625,1800.0,5059374748000,1786516375058896384,33304,19938,2.0,1.0000581741333008,838.725830078125,5873
2026-08-12T15:32:55.314,19,unlabeled,0.2,2,1.7918020002980484,3.3357020001858473,88.50560500013671,0.9549920005156309,94.61591499984934,10.569046444264607,122.543766,55.991,54.5,211.1,269.66796875,1800.0,5059507964000,1786516375192112384,33304,22382,2.0,1.0000584125518799,815.5536499023438,5883
2026-08-12T15:32:55.429,20,unlabeled,0.2,1,2.2996020006758044,5.658488999870315,89.2973059999349,0.730052999642794,98.02046799995878,10.201950882344496,137.204872,56.478,65.2,218.2,269.67578125,1800.0,5059607879000,1786516375292027392,33304,24129,2.0,1.0000289678573608,812.6107177734375,5835
2026-08-12T15:32:55.531,21,unlabeled,0.2,1,1.6841010001371615,3.365628000210563,88.71715500026767,0.9399370001119678,94.73670799980027,10.55557049757427,139.389938,55.991,52.5,205.6,269.68359375,1800.0,5059707788000,1786516375391936512,33304,24510,2.0,1.0012102127075195,810.1271362304688,5795
2026-08-12T15:32:55.638,22,unlabeled,0.2,3,1.7544499996802188,3.2678520001354627,90.94866600025853,1.3696650003112154,97.37050400053704,10.270050568850754,146.155867,55.991,64.3,215.7,269.69140625,1800.0,5059807698000,1786516375491846400,33304,25018,2.0,1.0011903047561646,813.8555297851562,5760
2026-08-12T15:32:55.740,23,unlabeled,0.2,2,1.5769000001455424,3.1742989995109383,88.32670300034806,0.7286459995157202,93.83639999941806,10.656845318087667,114.947267,56.478,55.0,215.4,269.6953125,1800.0,5059940916000,1786516375625064448,33304,25272,2.0,1.0011351108551025,825.6932983398438,5718
2026-08-12T15:32:55.845,24,unlabeled,0.2,3,1.6860830000950955,3.1833370003369055,89.32315699985338,1.4065349996599252,95.63270099988586,10.456674229050517,120.80092,56.478,61.9,206.9,269.7109375,1800.0,5060040827000,1786516375724975360,33304,25272,2.0,1.0011351108551025,823.03369140625,5691
2026-08-12T15:32:55.948,25,unlabeled,0.2,2,1.662620000388415,3.2826300002852804,88.3540909999283,0.7667009995202534,94.0962259992375,10.627418787317819,123.513037,55.991,57.1,225.6,269.71484375,1800.0,5060140741000,1786516375824889600,33304,25272,2.0,1.0011351108551025,817.5003662109375,5668
2026-08-12T15:32:56.055,26,unlabeled,0.2,3,1.6780820005806163,3.1728740004837164,90.55381000052876,1.3575539996963926,96.79128300012962,10.331508881834543,130.266752,56.965,65.1,206.3,269.72265625,1800.0,5060240650000,1786516375924798464,33304,25525,2.0,1.0005275011062622,820.94287109375,5648
2026-08-12T15:32:56.156,27,unlabeled,0.2,2,1.7130070000348496,3.1527629998890916,88.06408599957649,1.1914669994439464,94.1526739998153,10.621047257797072,132.274847,56.478,53.7,206.0,269.7265625,1800.0,5060340562000,1786516376024710400,33304,25525,2.0,1.0005275011062622,821.6575317382812,5630
2026-08-12T15:32:56.263,28,unlabeled,0.2,3,1.69956399986404,3.2602419996692333,89.56078500068543,1.7998749999605934,96.36661199965602,10.377038055499654,138.44093,57.452,64.3,226.3,269.73828125,1800.0,5060440475000,1786516376124623360,33304,25525,2.0,1.0005275011062622,819.286376953125,5616
2026-08-12T15:32:56.366,29,unlabeled,0.2,3,1.6928420000112965,3.1298750000132713,88.91152500018507,1.3931280000178958,95.15883099993516,10.508746161464314,141.522799,56.965,54.8,203.9,269.75,1800.0,5060540386000,1786516376224534528,33304,25525,2.0,1.0005275011062622,817.3256225585938,5601
2026-08-12T15:32:56.475,30,unlabeled,0.2,2,1.6388060003009741,3.2748160001574433,92.15100800065557,1.1648569998214953,98.25996600011422,10.177084734578857,150.964995,57.452,65.1,219.3,269.7578125,1800.0,5060640299000,1786516376324447488,33304,25525,2.0,1.0005275011062622,820.0390014648438,5584
2026-08-12T15:32:56.578,31,unlabeled,0.2,3,1.7025639999701525,3.3632210006544483,88.17180500045652,1.6128059996844968,94.88365299966972,10.53922323167175,120.852905,57.452,53.7,212.3,269.765625,1800.0,5060773514000,1786516376457662464,33304,25525,2.0,1.0005275011062622,816.7452392578125,5566
2026-08-12T15:32:56.688,32,unlabeled,0.2,3,1.6749530004744884,3.195262999724946,91.9650139994701,1.621454999622074,98.48718200009898,10.153605572743416,130.921384,57.939,62.8,210.4,269.77734375,1800.0,5060873426000,1786516376557574400,33304,25525,2.0,1.0005275011062622,815.3013305664062,5551
2026-08-12T15:32:56.790,33,unlabeled,0.2,2,1.6866380001374637,3.2009839997044764,88.18815599988739,1.149764000729192,94.25572700001794,10.609434904680217,132.987708,58.426,52.5,205.8,269.78515625,1800.0,5060973337000,1786516376657485568,33304,25525,2.0,1.0005275011062622,815.1829223632812,5534
2026-08-12T15:32:56.899,34,unlabeled,0.2,3,1.6713049999452778,3.289610999672732,91.45897199960018,1.3668689998667105,97.81725599987112,10.223145085988893,141.656264,57.452,64.3,221.1,269.79296875,1800.0,5061073249000,1786516376757397504,33304,25525,2.0,1.0005275011062622,814.9904174804688,5519
2026-08-12T15:32:57.002,35,unlabeled,0.2,3,1.8297450005775318,3.6021770001752884,88.14560199971311,1.6141960004460998,95.22553300030268,10.50138516942532,144.696546,57.452,53.7,204.0,269.80078125,1800.0,5061173162000,1786516376857310464,33304,25525,2.0,1.0005275011062622,819.338623046875,5506
2026-08-12T15:32:57.109,36,unlabeled,0.2,3,1.6886200000953977,3.2439839997095987,90.72620200004167,1.387682999848039,97.07737600001565,10.301061289500025,152.403979,57.939,63.4,221.4,269.81640625,1800.0,5061273072000,1786516376957220352,33304,25525,2.0,1.0005275011062622,824.808837890625,5498
2026-08-12T15:32:57.213,37,unlabeled,0.2,3,1.6663980004523182,3.4105710001313128,88.69046200015873,1.403664999998,95.20113100006711,10.50407688958333,122.989981,57.939,53.7,223.3,269.8203125,1800.0,5061406288000,1786516377090436352,33304,25525,2.0,1.0005275011062622,825.1793212890625,5490
2026-08-12T15:32:57.319,38,unlabeled,0.2,1,1.759951000167348,3.389645999959612,90.43900599954213,0.7252209998114267,96.34793300028832,10.379049854624359,129.17429,58.426,61.9,207.3,269.828125,1800.0,5061506202000,1786516377190350592,33304,24668,2.0,1.0004441738128662,820.7985229492188,5485
2026-08-12T15:32:57.421,39,unlabeled,0.2,2,1.8197449999206583,3.2413540002380614,88.3448419999695,0.7203499999377527,94.21878900047886,10.613594279957447,130.945945,57.452,53.8,206.6,269.83203125,1800.0,5061606112000,1786516377290260480,33304,23049,2.0,1.001165747642517,782.7506713867188,5472
2026-08-12T15:32:57.525,40,unlabeled,0.2,0,1.708026000414975,3.2356510000681737,89.7141739997096,0.23810499988030642,94.9268979993576,10.534421971807898,135.593194,57.939,63.4,220.0,269.83984375,1800.0,5061706024000,1786516377390172416,33304,21271,2.0,1.0006885528564453,755.4188842773438,5461
2026-08-12T15:32:57.626,41,unlabeled,0.2,0,1.6634350004096632,3.219076999812387,88.85823499986145,0.26002999948104843,94.03172000020277,10.634709223630532,136.765895,58.426,53.8,207.8,269.84375,1800.0,5061805942000,1786516377490090496,33304,20414,2.0,1.0009002685546875,945.374267578125,5452
2026-08-12T15:32:57.733,42,unlabeled,0.2,0,1.6985259999273694,6.189548999827821,89.62812199933978,0.23606700051459484,97.78233699944394,10.226795868109459,143.382397,57.452,59.5,206.5,269.8515625,1800.0,5061905849000,1786516377589997568,33304,19874,2.0,1.000878930091858,953.1217041015625,5428
2026-08-12T15:32:57.834,43,unlabeled,0.2,0,2.0491279992711497,3.767506000258436,88.13279300011345,0.23442000019713305,94.21552999992855,10.613961413800446,144.84332,58.913,55.0,217.0,269.85546875,1800.0,5062005759000,1786516377689907456,33304,18890,2.0,1.0015254020690918,1273.3582763671875,5399
2026-08-12T15:32:57.941,44,unlabeled,0.2,1,1.6662309999446734,3.2065959994724835,90.56896499987488,0.5283549999148818,96.00179399967601,10.416472008881156,151.550215,57.939,61.9,215.5,269.86328125,1800.0,5062105671000,1786516377789819392,33304,17557,2.0,1.0015537738800049,1250.5804443359375,5375
2026-08-12T15:32:58.042,45,unlabeled,0.2,0,1.6962859999694047,3.1491339996136958,88.10401800019463,0.23919700015540002,93.21861599983094,10.72747100216349,119.625982,57.452,55.0,216.1,269.87109375,1800.0,5062238889000,1786516377923037440,33304,15080,2.0,1.0002039670944214,1305.89208984375,5362
2026-08-12T15:32:58.149,46,unlabeled,0.2,0,1.652027999625716,3.1743750005261973,90.47673200075224,0.23397499990096549,95.56703399994149,10.46385932622553,126.092334,58.426,63.4,217.5,269.87890625,1800.0,5062338801000,1786516378022949376,33304,14763,2.0,1.0000712871551514,1265.941650390625,5365
2026-08-12T15:32:58.249,47,unlabeled,0.2,0,1.708044999759295,3.2152989997484838,88.437881999198,0.23065999994287267,93.62336699996376,10.681094175991204,126.77169,57.939,52.5,208.8,269.8828125,1800.0,5062438712000,1786516378122860544,33304,14763,2.0,1.0000712871551514,1271.6033935546875,5367
2026-08-12T15:32:58.353,48,unlabeled,0.2,0,1.71347000014066,3.221465999558859,89.64394099984929,0.2350490003664163,94.84368400080712,10.543664668186972,130.755752,57.939,65.9,211.7,269.890625,1800.0,5062538622000,1786516378222770432,33304,14540,2.0,1.0000331401824951,1283.4808349609375,5391
2026-08-12T15:32:58.458,49,unlabeled,0.2,0,3.1409670000357437,3.9682779997747275,89.46861200001877,0.24873399979696842,96.86360900013824,10.323794563534927,136.03565,57.452,61.5,218.5,269.8984375,1800.0,5062638535000,1786516378322683392,33304,14286,2.0,1.0016720294952393,1216.3148193359375,5452
2026-08-12T15:32:58.564,50,unlabeled,0.2,0,2.8698830001303577,3.2558539996898617,90.836352000224,0.23395599964715075,97.22670999963157,10.285239519097061,142.318817,58.426,73.8,216.7,269.90625,1800.0,5062738445000,1786516378422593536,33304,14763,2.0,1.0004972219467163,1092.8873291015625,5504
2026-08-12T15:32:58.667,51,unlabeled,0.2,0,1.827023000259942,3.6178070004098117,89.33544999945298,0.23277099990082206,95.04060499966727,10.521818542753394,144.506835,58.913,56.1,205.7,269.91015625,1800.0,5062838362000,1786516378522510592,33304,16001,2.0,1.0000097751617432,1031.016357421875,5549
2026-08-12T15:32:58.773,52,unlabeled,0.2,1,3.162263000376697,3.612047999922652,89.30009899995639,0.5104310002934653,96.61741199943208,10.350101284081983,151.262571,57.452,62.8,215.6,269.91796875,1800.0,5062938270000,1786516378622418432,33304,16509,2.0,1.00010347366333,968.0057373046875,5523
2026-08-12T15:32:58.874,53,unlabeled,0.2,0,1.6606389999651583,3.144819999761239,88.2314979999137,0.263085000369756,93.3289300000979,10.714791222817523,118.93192,58.913,53.8,217.5,269.921875,1800.0,5063071486000,1786516378755634432,33304,17303,2.0,1.0013338327407837,955.373291015625,5494
2026-08-12T15:32:58.982,54,unlabeled,0.2,0,1.6645089999656193,3.2348360000469256,91.97033899999951,0.234660000387521,97.13326800010691,10.295133897882437,127.082021,58.426,62.8,204.1,269.9296875,1800.0,5063171398000,1786516378855546368,33304,17588,2.0,1.0007154941558838,950.2410278320312,5476
2026-08-12T15:32:59.083,55,unlabeled,0.2,0,1.6607870002189884,3.249149999646761,88.26283600046736,0.23149299977376359,93.43219100082933,10.702949265003575,127.710883,58.913,53.8,218.8,269.9375,1800.0,5063271309000,1786516378955457536,33304,17747,2.0,1.001732349395752,983.3119506835938,5468
2026-08-12T15:32:59.190,56,unlabeled,0.2,2,1.6396580003856798,3.1712260006315773,91.3653229999909,0.72584999998071,96.93320499991387,10.31638229645753,134.887837,58.426,64.3,214.8,269.9453125,1800.0,5063371220000,1786516379055368448,33304,17747,2.0,1.001732349395752,1210.4581298828125,5460
2026-08-12T15:32:59.291,57,unlabeled,0.2,0,1.7085819999920204,3.216020999389002,88.58730799965997,0.23514199983765138,93.77636800036271,10.663667417745717,136.191891,58.426,53.7,217.3,269.94921875,1800.0,5063471136000,1786516379155284480,33304,16636,2.0,1.000960350036621,948.4796752929688,5453
2026-08-12T15:32:59.397,58,unlabeled,0.2,0,1.6670839995640563,3.389812999557762,90.11654299956717,0.23899299958429765,95.44333899975754,10.477420535366436,141.946294,58.913,63.4,198.8,269.95703125,1800.0,5063571044000,1786516379255192576,33304,17588,2.0,1.0016090869903564,948.8706665039062,5485
2026-08-12T15:32:59.498,59,unlabeled,0.2,0,1.771913999618846,3.7500620001083007,88.31803800057969,0.23416000021825312,94.10419200048636,10.626519167125219,143.333145,58.426,52.6,217.2,269.9609375,1800.0,5063670956000,1786516379355104512,33304,17906,2.0,1.0008169412612915,943.0474243164062,5529
2026-08-12T15:32:59.607,60,unlabeled,0.2,0,1.7040630000337842,3.284741999777907,93.3133620001172,0.2654740001162281,98.60117700009141,10.141866764927897,152.341581,59.4,61.4,218.8,269.96875,1800.0,5063770868000,1786516379455016448,33304,18096,2.0,1.000886082649231,956.5843505859375,5566
2026-08-12T15:32:59.709,61,unlabeled,0.2,1,1.805708999199851,3.4395889997540507,88.53767999971751,0.7735150002190494,94.5918260003964,10.571737985011616,121.537096,59.4,53.8,206.5,269.98046875,1800.0,5063904084000,1786516379588232448,33304,18287,2.0,1.0013614892959595,936.1690673828125,5605
2026-08-12T15:32:59.815,62,unlabeled,0.2,0,1.7124329997386667,3.2114480000018375,90.82895000028657,0.23315999987971736,96.01761999965674,10.414755125190302,127.799158,58.426,62.8,207.2,269.98828125,1800.0,5064003997000,1786516379688145408,33304,18287,2.0,1.0013614892959595,920.8220825195312,5626
2026-08-12T15:32:59.916,63,unlabeled,0.2,0,1.707062999230402,3.1550240000797203,88.399684000251,0.23415999930875842,93.52496700012125,10.692332027219036,128.517172,58.913,53.7,208.8,269.9921875,1800.0,5064103907000,1786516379788055552,33304,18509,2.0,1.0015621185302734,918.804931640625,5645
2026-08-12T15:33:00.022,64,unlabeled,0.2,0,1.6639360001136083,3.2911489997786703,92.33640800084686,0.23425200015481096,97.5549670001783,10.250631318425564,135.020524,57.939,61.9,206.7,270.0,1800.0,5064203820000,1786516379887968512,33304,18700,2.0,1.0002492666244507,911.1548461914062,5657
2026-08-12T15:33:00.123,65,unlabeled,0.2,0,1.6627499999231077,3.153968000333407,88.3793559996775,0.23321600019698963,93.45926999958465,10.699848179901728,135.717351,57.939,53.8,218.6,270.00390625,1800.0,5064303731000,1786516379987879424,33304,18858,2.0,1.0007028579711914,901.3631591796875,5662
2026-08-12T15:33:00.235,66,unlabeled,0.2,1,1.6955460005192435,3.533993999553786,96.40166999997746,0.5330039994078106,102.1945450002022,9.78525810744616,148.156585,58.426,63.0,213.3,270.01171875,1800.0,5064403643000,1786516380087791360,33304,18858,2.0,1.0007028579711914,899.4307250976562,5665
2026-08-12T15:33:00.338,67,unlabeled,0.2,1,1.8406899998808512,3.3562220005478594,88.8246029999209,0.5144670003573992,94.56536899961066,10.574695690175092,150.741677,57.939,51.3,205.1,270.01953125,1800.0,5064503554000,1786516380187702528,33304,18858,2.0,1.0007028579711914,898.018310546875,5668
2026-08-12T15:33:00.450,68,unlabeled,0.2,1,1.694120000138355,3.2171140001082676,96.06923499995901,0.4999490001864615,101.53852699932031,9.848478499266529,129.921204,57.939,68.9,213.7,270.02734375,1800.0,5064636769000,1786516380320917504,33304,19017,2.0,1.001573085784912,895.1669921875,5670
2026-08-12T15:33:00.557,69,unlabeled,0.2,1,1.6701940003258642,4.267380999408488,92.05273499992472,0.6759809994036914,98.70029099965905,10.131682387881252,136.177605,57.939,61.4,207.2,270.03125,1800.0,5064736682000,1786516380420830464,33304,19017,2.0,1.001573085784912,894.5655517578125,5672
2026-08-12T15:33:00.665,70,unlabeled,0.2,0,1.711656000225048,3.515123999932257,91.95625699976517,0.24056700021901634,97.45838100025139,10.260790193071445,144.501404,58.426,65.1,212.5,270.0390625,1800.0,5064836593000,1786516380520741376,33304,19017,2.0,1.001573085784912,896.9887084960938,5673
2026-08-12T15:33:00.772,71,unlabeled,0.2,1,1.7695799997454742,3.4302750000279048,94.4290950001232,0.5394290001277113,100.20030499981658,9.980009541905392,152.145128,60.374,58.5,212.0,270.04296875,1800.0,5064936505000,1786516380620653568,33304,19017,2.0,1.001573085784912,895.7316284179688,5673
2026-08-12T15:33:00.926,72,unlabeled,0.2,1,1.7309710001427447,3.145654000036302,90.31098699961149,0.4998189997422742,95.71492999930342,10.447690867112138,139.220049,59.4,57.6,203.0,270.125,1800.0,5065103028000,1786516380787176448,33304,19017,2.0,1.001573085784912,894.4969482421875,5674
2026-08-12T15:33:01.033,73,unlabeled,0.2,2,1.8906140003309702,3.4966060002261656,90.2453990001959,0.7634599996890756,96.42628199981118,10.370616591874382,146.250672,59.887,57.1,215.1,270.1328125,1800.0,5065202938000,1786516380887086592,33304,19017,2.0,1.001573085784912,894.8658447265625,5673
2026-08-12T15:33:01.138,74,unlabeled,0.2,1,1.7483030005678302,3.2346510006391327,90.33660299974144,0.5251330003375188,95.87683900008415,10.430047657277504,117.894767,58.426,56.1,209.6,270.14453125,1800.0,5065336153000,1786516381020301568,33304,19017,2.0,1.001573085784912,894.9686889648438,5670
2026-08-12T15:33:01.243,75,unlabeled,0.2,1,1.7149149998658686,3.182153000125254,90.46715500062419,0.5019489999540383,95.89324500029761,10.42826322121956,122.885029,59.887,60.0,209.9,270.1484375,1800.0,5065436065000,1786516381120213504,33304,19017,2.0,1.001573085784912,894.9855346679688,5668
2026-08-12T15:33:01.347,76,unlabeled,0.2,1,1.7594139999346226,3.313000000161992,89.93652099979954,0.5023200001232908,95.54369900070014,10.466414954194645,127.078462,57.939,58.5,220.9,270.15625,1800.0,5065535977000,1786516381220125440,33304,19017,2.0,1.001573085784912,894.4960327148438,5665
2026-08-12T15:33:01.449,77,unlabeled,0.2,1,1.7050639999069972,3.306427000097756,88.69135199984157,0.4976720001650392,94.23364300073445,10.611921264597678,129.81014,57.939,58.5,204.7,270.16015625,1800.0,5065635889000,1786516381320037376,33304,19017,2.0,1.001573085784912,894.5153198242188,5660
2026-08-12T15:33:01.551,78,unlabeled,0.2,1,1.655713000218384,3.1436529998245533,88.55863399912778,0.5394299996623886,93.92861499964056,10.646382894114076,131.150124,58.913,53.8,207.4,270.171875,1800.0,5065735800000,1786516381419948544,33304,19017,2.0,1.001573085784912,894.3650512695312,5656
2026-08-12T15:33:01.656,79,unlabeled,0.2,1,1.6508610005985247,3.2129290002558264,89.63019700058794,0.5439840006147278,95.0674160003473,10.518851169746181,136.388961,57.939,60.5,209.2,270.17578125,1800.0,5065835714000,1786516381519862528,33304,19017,2.0,1.001573085784912,894.8825073242188,5653
2026-08-12T15:33:01.757,80,unlabeled,0.2,1,1.7244709997612517,3.214874000150303,88.95834499980992,0.49650399978418136,94.42671200031327,10.590223664641446,138.176855,58.426,56.1,216.3,270.19140625,1800.0,5065935625000,1786516381619773440,33304,19017,2.0,1.001573085784912,894.680419921875,5638
2026-08-12T15:33:01.863,81,unlabeled,0.2,1,1.7019159995470545,3.267204999247042,90.69840800020756,0.5157639998287777,96.21512600006099,10.393376193254333,144.040131,58.913,69.0,217.3,270.1953125,1800.0,5066035537000,1786516381719685376,33304,19017,2.0,1.001573085784912,894.3692016601562,5624
2026-08-12T15:33:01.970,82,unlabeled,0.2,1,2.143607000107295,3.9939070002219523,91.78063699982886,0.5357449999792152,98.48543199950655,10.153785993496077,150.538339,58.426,67.4,205.7,270.203125,1800.0,5066135458000,1786516381819606528,33304,19017,2.0,1.001573085784912,894.0072021484375,5613
2026-08-12T15:33:02.090,83,unlabeled,0.2,1,3.945631000533467,3.4797920006894856,91.01349699994898,0.5293000003803172,98.99955299988505,10.101055708818818,137.413335,60.861,70.2,209.0,270.20703125,1800.0,5066268666000,1786516381952814592,33304,19017,2.0,1.001573085784912,893.6439208984375,5600
2026-08-12T15:33:02.200,84,unlabeled,0.2,1,2.0731089998662355,4.288751000785851,91.29859999939072,0.7251090000863769,98.42612399916106,10.159904295413721,147.715634,59.887,71.1,225.7,270.21484375,1800.0,5066368576000,1786516382052724480,33304,19017,2.0,1.001573085784912,893.5732421875,5591
2026-08-12T15:33:02.316,85,unlabeled,0.2,1,3.896967000400764,5.509440000423638,95.3469509995557,0.5365220004023286,105.33536000002641,9.49348822655326,164.134879,59.887,75.6,198.6,270.21875,1800.0,5066468492000,1786516382152640512,33304,19017,2.0,1.001573085784912,893.6198120117188,5583
2026-08-12T15:33:02.429,86,unlabeled,0.2,1,1.8215049994978472,3.5978260002593743,98.38062599919795,0.5450409998957184,104.37642299984873,9.580707704473157,143.329416,59.887,68.2,195.9,270.23046875,1800.0,5066601704000,1786516382285852416,33304,19017,2.0,1.001573085784912,893.6034545898438,5576
2026-08-12T15:33:02.540,87,unlabeled,0.2,1,1.8008759998338064,3.190874000210897,93.64134999941598,0.5366890000004787,99.23421299936308,10.077169655252048,121.115139,60.374,71.7,214.8,270.234375,1800.0,5066734923000,1786516382419071488,33304,19017,2.0,1.001573085784912,893.3685913085938,5570
2026-08-12T15:33:02.646,88,unlabeled,0.2,1,1.6909719997784123,3.1672640006945585,90.20238900029653,0.4890789996352396,95.57887000028131,10.462563535194095,127.187024,60.374,60.0,199.7,270.2421875,1800.0,5066834832000,1786516382518980352,33304,19017,2.0,1.001573085784912,893.109619140625,5567
2026-08-12T15:33:02.751,89,unlabeled,0.2,1,2.609224000480026,3.179040999384597,89.38672699969175,0.5007090003346093,95.70442299991555,10.448837876603491,132.736797,59.887,59.5,218.0,270.24609375,1800.0,5066934741000,1786516382618889472,33304,19017,2.0,1.001573085784912,893.1799926757812,5563
2026-08-12T15:33:02.852,90,unlabeled,0.2,0,1.7240260003745789,3.13117199948465,88.55941700039693,0.2355679998800042,93.6781640002664,10.674846274710895,134.058639,59.4,56.1,217.4,270.25390625,1800.0,5067034658000,1786516382718806528,33304,19017,2.0,1.001573085784912,892.7653198242188,5559
2026-08-12T15:33:02.969,91,unlabeled,0.2,1,5.967205000160902,3.8558560008823406,89.84728799987352,0.5000600003768341,100.20196500045131,9.979844207601078,151.043913,59.4,62.2,205.3,271.59765625,1800.0,5067134566000,1786516382818714368,33304,19017,2.0,1.001573085784912,892.2755126953125,5556
2026-08-12T15:33:03.071,92,unlabeled,0.2,1,1.6068260001702583,3.1523019997621304,88.19437499914784,0.5415780005932902,93.52985700024874,10.691773002468512,119.095414,59.4,54.8,215.8,271.609375,1800.0,5067267784000,1786516382951932416,33304,19017,2.0,1.001573085784912,891.8682861328125,5553
2026-08-12T15:33:03.179,93,unlabeled,0.2,1,1.6671760004101088,3.1546720001642825,92.54283000063879,0.4970600002707215,97.88977500011242,10.215571544615885,127.342502,60.861,65.9,204.6,271.61328125,1800.0,5067367694000,1786516383051842560,33304,19017,2.0,1.001573085784912,891.8287963867188,5552
2026-08-12T15:33:03.280,94,unlabeled,0.2,1,1.6887120000319555,3.2011519997467985,88.54270000028919,0.5363190002753981,93.99867899992387,10.638447376487173,128.754778,59.4,53.7,217.2,271.62109375,1800.0,5067467613000,1786516383151761408,33304,19017,2.0,1.001573085784912,891.4400634765625,5550
2026-08-12T15:33:03.388,95,unlabeled,0.2,1,1.6773789993749233,3.1364500000563567,93.14833200005523,0.5326519994923729,98.52448000037839,10.149761764752876,136.849625,60.374,65.9,203.7,271.625,1800.0,5067567517000,1786516383251665408,33304,19017,2.0,1.001573085784912,891.1973876953125,5548
2026-08-12T15:33:03.490,96,unlabeled,0.2,1,1.8006170002990984,3.510587999699055,88.5702539999329,0.49843099986901507,94.41261200026929,10.591805255818446,138.454663,60.861,52.5,216.7,271.6328125,1800.0,5067667429000,1786516383351577600,33304,19017,2.0,1.001573085784912,890.9281005859375,5546
2026-08-12T15:33:03.598,97,unlabeled,0.2,1,1.7562659995746799,3.2820390006236266,92.74654700038809,0.49898599991138326,98.31592900081887,10.171291775025297,146.529397,60.374,65.9,213.0,271.63671875,1800.0,5067767343000,1786516383451491584,33304,19017,2.0,1.001573085784912,890.9580078125,5544
2026-08-12T15:33:03.700,98,unlabeled,0.2,2,1.5964369995344896,3.199763000338862,88.7753970000631,0.7591079993289895,94.36057600032655,10.597646203394724,115.289861,60.861,58.5,205.6,271.6484375,1800.0,5067900558000,1786516383584706560,33304,19017,2.0,1.001573085784912,891.1235961914062,5553
2026-08-12T15:33:03.805,99,unlabeled,0.2,1,1.6615280001133215,3.1627650005248142,89.75442500013742,0.4871339997407631,95.09453800001211,10.5158510786379,120.653099,60.861,65.9,218.6,271.65234375,1800.0,5068000468000,1786516383684616448,33304,19017,2.0,1.001573085784912,890.8641967773438,5567
2026-08-12T15:33:03.906,100,unlabeled,0.2,1,1.6828239995447802,3.2472989996676915,88.71778699995048,0.5073749998700805,94.18617299979815,10.617269692040074,122.161709,59.887,52.5,207.3,271.6640625,1800.0,5068100387000,1786516383784535552,33304,19017,2.0,1.001573085784912,891.1846313476562,5578
2026-08-12T15:33:04.021,101,unlabeled,0.2,1,6.292695999945863,4.334342999754881,90.60001499983628,0.5015420001655002,101.77789000044868,9.825316677282183,136.933575,59.887,69.6,218.0,271.66796875,1800.0,5068200294000,1786516383884442368,33304,19017,2.0,1.001573085784912,890.8758544921875,5583
2026-08-12T15:33:04.126,102,unlabeled,0.2,1,1.6785650004749186,3.3730370005287114,92.5286319998122,0.4994119999537361,98.10847799963085,10.192799036223583,142.611567,60.861,59.5,198.9,271.67578125,1800.0,5068300205000,1786516383984353536,33304,19017,2.0,1.001573085784912,891.9970092773438,5577
2026-08-12T15:33:04.243,103,unlabeled,0.2,1,1.6713429995434126,3.273612999691977,92.39698700002918,0.5028929999753018,97.87492900068173,10.217121076971965,125.926024,59.887,59.1,214.5,272.546875,1800.0,5068433420000,1786516384117568512,33304,19017,2.0,1.001573085784912,892.486083984375,5571
2026-08-12T15:33:04.350,104,unlabeled,0.2,1,1.7515069994260557,3.1680970005254494,88.61935100048868,0.5298930000208202,94.1035699997883,10.626589405718079,132.677663,59.887,54.5,206.3,272.671875,1800.0,5068533332000,1786516384217480448,33304,19017,2.0,1.001573085784912,898.2638549804688,5567
2026-08-12T15:33:04.478,105,unlabeled,0.2,1,2.6188159999946947,4.059406999658677,88.96637799989549,0.4988939999748254,96.17466100007732,10.397749153482287,127.73124,60.861,60.0,194.9,272.78515625,1800.0,5068666547000,1786516384350695424,33304,19017,2.0,1.001573085784912,893.5069580078125,5561
2026-08-12T15:33:04.579,106,unlabeled,0.2,1,1.6836759996294859,3.239521999603312,88.25752699976874,0.49707899961504154,93.70578500056581,10.671699724771122,128.968965,59.887,53.7,217.4,272.79296875,1800.0,5068766461000,1786516384450609408,33304,19017,2.0,1.001573085784912,893.9432983398438,5558
2026-08-12T15:33:04.692,107,unlabeled,0.2,1,1.679287000115437,6.83947800007445,89.72256200013362,0.5077819996586186,98.78051499981666,10.123454003067872,142.260112,60.374,65.1,212.1,272.796875,1800.0,5068866373000,1786516384550521600,33304,19017,2.0,1.001573085784912,892.3975219726562,5555
2026-08-12T15:33:04.795,108,unlabeled,0.2,1,2.0312769993324764,3.8137279998409213,88.61853600046743,0.49693099936121143,94.99008300008427,10.527414740748387,144.747908,59.887,52.5,205.0,272.8046875,1800.0,5068966288000,1786516384650436608,33304,19017,2.0,1.001573085784912,892.0614624023438,5552
2026-08-12T15:33:04.910,109,unlabeled,0.2,1,1.6911570000957,6.7831279993697535,90.3378220000377,0.4967639997630613,99.34007399988332,10.066430995422598,126.798533,61.835,63.6,217.0,274.65625,1800.0,5069099499000,1786516384783647488,33304,19017,2.0,1.001573085784912,892.5499267578125,5548
2026-08-12T15:33:05.011,110,unlabeled,0.2,1,1.6720470002837828,3.1964669997250894,88.29387900004804,0.5266519992801477,93.71848899991164,10.670253123702654,128.040886,59.887,53.7,207.5,274.66015625,1800.0,5069199410000,1786516384883558400,33304,19017,2.0,1.001573085784912,892.5569458007812,5546
2026-08-12T15:33:05.121,111,unlabeled,0.2,1,1.7248780004592845,3.157968999403238,92.77198200015846,0.5007079998904373,98.18364800048585,10.184995366998908,137.591087,60.861,65.1,219.3,274.66015625,1800.0,5069299322000,1786516384983470592,33304,19017,2.0,1.001573085784912,893.3760375976562,5545
2026-08-12T15:33:05.224,112,unlabeled,0.2,1,1.714396999886958,3.35933299993485,88.39862100012397,0.5351150002752547,94.03728100005537,10.63408032819889,141.220701,61.835,53.7,202.8,274.6640625,1800.0,5069399235000,1786516385083383552,33304,19017,2.0,1.001573085784912,893.7338256835938,5544
2026-08-12T15:33:05.339,113,unlabeled,0.2,1,1.653325000006589,7.759675000670541,91.3824460003525,0.5007640002077096,101.37980099989363,9.863897838989141,156.548758,60.861,66.7,216.8,274.66796875,1800.0,5069499147000,1786516385183295488,33304,19017,2.0,1.001573085784912,903.8618774414062,5543
2026-08-12T15:33:05.441,114,unlabeled,0.2,1,1.6826940000100876,3.2251890006591566,88.2105529999535,0.495782000143663,93.64531000028364,10.678591378436048,124.606295,60.861,52.5,217.5,274.66796875,1800.0,5069632361000,1786516385316509440,33304,19017,2.0,1.001573085784912,899.1156616210938,5570
2026-08-12T15:33:05.553,115,unlabeled,0.2,1,1.6910639997149701,3.510384999572125,92.41623300022184,0.5010970007788274,98.15333400001691,10.188140934670928,137.025859,60.374,65.1,213.6,274.66796875,1800.0,5069732273000,1786516385416421376,33304,19017,2.0,1.001573085784912,898.7337646484375,5587
2026-08-12T15:33:05.656,116,unlabeled,0.2,1,1.6953229996943264,3.3040019998225034,90.0203920000422,0.5405590000009397,95.59071999956359,10.461266533033388,140.131934,60.374,53.8,203.9,274.66796875,1800.0,5069832189000,1786516385516337408,33304,19017,2.0,1.001573085784912,896.2626953125,5601
2026-08-12T15:33:05.768,117,unlabeled,0.2,1,1.6538429999854998,3.172671999891463,90.51674799957254,0.5695959998774924,95.9439320004094,10.422753989233346,119.095629,61.348,57.8,212.5,274.66796875,1800.0,5069965401000,1786516385649549568,33304,19017,2.0,1.001573085784912,896.898681640625,5617
2026-08-12T15:33:05.876,118,unlabeled,0.2,1,1.6698800000085612,3.244262000407616,90.06876000057673,0.5272629996397882,95.53953500017087,10.466871123019507,127.14053,60.374,61.0,214.6,274.66796875,1800.0,5070065314000,1786516385749462528,33304,19017,2.0,1.001573085784912,895.7161865234375,5627
2026-08-12T15:33:05.977,119,unlabeled,0.2,2,1.678138999523071,3.2198369999605347,88.14501800043217,0.7228880003822269,93.79869499935012,10.66112913411992,128.509829,60.374,53.7,217.2,274.66796875,1800.0,5070165225000,1786516385849373440,33304,19017,2.0,1.001573085784912,896.6409301757812,5636
2026-08-12T15:33:06.090,120,unlabeled,0.2,1,1.6788250004537986,6.73418499991385,89.68077600002289,0.5040599999119877,98.6302519995661,10.138877065876292,141.693672,60.861,64.4,203.3,274.66796875,1800.0,5070265137000,1786516385949285376,33304,19017,2.0,1.001573085784912,896.1018676757812,5638
2026-08-12T15:33:06.192,121,unlabeled,0.2,1,1.9741870000871131,3.8804489995527547,88.0836909991558,0.4985049999959301,94.47012599957816,10.585356899010225,143.7557,61.348,53.7,215.8,274.66796875,1800.0,5070365051000,1786516386049199360,33304,19017,2.0,1.001573085784912,896.7232055664062,5640
2026-08-12T15:33:06.306,122,unlabeled,0.2,1,1.6690840002411278,7.2463009992134175,89.29593499942712,0.5272819998936029,98.77093399973091,10.124436000602408,156.925793,61.348,65.9,221.1,274.671875,1800.0,5070464959000,1786516386149107456,33304,19017,2.0,1.001573085784912,896.3825073242188,5641
2026-08-12T15:33:06.407,123,unlabeled,0.2,1,1.6620280002825893,3.2260220004900475,88.20561300035479,0.49920899982680567,93.62250100002711,10.681192975177094,124.778973,60.861,55.0,207.8,274.671875,1800.0,5070598176000,1786516386282324480,33304,19017,2.0,1.001573085784912,896.5272827148438,5627
2026-08-12T15:33:06.519,124,unlabeled,0.2,1,1.7033789999914006,6.702685999698588,89.316990000043,0.49894900075742044,98.25431800072693,10.177669748749379,137.561847,61.835,65.2,212.9,274.67578125,1800.0,5070698088000,1786516386382236416,33304,19017,2.0,1.001573085784912,896.0004272460938,5614
2026-08-12T15:33:06.621,125,unlabeled,0.2,1,1.7151189995274763,3.38798000029783,88.45884700076567,0.4954310006723972,94.09007999965979,10.628112974328598,139.20329,60.861,55.0,216.7,274.67578125,1800.0,5070798000000,1786516386482148608,33304,19017,2.0,1.001573085784912,895.3215942382812,5603
2026-08-12T15:33:06.734,126,unlabeled,0.2,1,1.6520659992238507,3.348834000462375,92.82946700022876,0.542004000635643,98.40737000013178,10.161840520670971,152.352919,61.348,65.2,211.0,274.67578125,1800.0,5070897911000,1786516386582059520,33304,19017,2.0,1.001573085784912,895.6676025390625,5593
2026-08-12T15:33:06.836,127,unlabeled,0.2,1,1.6920469997785403,3.2360229997721035,88.30968500024028,0.5168370007595513,93.78327400008857,10.662882168083145,121.116772,61.348,55.0,207.4,274.67578125,1800.0,5071031129000,1786516386715277568,33304,19017,2.0,1.001573085784912,895.4392700195312,5582
2026-08-12T15:33:06.948,128,unlabeled,0.2,0,1.7086749994632555,3.1682090002504992,92.36327700000402,0.2344009999433183,97.53268999975262,10.25297261874492,133.239485,61.835,64.4,214.2,274.67578125,1800.0,5071131040000,1786516386815188480,33304,19017,2.0,1.001573085784912,895.6693725585938,5575
2026-08-12T15:33:07.049,129,unlabeled,0.2,1,1.7468039995947038,3.2492440004716627,88.15972800039162,0.5005610000807792,93.68815000016184,10.673708467914807,134.165076,61.348,55.0,208.3,274.6796875,1800.0,5071230952000,1786516386915100416,33304,19017,2.0,1.001573085784912,895.9766845703125,5569
2026-08-12T15:33:07.163,130,unlabeled,0.2,1,1.6828050002004602,3.3160210005007684,93.45217700047215,0.5057819998910418,98.98646999954508,10.10239076112721,148.360863,61.348,62.8,209.9,274.6796875,1800.0,5071330864000,1786516387015012352,33304,19017,2.0,1.001573085784912,896.01806640625,5564
2026-08-12T15:33:07.265,131,unlabeled,0.2,1,2.0904240000163554,3.1888570001683547,88.28863399958209,0.513578000209236,94.11469699989539,10.625333044435255,150.450619,60.861,52.5,216.0,274.68359375,1800.0,5071430775000,1786516387114923520,33304,19017,2.0,1.001573085784912,896.2994995117188,5560
2026-08-12T15:33:07.380,132,unlabeled,0.2,0,1.6995089999909396,4.072407000421663,94.7304940000322,0.2322529999219114,100.77986600026634,9.92261688458047,132.507241,59.887,65.2,208.3,274.68359375,1800.0,5071563990000,1786516387248138496,33304,19017,2.0,1.001573085784912,896.5108032226562,5555
2026-08-12T15:33:07.481,133,unlabeled,0.2,1,1.6840100006447756,3.269928999543481,88.05332599968096,0.5004860004191869,93.54097199957323,10.690502553304261,133.401146,61.348,53.8,208.4,274.68359375,1800.0,5071663903000,1786516387348051456,33304,19017,2.0,1.001573085784912,896.5414428710938,5552
2026-08-12T15:33:07.598,134,unlabeled,0.2,1,1.7118790001404705,3.881911999997101,95.58756399928825,0.5349849998310674,101.75474700008635,9.827551337719422,150.354079,60.374,62.2,213.8,274.6875,1800.0,5071763815000,1786516387447963392,33304,19017,2.0,1.001573085784912,896.820556640625,5549
2026-08-12T15:33:07.700,135,unlabeled,0.2,0,2.0569620000969735,3.1787460002306034,89.099778999298,0.2616969995870022,94.62688599978719,10.56782107362435,152.624849,60.861,56.1,214.0,274.6875,1800.0,5071863726000,1786516387547874560,33304,19017,2.0,1.001573085784912,896.7362060546875,5547
2026-08-12T15:33:07.814,136,unlabeled,0.2,0,1.7071939992092666,3.2986510004775482,93.69857799993042,0.2348079997318564,98.97274900049524,10.103791297087204,133.145809,60.374,63.6,203.3,274.6875,1800.0,5071996941000,1786516387681089536,33304,19017,2.0,1.001573085784912,897.2066650390625,5545
2026-08-12T15:33:07.914,137,unlabeled,0.2,0,1.6608250007266179,3.1399319996125996,88.22848800082284,0.23547499949927442,93.29325599992444,10.718888404975488,133.701575,60.861,53.8,219.0,274.6875,1800.0,5072096854000,1786516387781002496,33304,19017,2.0,1.001573085784912,897.7836303710938,5544
2026-08-12T15:33:08.027,138,unlabeled,0.2,1,1.6957309999270365,3.2039489997259807,95.78417099965009,0.5004299991924199,101.21446599987394,9.880010630113343,146.885489,60.374,63.8,212.1,274.6875,1800.0,5072196765000,1786516387880913408,33304,19017,2.0,1.001573085784912,898.0659790039062,5551
2026-08-12T15:33:08.131,139,unlabeled,0.2,0,1.750247999552812,3.266558999712288,88.26891699936823,0.2460490004523308,93.56027299963898,10.688297157959967,117.361243,59.887,55.8,212.0,274.6875,1800.0,5072329981000,1786516388014129408,33304,19017,2.0,1.001573085784912,898.6455688476562,5576
2026-08-12T15:33:08.244,140,unlabeled,0.2,0,1.6606389999651583,3.202670999598922,93.74078600012581,0.261789999967732,98.89520100023219,10.111714116417561,130.253302,60.861,65.9,204.1,274.6875,1800.0,5072429892000,1786516388114040576,33304,19017,2.0,1.001573085784912,899.055908203125,5592
2026-08-12T15:33:08.345,141,unlabeled,0.2,1,1.742174999890267,3.2428550002805423,88.59107500029495,0.5026710005040513,94.11099800036027,10.625750669397554,131.66926,60.374,52.5,227.0,274.6875,1800.0,5072529804000,1786516388213952512,33304,19017,2.0,1.001573085784912,898.783447265625,5606
2026-08-12T15:33:08.461,142,unlabeled,0.2,1,1.6764539996074745,4.389658000036434,93.69389899984526,0.5021159995521884,100.30466199987131,9.969626337021932,147.299582,60.861,66.7,199.1,274.6875,1800.0,5072629717000,1786516388313865472,33304,19017,2.0,1.001573085784912,899.5056762695312,5619
2026-08-12T15:33:08.565,143,unlabeled,0.2,0,1.8752269998003612,3.3050949996322743,90.97765800015623,0.2513270001145429,96.4388609991147,10.36926390087892,151.367694,60.861,59.5,211.3,274.6875,1800.0,5072729628000,1786516388413776384,33304,19017,2.0,1.001573085784912,899.8389282226562,5630
2026-08-12T15:33:08.684,144,unlabeled,0.2,0,1.7367489999742247,3.2281710000461317,98.83862800052157,0.2342710004086257,104.06776199943124,9.609123716963042,137.046638,60.374,62.2,210.4,274.69140625,1800.0,5072862845000,1786516388546993408,33304,19017,2.0,1.001573085784912,900.2767333984375,5643
2026-08-12T15:33:08.786,145,unlabeled,0.2,1,1.6990470003293012,3.7705260001530405,88.86506700036989,0.49633799972070847,94.8657369999637,10.541213631222647,139.328358,61.348,53.7,205.6,274.69140625,1800.0,5072962756000,1786516388646904576,33304,19017,2.0,1.001573085784912,901.5304565429688,5650
2026-08-12T15:33:08.896,146,unlabeled,0.2,0,1.6869910004970734,3.187208999406721,92.35969400015165,0.277918000392674,97.54160800002865,10.252035213523508,149.489655,60.861,65.9,218.0,274.69140625,1800.0,5073062667000,1786516388746815488,33304,19017,2.0,1.001573085784912,901.0076904296875,5656
2026-08-12T15:33:08.997,147,unlabeled,0.2,0,1.6736580000724643,3.187042999343248,88.3331189997989,0.25193799956468865,93.4768309998617,10.697838055736822,117.615789,60.374,52.5,207.1,274.69140625,1800.0,5073195883000,1786516388880031488,33304,19017,2.0,1.001573085784912,901.6735229492188,5661
2026-08-12T15:33:09.111,148,unlabeled,0.2,0,1.6891759996724431,4.626781000297342,91.94226599993272,0.23390099977405043,98.54597499997908,10.147547883109507,131.358996,60.374,65.2,220.0,274.6953125,1800.0,5073295797000,1786516388979945472,33304,19017,2.0,1.001573085784912,901.4137573242188,5662
2026-08-12T15:33:09.212,149,unlabeled,0.2,1,1.7212669999935315,3.1533589999526157,88.02774400010094,0.534855999831052,93.46831699986069,10.698812518486777,132.360878,61.348,53.8,208.2,274.6953125,1800.0,5073395709000,1786516389079857408,33304,19017,2.0,1.001573085784912,901.0711059570312,5663
2026-08-12T15:33:09.330,150,unlabeled,0.2,0,1.7014539998854161,3.684473000248545,97.8622530001303,0.235585999689647,103.54724599983456,9.657427296536673,151.096975,61.348,63.8,202.2,274.6953125,1800.0,5073495619000,1786516389179767552,33304,19017,2.0,1.001573085784912,903.137939453125,5663
2026-08-12T15:33:09.432,151,unlabeled,0.2,0,1.6857869995874353,3.235707000385446,88.1768330000341,0.25338199975522,93.38241200021002,10.708654644707089,119.019706,61.348,53.7,225.9,274.6953125,1800.0,5073628836000,1786516389312984576,33304,19017,2.0,1.001573085784912,901.7176513671875,5667
2026-08-12T15:33:09.545,152,unlabeled,0.2,0,1.67754700032674,3.1241180004144553,93.38646800006245,0.23221499941428192,98.44851500020013,10.157593540115533,132.347085,62.322,65.9,204.3,274.6953125,1800.0,5073728748000,1786516389412896512,33304,19017,2.0,1.001573085784912,901.5111694335938,5669
2026-08-12T15:33:09.647,153,unlabeled,0.2,0,1.6686950002622325,3.2264300007227575,89.48327799953404,0.22878999970998848,94.6361189999152,10.566790043460005,134.325921,61.348,52.5,216.0,274.6953125,1800.0,5073828660000,1786516389512808448,33304,19017,2.0,1.001573085784912,901.6705932617188,5671
2026-08-12T15:33:09.758,154,unlabeled,0.2,0,1.9718900002771989,3.459110000221699,89.28587600075844,0.23364200023934245,94.98331299982965,10.528165089396213,145.333048,61.835,62.2,207.3,274.6953125,1800.0,5073928572000,1786516389612720384,33304,19017,2.0,1.001573085784912,901.3910522460938,5679
2026-08-12T15:33:09.859,155,unlabeled,0.2,1,1.9408729995120666,3.2859659995665425,88.09853799994016,0.5001529998480692,93.8554739996107,10.654679555548864,146.702373,61.835,53.7,217.2,274.69921875,1800.0,5074028483000,1786516389712631552,33304,19017,2.0,1.001573085784912,901.1790771484375,5685
2026-08-12T15:33:09.975,156,unlabeled,0.2,0,1.6878799997357419,3.3140389996333397,95.33961799934332,0.23399400015478022,100.60638100003416,9.939727381702165,129.474778,61.348,63.6,206.9,274.69921875,1800.0,5074161699000,1786516389845847552,33304,19017,2.0,1.001573085784912,901.2164916992188,5693
2026-08-12T15:33:10.075,157,unlabeled,0.2,0,1.7615440001463867,3.243651999582653,88.07782099938777,0.2347899999222136,93.34793600010016,10.712609649975839,130.154543,61.835,53.7,218.7,274.703125,1800.0,5074261611000,1786516389945759488,33304,19017,2.0,1.001573085784912,900.7008056640625,5699
2026-08-12T15:33:10.189,158,unlabeled,0.2,1,1.6766759999882197,6.783685000300466,90.0651560004917,0.5002269999749842,99.05739199984964,10.095157764718032,143.461169,62.322,66.7,212.1,274.703125,1800.0,5074361523000,1786516390045671424,33304,19017,2.0,1.001573085784912,900.447509765625,5704
2026-08-12T15:33:10.290,159,unlabeled,0.2,1,1.8453020002198173,3.356612000061432,88.35223999994923,0.49781899997469736,94.0799899999547,10.629252830495426,145.220656,61.835,51.4,206.5,274.703125,1800.0,5074461440000,1786516390145588480,33304,19017,2.0,1.001573085784912,900.3731689453125,5708
2026-08-12T15:33:10.412,160,unlabeled,0.2,0,1.725267999972857,4.8997549993146094,98.63169999971433,0.26399300077173393,105.64597200027492,9.465576217116897,133.618137,62.322,62.5,197.4,274.703125,1800.0,5074594650000,1786516390278798592,33304,19017,2.0,1.001573085784912,899.7902221679688,5716
2026-08-12T15:33:10.513,161,unlabeled,0.2,1,1.7607480003789533,3.2011899993449333,88.32362899920554,0.5006339997635223,93.81910899992363,10.658809390321688,134.719891,62.322,53.7,217.8,274.70703125,1800.0,5074694562000,1786516390378710528,33304,19017,2.0,1.001573085784912,899.8043212890625,5721
2026-08-12T15:33:10.633,162,unlabeled,0.2,0,1.6771389991845354,7.426594000207842,96.37120600018534,0.25771600030566333,105.76869099986652,9.454593703927582,154.80137,61.835,62.5,215.4,274.70703125,1800.0,5074794474000,1786516390478622464,33304,19017,2.0,1.001573085784912,899.8519897460938,5725
2026-08-12T15:33:10.735,163,unlabeled,0.2,2,1.6753800000515184,3.300539000520075,88.47047699964605,0.7224430000860593,94.19796900056099,10.61594013766947,123.714727,61.348,54.8,197.1,274.70703125,1800.0,5074927704000,1786516390611852544,33304,19017,2.0,1.001573085784912,900.1760864257812,5730
2026-08-12T15:33:10.857,164,unlabeled,0.2,0,1.6711210000721621,8.515249000083713,96.6124589995161,0.23432699981640326,107.06826700061356,9.339835490138917,145.452728,61.835,61.7,205.6,274.70703125,1800.0,5075027601000,1786516390711749376,33304,19017,2.0,1.001573085784912,900.2984008789062,5733
2026-08-12T15:33:10.958,165,unlabeled,0.2,1,1.8924119995062938,3.318261000458733,88.11104300002626,0.7246469995152438,94.07632500006002,10.629666922037632,147.022362,61.835,51.3,216.8,274.70703125,1800.0,5075127513000,1786516390811661568,33304,19017,2.0,1.001573085784912,900.00927734375,5736
2026-08-12T15:33:11.071,166,unlabeled,0.2,0,1.6594909993727924,4.483396000068751,91.67857800002821,0.23354899985861266,98.09708900047553,10.193982412619322,126.576953,62.809,68.1,221.6,274.70703125,1800.0,5075260730000,1786516390944878592,33304,19017,2.0,1.001573085784912,899.5997314453125,5735
2026-08-12T15:33:11.171,167,unlabeled,0.2,0,1.6876029994818964,3.148618000523129,88.17408300001262,0.22902999990037642,93.26868500011187,10.721712223119695,127.178338,62.809,56.1,199.0,274.7109375,1800.0,5075360642000,1786516391044790528,33304,19017,2.0,1.001573085784912,898.6217651367188,5734
2026-08-12T15:33:11.287,168,unlabeled,0.2,0,1.6994170000543818,3.2041160002336255,95.95283399994514,0.2335860008315649,101.12115599986282,9.889127454213009,143.027332,61.348,64.6,207.3,274.7109375,1800.0,5075460553000,1786516391144701440,33304,19017,2.0,1.001573085784912,898.0484619140625,5732
2026-08-12T15:33:11.389,169,unlabeled,0.2,0,1.699916999314155,3.7071219994686544,88.462148999497,0.23647499983781017,94.1373650002788,10.622774495515552,144.570136,62.809,55.0,216.9,274.7109375,1800.0,5075560465000,1786516391244613376,33304,19017,2.0,1.001573085784912,898.4313354492188,5729
2026-08-12T15:33:11.501,170,unlabeled,0.2,0,1.7131200002040714,3.422518000661512,92.72762599994167,0.2324010001757415,98.12738599976001,10.19083500300768,157.208092,61.835,63.6,213.2,274.71484375,1800.0,5075660376000,1786516391344524544,33304,19017,2.0,1.001573085784912,901.2242431640625,5726
2026-08-12T15:33:11.602,171,unlabeled,0.2,0,1.649399999223533,3.15826600035507,88.36046599935798,0.22953099960432155,93.42734699930588,10.70350418927586,124.609015,62.322,53.8,218.7,274.71484375,1800.0,5075793593000,1786516391477741568,33304,19017,2.0,1.001573085784912,899.5360717773438,5722
2026-08-12T15:33:11.714,172,unlabeled,0.2,0,1.637104000110412,4.286531999241561,91.81574299964268,0.23260499983734917,98.01050100031716,10.202988351184574,136.674391,62.809,65.1,205.4,274.71484375,1800.0,5075893504000,1786516391577652480,33304,19017,2.0,1.001573085784912,897.871337890625,5720
2026-08-12T15:33:11.815,173,unlabeled,0.2,0,1.6779910001787357,3.225579000172729,88.75452999927802,0.23280899949895684,93.92040800048562,10.647313201565622,137.852162,62.809,53.7,227.4,274.71484375,1800.0,5075993417000,1786516391677565440,33304,19017,2.0,1.001573085784912,896.849853515625,5717
2026-08-12T15:33:11.928,174,unlabeled,0.2,0,1.7298980001214659,3.3196320000570267,96.42387700023392,0.2569560001575155,101.77988000032201,9.825124572723373,151.331511,62.322,66.0,211.7,274.71875,1800.0,5076093329000,1786516391777477376,33304,19017,2.0,1.001573085784912,897.1100463867188,5715
2026-08-12T15:33:12.032,175,unlabeled,0.2,0,1.6853799997988972,3.216708999389084,88.67742300026293,0.2533449996917625,93.86244799952692,10.65388791058422,121.670201,62.809,53.7,212.5,274.71875,1800.0,5076226544000,1786516391910692352,33304,19017,2.0,1.001573085784912,898.4378051757812,5712
2026-08-12T15:33:12.143,176,unlabeled,0.2,1,1.7305089995716116,3.298521999568038,93.65538400015794,0.5037459995946847,99.22173199993267,10.078437252039489,132.392976,62.809,65.9,198.8,274.71875,1800.0,5076326458000,1786516392010606592,33304,19017,2.0,1.001573085784912,898.0624389648438,5711
2026-08-12T15:33:12.246,177,unlabeled,0.2,0,1.6793240001788945,3.290670000751561,88.73383100035426,0.2360300004511373,93.96815299987793,10.641903326558936,135.936411,62.809,52.5,212.7,274.71875,1800.0,5076426371000,1786516392110519552,33304,19017,2.0,1.001573085784912,899.11181640625,5710
2026-08-12T15:33:12.363,178,unlabeled,0.2,0,2.351528999497532,5.265597000288835,94.23016399978223,0.2610850006021792,102.17563399965002,9.78706919502379,152.990927,62.809,63.8,222.2,274.71875,1800.0,5076526280000,1786516392210428416,33304,19017,2.0,1.001573085784912,897.6113891601562,5708
2026-08-12T15:33:12.464,179,unlabeled,0.2,0,1.7164350001621642,3.1696169999122503,88.36976800012053,0.22366100074577844,93.50705399992876,10.694380340554435,121.099676,63.296,53.8,207.4,274.71875,1800.0,5076659496000,1786516392343644416,33304,19017,2.0,1.001573085784912,899.3871459960938,5705
2026-08-12T15:33:12.579,180,unlabeled,0.2,0,1.6864909994183108,7.047697999951197,92.14555400012614,0.23323500045080436,101.1469949999082,9.886601178818092,136.24262,63.296,64.4,217.0,274.71875,1800.0,5076759408000,1786516392443556608,33304,19017,2.0,1.001573085784912,902.2172241210938,5704
2026-08-12T15:33:12.683,181,unlabeled,0.2,0,1.6864910003278055,3.4484249999877647,90.6818529992961,0.2327900001546368,96.08198400019319,10.407778423871736,139.870132,62.809,53.7,212.6,274.72265625,1800.0,5076859320000,1786516392543468544,33304,19017,2.0,1.001573085784912,900.2543334960938,5701
2026-08-12T15:33:12.793,182,unlabeled,0.2,0,3.488774999823363,3.6808080003538635,88.76910799972393,0.24508600017725257,96.21914699982881,10.392941853888802,150.32665,62.322,60.5,199.3,274.72265625,1800.0,5076959231000,1786516392643379456,33304,19017,2.0,1.001573085784912,902.23828125,5698
2026-08-12T15:33:12.907,183,unlabeled,0.2,0,1.6932500002440065,3.241393000280368,97.03527300007408,0.23677199988014763,102.23709499950928,9.781185586354932,130.862932,62.322,63.8,211.0,274.72265625,1800.0,5077092447000,1786516392776595456,33304,19017,2.0,1.001573085784912,899.2238159179688,5695
2026-08-12T15:33:13.010,184,unlabeled,0.2,0,1.7083610000554472,3.268504000516259,88.4040079999977,0.2318639999430161,93.6409759997332,10.67908561742083,133.857245,62.322,52.5,213.9,274.7265625,1800.0,5077192358000,1786516392876506368,33304,19017,2.0,1.001573085784912,897.415771484375,5692
2026-08-12T15:33:13.122,185,unlabeled,0.2,1,1.711750000140455,3.3716309999363148,93.46585599996615,0.5073380007161177,99.08962999998039,10.09187338776215,146.535873,62.322,64.3,213.2,274.7265625,1800.0,5077292270000,1786516392976418560,33304,19017,2.0,1.001573085784912,897.3698120117188,5688
2026-08-12T15:33:13.224,186,unlabeled,0.2,0,1.6767879997132695,3.489257000182988,88.44377100012935,0.2638440000737319,93.90314100073738,10.649271039742404,148.075614,62.809,54.8,216.7,274.7265625,1800.0,5077392182000,1786516393076330496,33304,19017,2.0,1.001573085784912,899.55078125,5684
2026-08-12T15:33:13.335,187,unlabeled,0.2,0,1.6626030001134495,3.178692000801675,91.0772730003373,0.23460500051442068,96.18226499969751,10.396927125839103,125.564503,62.809,65.9,216.9,274.73046875,1800.0,5077525398000,1786516393209546496,33304,19017,2.0,1.001573085784912,897.4674072265625,5680
2026-08-12T15:33:13.435,188,unlabeled,0.2,0,1.6813060001368285,3.199802999915846,88.37351300007867,0.231381999583391,93.51653999965492,10.69329553898904,126.489057,62.322,56.1,208.2,274.73046875,1800.0,5077625310000,1786516393309458432,33304,19017,2.0,1.001573085784912,898.1238403320312,5677
2026-08-12T15:33:13.547,189,unlabeled,0.2,0,1.6637879998597782,6.32769899948471,89.37068999966868,0.23445599981641863,97.62598499946762,10.243174499140299,138.346656,62.809,66.7,214.7,274.73046875,1800.0,5077725224000,1786516393409372416,33304,19017,2.0,1.001573085784912,896.5282592773438,5674
2026-08-12T15:33:13.650,190,unlabeled,0.2,1,1.6838619994814508,3.232375999687065,89.66201500061288,0.4956719994879677,95.10505299931538,10.51468842572643,140.851496,62.809,53.8,205.2,274.73046875,1800.0,5077825134000,1786516393509282560,33304,19017,2.0,1.001573085784912,897.9246215820312,5671
2026-08-12T15:33:13.757,191,unlabeled,0.2,0,1.7406930001016008,3.1335260000560083,89.76762400016014,0.23353000051429262,94.90596500018,10.536745503805829,148.39713,62.322,58.1,213.8,274.734375,1800.0,5077925046000,1786516393609194496,33304,19017,2.0,1.001573085784912,897.2489013671875,5667
2026-08-12T15:33:13.863,192,unlabeled,0.2,1,1.7014720006045536,3.200153999387112,90.47867800018139,0.4875429995081504,95.899179999833,10.427617837834916,120.935845,62.809,67.4,217.4,274.734375,1800.0,5078058261000,1786516393742409472,33304,19017,2.0,1.001573085784912,896.4038696289062,5662
2026-08-12T15:33:13.971,193,unlabeled,0.2,0,1.6556769996896037,3.2619670000713086,89.15315800004464,0.23238199992192676,94.33205599998473,10.600850256037692,129.225842,62.809,58.5,212.7,274.734375,1800.0,5078158174000,1786516393842322432,33304,19017,2.0,1.001573085784912,896.4971313476562,5659
2026-08-12T15:33:14.072,194,unlabeled,0.2,0,1.6841770002429257,3.1347110007118317,88.13298600034614,0.23251199945661938,93.21508899938635,10.727876899914596,129.842132,63.296,53.7,218.9,274.734375,1800.0,5078258089000,1786516393942237440,33304,19017,2.0,1.001573085784912,896.1654663085938,5642
2026-08-12T15:33:14.184,195,unlabeled,0.2,1,1.6710110003259615,5.889045000003534,89.71812999971007,0.49691299955156865,97.81692899923655,10.223179261820874,141.871245,62.809,65.9,214.4,274.734375,1800.0,5078357998000,1786516394042146560,33304,19017,2.0,1.001573085784912,896.0180053710938,5627
2026-08-12T15:33:14.286,196,unlabeled,0.2,0,1.8191909994129674,3.8013599996702396,88.83139399949869,0.23390100068354513,94.71801299969229,10.557653906899933,144.096387,63.783,52.5,205.6,274.734375,1800.0,5078457915000,1786516394142063360,33304,19017,2.0,1.001573085784912,895.4978637695312,5614
2026-08-12T15:33:14.401,197,unlabeled,0.2,1,1.6620289998172666,8.354180999958771,90.56084799976816,0.4994310002075508,101.11217400026362,9.890005925472364,159.810779,62.809,67.4,207.5,274.734375,1800.0,5078557819000,1786516394241967360,33304,19017,2.0,1.001573085784912,895.2982177734375,5603
2026-08-12T15:33:14.502,198,unlabeled,0.2,0,1.6541220002181944,3.141952000078163,88.39397999963694,0.23312400026043179,93.45138000026054,10.70075155655499,127.567673,62.322,55.0,218.0,274.734375,1800.0,5078691036000,1786516394375184384,33304,19017,2.0,1.001573085784912,895.02294921875,5591
2026-08-12T15:33:14.622,199,unlabeled,0.2,0,1.6808059999675606,4.359974999715632,99.15309700045327,0.2354930002184119,105.47329599921795,9.48107282062575,147.422126,62.809,61.7,200.4,274.734375,1800.0,5078790949000,1786516394475097600,33304,19017,2.0,1.001573085784912,896.0791625976562,5583
2026-08-12T15:33:14.726,200,unlabeled,0.2,0,1.759452000442252,3.205245999197359,91.01777999967453,0.2547709991631564,96.27154499958124,10.387285256555817,151.837078,64.757,54.8,219.0,274.7421875,1800.0,5078890860000,1786516394575008512,33304,19017,2.0,1.001573085784912,895.452392578125,5589
2026-08-12T15:33:14.842,201,unlabeled,0.2,0,1.67754700032674,6.811852999817347,92.39385399996536,0.23330900057771942,101.15076500005671,9.886232694329493,134.666824,63.296,65.2,208.1,274.7421875,1800.0,5079024077000,1786516394708225536,33304,19017,2.0,1.001573085784912,896.0347290039062,5604
2026-08-12T15:33:14.943,202,unlabeled,0.2,0,1.6783439996288507,3.2897439996304456,88.51555099954567,0.23095699998521013,93.74466899953404,10.667273250545804,135.712214,62.809,54.8,207.9,274.7421875,1800.0,5079123989000,1786516394808137472,33304,19017,2.0,1.001573085784912,895.8104858398438,5613
2026-08-12T15:33:15.059,203,unlabeled,0.2,1,1.6565289997743093,7.447130999935325,91.27081300084683,0.5000979999749688,100.9131079999861,9.909515421922569,151.016628,63.783,64.4,217.0,274.7421875,1800.0,5079223901000,1786516394908049408,33304,19017,2.0,1.001573085784912,897.8408203125,5624
2026-08-12T15:33:15.160,204,unlabeled,0.2,0,1.7362859998684144,3.155303999847092,88.38967000065168,0.2475119999871822,93.55943799982924,10.688392548935845,119.241156,62.809,53.7,215.5,274.7421875,1800.0,5079357116000,1786516395041264384,33304,19017,2.0,1.001573085784912,897.0648803710938,5639
2026-08-12T15:33:15.276,205,unlabeled,0.2,0,1.6836589993545203,4.3460309998408775,95.39835199939262,0.23508600042987382,101.70390300027066,9.832464345024583,135.69157,63.296,66.0,207.4,274.7421875,1800.0,5079457027000,1786516395141175552,33304,19017,2.0,1.001573085784912,895.7529296875,5647
2026-08-12T15:33:15.377,206,unlabeled,0.2,0,1.697675999821513,3.1958959998519276,88.59447900067607,0.2324939996469766,93.75128500050778,10.666520464168398,136.795741,62.809,53.8,207.9,274.7421875,1800.0,5079556939000,1786516395241087488,33304,19017,2.0,1.001573085784912,895.4345092773438,5654
2026-08-12T15:33:15.490,207,unlabeled,0.2,0,1.7052869998224196,7.465390999641386,89.35549599937076,0.2413829997749417,98.8012970001364,10.121324621868268,149.812938,62.809,64.4,212.5,274.74609375,1800.0,5079656852000,1786516395341000448,33304,19017,2.0,1.001573085784912,896.0994873046875,5660
2026-08-12T15:33:15.592,208,unlabeled,0.2,0,1.6934360000959714,3.1940620001478237,88.33487499941839,0.294343999485136,93.54780899957404,10.689721231253564,118.077922,63.783,55.0,226.5,274.75,1800.0,5079790068000,1786516395474216448,33304,19017,2.0,1.001573085784912,896.28515625,5666
2026-08-12T15:33:15.705,209,unlabeled,0.2,0,1.7059540004993323,6.685207999908016,89.71787500013306,0.23486400004912866,98.37271500055067,10.165420360659988,131.396541,63.296,66.7,203.3,274.75,1800.0,5079889980000,1786516395574128384,33304,19017,2.0,1.001573085784912,897.058837890625,5672
2026-08-12T15:33:15.806,210,unlabeled,0.2,0,1.6648989994791918,3.2091540006149444,88.20245300012175,0.23525300002802396,93.34185199986678,10.71330789538467,131.997178,63.296,51.3,208.9,274.75,1800.0,5079989894000,1786516395674042368,33304,19017,2.0,1.001573085784912,896.1659545898438,5678
2026-08-12T15:33:15.919,211,unlabeled,0.2,1,1.6612890003671055,3.409111999644665,92.80188499997166,0.5011900002500624,98.40562199951819,10.162021027669498,145.516349,64.27,65.2,220.3,274.75,1800.0,5080089803000,1786516395773951488,33304,19017,2.0,1.001573085784912,893.220703125,5683
2026-08-12T15:33:16.021,212,unlabeled,0.2,1,1.6978800003926153,3.8859139995111036,88.25647100002243,0.49750499965739436,94.36828699926991,10.59678025105761,147.46356,63.296,57.1,216.1,274.75,1800.0,5080189714000,1786516395873862400,33304,19017,2.0,1.001573085784912,892.2616577148438,5685
2026-08-12T15:33:16.134,213,unlabeled,0.2,1,1.636529999814229,3.2421159994555637,92.82870399965759,0.497431000439974,98.23329900063982,10.179847466931623,127.36036,62.322,63.4,212.2,274.75390625,1800.0,5080322931000,1786516396007079424,33304,19017,2.0,1.001573085784912,902.3221435546875,5681
2026-08-12T15:33:16.235,214,unlabeled,0.2,1,1.644529999794031,3.2468200006405823,88.57248599997547,0.49796900020737667,93.99017199939408,10.63941025670691,128.937392,63.296,53.7,216.7,274.75390625,1800.0,5080422847000,1786516396106995456,33304,19017,2.0,1.001573085784912,902.4262084960938,5679
2026-08-12T15:33:16.349,215,unlabeled,0.2,0,1.6967690007732017,6.858332999399863,89.58532900032878,0.23569800032419153,98.40660899953946,10.161919104484944,142.739665,62.809,65.9,202.3,274.75390625,1800.0,5080522754000,1786516396206902528,33304,19017,2.0,1.001573085784912,898.20458984375,5667
2026-08-12T15:33:16.450,216,unlabeled,0.2,1,1.9094850003966712,3.359186999659869,88.16347799984214,0.49848700018628733,93.96050699979241,10.642769307345365,144.083645,63.783,51.3,217.3,274.75390625,1800.0,5080622667000,1786516396306815488,33304,19017,2.0,1.001573085784912,900.837646484375,5642
2026-08-12T15:33:16.569,217,unlabeled,0.2,1,1.7203239995069453,3.6455320005188696,99.35673200016026,1.387352000165265,106.16751099951216,9.419077367318096,162.41503,63.296,65.3,203.0,274.7578125,1800.0,5080722578000,1786516396406726400,33304,19017,2.0,1.001573085784912,899.8123168945312,5620
2026-08-12T15:33:16.674,218,unlabeled,0.2,1,1.7083239999919897,3.1663030003983295,89.74712000053842,1.615438000044378,96.26914799991937,10.387543888939762,134.986102,62.809,53.7,217.4,274.76171875,1800.0,5080855795000,1786516396539943424,33304,19017,2.0,1.001573085784912,902.1451416015625,5590
2026-08-12T15:33:16.799,219,unlabeled,0.2,1,2.1848669994142256,5.973709000500094,93.50100099982228,1.571679999869957,103.27044099994964,9.683312962713964,160.008994,64.27,60.0,200.0,274.76171875,1800.0,5080955738000,1786516396639886592,33304,19017,2.0,1.001573085784912,891.3151245117188,5560
2026-08-12T15:33:16.902,220,unlabeled,0.2,1,1.6909549995034467,3.3138550006697187,88.60709500004305,0.930271000470384,94.57369400024618,10.57376483567827,128.942374,61.835,53.7,215.5,274.76171875,1800.0,5081088922000,1786516396773070592,33304,19017,2.0,1.001573085784912,873.8748779296875,5527
2026-08-12T15:33:17.014,221,unlabeled,0.2,1,1.7071760003091185,3.2768929995654617,94.37784700003249,0.9574559999236953,100.3497800002151,9.965143919576668,141.791994,63.783,63.6,204.0,274.765625,1800.0,5081188834000,1786516396872982528,33304,19017,2.0,1.001573085784912,867.19970703125,5509
2026-08-12T15:33:17.119,222,unlabeled,0.2,1,1.782786000148917,3.7117150004633004,88.39308700044057,0.9501969998382265,94.87015400009113,10.540722849454207,146.39609,63.783,51.2,220.0,274.765625,1800.0,5081288748000,1786516396972896512,33304,19017,2.0,1.001573085784912,868.5442504882812,5499
2026-08-12T15:33:17.235,223,unlabeled,0.2,2,1.6872689993761014,7.014347999756865,91.22949199991126,1.1864309999509715,101.14876300031028,9.886428368846511,129.853762,64.27,66.7,205.7,274.765625,1800.0,5081421962000,1786516397106110464,33304,19017,2.0,1.001573085784912,869.4805297851562,5487
2026-08-12T15:33:17.339,224,unlabeled,0.2,3,1.7401570003130473,3.3493920000182698,89.0802910007551,1.4313680003397167,95.63443000024563,10.45648518004898,133.626291,63.296,54.8,221.8,274.76953125,1800.0,5081521872000,1786516397206020352,33304,19017,2.0,1.001573085784912,853.8001098632812,5480
2026-08-12T15:33:17.458,225,unlabeled,0.2,1,1.7224539997187094,7.475798999621475,93.00714900018647,0.9346599999844329,103.17394899993815,9.692369146407293,152.116121,62.809,64.4,202.7,274.76953125,1800.0,5081621784000,1786516397305932544,33304,19207,2.0,1.001488447189331,842.5447387695312,5474
2026-08-12T15:33:17.560,226,unlabeled,0.2,1,1.7161019995910465,3.277505000369274,88.3414959998845,0.7342950002566795,94.09800800040102,10.627217528300262,121.119947,61.835,54.8,205.6,274.76953125,1800.0,5081755003000,1786516397439151360,33304,19620,2.0,1.0005906820297241,840.7621459960938,5468
2026-08-12T15:33:17.673,227,unlabeled,0.2,1,1.696844000434794,6.590359999790962,90.31077700001333,0.7237210002131178,99.35329300060403,10.065091652210464,134.911588,63.296,65.9,219.8,274.76953125,1800.0,5081854915000,1786516397539063552,33304,19620,2.0,1.0005906820297241,841.8285522460938,5464
2026-08-12T15:33:17.775,228,unlabeled,0.2,1,1.6557889994146535,3.143046000332106,88.38856900001701,0.7193320006990689,93.9356980006778,10.645580128576725,136.503622,64.757,55.0,216.7,274.76953125,1800.0,5081954828000,1786516397638976512,33304,19620,2.0,1.0005906820297241,849.0023193359375,5460
2026-08-12T15:33:17.886,229,unlabeled,0.2,2,1.8928380004581413,3.345262000038929,93.21473599993624,0.9376420002809027,99.4230129999778,10.058033546018398,148.054678,63.296,66.7,206.3,274.76953125,1800.0,5082054739000,1786516397738887424,33304,19620,2.0,1.0005906820297241,857.8578491210938,5456
2026-08-12T15:33:17.990,230,unlabeled,0.2,2,1.559310000629921,3.1366559996968135,88.28859100049158,0.7886089997555246,93.80392399998527,10.660534840740318,118.85603,63.783,54.5,219.5,274.7734375,1800.0,5082187955000,1786516397872103424,33304,19620,2.0,1.0005906820297241,867.79443359375,5453
2026-08-12T15:33:18.105,231,unlabeled,0.2,2,1.6653259999657166,3.2112479993884335,93.32758900018234,1.2001349996353383,99.43405600006372,10.056916515598632,133.247018,62.809,67.4,202.7,274.7734375,1800.0,5082287866000,1786516397972014592,33304,19430,2.0,1.000165581703186,871.9091186523438,5453
2026-08-12T15:33:18.207,232,unlabeled,0.2,2,1.6587520003668033,3.2036550001066644,88.19233899976098,1.3600560005215812,94.44489199995587,10.588185118581821,135.498966,63.296,52.5,225.1,274.7734375,1800.0,5082387779000,1786516398071927552,33304,19430,2.0,1.000165581703186,872.3485107421875,5452
2026-08-12T15:33:18.325,233,unlabeled,0.2,1,1.7017700001815683,7.133901000088372,92.82754700052465,0.9875659998215269,102.68567200000689,9.738456987455201,153.555068,63.296,63.0,202.3,274.7734375,1800.0,5082487688000,1786516398171836416,33304,19430,2.0,1.000165581703186,871.160888671875,5452
2026-08-12T15:33:18.428,234,unlabeled,0.2,2,1.664213999902131,3.3267629996771575,88.38879599989014,0.936307999836572,94.34420999969007,10.599484589497173,123.022147,63.296,53.7,215.6,274.7734375,1800.0,5082620904000,1786516398305052416,33304,19430,2.0,1.000165581703186,866.7896118164062,5454
2026-08-12T15:33:18.540,235,unlabeled,0.2,1,1.7074540000976413,3.2653570006004884,92.80691799995111,0.5033750003349269,98.31319600016286,10.171574525950142,136.008369,64.757,65.9,212.6,274.7734375,1800.0,5082720816000,1786516398404964352,33304,19430,2.0,1.000165581703186,862.8662109375,5455
2026-08-12T15:33:18.643,236,unlabeled,0.2,2,1.6743249998398824,3.195524999682675,89.50950599955831,0.7564430006823386,95.16607800014754,10.507945909029157,138.621926,64.27,55.0,214.5,274.77734375,1800.0,5082820731000,1786516398504879360,33304,19430,2.0,1.000165581703186,857.6168212890625,5456
2026-08-12T15:33:18.754,237,unlabeled,0.2,1,1.9285779999336228,3.204191999429895,88.53581000039412,0.7572019994768198,94.45735600002081,10.586787968104673,149.660589,63.783,60.9,216.3,274.77734375,1800.0,5082920640000,1786516398604788480,33304,19430,2.0,1.000165581703186,855.3822631835938,5457
2026-08-12T15:33:18.858,238,unlabeled,0.2,2,1.6814549999253359,3.262672000346356,89.99199400022917,0.9203639992847457,95.88646500014875,10.42900058937879,120.867172,63.296,61.9,209.7,274.77734375,1800.0,5083053857000,1786516398738005504,33304,19430,2.0,1.000165581703186,852.0743408203125,5459
2026-08-12T15:33:18.964,239,unlabeled,0.2,2,1.7133430001194938,3.188358999977936,88.33768600015901,1.1515989999679732,94.4212639997204,10.590834708619886,126.214809,62.809,54.5,219.5,274.78125,1800.0,5083153771000,1786516398837919488,33304,19430,2.0,1.000165581703186,850.04443359375,5460
2026-08-12T15:33:19.077,240,unlabeled,0.2,2,1.742082999953709,3.1832109998504166,92.380193000281,1.1507469998832676,98.48689899990859,10.153634748931715,139.589337,62.809,65.9,211.9,274.78125,1800.0,5083253680000,1786516398937828352,33304,19430,2.0,1.000165581703186,848.3002319335938,5461
2026-08-12T15:33:19.197,241,unlabeled,0.2,2,1.7910070000652922,3.262968999479199,88.42815200023324,0.9457529995415825,94.45658300046489,10.586874606665353,126.430618,63.296,50.0,199.9,274.78125,1800.0,5083386897000,1786516399071045376,33304,19430,2.0,1.000165581703186,845.89453125,5461
2026-08-12T15:33:19.311,242,unlabeled,0.2,1,1.6748810003264225,3.2109690000652336,93.0900080002175,0.9367709999423823,98.9420739997513,10.106923774435066,140.163186,63.783,67.4,211.2,274.78125,1800.0,5083486808000,1786516399170956544,33304,19430,2.0,1.000165581703186,845.1663208007812,5462
2026-08-12T15:33:19.414,243,unlabeled,0.2,2,1.8232479997095652,3.5398319996602368,88.25839699966309,1.1463950004326762,94.79781499976525,10.548766340262972,143.843837,63.296,54.8,212.4,274.78125,1800.0,5083586722000,1786516399270870528,33304,19430,2.0,1.000165581703186,845.609619140625,5461
2026-08-12T15:33:19.529,244,unlabeled,0.2,1,1.6421779992015217,5.672422000316146,91.12913500030118,0.7223139991765493,99.2265849999967,10.077944333164679,125.36393,64.27,65.2,209.2,274.78125,1800.0,5083719935000,1786516399404083456,33304,19430,2.0,1.000165581703186,851.4485473632812,5461
2026-08-12T15:33:19.631,245,unlabeled,0.2,3,1.6631039998173947,3.148970999973244,88.49283499966987,1.1494319996927516,94.48306400008732,10.583907397404849,127.46824,63.783,55.0,225.4,274.78125,1800.0,5083819848000,1786516399503996416,33304,19430,2.0,1.000165581703186,851.0422973632812,5460
2026-08-12T15:33:19.746,246,unlabeled,0.2,2,1.6753250001784181,3.211338999790314,90.6177970000499,0.9396969999215798,96.4751769997747,10.36536061501432,142.138996,63.296,60.9,200.8,274.78125,1800.0,5083919760000,1786516399603908352,33304,19430,2.0,1.000165581703186,851.9253540039062,5461
2026-08-12T15:33:19.848,247,unlabeled,0.2,1,1.6473819996463135,3.453462999459589,88.27830399968661,0.933493000047747,94.3445110005996,10.599450772431737,144.255368,63.783,53.7,225.4,274.78515625,1800.0,5084019675000,1786516399703823360,33304,19430,2.0,1.000165581703186,853.0889892578125,5462
2026-08-12T15:33:19.962,248,unlabeled,0.2,1,1.7077880002034362,3.3076339996114257,96.09257600004639,0.9377529995617806,102.0992310004658,9.794393064482902,158.681193,63.296,64.4,201.2,274.78515625,1800.0,5084119583000,1786516399803731456,33304,19430,2.0,1.000165581703186,852.190673828125,5463
2026-08-12T15:33:20.066,249,unlabeled,0.2,2,1.7028439997375244,3.21291399995971,88.4951900006854,1.153524999608635,94.59521200005838,10.571359573668303,129.67663,64.757,52.5,211.1,274.78515625,1800.0,5084252799000,1786516399936947456,33304,19430,2.0,1.000165581703186,851.4125366210938,5465
2026-08-12T15:33:20.180,250,unlabeled,0.2,1,1.7156949998025084,3.5122210001645726,93.50189099950512,0.773720000324829,99.53609999956825,10.046606206234095,143.634023,64.27,65.2,210.8,274.7890625,1800.0,5084352711000,1786516400036859392,33304,19430,2.0,1.000165581703186,851.9453735351562,5466
2026-08-12T15:33:20.282,251,unlabeled,0.2,1,1.832394999837561,3.1388610004796647,88.47978499943565,0.9345680000478751,94.41394100031175,10.59165616226843,145.722579,63.783,55.0,215.7,274.7890625,1800.0,5084452624000,1786516400136772352,33304,19430,2.0,1.000165581703186,852.5330200195312,5467
2026-08-12T15:33:20.396,252,unlabeled,0.2,2,1.678139999967243,4.315348000091035,92.14907600016886,1.1957639999309322,99.37799399995129,10.062589913019277,159.755817,63.296,68.8,219.4,274.7890625,1800.0,5084552534000,1786516400236682496,33304,19430,2.0,1.000165581703186,853.2774658203125,5467
2026-08-12T15:33:20.498,253,unlabeled,0.2,1,1.675677000093856,3.258245999859355,88.3686580000358,0.7536650000474765,94.08535700003995,10.628646495964036,128.286692,63.296,52.5,216.2,274.79296875,1800.0,5084685750000,1786516400369898496,33304,19430,2.0,1.000165581703186,851.7835693359375,5465
2026-08-12T15:33:20.612,254,unlabeled,0.2,1,1.6631409998808522,3.684180000163906,92.67246899980819,0.9882519998427597,99.06465000040043,10.09441814003237,142.593607,62.322,66.7,210.1,274.79296875,1800.0,5084785663000,1786516400469811456,33304,19430,2.0,1.000165581703186,851.244873046875,5464
2026-08-12T15:33:20.714,255,unlabeled,0.2,1,1.9175969991920283,3.497128999697452,88.55056100037473,0.721979999980249,94.71693300019979,10.557774289396498,144.945801,63.296,55.0,205.3,274.79296875,1800.0,5084885580000,1786516400569728512,33304,19430,2.0,1.000165581703186,849.07568359375,5463
2026-08-12T15:33:20.829,256,unlabeled,0.2,1,1.6846960006660083,6.056098000044585,90.2342569997927,0.938622999456129,98.9929849993132,10.101725895091839,126.589445,63.296,65.2,226.4,274.79296875,1800.0,5085018791000,1786516400702939392,33304,19430,2.0,1.000165581703186,844.7241821289062,5460
2026-08-12T15:33:20.930,257,unlabeled,0.2,1,1.669493000008515,3.1324720002885442,88.36389899988717,0.7237400004669325,93.91763900021033,10.647627119307806,128.140376,64.27,53.7,197.1,274.79296875,1800.0,5085118703000,1786516400802851584,33304,19430,2.0,1.000165581703186,842.1937255859375,5459
2026-08-12T15:33:21.045,258,unlabeled,0.2,2,1.6568450000704615,4.401623000376276,92.3833859997103,1.147338999544445,99.63861799951701,10.036269270664185,143.222538,64.27,66.7,217.4,274.79296875,1800.0,5085218615000,1786516400902763520,33304,19588,2.0,1.00105619430542,841.2684326171875,5457
2026-08-12T15:33:21.148,259,unlabeled,0.2,1,1.9033010003113304,3.5226099998908467,88.2394629998089,0.9774370000741328,94.67229100027907,10.562752727691487,145.756674,63.296,53.7,214.8,274.796875,1800.0,5085318529000,1786516401002677504,33304,19588,2.0,1.00105619430542,844.2224731445312,5455
2026-08-12T15:33:21.263,260,unlabeled,0.2,4,1.6704930003470508,3.15617599972029,92.98803999990923,1.572920999933558,99.4216460003372,10.058171839124533,127.625229,63.783,66.0,208.5,274.796875,1800.0,5085451743000,1786516401135891456,33304,19588,2.0,1.00105619430542,844.0384521484375,5453
2026-08-12T15:33:21.366,261,unlabeled,0.2,1,1.6981210001176805,3.225839000151609,88.43129000069894,0.934419999794045,94.32411499983573,10.601742725089354,130.192598,64.757,53.8,214.8,274.796875,1800.0,5085551655000,1786516401235803392,33304,19588,2.0,1.00105619430542,843.9389038085938,5452
2026-08-12T15:33:21.481,262,unlabeled,0.2,2,1.6820470000311616,4.476787999919907,92.12939600001846,1.6162160000021686,99.95428000001993,10.004574091272536,145.470063,64.27,64.4,217.0,274.796875,1800.0,5085651566000,1786516401335714560,33304,19588,2.0,1.00105619430542,844.099853515625,5450
2026-08-12T15:33:21.585,263,unlabeled,0.2,1,1.577513000484032,3.140970999993442,88.19118700012041,1.4158329995552776,94.35942900017835,10.597775024667751,116.129924,62.809,53.7,211.7,274.796875,1800.0,5085784782000,1786516401468930560,33304,19588,2.0,1.00105619430542,845.1150512695312,5448
2026-08-12T15:33:21.698,264,unlabeled,0.2,2,1.6918989995247102,3.232432000004337,92.33833399957803,1.1503399991852348,98.44320899992454,10.158141025256162,129.705105,64.27,65.9,211.5,274.80078125,1800.0,5085884695000,1786516401568843520,33304,19588,2.0,1.00105619430542,848.8224487304688,5447
2026-08-12T15:33:21.801,265,unlabeled,0.2,2,1.671122000516334,3.2512279994989512,88.16272399963054,1.61806800042541,94.73525300018082,10.555732616221453,132.283622,64.757,53.7,214.7,274.80078125,1800.0,5085984607000,1786516401668755456,33304,19588,2.0,1.00105619430542,849.1739501953125,5446
2026-08-12T15:33:21.915,266,unlabeled,0.2,3,1.6903799996725866,3.2309139996868907,93.01127999970049,1.5817719995538937,99.54566200030968,10.0456411651257,146.901758,64.27,65.2,209.4,274.80078125,1800.0,5086084517000,1786516401768665600,33304,19588,2.0,1.00105619430542,851.518798828125,5445
2026-08-12T15:33:22.019,267,unlabeled,0.2,3,1.5350879994002753,3.1881559998510056,88.27705499970762,1.3820559997839155,94.41339200020593,10.591717751204394,117.716385,64.27,53.7,221.0,274.80078125,1800.0,5086217734000,1786516401901882368,33304,19588,2.0,1.00105619430542,849.1547241210938,5443
2026-08-12T15:33:22.133,268,unlabeled,0.2,2,1.7164910004794365,3.2155259996216046,92.073605999758,1.1843749998661224,98.22142400025768,10.181078213622483,131.320853,64.27,66.7,211.7,274.80078125,1800.0,5086317647000,1786516402001795584,33304,19588,2.0,1.00105619430542,852.5260009765625,5442
2026-08-12T15:33:22.236,269,unlabeled,0.2,2,1.6753820000303676,3.1719340004201513,88.57129199986957,1.0048990006907843,94.4544499998301,10.587113682857703,135.045165,63.783,53.7,212.3,274.8046875,1800.0,5086417558000,1786516402101706496,33304,19588,2.0,1.00105619430542,862.4186401367188,5440
2026-08-12T15:33:22.349,270,unlabeled,0.2,3,1.7156209996755933,3.18154499927914,92.69075699921814,1.3664449998032069,98.98455199981981,10.102586512709784,148.18069,63.783,63.6,212.1,274.8046875,1800.0,5086517469000,1786516402201617408,33304,19588,2.0,1.00105619430542,859.0986328125,5439
2026-08-12T15:33:22.452,271,unlabeled,0.2,2,1.5488659992115572,3.29565299944079,88.1297669993728,1.203597000312584,94.20932700049889,10.614660266012775,117.624681,63.296,55.0,214.4,274.8046875,1800.0,5086650685000,1786516402334833408,33304,19588,2.0,1.00105619430542,860.8685913085938,5438
2026-08-12T15:33:22.579,272,unlabeled,0.2,2,2.4791010000626557,6.7159319996790146,97.30435600067722,1.1611729996729991,107.6959120000538,9.285403516518812,145.204838,63.783,60.4,196.1,274.8046875,1800.0,5086750597000,1786516402434745600,33304,19588,2.0,1.00105619430542,858.737548828125,5437
2026-08-12T15:33:22.683,273,unlabeled,0.2,2,1.8667840004127356,3.2043040000644396,89.29579200048465,0.9431230000700452,95.34177800014731,10.488581406552486,148.565385,65.244,53.7,212.9,274.80859375,1800.0,5086850511000,1786516402534659584,33304,19588,2.0,1.00105619430542,857.96728515625,5437
2026-08-12T15:33:22.804,274,unlabeled,0.2,1,3.0926029994589044,3.621681000367971,90.14017599929502,0.8403290003116126,97.72956699998758,10.232317922785098,136.251828,63.783,63.0,206.9,274.80859375,1800.0,5086983725000,1786516402667873536,33304,19588,2.0,1.00105619430542,855.6841430664062,5437
2026-08-12T15:33:22.909,275,unlabeled,0.2,3,1.9515220001267153,4.350144000454748,89.5276549999835,1.2021350003124098,97.06887999982428,10.301962894820774,141.287353,63.783,61.9,209.8,274.8125,1800.0,5087083638000,1786516402767786496,33304,19588,2.0,1.00105619430542,856.589111328125,5437
2026-08-12T15:33:23.024,276,unlabeled,0.2,1,1.6769370004112716,3.248932000133209,93.9152800001466,1.1855979992105858,100.05902400007471,9.99410108177003,156.585896,64.757,63.6,217.0,274.8125,1800.0,5087183549000,1786516402867697408,33304,19588,2.0,1.00105619430542,858.24267578125,5436
2026-08-12T15:33:23.125,277,unlabeled,0.2,1,1.6847699998834287,3.2650430002831854,88.30752599988045,0.933418999920832,94.22279499995057,10.613143029778778,125.0624,63.783,52.5,206.5,274.8125,1800.0,5087316765000,1786516403000913408,33304,19588,2.0,1.00105619430542,859.6954956054688,5436
2026-08-12T15:33:23.237,278,unlabeled,0.2,1,1.6946589994404349,3.309319000436517,93.0235680007172,1.1556179997569416,99.24747599961847,10.075822986207168,136.516362,64.27,68.9,215.5,274.8125,1800.0,5087416677000,1786516403100825600,33304,19588,2.0,1.00105619430542,862.3795166015625,5435
2026-08-12T15:33:23.341,279,unlabeled,0.2,2,1.717638999252813,3.2251740003630402,88.74681099950976,1.3589449999926728,95.07879000011599,10.517592830102068,141.23276,63.783,54.8,210.3,274.8125,1800.0,5087516589000,1786516403200737536,33304,19588,2.0,1.00105619430542,864.7830810546875,5435
2026-08-12T15:33:23.455,280,unlabeled,0.2,1,1.7016769998008385,3.3532819998072227,93.38166900033684,1.1705250008162693,99.63546600010886,10.036586771209635,155.111482,64.27,65.9,210.8,274.81640625,1800.0,5087616502000,1786516403300650496,33304,19398,2.0,1.0013878345489502,866.42529296875,5434
2026-08-12T15:33:23.561,281,unlabeled,0.2,1,1.7018250000546686,3.1234910002240213,92.03470400007063,1.175506000436144,98.06548899996415,10.19726725678557,127.458865,64.757,58.5,208.5,274.81640625,1800.0,5087749718000,1786516403433866496,33304,19398,2.0,1.0013878345489502,868.6676025390625,5433
2026-08-12T15:33:23.679,282,unlabeled,0.2,2,1.6767329998401692,3.2144699998752913,96.67917400020087,1.3752040003964794,102.97498799991445,9.711096057625477,145.655564,63.296,65.2,211.6,274.81640625,1800.0,5087849628000,1786516403533776384,33304,19398,2.0,1.0013878345489502,870.730224609375,5433
2026-08-12T15:33:23.781,283,unlabeled,0.2,3,1.589513999533665,3.3694659996399423,88.1561039996086,1.1616539995884523,94.30960699955904,10.603373630903537,114.761699,63.783,52.5,205.2,274.81640625,1800.0,5087982844000,1786516403666992384,33304,19398,2.0,1.0013878345489502,871.2626342773438,5434
2026-08-12T15:33:23.897,284,unlabeled,0.2,2,1.6646039994157036,5.811252999592398,90.26747400002932,1.4013150002938346,99.21666300033394,10.078952161459354,130.107071,64.27,64.4,217.0,274.81640625,1800.0,5088082757000,1786516403766905600,33304,19239,2.0,1.0005757808685303,872.363037109375,5435
2026-08-12T15:33:23.998,285,unlabeled,0.2,1,1.6925290001381654,3.242931999920984,88.05116199982876,0.9340120004708297,93.95117300027778,10.6438266608661,131.799686,64.27,53.7,206.7,274.8203125,1800.0,5088182671000,1786516403866819584,33304,19239,2.0,1.0005757808685303,872.0885009765625,5436
2026-08-12T15:33:24.112,286,unlabeled,0.2,1,1.660085000366962,5.799939000098675,90.61587700034579,0.9880289999273373,99.11183700023685,10.089612202401316,146.167899,65.244,65.9,218.8,274.8203125,1800.0,5088282581000,1786516403966729472,33304,19239,2.0,1.0005757808685303,871.3348388671875,5437
2026-08-12T15:33:24.215,287,unlabeled,0.2,1,1.9032270001844154,3.474723000181257,88.27493799981312,0.9359929999845917,94.61906700016698,10.568694362609127,148.358975,64.27,52.5,205.5,274.8203125,1800.0,5088382494000,1786516404066642432,33304,19239,2.0,1.0005757808685303,870.7477416992188,5438
2026-08-12T15:33:24.329,288,unlabeled,0.2,1,1.6939180004555965,5.965285999991465,90.50334299990936,0.9383830001752358,99.17426100037119,10.083261421995948,130.058237,65.244,65.2,217.7,274.8203125,1800.0,5088515708000,1786516404199856384,33304,19239,2.0,1.0005757808685303,868.8225708007812,5439
2026-08-12T15:33:24.431,289,unlabeled,0.2,1,1.665364000473346,3.2971909995467286,88.119332000133,0.9370670004500425,94.04823000022589,10.632842319282332,131.711608,65.244,56.1,216.5,274.8203125,1800.0,5088615621000,1786516404299769600,33304,19239,2.0,1.0005757808685303,867.24951171875,5439
2026-08-12T15:33:24.546,290,unlabeled,0.2,2,1.6975660000753123,4.554119999738759,91.88365799946041,1.1517110006025177,99.32186799960618,10.068276202819353,146.613945,64.27,63.6,209.1,274.8203125,1800.0,5088715533000,1786516404399681536,33304,19239,2.0,1.0005757808685303,866.3385620117188,5439
2026-08-12T15:33:24.649,291,unlabeled,0.2,1,1.8692839994400856,3.234007000173733,89.237413999399,1.2203189999127062,95.59233799973299,10.461089465170245,150.047321,64.27,54.8,212.8,274.82421875,1800.0,5088815446000,1786516404499594496,33304,19239,2.0,1.0005757808685303,865.978515625,5439
2026-08-12T15:33:24.761,292,unlabeled,0.2,1,1.6873439999471884,3.1896560003588093,89.52148000025772,0.9390119994350243,95.36610300074244,10.485906087535263,128.628968,65.244,62.2,214.7,274.82421875,1800.0,5088948659000,1786516404632807424,33304,19239,2.0,1.0005757808685303,866.734619140625,5437
2026-08-12T15:33:24.862,293,unlabeled,0.2,1,1.6913619992919848,3.134046000013768,88.24527299930196,0.9315679999417625,94.03182400001242,10.63469746157288,130.271299,64.27,52.5,216.6,274.82421875,1800.0,5089048572000,1786516404732720384,33304,19239,2.0,1.0005757808685303,868.1468505859375,5437
2026-08-12T15:33:24.977,294,unlabeled,0.2,1,1.6617520004729158,4.018005000034464,92.34927600027731,0.9378450004078331,99.00613700028771,10.100383979198119,144.713281,64.27,67.4,201.1,274.82421875,1800.0,5089148484000,1786516404832632576,33304,19239,2.0,1.0005757808685303,869.7122192382812,5436
2026-08-12T15:33:25.079,295,unlabeled,0.2,1,1.9094129993391107,3.4088349993908196,88.09887299958064,0.9348089997729403,94.38192899960995,10.595248588362,146.690088,63.296,53.7,225.7,274.82421875,1800.0,5089248397000,1786516404932545536,33304,19239,2.0,1.0005757808685303,871.62109375,5435
2026-08-12T15:33:25.194,296,unlabeled,0.2,1,1.6851959999257815,6.868428999950993,89.60381599990797,0.9301789996243315,99.11941599966667,10.088840717174554,128.509002,64.757,66.0,208.7,274.82421875,1800.0,5089381611000,1786516405065759488,33304,19239,2.0,1.0005757808685303,873.0505981445312,5434
2026-08-12T15:33:25.296,297,unlabeled,0.2,1,1.6616969996903208,3.1823790004636976,89.25258399995073,0.9989000000132364,95.12579999955051,10.51239516518889,131.260883,64.27,59.0,214.3,274.828125,1800.0,5089481524000,1786516405165672448,33304,19239,2.0,1.0005757808685303,872.7893676757812,5433
2026-08-12T15:33:25.409,298,unlabeled,0.2,1,1.6780669993750053,3.7020319996372564,91.27647600053024,0.9380120000059833,97.62462199978472,10.24331751063994,144.257059,63.783,65.2,212.5,274.828125,1800.0,5089581435000,1786516405265583360,33304,19239,2.0,1.0005757808685303,872.1631469726562,5432
2026-08-12T15:33:25.511,299,unlabeled,0.2,1,1.6894560003493098,3.437279000536364,88.17663100035134,0.9401600000273902,94.27372999925865,10.607408872098981,146.411465,65.244,53.7,205.7,274.828125,1800.0,5089681347000,1786516405365495552,33304,19239,2.0,1.0005757808685303,871.396728515625,5432
2026-08-12T15:33:25.626,300,unlabeled,0.2,1,1.6744750000725617,5.709940999622631,90.1566169995931,1.2102090004191268,98.78462899996521,10.123032400115125,127.760578,64.757,65.9,225.1,274.828125,1800.0,5089814564000,1786516405498712576,33304,19239,2.0,1.0005757808685303,871.0598754882812,5432
2026-08-12T15:33:25.730,301,unlabeled,0.2,1,1.699659000223619,3.2948759999271715,88.30501699958404,1.14822900013678,94.48205700027756,10.584020201815274,131.794931,63.783,54.8,213.7,274.828125,1800.0,5089914476000,1786516405598624512,33304,19239,2.0,1.0005757808685303,872.067626953125,5432
2026-08-12T15:33:25.845,302,unlabeled,0.2,1,1.6717529997549718,5.5827790001785615,90.94550200006779,1.189024000268546,99.43790800025454,10.056526933344578,146.515266,64.757,63.6,209.4,274.828125,1800.0,5090014387000,1786516405698535424,33304,19239,2.0,1.0005757808685303,873.5350341796875,5433
2026-08-12T15:33:25.947,303,unlabeled,0.2,1,1.742584000567149,3.2055450001280406,88.10068900038459,1.1497469995447318,94.22834199995123,10.612518259108471,115.279736,65.244,55.0,215.5,274.83203125,1800.0,5090147603000,1786516405831751424,33304,19239,2.0,1.0005757808685303,877.1266479492188,5434
2026-08-12T15:33:26.058,304,unlabeled,0.2,1,1.7027509993567946,3.3176349998029764,92.86065800006327,1.1445070003901492,99.05779100063228,10.095117101830153,126.869234,63.783,65.1,206.4,274.83203125,1800.0,5090247514000,1786516405931662592,33304,19239,2.0,1.0005757808685303,877.2661743164062,5433
2026-08-12T15:33:26.162,305,unlabeled,0.2,2,1.7207880000569276,3.1872489998931997,88.09436000046844,1.3656490000357735,94.39704599935794,10.593551836429306,130.919017,64.27,52.5,211.6,274.8359375,1800.0,5090347426000,1786516406031574528,33304,19239,2.0,1.0005757808685303,875.606201171875,5432
2026-08-12T15:33:26.276,306,unlabeled,0.2,1,1.662325999859604,3.328931000396551,93.2913529995858,1.1895429997821338,99.5548549999512,10.044713540092948,145.45468,64.757,64.4,218.4,274.8359375,1800.0,5090447340000,1786516406131488512,33304,19239,2.0,1.0005757808685303,875.0635986328125,5432
2026-08-12T15:33:26.379,307,unlabeled,0.2,1,1.8160809995606542,3.3393929998055683,88.3630570006062,1.1474699995233095,94.69600099964737,10.560108024030749,147.950682,65.731,54.8,214.7,274.83984375,1800.0,5090547250000,1786516406231398400,33304,19239,2.0,1.0005757808685303,874.2825317382812,5431
2026-08-12T15:33:26.494,308,unlabeled,0.2,1,1.6827330000523943,6.626825000239478,89.66533800048637,1.1477289999675122,99.15330999956495,10.085392005616228,129.747592,64.27,64.4,208.8,274.83984375,1800.0,5090680466000,1786516406364614400,33304,19239,2.0,1.0005757808685303,873.34423828125,5429
2026-08-12T15:33:26.596,309,unlabeled,0.2,1,1.677474000643997,3.204192999874067,88.14210000036837,1.1800239999502082,94.23351399982494,10.611935791780596,131.671731,64.27,56.1,206.2,274.83984375,1800.0,5090780378000,1786516406464526592,33304,19239,2.0,1.0005757808685303,875.5985107421875,5428
2026-08-12T15:33:26.707,310,unlabeled,0.2,1,1.7000839998217998,3.364058999977715,93.03489700050704,1.1478770002213423,99.27736100053153,10.07278990821126,143.125647,65.244,65.9,215.4,274.84375,1800.0,5090880291000,1786516406564439552,33304,19239,2.0,1.0005757808685303,874.7439575195312,5427
2026-08-12T15:33:26.811,311,unlabeled,0.2,1,1.9154120000166586,3.4496309999667574,88.26204200067878,0.9397530002388521,94.59726299974136,10.571130371950973,147.344397,65.731,54.8,220.9,274.84375,1800.0,5090980205000,1786516406664353536,33304,19239,2.0,1.0005757808685303,871.5554809570312,5427
2026-08-12T15:33:26.925,312,unlabeled,0.2,1,1.6901219996725558,6.8426889993133955,89.62476399938168,0.7257030001710518,98.91344600055163,10.10984896830329,128.287475,64.27,64.4,201.5,274.84375,1800.0,5091113418000,1786516406797566464,33304,19239,2.0,1.0005757808685303,867.5120849609375,5426
2026-08-12T15:33:27.027,313,unlabeled,0.2,1,1.6666410001562326,3.2126380001500365,88.24757999991562,0.4950239999743644,93.65178900043247,10.677852614170373,129.539019,65.244,55.0,217.5,274.84375,1800.0,5091213330000,1786516406897478400,33304,19239,2.0,1.0005757808685303,867.919677734375,5426
2026-08-12T15:33:27.139,314,unlabeled,0.2,2,1.6849180001372588,3.2145629993465263,93.15458400033094,0.9632519995648181,99.04537300008087,10.096382796187596,141.744848,64.757,65.9,223.0,274.84765625,1800.0,5091313243000,1786516406997391360,33304,19239,2.0,1.0005757808685303,868.7362670898438,5426
2026-08-12T15:33:27.242,315,unlabeled,0.2,1,1.7190660000778735,3.6815699995713658,88.40463499927864,0.7251849992826465,94.55882500060397,10.57542751819952,145.537973,64.27,54.8,202.5,274.84765625,1800.0,5091413159000,1786516407097307392,33304,19239,2.0,1.0005757808685303,873.0048217773438,5426
2026-08-12T15:33:27.356,316,unlabeled,0.2,1,1.683178000348562,3.3475039999757428,92.99732799991034,0.5327629996827454,98.59331200004817,10.142675803400452,159.073488,64.27,67.4,220.4,274.84765625,1800.0,5091513066000,1786516407197214464,33304,19239,2.0,1.0005757808685303,874.4885864257812,5426
2026-08-12T15:33:27.459,317,unlabeled,0.2,1,1.6970480000964017,3.175769000336004,88.28204600013123,0.9351790004075156,94.11896599976899,10.624851106018891,128.704557,64.757,53.7,213.9,274.84765625,1800.0,5091646282000,1786516407330430464,33304,19239,2.0,1.0005757808685303,874.399169921875,5426
2026-08-12T15:33:27.573,318,unlabeled,0.2,1,1.6717520002202946,5.799847000162117,91.09935999913432,0.9410859993295162,99.55437799999345,10.04476166784012,143.382956,65.731,65.9,209.4,274.84765625,1800.0,5091746194000,1786516407430342400,33304,19239,2.0,1.0005757808685303,872.6121826171875,5427
2026-08-12T15:33:27.678,319,unlabeled,0.2,1,1.8901539997386863,3.2841550000739517,89.51323499968566,1.6028279997044592,96.32185299960838,10.381860074930927,148.70396,63.783,52.5,218.4,274.8515625,1800.0,5091846108000,1786516407530256384,33304,19239,2.0,1.0005757808685303,869.298095703125,5427
2026-08-12T15:33:27.790,320,unlabeled,0.2,1,1.9774479997067829,3.7947339997117524,90.55094799987273,1.5707550001025083,97.9272550002861,10.211661707428423,127.316169,65.731,58.7,205.8,274.8515625,1800.0,5091979323000,1786516407663471360,33304,19239,2.0,1.0005757808685303,866.3136596679688,5429
2026-08-12T15:33:27.910,321,unlabeled,0.2,1,1.6819929996927385,7.815183000275283,95.37935800017294,1.3588159999926575,106.27136900075129,9.409872192320496,147.458871,64.27,62.5,199.9,274.8515625,1800.0,5092079235000,1786516407763383552,33304,19239,2.0,1.0005757808685303,863.4480590820312,5430
2026-08-12T15:33:28.013,322,unlabeled,0.2,2,1.6134390007209731,3.239970999857178,88.0259229998046,1.4522210003633518,94.36264599935384,10.59741372668638,116.563627,64.757,53.7,214.9,274.8515625,1800.0,5092212450000,1786516407896598528,33304,19239,2.0,1.0005757808685303,860.5279541015625,5430
2026-08-12T15:33:28.126,323,unlabeled,0.2,1,1.6810110000733403,3.197768000063661,92.3685719999412,1.587365999512258,98.87054999944667,10.114235229859615,130.356091,64.757,65.1,211.2,274.8515625,1800.0,5092312362000,1786516407996510464,33304,19239,2.0,1.0005757808685303,862.6790771484375,5429
2026-08-12T15:33:28.229,324,unlabeled,0.2,2,1.6580309993514675,3.2310999995388556,88.39276900016557,1.6046620003180578,94.91641300064657,10.535585663073762,132.869982,65.244,53.7,214.7,274.8515625,1800.0,5092412274000,1786516408096422400,33304,19239,2.0,1.0005757808685303,868.8445434570312,5429
2026-08-12T15:33:28.343,325,unlabeled,0.2,1,1.7261590000998694,3.4055950000038138,93.58005899957789,1.3926669998909347,100.13466500004142,9.986551610269894,147.651059,65.244,65.9,217.9,274.859375,1800.0,5092512185000,1786516408196333568,33304,19239,2.0,1.0005757808685303,871.9727783203125,5428
2026-08-12T15:33:28.446,326,unlabeled,0.2,1,1.8626920000315295,3.2354710001527565,88.40593600052671,1.5950500001054024,95.13405599955149,10.511482870074566,150.70438,64.757,53.7,213.7,274.859375,1800.0,5092612097000,1786516408296245504,33304,19239,2.0,1.0005757808685303,873.4776611328125,5427
2026-08-12T15:33:28.561,327,unlabeled,0.2,1,1.7146769996543298,6.99098299992329,89.57138699952338,0.9412899999006186,99.2524470002536,10.075318344518447,132.379503,65.244,67.4,209.0,274.859375,1800.0,5092745314000,1786516408429462528,33304,19239,2.0,1.0005757808685303,876.9378662109375,5426
2026-08-12T15:33:28.664,328,unlabeled,0.2,1,1.6876589997991687,3.2201380008700653,89.23724800024502,1.1962640001002,95.37169699979131,10.485291039774495,135.306113,65.731,53.7,214.0,274.859375,1800.0,5092845228000,1786516408529376512,33304,19239,2.0,1.0005757808685303,878.095458984375,5425
2026-08-12T15:33:28.783,329,unlabeled,0.2,1,1.7331580002064584,3.9740070005791495,92.52642000046762,1.1379699999451987,99.40096199989057,10.060264809118255,154.351419,65.244,63.0,209.9,274.859375,1800.0,5092945137000,1786516408629285376,33304,19239,2.0,1.0005757808685303,875.7852172851562,5425
2026-08-12T15:33:28.885,330,unlabeled,0.2,2,1.6860480000104872,3.231562999644666,88.30886499981716,1.5566439997201087,94.81347100063431,10.547024483401836,123.422924,64.757,52.5,205.6,274.859375,1800.0,5093078355000,1786516408762503424,33304,19239,2.0,1.0005757808685303,873.1544799804688,5425
2026-08-12T15:33:29.005,331,unlabeled,0.2,1,1.6618820000076084,4.116187999898102,97.38947799996822,0.9449200006201863,104.15309600011824,9.60125083558596,143.25509,65.244,61.7,200.4,274.859375,1800.0,5093178266000,1786516408862414592,33304,19239,2.0,1.0005757808685303,869.5690307617188,5426
2026-08-12T15:33:29.107,332,unlabeled,0.2,1,1.8845429995053564,3.219175000594987,87.96834099939588,1.566496000123152,94.66864600017288,10.563159422372786,145.575436,65.244,53.7,215.1,274.859375,1800.0,5093278178000,1786516408962326528,33304,19239,2.0,1.0005757808685303,865.7081909179688,5428
2026-08-12T15:33:29.229,333,unlabeled,0.2,1,1.7011589998219279,6.125265000264335,96.60957699998107,0.9804190003706026,105.4710670005079,9.481273191207826,133.512055,65.731,62.5,206.4,274.859375,1800.0,5093411394000,1786516409095542528,33304,19239,2.0,1.0005757808685303,863.0633544921875,5429
2026-08-12T15:33:29.331,334,unlabeled,0.2,1,1.6825669999889215,3.282210000179475,88.49693799948,1.5700700005254475,95.06234000036784,10.519412839996686,136.132472,65.244,52.6,214.5,274.859375,1800.0,5093511305000,1786516409195453440,33304,19239,2.0,1.0005757808685303,862.2266845703125,5431
2026-08-12T15:33:29.450,335,unlabeled,0.2,1,1.7095670000344398,7.495878000554512,92.82976900067297,1.5650889999960782,103.63163399961195,9.649563182645027,155.508402,66.218,64.6,201.3,274.859375,1800.0,5093611218000,1786516409295366400,33304,19239,2.0,1.0005757808685303,864.1818237304688,5433
2026-08-12T15:33:29.553,336,unlabeled,0.2,1,1.6889739999896847,3.1685649992141407,88.2312780004213,1.4046480000615702,94.52126100040914,10.579630333070476,124.461173,64.757,53.7,215.3,274.859375,1800.0,5093744433000,1786516409428581376,33304,19239,2.0,1.0005757808685303,868.189208984375,5435
2026-08-12T15:33:29.667,337,unlabeled,0.2,1,1.694214000053762,6.818025000029593,90.9754480007905,1.1543769996933406,100.67404500023258,9.933046794709497,139.482429,65.731,67.4,217.4,274.86328125,1800.0,5093844345000,1786516409528493568,33304,19239,2.0,1.0005757808685303,871.2900390625,5436
2026-08-12T15:33:29.769,338,unlabeled,0.2,1,1.72362100056489,3.4277060003660154,88.2061310003337,0.9299390003434382,94.31982299975061,10.602225154755052,141.353991,64.757,52.5,206.4,274.86328125,1800.0,5093944263000,1786516409628411392,33304,19239,2.0,1.0005757808685303,874.8611450195312,5437
2026-08-12T15:33:29.883,339,unlabeled,0.2,1,1.6696229995432077,6.856060999780311,89.29473199987115,1.1276180002823821,98.97944099975575,10.103108179833706,155.150776,65.731,66.7,219.8,274.8671875,1800.0,5094044169000,1786516409728317440,33304,19239,2.0,1.0005757808685303,876.9888916015625,5438
2026-08-12T15:33:29.985,340,unlabeled,0.2,1,1.738547000059043,3.2906729993555928,88.28675899985683,1.140080999903148,94.48826199968607,10.583325154222038,124.415583,66.218,52.5,205.0,274.87109375,1800.0,5094177386000,1786516409861534464,33304,19239,2.0,1.0005757808685303,878.6953125,5438
2026-08-12T15:33:30.096,341,unlabeled,0.2,1,1.6690859993104823,3.151805999550561,92.36323000004631,1.1878020004587597,98.40275799979281,10.162316791995865,135.380411,65.244,64.4,207.4,274.87109375,1800.0,5094277298000,1786516409961446400,33304,19239,2.0,1.0005757808685303,879.3441162109375,5438
2026-08-12T15:33:30.200,342,unlabeled,0.2,1,1.694141000371019,3.282784000475658,88.65451299971028,1.19652400007908,94.85535099975095,10.54236782068969,139.051994,64.757,54.8,222.1,274.87109375,1800.0,5094377209000,1786516410061357568,33304,19239,2.0,1.0005757808685303,879.301025390625,5439
2026-08-12T15:33:30.314,343,unlabeled,0.2,1,1.6587150003033457,6.010510000123759,91.30620300038572,1.147098999354057,100.16819300017232,9.98320894136804,153.233004,65.244,65.1,210.3,274.875,1800.0,5094477120000,1786516410161268480,33304,19239,2.0,1.0005757808685303,879.7278442382812,5439
2026-08-12T15:33:30.416,344,unlabeled,0.2,1,1.6907519993765163,3.1456590004381724,88.42609299972537,1.397834000272269,94.68926299996383,10.56085947147336,122.451854,65.731,56.1,214.8,274.875,1800.0,5094610337000,1786516410294485504,33304,19239,2.0,1.0005757808685303,881.1907348632812,5439
2026-08-12T15:33:30.530,345,unlabeled,0.2,1,1.7035850005413522,6.751007999810099,89.66335700006312,1.3517420002244762,99.49980300007155,10.050271154800988,136.310014,64.27,62.8,202.2,274.875,1800.0,5094710249000,1786516410394397440,33304,19239,2.0,1.0005757808685303,881.8724365234375,5438
2026-08-12T15:33:30.633,346,unlabeled,0.2,1,1.6585679995841929,3.267544000664202,88.91732099982619,1.1924500004170113,95.06671500002994,10.51892873336041,138.949103,64.27,54.8,214.5,274.875,1800.0,5094810160000,1786516410494308352,33304,19239,2.0,1.0005757808685303,883.0197143554688,5438
2026-08-12T15:33:30.745,347,unlabeled,0.2,1,1.5500520003115525,3.1518440000581904,89.59759899971687,1.35837099969649,95.68929200031562,10.45049011332116,118.176329,64.757,60.9,213.3,274.875,1800.0,5094943379000,1786516410627527424,33304,19239,2.0,1.0005757808685303,884.05859375,5439
2026-08-12T15:33:30.848,348,unlabeled,0.2,1,1.6617339997537783,3.162880000672885,88.15210000011575,1.619994999600749,94.62882000025274,10.567605091105744,120.648598,65.244,53.7,213.6,274.87890625,1800.0,5095043289000,1786516410727437568,33304,19239,2.0,1.0005757808685303,884.4561767578125,5440
2026-08-12T15:33:30.966,349,unlabeled,0.2,1,1.6955669998424128,3.341245999763487,96.71761699974013,1.5675700005886029,103.35427599966351,9.675458420348818,139.24306,64.757,62.2,203.7,274.87890625,1800.0,5095143201000,1786516410827349504,33304,19239,2.0,1.0005757808685303,884.2650756835938,5440
2026-08-12T15:33:31.068,350,unlabeled,0.2,1,1.6654930004733615,3.3225619999939227,88.17693599939957,1.6101800001706579,94.80783699927997,10.547651245409117,141.694467,65.731,54.8,224.7,274.87890625,1800.0,5095243113000,1786516410927261440,33304,19049,2.0,1.001470923423767,883.434326171875,5442
2026-08-12T15:33:31.185,351,unlabeled,0.2,1,1.7017520003719255,3.2379340000261436,95.17108799991547,1.5691259995946893,101.71541799991246,9.831351231342929,158.756137,64.757,62.8,213.7,274.87890625,1800.0,5095343026000,1786516411027174400,33304,19049,2.0,1.001470923423767,883.0672607421875,5443
2026-08-12T15:33:31.288,352,unlabeled,0.2,1,1.8134339998141513,3.2552300008319435,88.52681799999118,1.607958000022336,95.23262400034582,10.500603238616723,128.3425,65.244,53.7,204.3,274.87890625,1800.0,5095476240000,1786516411160388352,33304,19049,2.0,1.001470923423767,883.0726928710938,5445
2026-08-12T15:33:31.400,353,unlabeled,0.2,1,1.6736050001782132,3.1656760002078954,93.47559499929048,1.6100689999802853,99.95655600050668,10.004346288150733,140.51101,65.244,66.7,205.2,274.87890625,1800.0,5095576152000,1786516411260300544,33304,19049,2.0,1.001470923423767,882.315185546875,5446
2026-08-12T15:33:31.505,354,unlabeled,0.2,1,1.9514669993441203,3.3658940001259907,88.2633609999175,1.4198139997461112,95.03020299962373,10.522970260349329,145.244772,65.731,54.8,219.8,274.8828125,1800.0,5095676063000,1786516411360211456,33304,19049,2.0,1.001470923423767,882.2785034179688,5447
2026-08-12T15:33:31.620,355,unlabeled,0.2,2,1.6488270002810168,4.038117000163766,91.83673100051237,1.7784719993869658,99.33951600032742,10.066487539527614,126.669711,65.731,63.6,218.0,274.8828125,1800.0,5095809281000,1786516411493429504,33304,19049,2.0,1.001470923423767,885.7976684570312,5448
2026-08-12T15:33:31.723,356,unlabeled,0.2,2,1.7220290001205285,3.2659700000294833,88.55766899978335,1.7738790002113092,95.35439800038148,10.487193259780208,129.953196,65.731,56.1,213.2,274.8828125,1800.0,5095909192000,1786516411593340416,33304,19049,2.0,1.001470923423767,886.1251220703125,5447
2026-08-12T15:33:31.834,357,unlabeled,0.2,1,1.7003820003083092,3.2000459996197606,92.4811029999546,1.5768479997859686,98.99172899986297,10.101854065013697,141.59905,65.731,67.4,206.2,274.8828125,1800.0,5096009104000,1786516411693252352,33304,19049,2.0,1.001470923423767,884.9163818359375,5447
2026-08-12T15:33:31.939,358,unlabeled,0.2,1,1.7907310002556187,3.698755000186793,88.33595199939737,1.5648299995518755,95.42134100047406,10.479835951949491,146.635969,66.218,53.7,219.1,274.8828125,1800.0,5096109022000,1786516411793170432,33304,19049,2.0,1.001470923423767,884.395263671875,5447
2026-08-12T15:33:32.054,359,unlabeled,0.2,1,1.6926779999266728,6.739823999851069,89.6717899995565,1.6003099999579717,99.7402310003963,10.026044555642011,128.463275,65.244,65.2,208.7,274.88671875,1800.0,5096242233000,1786516411926381568,33304,19049,2.0,1.001470923423767,884.3876342773438,5446
2026-08-12T15:33:32.157,360,unlabeled,0.2,1,1.656159999583906,3.203453000423906,88.225756000611,1.6088099991975469,94.72354900026403,10.557036877885695,130.789291,65.731,53.7,215.2,274.88671875,1800.0,5096342144000,1786516412026292480,33304,19049,2.0,1.001470923423767,884.8133544921875,5445
2026-08-12T15:33:32.272,361,unlabeled,0.2,2,1.6739569991841563,3.2926730000326643,93.00029799942422,1.7799540000851266,99.77843599972402,10.02220559964245,145.888135,67.192,63.6,217.3,274.88671875,1800.0,5096442056000,1786516412126204416,33304,19049,2.0,1.001470923423767,885.0653076171875,5445
2026-08-12T15:33:32.375,362,unlabeled,0.2,1,1.9900589995813789,3.3563019997018273,88.50996999990457,1.3758720006080694,95.26427600030729,10.497114364221634,149.074778,66.218,56.1,203.6,274.88671875,1800.0,5096541970000,1786516412226118400,33304,19049,2.0,1.001470923423767,885.9439697265625,5444
2026-08-12T15:33:32.489,363,unlabeled,0.2,1,1.6707899994798936,5.861532999915653,90.65735900003347,1.6059760000644019,99.87234100026399,10.012782217624766,130.284121,65.244,64.4,209.9,274.88671875,1800.0,5096675184000,1786516412359332352,33304,19049,2.0,1.001470923423767,886.7100219726562,5443
2026-08-12T15:33:32.591,364,unlabeled,0.2,1,1.6820849996292964,3.194546000486298,88.18857200003549,1.5653110003768234,94.66182899996056,10.563920120330831,132.539557,66.705,54.8,225.0,274.88671875,1800.0,5096775097000,1786516412459245568,33304,19049,2.0,1.001470923423767,887.2971801757812,5442
2026-08-12T15:33:32.707,365,unlabeled,0.2,1,1.7155300001832074,7.380899999589019,89.97445099976176,1.609087000360887,100.71283700017375,9.929220840023351,148.647517,66.218,67.4,206.7,274.890625,1800.0,5096875010000,1786516412559158528,33304,19049,2.0,1.001470923423767,888.1799926757812,5441
2026-08-12T15:33:32.810,366,unlabeled,0.2,1,1.6993999997794162,3.2042319999163738,88.1369620001351,1.3733899995713728,94.445648999681,10.588100252277133,117.655437,66.705,53.7,215.3,274.890625,1800.0,5097008224000,1786516412692372480,33304,19049,2.0,1.001470923423767,888.4015502929688,5440
2026-08-12T15:33:32.923,367,unlabeled,0.2,1,1.6773819997979444,3.341061000355694,92.41440500045428,1.35605699961161,98.81935000066733,10.119475588467713,131.220617,66.218,66.7,211.5,274.890625,1800.0,5097108136000,1786516412792284416,33304,19049,2.0,1.001470923423767,888.1598510742188,5440
2026-08-12T15:33:33.025,368,unlabeled,0.2,1,1.7007149999699323,3.1524169999102014,88.21005400022841,1.393371000631305,94.4862970000031,10.583545252069378,133.258336,65.244,53.7,215.9,274.890625,1800.0,5097208052000,1786516412892200448,33304,19049,2.0,1.001470923423767,888.0599975585938,5440
2026-08-12T15:33:33.139,369,unlabeled,0.2,2,1.6888449999896693,5.0285719999010325,91.34254999935365,1.5698300003350596,99.67985099956422,10.032117724617905,147.269943,66.218,67.4,210.6,274.890625,1800.0,5097307960000,1786516412992108544,33304,19049,2.0,1.001470923423767,888.3638916015625,5441
2026-08-12T15:33:33.242,370,unlabeled,0.2,1,2.0484469996517873,3.342967999742541,88.33359100026428,1.3865760001863237,95.14617299919337,10.510144217870726,150.464714,65.731,52.5,223.0,274.89453125,1800.0,5097407872000,1786516413092020480,33304,19049,2.0,1.001470923423767,888.61572265625,5442
2026-08-12T15:33:33.354,371,unlabeled,0.2,1,1.6929559997151955,3.132103000098141,93.09657799985871,1.3893160003135563,99.34195300047577,10.06624059419499,128.80204,66.218,67.4,206.3,274.8984375,1800.0,5097541087000,1786516413225235456,33304,19049,2.0,1.001470923423767,888.2868041992188,5442
2026-08-12T15:33:33.458,372,unlabeled,0.2,2,1.8416370003251359,3.2643409995216643,88.20989099967846,1.5650879995519063,94.9139379999906,10.535860391759313,133.253239,64.757,52.5,210.7,274.90234375,1800.0,5097641006000,1786516413325154560,33304,19049,2.0,1.001470923423767,887.9121704101562,5441
2026-08-12T15:33:33.572,373,unlabeled,0.2,1,1.712862999738718,3.533814999173046,93.01607999987027,1.1948569999731262,99.49002299981657,10.051259109688251,147.76441,65.731,66.7,218.5,274.90234375,1800.0,5097740913000,1786516413425061376,33304,19049,2.0,1.001470923423767,886.4678955078125,5440
2026-08-12T15:33:33.677,374,unlabeled,0.2,2,2.136204000635189,3.137548000267998,89.7807940000348,1.4366850000442355,96.52261800056294,10.360266025877662,152.145177,65.731,54.8,209.5,274.90234375,1800.0,5097840824000,1786516413524972544,33304,19049,2.0,1.001470923423767,883.3358764648438,5439
2026-08-12T15:33:33.798,375,unlabeled,0.2,1,2.150480999262072,3.7518839999393094,93.03746899968246,0.936976000048162,99.91286399963428,10.008721199340862,140.621553,64.757,63.0,206.7,274.90234375,1800.0,5097974039000,1786516413658187520,33304,19049,2.0,1.001470923423767,877.996826171875,5440
2026-08-12T15:33:33.901,376,unlabeled,0.2,1,1.739639999868814,3.7952160000713775,88.26131499972689,0.9756790004757931,94.80155300025217,10.548350405159924,142.949397,65.244,54.8,215.2,274.90234375,1800.0,5098073952000,1786516413758100480,33304,19049,2.0,1.001470923423767,876.0028686523438,5441
2026-08-12T15:33:34.016,377,unlabeled,0.2,1,1.693066999905568,4.1883539997797925,93.57743600048707,1.187227999253082,100.70267700029945,9.930222609643499,158.196164,66.218,71.7,217.1,274.90234375,1800.0,5098173865000,1786516413858013440,33304,19049,2.0,1.001470923423767,874.0018310546875,5441
2026-08-12T15:33:34.117,378,unlabeled,0.2,1,1.7024740000124439,3.221045999453054,88.41424100046424,0.7215180003186106,94.09109399985027,10.627998437361047,126.719436,66.705,53.7,206.4,274.90234375,1800.0,5098307080000,1786516413991228416,33304,19049,2.0,1.001470923423767,873.72265625,5440
2026-08-12T15:33:34.231,379,unlabeled,0.2,1,1.6762900004323456,4.381053000543034,91.97342700008448,0.9424199997738469,99.01035500024591,10.099953686637285,140.085183,67.192,65.1,211.8,274.90234375,1800.0,5098406993000,1786516414091141376,33304,19049,2.0,1.001470923423767,874.9241943359375,5440
2026-08-12T15:33:34.333,380,unlabeled,0.2,1,1.6985859992928454,3.5772590008491534,88.52484999988519,0.7249999998748535,94.55656400041335,10.575680393754881,142.252471,66.705,55.0,215.6,274.90234375,1800.0,5098506911000,1786516414191059456,33304,19049,2.0,1.001470923423767,876.0316772460938,5440
2026-08-12T15:33:34.446,381,unlabeled,0.2,1,1.6735119997974834,4.363257000477461,92.01277699958155,0.49480200050311396,98.5890890005976,10.143110258316096,155.233887,66.218,68.9,221.5,274.90234375,1800.0,5098606816000,1786516414290964480,33304,19049,2.0,1.001470923423767,877.2882080078125,5439
2026-08-12T15:33:34.547,382,unlabeled,0.2,1,1.6663090000292868,3.2626929996695253,88.37979799955065,0.9290499992857804,94.26631199949043,10.608243589771558,123.76793,66.218,54.8,206.3,274.90234375,1800.0,5098740032000,1786516414424180480,33304,19049,2.0,1.001470923423767,879.083740234375,5438
2026-08-12T15:33:34.665,383,unlabeled,0.2,1,1.6949379996731295,6.979114999921876,92.77696200024366,1.1874880001414567,102.67125999962445,9.739823978040766,141.413868,64.757,66.0,212.7,274.90625,1800.0,5098839944000,1786516414524092416,33304,19049,2.0,1.001470923423767,879.6420288085938,5439
2026-08-12T15:33:34.767,384,unlabeled,0.2,1,1.7898980004247278,3.9058610000211047,88.20635800020682,0.9371239993924974,94.86766700047156,10.54099917936244,143.761917,65.731,52.5,215.0,274.90625,1800.0,5098939861000,1786516414624009472,33304,19049,2.0,1.001470923423767,880.3786010742188,5440
2026-08-12T15:33:34.880,385,unlabeled,0.2,1,1.711771000373119,3.490575999421708,94.6681350005747,0.9981590001189034,100.92758300015703,9.908094202537717,156.842787,65.731,65.9,212.5,274.90625,1800.0,5099039767000,1786516414723915520,33304,19049,2.0,1.001470923423767,877.873046875,5441
2026-08-12T15:33:34.984,386,unlabeled,0.2,2,1.6898079993552528,3.154751000693068,88.38437299982616,0.9862340002655401,94.24353499980498,10.610807415087617,127.388371,65.731,54.8,212.0,274.90625,1800.0,5099172983000,1786516414857131520,33304,19049,2.0,1.001470923423767,877.3888549804688,5442
2026-08-12T15:33:35.100,387,unlabeled,0.2,1,1.7027889998644241,3.2209540004259907,95.86414600016724,0.7279440005731885,101.54699899976549,9.847656847075406,143.063829,65.244,65.2,207.6,274.90625,1800.0,5099272895000,1786516414957043456,33304,19049,2.0,1.001470923423767,877.6278686523438,5444
2026-08-12T15:33:35.202,388,unlabeled,0.2,1,1.9399680004426045,3.463762000137649,88.2084559998475,0.7218330001705908,94.36233299948071,10.597448878309347,145.114153,65.731,54.8,215.8,274.90625,1800.0,5099372808000,1786516415056956416,33304,19049,2.0,1.001470923423767,876.6373291015625,5445
2026-08-12T15:33:35.319,389,unlabeled,0.2,1,1.6764380006861757,3.1883430001471424,96.44663099970785,0.7837950006432948,102.12502099966514,9.791919651142877,129.429793,65.731,65.2,212.5,274.91015625,1800.0,5099506024000,1786516415190172416,33304,19239,2.0,1.0004870891571045,878.5038452148438,5448
2026-08-12T15:33:35.421,390,unlabeled,0.2,1,1.7320110000582645,3.312580999590864,88.74364599978435,0.725018000593991,94.56536399920878,10.574696249341004,131.744884,66.218,53.7,205.6,274.91015625,1800.0,5099605935000,1786516415290083584,33304,19239,2.0,1.0004870891571045,878.5491943359375,5451
2026-08-12T15:33:35.538,391,unlabeled,0.2,1,1.687790000687528,5.35084300008748,94.27087199946982,0.7598319998578518,102.13250199922186,9.791202412799198,148.561085,66.705,62.2,205.4,274.9140625,1800.0,5099705848000,1786516415389996544,33304,19239,2.0,1.0004870891571045,877.8019409179688,5454
2026-08-12T15:33:35.641,392,unlabeled,0.2,1,1.8422109997118241,3.1450850001419894,89.82026599915116,0.6639459998041275,95.50950700031535,10.470161886572173,152.062345,66.218,54.8,212.8,274.91796875,1800.0,5099805759000,1786516415489907456,33304,19239,2.0,1.0004870891571045,878.5599365234375,5457
2026-08-12T15:33:35.753,393,unlabeled,0.2,1,1.6676790000929032,3.208250999705342,89.87809800055402,0.49891300022864016,95.28199400028825,10.495162391301076,130.023756,65.731,58.1,216.1,274.91796875,1800.0,5099938976000,1786516415623124480,33304,19239,2.0,1.0004870891571045,879.3536376953125,5456
2026-08-12T15:33:35.857,394,unlabeled,0.2,1,1.6582529997322126,3.2580460001554457,90.21077399938804,0.4970050003976212,95.65442900020571,10.454298984920493,133.990123,66.218,61.0,211.8,274.91796875,1800.0,5100038889000,1786516415723037440,33304,19239,2.0,1.0004870891571045,878.4758911132812,5456
2026-08-12T15:33:35.961,395,unlabeled,0.2,1,1.7295299994657398,3.2685820006008726,88.83936499933043,0.5305049999151379,94.39746199950605,10.593505151708769,138.510532,65.244,52.5,210.7,274.921875,1800.0,5100138799000,1786516415822947584,33304,19239,2.0,1.0004870891571045,878.8657836914062,5455
2026-08-12T15:33:36.073,396,unlabeled,0.2,1,1.6632910001135315,3.064530999836279,92.70832399943174,0.7483879999199416,98.26366100060113,10.176702046485754,150.820076,65.244,63.6,213.8,274.921875,1800.0,5100238712000,1786516415922860544,33304,19239,2.0,1.0004870891571045,877.3194580078125,5455
2026-08-12T15:33:36.175,397,unlabeled,0.2,1,1.6511789999640314,3.2543420002184575,88.3313279991853,0.7778869994581328,94.04649499992956,10.633038477412146,119.433887,66.218,56.1,224.6,274.921875,1800.0,5100371928000,1786516416056076544,33304,19239,2.0,1.0004870891571045,876.3583984375,5454
2026-08-12T15:33:36.289,398,unlabeled,0.2,1,1.6974560003291117,6.245431000024837,89.92852700066578,0.735259000066435,98.63611599939759,10.138274301130302,133.822398,65.244,66.0,202.4,274.921875,1800.0,5100471841000,1786516416155989504,33304,19239,2.0,1.0004870891571045,877.4078369140625,5453
2026-08-12T15:33:36.391,399,unlabeled,0.2,2,1.6731039995647734,3.178528999342234,88.55046999997285,0.941178999710246,94.37163400070858,10.596404423732787,135.665929,66.218,56.1,216.1,274.921875,1800.0,5100571752000,1786516416255900416,33304,19239,2.0,1.0004870891571045,876.654296875,5455
2026-08-12T15:33:36.504,400,unlabeled,0.2,1,1.7526400006318,3.5763519999818527,93.73261400014599,0.7698320005147252,99.8660290006228,10.013415072244072,148.448505,65.731,62.8,212.8,274.921875,1800.0,5100671664000,1786516416355812352,33304,19239,2.0,1.0004870891571045,877.0792846679688,5455
2026-08-12T15:33:36.606,401,unlabeled,0.2,1,2.1257419994071824,3.2199170000239974,88.20023800035415,0.7329440004468779,94.30750600040483,10.603609854720444,150.549663,66.218,52.5,215.8,274.92578125,1800.0,5100771575000,1786516416455723520,33304,19239,2.0,1.0004870891571045,876.8025512695312,5456
2026-08-12T15:33:36.719,402,unlabeled,0.2,2,1.665808999860019,3.3729130000210716,92.28896500007977,0.9354379999422235,98.29188399999111,10.173779963359848,130.297983,65.731,66.7,212.5,274.92578125,1800.0,5100904791000,1786516416588939520,33304,19239,2.0,1.0004870891571045,875.8638916015625,5461
2026-08-12T15:33:36.821,403,unlabeled,0.2,2,1.6943450000326266,3.2455279997520847,88.18288699967525,0.9729929997774889,94.12576999966404,10.624083075268008,132.190972,67.192,53.7,216.2,274.92578125,1800.0,5101004706000,1786516416688854528,33304,19239,2.0,1.0004870891571045,876.1901245117188,5464
2026-08-12T15:33:36.934,404,unlabeled,0.2,1,1.6731050000089454,3.375356999640644,92.06639700005326,1.1546360001375433,98.3033290003732,10.172595477373951,145.999638,65.731,63.6,211.0,274.92578125,1800.0,5101104617000,1786516416788765440,33304,19239,2.0,1.0004870891571045,876.3261108398438,5467
2026-08-12T15:33:37.036,405,unlabeled,0.2,1,1.6741039999033092,3.4071889995175297,88.11009400051262,0.9854380004981067,94.20527000020229,10.615117392029688,147.930743,66.705,55.0,215.9,274.92578125,1800.0,5101204528000,1786516416888676352,33304,19239,2.0,1.0004870891571045,875.5397338867188,5471
2026-08-12T15:33:37.149,406,unlabeled,0.2,1,1.690122999207233,3.304173999822524,91.95005299989134,1.1736540000129025,98.15118899950903,10.188363586762073,127.69042,65.731,64.4,203.7,274.9296875,1800.0,5101337744000,1786516417021892352,33304,19239,2.0,1.0004870891571045,874.9322509765625,5477
2026-08-12T15:33:37.251,407,unlabeled,0.2,1,1.6871780007932102,3.1620669997209916,88.6129170003187,0.9303460001319763,94.42126700014342,10.590834372075108,129.676475,66.705,54.8,215.8,274.9296875,1800.0,5101437655000,1786516417121803520,33304,19239,2.0,1.0004870891571045,874.2538452148438,5480
2026-08-12T15:33:37.371,408,unlabeled,0.2,1,1.7434740002499893,8.649666000565048,93.44069999951898,0.7819430002200534,104.65207800007192,9.55547198976128,149.66176,66.218,63.8,208.4,274.9296875,1800.0,5101537567000,1786516417221715456,33304,19239,2.0,1.0004870891571045,874.6629638671875,5482
2026-08-12T15:33:37.474,409,unlabeled,0.2,2,1.709973999822978,3.423393000048236,88.47460600009072,1.0245660005239188,94.6677419997286,10.563260292010206,119.169424,66.705,52.5,203.4,274.9296875,1800.0,5101670783000,1786516417354931456,33304,19239,2.0,1.0004870891571045,874.8453369140625,5484
2026-08-12T15:33:37.590,410,unlabeled,0.2,2,1.696364000054018,6.140749000223877,91.62228400055028,0.9427159993720124,100.44376000041666,9.955820052891806,136.122247,67.679,60.9,215.0,274.9296875,1800.0,5101770699000,1786516417454847488,33304,19239,2.0,1.0004870891571045,876.072021484375,5485
2026-08-12T15:33:37.694,411,unlabeled,0.2,1,1.6912350001803134,3.2705820003684494,89.95917900028871,0.810479000392661,95.76795399971161,10.441906276947416,139.760757,65.731,56.1,212.2,274.93359375,1800.0,5101870607000,1786516417554755584,33304,19239,2.0,1.0004870891571045,875.7594604492188,5487
2026-08-12T15:33:37.810,412,unlabeled,0.2,2,2.839407999999821,3.2493050002813106,90.46311099973536,0.9355869997307309,97.5155200003428,10.254777906085971,122.147413,66.705,60.0,207.9,274.9375,1800.0,5102003824000,1786516417687972352,33304,19239,2.0,1.0004870891571045,876.1594848632812,5491
2026-08-12T15:33:37.911,413,unlabeled,0.2,2,1.6571059995840187,3.197529000317445,88.41455200035853,0.9327529996880912,94.23334599978261,10.61195471083354,124.103451,65.731,53.7,215.9,274.9375,1800.0,5102103741000,1786516417787889408,33304,19239,2.0,1.0004870891571045,876.5198364257812,5494
2026-08-12T15:33:38.028,414,unlabeled,0.2,2,1.7038080004567746,5.9882160003326135,92.14571599932242,0.9732530006658635,100.88082400034182,9.912686676673177,140.429849,66.705,64.6,215.1,274.9375,1800.0,5102203647000,1786516417887795456,33304,19239,2.0,1.0004870891571045,874.3289184570312,5497
2026-08-12T15:33:38.130,415,unlabeled,0.2,2,1.8185649996667053,3.6844979995294125,88.20906199980527,0.9367719994770596,94.67939499973,10.561960181545857,142.925556,65.731,51.3,205.1,274.9375,1800.0,5102303562000,1786516417987710464,33304,19239,2.0,1.0004870891571045,874.5908813476562,5499
2026-08-12T15:33:38.250,416,unlabeled,0.2,2,1.6983089999484946,5.103626999698463,96.76297100031661,0.7409999998344574,104.3594419998044,9.582266643413773,163.115138,66.705,63.0,208.2,274.9375,1800.0,5102403474000,1786516418087622400,33304,19239,2.0,1.0004870891571045,873.6156005859375,5502
2026-08-12T15:33:38.352,417,unlabeled,0.2,2,1.67008700009319,3.2101950000651414,88.52892400045675,0.787590999607346,94.2269249999299,10.612677851906383,131.783711,66.705,53.7,206.1,274.94140625,1800.0,5102536688000,1786516418220836352,33304,19398,2.0,1.0013264417648315,873.6456298828125,5504
2026-08-12T15:33:38.476,418,unlabeled,0.2,2,1.743918000101985,4.621398999915982,102.24923799978569,0.8795520006970037,109.54545699951268,9.128630500892871,156.13925,66.218,61.2,208.1,274.94140625,1800.0,5102636599000,1786516418320747520,33304,19398,2.0,1.0013264417648315,873.6351318359375,5505
2026-08-12T15:33:38.579,419,unlabeled,0.2,2,1.668605999839201,3.2731190003687516,88.67212400036806,0.7229989996631048,94.36621799977729,10.5970125877288,125.697802,66.705,54.8,205.6,274.94140625,1800.0,5102769816000,1786516418453964544,33304,19398,2.0,1.0013264417648315,873.4720458984375,5506
2026-08-12T15:33:38.698,420,unlabeled,0.2,2,1.6893819993129,3.231065000363742,101.069916000597,0.7278889997905935,106.75097300008929,9.36759611548612,144.856411,65.244,59.6,201.6,274.94140625,1800.0,5102869728000,1786516418553876480,33304,19398,2.0,1.0013264417648315,873.5105590820312,5507
2026-08-12T15:33:38.803,421,unlabeled,0.2,2,1.9940600004701992,3.248861000429315,88.68727199933346,0.7557400003861403,94.71628300070734,10.557846743125806,149.779985,66.218,54.8,219.3,274.94140625,1800.0,5102969639000,1786516418653787392,33304,19398,2.0,1.0013264417648315,873.5421142578125,5507
2026-08-12T15:33:38.922,422,unlabeled,0.2,2,1.6581609997956548,3.208250999705342,98.45679800037033,0.7342589997278992,104.08776399981434,9.607277181992147,135.18703,66.218,62.5,194.0,274.94140625,1800.0,5103102857000,1786516418787005440,33304,19398,2.0,1.0013264417648315,873.9977416992188,5508
2026-08-12T15:33:39.025,423,unlabeled,0.2,2,2.5354339995828923,3.1794559999980265,88.78458500021225,0.7272040002135327,95.25530800056003,10.498102635856478,138.250647,66.218,52.5,213.7,274.9453125,1800.0,5103202769000,1786516418886917376,33304,19398,2.0,1.0013264417648315,874.28515625,5509
2026-08-12T15:33:39.148,424,unlabeled,0.2,2,1.6744380000091041,5.331623000529362,100.87974100042629,0.9810120000111056,108.90996000034647,9.181896678658395,161.928501,65.244,62.5,202.3,274.9453125,1800.0,5103302681000,1786516418986829568,33304,19398,2.0,1.0013264417648315,874.47265625,5511
2026-08-12T15:33:39.250,425,unlabeled,0.2,2,1.6928819995882805,3.1483080001635244,88.46531900053378,0.9708819998195395,94.30700299981254,10.603666410669288,130.82184,65.244,51.3,215.4,274.9453125,1800.0,5103435897000,1786516419120045568,33304,19398,2.0,1.0013264417648315,874.7085571289062,5513
2026-08-12T15:33:39.371,426,unlabeled,0.2,2,1.710640999590396,4.362128999673587,99.54847899916786,1.055212999744981,106.7269609993673,9.369703687205412,151.329358,66.218,61.7,198.8,274.9453125,1800.0,5103535807000,1786516419219955456,33304,19398,2.0,1.0013264417648315,875.462158203125,5514
2026-08-12T15:33:39.474,427,unlabeled,0.2,2,1.7330850005237153,3.381616999831749,88.62662899991847,0.9490319998803898,94.72401000039099,10.556985499197852,121.277873,65.244,53.7,223.7,274.94921875,1800.0,5103669023000,1786516419353171456,33304,19398,2.0,1.0013264417648315,880.6964721679688,5515
2026-08-12T15:33:39.592,428,unlabeled,0.2,2,1.682808999248664,6.853361000139557,94.09856300044339,0.9827530002439744,103.65344799993181,9.64753241976724,139.689358,66.705,64.6,202.8,274.94921875,1800.0,5103768942000,1786516419453090560,33304,19398,2.0,1.0013264417648315,879.7442626953125,5515
2026-08-12T15:33:39.695,429,unlabeled,0.2,3,1.6802899999674992,3.428337000514148,88.60970499972609,1.1501000008138362,94.89974600001005,10.537436001144766,142.323032,66.218,53.7,204.7,274.94921875,1800.0,5103868847000,1786516419552995584,33304,19398,2.0,1.0013264417648315,880.5443725585938,5515
2026-08-12T15:33:39.811,430,unlabeled,0.2,2,1.9970419998571742,3.909122000550269,90.11899899996934,0.9394939997946494,97.0017480003662,10.309092574251597,125.623344,66.218,66.0,223.1,274.94921875,1800.0,5104002064000,1786516419686212352,33304,19398,2.0,1.0013264417648315,876.3983154296875,5515
2026-08-12T15:33:39.913,431,unlabeled,0.2,1,1.7173260002891766,3.182622000167612,88.36822900047991,0.7254439997268491,94.02660300020216,10.635287972679924,127.396076,66.218,53.7,206.6,274.94921875,1800.0,5104101976000,1786516419786124544,33304,19398,2.0,1.0013264417648315,878.2942504882812,5515
2026-08-12T15:33:40.026,432,unlabeled,0.2,2,1.7028080001182389,6.657347000327718,89.75534199998947,0.7274440004039207,98.87564599921461,10.113713947395532,140.657992,65.731,65.1,212.0,274.94921875,1800.0,5104201888000,1786516419886036480,33304,19398,2.0,1.0013264417648315,877.55224609375,5515
2026-08-12T15:33:40.129,433,unlabeled,0.2,2,2.1430930000860826,3.5837790001096437,88.4396020001077,0.7519250002587796,94.94832499967742,10.532044667490421,143.371891,66.218,55.8,214.4,274.953125,1800.0,5104301806000,1786516419985954560,33304,19398,2.0,1.0013264417648315,877.1149291992188,5514
2026-08-12T15:33:40.243,434,unlabeled,0.2,2,1.6492909999215044,3.700664999996661,93.28857099990273,0.9456790003241622,99.65111099973001,10.03501104972838,157.680993,66.705,66.7,218.8,274.953125,1800.0,5104401711000,1786516420085859584,33304,19398,2.0,1.0013264417648315,879.1968383789062,5513
2026-08-12T15:33:40.345,435,unlabeled,0.2,1,1.675030999649607,3.1551599995509605,88.67092899981799,0.4961909999110503,94.02773700003308,10.635159708242773,126.085182,65.244,52.5,206.7,274.953125,1800.0,5104534930000,1786516420219078400,33304,19398,2.0,1.0013264417648315,879.9526977539062,5513
2026-08-12T15:33:40.459,436,unlabeled,0.2,3,1.6909750002014334,6.490388999736751,90.15494699997362,1.1516929998833803,99.55429900037416,10.044769638689754,140.053253,65.731,65.1,210.7,274.953125,1800.0,5104634839000,1786516420318987520,33304,19398,2.0,1.0013264417648315,881.9307250976562,5512
2026-08-12T15:33:40.561,437,unlabeled,0.2,3,1.751085000250896,3.524613999616122,88.41384400056995,1.1791550005000317,94.90321500015853,10.537050825921225,142.919522,66.705,53.7,214.1,274.9609375,1800.0,5104734753000,1786516420418901504,33304,19398,2.0,1.0013264417648315,881.9224243164062,5511
2026-08-12T15:33:40.676,438,unlabeled,0.2,2,1.6634390003673616,6.802492000133498,90.29659099996934,0.7361660000242409,99.53348399994866,10.046870257254492,157.280237,67.192,66.7,210.0,274.9609375,1800.0,5104834667000,1786516420518815488,33304,19398,2.0,1.0013264417648315,881.408203125,5511
2026-08-12T15:33:40.777,439,unlabeled,0.2,1,1.687549000052968,3.5074099996563746,88.30547599973215,0.49441300052421866,94.0279209999062,10.635138896679397,125.701548,65.731,54.8,206.7,275.171875,1800.0,5104967881000,1786516420652029440,33304,19398,2.0,1.0013264417648315,879.64697265625,5511
2026-08-12T15:33:40.887,440,unlabeled,0.2,1,1.6740870005378383,3.3710060006342246,92.36755700021604,0.5005980001442367,97.94495099959022,10.209816736793139,135.822013,66.705,65.9,218.0,275.171875,1800.0,5105067793000,1786516420751941376,33304,19398,2.0,1.0013264417648315,879.9309692382812,5511
2026-08-12T15:33:40.991,441,unlabeled,0.2,1,1.679993999459839,3.269879000072251,88.39764100048342,0.4998949998480384,93.87685199999396,10.652253230648002,139.21645,66.218,54.8,213.0,275.171875,1800.0,5105167711000,1786516420851859456,33304,19398,2.0,1.0013264417648315,879.9178466796875,5511
2026-08-12T15:33:41.098,442,unlabeled,0.2,2,1.6450320008516428,3.380209000169998,90.19970999997895,0.9381240006405278,96.19396400012192,10.395662663394686,146.43448,66.705,65.1,205.4,275.171875,1800.0,5105267616000,1786516420951764480,33304,19398,2.0,1.0013264417648315,879.7913208007812,5511
2026-08-12T15:33:41.200,443,unlabeled,0.2,1,1.5357940001194947,3.3079149998229695,88.28579599958175,0.7578880004075472,93.91952299938566,10.647413530907105,115.219869,65.731,55.0,215.5,275.171875,1800.0,5105400832000,1786516421084980480,33304,19398,2.0,1.0013264417648315,880.1449584960938,5511
2026-08-12T15:33:41.310,444,unlabeled,0.2,1,1.648495000154071,3.1573079995723674,92.17175200046768,0.9379209996041027,97.94597400014027,10.209710099963557,125.656177,66.218,65.9,217.7,275.17578125,1800.0,5105500745000,1786516421184893440,33304,19398,2.0,1.0013264417648315,880.8822631835938,5511
2026-08-12T15:33:41.414,445,unlabeled,0.2,1,1.690512000095623,3.236584000660514,88.20894600012252,0.9333839998362237,94.09953599970322,10.627044962295605,129.367872,66.705,53.7,212.3,275.17578125,1800.0,5105600656000,1786516421284804352,33304,19398,2.0,1.0013264417648315,881.9266357421875,5510
2026-08-12T15:33:41.527,446,unlabeled,0.2,2,1.6569389999858686,3.4508939997976995,92.13045700016664,1.1502300003485288,98.41983299975254,10.1605537168765,142.602525,66.218,65.2,220.9,275.17578125,1800.0,5105700568000,1786516421384716544,33304,19398,2.0,1.0013264417648315,880.1202392578125,5509
2026-08-12T15:33:41.629,447,unlabeled,0.2,2,1.9313209995743819,3.1337899999925867,88.55073299946525,1.1504889998832368,94.79746200031514,10.548805620942423,145.173368,66.705,53.8,205.0,275.17578125,1800.0,5105800481000,1786516421484629504,33304,19398,2.0,1.0013264417648315,879.5581665039062,5508
2026-08-12T15:33:41.742,448,unlabeled,0.2,1,1.6640679996271501,3.276489999734622,89.51861700006702,0.9341239992863848,95.42287200019928,10.479667809599272,124.209551,67.192,60.9,222.7,275.17578125,1800.0,5105933697000,1786516421617845504,33304,19398,2.0,1.0013264417648315,877.7672729492188,5512
2026-08-12T15:33:41.843,449,unlabeled,0.2,1,1.6786050000519026,3.2783229999040486,88.29085100023804,0.7479989999410463,94.02512999986357,10.635454585401275,125.956532,67.192,52.5,206.5,275.1796875,1800.0,5106033609000,1786516421717757440,33304,19398,2.0,1.0013264417648315,875.3171997070312,5514
2026-08-12T15:33:41.953,450,unlabeled,0.2,2,1.6869380006028223,3.1996220004657516,92.40406099979737,0.9404390002600849,98.26404100022046,10.176662691876842,136.264873,67.192,66.7,208.7,275.1796875,1800.0,5106133520000,1786516421817668352,33304,19398,2.0,1.0013264417648315,875.0078125,5516
2026-08-12T15:33:42.057,451,unlabeled,0.2,1,1.694123000561376,3.1887879995338153,88.31516800000827,0.7288150000022142,93.96131999983481,10.642677220815523,140.101206,66.705,53.7,212.0,275.1796875,1800.0,5106233436000,1786516421917584384,33304,19398,2.0,1.0013264417648315,876.592041015625,5514
2026-08-12T15:33:42.167,452,unlabeled,0.2,1,1.6794390003269655,3.2423800003016368,92.85647999968205,0.7431849999193219,98.55252000033943,10.146873971325704,150.387259,66.218,64.3,217.6,275.1796875,1800.0,5106333344000,1786516422017492480,33304,19398,2.0,1.0013264417648315,881.8280029296875,5513
2026-08-12T15:33:42.271,453,unlabeled,0.2,1,1.6833640002005268,3.164030999869283,88.39461299976392,0.70987100025377,93.98002600028121,10.640558877872706,121.007281,66.218,55.8,221.4,275.1796875,1800.0,5106466562000,1786516422150710528,33304,19398,2.0,1.0013264417648315,881.1213989257812,5511
2026-08-12T15:33:42.385,454,unlabeled,0.2,1,1.7162149997602683,6.019772000399826,90.72760900016874,0.7226289999380242,99.24044699982915,10.076536636334595,135.365015,65.731,66.7,201.5,275.1796875,1800.0,5106566478000,1786516422250626560,33304,19398,2.0,1.0013264417648315,880.9788818359375,5508
2026-08-12T15:33:42.487,455,unlabeled,0.2,1,1.6737350006224005,3.239380000195524,88.51946199956728,0.7571850001113489,94.22094500041567,10.613351415607097,137.253007,67.192,54.8,216.1,275.18359375,1800.0,5106666385000,1786516422350533376,33304,19398,2.0,1.0013264417648315,881.7557373046875,5505
2026-08-12T15:33:42.598,456,unlabeled,0.2,1,1.7356589996779803,3.1343829996330896,93.51705599965499,0.7266299999173498,99.1455789999236,10.086178426581892,148.503748,66.705,65.9,206.3,275.18359375,1800.0,5106766298000,1786516422450446592,33304,19398,2.0,1.0013264417648315,881.1686401367188,5503
2026-08-12T15:33:42.704,457,unlabeled,0.2,1,1.6506800002389355,3.147215999888431,89.513807000003,0.8132570001180284,95.15838499919482,10.508795415227585,120.660506,67.192,54.8,217.6,275.18359375,1800.0,5106899513000,1786516422583661568,33304,19398,2.0,1.0013264417648315,880.9191284179688,5497
2026-08-12T15:33:42.817,458,unlabeled,0.2,1,1.68755000049714,3.2901009999477537,92.11977700033458,0.7416300004479126,97.87170300023718,10.217457848849087,133.941902,67.192,63.6,213.3,275.18359375,1800.0,5106999431000,1786516422683579392,33304,19398,2.0,1.0013264417648315,880.8109741210938,5492
2026-08-12T15:33:42.918,459,unlabeled,0.2,1,1.6609209997113794,3.1337350001194864,88.30229999966832,0.7247959993037512,93.85128799931408,10.655154780692072,135.194754,66.218,52.6,207.6,275.18359375,1800.0,5107099340000,1786516422783488512,33304,19398,2.0,1.0013264417648315,880.3984375,5488
2026-08-12T15:33:43.028,460,unlabeled,0.2,1,1.735197000016342,3.1348089996754425,92.29262499957258,0.7711469997957465,97.96373999961361,10.20785854035324,145.254317,67.192,66.7,218.2,275.1875,1800.0,5107199250000,1786516422883398400,33304,19398,2.0,1.0013264417648315,881.4002685546875,5484
2026-08-12T15:33:43.132,461,unlabeled,0.2,1,1.6169769996849936,3.2682129995009745,88.19978900010028,0.8147389999066945,93.93190199989476,10.646010340566939,115.928503,66.705,53.7,211.7,275.19140625,1800.0,5107332466000,1786516423016614400,33304,19398,2.0,1.0013264417648315,882.1390991210938,5479
2026-08-12T15:33:43.244,462,unlabeled,0.2,1,1.7040860002452973,3.1356050003523706,91.633830000319,0.7557210001323256,97.25887199965655,10.281838349960827,127.735926,67.192,65.9,205.9,275.19140625,1800.0,5107432378000,1786516423116526592,33304,19398,2.0,1.0013264417648315,881.6307983398438,5475
2026-08-12T15:33:43.345,463,unlabeled,0.2,1,1.7239569997400395,3.2579170001554303,88.46796800025913,0.7209810000858852,94.20350699929259,10.615316051954514,129.454288,66.218,53.7,216.5,275.19140625,1800.0,5107532290000,1786516423216438528,33304,19398,2.0,1.0013264417648315,881.2650146484375,5473
2026-08-12T15:33:43.458,464,unlabeled,0.2,1,1.6893090005396516,3.359655999702227,92.80178300014086,0.7255000000441214,98.60657900026126,10.141311159343136,142.520515,66.218,64.3,221.3,275.1953125,1800.0,5107632201000,1786516423316349440,33304,19398,2.0,1.0013264417648315,881.2162475585938,5472
2026-08-12T15:33:43.560,465,unlabeled,0.2,1,1.645031999942148,3.4219489998577046,88.20354799991037,0.7588139997096732,94.06002900050225,10.631508523080088,144.148022,66.218,55.0,216.7,275.1953125,1800.0,5107732114000,1786516423416262400,33304,19398,2.0,1.0013264417648315,881.7801513671875,5470
2026-08-12T15:33:43.675,466,unlabeled,0.2,1,1.6914199995881063,3.3466370005044155,93.99332600060006,0.7247410003401455,99.78799300006358,10.021245742454834,125.660981,67.192,65.9,209.2,275.1953125,1800.0,5107865331000,1786516423549479424,33304,19398,2.0,1.0013264417648315,880.9058227539062,5469
2026-08-12T15:33:43.776,467,unlabeled,0.2,1,1.7031600000336766,3.2534540005144663,88.55455699995218,0.7258149998961017,94.29361500042432,10.605171940809566,127.524006,66.705,57.1,216.2,275.1953125,1800.0,5107965243000,1786516423649391360,33304,19398,2.0,1.0013264417648315,880.8912963867188,5469
2026-08-12T15:33:43.890,468,unlabeled,0.2,1,1.67545699969196,3.2285099996443023,92.74995000032504,0.728814000467537,98.41312099979405,10.161246689880842,141.298285,66.218,62.8,211.1,275.1953125,1800.0,5108065152000,1786516423749300480,33304,19398,2.0,1.0013264417648315,880.9586181640625,5468
2026-08-12T15:33:43.992,469,unlabeled,0.2,1,1.6924390001804568,3.83910599975934,88.26493500055221,0.7579989996884251,94.58847699988837,10.572112288066338,143.612001,66.705,53.7,215.2,275.1953125,1800.0,5108165071000,1786516423849219584,33304,19398,2.0,1.0013264417648315,880.5008544921875,5468
2026-08-12T15:33:44.107,470,unlabeled,0.2,1,1.6718460001357016,3.8289399999484885,92.37605699945561,0.7222040003398433,98.64006499992684,10.137868420917421,124.918615,66.218,66.7,209.5,275.1953125,1800.0,5108298282000,1786516423982430464,33304,19398,2.0,1.0013264417648315,880.4978637695312,5468
2026-08-12T15:33:44.208,471,unlabeled,0.2,1,1.68123499952344,3.155603999402956,88.41726900027425,0.7540179994975915,94.03742299946316,10.634064270409757,126.423043,66.705,53.7,217.0,275.1953125,1800.0,5108398194000,1786516424082342400,33304,19398,2.0,1.0013264417648315,880.5465698242188,5468
2026-08-12T15:33:44.322,472,unlabeled,0.2,2,1.68716099960875,3.2317879995389376,92.82621300008032,0.9733090000736411,98.75291400021524,10.126283463370209,140.472156,66.705,64.3,210.6,275.19921875,1800.0,5108498106000,1786516424182254592,33304,19398,2.0,1.0013264417648315,880.4376831054688,5468
2026-08-12T15:33:44.425,473,unlabeled,0.2,1,1.8094540000674897,3.6754250004378264,88.54321099988738,0.7194999998318963,94.77797799991095,10.550974193614255,143.200981,66.705,57.1,204.6,275.203125,1800.0,5108598021000,1786516424282169600,33304,19398,2.0,1.0013264417648315,880.5475463867188,5468
2026-08-12T15:33:44.537,474,unlabeled,0.2,1,1.6775309995864518,3.179418999934569,91.92562399948656,0.7200560003184364,97.53612999975303,10.252611006839539,155.433407,67.679,65.9,222.9,275.203125,1800.0,5108697931000,1786516424382079488,33304,19398,2.0,1.0013264417648315,880.0291748046875,5468
2026-08-12T15:33:44.639,475,unlabeled,0.2,2,1.668365000114136,3.130735000013374,88.41065900014655,1.1002499995811377,94.3499699997119,10.598837498337874,123.983609,67.679,54.8,214.2,275.203125,1800.0,5108831148000,1786516424515296512,33304,19398,2.0,1.0013264417648315,880.1412353515625,5468
2026-08-12T15:33:44.752,476,unlabeled,0.2,2,1.6865489997144323,3.2447329995193286,88.8032969996857,0.975715999629756,94.7404970002026,10.555148343773851,137.635283,67.192,60.0,213.1,275.203125,1800.0,5108931057000,1786516424615205376,33304,19398,2.0,1.0013264417648315,880.3436279296875,5468
2026-08-12T15:33:44.858,477,unlabeled,0.2,1,1.690623999820673,3.2343439997930545,90.68072999980359,0.7249069994941237,96.36271599993051,10.377457605083704,143.057683,66.218,62.8,208.8,275.203125,1800.0,5109030970000,1786516424715118592,33304,19398,2.0,1.0013264417648315,879.5968627929688,5469
2026-08-12T15:33:44.962,478,unlabeled,0.2,1,1.7123269999501645,3.231491000406095,88.09396299966465,0.7572770000479068,93.8262620002206,10.657996798355336,114.062625,66.218,52.5,211.1,275.20703125,1800.0,5109164186000,1786516424848334592,33304,19398,2.0,1.0013264417648315,879.590087890625,5470
2026-08-12T15:33:45.076,479,unlabeled,0.2,1,1.658050000514777,6.018142999892007,90.6565489995046,0.760479999371455,99.16900000007445,10.083796347641393,128.570745,66.705,66.0,218.5,275.20703125,1800.0,5109264098000,1786516424948246528,33304,19398,2.0,1.0013264417648315,879.3036499023438,5473
2026-08-12T15:33:45.178,480,unlabeled,0.2,1,1.672457000495342,3.1810860000405228,88.19846500045969,0.7198520006568287,93.80150699962542,10.66080953266554,129.839966,66.705,52.5,207.5,275.20703125,1800.0,5109364035000,1786516425048183552,33304,19398,2.0,1.0013264417648315,881.4405517578125,5475
2026-08-12T15:33:45.287,481,unlabeled,0.2,1,1.6696980001142947,3.1718079999336624,91.29851500074437,0.7255929995153565,96.89602199978253,10.320341117845317,139.012628,67.192,67.4,210.9,275.20703125,1800.0,5109463922000,1786516425148070400,33304,19398,2.0,1.0013264417648315,881.3436279296875,5477
2026-08-12T15:33:45.391,482,unlabeled,0.2,1,1.8135649997930159,3.739646000212815,88.66923000005045,0.7205550000435323,94.97251500033599,10.529362100145102,143.510878,66.705,54.8,229.8,275.20703125,1800.0,5109563834000,1786516425247982592,33304,19398,2.0,1.0013264417648315,881.3362426757812,5475
2026-08-12T15:33:45.506,483,unlabeled,0.2,1,1.6430320001745713,7.698822999373078,89.59378100007598,0.7207779999589548,99.69608100072946,10.030484548261061,158.261221,66.705,66.7,209.4,275.20703125,1800.0,5109663745000,1786516425347893504,33304,19398,2.0,1.0013264417648315,878.9595947265625,5474
2026-08-12T15:33:45.607,484,unlabeled,0.2,1,1.6941789999691537,3.1894559997454053,88.3966640003564,0.7523330004914897,94.06200099965645,10.63128563471292,126.646514,66.705,54.8,216.5,275.2109375,1800.0,5109796964000,1786516425481112576,33304,19398,2.0,1.0013264417648315,879.2371826171875,5472
2026-08-12T15:33:45.717,485,unlabeled,0.2,1,1.705605000097421,3.327082999931008,92.03214500030299,0.7299629996850854,97.82805400027428,10.222016682425231,136.543889,66.705,65.1,200.4,275.2109375,1800.0,5109896875000,1786516425581023488,33304,19398,2.0,1.0013264417648315,878.10595703125,5470
2026-08-12T15:33:45.821,486,unlabeled,0.2,1,1.7183079999085749,3.1319020008595544,88.31896199990297,0.724630000149773,93.92331999970338,10.646983092198594,140.093599,67.192,53.7,222.3,275.21484375,1800.0,5109996788000,1786516425680936448,33304,19398,2.0,1.0013264417648315,878.2500610351562,5468
2026-08-12T15:33:45.935,487,unlabeled,0.2,1,1.6428660001110984,3.418135000174516,93.81132300040917,0.711112000317371,99.61306399964087,10.03884390107311,154.590013,66.705,64.4,218.5,275.21484375,1800.0,5110096698000,1786516425780846592,33304,19398,2.0,1.0013264417648315,878.334228515625,5467
2026-08-12T15:33:46.037,488,unlabeled,0.2,2,1.6984940002657822,3.346451999277633,88.45786700021563,0.9304209997935686,94.4614370000636,10.586330589056429,123.35756,66.218,53.8,206.0,275.21484375,1800.0,5110229916000,1786516425914064384,33304,19398,2.0,1.0013264417648315,878.2347412109375,5467
2026-08-12T15:33:46.149,489,unlabeled,0.2,1,1.6621429995211656,3.3379900005456875,91.1609499999031,0.7232779998957994,96.91339599976345,10.318490954567734,135.83973,67.192,62.8,204.6,275.21484375,1800.0,5110329827000,1786516426013975552,33304,19398,2.0,1.0013264417648315,879.5966186523438,5468
2026-08-12T15:33:46.251,490,unlabeled,0.2,2,1.6901429999052198,3.143883000120695,88.68238300055964,0.9394759999850066,94.48538400010875,10.583647519481415,137.788615,67.192,54.8,225.8,275.21875,1800.0,5110429740000,1786516426113888512,33304,19398,2.0,1.0013264417648315,879.508544921875,5468
2026-08-12T15:33:46.366,491,unlabeled,0.2,1,1.6903470004763221,6.677256999864767,89.95753599992895,0.7832769997548894,99.15030299998762,10.085697872250828,152.671826,66.705,64.4,207.9,275.22265625,1800.0,5110529652000,1786516426213800448,33304,19398,2.0,1.0013264417648315,878.6784057617188,5469
2026-08-12T15:33:46.468,492,unlabeled,0.2,1,1.7144749999715714,3.157254000143439,88.2959110003867,0.7459810003638268,93.94252699985373,10.644806265447352,121.554769,66.705,56.1,216.9,275.22265625,1800.0,5110662866000,1786516426347014400,33304,19398,2.0,1.0013264417648315,877.45849609375,5470
2026-08-12T15:33:46.578,493,unlabeled,0.2,1,1.6627920003884356,3.1527720002486603,92.43806600079552,0.7252960003825137,98.00842399999965,10.203204573517105,131.697089,66.705,65.1,209.0,275.22265625,1800.0,5110762780000,1786516426446928384,33304,19398,2.0,1.0013264417648315,876.926513671875,5471
2026-08-12T15:33:46.683,494,unlabeled,0.2,1,1.6951059997154516,3.3366570005455287,89.7707439999067,0.7283340000867611,95.56054200038488,10.464570198816707,136.833088,67.192,54.8,218.8,275.22265625,1800.0,5110862692000,1786516426546840576,33304,19398,2.0,1.0013264417648315,877.232421875,5471
2026-08-12T15:33:46.801,495,unlabeled,0.2,1,2.780873999654432,5.647394000334316,88.96450499923958,0.7369260001723887,98.16030899946782,10.187416993618282,121.236386,67.679,64.6,203.9,275.2265625,1800.0,5110995908000,1786516426680056576,33304,19398,2.0,1.0013264417648315,877.06396484375,5471
2026-08-12T15:33:46.902,496,unlabeled,0.2,1,1.6659579996485263,3.3328780000374536,88.2189499998276,0.7164449998526834,93.96369400019466,10.64240833271123,122.799731,67.192,52.5,217.0,275.2265625,1800.0,5111095820000,1786516426779968512,33304,19398,2.0,1.0013264417648315,876.9856567382812,5471
2026-08-12T15:33:47.016,497,unlabeled,0.2,1,1.6599760001554387,4.222466999635799,91.5145710005163,0.7239260003188974,98.16099499948905,10.187345798656638,136.250461,66.705,64.4,211.6,275.2265625,1800.0,5111195732000,1786516426879880448,33304,19398,2.0,1.0013264417648315,876.702880859375,5472
2026-08-12T15:33:47.117,498,unlabeled,0.2,1,1.6973089996099588,3.220066999347182,88.59974200004217,0.7219630006147781,94.27137600050628,10.607673743879898,138.074193,67.679,52.5,216.4,275.2265625,1800.0,5111295644000,1786516426979792384,33304,19398,2.0,1.0013264417648315,876.56787109375,5474
2026-08-12T15:33:47.231,499,unlabeled,0.2,1,1.628144000278553,3.3954320006159833,93.53457999986858,0.7520369999838294,99.34004400020058,10.066434035382358,151.844775,66.705,65.9,218.4,275.2265625,1800.0,5111395556000,1786516427079704576,33304,19398,2.0,1.0013264417648315,876.7134399414062,5475
2026-08-12T15:33:47.334,500,unlabeled,0.2,1,1.6708470002413378,3.2755279999037157,88.41415299957589,0.7045010006550001,94.09680599947023,10.627353281317859,121.101221,67.192,53.8,206.5,275.2265625,1800.0,5111528772000,1786516427212920576,33304,19398,2.0,1.0013264417648315,876.43701171875,5475
2026-08-12T15:33:47.446,501,unlabeled,0.2,1,1.690289999714878,4.099525999663456,91.64234999934706,0.767962000281841,98.23914600019634,10.179241582556116,133.597278,67.192,63.6,204.6,275.23046875,1800.0,5111628706000,1786516427312854528,33304,19398,2.0,1.0013264417648315,876.2791748046875,5474
2026-08-12T15:33:47.548,502,unlabeled,0.2,1,1.6786790001788177,3.2036600005085347,88.46585599985701,0.7617580004080082,94.14058299989847,10.622411378109678,135.517321,66.705,55.0,225.9,275.23046875,1800.0,5111728596000,1786516427412744448,33304,19398,2.0,1.0013264417648315,876.4065551757812,5473
2026-08-12T15:33:47.659,503,unlabeled,0.2,1,1.669364999543177,3.2853430002433015,93.96577299958153,0.7344819996433216,99.68468300030509,10.031631439274774,147.287908,67.679,66.7,214.8,275.23046875,1800.0,5111828509000,1786516427512657408,33304,19398,2.0,1.0013264417648315,876.3455200195312,5472
2026-08-12T15:33:47.764,504,unlabeled,0.2,1,1.670939999712573,3.258029000789975,88.46830099992076,0.7467960003850749,94.17563799979689,10.618457397678121,118.173832,68.166,55.8,210.7,275.23046875,1800.0,5111961725000,1786516427645873408,33304,19398,2.0,1.0013264417648315,876.0725708007812,5468
2026-08-12T15:33:47.876,505,unlabeled,0.2,1,1.7116600001827464,3.16082799963624,92.4095340005806,0.7555920001323102,98.06733599998552,10.197075201473279,130.925495,67.679,65.1,213.6,275.23046875,1800.0,5112061637000,1786516427745785600,33304,19398,2.0,1.0013264417648315,875.9655151367188,5465
2026-08-12T15:33:47.978,506,unlabeled,0.2,1,1.7016049996527727,3.2540290003453265,88.30650799973228,0.721999999768741,94.01354900001024,10.636764707179506,132.450611,66.705,53.7,207.1,275.23046875,1800.0,5112161548000,1786516427845696512,33304,19398,2.0,1.0013264417648315,875.9725952148438,5463
2026-08-12T15:33:48.091,507,unlabeled,0.2,1,1.6694390005795867,3.1754379997437354,93.27936799945746,0.7622949997312389,98.91491100006533,10.109699234318064,145.862998,67.192,66.7,220.5,275.234375,1800.0,5112261467000,1786516427945615616,33304,19398,2.0,1.0013264417648315,875.9192504882812,5460
2026-08-12T15:33:48.193,508,unlabeled,0.2,1,1.9980790002591675,3.250639999350824,88.2255520000399,0.7246120003401302,94.23158600020543,10.612152914393482,147.850205,67.192,53.7,206.1,275.234375,1800.0,5112361371000,1786516428045519616,33304,19398,2.0,1.0013264417648315,886.6668090820312,5457
2026-08-12T15:33:48.307,509,unlabeled,0.2,1,1.653754000471963,4.190227999970375,91.47708000000421,0.7293700000445824,98.08720999990328,10.195009114857951,128.515299,67.679,66.7,210.8,275.234375,1800.0,5112494589000,1786516428178737408,33304,19398,2.0,1.0013264417648315,887.3716430664062,5456
2026-08-12T15:33:48.408,510,unlabeled,0.2,1,1.6981420003503445,3.1764200002726284,88.33038299962936,0.7584619997942355,93.99270199992316,10.639123875817694,130.010992,67.679,55.0,217.0,275.234375,1800.0,5112594501000,1786516428278649600,33304,19398,2.0,1.0013264417648315,882.1878051757812,5458
2026-08-12T15:33:48.522,511,unlabeled,0.2,2,1.711623000119289,3.383951999239798,93.23886899983336,0.9425319994988968,99.30688299937174,10.069795464291499,143.769866,67.192,65.2,211.1,275.234375,1800.0,5112694411000,1786516428378559488,33304,19398,2.0,1.0013264417648315,878.638427734375,5459
2026-08-12T15:33:48.624,512,unlabeled,0.2,1,1.8898409998655552,3.3220269997400464,88.3235869996497,0.7664989998374949,94.33130499928666,10.600934652685682,145.943962,67.679,51.3,215.3,275.234375,1800.0,5112794327000,1786516428478475520,33304,19398,2.0,1.0013264417648315,877.5165405273438,5460
2026-08-12T15:33:48.735,513,unlabeled,0.2,1,1.6303850006806897,4.874229000051855,91.62628000012774,0.7255370001075789,98.89704199940752,10.11152588371643,156.929924,67.192,63.6,207.5,275.234375,1800.0,5112894237000,1786516428578385408,33304,19398,2.0,1.0013264417648315,877.0806274414062,5462
2026-08-12T15:33:48.836,514,unlabeled,0.2,1,1.6814210002848995,3.1575130005876417,88.33019800022157,0.7500930005335249,93.9495739994527,10.644007816425283,125.255565,68.166,53.7,226.6,275.234375,1800.0,5113027453000,1786516428711601408,33304,19398,2.0,1.0013264417648315,876.5376586914062,5465
2026-08-12T15:33:48.949,515,unlabeled,0.2,1,1.7355859999952372,3.2906400001593283,92.50251799949183,0.7283519998964039,98.29024200007552,10.173949922711877,138.043326,67.679,65.1,204.1,275.23828125,1800.0,5113127365000,1786516428811513600,33304,19398,2.0,1.0013264417648315,876.9505615234375,5467
2026-08-12T15:33:49.051,516,unlabeled,0.2,1,1.6844200008563348,3.161790000376641,88.4305849995144,0.7229639995784964,94.02874099941982,10.635046150476164,139.576451,67.679,51.3,207.0,275.23828125,1800.0,5113227279000,1786516428911427584,33304,19398,2.0,1.0013264417648315,876.2114868164062,5468
2026-08-12T15:33:49.165,517,unlabeled,0.2,1,1.6712180004105903,4.692456000157108,92.23091900003055,0.7155369994507055,99.35357199992723,10.065063387964878,154.36394,67.679,67.4,226.3,275.23828125,1800.0,5113327188000,1786516429011336448,33304,19398,2.0,1.0013264417648315,876.2046508789062,5470
2026-08-12T15:33:49.268,518,unlabeled,0.2,1,1.6716059999453137,3.380006999577745,88.86178100055986,0.7716850004726439,94.71691100043245,10.557776741636289,123.512348,65.244,53.7,215.1,275.2421875,1800.0,5113460410000,1786516429144558592,33304,19398,2.0,1.0013264417648315,876.4037475585938,5471
2026-08-12T15:33:49.385,519,unlabeled,0.2,1,1.7561230006322148,7.193967000603152,91.9499250003355,0.75488799939194,101.6871430001629,9.834084924565124,140.734514,66.705,64.4,205.0,275.2421875,1800.0,5113560316000,1786516429244464384,33304,19398,2.0,1.0013264417648315,876.2188110351562,5471
2026-08-12T15:33:49.487,520,unlabeled,0.2,1,1.8026580000878312,3.6271679991841665,88.43962500031921,0.7251489996633609,94.6256919996813,10.567954419856376,142.93956,66.705,53.7,215.4,275.24609375,1800.0,5113660229000,1786516429344377600,33304,19398,2.0,1.0013264417648315,876.3958740234375,5470
2026-08-12T15:33:49.606,521,unlabeled,0.2,1,1.7211229996973998,6.637870000304247,94.30249500019272,0.7538139998359839,103.4600250004587,9.665568899636032,162.165074,66.218,63.0,209.9,275.24609375,1800.0,5113760140000,1786516429444288512,33304,19398,2.0,1.0013264417648315,876.0877685546875,5470
2026-08-12T15:33:49.708,522,unlabeled,0.2,1,1.683604999925592,3.2696219996068976,88.98170399970695,0.7799429995429819,94.7445029996743,10.5547020496106,131.20487,66.705,55.0,215.1,275.24609375,1800.0,5113893356000,1786516429577504512,33304,19398,2.0,1.0013264417648315,875.4797973632812,5470
2026-08-12T15:33:49.823,523,unlabeled,0.2,1,1.7334379999738303,3.194494000126724,95.0926059995254,0.7274999998116982,100.77968399946258,9.92263480410727,146.442973,65.731,63.8,208.4,275.24609375,1800.0,5113993269000,1786516429677417472,33304,19398,2.0,1.0013264417648315,875.4008178710938,5470
2026-08-12T15:33:49.925,524,unlabeled,0.2,1,1.8068609997499152,3.398525000193331,88.23431499968137,0.7794439998178859,94.25444099997549,10.609579658960156,148.555381,67.192,53.8,215.5,275.25,1800.0,5114093180000,1786516429777328384,33304,19398,2.0,1.0013264417648315,875.0631713867188,5470
2026-08-12T15:33:50.042,525,unlabeled,0.2,1,1.6643649996694876,8.15985000008368,91.58402899993234,0.7326300001295749,102.17529900000955,9.787101283646907,132.259328,66.705,63.8,205.4,275.25,1800.0,5114226396000,1786516429910544384,33304,19398,2.0,1.0013264417648315,875.2605590820312,5470
2026-08-12T15:33:50.144,526,unlabeled,0.2,1,1.6984760004561394,3.1925859993862105,88.30691000002844,0.7964059996083961,94.02337800020177,10.635652762846428,133.922647,65.731,53.7,216.7,275.25,1800.0,5114326316000,1786516430010464512,33304,19398,2.0,1.0013264417648315,875.8060913085938,5470
2026-08-12T15:33:50.261,527,unlabeled,0.2,2,1.7643069995756377,8.74857599956158,90.81864400013728,1.00314100018295,102.37109399986366,9.768382469384687,150.716741,67.192,63.6,205.5,275.25,1800.0,5114426222000,1786516430110370560,33304,19398,2.0,1.0013264417648315,875.5339965820312,5470
2026-08-12T15:33:50.363,528,unlabeled,0.2,1,1.6824399999677553,3.1970310001270263,88.5875700005272,0.7200929994723992,94.21611400011898,10.613895622979495,120.04323,65.731,54.8,223.2,275.25,1800.0,5114559436000,1786516430243584512,33304,19398,2.0,1.0013264417648315,876.158203125,5470
2026-08-12T15:33:50.476,529,unlabeled,0.2,1,1.6906609998841304,4.321353999330313,91.47286799998255,0.7754990001558326,98.30597400014085,10.17232177566917,133.415257,67.192,65.1,204.0,275.25,1800.0,5114659349000,1786516430343497472,33304,19398,2.0,1.0013264417648315,878.8038330078125,5469
2026-08-12T15:33:50.578,530,unlabeled,0.2,1,1.669440000114264,3.260677000071155,88.37557499919058,0.7532209992859862,94.0874130001248,10.628414238562108,135.056647,66.218,51.3,216.7,275.25390625,1800.0,5114759263000,1786516430443411456,33304,19398,2.0,1.0013264417648315,877.7520141601562,5469
2026-08-12T15:33:50.692,531,unlabeled,0.2,2,1.6675689994372078,4.128118000153336,91.96193000025232,0.9876229996734764,98.79896199981886,10.121563827784279,148.928117,66.218,66.7,210.8,275.25390625,1800.0,5114859174000,1786516430543322368,33304,19398,2.0,1.0013264417648315,877.584228515625,5468
2026-08-12T15:33:50.794,532,unlabeled,0.2,2,1.6746060000514262,3.191141999195679,88.18237699961173,0.968289999946137,94.0481550005643,10.632850798551019,118.205134,65.731,53.7,214.5,275.25390625,1800.0,5114992390000,1786516430676538368,33304,19398,2.0,1.0013264417648315,877.585693359375,5468
2026-08-12T15:33:50.913,533,unlabeled,0.2,1,1.6568470000493107,6.975139000132913,93.76012600023387,0.7490739999411744,103.17581399976916,9.692193947723421,136.988298,67.192,63.3,210.8,275.25390625,1800.0,5115092301000,1786516430776449536,33304,19398,2.0,1.0013264417648315,878.1845703125,5468
2026-08-12T15:33:51.015,534,unlabeled,0.2,1,1.6876610006875126,3.428507000535319,88.60807000019122,0.7282970000233036,94.48349600006622,10.583859005379088,138.965463,65.731,56.1,215.9,275.25390625,1800.0,5115192214000,1786516430876362496,33304,19398,2.0,1.0013264417648315,879.2208251953125,5468
2026-08-12T15:33:51.127,535,unlabeled,0.2,1,1.701790000879555,3.9823070001148153,92.60552900013863,0.7494809997297125,99.08460699989519,10.092384985702752,151.537984,68.653,63.6,212.7,275.25390625,1800.0,5115292126000,1786516430976274432,33304,19398,2.0,1.0013264417648315,878.859619140625,5468
2026-08-12T15:33:51.230,536,unlabeled,0.2,1,1.714752999760094,3.256066000176361,88.48561400009203,0.729759999558155,94.2146010002034,10.61406607238979,120.826667,66.705,53.7,205.4,275.25390625,1800.0,5115425343000,1786516431109491456,33304,19398,2.0,1.0013264417648315,879.2814331054688,5467
2026-08-12T15:33:51.346,537,unlabeled,0.2,1,1.6874020002433099,3.2145670002137194,96.01635200033343,0.7282779997694888,101.67789499973878,9.834979372877154,137.109107,65.244,64.4,206.7,275.25390625,1800.0,5115525263000,1786516431209411584,33304,19398,2.0,1.0013264417648315,879.9695434570312,5467
2026-08-12T15:33:51.448,538,unlabeled,0.2,1,1.6793459999462357,3.3513049993416644,88.5871300006329,0.7675370006836602,94.41600300033315,10.59142484560029,139.19116,67.192,55.0,215.7,275.25390625,1800.0,5115625167000,1786516431309315584,33304,19398,2.0,1.0013264417648315,880.7618408203125,5466
2026-08-12T15:33:51.563,539,unlabeled,0.2,1,1.6728290001992718,3.2048459997895407,95.28122199935751,0.7137599995985511,100.90126599970972,9.910678425014774,154.702546,67.192,62.2,216.5,275.25390625,1800.0,5115725080000,1786516431409228544,33304,19398,2.0,1.0013264417648315,881.179931640625,5465
2026-08-12T15:33:51.666,540,unlabeled,0.2,1,1.6980680002234294,3.335972000058973,89.7104350005975,0.4995060007786378,95.27440700003353,10.495998154044118,124.203206,67.192,55.0,214.3,275.25390625,1800.0,5115858297000,1786516431542445568,33304,19398,2.0,1.0013264417648315,882.14599609375,5465
2026-08-12T15:33:51.785,541,unlabeled,0.2,1,3.2756219998191227,4.739437000353064,90.70118900035595,0.5018020001443801,99.24808499999926,10.075761159522699,142.926417,67.192,62.2,202.3,275.25390625,1800.0,5115958207000,1786516431642355456,33304,19398,2.0,1.0013264417648315,882.4765625,5465
2026-08-12T15:33:51.887,542,unlabeled,0.2,1,1.9580620000851923,3.2878990004974185,88.31274899966957,0.5015430006096722,94.08991800046351,10.628131273268552,144.729602,66.705,52.5,216.3,275.26171875,1800.0,5116058118000,1786516431742266368,33304,19398,2.0,1.0013264417648315,882.9557495117188,5465
2026-08-12T15:33:52.008,543,unlabeled,0.2,1,1.68453199967189,6.897492999996757,96.1606999999276,0.543856999684067,105.3183040003205,9.495025669962905,132.830827,66.218,62.5,197.8,275.26171875,1800.0,5116191336000,1786516431875484416,33304,19398,2.0,1.0013264417648315,883.4921875,5468
2026-08-12T15:33:52.109,544,unlabeled,0.2,1,1.6798280003058608,3.239475000555103,88.29601199977333,0.5029499998272513,93.75094999995781,10.666558578877867,134.177476,68.166,53.7,217.3,275.26171875,1800.0,5116291247000,1786516431975395584,33304,19398,2.0,1.0013264417648315,883.6464233398438,5472
2026-08-12T15:33:52.226,545,unlabeled,0.2,2,1.6586430001552799,3.538281999681203,96.15763100009644,0.7909609994385391,102.17879500032723,9.786766422493018,151.617616,65.731,62.2,212.7,275.26171875,1800.0,5116391160000,1786516432075308544,33304,19398,2.0,1.0013264417648315,883.7221069335938,5476
2026-08-12T15:33:52.330,546,unlabeled,0.2,2,1.7273829998885049,3.2786219999252353,88.86520099986228,0.7115560001693666,94.61444699991262,10.56921042936417,121.641686,66.218,53.7,203.7,275.26171875,1800.0,5116524375000,1786516432208523520,33304,19398,2.0,1.0013264417648315,884.0987548828125,5481
2026-08-12T15:33:52.447,547,unlabeled,0.2,1,1.7058829998859437,7.184005999988585,92.283320000206,0.49744999978429405,101.7072320000807,9.832142516662007,139.092961,66.218,66.0,212.9,275.265625,1800.0,5116624287000,1786516432308435456,33304,19398,2.0,1.0013264417648315,884.1817016601562,5486
2026-08-12T15:33:52.550,548,unlabeled,0.2,1,1.7094570002882392,4.174061999947298,88.71218700005556,0.511950000145589,95.14169300018693,10.510639115892495,141.894362,66.218,52.5,204.6,275.265625,1800.0,5116724199000,1786516432408347392,33304,19398,2.0,1.0013264417648315,884.120849609375,5489
2026-08-12T15:33:52.666,549,unlabeled,0.2,1,1.6774399991845712,3.2760479998614755,96.74509700016642,0.4978950000804616,102.2288309995929,9.781976280292026,158.711888,66.705,65.2,214.1,275.265625,1800.0,5116824112000,1786516432508260352,33304,19398,2.0,1.0013264417648315,883.8432006835938,5493
2026-08-12T15:33:52.768,550,unlabeled,0.2,1,1.7811400002756272,3.2186980006372323,88.56930199999624,0.5366169998524128,94.13651399972878,10.622870526126357,127.157778,67.192,53.7,226.2,275.26953125,1800.0,5116957327000,1786516432641475584,33304,19398,2.0,1.0013264417648315,883.5960083007812,5499
2026-08-12T15:33:52.882,551,unlabeled,0.2,1,1.7072159998861025,7.095970000591478,90.51541999997426,0.5153949996383744,99.865927000792,10.013425299622657,141.494515,65.731,63.6,201.3,275.26953125,1800.0,5117057240000,1786516432741388544,33304,19398,2.0,1.0013264417648315,884.3177490234375,5502
2026-08-12T15:33:52.984,552,unlabeled,0.2,1,1.8458979993738467,3.676538000036089,88.226050999765,0.49909900008060504,94.27601100014726,10.607152226651147,143.415464,66.218,52.5,216.0,275.26953125,1800.0,5117157154000,1786516432841302528,33304,19398,2.0,1.0013264417648315,884.5684204101562,5506
2026-08-12T15:33:53.101,553,unlabeled,0.2,1,1.6563660001338576,8.296607999909611,91.34747799998877,0.5268209997666418,101.85762200035242,9.817625626450813,160.341964,66.705,64.4,213.8,275.2734375,1800.0,5117257062000,1786516432941210368,33304,19398,2.0,1.0013264417648315,885.0729370117188,5510
2026-08-12T15:33:53.203,554,unlabeled,0.2,2,1.6769769999882556,3.2115499998326413,88.60013899993646,0.7253149997268338,94.24349799974152,10.610811580898055,128.995229,66.705,53.7,216.1,275.2734375,1800.0,5117390279000,1786516433074427392,33304,19398,2.0,1.0013264417648315,885.1171875,5515
2026-08-12T15:33:53.322,555,unlabeled,0.2,1,1.709901999674912,7.56547800028784,94.8013910001464,0.5415969999376102,104.66108999935386,9.554649201591285,148.497453,66.705,68.1,200.8,275.2734375,1800.0,5117490192000,1786516433174340352,33304,19398,2.0,1.0013264417648315,885.0245361328125,5517
2026-08-12T15:33:53.425,556,unlabeled,0.2,1,1.717809000183479,3.2041799995568,89.19386500019755,0.5142830004842835,94.66074599913554,10.56404098071583,117.991637,66.705,54.8,214.2,275.2734375,1800.0,5117623407000,1786516433307555584,33304,19398,2.0,1.0013264417648315,884.645263671875,5518
2026-08-12T15:33:53.543,557,unlabeled,0.2,1,1.6705689995433204,8.86489000004076,91.75546799997392,0.5018949996156152,102.82767300031992,9.725008558706651,136.181893,66.705,63.8,203.2,275.2734375,1800.0,5117723323000,1786516433407471360,33304,19398,2.0,1.0013264417648315,884.423583984375,5518
2026-08-12T15:33:53.649,558,unlabeled,0.2,1,1.7022169995470904,3.306749999865133,92.70581399960065,0.4998949998480384,98.24997200030339,10.17811994894932,142.160147,66.218,64.3,217.5,275.2734375,1800.0,5117823232000,1786516433507380480,33304,19398,2.0,1.0013264417648315,884.16455078125,5519
2026-08-12T15:33:53.764,559,unlabeled,0.2,1,1.7210489995704847,3.3598609998080065,91.22931399997469,0.520672000675404,96.86341499946138,10.323815240310912,123.722734,67.192,57.8,216.8,275.2734375,1800.0,5117956453000,1786516433640601600,33304,19398,2.0,1.0013264417648315,883.7545776367188,5520
2026-08-12T15:33:53.866,560,unlabeled,0.2,1,1.6782729999249568,3.245195999625139,88.49116100009269,0.4969319998053834,93.94052400057262,10.645033233941769,125.704368,66.705,52.5,207.2,275.2734375,1800.0,5118056361000,1786516433740509440,33304,19398,2.0,1.0013264417648315,883.6298217773438,5520
2026-08-12T15:33:53.981,561,unlabeled,0.2,1,1.695124000434589,6.91266000012547,91.61384100025316,0.5013019999751123,100.76151999965077,9.924423529969237,141.078923,67.192,65.2,208.0,275.2734375,1800.0,5118156273000,1786516433840421376,33304,19398,2.0,1.0013264417648315,883.2044677734375,5521
2026-08-12T15:33:54.083,562,unlabeled,0.2,1,1.7882519996419433,3.7963309996484895,88.28235500004666,0.496470000143745,94.39410899994982,10.59388144656921,143.198939,67.192,56.1,215.7,275.2734375,1800.0,5118256189000,1786516433940337408,33304,19398,2.0,1.0013264417648315,882.7598266601562,5522
2026-08-12T15:33:54.206,563,unlabeled,0.2,1,1.670421000198985,9.141067999735242,96.54405699984636,0.49924700033443514,107.89073700016161,9.26863628708461,165.795388,69.14,61.7,204.1,275.2734375,1800.0,5118356096000,1786516434040244480,33304,19398,2.0,1.0013264417648315,882.0128784179688,5522
2026-08-12T15:33:54.308,564,unlabeled,0.2,2,1.6847729993969551,3.198234999217675,88.71193699997093,0.7541100003436441,94.38012900045578,10.595450658847593,134.573753,69.14,53.7,215.7,275.27734375,1800.0,5118489312000,1786516434173460480,33304,19398,2.0,1.0013264417648315,881.673095703125,5523
2026-08-12T15:33:54.429,565,unlabeled,0.2,1,3.375287000380922,5.59615699967253,91.1744679997355,0.4983389999324572,100.67995300050825,9.932463913595111,155.877718,66.218,68.1,206.3,275.28125,1800.0,5118589228000,1786516434273376512,33304,19398,2.0,1.0013264417648315,881.45458984375,5523
2026-08-12T15:33:54.531,566,unlabeled,0.2,2,1.6663289998177788,3.2664000000295346,88.76358399993478,0.7287590005944367,94.45486800086655,10.587066830592848,124.5638,67.192,51.3,206.1,275.28125,1800.0,5118722442000,1786516434406590464,33304,19398,2.0,1.0013264417648315,881.2374267578125,5522
2026-08-12T15:33:54.651,567,unlabeled,0.2,2,1.6861620006238809,6.794941999942239,95.37240000008751,0.7314260001294315,104.64313299962669,9.556288801134878,144.86627,68.653,66.0,207.9,275.28125,1800.0,5118822355000,1786516434506503424,33304,19398,2.0,1.0013264417648315,880.8178100585938,5523
2026-08-12T15:33:54.753,568,unlabeled,0.2,1,2.09798400010186,3.306177000013122,88.51523799967254,0.5016909999540076,94.45718299957662,10.586807358043721,147.216294,66.705,53.7,215.2,275.28515625,1800.0,5118922266000,1786516434606414592,33304,19398,2.0,1.0013264417648315,880.825927734375,5524
2026-08-12T15:33:54.872,569,unlabeled,0.2,2,1.659940000536153,7.141692000004696,93.54916800020874,0.7647029997315258,103.1952610001099,9.690367467542284,133.11414,67.679,64.6,209.8,275.28515625,1800.0,5119055482000,1786516434739630592,33304,19398,2.0,1.0013264417648315,880.8029174804688,5525
2026-08-12T15:33:54.974,570,unlabeled,0.2,1,1.6623100000288105,3.2319570000254316,88.30989199941541,0.4987279999113525,93.73407100065378,10.668479340804744,134.540294,66.705,50.0,207.3,275.29296875,1800.0,5119155393000,1786516434839541504,33304,19398,2.0,1.0013264417648315,880.6337280273438,5525
2026-08-12T15:33:55.088,571,unlabeled,0.2,1,1.6470880000269972,6.849496000540967,90.8266670003286,0.5812259996673674,99.94553199976508,10.00544976840336,149.025987,67.192,65.2,218.5,275.29296875,1800.0,5119255306000,1786516434939454464,33304,19398,2.0,1.0013264417648315,881.1130981445312,5525
2026-08-12T15:33:55.190,572,unlabeled,0.2,1,1.7961029998332378,3.270307000093453,88.4321519997684,0.512542999786092,94.04255000026751,10.633484523730539,150.881126,67.679,55.0,206.2,275.29296875,1800.0,5119355219000,1786516435039367424,33304,19398,2.0,1.0013264417648315,881.186767578125,5525
2026-08-12T15:33:55.306,573,unlabeled,0.2,3,1.684199000010267,6.566873999872769,92.70076800021343,0.9776050001164549,101.96437099966715,9.807347313536258,134.391518,66.705,63.8,205.7,275.29296875,1800.0,5119488435000,1786516435172583424,33304,19398,2.0,1.0013264417648315,881.0320434570312,5524
2026-08-12T15:33:55.410,574,unlabeled,0.2,2,1.705550999758998,3.288270000666671,89.26726099980442,0.7381489995168522,95.03372800008947,10.522579941292618,137.506186,66.218,56.1,223.2,275.29296875,1800.0,5119588347000,1786516435272495360,33304,19398,2.0,1.0013264417648315,881.1133422851562,5522
2026-08-12T15:33:55.526,575,unlabeled,0.2,2,1.6525889996046317,7.476906000192685,91.9307320000371,0.7819990005373256,101.87774400037597,9.815686534993448,154.258963,67.679,67.4,214.3,275.296875,1800.0,5119688259000,1786516435372407552,33304,19398,2.0,1.0013264417648315,880.8434448242188,5520
2026-08-12T15:33:55.628,576,unlabeled,0.2,2,1.6932360003920621,3.271325999776309,88.68192400041153,0.73244400027761,94.41148499990959,10.591931691371634,123.318916,68.166,53.8,205.3,275.296875,1800.0,5119821485000,1786516435505633536,33304,19398,2.0,1.0013264417648315,880.7659912109375,5516
2026-08-12T15:33:55.741,577,unlabeled,0.2,1,1.6871429997991072,3.2198280005104607,90.38875199985341,0.5055609999544686,95.8302269991691,10.435120851886019,135.990886,67.679,59.1,222.0,275.296875,1800.0,5119921387000,1786516435605535488,33304,19398,2.0,1.0013264417648315,880.577392578125,5511
2026-08-12T15:33:55.843,578,unlabeled,0.2,2,1.6685880000295583,3.218900999854668,88.68225700007315,0.7445740002367529,94.34352399966883,10.599561661524433,137.850789,67.192,53.7,216.1,275.296875,1800.0,5120021299000,1786516435705447424,33304,19398,2.0,1.0013264417648315,880.4798583984375,5507
2026-08-12T15:33:55.960,579,unlabeled,0.2,2,1.7083840002669604,7.533497999247629,90.99738500026433,0.719110999853001,100.99274699950911,9.901701158845206,154.713961,66.705,64.4,205.6,275.296875,1800.0,5120121212000,1786516435805360384,33304,19398,2.0,1.0013264417648315,880.4156494140625,5504
2026-08-12T15:33:56.061,580,unlabeled,0.2,2,1.6825319999043131,3.3221769999727258,88.45861700046953,0.7237970003188821,94.22136300054262,10.613304330932264,123.376223,67.192,53.7,216.0,275.296875,1800.0,5120254432000,1786516435938580480,33304,19398,2.0,1.0013264417648315,880.1787109375,5498
2026-08-12T15:33:56.176,581,unlabeled,0.2,2,1.6690880001988262,6.803942000260577,90.44094000000769,0.780480000685202,99.73241399984545,10.026830394394642,137.858756,67.679,66.0,209.8,275.296875,1800.0,5120354339000,1786516436038487552,33304,19398,2.0,1.0013264417648315,879.1285400390625,5494
2026-08-12T15:33:56.278,582,unlabeled,0.2,2,1.7115680002461886,3.291085000455496,88.84744299939484,0.759481000386586,94.64076199947158,10.566271645251371,140.177128,67.192,52.5,215.1,275.296875,1800.0,5120454252000,1786516436138400512,33304,19398,2.0,1.0013264417648315,878.5083618164062,5491
2026-08-12T15:33:56.396,583,unlabeled,0.2,2,1.6732920003050822,8.62632299958932,91.69300200028374,0.7768699997541262,102.80365200014785,9.727280894637497,158.080625,66.705,66.7,212.2,275.296875,1800.0,5120554163000,1786516436238311424,33304,19398,2.0,1.0013264417648315,877.8494262695312,5490
2026-08-12T15:33:56.498,584,unlabeled,0.2,2,1.7419570003767149,3.2952510000541224,88.47476699975232,0.7277040003828006,94.27114199934294,10.607700074397846,126.857593,67.679,52.5,215.7,275.296875,1800.0,5120687379000,1786516436371527424,33304,19398,2.0,1.0013264417648315,877.2595825195312,5490
2026-08-12T15:33:56.614,585,unlabeled,0.2,2,1.6911990005610278,7.062584000777861,91.52569100024266,0.73244400027761,101.04645499995968,9.896438227351954,142.566763,68.166,64.4,198.9,275.296875,1800.0,5120787292000,1786516436471440384,33304,19398,2.0,1.0013264417648315,876.6442260742188,5489
2026-08-12T15:33:56.717,586,unlabeled,0.2,3,1.946803999999247,3.4947280000778846,88.73907500037603,0.9879389999696286,95.19841499968607,10.504376569749587,145.691526,67.192,54.8,213.5,275.30078125,1800.0,5120887205000,1786516436571353600,33304,19398,2.0,1.0013264417648315,876.0789184570312,5492
2026-08-12T15:33:56.832,587,unlabeled,0.2,2,1.671994999924209,3.4361369998805458,93.35525599999528,0.758907000090403,99.25585099972523,10.074972809439398,127.830465,67.192,65.2,225.4,275.30078125,1800.0,5121020420000,1786516436704568576,33304,19398,2.0,1.0013264417648315,875.2427368164062,5495
2026-08-12T15:33:56.934,588,unlabeled,0.2,2,1.7088279992094613,3.1849209999563755,88.44076799960021,0.7250190001286683,94.0888309996808,10.628254059224018,129.791685,67.192,52.5,206.1,275.30078125,1800.0,5121120332000,1786516436804480512,33304,19398,2.0,1.0013264417648315,875.1025390625,5497
2026-08-12T15:33:57.049,589,unlabeled,0.2,2,1.6910879994611605,7.12158299938892,90.77119400080846,0.88919999961945,100.5181000000448,9.948457044050318,145.004462,66.705,65.2,208.4,275.30078125,1800.0,5121220245000,1786516436904393472,33304,19398,2.0,1.0013264417648315,875.0017700195312,5498
2026-08-12T15:33:57.151,590,unlabeled,0.2,1,2.0285790005800663,3.3152510004583746,88.37425500041718,0.4995809995307354,94.24738800043997,10.610373626432297,147.367165,67.192,54.8,205.3,275.30859375,1800.0,5121320156000,1786516437004304384,33304,19398,2.0,1.0013264417648315,874.6979370117188,5498
2026-08-12T15:33:57.267,591,unlabeled,0.2,2,1.689939000243612,6.844311999884667,91.13235299992084,0.9892159996525152,100.6887090006785,9.9316001756787,129.722555,68.166,63.6,225.0,275.3125,1800.0,5121453373000,1786516437137521408,33304,19398,2.0,1.0013264417648315,874.1908569335938,5498
2026-08-12T15:33:57.369,592,unlabeled,0.2,2,1.732142000037129,3.252030000112427,88.68583999992552,0.9575509993737796,94.66078500008734,10.564036628251893,132.25235,67.192,56.1,205.0,275.3125,1800.0,5121553284000,1786516437237432576,33304,19398,2.0,1.0013264417648315,874.4406127929688,5496
2026-08-12T15:33:57.486,593,unlabeled,0.2,2,1.7233279995707562,7.704642999669886,91.78781900027388,0.8168320000550011,102.06937899965851,9.797257608507108,149.334269,66.218,61.4,213.7,275.3125,1800.0,5121653197000,1786516437337345536,33304,19398,2.0,1.0013264417648315,875.2506713867188,5495
2026-08-12T15:33:57.588,594,unlabeled,0.2,2,1.602478999302548,3.1753839994053124,88.44751299966447,0.7879059994593263,94.04568899935839,10.633129605832568,118.210203,67.679,53.7,205.4,275.3125,1800.0,5121786413000,1786516437470561536,33304,19398,2.0,1.0013264417648315,875.541015625,5493
2026-08-12T15:33:57.704,595,unlabeled,0.2,2,1.68534800013731,6.8309050002426375,91.01417099918763,1.0328640000807354,100.63998900022852,9.936408081262105,134.373238,66.705,64.4,215.7,275.3125,1800.0,5121886326000,1786516437570474496,33304,19398,2.0,1.0013264417648315,875.3078002929688,5493
2026-08-12T15:33:57.806,596,unlabeled,0.2,2,1.696494999123388,3.370378999534296,88.50236299986136,0.7571109999844339,94.3553659999452,10.59823137139419,136.603721,66.705,53.7,205.6,275.31640625,1800.0,5121986237000,1786516437670385408,33304,19398,2.0,1.0013264417648315,875.451904296875,5493
2026-08-12T15:33:57.922,597,unlabeled,0.2,1,1.6434769995612442,3.5002460008399794,95.02212799998233,0.5778000004283967,100.77800300041417,9.922800315817831,152.270925,66.705,63.8,206.2,275.31640625,1800.0,5122086149000,1786516437770297600,33304,19398,2.0,1.0013264417648315,874.8809204101562,5493
2026-08-12T15:33:58.025,598,unlabeled,0.2,2,1.698605999990832,3.1474220004383824,88.61010200052988,0.9307170003012288,94.41679200062936,10.591336337643565,121.795943,66.705,53.7,225.6,275.31640625,1800.0,5122219370000,1786516437903518464,33304,19398,2.0,1.0013264417648315,874.4895629882812,5493
2026-08-12T15:33:58.138,599,unlabeled,0.2,1,1.72210599976097,5.021321000640455,91.40401800050313,0.7282229998963885,98.90714800076239,10.110492721843439,135.355294,66.705,63.6,202.7,275.31640625,1800.0,5122319282000,1786516438003430400,33304,19398,2.0,1.0013264417648315,874.7930297851562,5493
2026-08-12T15:33:58.241,600,unlabeled,0.2,3,1.6778660001364187,3.201032000106352,88.8148040003216,1.2124329996368033,94.93707899946457,10.533292266192852,137.926369,67.679,53.7,214.6,275.31640625,1800.0,5122419190000,1786516438103338496,33304,19398,2.0,1.0013264417648315,874.5281982421875,5493
2026-08-12T15:33:58.356,601,unlabeled,0.2,2,1.9836920000670943,3.3362880003551254,93.89469699999609,1.0175309998885496,100.26774300058605,9.973297194833188,153.609334,67.192,65.2,214.9,275.31640625,1800.0,5122519102000,1786516438203250432,33304,19398,2.0,1.0013264417648315,875.0045776367188,5491
2026-08-12T15:33:58.459,602,unlabeled,0.2,1,1.6967359997579479,3.416581999772461,88.70726999975886,0.4935429997203755,94.34779700040963,10.59908160861094,123.334789,66.705,54.8,205.4,275.31640625,1800.0,5122652318000,1786516438336466432,33304,19398,2.0,1.0013264417648315,874.7772216796875,5488
2026-08-12T15:33:58.574,603,unlabeled,0.2,2,1.669181000579556,6.938235999768949,90.48659600011888,0.9483100002398714,100.07541499999206,9.99246418313708,137.891533,66.705,63.6,218.4,275.31640625,1800.0,5122752235000,1786516438436383488,33304,19398,2.0,1.0013264417648315,874.8032836914062,5485
2026-08-12T15:33:58.677,604,unlabeled,0.2,1,1.6693480001777061,3.4598769998410717,89.53319400006876,0.7280379995791009,95.42177000002994,10.479788836443573,141.129874,66.705,55.0,203.6,275.31640625,1800.0,5122852142000,1786516438536290560,33304,19398,2.0,1.0013264417648315,875.1914672851562,5483
2026-08-12T15:33:58.793,605,unlabeled,0.2,2,1.7621970000618603,4.9777840004026075,89.35625300000538,0.9433839995836024,97.06961899973976,10.30188446503206,123.856586,67.192,66.0,215.7,275.31640625,1800.0,5122985360000,1786516438669508352,33304,19398,2.0,1.0013264417648315,875.1649169921875,5481
2026-08-12T15:33:58.894,606,unlabeled,0.2,2,1.6599209993728437,3.187180999702832,88.24204100073985,0.9466800001973752,94.06441500050278,10.631012801117777,125.551461,67.192,55.0,216.5,275.31640625,1800.0,5123085271000,1786516438769419520,33304,19398,2.0,1.0013264417648315,875.404541015625,5479
2026-08-12T15:33:59.009,607,unlabeled,0.2,2,1.667700000325567,7.151230999625113,89.35088399994129,0.9832719997575623,99.18815900073241,10.081848580258617,140.283389,66.218,65.2,218.1,275.3203125,1800.0,5123185184000,1786516438869332480,33304,19398,2.0,1.0013264417648315,875.8861083984375,5478
2026-08-12T15:33:59.111,608,unlabeled,0.2,1,1.7087169999285834,3.7083350007378613,88.22028699978546,0.7249090003824676,94.39305999967473,10.593999177518409,142.369154,67.192,52.5,205.8,275.3203125,1800.0,5123285097000,1786516438969245440,33304,19398,2.0,1.0013264417648315,876.412841796875,5477
2026-08-12T15:33:59.226,609,unlabeled,0.2,1,1.7084020000766031,7.159193999541458,89.71087899954,0.7331679998969776,99.34164199967199,10.0662721077562,157.235679,67.192,64.4,217.9,275.3203125,1800.0,5123385013000,1786516439069161472,33304,19398,2.0,1.0013264417648315,877.1697998046875,5476
2026-08-12T15:33:59.328,610,unlabeled,0.2,1,1.6895690005185315,3.2117909995577065,88.44615099951625,0.7228340000438038,94.09964099995705,10.627033104201285,125.64818,66.705,56.1,216.4,275.32421875,1800.0,5123518224000,1786516439202372352,33304,19398,2.0,1.0013264417648315,877.79248046875,5475
2026-08-12T15:33:59.441,611,unlabeled,0.2,2,1.667366000219772,6.854293000287726,89.94402100051957,0.7327230005103047,99.22931100027199,10.077667474656344,139.379944,67.679,65.1,202.4,275.32421875,1800.0,5123618136000,1786516439302284544,33304,19398,2.0,1.0013264417648315,877.8497314453125,5474
2026-08-12T15:33:59.543,612,unlabeled,0.2,2,1.6824029999042978,3.530024000610865,88.22112000052584,0.7285559995580115,94.19439800058171,10.616342598142879,141.325309,68.166,53.7,225.7,275.32421875,1800.0,5123718048000,1786516439402196480,33304,19398,2.0,1.0013264417648315,878.6668090820312,5473
2026-08-12T15:33:59.656,613,unlabeled,0.2,1,1.6567180000492954,3.152569999656407,95.00271199976851,0.5211910001889919,100.36133900030109,9.963996195756216,154.421307,67.679,66.7,212.5,275.328125,1800.0,5123817960000,1786516439502108416,33304,19398,2.0,1.0013264417648315,878.3062133789062,5474
2026-08-12T15:33:59.757,614,unlabeled,0.2,1,1.6846439993969398,3.3400849997633486,88.3380989998841,0.49591400056669954,93.89059099976294,10.650694487614045,122.518345,67.679,55.0,207.3,275.328125,1800.0,5123951176000,1786516439635324416,33304,19398,2.0,1.0013264417648315,878.5768432617188,5477
2026-08-12T15:33:59.871,615,unlabeled,0.2,1,1.6650150000714348,4.018586000711366,92.07430300011765,0.5000979999749688,98.29618599997048,10.173334700903862,136.072808,67.192,65.1,211.4,275.328125,1800.0,5124051089000,1786516439735237376,33304,19398,2.0,1.0013264417648315,878.7051391601562,5479
2026-08-12T15:33:59.972,616,unlabeled,0.2,1,1.7152360005638911,3.1503110003541224,88.54275999965466,0.5016360000809073,93.94236800017097,10.644824282034065,137.695802,67.192,53.7,216.8,275.33203125,1800.0,5124151006000,1786516439835154432,33304,19398,2.0,1.0013264417648315,878.0753784179688,5480
2026-08-12T15:34:00.086,617,unlabeled,0.2,2,1.6522739997526514,3.381915999852936,92.88517599998158,0.7559259993286105,98.70681000029435,10.131013250220708,151.756361,67.192,62.8,209.1,275.33203125,1800.0,5124250914000,1786516439935062528,33304,19398,2.0,1.0013264417648315,877.8491821289062,5482
2026-08-12T15:34:00.189,618,unlabeled,0.2,1,1.7050500000550528,3.2198280005104607,88.28006699968682,0.4845989997193101,93.72224800063123,10.669825162465854,120.889254,68.166,53.8,216.7,275.33203125,1800.0,5124384129000,1786516440068277504,33304,19398,2.0,1.0013264417648315,877.681884765625,5483
2026-08-12T15:34:00.302,619,unlabeled,0.2,1,1.6628109997327556,3.1976059999578865,95.44327899948257,0.5278200005705003,100.86270200008585,9.914467688949568,134.315263,69.14,63.8,202.9,275.3359375,1800.0,5124484042000,1786516440168190464,33304,19398,2.0,1.0013264417648315,877.7039794921875,5483
2026-08-12T15:34:00.404,620,unlabeled,0.2,1,1.6822919997139252,3.4220819998154184,88.50109900049574,0.5338950004443177,94.17073699933098,10.619010022265243,136.148266,68.166,56.1,206.4,275.3359375,1800.0,5124583954000,1786516440268102400,33304,19398,2.0,1.0013264417648315,877.7357788085938,5483
2026-08-12T15:34:00.520,621,unlabeled,0.2,1,1.7312720001427806,3.2101429997055675,98.39311399991857,0.501969000652025,103.86568299963983,9.627819036278495,152.061611,68.166,63.0,215.7,275.3359375,1800.0,5124683866000,1786516440368014592,33304,19398,2.0,1.0013264417648315,878.126220703125,5483
2026-08-12T15:34:00.623,622,unlabeled,0.2,1,1.6781070007709786,3.257142000620661,88.25760399940918,0.4983399994671345,93.7200260004829,10.670078132445752,122.374266,67.679,54.8,212.6,275.3359375,1800.0,5124817082000,1786516440501230592,33304,19398,2.0,1.0013264417648315,878.3619384765625,5484
2026-08-12T15:34:00.737,623,unlabeled,0.2,1,1.676847000453563,4.702364999502606,93.0705240007228,0.7320929998968495,100.2119959994161,9.978845247287826,135.949702,68.166,60.0,211.5,275.3359375,1800.0,5124916994000,1786516440601142528,33304,19398,2.0,1.0013264417648315,878.6016845703125,5485
2026-08-12T15:34:00.838,624,unlabeled,0.2,1,1.6695330004949938,3.1787920006536297,88.59191200008354,0.7244079997690278,94.19299599994702,10.616500615402046,137.699985,67.679,51.3,206.6,275.33984375,1800.0,5125016906000,1786516440701054464,33304,19398,2.0,1.0013264417648315,878.8165283203125,5486
2026-08-12T15:34:00.957,625,unlabeled,0.2,1,1.665495999986888,6.142016000012518,94.64500299964129,0.7317049994526315,103.21858800034533,9.68817748210869,156.261725,67.679,63.0,211.0,275.33984375,1800.0,5125116818000,1786516440800966400,33304,19398,2.0,1.0013264417648315,879.1130981445312,5487
2026-08-12T15:34:01.058,626,unlabeled,0.2,1,1.67694100036897,3.1939029995555757,88.20025699969847,0.72405599985359,93.82489600011468,10.658151968522063,124.292716,69.627,51.3,207.4,275.33984375,1800.0,5125250034000,1786516440934182400,33304,19398,2.0,1.0013264417648315,879.4954833984375,5491
2026-08-12T15:34:01.175,627,unlabeled,0.2,1,1.6762180002842797,3.1657000008635805,96.8884160001835,0.9518649994788575,102.71340200051782,9.735827852289018,141.464542,67.192,63.0,213.4,275.33984375,1800.0,5125349945000,1786516441034093568,33304,19398,2.0,1.0013264417648315,879.5018920898438,5493
2026-08-12T15:34:01.277,628,unlabeled,0.2,1,1.8240110002807342,3.875331000017468,88.25275799972587,0.9430330001123366,94.92533399952663,10.534595538057172,143.9308,68.653,55.0,205.2,275.33984375,1800.0,5125449862000,1786516441134010368,33304,19398,2.0,1.0013264417648315,879.7543334960938,5495
2026-08-12T15:34:01.392,629,unlabeled,0.2,1,1.6885509994608583,3.281123999840929,96.1526370001593,0.7254269994518836,101.87836699969921,9.815626510807268,158.142191,68.653,65.2,210.3,275.33984375,1800.0,5125549771000,1786516441233919488,33304,19398,2.0,1.0013264417648315,879.7263793945312,5498
2026-08-12T15:34:01.495,630,unlabeled,0.2,1,1.678329000242229,3.1325890004154644,88.29545999924449,0.7558519992016954,93.89165600077831,10.650573678152087,128.244411,67.679,53.7,212.9,275.34375,1800.0,5125682987000,1786516441367135488,33304,19398,2.0,1.0013264417648315,879.9527587890625,5501
2026-08-12T15:34:01.613,631,unlabeled,0.2,1,1.6563110002607573,4.527482000412419,96.10776800036547,0.7355559991992777,103.07202199965104,9.701953843530745,146.467665,67.192,65.3,211.7,275.34375,1800.0,5125782899000,1786516441467047424,33304,19398,2.0,1.0013264417648315,880.2261962890625,5502
2026-08-12T15:34:01.716,632,unlabeled,0.2,1,2.0197470003040507,3.2782899997982895,88.7587449997227,0.7510180003009737,94.83837300012965,10.544255119166088,149.1131,67.192,55.0,214.4,275.34375,1800.0,5125882814000,1786516441566962432,33304,19398,2.0,1.0013264417648315,880.0862426757812,5502
2026-08-12T15:34:01.824,633,unlabeled,0.2,1,1.7050879996531876,3.2014580001487047,90.01189999980852,0.720519999958924,95.66846399957285,10.452765291647882,123.934364,67.679,65.1,203.7,275.34375,1800.0,5126016028000,1786516441700176384,33304,19398,2.0,1.0013264417648315,880.4790649414062,5502
2026-08-12T15:34:01.927,634,unlabeled,0.2,1,1.6629780002404004,3.1854959997872356,88.31364499928895,0.7312599991564639,93.92252500038012,10.64707321269262,127.428197,66.705,55.8,222.4,275.34375,1800.0,5126115938000,1786516441800086528,33304,19398,2.0,1.0013264417648315,880.6612548828125,5502
2026-08-12T15:34:02.035,635,unlabeled,0.2,2,1.706273000309011,3.2700490000934224,90.36430000014661,0.9415879994776333,96.31191300013597,10.382931548650562,135.410979,67.679,66.7,203.9,275.34375,1800.0,5126215854000,1786516441900002560,33304,19398,2.0,1.0013264417648315,880.7203369140625,5502
2026-08-12T15:34:02.139,636,unlabeled,0.2,1,1.6880140001376276,3.3078629994633957,88.55934700022772,0.7239639999170322,94.30809500008763,10.603543630046506,139.397286,67.192,54.8,221.4,275.34765625,1800.0,5126315767000,1786516441999915520,33304,19398,2.0,1.0013264417648315,880.968017578125,5502
2026-08-12T15:34:02.254,637,unlabeled,0.2,2,1.6252929999609478,7.154935000471596,90.55305699985183,0.9323839994976879,100.3440580007009,9.965712169952456,154.663624,67.679,65.2,208.5,275.34765625,1800.0,5126415678000,1786516442099826432,33304,19398,2.0,1.0013264417648315,880.9090576171875,5502
2026-08-12T15:34:02.356,638,unlabeled,0.2,1,1.6549219999433262,3.3241769997403026,88.35661200009781,0.7619620000696159,94.1287840005316,10.623742892443532,123.373039,67.679,55.8,215.8,275.34765625,1800.0,5126548896000,1786516442233044480,33304,19398,2.0,1.0013264417648315,880.90478515625,5501
2026-08-12T15:34:02.469,639,unlabeled,0.2,1,1.7150690000562463,3.179272999659588,92.62156299973867,0.7334080000873655,98.27990500070882,10.175020010375343,136.138884,67.192,65.9,213.0,275.34765625,1800.0,5126648804000,1786516442332952576,33304,19398,2.0,1.0013264417648315,880.9074096679688,5500
2026-08-12T15:34:02.570,640,unlabeled,0.2,1,1.6917169996304438,3.1976999998732936,88.50601500034827,0.4984879997209646,93.92238199961866,10.647089423307643,137.621789,66.705,53.8,217.0,275.3515625,1800.0,5126748717000,1786516442432865536,33304,19398,2.0,1.0013264417648315,881.1082763671875,5499
2026-08-12T15:34:02.682,641,unlabeled,0.2,1,1.6664960003254237,3.2978819999698317,94.42699899955187,0.5345800000213785,99.95682699991448,10.00431916472154,149.651775,67.679,64.3,214.3,275.3515625,1800.0,5126848629000,1786516442532777472,33304,19398,2.0,1.0013264417648315,881.1187744140625,5500
2026-08-12T15:34:02.786,642,unlabeled,0.2,1,1.6772369999671355,3.153884999846923,88.45042400025704,0.7463150004696217,94.05708299982507,10.631841516942002,120.421884,67.679,52.5,210.6,275.35546875,1800.0,5126981843000,1786516442665991424,33304,19398,2.0,1.0013264417648315,878.5975952148438,5501
2026-08-12T15:34:02.900,643,unlabeled,0.2,1,1.6655519993946655,3.8877010001669987,92.17605499998172,0.729242000488739,98.49964000022737,10.152321368866847,134.151478,68.653,67.4,212.0,275.35546875,1800.0,5127081758000,1786516442765906432,33304,19398,2.0,1.0013264417648315,876.8917236328125,5502
2026-08-12T15:34:03.001,644,unlabeled,0.2,1,1.7048469999281224,3.2972519993563765,88.25100300055055,0.7302969997908804,94.01630599950295,10.636452787299332,135.811181,67.192,53.7,216.7,275.35546875,1800.0,5127181670000,1786516442865818368,33304,19398,2.0,1.0013264417648315,878.9044189453125,5502
2026-08-12T15:34:03.115,645,unlabeled,0.2,2,1.715512999908242,3.2239960000879364,93.26771700034442,0.9877720003714785,99.22951600037777,10.077646655015359,149.453488,67.192,65.9,211.3,275.35546875,1800.0,5127281582000,1786516442965730560,33304,19398,2.0,1.0013264417648315,880.4075927734375,5501
2026-08-12T15:34:03.217,646,unlabeled,0.2,1,1.581110000188346,3.1483299999308656,88.24017400002049,0.7579450002594967,93.75989099953586,10.665541409438609,118.050687,67.192,53.7,215.9,275.35546875,1800.0,5127414797000,1786516443098945536,33304,19398,2.0,1.0013264417648315,878.4824829101562,5501
2026-08-12T15:34:03.328,647,unlabeled,0.2,1,1.6769029998613405,3.837109999949462,92.37731299981533,0.5427090000011958,98.47595999963232,10.154762644646812,129.400832,68.653,68.2,215.9,275.35546875,1800.0,5127514711000,1786516443198859520,33304,19398,2.0,1.0013264417648315,877.3761596679688,5499
2026-08-12T15:34:03.431,648,unlabeled,0.2,1,1.6751080001995433,3.1654969998271554,88.22263699948962,0.4992100002709776,93.59248700002354,10.684618307020184,132.539293,67.192,55.8,213.4,275.35546875,1800.0,5127614621000,1786516443298769408,33304,19398,2.0,1.0013264417648315,879.9237670898438,5497
2026-08-12T15:34:03.544,649,unlabeled,0.2,1,1.6785140005595167,4.228490000059537,92.40709000005154,0.5068579994258471,98.86204299982637,10.115105551700527,146.107019,67.679,64.4,211.6,275.35546875,1800.0,5127714534000,1786516443398682368,33304,19398,2.0,1.0013264417648315,884.4929809570312,5496
2026-08-12T15:34:03.647,650,unlabeled,0.2,1,1.8967690002682502,3.3946579997063964,89.2415570006051,0.5054690000179107,95.06878399952257,10.51869980797295,148.79099,67.679,55.0,204.5,275.35546875,1800.0,5127814448000,1786516443498596608,33304,19398,2.0,1.0013264417648315,883.89111328125,5494
2026-08-12T15:34:03.755,651,unlabeled,0.2,1,1.6827549998197355,3.2076810002763523,88.75503199942614,0.49859899991133716,94.1730100003042,10.618753717193172,123.772687,67.679,60.5,222.0,275.35546875,1800.0,5127947662000,1786516443631810560,33304,19398,2.0,1.0013264417648315,879.4500122070312,5490
2026-08-12T15:34:03.865,652,unlabeled,0.2,2,1.7153839999082265,3.250310000112222,92.43068300020241,0.9509589999652235,98.38035200027662,10.164631246665882,133.902529,68.166,65.1,200.0,275.359375,1800.0,5128047576000,1786516443731724544,33304,19398,2.0,1.0013264417648315,877.8988647460938,5488
2026-08-12T15:34:03.969,653,unlabeled,0.2,1,1.7196979997606832,3.323251999972854,88.4533359994748,0.7591289995616535,94.28904400010651,10.60568606463833,138.00237,67.679,51.2,221.1,275.36328125,1800.0,5128147490000,1786516443831638528,33304,19398,2.0,1.0013264417648315,881.8370971679688,5486
2026-08-12T15:34:04.083,654,unlabeled,0.2,1,1.6399040005126153,3.1503860000157147,92.96126599929266,0.7412969998767949,98.52355600014562,10.149856953991003,151.46823,68.653,65.9,211.5,275.36328125,1800.0,5128247400000,1786516443931548416,33304,19398,2.0,1.0013264417648315,881.0501708984375,5486
2026-08-12T15:34:04.185,655,unlabeled,0.2,1,1.7185879996759468,3.1908660002955003,88.40430399959587,0.7164270000430406,94.06238800056599,10.63124189441143,120.677011,67.679,54.8,214.8,275.36328125,1800.0,5128380615000,1786516444064763392,33304,19398,2.0,1.0013264417648315,874.7469482421875,5487
2026-08-12T15:34:04.299,656,unlabeled,0.2,2,1.6674589996910072,3.456249000009848,92.63599699988845,0.9451799996895716,98.73542200057273,10.128077439059302,134.801798,67.679,65.1,210.6,275.36328125,1800.0,5128480529000,1786516444164677376,33304,19398,2.0,1.0013264417648315,874.801513671875,5487
2026-08-12T15:34:04.401,657,unlabeled,0.2,1,1.6994210000120802,3.158238000651181,88.86771800007409,0.7267979999596719,94.48200800034101,10.584025690863712,137.035395,68.653,56.1,215.5,275.36328125,1800.0,5128580440000,1786516444264588544,33304,19398,2.0,1.0013264417648315,878.6630249023438,5489
2026-08-12T15:34:04.516,658,unlabeled,0.2,1,1.6408120000050985,4.3457080000735,92.90876799968828,0.7936840002003009,99.73773100045946,10.02629586585836,152.206878,67.679,64.4,217.2,275.36328125,1800.0,5128680354000,1786516444364502528,33304,19398,2.0,1.0013264417648315,879.78466796875,5490
2026-08-12T15:34:04.618,659,unlabeled,0.2,1,1.7164950004371349,3.2685500000297907,88.21116000035545,0.4875619997619651,93.71323000050324,10.670851917009262,120.414031,68.166,52.5,206.8,275.3671875,1800.0,5128813570000,1786516444497718528,33304,19398,2.0,1.0013264417648315,875.8400268554688,5492
2026-08-12T15:34:04.732,660,unlabeled,0.2,1,1.6679039999871748,4.059937999954855,92.29250499993213,0.5012290002923692,98.56288900027721,10.145806501239909,134.4622,68.166,68.2,210.7,275.3671875,1800.0,5128913482000,1786516444597630464,33304,19398,2.0,1.0013264417648315,875.20703125,5494
2026-08-12T15:34:04.833,661,unlabeled,0.2,1,1.6939400002229377,3.2375500004491187,88.39554499991209,0.5012660003558267,93.86081800039392,10.654072927382789,136.020064,67.679,55.0,216.9,275.3671875,1800.0,5129013394000,1786516444697542400,33304,19398,2.0,1.0013264417648315,876.661865234375,5495
2026-08-12T15:34:04.948,662,unlabeled,0.2,1,1.6926070002227789,4.7993270000006305,91.87931199994637,0.7450189996234258,99.17259600024408,10.083430708998874,150.55186,68.166,65.2,209.5,275.3671875,1800.0,5129113305000,1786516444797453568,33304,19398,2.0,1.0013264417648315,877.739013671875,5496
2026-08-12T15:34:05.050,663,unlabeled,0.2,1,1.740660999530519,3.3670479997454095,88.89686899965454,0.5309500002113055,94.57008200024575,10.574168688966575,119.575027,67.192,56.4,214.1,275.3671875,1800.0,5129246522000,1786516444930670592,33304,19398,2.0,1.0013264417648315,874.5505981445312,5499
2026-08-12T15:34:05.164,664,unlabeled,0.2,1,1.6917370003284304,6.825055999797769,89.41774600043573,0.5047840004408499,98.46982199997001,10.155395629742324,134.272002,67.679,64.4,201.8,275.37109375,1800.0,5129346434000,1786516445030582528,33304,19398,2.0,1.0013264417648315,874.0794067382812,5501
2026-08-12T15:34:05.266,665,unlabeled,0.2,2,1.6649409999445197,3.242624000449723,88.56441599982645,0.7239270007630694,94.22612900016247,10.61276750526678,136.093025,67.679,52.5,216.2,275.375,1800.0,5129446347000,1786516445130495488,33304,19398,2.0,1.0013264417648315,877.5048217773438,5503
2026-08-12T15:34:05.381,666,unlabeled,0.2,1,1.6732739995859447,5.988076999528857,91.11079800004518,0.5012840001654695,99.32494900021993,10.067963890903037,151.045893,67.192,65.9,217.7,275.375,1800.0,5129546257000,1786516445230405376,33304,19398,2.0,1.0013264417648315,878.8207397460938,5506
2026-08-12T15:34:05.482,667,unlabeled,0.2,1,1.6035160006140359,3.145923999909428,88.33886499996879,0.5351720001272042,93.65612500005227,10.677358261399796,119.315753,67.679,55.0,215.2,275.375,1800.0,5129679473000,1786516445363621376,33304,19398,2.0,1.0013264417648315,876.2787475585938,5510
2026-08-12T15:34:05.594,668,unlabeled,0.2,1,1.6658670001561404,3.340788999594224,93.06065800046781,0.5029510002714233,98.60287499941478,10.141692116035513,130.697057,67.192,63.6,217.1,275.375,1800.0,5129779387000,1786516445463535360,33304,19398,2.0,1.0013264417648315,874.7208251953125,5512
2026-08-12T15:34:05.697,669,unlabeled,0.2,1,1.7055689995686407,3.2140329994945205,88.49663999990298,0.4998759995942237,93.94956300002377,10.644009062604654,134.12369,67.679,55.0,203.2,275.375,1800.0,5129879297000,1786516445563445504,33304,19398,2.0,1.0013264417648315,875.9470825195312,5517
2026-08-12T15:34:05.813,670,unlabeled,0.2,1,1.7143660006695427,3.346566999425704,95.3052699996988,0.5033400002503186,100.90168900023855,9.910636877422695,149.877208,68.166,62.8,216.1,275.375,1800.0,5129979210000,1786516445663358464,33304,19398,2.0,1.0013264417648315,875.443115234375,5522
2026-08-12T15:34:05.914,671,unlabeled,0.2,1,1.7480690003139898,3.2137360003616777,88.17338799963181,0.5213209997236845,93.68721600003482,10.673814877791099,118.185487,68.166,52.5,206.6,275.375,1800.0,5130112427000,1786516445796575488,33304,19398,2.0,1.0013264417648315,871.0299072265625,5527
2026-08-12T15:34:06.026,672,unlabeled,0.2,1,1.7107550002037897,3.2048109997049323,92.21282799990149,0.7213710005089524,97.88044900051318,10.21654487909794,129.535859,68.166,66.7,215.9,275.37890625,1800.0,5130212339000,1786516445896487424,33304,19398,2.0,1.0013264417648315,869.7919921875,5529
2026-08-12T15:34:06.127,673,unlabeled,0.2,1,1.6714040002625552,3.1373870006063953,88.24189100050717,0.7230940000226838,93.80297799998516,10.660642351889491,130.917913,68.166,54.8,217.1,275.37890625,1800.0,5130312250000,1786516445996398592,33304,19398,2.0,1.0013264417648315,873.158447265625,5531
2026-08-12T15:34:06.238,674,unlabeled,0.2,1,1.6908110001168097,3.265253999416018,92.95520199975726,0.5021730003136327,98.44745800000965,10.157702599084905,142.146342,67.192,65.9,207.0,275.37890625,1800.0,5130412163000,1786516446096311552,33304,19398,2.0,1.0013264417648315,872.5968017578125,5532
2026-08-12T15:34:06.340,675,unlabeled,0.2,1,1.6755890001149965,3.4478050001780502,88.37648000007903,0.7558519992016954,94.2889109992393,10.605701024673705,143.993661,67.679,54.8,216.2,275.3828125,1800.0,5130512077000,1786516446196225536,33304,19398,2.0,1.0013264417648315,870.8115234375,5534
2026-08-12T15:34:06.457,676,unlabeled,0.2,1,1.7181620005430887,6.109685000410536,93.46322700002929,0.5271169993648073,101.93296499983262,9.810369000858968,161.192554,68.653,64.4,204.9,275.38671875,1800.0,5130611987000,1786516446296135424,33304,19398,2.0,1.0013264417648315,871.9677734375,5535
2026-08-12T15:34:06.559,677,unlabeled,0.2,2,1.6728669997974066,3.2918830002017785,88.30485199996474,0.9441249994779355,94.24276400022791,10.610894222049575,129.763665,67.679,52.5,216.2,275.38671875,1800.0,5130745204000,1786516446429352448,33304,19398,2.0,1.0013264417648315,874.92431640625,5537
2026-08-12T15:34:06.675,678,unlabeled,0.2,1,1.7017540003507747,7.174233000114327,90.69177600031253,0.7259270005306462,100.32572599993728,9.967533152968414,145.73759,68.653,67.4,207.1,275.38671875,1800.0,5130845117000,1786516446529265408,33304,19398,2.0,1.0013264417648315,872.2369384765625,5537
2026-08-12T15:34:06.776,679,unlabeled,0.2,1,1.7616420000194921,3.140628000437573,88.14631900077075,0.5330609992597601,93.61251900008938,10.682331921855935,114.025542,67.679,52.5,216.7,275.38671875,1800.0,5130978334000,1786516446662482432,33304,19398,2.0,1.0013264417648315,868.6360473632812,5537
2026-08-12T15:34:06.890,680,unlabeled,0.2,1,1.6747370000302908,3.294586999800231,92.47399200012296,0.7221859996207058,98.19892599989544,10.183410763586812,127.884709,67.679,65.9,210.9,275.38671875,1800.0,5131078246000,1786516446762394368,33304,19398,2.0,1.0013264417648315,871.1759643554688,5536
2026-08-12T15:34:06.991,681,unlabeled,0.2,1,1.6839029995026067,3.2009409997044713,88.2393170004434,0.7198150005933712,93.87434600012057,10.652537595294838,129.476171,67.192,53.7,216.7,275.38671875,1800.0,5131178156000,1786516446862304512,33304,19398,2.0,1.0013264417648315,875.7888793945312,5535
2026-08-12T15:34:07.106,682,unlabeled,0.2,1,1.700829000583326,7.254101999933482,89.4975869996415,0.7296679996215971,99.21281399965665,10.079343178427141,144.007154,67.192,64.4,218.5,275.390625,1800.0,5131278069000,1786516446962217472,33304,19398,2.0,1.0013264417648315,872.27734375,5534
2026-08-12T15:34:07.208,683,unlabeled,0.2,1,1.89604600018356,3.368308000062825,88.77871499953471,0.7603889998790692,94.83310500036168,10.544840854849012,146.563831,69.627,54.8,204.9,275.390625,1800.0,5131377983000,1786516447062131456,33304,19398,2.0,1.0013264417648315,869.4632568359375,5532
2026-08-12T15:34:07.328,684,unlabeled,0.2,1,1.6826069995659054,3.5345440001037787,97.84956899966346,0.7422790004056878,103.8774230000854,9.626730921108601,132.746333,67.679,62.2,200.9,275.390625,1800.0,5131511197000,1786516447195345408,33304,19398,2.0,1.0013264417648315,868.3858032226562,5531
2026-08-12T15:34:07.430,685,unlabeled,0.2,1,1.740051000524545,3.315068000119936,88.75219800029299,0.5009140004403889,94.34141400015505,10.599798726764435,134.822721,69.14,52.5,225.6,275.390625,1800.0,5131611109000,1786516447295257600,33304,19398,2.0,1.0013264417648315,872.485107421875,5531
2026-08-12T15:34:07.552,686,unlabeled,0.2,1,1.697218000117573,4.625147000297147,100.1102730006096,0.7703700002821279,107.25487800027622,9.323585263855549,157.58885,68.653,62.5,195.1,275.390625,1800.0,5131711020000,1786516447395168512,33304,19398,2.0,1.0013264417648315,875.6193237304688,5531
2026-08-12T15:34:07.655,687,unlabeled,0.2,1,1.6691809996700613,3.2309950001945253,89.55908600000839,0.7530190005127224,95.24242800034699,10.499522334692651,127.409769,67.679,52.5,214.3,275.39453125,1800.0,5131844237000,1786516447528385536,33304,19398,2.0,1.0013264417648315,873.0222778320312,5532
2026-08-12T15:34:07.771,688,unlabeled,0.2,2,1.7050319993359153,3.218755000489182,93.72978099963802,0.7288710003194865,99.41605000039999,10.058738000513767,143.021566,67.679,61.7,216.4,275.39453125,1800.0,5131944149000,1786516447628297472,33304,19398,2.0,1.0013264417648315,876.5186767578125,5534
2026-08-12T15:34:07.873,689,unlabeled,0.2,1,2.0314329995017033,3.352751999955217,88.22608100035723,0.7252049999806331,94.37183899990487,10.596381405696757,145.434887,67.192,53.7,215.0,275.39453125,1800.0,5132044061000,1786516447728209408,33304,19398,2.0,1.0013264417648315,881.0156860351562,5535
2026-08-12T15:34:07.988,690,unlabeled,0.2,1,1.7025890001605148,7.327692000217212,90.90173799995682,0.7559999994555255,100.72364799998468,9.928155104153417,160.662188,67.192,65.9,217.1,275.39453125,1800.0,5132143974000,1786516447828122368,33304,19398,2.0,1.0013264417648315,880.7195434570312,5542
2026-08-12T15:34:08.090,691,unlabeled,0.2,1,1.6532740000911872,3.1655709999540704,88.40647000033641,0.7229270004245336,93.97775999968871,10.640815444029656,129.051791,67.679,51.3,206.7,275.39453125,1800.0,5132277189000,1786516447961337600,33304,19398,2.0,1.0013264417648315,884.078857421875,5560
2026-08-12T15:34:08.206,692,unlabeled,0.2,1,1.6835890000947984,5.730416999540466,92.37424399998417,0.8257210001829662,100.70389399970736,9.930102603608416,145.086855,68.166,65.2,207.0,275.39453125,1800.0,5132377102000,1786516448061250560,33304,19398,2.0,1.0013264417648315,890.4190673828125,5571
2026-08-12T15:34:08.308,693,unlabeled,0.2,1,1.9039170001633465,3.369806999216962,88.91106900045997,0.5232280000200262,94.73920500022359,10.555292288948804,147.639276,67.679,51.3,224.4,275.39453125,1800.0,5132477013000,1786516448161161472,33304,19398,2.0,1.0013264417648315,893.5942993164062,5576
2026-08-12T15:34:08.425,694,unlabeled,0.2,1,1.6671819994371617,6.855000000541622,91.28945500015107,0.503801999911957,100.34717999951681,9.965402116978426,131.034094,68.653,65.2,205.8,275.39453125,1800.0,5132610230000,1786516448294378496,33304,19398,2.0,1.0013264417648315,890.9949951171875,5569
2026-08-12T15:34:08.527,695,unlabeled,0.2,1,1.6645519999656244,3.2268850000036764,88.51518899973598,0.7247979992826004,94.16120100013359,10.620085442607952,132.877356,67.679,55.0,216.1,275.39453125,1800.0,5132710146000,1786516448394294528,33304,19398,2.0,1.0013264417648315,891.7039794921875,5565
2026-08-12T15:34:08.643,696,unlabeled,0.2,2,1.6869589999259915,7.384116999674006,91.44034000019019,1.0058460002255742,101.55737300010514,9.846650917200908,149.049495,68.166,64.4,215.3,275.39453125,1800.0,5132810055000,1786516448494203392,33304,19398,2.0,1.0013264417648315,895.5379638671875,5561
2026-08-12T15:34:08.746,697,unlabeled,0.2,2,1.698143999419699,3.3000490002450533,88.62229799979104,0.9682169993538992,94.62429999985034,10.568109882996035,118.633325,67.679,53.7,202.8,275.39453125,1800.0,5132943283000,1786516448627431424,33304,19398,2.0,1.0013264417648315,893.8003540039062,5556
2026-08-12T15:34:08.861,698,unlabeled,0.2,2,1.66277500011347,6.876463000480726,90.1065389998621,0.9982530000343104,99.68725199996697,10.031372918177455,133.907646,68.166,66.0,218.7,275.3984375,1800.0,5133043187000,1786516448727335424,33304,19398,2.0,1.0013264417648315,889.1295776367188,5553
2026-08-12T15:34:08.963,699,unlabeled,0.2,1,1.6662929992889985,3.1866629997239215,88.4891340001559,0.7193350002125953,94.08970300046349,10.628155559116538,135.776251,68.653,52.5,206.3,275.3984375,1800.0,5133143095000,1786516448827243520,33304,19398,2.0,1.0013264417648315,888.0159301757812,5557
2026-08-12T15:34:09.080,700,unlabeled,0.2,2,1.666811000177404,7.949732999804837,91.83592800036422,0.9718470000734669,102.45594800016988,9.760292296532572,152.903825,67.679,64.6,213.4,275.40234375,1800.0,5133243009000,1786516448927157504,33304,19398,2.0,1.0013264417648315,888.043701171875,5571
2026-08-12T15:34:09.182,701,unlabeled,0.2,1,1.6564970001127222,3.251643999647058,88.56182299950888,0.9232000002157292,94.42219900029158,10.590729834590189,122.27603,67.679,55.0,214.7,275.40234375,1800.0,5133376225000,1786516449060373504,33304,19398,2.0,1.0013264417648315,885.862060546875,5586
2026-08-12T15:34:09.297,702,unlabeled,0.2,2,1.692199999524746,6.895499999700405,90.69741900020745,0.9684209999250015,100.2904649994889,9.971037625611729,137.04916,68.166,63.0,209.2,275.40234375,1800.0,5133476136000,1786516449160284416,33304,19398,2.0,1.0013264417648315,885.505615234375,5590
2026-08-12T15:34:09.399,703,unlabeled,0.2,1,1.72525499965559,3.2623839997540927,89.14271600042412,0.5012279998481972,94.6636379994743,10.563718246340303,139.772493,68.166,56.1,214.4,275.40234375,1800.0,5133576047000,1786516449260195584,33304,19398,2.0,1.0013264417648315,885.537109375,5583
2026-08-12T15:34:09.518,704,unlabeled,0.2,2,1.6940140003498527,5.234725000264007,95.64215099999274,0.9874019997369032,103.63943900028971,9.648836481999913,158.073114,68.166,63.0,211.6,275.40625,1800.0,5133675961000,1786516449360109568,33304,19398,2.0,1.0013264417648315,885.0717163085938,5576
2026-08-12T15:34:09.620,705,unlabeled,0.2,2,1.6877930002010544,3.2038109993663966,88.51017500001035,0.9681810006441083,94.41449600035412,10.591593900964629,126.976225,68.653,53.7,215.4,275.40625,1800.0,5133809176000,1786516449493324544,33304,19398,2.0,1.0013264417648315,882.7957153320312,5575
2026-08-12T15:34:09.737,706,unlabeled,0.2,1,1.7214769995916868,6.529897999826062,93.3610400006728,1.154360999862547,102.7989410004011,9.727726669831144,144.660182,68.166,63.0,204.0,275.40625,1800.0,5133909089000,1786516449593237504,33304,19398,2.0,1.0013264417648315,879.0206909179688,5585
2026-08-12T15:34:09.840,707,unlabeled,0.2,1,1.8760289995043422,3.309142000034626,88.51652700013801,0.7274080007846351,94.45875300025364,10.586631394523225,146.988845,67.679,56.1,215.1,275.40625,1800.0,5134009011000,1786516449693159424,33304,19398,2.0,1.0013264417648315,878.2333984375,5593
2026-08-12T15:34:09.954,708,unlabeled,0.2,1,1.6792920005173073,6.810576000134461,90.55038499991497,0.7255569998960709,99.80036499928246,10.020003433927217,128.594363,69.14,64.4,209.1,275.40625,1800.0,5134142218000,1786516449826366464,33304,19398,2.0,1.0013264417648315,882.5045166015625,5598
2026-08-12T15:34:10.056,709,unlabeled,0.2,2,1.727292000396119,3.1533679994026897,88.4382900003402,0.976125000306638,94.32414900038566,10.601738903532661,130.716043,67.679,53.7,215.6,275.41015625,1800.0,5134242129000,1786516449926277376,33304,19398,2.0,1.0013264417648315,878.3045654296875,5590
2026-08-12T15:34:10.172,710,unlabeled,0.2,1,1.7040149996319087,7.721721000052639,91.04169200054457,0.7700549995206529,101.2748900002407,9.874115883982922,146.668647,68.166,63.6,207.1,275.4140625,1800.0,5134342044000,1786516450026192384,33304,19398,2.0,1.0013264417648315,876.7661743164062,5584
2026-08-12T15:34:10.275,711,unlabeled,0.2,2,1.7085520003092824,3.173181999954977,88.8269120005134,1.2599510000654845,94.99831999983144,10.526501942368816,149.523709,67.679,54.8,213.9,275.4140625,1800.0,5134441954000,1786516450126102528,33304,19398,2.0,1.0013264417648315,878.0991821289062,5579
2026-08-12T15:34:10.392,712,unlabeled,0.2,1,1.7414949998055818,3.2329779996871366,95.14866800054733,0.9439590003239573,101.09787599958509,9.891404642409146,132.797177,68.166,64.4,214.6,275.4140625,1800.0,5134575170000,1786516450259318528,33304,19398,2.0,1.0013264417648315,881.0821533203125,5578
2026-08-12T15:34:10.494,713,unlabeled,0.2,2,1.6975140006252332,3.315919999295147,88.34983099950477,0.9403100002600695,94.33761299987964,10.600225808143735,134.875238,67.679,52.5,215.9,275.4140625,1800.0,5134675083000,1786516450359231488,33304,19398,2.0,1.0013264417648315,881.5236206054688,5577
2026-08-12T15:34:10.614,714,unlabeled,0.2,2,1.663273999838566,8.333910000146716,94.81693500038091,0.9699769998405827,105.82692800016957,9.44939080153964,155.318385,68.653,63.3,199.1,275.4140625,1800.0,5134774994000,1786516450459142400,33304,19398,2.0,1.0013264417648315,878.866455078125,5576
2026-08-12T15:34:10.717,715,unlabeled,0.2,1,1.743032000376843,3.237478000301053,89.334733999749,0.7184079995568027,95.06546600005095,10.51906693435305,125.597192,68.653,54.8,212.9,275.41796875,1800.0,5134908212000,1786516450592360448,33304,19398,2.0,1.0013264417648315,882.6726684570312,5570
2026-08-12T15:34:10.835,716,unlabeled,0.2,1,1.6748300004110206,6.9979049994799425,93.24306500002422,0.729185999261972,102.68039400034468,9.738957565712527,142.915113,69.14,65.2,213.2,275.41796875,1800.0,5135008124000,1786516450692272384,33304,19398,2.0,1.0013264417648315,886.3682250976562,5567
2026-08-12T15:34:10.937,717,unlabeled,0.2,1,1.9305650002934271,3.523230000610056,88.33220199994685,1.1586579994400381,94.97804199963866,10.528749371394753,145.558821,69.14,54.8,204.8,275.41796875,1800.0,5135108051000,1786516450792199424,33304,19398,2.0,1.0013264417648315,889.2717895507812,5563
2026-08-12T15:34:11.055,718,unlabeled,0.2,1,1.6895700000532088,7.718629000009969,93.31976999965264,0.9437180005988921,103.71903800023574,9.641431498793184,163.834242,68.166,63.8,211.5,275.41796875,1800.0,5135207947000,1786516450892095488,33304,19398,2.0,1.0013264417648315,886.8068237304688,5561
2026-08-12T15:34:11.157,719,unlabeled,0.2,1,1.7452720003348077,3.324919999613485,88.28574500057584,0.7241120001708623,94.11360400008562,10.625456443035485,132.405175,67.679,52.5,206.3,275.41796875,1800.0,5135341164000,1786516451025312512,33304,19398,2.0,1.0013264417648315,888.06298828125,5558
2026-08-12T15:34:11.273,720,unlabeled,0.2,2,1.6959960003077867,7.5216340001134085,91.3785970005847,0.9698839994598529,101.62394200051494,9.84020084553434,148.54081,67.679,64.4,215.3,275.41796875,1800.0,5135441077000,1786516451125225472,33304,19398,2.0,1.0013264417648315,891.9683227539062,5556
2026-08-12T15:34:11.376,721,unlabeled,0.2,1,1.5922389993647812,3.2509220000065397,88.85365700007242,0.8071659995039226,94.53968700017867,10.577568339083987,118.348243,68.166,54.8,212.9,275.421875,1800.0,5135574292000,1786516451258440448,33304,19398,2.0,1.0013264417648315,896.8673706054688,5553
2026-08-12T15:34:11.488,722,unlabeled,0.2,1,1.6809409999041236,3.3287160003965255,93.1236460000946,0.5347460000848514,98.70243800014578,10.13146200095405,129.944344,68.653,65.9,216.1,275.421875,1800.0,5135674204000,1786516451358352384,33304,19398,2.0,1.0013264417648315,893.159912109375,5551
2026-08-12T15:34:11.589,723,unlabeled,0.2,1,1.7302549995292793,3.2151999994312064,88.31815100074891,0.4986539997844375,93.79350100061856,10.661719515016346,131.261171,68.166,52.5,207.5,275.421875,1800.0,5135774120000,1786516451458268416,33304,19398,2.0,1.0013264417648315,889.9006958007812,5549
2026-08-12T15:34:11.705,724,unlabeled,0.2,1,1.6822180004965048,7.606872999531333,91.22717399986868,0.9417370001756353,101.50111199982348,9.852108812381672,147.181737,68.653,66.0,215.7,275.421875,1800.0,5135874033000,1786516451558181376,33304,19398,2.0,1.0013264417648315,891.94873046875,5545
2026-08-12T15:34:11.807,725,unlabeled,0.2,1,1.5441109999301261,3.201885999260412,88.32583600087673,0.7979629999681492,93.90096199967957,10.649518159392366,115.923512,67.192,54.8,215.8,275.421875,1800.0,5136007245000,1786516451691393536,33304,19398,2.0,1.0013264417648315,893.4984130859375,5540
2026-08-12T15:34:11.919,726,unlabeled,0.2,1,1.6643120006847312,3.1241100004990585,92.13124500001868,0.9436250002181623,97.89318000002822,10.215216218328097,128.651821,68.166,65.1,213.1,275.421875,1800.0,5136107158000,1786516451791306496,33304,19398,2.0,1.0013264417648315,890.3137817382812,5538
2026-08-12T15:34:12.021,727,unlabeled,0.2,2,1.710421999632672,3.2238110006801435,88.2452279993231,0.9370520001539262,94.14908599956107,10.621452023492422,130.451014,69.14,53.7,216.4,275.42578125,1800.0,5136207073000,1786516451891221504,33304,19398,2.0,1.0013264417648315,885.9744262695312,5533
2026-08-12T15:34:12.135,728,unlabeled,0.2,2,1.6762559998824145,3.3484929999758606,92.71351300048991,0.9431630005565239,98.71161000046413,10.130520614498113,144.696087,69.14,63.6,210.1,275.42578125,1800.0,5136306983000,1786516451991131392,33304,19398,2.0,1.0013264417648315,882.3277587890625,5530
2026-08-12T15:34:12.238,729,unlabeled,0.2,2,2.1048389999123174,3.209108000191918,88.35545099918818,0.9428100001969142,94.6433179997257,10.565986285507217,147.245174,69.14,53.7,205.1,275.4296875,1800.0,5136406895000,1786516452091043584,33304,19398,2.0,1.0013264417648315,881.2391357421875,5527
2026-08-12T15:34:12.354,730,unlabeled,0.2,2,1.6844779993334669,6.629155000155151,90.58097200068005,1.148693999311945,100.11379899970052,9.98863303552182,130.200994,68.653,65.2,215.2,275.4296875,1800.0,5136540111000,1786516452224259584,33304,19398,2.0,1.0013264417648315,878.4661865234375,5523
2026-08-12T15:34:12.456,731,unlabeled,0.2,2,1.677348000157508,3.238774000237754,88.29958200021792,1.42331799997919,94.67041100015194,10.562962486752012,132.751016,69.14,54.8,214.7,275.43359375,1800.0,5136640024000,1786516452324172544,33304,19398,2.0,1.0013264417648315,873.8384399414062,5521
2026-08-12T15:34:12.577,732,unlabeled,0.2,3,1.7030330000125105,6.620748000386811,95.62764700058324,1.611517000128515,105.62887000014598,9.467108755386837,152.952972,67.679,62.2,208.2,275.43359375,1800.0,5136739936000,1786516452424084480,33304,19398,2.0,1.0013264417648315,870.7647705078125,5519
2026-08-12T15:34:12.680,733,unlabeled,0.2,2,1.6515529996468103,3.207644999747572,89.76775000064663,0.9690880006019142,95.62581299996964,10.457427431234676,123.563954,68.653,54.8,211.9,275.43359375,1800.0,5136873153000,1786516452557301504,33304,19398,2.0,1.0013264417648315,872.8050537109375,5519
2026-08-12T15:34:12.799,734,unlabeled,0.2,2,1.8976949995703762,5.083655999442271,90.35047799989115,1.1499720003484981,98.51441099999647,10.150799155669072,142.272877,68.653,63.0,210.7,275.43359375,1800.0,5136973064000,1786516452657212416,33304,19398,2.0,1.0013264417648315,869.5641479492188,5519
2026-08-12T15:34:12.901,735,unlabeled,0.2,1,1.9750629999180092,3.563192000001436,88.09714199924201,0.49908100027096225,94.1658860001553,10.619557065478583,144.204636,68.166,55.0,216.1,275.43359375,1800.0,5137072977000,1786516452757125376,33304,19398,2.0,1.0013264417648315,868.6633911132812,5519
2026-08-12T15:34:13.015,736,unlabeled,0.2,2,1.6419799994764617,6.815355000071577,90.25327700055641,0.7240750001074048,99.51447999992524,10.048788879776604,158.162635,68.166,65.9,210.7,275.43359375,1800.0,5137172889000,1786516452857037568,33304,19398,2.0,1.0013264417648315,871.1456909179688,5519
2026-08-12T15:34:13.117,737,unlabeled,0.2,2,1.712143999611726,3.239441000005172,88.25230999991618,0.9414770001967554,94.20268499980011,10.615408679722048,126.879832,68.653,52.5,206.1,275.43359375,1800.0,5137306103000,1786516452990251520,33304,19398,2.0,1.0013264417648315,874.9354858398438,5520
2026-08-12T15:34:13.231,738,unlabeled,0.2,2,1.6658310005368548,3.8773510004830314,92.11147699988942,0.9451260002606432,98.63648600003216,10.138236270903587,140.968886,67.679,64.4,219.3,275.43359375,1800.0,5137406018000,1786516453090166528,33304,19398,2.0,1.0013264417648315,873.6300659179688,5520
2026-08-12T15:34:13.333,739,unlabeled,0.2,2,1.8296590005775215,3.623042999606696,88.41117599968129,0.9426999995412189,94.8393369999394,10.544147941488022,143.508618,68.166,55.0,214.7,275.43359375,1800.0,5137505931000,1786516453190079488,33304,19398,2.0,1.0013264417648315,872.6897583007812,5522
2026-08-12T15:34:13.449,740,unlabeled,0.2,2,1.6666640003677458,6.1092239993740804,91.1510919995635,0.9450329998799134,99.91632599940203,10.008374407261378,159.344986,68.653,68.8,216.0,275.43359375,1800.0,5137605842000,1786516453289990400,33304,19398,2.0,1.0013264417648315,873.1624145507812,5524
2026-08-12T15:34:13.551,741,unlabeled,0.2,2,1.680903999840666,3.134036000119522,88.20971800014377,1.150230999883206,94.20522200070991,10.615122800649674,127.982096,67.679,52.5,215.9,275.43359375,1800.0,5137739056000,1786516453423204608,33304,19398,2.0,1.0013264417648315,871.5383911132812,5526
2026-08-12T15:34:13.662,742,unlabeled,0.2,2,1.7260330005228752,3.2434409995403257,93.40744499968423,0.9781990002011298,99.38898699965648,10.061476932081582,139.691391,69.14,65.9,206.1,275.44140625,1800.0,5137838968000,1786516453523116544,33304,19398,2.0,1.0013264417648315,871.4253540039062,5527
2026-08-12T15:34:13.767,743,unlabeled,0.2,2,1.9283619994894252,3.5995990001538303,88.53406200069003,0.9468289999858825,95.03966600004787,10.5219224991752,144.691299,68.166,53.7,209.6,275.4453125,1800.0,5137938888000,1786516453623036416,33304,19398,2.0,1.0013264417648315,873.4200439453125,5529
2026-08-12T15:34:13.879,744,unlabeled,0.2,2,1.7323100000794511,3.4632879996934207,93.28087399990181,0.9443839999221382,99.4524489997275,10.05505656278751,156.57133,68.653,68.2,223.6,275.4453125,1800.0,5138038794000,1786516453722942464,33304,19398,2.0,1.0013264417648315,875.9723510742188,5530
2026-08-12T15:34:13.983,745,unlabeled,0.2,2,1.7219770006704493,3.264384000431164,88.67028199983906,0.7358160000876524,94.42371700060903,10.590559573010138,127.610871,68.653,54.5,211.0,275.4453125,1800.0,5138172016000,1786516453856164608,33304,19398,2.0,1.0013264417648315,880.7344970703125,5530
2026-08-12T15:34:14.093,746,unlabeled,0.2,2,1.7316060002485756,3.3508269998492324,91.54325400049856,0.9460139999646344,97.60447899952851,10.245431462267533,137.486502,68.166,66.7,218.7,275.4453125,1800.0,5138271923000,1786516453956071424,33304,19398,2.0,1.0013264417648315,880.21630859375,5530
2026-08-12T15:34:14.198,747,unlabeled,0.2,2,1.7652540000199224,3.6933749997842824,88.51458499975706,0.9433289997105021,94.95006100041792,10.531852106925962,142.40117,69.627,52.5,209.8,275.4453125,1800.0,5138371838000,1786516454055986432,33304,19398,2.0,1.0013264417648315,879.4303588867188,5529
2026-08-12T15:34:14.313,748,unlabeled,0.2,2,1.718829999845184,3.260700000282668,94.34272499947838,0.76738900042983,100.12034500050504,9.987979965460124,157.883667,69.14,67.4,216.7,275.44921875,1800.0,5138471749000,1786516454155897600,33304,19398,2.0,1.0013264417648315,877.4196166992188,5529
2026-08-12T15:34:14.416,749,unlabeled,0.2,2,1.7607540003155009,3.383456000847218,88.58017700003984,0.7775180001772242,94.53407100045297,10.578196722271787,127.246563,68.653,56.1,214.5,275.44921875,1800.0,5138604962000,1786516454289110528,33304,19398,2.0,1.0013264417648315,879.9006958007812,5526
2026-08-12T15:34:14.530,750,unlabeled,0.2,2,1.7238840000572964,3.3378830003130133,92.82392699969932,0.7409079998978996,98.65745400020387,10.136081557486103,141.728958,67.679,64.4,209.8,275.44921875,1800.0,5138704875000,1786516454389023488,33304,19398,2.0,1.0013264417648315,881.5753784179688,5525
2026-08-12T15:34:14.633,751,unlabeled,0.2,2,1.7800870000428404,3.6120800004937337,88.81017100065947,0.9494410005572718,95.18451900021319,10.505910104958982,144.968339,68.166,55.0,213.3,275.44921875,1800.0,5138804789000,1786516454488937472,33304,19398,2.0,1.0013264417648315,878.615478515625,5523
2026-08-12T15:34:14.747,752,unlabeled,0.2,2,1.7377730000589509,3.518045999953756,90.09001099911984,0.7268529998327722,96.10599700044986,10.40517794113638,124.985437,68.166,59.1,220.8,275.44921875,1800.0,5138938003000,1786516454622151424,33304,19398,2.0,1.0013264417648315,876.4051513671875,5520
2026-08-12T15:34:14.849,753,unlabeled,0.2,2,1.7527360005260562,3.2788099997560494,88.4994750003898,0.7632229999217088,94.32466900034342,10.60168045748837,127.107424,68.653,54.8,205.8,275.453125,1800.0,5139037916000,1786516454722064384,33304,19398,2.0,1.0013264417648315,875.5670166015625,5518
2026-08-12T15:34:14.964,754,unlabeled,0.2,2,1.726792000226851,4.359098999884736,92.73176299939223,0.7747039999230765,99.63528200023575,10.036605306116702,142.506491,68.653,65.9,216.8,275.453125,1800.0,5139137828000,1786516454821976576,33304,19398,2.0,1.0013264417648315,875.9649047851562,5517
2026-08-12T15:34:15.067,755,unlabeled,0.2,2,1.903565999782586,3.6308950002421625,88.37337000022671,0.7339269996009534,94.67153399964445,10.562837188248746,145.137217,68.653,53.7,204.8,275.453125,1800.0,5139237746000,1786516454921894400,33304,19398,2.0,1.0013264417648315,875.4334716796875,5518
2026-08-12T15:34:15.181,756,unlabeled,0.2,1,1.727959000163537,7.256048999806808,89.94892600003368,0.7387969999399502,99.70356400026503,10.029731735540986,160.091889,68.653,66.0,217.7,275.453125,1800.0,5139337652000,1786516455021800448,33304,19398,2.0,1.0013264417648315,877.9221801757812,5518
2026-08-12T15:34:15.284,757,unlabeled,0.2,1,1.6939779998210724,3.2793660002425895,88.73238099931768,0.7313530004466884,94.46783600014896,10.585613499164129,129.057943,69.14,55.0,215.2,275.453125,1800.0,5139470869000,1786516455155017472,33304,19398,2.0,1.0013264417648315,884.4434814453125,5519
2026-08-12T15:34:15.395,758,unlabeled,0.2,1,1.7214409999724012,3.372031000253628,93.13583199946152,0.5076550005469471,98.76823400009016,10.124712769483022,140.343469,68.653,64.3,215.8,275.453125,1800.0,5139570780000,1786516455254928384,33304,19398,2.0,1.0013264417648315,881.8748168945312,5519
2026-08-12T15:34:15.499,759,unlabeled,0.2,1,1.9666020007207408,3.4759540003506118,88.42764800010627,0.7350750001933193,94.63635200063436,10.566764027350683,144.675392,68.166,55.8,211.1,275.453125,1800.0,5139670696000,1786516455354844416,33304,19398,2.0,1.0013264417648315,877.998046875,5519
2026-08-12T15:34:15.614,760,unlabeled,0.2,2,1.8013459994108416,7.113941000170598,89.36542199990072,0.951662999796099,99.26875899964216,10.073662752282466,126.484823,69.627,66.0,217.4,275.4609375,1800.0,5139803910000,1786516455488058368,33304,19398,2.0,1.0013264417648315,877.2002563476562,5519
2026-08-12T15:34:15.716,761,unlabeled,0.2,1,1.7107000003306894,3.4510289997342625,88.7255110001206,0.5035809999753837,94.42417199988995,10.590508540558508,128.81298,68.653,56.1,205.4,275.4609375,1800.0,5139903823000,1786516455587971584,33304,19398,2.0,1.0013264417648315,879.5675048828125,5521
2026-08-12T15:34:15.831,762,unlabeled,0.2,1,1.7239210001207539,3.723040000295441,92.92333699977462,0.5110800002512406,98.92786000000342,10.108375941822308,143.264157,68.653,65.2,209.8,275.4609375,1800.0,5140003733000,1786516455687881472,33304,19398,2.0,1.0013264417648315,880.1219482421875,5522
2026-08-12T15:34:15.933,763,unlabeled,0.2,2,1.7386800000167568,3.6794309999095276,88.46618400002626,0.9467359996051528,94.86514200034435,10.541279746319994,145.947406,68.653,53.7,224.2,275.4609375,1800.0,5140103657000,1786516455787805440,33304,19398,2.0,1.0013264417648315,877.0718994140625,5524
2026-08-12T15:34:16.049,764,unlabeled,0.2,1,1.6969030002655927,7.026702999610279,90.00366800046322,0.7591860003230977,99.52247699948202,10.047981422379635,128.369031,68.166,65.9,207.6,275.46484375,1800.0,5140236861000,1786516455921009408,33304,19398,2.0,1.0013264417648315,874.8624877929688,5526
2026-08-12T15:34:16.151,765,unlabeled,0.2,2,1.7214769995916868,3.2691630003682803,88.44009600034042,0.732464000066102,94.19329200045468,10.616467253264414,130.333643,68.653,52.5,215.9,275.46484375,1800.0,5140336774000,1786516456020922368,33304,19398,2.0,1.0013264417648315,874.6854858398438,5527
2026-08-12T15:34:16.267,766,unlabeled,0.2,2,1.7373660002704128,5.257263000203238,92.13565600020956,0.9519400000499445,100.13426200021058,9.986591802093644,146.591188,67.679,67.3,215.2,275.46484375,1800.0,5140436685000,1786516456120833536,33304,19398,2.0,1.0013264417648315,875.46240234375,5529
2026-08-12T15:34:16.370,767,unlabeled,0.2,1,2.078264999909152,3.5488969997459208,88.71451599952707,0.5283209993649507,94.90507200007414,10.536844648294654,149.483471,67.192,55.0,214.0,275.46484375,1800.0,5140536600000,1786516456220748544,33304,19398,2.0,1.0013264417648315,876.6553955078125,5532
2026-08-12T15:34:16.486,768,unlabeled,0.2,1,1.7679769998721895,7.05916500010062,90.02329899976758,0.7346679994952865,99.61625600044499,10.038522226688915,132.518225,69.14,66.0,206.5,275.46484375,1800.0,5140669815000,1786516456353963520,33304,19398,2.0,1.0013264417648315,878.2652587890625,5535
2026-08-12T15:34:16.588,769,unlabeled,0.2,1,1.710421999632672,3.2699590001357137,88.57513000020845,0.53619099981006,94.12216399960016,10.62449010420381,134.345485,69.627,54.8,216.3,275.46484375,1800.0,5140769732000,1786516456453880576,33304,19398,2.0,1.0013264417648315,882.0313110351562,5537
2026-08-12T15:34:16.702,770,unlabeled,0.2,1,1.7306810004811268,3.399401000024227,93.93546499995864,0.7855179992475314,99.88411999984237,10.011601443768821,148.95281,68.653,66.7,209.5,275.46875,1800.0,5140869639000,1786516456553787392,33304,19398,2.0,1.0013264417648315,886.1669921875,5538
2026-08-12T15:34:16.804,771,unlabeled,0.2,1,1.7165700000987272,3.290050999567029,88.37970799959294,0.7972769999469165,94.21419899990724,10.614111361292629,117.920846,68.166,53.7,215.2,275.46875,1800.0,5141002857000,1786516456687005440,33304,19398,2.0,1.0013264417648315,888.470458984375,5539
2026-08-12T15:34:16.919,772,unlabeled,0.2,3,1.706311999441823,4.33530400005111,92.0661950003705,0.9488840005360544,99.09606499968504,10.091218051929491,133.020071,67.679,65.9,217.4,275.46875,1800.0,5141102770000,1786516456786918400,33304,19398,2.0,1.0013264417648315,888.97802734375,5540
2026-08-12T15:34:17.022,773,unlabeled,0.2,1,1.737681000122393,3.3812339997894014,88.6026860007405,0.731150000319758,94.48554599930503,10.583629373400194,135.654441,68.653,52.5,214.7,275.46875,1800.0,5141202681000,1786516456886829568,33304,19398,2.0,1.0013264417648315,893.3009643554688,5546
2026-08-12T15:34:17.138,774,unlabeled,0.2,1,1.689496999460971,7.4214350006514,90.0685060005344,0.7316679993891739,99.98878899932606,10.001121225768022,151.288072,68.653,65.2,207.7,275.46875,1800.0,5141302593000,1786516456986741504,33304,19398,2.0,1.0013264417648315,896.2810668945312,5552
2026-08-12T15:34:17.240,775,unlabeled,0.2,1,1.6380539991587284,3.318809999655059,88.55311599927518,0.7564819998151506,94.2966830007208,10.60482689504949,120.364221,69.14,54.8,223.6,275.46875,1800.0,5141435811000,1786516457119959552,33304,19398,2.0,1.0013264417648315,895.0997924804688,5557
2026-08-12T15:34:17.359,776,unlabeled,0.2,1,1.7591810001249542,4.91716099986661,94.8349110003619,1.0115499999301392,102.56307899999229,9.750097303534298,139.496595,68.653,66.0,202.5,275.47265625,1800.0,5141535721000,1786516457219869440,33304,19398,2.0,1.0013264417648315,893.0166015625,5570
2026-08-12T15:34:17.463,777,unlabeled,0.2,1,2.0701359999293345,3.8986290001048474,89.07832600016263,0.7326120003199321,95.81362900007662,10.43692855010429,143.289848,68.166,52.5,221.9,275.47265625,1800.0,5141635635000,1786516457319783424,33304,19398,2.0,1.0013264417648315,897.5755615234375,5580
2026-08-12T15:34:17.581,778,unlabeled,0.2,1,1.7628470004638075,8.196954000595724,91.98225699947216,0.7381860004898044,102.71461299998919,9.735713067429902,162.072893,69.627,66.7,210.6,275.47265625,1800.0,5141735549000,1786516457419697408,33304,19398,2.0,1.0013264417648315,903.1676025390625,5589
2026-08-12T15:34:17.685,779,unlabeled,0.2,2,1.7326440001852461,3.350697999849217,89.302506000422,0.950403000388178,95.37004699996032,10.485472446085888,132.303314,68.166,54.8,203.0,275.47265625,1800.0,5141868763000,1786516457552911360,33304,19398,2.0,1.0013264417648315,902.2791137695312,5583
2026-08-12T15:34:17.806,780,unlabeled,0.2,2,6.979722999858495,4.091957999662554,90.16163300020708,0.7245200004035723,101.99350000038976,9.804546368113444,154.123702,68.653,61.2,212.6,275.47265625,1800.0,5141968679000,1786516457652827392,33304,19398,2.0,1.0013264417648315,898.5496215820312,5575
2026-08-12T15:34:17.910,781,unlabeled,0.2,1,1.7343660001643002,3.4015119999821763,89.23572999992757,0.7595560000481782,95.16721799991501,10.507820035265642,124.618875,69.627,51.2,213.3,275.4765625,1800.0,5142101906000,1786516457786054400,33304,19398,2.0,1.0013264417648315,899.0743408203125,5566
2026-08-12T15:34:18.031,782,unlabeled,0.2,1,1.726719000544108,6.987538000430504,94.8569120000684,1.1873419998664758,104.78858399983437,9.543024266856975,145.070304,68.653,63.8,199.4,275.4765625,1800.0,5142201805000,1786516457885953536,33304,19398,2.0,1.0013264417648315,902.7411499023438,5562
2026-08-12T15:34:18.135,783,unlabeled,0.2,1,2.03119300022081,4.105588000129501,89.0467199997147,0.7993150002221228,96.02185099993221,10.414296220978972,149.151702,69.14,54.8,211.5,275.48046875,1800.0,5142301716000,1786516457985864448,33304,19398,2.0,1.0013264417648315,903.2127685546875,5558
2026-08-12T15:34:18.251,784,unlabeled,0.2,1,1.7419209998479346,7.012314999883529,91.13404100025946,0.7634820003659115,100.68720299932465,9.931748724877256,132.810293,69.14,63.0,213.8,275.48046875,1800.0,5142434933000,1786516458119081472,33304,19398,2.0,1.0013264417648315,899.1392822265625,5554
2026-08-12T15:34:18.355,785,unlabeled,0.2,2,1.766938999935519,3.4071789996232837,89.12358799989306,0.9797180000532535,95.31279299972084,10.491771025983143,136.054133,67.192,52.5,203.7,275.48046875,1800.0,5142534848000,1786516458218996480,33304,19398,2.0,1.0013264417648315,896.0984497070312,5551
2026-08-12T15:34:18.473,786,unlabeled,0.2,1,1.7449770002713194,8.815271999992547,90.76569699936954,0.5447280000225874,101.90854400025273,9.812719922654571,154.3623,68.653,64.6,219.7,275.48046875,1800.0,5142634757000,1786516458318905600,33304,19398,2.0,1.0013264417648315,896.2853393554688,5549
2026-08-12T15:34:18.575,787,unlabeled,0.2,1,1.702014999864332,3.350365000187594,88.72367200001463,0.7622599996466306,94.57144099997095,10.574016737254825,123.542259,68.653,53.7,205.3,275.484375,1800.0,5142767979000,1786516458452127488,33304,19398,2.0,1.0013264417648315,900.4859008789062,5546
2026-08-12T15:34:18.693,788,unlabeled,0.2,2,1.737032999699295,7.397843000035209,92.2434770000109,1.184379999358498,102.60147200006031,9.746448861858553,141.932941,68.166,66.0,211.4,275.484375,1800.0,5142867885000,1786516458552033536,33304,19398,2.0,1.0013264417648315,897.6267700195312,5544
2026-08-12T15:34:18.796,789,unlabeled,0.2,1,1.962637999895378,3.432937000070524,88.38619800008019,0.7658889999220264,94.58081100001436,10.572969182933399,144.532252,69.14,53.7,214.6,275.484375,1800.0,5142967798000,1786516458651946496,33304,19398,2.0,1.0013264417648315,893.861328125,5542
2026-08-12T15:34:18.913,790,unlabeled,0.2,2,1.7233670005225576,4.576540000016394,93.44430100009049,1.3705419996767887,101.16794999976264,9.884553359066247,128.807661,68.653,67.3,212.8,275.48828125,1800.0,5143101015000,1786516458785163520,33304,19398,2.0,1.0013264417648315,889.2343139648438,5540
2026-08-12T15:34:19.016,791,unlabeled,0.2,1,1.7292370002905955,3.410345000702364,88.42923599968344,0.5026740000175778,94.10261900029582,10.626696797852741,131.067608,68.653,53.7,215.3,275.48828125,1800.0,5143200925000,1786516458885073408,33304,19398,2.0,1.0013264417648315,886.20947265625,5538
2026-08-12T15:34:19.137,792,unlabeled,0.2,2,1.748069999848667,4.770294000081776,98.70856999987154,0.9943830000338494,106.30533400035347,9.406865698730366,152.195498,68.166,62.5,198.2,275.4921875,1800.0,5143300839000,1786516458984987392,33304,19398,2.0,1.0013264417648315,882.3994750976562,5537
2026-08-12T15:34:19.239,793,unlabeled,0.2,1,1.7100890008805436,3.2301080000252114,88.85522900072829,0.7176870003604563,94.54344599998876,10.577147780292659,121.565267,68.653,54.8,224.2,275.4921875,1800.0,5143434056000,1786516459118204416,33304,19398,2.0,1.0013264417648315,878.3761596679688,5535
2026-08-12T15:34:19.356,794,unlabeled,0.2,2,1.7799400002331822,7.437897999807319,91.47327800019411,1.100399999813817,101.82662500028528,9.820614205736451,138.572464,68.653,64.4,205.3,275.4921875,1800.0,5143533966000,1786516459218114560,33304,19398,2.0,1.0013264417648315,876.3124389648438,5534
2026-08-12T15:34:19.459,795,unlabeled,0.2,1,1.7370330006087897,3.5967480007457198,88.82810000068275,0.9604580000086571,95.15798700067535,10.508839368290786,141.921318,68.166,54.8,222.6,275.4921875,1800.0,5143633879000,1786516459318027520,33304,19398,2.0,1.0013264417648315,877.3223266601562,5533
2026-08-12T15:34:19.575,796,unlabeled,0.2,1,1.7328849999103113,5.6464589997631265,92.29531399978441,0.5085989996587159,100.21518200028368,9.978528003842465,157.867184,67.679,65.2,207.0,275.4921875,1800.0,5143733796000,1786516459417944576,33304,19398,2.0,1.0013264417648315,875.88818359375,5532
2026-08-12T15:34:19.680,797,unlabeled,0.2,1,1.7615320002732915,4.049015000418876,90.06718100044964,0.772110999605502,96.68141299971467,10.343249741322577,129.184379,68.653,55.8,210.8,276.15234375,1800.0,5143867008000,1786516459551156480,33304,19398,2.0,1.0013264417648315,873.7784423828125,5529
2026-08-12T15:34:19.798,798,unlabeled,0.2,1,2.591956999822287,4.491022999900451,93.2246069996836,0.9823290001804708,101.35063600046124,9.866736307362187,147.753427,70.114,65.2,210.9,276.15625,1800.0,5143966921000,1786516459651069440,33304,19398,2.0,1.0013264417648315,872.939208984375,5527
2026-08-12T15:34:19.901,799,unlabeled,0.2,1,1.711404000161565,3.327569999783009,88.41094299987162,0.7442420001098071,94.22956399976101,10.61238063250018,117.097041,68.166,53.7,214.5,276.15625,1800.0,5144100136000,1786516459784284416,33304,19398,2.0,1.0013264417648315,875.449951171875,5524
2026-08-12T15:34:20.013,800,unlabeled,0.2,1,1.7516060006528278,3.91029599995818,93.98640400013392,0.7375010000032489,100.42752899971674,9.957429102958617,129.776034,68.653,67.4,213.3,276.15625,1800.0,5144200048000,1786516459884196608,33304,19398,2.0,1.0013264417648315,876.8899536132812,5523
2026-08-12T15:34:20.116,801,unlabeled,0.2,1,1.7110520002461271,3.3182739998665056,88.62886800034175,0.7718889992247568,94.45978500025376,10.586515732566124,132.108552,68.653,54.8,215.2,276.15625,1800.0,5144299960000,1786516459984108544,33304,19398,2.0,1.0013264417648315,876.8861694335938,5522
2026-08-12T15:34:20.239,802,unlabeled,0.2,1,1.7557740002303035,13.002378000237513,93.1646870003533,0.9706069995445432,108.92457399950217,9.180664778221399,155.885239,68.166,60.4,192.9,276.15625,1800.0,5144399877000,1786516460084025600,33304,19398,2.0,1.0013264417648315,874.1106567382812,5521
2026-08-12T15:34:20.343,803,unlabeled,0.2,1,1.7250519995286595,3.378217000317818,89.19418799996492,0.7242980000228272,95.0531790003879,10.520426676060136,126.033201,69.627,53.7,224.0,276.15625,1800.0,5144533090000,1786516460217238528,33304,19398,2.0,1.0013264417648315,875.6466064453125,5521
2026-08-12T15:34:20.458,804,unlabeled,0.2,1,1.7418479992556968,3.3958269996219315,94.51354300017556,0.738241999897582,100.41923700009647,9.958251325879317,141.517469,69.627,66.0,199.4,276.16015625,1800.0,5144633001000,1786516460317149440,33304,19398,2.0,1.0013264417648315,879.4722900390625,5520
2026-08-12T15:34:20.560,805,unlabeled,0.2,1,1.6693489997123834,3.519971999594418,88.90021400020487,0.5082099996798206,94.63005999987217,10.567466616858859,143.910043,70.114,52.5,215.1,276.16015625,1800.0,5144732916000,1786516460417064448,33304,19398,2.0,1.0013264417648315,880.6956176757812,5520
2026-08-12T15:34:20.677,806,unlabeled,0.2,1,1.6863299997567083,4.472930999327218,93.1585759999507,0.734371999897121,100.0926900005652,9.990739583423657,126.837816,69.627,67.4,215.2,276.16015625,1800.0,5144866132000,1786516460550280448,33304,19398,2.0,1.0013264417648315,880.8208618164062,5521
2026-08-12T15:34:20.779,807,unlabeled,0.2,1,1.7140149993792875,3.332143000079668,88.57903599982819,0.5029329995522858,94.15655199973116,10.620609811655541,128.863476,69.627,53.8,206.1,276.16015625,1800.0,5144966043000,1786516460650191360,33304,19398,2.0,1.0013264417648315,884.159423828125,5521
2026-08-12T15:34:20.893,808,unlabeled,0.2,1,1.7488660005255952,7.254643000123906,89.46977499999775,0.503561999721569,99.00760399978026,10.10023432141858,143.756385,70.601,66.0,226.5,276.16015625,1800.0,5145065955000,1786516460750103552,33304,19398,2.0,1.0013264417648315,887.2803955078125,5522
2026-08-12T15:34:20.996,809,unlabeled,0.2,2,1.9826199995804927,3.4809369999493356,88.37218900043808,0.991625000096974,94.86016500068217,10.541832812464628,146.510091,69.14,54.8,204.6,276.16015625,1800.0,5145165868000,1786516460850016512,33304,19398,2.0,1.0013264417648315,888.262939453125,5523
2026-08-12T15:34:21.110,810,unlabeled,0.2,1,1.7092739999498008,4.561189000014565,92.15634500014858,0.5076360002931324,98.97959099998843,10.103092868913924,127.61187,69.627,65.9,209.9,276.1640625,1800.0,5145299085000,1786516460983233536,33304,19398,2.0,1.0013264417648315,883.4921264648438,5525
2026-08-12T15:34:21.212,811,unlabeled,0.2,2,1.749959000335366,3.255997000451316,88.50448700013658,0.765741000577691,94.30338599941024,10.604073113623448,129.73702,70.114,53.7,215.6,276.1640625,1800.0,5145398995000,1786516461083143424,33304,19398,2.0,1.0013264417648315,881.6139526367188,5526
2026-08-12T15:34:21.326,812,unlabeled,0.2,1,1.7335140000795946,3.563971999938076,93.26209600021684,0.5120989999340964,99.1076250002152,10.090041003382218,143.840433,69.627,67.4,219.2,276.1640625,1800.0,5145498910000,1786516461183058432,33304,19398,2.0,1.0013264417648315,882.7872924804688,5528
2026-08-12T15:34:21.429,813,unlabeled,0.2,1,1.7262179999306682,3.7520040004892508,88.55846599999495,0.7313529995371937,94.80333800001972,10.548151796087517,146.529868,69.627,53.7,214.4,276.1640625,1800.0,5145598823000,1786516461282971392,33304,19398,2.0,1.0013264417648315,886.2061767578125,5531
2026-08-12T15:34:21.544,814,unlabeled,0.2,1,1.697718999821518,3.5593239999798243,93.05899000082718,0.7722780001131468,99.11742100030096,10.089043781687616,128.185812,70.114,65.2,217.6,276.1640625,1800.0,5145732038000,1786516461416186368,33304,19398,2.0,1.0013264417648315,878.9342651367188,5534
2026-08-12T15:34:21.647,815,unlabeled,0.2,1,1.721792999887839,3.433529999711027,89.95571200011909,0.5017100002078223,95.64354000031017,10.455489204987154,131.485667,70.601,56.1,213.1,276.1640625,1800.0,5145831950000,1786516461516098560,33304,19398,2.0,1.0013264417648315,876.1171264648438,5533
2026-08-12T15:34:21.763,816,unlabeled,0.2,2,1.8571969994809479,3.7936329999865848,91.54035899973678,0.7647040001756977,97.9884669995954,10.205282627843632,147.387592,68.166,61.7,207.2,276.16796875,1800.0,5145931862000,1786516461616010496,33304,19398,2.0,1.0013264417648315,875.8118896484375,5532
2026-08-12T15:34:21.866,817,unlabeled,0.2,1,2.1359679994930048,3.353902000526432,88.54156000052171,0.7477600001948304,94.80970799995703,10.547443095178116,150.461023,70.601,53.7,213.6,276.16796875,1800.0,5146031774000,1786516461715922432,33304,19398,2.0,1.0013264417648315,876.9668579101562,5531
2026-08-12T15:34:21.995,818,unlabeled,0.2,1,1.9857679999404354,6.7505440001696115,89.36346600057732,0.7352600005106069,98.87070500008122,10.114219373667646,146.229197,69.627,61.5,201.6,276.16796875,1800.0,5146164991000,1786516461849139456,33304,19398,2.0,1.0013264417648315,875.7517700195312,5529
2026-08-12T15:34:22.097,819,unlabeled,0.2,1,1.6090539993456332,3.4287530006622546,88.31229099996563,0.5085809998490731,93.89043800001673,10.650711843519378,115.102052,69.627,53.7,215.4,276.16796875,1800.0,5146298207000,1786516461982355456,33304,19398,2.0,1.0013264417648315,876.2117309570312,5527
2026-08-12T15:34:22.212,820,unlabeled,0.2,1,1.7235519999303506,4.208975000437931,92.2811050004384,0.5452830000649556,98.80745200007368,10.120694135491464,130.019778,69.14,64.4,209.2,276.171875,1800.0,5146398120000,1786516462082268416,33304,19398,2.0,1.0013264417648315,876.4345092773438,5526
2026-08-12T15:34:22.314,821,unlabeled,0.2,1,1.7477549999966868,3.339976999995997,88.57369299948914,0.5034140003772336,94.19926400005352,10.615794195583437,131.954213,70.114,55.0,216.0,276.171875,1800.0,5146498031000,1786516462182179584,33304,19398,2.0,1.0013264417648315,879.7108764648438,5526
2026-08-12T15:34:22.433,822,unlabeled,0.2,1,1.7468289997850661,6.309241000053589,95.33116400052677,0.751833999856899,104.1853059996356,9.59828250639776,151.716912,70.114,68.7,200.4,276.17578125,1800.0,5146597945000,1786516462282093568,33304,19398,2.0,1.0013264417648315,878.7649536132812,5527
2026-08-12T15:34:22.536,823,unlabeled,0.2,1,1.7040150005414034,3.3002919999489677,88.58422899993457,0.7223909997264855,94.34059400064143,10.599890859211687,120.824916,68.653,53.7,224.6,276.17578125,1800.0,5146731160000,1786516462415308544,33304,19398,2.0,1.0013264417648315,877.2140502929688,5527
2026-08-12T15:34:22.650,824,unlabeled,0.2,1,1.7481249997217674,3.372271999978693,93.82958799960761,0.740205000511196,99.72126400043635,10.027951510879609,135.492605,69.627,66.7,209.8,276.17578125,1800.0,5146831074000,1786516462515222528,33304,19398,2.0,1.0013264417648315,877.7371215820312,5528
2026-08-12T15:34:22.753,825,unlabeled,0.2,1,1.7556809998495737,3.3335319994876045,88.9415919991734,0.7368159995166934,94.79713899963826,10.54884156370812,138.145093,71.575,55.0,214.5,276.17578125,1800.0,5146930985000,1786516462615133440,33304,19398,2.0,1.0013264417648315,878.177490234375,5528
2026-08-12T15:34:22.867,826,unlabeled,0.2,1,2.1718199996030307,4.856218999520934,93.45096699962596,1.0464939996381872,101.55916499934392,9.846477174231001,152.912193,70.601,73.3,208.0,276.17578125,1800.0,5147030898000,1786516462715046400,33304,19398,2.0,1.0013264417648315,874.2650756835938,5529
2026-08-12T15:34:22.970,827,unlabeled,0.2,1,1.727162999486609,3.3596250004848116,88.65420999973139,0.9496439997747075,94.71999299967138,10.557433212684776,122.693366,70.601,52.5,215.1,276.17578125,1800.0,5147164113000,1786516462848261376,33304,19398,2.0,1.0013264417648315,870.865966796875,5528
2026-08-12T15:34:23.086,828,unlabeled,0.2,1,1.740902999699756,7.165721000092162,89.86414799983322,0.7361119996858179,99.54527199988661,10.04568052213609,138.113445,69.627,66.0,208.1,276.17578125,1800.0,5147264025000,1786516462948173568,33304,19398,2.0,1.0013264417648315,873.268310546875,5527
2026-08-12T15:34:23.188,829,unlabeled,0.2,1,1.7165159997603041,3.3301439998467686,88.86078299929068,0.7781300000715419,94.71481200034759,10.55801071532856,140.632856,69.627,57.1,214.8,276.17578125,1800.0,5147363938000,1786516463048086528,33304,19398,2.0,1.0013264417648315,878.106201171875,5527
2026-08-12T15:34:23.303,830,unlabeled,0.2,1,1.725812000586302,3.430067999943276,94.28608100006386,0.5042470002081245,99.97941000074206,10.002059423961171,155.440257,70.114,67.4,226.6,276.17578125,1800.0,5147463851000,1786516463147999488,33304,19398,2.0,1.0013264417648315,879.6753540039062,5526
2026-08-12T15:34:23.405,831,unlabeled,0.2,1,1.7689770002107252,3.4217530001114937,88.63760300027934,0.7292419995792443,94.59098200022709,10.571832312699739,124.684763,69.627,55.0,205.0,276.17578125,1800.0,5147597066000,1786516463281214464,33304,19398,2.0,1.0013264417648315,880.392822265625,5523
2026-08-12T15:34:23.525,832,unlabeled,0.2,1,1.7050159995051217,5.6522369995946065,95.39922200019646,0.7364089997281553,103.58071399969049,9.654306881906493,143.915065,70.114,69.4,209.8,276.17578125,1800.0,5147696978000,1786516463381126400,33304,19398,2.0,1.0013264417648315,884.2796020507812,5521
2026-08-12T15:34:23.627,833,unlabeled,0.2,1,1.9283439996797824,3.4044570002151886,88.76800699999876,0.7682410005145357,94.90114100026403,10.5372811060008,146.551111,69.14,55.0,214.5,276.18359375,1800.0,5147796893000,1786516463481041408,33304,19398,2.0,1.0013264417648315,891.342529296875,5521
2026-08-12T15:34:23.739,834,unlabeled,0.2,1,5.336263000572217,4.418266000357107,89.42439899965393,0.7358709999607527,99.94905900020967,10.005096696287078,158.811146,69.627,61.4,214.0,276.18359375,1800.0,5147896803000,1786516463580951552,33304,19398,2.0,1.0013264417648315,895.0000610351562,5523
2026-08-12T15:34:23.842,835,unlabeled,0.2,1,1.7801430003601126,3.322180999930424,88.57427099974302,0.9423660003449186,94.65105399976892,10.56512270853784,127.918367,69.627,53.7,215.1,276.1875,1800.0,5148030020000,1786516463714168576,33304,19398,2.0,1.0013264417648315,892.1223754882812,5525
2026-08-12T15:34:23.956,836,unlabeled,0.2,1,1.7205899994223728,4.587076999996498,92.57289900051546,0.7733339998594602,99.69995399933396,10.030094898606277,142.281629,70.601,65.9,210.0,276.1875,1800.0,5148129933000,1786516463814081536,33304,19398,2.0,1.0013264417648315,890.5543823242188,5526
2026-08-12T15:34:24.058,837,unlabeled,0.2,1,1.992527000766131,3.5045099994022166,88.56106999974145,0.7338340001297183,94.82142399974691,10.546139868165966,144.838964,71.088,54.8,214.7,276.1875,1800.0,5148229853000,1786516463914001408,33304,19398,2.0,1.0013264417648315,893.5791625976562,5526
2026-08-12T15:34:24.174,838,unlabeled,0.2,1,1.7256259998248424,7.084740999744099,89.41031100039254,0.7330940006795572,98.98693899958744,10.1023428960074,126.830643,70.601,66.0,208.3,276.1875,1800.0,5148363061000,1786516464047209472,33304,19398,2.0,1.0013264417648315,897.6534423828125,5526
2026-08-12T15:34:24.276,839,unlabeled,0.2,2,1.6952750002019457,3.434178999668802,88.7599190000401,1.1885280000569765,95.10975099965435,10.514169046700944,129.762704,69.627,54.8,223.7,276.19140625,1800.0,5148462973000,1786516464147121408,33304,19398,2.0,1.0013264417648315,895.6091918945312,5526
2026-08-12T15:34:24.391,840,unlabeled,0.2,1,1.7442369999116636,4.101495999748295,93.22837000036088,0.732724000044982,99.85108499950002,10.014913708799531,144.572809,70.601,67.4,209.1,276.19140625,1800.0,5148562884000,1786516464247032576,33304,19398,2.0,1.0013264417648315,893.2737426757812,5524
2026-08-12T15:34:24.494,841,unlabeled,0.2,1,1.8612530002428684,3.715820000252279,88.41383500021038,0.7302980002350523,94.74989000045753,10.554101962494851,147.299752,70.601,51.3,214.4,276.19140625,1800.0,5148662798000,1786516464346946560,33304,19398,2.0,1.0013264417648315,893.5195922851562,5522
2026-08-12T15:34:24.609,842,unlabeled,0.2,1,1.7231259998879978,7.337271999858785,89.8483569999371,0.7351499998549116,99.67805199994473,10.032298785298838,129.80191,70.114,68.7,216.0,276.19140625,1800.0,5148796014000,1786516464480162560,33304,19398,2.0,1.0013264417648315,897.51904296875,5520
2026-08-12T15:34:24.712,843,unlabeled,0.2,1,1.7413850000593811,3.344180000567576,88.86723200066626,0.7722039999862318,94.75455700066959,10.553582135294384,132.450014,69.14,57.1,204.7,276.19140625,1800.0,5148895926000,1786516464580074496,33304,19398,2.0,1.0013264417648315,895.8392333984375,5520
2026-08-12T15:34:24.826,844,unlabeled,0.2,1,1.7765880002116319,3.368253999724402,93.84361499996885,0.764704999710375,99.78636400046526,10.02140933800672,146.943435,71.088,64.4,218.5,276.1953125,1800.0,5148995841000,1786516464679989504,33304,19398,2.0,1.0013264417648315,890.3602905273438,5520
2026-08-12T15:34:24.929,845,unlabeled,0.2,1,1.7501629999969737,3.3923649998541805,88.54072099984478,0.7784260005792021,94.49239599962311,10.58286213849407,149.45883,69.627,53.7,214.7,276.1953125,1800.0,5149095751000,1786516464779899392,33304,19398,2.0,1.0013264417648315,885.707763671875,5519
2026-08-12T15:34:25.043,846,unlabeled,0.2,1,1.7117010002039024,6.3615729995945,90.41530800004693,0.7368530004896456,99.29702499994164,10.070795172368838,130.653478,70.114,66.7,218.4,276.1953125,1800.0,5149228968000,1786516464913116416,33304,19398,2.0,1.0013264417648315,884.5875854492188,5522
2026-08-12T15:34:25.145,847,unlabeled,0.2,1,1.729681000142591,3.3134780005639186,88.33698800026468,0.9462369998800568,94.3586809999033,10.597859035365541,132.716041,70.114,53.7,206.0,276.19921875,1800.0,5149328884000,1786516465013032448,33304,19398,2.0,1.0013264417648315,882.7523193359375,5524
2026-08-12T15:34:25.261,848,unlabeled,0.2,1,1.7261630000575678,3.414660999624175,94.34369999962655,0.9940879999703611,100.50983400014957,9.949275212199753,148.070217,70.114,65.9,216.8,276.19921875,1800.0,5149428791000,1786516465112939520,33304,19398,2.0,1.0013264417648315,880.67138671875,5525
2026-08-12T15:34:25.365,849,unlabeled,0.2,1,2.5029790003827657,3.6653400002251146,88.9996030000475,0.9888660006254213,96.19184199982556,10.395891992605916,152.842462,70.601,59.5,208.9,276.19921875,1800.0,5149528703000,1786516465212851456,33304,19398,2.0,1.0013264417648315,878.1567993164062,5522
2026-08-12T15:34:25.482,850,unlabeled,0.2,2,1.7302000005656737,7.035928000732383,90.64000899979874,0.9513670001979335,100.41879900018102,9.958294761105412,136.20234,71.088,64.4,215.7,276.19921875,1800.0,5149661920000,1786516465346068480,33304,19398,2.0,1.0013264417648315,879.49462890625,5519
2026-08-12T15:34:25.585,851,unlabeled,0.2,1,1.7249229995286441,3.604971000640944,89.30676199997833,0.7334639994951431,95.4001199997947,10.482167108407747,139.539668,70.114,54.8,213.1,276.203125,1800.0,5149761833000,1786516465445981440,33304,19398,2.0,1.0013264417648315,881.0911865234375,5517
2026-08-12T15:34:25.701,852,unlabeled,0.2,1,1.6787380000096164,4.469100000278559,93.26941000017541,0.726371999917319,100.18804500032275,9.981230794520231,155.500428,70.601,66.7,215.8,276.203125,1800.0,5149861745000,1786516465545893376,33304,19398,2.0,1.0013264417648315,877.6624145507812,5517
2026-08-12T15:34:25.803,853,unlabeled,0.2,1,1.7121640003097127,3.303571000287775,88.65637100007007,0.9428109997315914,94.64434200071992,10.565871967205323,124.501537,70.114,54.8,205.4,276.203125,1800.0,5149994961000,1786516465679109376,33304,19398,2.0,1.0013264417648315,874.1805419921875,5517
2026-08-12T15:34:25.919,854,unlabeled,0.2,1,1.7379600003550877,7.256330000018352,90.13102099925163,0.7381310006167041,99.90169899992907,10.009839772601966,140.153141,70.114,63.6,216.3,276.203125,1800.0,5150094873000,1786516465779021568,33304,19398,2.0,1.0013264417648315,877.4609985351562,5517
2026-08-12T15:34:26.021,855,unlabeled,0.2,1,1.7794030000004568,3.8269659999059513,88.478412000768,0.5073590000392869,94.6259350002947,10.56792728121403,142.606306,69.14,55.0,205.2,276.203125,1800.0,5150194792000,1786516465878940416,33304,19398,2.0,1.0013264417648315,878.2920532226562,5515
2026-08-12T15:34:26.137,856,unlabeled,0.2,1,1.7180900003950228,5.125417000272137,92.21016200081067,0.7636860000275192,99.84833599992271,10.015189436915344,158.222463,69.627,66.7,225.1,276.20703125,1800.0,5150294699000,1786516465978847488,33304,19398,2.0,1.0013264417648315,880.268798828125,5514
2026-08-12T15:34:26.239,857,unlabeled,0.2,1,1.7343300005450146,3.3963830001084716,88.87018499990518,0.7306870002139476,94.76306500073406,10.552634615525086,127.395566,71.088,53.8,214.8,276.20703125,1800.0,5150427916000,1786516466112064512,33304,19398,2.0,1.0013264417648315,880.4411010742188,5512
2026-08-12T15:34:26.354,858,unlabeled,0.2,1,1.7458849997638026,7.205795000118087,89.88817899989954,0.7322239998757141,99.60700800002087,10.03945425205213,142.911658,69.627,65.2,208.0,276.20703125,1800.0,5150527828000,1786516466211976448,33304,19398,2.0,1.0013264417648315,883.3350830078125,5511
2026-08-12T15:34:26.457,859,unlabeled,0.2,1,1.7152190002889256,3.663821999907668,88.54204399995069,0.5029699996157433,94.45331400002033,10.587241015172689,145.21017,70.114,55.0,215.2,276.20703125,1800.0,5150627743000,1786516466311891456,33304,19398,2.0,1.0013264417648315,885.75,5510
2026-08-12T15:34:26.573,860,unlabeled,0.2,2,1.6991829998005414,4.873646000305598,91.93526099988958,1.4087819999986095,99.96672099987336,10.003329007873198,128.050223,70.601,65.2,206.8,276.20703125,1800.0,5150760955000,1786516466445103360,33304,19398,2.0,1.0013264417648315,886.0117797851562,5509
2026-08-12T15:34:26.677,861,unlabeled,0.2,2,1.7005159998007002,3.339163000418921,90.07119299985789,1.408652000463917,96.55120900060865,10.357198116428517,132.619068,70.114,53.7,220.1,276.2109375,1800.0,5150860868000,1786516466545016576,33304,19398,2.0,1.0013264417648315,888.17236328125,5507
2026-08-12T15:34:26.793,862,unlabeled,0.2,1,2.0149350002611754,3.724969000359124,91.08302099957655,0.7370939993052161,97.59303600003477,10.246632761784802,148.168436,70.601,66.7,216.4,276.2109375,1800.0,5150960780000,1786516466644928512,33304,19398,2.0,1.0013264417648315,893.4716796875,5506
2026-08-12T15:34:26.895,863,unlabeled,0.2,2,1.673757999924419,3.3400510001229122,88.42234300027485,0.745983000342676,94.2130970006474,10.614235513276126,117.260338,70.114,54.8,205.2,276.2109375,1800.0,5151093997000,1786516466778145536,33304,19398,2.0,1.0013264417648315,898.5337524414062,5504
2026-08-12T15:34:27.009,864,unlabeled,0.2,2,1.7638480003370205,3.329849000692775,92.28290099963488,0.9825520000958932,98.39094400012982,10.163537001928557,131.040174,70.601,65.9,211.3,276.2109375,1800.0,5151193909000,1786516466878057472,33304,19398,2.0,1.0013264417648315,898.1439819335938,5503
2026-08-12T15:34:27.111,865,unlabeled,0.2,2,1.7074039997169166,3.2478319999427185,88.46536399960314,1.1663799996313173,94.61909099991317,10.568691681902944,133.607776,70.114,52.5,214.6,276.2109375,1800.0,5151293821000,1786516466977969408,33304,19398,2.0,1.0013264417648315,896.8401489257812,5502
2026-08-12T15:34:27.228,866,unlabeled,0.2,2,1.7281079999520443,7.54032399981952,90.74799599966354,1.0260500002914341,101.08105199924466,9.893050974652228,150.527473,69.627,65.2,222.6,276.21484375,1800.0,5151393733000,1786516467077881600,33304,19398,2.0,1.0013264417648315,898.3961791992188,5501
2026-08-12T15:34:27.331,867,unlabeled,0.2,2,1.6175170003407402,3.384680999261036,88.73595099976228,0.7350019996010815,94.50418699998409,10.581541746929883,120.092662,70.601,54.8,212.5,276.21484375,1800.0,5151526950000,1786516467211098368,33304,19398,2.0,1.0013264417648315,898.8497924804688,5501
2026-08-12T15:34:27.443,868,unlabeled,0.2,2,1.7140159998234594,3.314775000035297,92.92364999964775,0.9450699999433709,98.92739799943229,10.108423148921178,132.358041,69.627,67.4,215.3,276.21484375,1800.0,5151626862000,1786516467311010560,33304,19398,2.0,1.0013264417648315,896.6480102539062,5500
2026-08-12T15:34:27.547,869,unlabeled,0.2,1,1.7093490005208878,3.330606999952579,88.6496379998789,0.7316870005524834,94.45237300042209,10.587346492560131,136.962442,70.601,53.5,200.9,276.21484375,1800.0,5151726775000,1786516467410923520,33304,19398,2.0,1.0013264417648315,892.551513671875,5500
2026-08-12T15:34:27.664,870,unlabeled,0.2,2,1.7266069999095635,7.65113699981157,91.28911300012987,0.968792000094254,101.68127900033141,9.834652060156921,153.9623,70.114,68.1,213.0,276.21484375,1800.0,5151826687000,1786516467510835456,33304,19398,2.0,1.0013264417648315,889.6761474609375,5503
2026-08-12T15:34:27.768,871,unlabeled,0.2,2,1.7202939998242073,3.3603849997234647,89.13234900046518,0.7742219995634514,95.01787900080672,10.524335109516704,124.266568,70.114,54.8,223.3,276.21484375,1800.0,5151959904000,1786516467644052480,33304,19398,2.0,1.0013264417648315,889.42578125,5507
2026-08-12T15:34:27.888,872,unlabeled,0.2,1,1.752663000843313,3.4682340001381817,99.15304200058017,0.7770190004521282,105.18651199981832,9.506922332415844,144.48177,69.627,62.5,208.1,276.21484375,1800.0,5152059814000,1786516467743962368,33304,19398,2.0,1.0013264417648315,885.108642578125,5510
2026-08-12T15:34:27.991,873,unlabeled,0.2,2,1.9207330005883705,3.6541560002660844,88.69493300062459,0.9460339997531264,95.24504000000888,10.499234395826877,147.585332,70.601,54.8,203.7,276.21484375,1800.0,5152159731000,1786516467843879424,33304,19398,2.0,1.0013264417648315,880.6932373046875,5511
2026-08-12T15:34:28.112,874,unlabeled,0.2,1,1.739773999361205,7.149981999646116,94.5925409996562,0.7419459998345701,104.25790899989806,9.591598465695084,135.035653,70.601,60.9,207.2,276.21875,1800.0,5152292944000,1786516467977092352,33304,19398,2.0,1.0013264417648315,877.0460815429688,5513
2026-08-12T15:34:28.214,875,unlabeled,0.2,2,1.7343110002912,3.4198089997516945,88.90843199969822,0.7346689999394584,94.83131299930392,10.545040117786202,137.669571,69.14,55.0,204.9,276.21875,1800.0,5152392857000,1786516468077005568,33304,19398,2.0,1.0013264417648315,874.7667236328125,5514
2026-08-12T15:34:28.332,876,unlabeled,0.2,1,1.7765140000847168,8.069460999649891,90.58215299955918,0.7314449994737515,101.2694780001766,9.874643572254378,155.307414,69.627,66.0,221.1,276.21875,1800.0,5152492770000,1786516468176918528,33304,19398,2.0,1.0013264417648315,873.3616943359375,5515
2026-08-12T15:34:28.435,877,unlabeled,0.2,3,1.7589219996807515,3.3165710001412663,88.78361999995832,1.3981339998281328,95.28689499984466,10.49462258164284,125.176473,70.114,56.1,213.5,276.22265625,1800.0,5152625984000,1786516468310132480,33304,19398,2.0,1.0013264417648315,871.3305053710938,5515
2026-08-12T15:34:28.551,878,unlabeled,0.2,2,1.7544399997859728,7.064223999805108,89.65782299947023,1.3703939994229586,99.88160299963056,10.011853734503028,141.125819,69.627,65.2,207.1,276.22265625,1800.0,5152725897000,1786516468410045440,33304,19398,2.0,1.0013264417648315,870.0321655273438,5516
2026-08-12T15:34:28.655,879,unlabeled,0.2,1,1.8462160005583428,4.06203500006086,90.10057100022095,0.5085069997221581,96.5536069998052,10.356940885719759,145.71201,70.114,55.8,220.1,276.22265625,1800.0,5152825812000,1786516468509960448,33304,19398,2.0,1.0013264417648315,870.0505981445312,5515
2026-08-12T15:34:28.770,880,unlabeled,0.2,1,1.7229969998879824,3.4033279998766375,91.75677300027019,0.7317429999602609,97.64710000035848,10.240959536907177,127.76593,70.114,62.2,217.0,276.2265625,1800.0,5152959030000,1786516468643178496,33304,19398,2.0,1.0013264417648315,869.52978515625,5513
2026-08-12T15:34:28.879,881,unlabeled,0.2,1,1.7652369997449568,3.4425489993736846,90.9397559998979,0.7356679998338223,96.91565399953106,10.318250548098645,136.84205,71.088,61.4,211.0,276.2265625,1800.0,5153058939000,1786516468743087360,33304,19398,2.0,1.0013264417648315,867.1878662109375,5512
2026-08-12T15:34:28.982,882,unlabeled,0.2,2,1.769199999216653,3.5326960005477304,88.86885900028574,0.9461820000069565,95.14878800018778,10.509855364610914,139.828323,70.114,53.8,204.2,276.2265625,1800.0,5153158850000,1786516468842998528,33304,19398,2.0,1.0013264417648315,866.5747680664062,5511
2026-08-12T15:34:29.099,883,unlabeled,0.2,2,1.7744959995980025,7.4282350005887565,91.07831300025282,0.7668160005778191,101.07984000023862,9.893169597395874,157.017843,70.114,64.6,222.0,276.23046875,1800.0,5153258764000,1786516468942912512,33304,19588,2.0,1.0005780458450317,865.9011840820312,5510
2026-08-12T15:34:29.202,884,unlabeled,0.2,2,1.7397930005245144,3.4014030006801477,88.55238900014228,1.3617269996757386,95.09079399958864,10.516265118201936,126.769551,70.601,52.5,213.7,276.23046875,1800.0,5153391979000,1786516469076127488,33304,19588,2.0,1.0005780458450317,869.2639770507812,5510
2026-08-12T15:34:29.319,885,unlabeled,0.2,2,1.7672180001682136,6.213799999386538,91.46871000029932,0.9514410003248486,100.45946500031278,9.954263642523744,143.43909,70.601,68.1,205.8,276.23046875,1800.0,5153491892000,1786516469176040448,33304,19588,2.0,1.0005780458450317,869.0499267578125,5510
2026-08-12T15:34:29.422,886,unlabeled,0.2,2,2.027341999564669,3.5491580001689726,88.80427299936855,0.9628669995436212,95.37628700036294,10.484786433300709,146.853206,70.114,53.7,213.0,276.23046875,1800.0,5153591803000,1786516469275951360,33304,19588,2.0,1.0005780458450317,870.6182250976562,5510
2026-08-12T15:34:29.542,887,unlabeled,0.2,2,1.7479779999121092,3.5753980000663432,96.67051600081322,1.207620999593928,103.23703100038983,9.686446716936521,133.356126,69.627,62.2,208.8,276.23046875,1800.0,5153725020000,1786516469409168384,33304,19588,2.0,1.0005780458450317,876.9868774414062,5510
2026-08-12T15:34:29.646,888,unlabeled,0.2,2,1.7574399998920853,3.3368120002705837,90.10776100058138,0.7593339996674331,95.99195700047858,10.417539461092709,137.348912,70.114,53.7,211.7,276.234375,1800.0,5153824938000,1786516469509086464,33304,19588,2.0,1.0005780458450317,878.0662841796875,5510
2026-08-12T15:34:29.763,889,unlabeled,0.2,1,1.624498999262869,3.4234579998155823,93.97448599975178,0.9398860001965659,99.9959390001095,10.00040611648144,121.627239,70.114,58.7,212.8,276.234375,1800.0,5153958151000,1786516469642299392,33304,19588,2.0,1.0005780458450317,879.9751586914062,5510
2026-08-12T15:34:29.866,890,unlabeled,0.2,3,1.761661999807984,3.423977000238665,88.6730530000932,0.9480890003032982,94.83874299985473,10.544213982270218,124.128458,69.627,52.5,214.9,276.234375,1800.0,5154058064000,1786516469742212352,33304,19588,2.0,1.0005780458450317,886.8082885742188,5510
2026-08-12T15:34:29.979,891,unlabeled,0.2,2,1.7512930007796967,3.6973960004615947,93.77767500063783,0.9468669995840173,100.2100440000504,9.979039626002928,137.190383,71.088,66.7,212.3,276.234375,1800.0,5154157973000,1786516469842121472,33304,19588,2.0,1.0005780458450317,891.3185424804688,5510
2026-08-12T15:34:30.085,892,unlabeled,0.2,2,1.7266820004806505,3.6373409993757377,89.25580300001457,0.9879580002234434,95.63880299992888,10.456007066511942,143.028079,69.627,53.5,208.2,276.234375,1800.0,5154257887000,1786516469942035456,33304,19588,2.0,1.0005780458450317,889.52978515625,5510
2026-08-12T15:34:30.200,893,unlabeled,0.2,3,1.747070000419626,3.6197119998178096,93.19274900008168,0.9858290004558512,99.57687899986922,10.042491892132041,158.296162,70.601,67.4,225.7,276.234375,1800.0,5154357796000,1786516470041944576,33304,19588,2.0,1.0005780458450317,888.333984375,5510
2026-08-12T15:34:30.303,894,unlabeled,0.2,2,1.7327380001006532,3.357552000124997,88.84148000015557,0.9497369992459426,94.91354300007515,10.535904238652309,128.070429,69.627,53.7,203.8,276.234375,1800.0,5154491014000,1786516470175162368,33304,19588,2.0,1.0005780458450317,888.5558471679688,5510
2026-08-12T15:34:30.419,895,unlabeled,0.2,2,1.7450519999329117,6.978209000408242,90.06071099975088,1.1663619998216745,99.98373999951582,10.00162626447903,144.147643,69.627,66.0,215.5,276.234375,1800.0,5154590926000,1786516470275074560,33304,19588,2.0,1.0005780458450317,889.9194946289062,5509
2026-08-12T15:34:30.522,896,unlabeled,0.2,2,2.0036389996676007,3.565046999938204,88.55115299957106,0.9553850004522246,95.11133399973914,10.513994052514736,147.375899,71.088,54.8,203.7,276.234375,1800.0,5154690843000,1786516470374991360,33304,19588,2.0,1.0005780458450317,890.0083618164062,5509
2026-08-12T15:34:30.641,897,unlabeled,0.2,2,1.740830000017013,7.065151999995578,92.62331799982348,1.1933050000152434,102.65825199985557,9.741058127518155,133.491278,70.601,65.2,217.9,276.234375,1800.0,5154824054000,1786516470508202496,33304,19588,2.0,1.0005780458450317,888.73193359375,5511
2026-08-12T15:34:30.744,898,unlabeled,0.2,3,1.710331000140286,3.279609999481181,89.04471599998942,0.9905879996949807,95.05678000004991,10.52002813475772,136.391992,69.627,54.8,213.9,276.234375,1800.0,5154923967000,1786516470608115456,33304,19588,2.0,1.0005780458450317,892.8692626953125,5513
2026-08-12T15:34:30.862,899,unlabeled,0.2,2,1.6744240001571598,3.659156000139774,95.29882999959227,0.9623289997762186,101.62618400045176,9.839983758472666,154.343864,70.114,65.2,211.8,276.23828125,1800.0,5155023879000,1786516470708027392,33304,19588,2.0,1.0005780458450317,897.0064697265625,5514
2026-08-12T15:34:30.965,900,unlabeled,0.2,2,1.7426639997211169,3.330515000016021,88.6743729997761,0.9478849997321959,94.72480599924893,10.55689678591613,123.980245,69.627,53.7,214.3,276.23828125,1800.0,5155157101000,1786516470841249536,33304,19588,2.0,1.0005780458450317,891.6527099609375,5513
2026-08-12T15:34:31.078,901,unlabeled,0.2,1,1.7623290004848968,3.3857000007628812,94.0832500000397,1.163177000307769,100.42534400054137,9.957645751202099,137.217349,71.575,63.6,212.1,276.23828125,1800.0,5155257008000,1786516470941156352,33304,19588,2.0,1.0005780458450317,887.9903564453125,5510
2026-08-12T15:34:31.183,902,unlabeled,0.2,2,1.7698480005492456,3.7742269996670075,88.56149100029143,0.9684400001788163,95.1052089994846,10.51467117858307,142.267708,69.627,53.7,209.6,276.23828125,1800.0,5155356921000,1786516471041069568,33304,19588,2.0,1.0005780458450317,888.2513427734375,5508
2026-08-12T15:34:31.296,903,unlabeled,0.2,1,1.7408120002073701,3.470939000180806,94.9710459999551,0.760242000069411,101.00461000001815,9.900538203155483,155.805837,70.114,64.4,211.6,276.2421875,1800.0,5155456836000,1786516471140984576,33304,19588,2.0,1.0005780458450317,892.1389770507812,5506
2026-08-12T15:34:31.402,904,unlabeled,0.2,3,1.7830329998105299,3.3721259997037123,89.20451199992385,1.1958240002059028,95.58727199964778,10.461643889195674,128.042614,70.114,53.7,208.6,276.24609375,1800.0,5155590050000,1786516471274198528,33304,19588,2.0,1.0005780458450317,889.3104248046875,5503
2026-08-12T15:34:31.520,905,unlabeled,0.2,1,1.703572000224085,8.236124999712047,91.64482699998189,0.7599829996252083,102.38385600041511,9.767164854544506,146.033853,70.601,63.8,220.5,276.24609375,1800.0,5155689960000,1786516471374108416,33304,19588,2.0,1.0005780458450317,884.2335205078125,5502
2026-08-12T15:34:31.622,906,unlabeled,0.2,2,1.7364420000376413,3.320478999739862,88.62041500015039,0.7655010003873031,94.47335400000156,10.584995214629338,148.651468,70.601,53.7,204.7,276.24609375,1800.0,5155789873000,1786516471474021376,33304,19588,2.0,1.0005780458450317,878.1952514648438,5501
2026-08-12T15:34:31.738,907,unlabeled,0.2,2,4.628596999282308,4.220883999551006,91.37110999927245,0.9589229994162451,101.21447599976818,9.880009653977663,131.468003,70.114,61.7,215.6,276.24609375,1800.0,5155923090000,1786516471607238400,33304,19588,2.0,1.0005780458450317,877.5148315429688,5502
2026-08-12T15:34:31.841,908,unlabeled,0.2,1,1.7815890005294932,3.3160530001623556,88.75076299955253,0.9507000004305155,94.83227100008662,10.544933591214816,134.320435,70.114,53.7,214.1,276.25,1800.0,5156023005000,1786516471707153408,33304,19588,2.0,1.0005780458450317,876.9619140625,5503
2026-08-12T15:34:31.972,909,unlabeled,0.2,3,1.8580500000098255,5.884309000066423,89.89162600028067,1.4389110001502559,99.1160060002585,10.089187814906424,132.577185,69.627,61.5,197.7,276.25390625,1800.0,5156156219000,1786516471840367360,33304,19588,2.0,1.0005780458450317,872.708984375,5505
2026-08-12T15:34:32.075,910,unlabeled,0.2,2,1.7384599996148609,3.2490730000063195,88.44979300010891,0.9446450003451901,94.41385799982527,10.591665473535153,135.144776,69.627,52.5,214.7,276.2578125,1800.0,5156256131000,1786516471940279552,33304,19588,2.0,1.0005780458450317,880.423828125,5506
2026-08-12T15:34:32.187,911,unlabeled,0.2,2,1.7498300003353506,3.4242360006828676,93.09798199956276,1.165417999800411,99.46826200030046,10.05345805677171,147.275023,68.653,66.7,214.2,276.2578125,1800.0,5156356045000,1786516472040193536,33304,19588,2.0,1.0005780458450317,879.298583984375,5507
2026-08-12T15:34:32.292,912,unlabeled,0.2,2,1.6053330000431743,3.3278299997618888,88.90824599984626,1.04730900056893,94.92286600016087,10.53486943807939,119.2993,69.14,55.8,207.8,276.2578125,1800.0,5156489261000,1786516472173409536,33304,19588,2.0,1.0005780458450317,879.5654907226562,5507
2026-08-12T15:34:32.409,913,unlabeled,0.2,3,1.7367009995723492,3.3366630004820763,97.29016299934301,1.170176000414358,103.56418499941356,9.655847723859967,136.079543,69.627,62.8,206.9,276.2578125,1800.0,5156589173000,1786516472273321472,33304,19588,2.0,1.0005780458450317,882.7612915039062,5508
2026-08-12T15:34:32.515,914,unlabeled,0.2,3,1.759608000611479,3.587805999814009,88.90063499984535,1.1661770004138816,95.45009500016022,10.476678938856178,141.888509,71.088,52.4,217.5,276.2578125,1800.0,5156689087000,1786516472373235456,33304,19588,2.0,1.0005780458450317,877.6881713867188,5508
2026-08-12T15:34:32.627,915,unlabeled,0.2,2,1.7247010000573937,3.3434230008424493,93.10303799975372,1.344227999652503,99.56018499997299,10.044175791761248,154.628975,69.627,67.4,208.7,276.2578125,1800.0,5156788999000,1786516472473147392,33304,19588,2.0,1.0005780458450317,883.3865966796875,5508
2026-08-12T15:34:32.732,916,unlabeled,0.2,1,1.723292999486148,3.273332000389928,88.74954600014462,0.7720189996689442,94.54820900009508,10.57661494147387,126.028496,71.088,53.7,215.1,276.26171875,1800.0,5156922217000,1786516472606365440,33304,19588,2.0,1.0005780458450317,885.7073974609375,5507
2026-08-12T15:34:32.846,917,unlabeled,0.2,2,1.7367370001011295,7.15788999968936,89.83163099946978,0.9491439996054396,99.70844100007525,10.029241155212178,140.49746,70.601,66.7,209.8,276.26171875,1800.0,5157022126000,1786516472706274560,33304,19588,2.0,1.0005780458450317,887.0468139648438,5507
2026-08-12T15:34:32.949,918,unlabeled,0.2,1,1.8586790001791087,3.8430409995271475,88.43421999972634,0.5076370007373043,94.67594600027951,10.56234494870585,143.276861,70.114,53.7,224.0,276.26171875,1800.0,5157122041000,1786516472806189568,33304,19588,2.0,1.0005780458450317,892.5305786132812,5507
2026-08-12T15:34:33.060,919,unlabeled,0.2,3,1.7701440001474111,3.2820540000102483,91.8799940000099,1.1987130001216428,98.15996099951008,10.187453110387759,154.733209,70.114,64.3,215.2,276.26171875,1800.0,5157221950000,1786516472906098432,33304,19588,2.0,1.0005780458450317,901.6888427734375,5509
2026-08-12T15:34:33.163,920,unlabeled,0.2,1,1.713535000817501,3.2923689996096073,88.5896829995545,1.1836579997179797,94.8107809999783,10.547323726826265,124.382037,70.114,54.8,204.3,276.265625,1800.0,5157355196000,1786516473039344384,33304,19398,2.0,1.000722885131836,904.0656127929688,5511
2026-08-12T15:34:33.279,921,unlabeled,0.2,1,1.7349789995932952,7.0047279996288125,90.16057300050306,0.7285390001925407,99.6606509997946,10.034050449881779,139.786994,71.088,63.6,208.2,276.265625,1800.0,5157455081000,1786516473139229440,33304,19207,2.0,1.001275658607483,904.4329223632812,5512
2026-08-12T15:34:33.381,922,unlabeled,0.2,2,1.7570149993844097,3.7726729997302755,88.66207099981693,0.7360939998761751,94.96074099934049,10.530667615651241,142.495822,71.088,53.8,214.4,276.265625,1800.0,5157554997000,1786516473239145472,33304,19207,2.0,1.001275658607483,909.0011596679688,5511
2026-08-12T15:34:33.497,923,unlabeled,0.2,1,1.7083309994632145,3.989982000348391,93.2469460003631,0.9486819999438012,99.94203299993387,10.00580006212863,158.256305,70.601,67.4,216.1,276.265625,1800.0,5157654911000,1786516473339059456,33304,19207,2.0,1.001275658607483,909.3909301757812,5511
2026-08-12T15:34:33.599,924,unlabeled,0.2,1,1.7290710002271226,3.3330350006508525,88.5248140002659,0.7269640000231448,94.34445800070534,10.599456726886107,127.065067,70.114,53.7,225.4,276.265625,1800.0,5157788121000,1786516473472269568,33304,19207,2.0,1.001275658607483,907.1536865234375,5512
2026-08-12T15:34:33.714,925,unlabeled,0.2,1,1.7389599997841287,6.86445300016203,90.45691800019995,0.5082099996798206,99.599486000443,10.040212456473443,142.544279,70.601,68.1,208.0,276.265625,1800.0,5157888035000,1786516473572183552,33304,19207,2.0,1.001275658607483,903.867431640625,5513
2026-08-12T15:34:33.817,926,unlabeled,0.2,1,2.000547000534425,3.374201000042376,88.54135100045823,0.7609269996464718,94.70656099983898,10.558930547606941,145.176137,69.627,52.5,214.6,276.26953125,1800.0,5157987952000,1786516473672100352,33304,19207,2.0,1.001275658607483,902.967041015625,5515
2026-08-12T15:34:33.933,927,unlabeled,0.2,2,1.688516999820422,4.134016000534757,92.7219769992007,0.987514999906125,99.5811530001447,10.042060870680489,127.758958,70.601,65.9,207.3,276.26953125,1800.0,5158121161000,1786516473805309440,33304,19207,2.0,1.001275658607483,900.90771484375,5517
2026-08-12T15:34:34.035,928,unlabeled,0.2,1,1.7134050003733137,3.252517999499105,88.63292400019418,0.7352799993896042,94.36479299984057,10.597172612901185,129.967611,69.627,55.0,225.1,276.26953125,1800.0,5158221081000,1786516473905229568,33304,19207,2.0,1.001275658607483,896.3546752929688,5520
2026-08-12T15:34:34.151,929,unlabeled,0.2,1,1.7440149995309184,7.829856999705953,89.68616300080612,0.7329089994527749,100.03073999996559,9.996926944660652,145.95449,69.627,65.2,207.1,276.26953125,1800.0,5158320987000,1786516474005135360,33304,19207,2.0,1.001275658607483,892.263427734375,5522
2026-08-12T15:34:34.253,930,unlabeled,0.2,1,1.6232959997068974,3.322960999867064,88.86731100028555,0.745907999771589,94.59095700003672,10.571835106812713,115.355281,70.601,53.7,214.2,276.26953125,1800.0,5158454203000,1786516474138351360,33304,19207,2.0,1.001275658607483,887.5591430664062,5524
2026-08-12T15:34:34.365,931,unlabeled,0.2,1,1.7472929994255537,4.147775000092224,92.1577540002545,0.7313169999179081,98.82784100045683,10.118606152646576,127.148264,70.601,68.2,215.0,276.26953125,1800.0,5158554115000,1786516474238263552,33304,19207,2.0,1.001275658607483,885.2199096679688,5524
2026-08-12T15:34:34.469,932,unlabeled,0.2,1,1.7450710001867265,3.3699039995553903,88.37689600022713,0.5356359997676918,94.05989500010037,10.631523669029535,131.005111,70.114,52.5,212.0,276.2734375,1800.0,5158654027000,1786516474338175488,33304,19207,2.0,1.001275658607483,882.0816650390625,5524
2026-08-12T15:34:34.583,933,unlabeled,0.2,2,1.7143499999292544,3.3456829996794113,93.53638799984765,0.9480339995207032,99.57630600001721,10.04254968044132,145.759962,69.627,64.4,209.2,276.2734375,1800.0,5158753940000,1786516474438088448,33304,19207,2.0,1.001275658607483,879.9651489257812,5524
2026-08-12T15:34:34.687,934,unlabeled,0.2,2,1.9612140004028333,3.5201229993617744,88.76746100031596,0.9708110001156456,95.25199699965015,10.49846755447734,149.123444,70.114,54.8,222.7,276.2734375,1800.0,5158853853000,1786516474538001408,33304,19207,2.0,1.001275658607483,878.4722290039062,5522
2026-08-12T15:34:34.803,935,unlabeled,0.2,1,1.9414369999140035,4.014519000520522,91.70783799982019,0.9528299997327849,98.6478269996951,10.137070733479925,132.294532,71.088,65.2,214.8,276.2734375,1800.0,5158987072000,1786516474671220480,33304,19207,2.0,1.001275658607483,878.68408203125,5521
2026-08-12T15:34:34.910,936,unlabeled,0.2,2,1.7481640006735688,3.3694599997033947,91.74454100048024,0.9521080000922666,97.84403100002237,10.220347524314196,139.274327,71.088,61.0,205.9,276.2734375,1800.0,5159086981000,1786516474771129600,33304,19207,2.0,1.001275658607483,876.5907592773438,5520
2026-08-12T15:34:35.014,937,unlabeled,0.2,1,1.7243499996766332,3.400069999770494,88.53367099982279,0.503877000483044,94.19331800017972,10.616464322852414,143.920286,71.575,53.7,210.4,276.2734375,1800.0,5159186893000,1786516474871041536,33304,19207,2.0,1.001275658607483,876.9512329101562,5517
2026-08-12T15:34:35.129,938,unlabeled,0.2,1,1.718923999760591,6.447925999964355,90.36339100020996,1.1616960000537802,99.73610300039581,10.02645952585526,159.015944,69.627,67.3,217.4,276.2734375,1800.0,5159286807000,1786516474970955520,33304,19207,2.0,1.001275658607483,876.7963256835938,5515
2026-08-12T15:34:35.232,939,unlabeled,0.2,2,1.7152199998236028,3.363812000316102,88.77152000059141,0.994606999483949,94.87506599998596,10.540177120932363,128.459424,70.114,54.8,214.3,276.2734375,1800.0,5159420023000,1786516475104171520,33304,19398,2.0,1.0004260540008545,878.4617309570312,5512
2026-08-12T15:34:35.348,940,unlabeled,0.2,1,1.7702750001262757,3.614250999817159,93.77277600015077,0.5126549995111418,99.69967800043378,10.030122664946312,143.967416,71.088,65.1,216.5,276.27734375,1800.0,5159519935000,1786516475204083456,33304,19398,2.0,1.0004260540008545,878.1416015625,5509
2026-08-12T15:34:35.451,941,unlabeled,0.2,1,1.8576799993752502,3.8567270003113663,88.63680200011004,0.9536630004731705,95.33685200040054,10.489123345459305,147.134106,70.114,54.8,213.5,276.27734375,1800.0,5159619849000,1786516475303997440,33304,19398,2.0,1.0004260540008545,873.1511840820312,5507
2026-08-12T15:34:35.566,942,unlabeled,0.2,1,1.721886999803246,7.024634999652335,89.60516899969662,0.9485530008532805,99.33481499956542,10.066963934088717,129.580177,70.601,66.7,207.5,276.27734375,1800.0,5159753065000,1786516475437213440,33304,19398,2.0,1.0004260540008545,877.44921875,5505
2026-08-12T15:34:35.670,943,unlabeled,0.2,2,1.736127000185661,3.2577219999438967,89.48043000054895,1.2011950002488447,95.70476899989444,10.448800101080678,133.106944,70.114,52.5,222.3,276.28125,1800.0,5159852977000,1786516475537125376,33304,19398,2.0,1.0004260540008545,878.8702392578125,5503
2026-08-12T15:34:35.794,944,unlabeled,0.2,1,2.3468540002795635,4.2058669996549725,95.82408099959139,1.1583799996515154,103.569960000641,9.655309319360661,157.375165,70.601,61.7,201.3,276.28125,1800.0,5159952889000,1786516475637037568,33304,19398,2.0,1.0004260540008545,878.5361938476562,5501
2026-08-12T15:34:35.896,945,unlabeled,0.2,1,1.7500710000604158,3.329127000142762,88.87918500022352,0.5049330002293573,94.49494499949651,10.582576665929889,126.477103,70.601,53.7,215.0,276.28125,1800.0,5160086104000,1786516475770252544,33304,19398,2.0,1.0004260540008545,884.6673583984375,5500
2026-08-12T15:34:36.014,946,unlabeled,0.2,2,1.7194239999298588,3.3717749993229518,96.15074100020138,0.9584600002199295,102.22949000035442,9.781913222853143,144.428188,70.601,61.4,203.6,276.28125,1800.0,5160186016000,1786516475870164480,33304,19398,2.0,1.0004260540008545,897.7599487304688,5498
2026-08-12T15:34:36.118,947,unlabeled,0.2,1,2.55109000045195,3.5891400002583396,89.04201900077169,0.7749820006210939,95.98989700043603,10.417763027659646,148.824453,70.114,55.8,220.3,276.28125,1800.0,5160285929000,1786516475970077440,33304,19398,2.0,1.0004260540008545,897.85546875,5496
2026-08-12T15:34:36.231,948,unlabeled,0.2,1,1.739664000524499,3.454366000369191,94.12792100010847,0.7365390001723426,100.0945440000578,9.99055453011927,127.994876,71.088,65.1,213.7,276.28125,1800.0,5160419146000,1786516476103294464,33304,19398,2.0,1.0004260540008545,889.9650268554688,5494
2026-08-12T15:34:36.335,949,unlabeled,0.2,2,1.7342750006719143,3.251092000027711,88.74154400018597,1.156288999482058,94.91275400068844,10.535991822476742,132.624869,69.627,54.8,210.4,276.28515625,1800.0,5160519057000,1786516476203205376,33304,19398,2.0,1.0004260540008545,889.1390380859375,5492
2026-08-12T15:34:36.451,950,unlabeled,0.2,1,1.7983110001296154,6.643163000262575,90.97512300013477,1.165417999800411,100.65054899951065,9.935365578630494,148.616006,71.088,66.0,215.6,276.2890625,1800.0,5160618972000,1786516476303120384,33304,19398,2.0,1.0004260540008545,893.8047485351562,5490
2026-08-12T15:34:36.554,951,unlabeled,0.2,2,1.7183870004373603,3.3505350002087653,88.3754050000789,0.9682370000518858,94.44808099942748,10.58782761299366,117.962067,69.627,52.5,214.6,276.2890625,1800.0,5160752188000,1786516476436336384,33304,19398,2.0,1.0004260540008545,895.9784545898438,5489
2026-08-12T15:34:36.675,952,unlabeled,0.2,1,1.7403679994458798,6.894656999975268,94.30234299998119,0.9531079995213076,103.92136300015409,9.622660549578407,138.753842,71.088,67.3,199.0,276.2890625,1800.0,5160852099000,1786516476536247552,33304,19398,2.0,1.0004260540008545,892.6229858398438,5490
2026-08-12T15:34:36.777,953,unlabeled,0.2,1,1.7462380001234123,3.4416620001138654,88.69413699994766,0.7358350003414671,94.65081600046688,10.565149274519381,141.08485,71.088,55.0,224.9,276.2890625,1800.0,5160952029000,1786516476636177408,33304,19398,2.0,1.0004260540008545,891.2142333984375,5492
2026-08-12T15:34:36.889,954,unlabeled,0.2,2,1.749719000144978,4.0018339996095165,93.40821500063612,0.9723110006234492,100.1754869994329,9.982482041795924,153.848,69.627,67.4,212.1,276.29296875,1800.0,5161051926000,1786516476736074496,33304,19398,2.0,1.0004260540008545,894.427001953125,5493
2026-08-12T15:34:36.994,955,unlabeled,0.2,1,1.7232380005225423,3.3500350000394974,88.55354800016357,0.7260760003191535,94.38150799996947,10.595295849694661,125.563129,70.114,52.5,220.3,276.29296875,1800.0,5161185140000,1786516476869288448,33304,19398,2.0,1.0004260540008545,899.5081176757812,5496
2026-08-12T15:34:37.109,956,unlabeled,0.2,2,1.6991649999908987,4.414658000314375,92.49222099970211,1.1678439996103407,99.81486899960146,10.018547437095698,140.389031,71.088,65.2,209.1,276.29296875,1800.0,5161285053000,1786516476969201408,33304,19398,2.0,1.0004260540008545,896.9927978515625,5498
2026-08-12T15:34:37.212,957,unlabeled,0.2,1,1.8193850000898237,3.7228040000627516,88.39520499986975,1.2032129998260643,95.17221599980985,10.507268213676962,143.544801,71.088,53.7,213.5,276.29296875,1800.0,5161384965000,1786516477069113600,33304,19398,2.0,1.0004260540008545,892.5062255859375,5500
2026-08-12T15:34:37.328,958,unlabeled,0.2,2,1.7127750006693532,3.8885040003151516,92.69553200010705,1.4062830005059368,99.74435200001608,10.025630323407572,126.168531,70.601,68.1,215.8,276.29296875,1800.0,5161518183000,1786516477202331392,33304,19398,2.0,1.0004260540008545,893.5606689453125,5499
2026-08-12T15:34:37.430,959,unlabeled,0.2,1,1.7207390001203748,3.356498000357533,88.46060999985639,0.728261000404018,94.29843999987497,10.604629302471238,128.529306,71.088,52.6,205.4,276.29296875,1800.0,5161618094000,1786516477302242560,33304,19398,2.0,1.0004260540008545,900.3265380859375,5499
2026-08-12T15:34:37.550,960,unlabeled,0.2,1,1.7507379998278338,3.8544120006918092,96.93773100025282,0.7392239995169803,103.32903000016813,9.677822389297305,147.854573,71.088,61.7,209.6,276.29296875,1800.0,5161718006000,1786516477402154496,33304,19398,2.0,1.0004260540008545,895.9540405273438,5498
2026-08-12T15:34:37.653,961,unlabeled,0.2,2,1.7197019997183816,3.297979999842937,89.5826030000535,0.755445000322652,95.38560100008908,10.483762638336431,118.22414,70.601,56.1,212.1,276.296875,1800.0,5161851221000,1786516477535369472,33304,19398,2.0,1.0004260540008545,882.810302734375,5493
2026-08-12T15:34:37.770,962,unlabeled,0.2,1,1.7550150005263276,3.4134400002585608,91.89790199980052,0.9483109997745487,98.04626099958114,10.19926705827438,134.791701,71.088,59.1,214.9,276.296875,1800.0,5161951135000,1786516477635283456,33304,19398,2.0,1.0004260540008545,878.1248168945312,5488
2026-08-12T15:34:37.872,963,unlabeled,0.2,1,1.756237999870791,3.371664000042074,88.69591900020168,0.7735939998383401,94.62782100035838,10.567716654874815,137.264829,71.088,54.8,205.1,276.296875,1800.0,5162051048000,1786516477735196416,33304,19398,2.0,1.0004260540008545,877.5204467773438,5485
2026-08-12T15:34:37.986,964,unlabeled,0.2,1,1.7129609996118234,3.51817899991147,93.03587599970342,0.758594000217272,99.0617019997444,10.094718542213016,151.200813,69.627,65.9,210.7,276.296875,1800.0,5162150960000,1786516477835108352,33304,19398,2.0,1.0004260540008545,875.4658203125,5482
2026-08-12T15:34:38.088,965,unlabeled,0.2,2,1.7281640002693166,3.3277760003329604,88.43509599955723,0.9864220000963542,94.50703200036514,10.581223204598535,120.644825,69.627,53.7,223.1,276.30078125,1800.0,5162284176000,1786516477968324352,33304,19398,2.0,1.0004260540008545,870.498046875,5479
2026-08-12T15:34:38.204,966,unlabeled,0.2,1,1.6919239997150726,5.7445350003035855,90.92615099962131,0.9962180001821253,99.41553099997691,10.058790512321785,136.559359,69.627,63.6,216.8,276.30078125,1800.0,5162384089000,1786516478068237568,33304,19398,2.0,1.0004260540008545,866.0778198242188,5478
2026-08-12T15:34:38.307,967,unlabeled,0.2,1,1.7063309996956377,3.590528999666276,89.05195300030755,0.7320949998756987,95.11112899963337,10.514016714109816,139.423748,70.601,55.0,204.2,276.30078125,1800.0,5162484001000,1786516478168149504,33304,19398,2.0,1.0004260540008545,871.2091064453125,5478
2026-08-12T15:34:38.423,968,unlabeled,0.2,1,1.7097390000344603,7.739304999631713,90.01037599955453,0.7286679992830614,100.22484700039058,9.977565742715505,155.54725,71.575,65.2,224.0,276.30078125,1800.0,5162583915000,1786516478268063488,33304,19398,2.0,1.0004260540008545,868.93994140625,5480
2026-08-12T15:34:38.525,969,unlabeled,0.2,1,1.7461449997426826,3.314535000754404,88.66346099966904,0.5025439995733905,94.25870500035671,10.609099711227898,124.414956,71.088,53.8,205.8,276.30078125,1800.0,5162717132000,1786516478401280512,33304,19398,2.0,1.0004260540008545,868.4635620117188,5482
2026-08-12T15:34:38.641,970,unlabeled,0.2,1,1.7166650004583062,4.402047999974457,93.3062260000952,0.7361130001299898,100.20018000068376,9.980021991908359,140.203006,70.601,66.0,207.4,276.30078125,1800.0,5162817042000,1786516478501190400,33304,19398,2.0,1.0004260540008545,873.7440795898438,5485
2026-08-12T15:34:38.743,971,unlabeled,0.2,1,1.735238999572175,3.7768769998365315,88.45811399987724,0.77027800034557,94.77280400005839,10.551550210537021,142.667362,71.088,55.0,214.8,276.3046875,1800.0,5162916955000,1786516478601103360,33304,19398,2.0,1.0004260540008545,876.67041015625,5488
2026-08-12T15:34:38.859,972,unlabeled,0.2,1,1.7475719996582484,7.489532999898074,90.27807300026325,0.7354649997068918,100.2864000001864,9.971441790692868,158.851501,70.601,65.2,215.3,276.3046875,1800.0,5163016868000,1786516478701016576,33304,19398,2.0,1.0004260540008545,872.8480224609375,5491
2026-08-12T15:34:38.962,973,unlabeled,0.2,2,1.7823850002969266,3.3237389998248545,88.64996200009045,0.9468849993936601,94.73600800083659,10.555648492083066,128.041667,71.575,52.5,214.9,276.3046875,1800.0,5163150087000,1786516478834235392,33304,19398,2.0,1.0004260540008545,872.6756591796875,5495
2026-08-12T15:34:39.077,974,unlabeled,0.2,2,1.702701999420242,3.5224199991716887,93.3389880001414,1.1656209999273415,99.76250799991249,10.023805736729045,143.550124,71.575,66.7,216.6,276.3046875,1800.0,5163249996000,1786516478934144512,33304,19398,2.0,1.0004260540008545,879.3157958984375,5498
2026-08-12T15:34:39.180,975,unlabeled,0.2,1,1.8581980002636556,3.541808000591118,88.36039899961179,0.7749449996481417,94.56929499992839,10.57425668659957,146.217909,70.601,55.0,214.5,276.3046875,1800.0,5163349918000,1786516479034066432,33304,19398,2.0,1.0004260540008545,881.9041748046875,5501
2026-08-12T15:34:39.295,976,unlabeled,0.2,1,1.6911829998207395,3.500605000226642,93.24469499915722,0.7300019997273921,99.20942900043883,10.079687082924112,128.114641,72.062,66.0,208.4,276.3046875,1800.0,5163483125000,1786516479167273472,33304,19398,2.0,1.0004260540008545,882.1210327148438,5503
2026-08-12T15:34:39.397,977,unlabeled,0.2,1,1.768830000401067,3.360811999300495,88.46354399975098,0.7620189999215654,94.38809499988565,10.594556442750662,130.30557,71.088,53.8,215.5,276.3125,1800.0,5163583040000,1786516479267188480,33304,19398,2.0,1.0004260540008545,884.8934326171875,5504
2026-08-12T15:34:39.512,978,unlabeled,0.2,1,1.7208690005645622,3.7239899993437575,93.47874499962927,0.7699090001551667,99.74091700041754,10.025975598317526,145.756809,71.575,66.0,216.7,276.3125,1800.0,5163682949000,1786516479367097600,33304,19398,2.0,1.0004260540008545,892.5086059570312,5505
2026-08-12T15:34:39.615,979,unlabeled,0.2,1,1.9372339993424248,3.374701000211644,88.53539399933652,0.9413670004505548,94.81775199947151,10.546548287767608,148.419523,71.575,53.7,214.2,276.3125,1800.0,5163782861000,1786516479467009536,33304,19398,2.0,1.0004260540008545,893.4299926757812,5505
2026-08-12T15:34:39.730,980,unlabeled,0.2,1,1.7262749997826177,7.05700600065029,89.43744800035347,0.7293349999599741,98.98610100026417,10.102428420706572,130.19331,70.114,65.9,209.0,276.3125,1800.0,5163916078000,1786516479600226560,33304,19398,2.0,1.0004260540008545,889.8914184570312,5503
2026-08-12T15:34:39.832,981,unlabeled,0.2,1,1.7074059996957658,3.3337400000164052,88.37560199935979,0.9863670002232539,94.4349269993836,10.589302409335554,132.48638,71.575,55.8,215.2,276.3125,1800.0,5164015994000,1786516479700142592,33304,19398,2.0,1.0004260540008545,893.3316040039062,5502
2026-08-12T15:34:39.946,982,unlabeled,0.2,1,1.746016000652162,3.4770319998642663,93.17619699959323,1.161715000307595,99.59386499940592,10.040779118331887,146.890006,70.601,63.6,210.0,276.31640625,1800.0,5164115907000,1786516479800055552,33304,19398,2.0,1.0004260540008545,891.6004638671875,5502
2026-08-12T15:34:40.049,983,unlabeled,0.2,1,1.6164820008270908,3.355591000399727,88.42175100016902,0.770945000112988,94.19678600079351,10.616073461270494,115.972755,70.601,54.8,215.0,276.31640625,1800.0,5164249120000,1786516479933268480,33304,19398,2.0,1.0004260540008545,889.7007446289062,5502
2026-08-12T15:34:40.163,984,unlabeled,0.2,2,1.7139800002041738,3.378422999958275,93.20856999966054,0.9507000004305155,99.28382099951705,10.072134512277326,130.438551,71.575,64.3,209.8,276.31640625,1800.0,5164349033000,1786516480033181440,33304,19398,2.0,1.0004260540008545,886.4744873046875,5501
2026-08-12T15:34:40.266,985,unlabeled,0.2,1,1.7470530001446605,3.3452580000812304,88.6864140002217,0.7316869996429887,94.54291099973489,10.577207634349277,132.959299,70.601,53.7,214.8,276.31640625,1800.0,5164448947000,1786516480133095424,33304,19398,2.0,1.0004260540008545,883.00732421875,5501
2026-08-12T15:34:40.380,986,unlabeled,0.2,1,1.753200999701221,3.5106049999740208,93.47895300015807,0.9976070004995563,99.77195800001937,10.0228563220119,147.565914,70.601,67.4,218.3,276.31640625,1800.0,5164548856000,1786516480233004544,33304,19398,2.0,1.0004260540008545,884.574462890625,5499
2026-08-12T15:34:40.482,987,unlabeled,0.2,1,1.924734000567696,3.3861269994304166,88.2702929993684,0.5192849994273274,94.1320120000455,10.623378580280601,149.828191,71.088,53.8,215.3,276.31640625,1800.0,5164648769000,1786516480332917504,33304,19398,2.0,1.0004260540008545,885.7894897460938,5497
2026-08-12T15:34:40.598,988,unlabeled,0.2,1,1.733496999804629,7.039451000309782,89.95012600007612,0.7698720000917092,99.55048200026795,10.045154778831794,132.042863,72.062,65.2,208.0,276.3203125,1800.0,5164781986000,1786516480466134528,33304,19398,2.0,1.0004260540008545,881.8768920898438,5496
2026-08-12T15:34:40.700,989,unlabeled,0.2,1,1.7234240003745072,3.4108489999198355,88.70056100022339,0.9967360001610359,94.86356999968848,10.5414544276932,134.726868,71.575,56.1,214.4,276.3203125,1800.0,5164881903000,1786516480566051584,33304,19398,2.0,1.0004260540008545,876.4212646484375,5496
2026-08-12T15:34:40.816,990,unlabeled,0.2,1,1.686110000264307,3.3678859999781707,93.63137499985896,1.0017920003519976,99.71881100045721,10.028198190163089,150.294117,70.114,64.4,216.4,276.3203125,1800.0,5164981810000,1786516480665958400,33304,19398,2.0,1.0004260540008545,874.6419067382812,5496
2026-08-12T15:34:40.919,991,unlabeled,0.2,1,1.7193679996125866,3.3021660001395503,88.42921599989495,1.2046769998050877,94.68731500055583,10.561076739731503,119.888853,70.114,53.7,212.7,276.3203125,1800.0,5165115027000,1786516480799175424,33304,19398,2.0,1.0004260540008545,870.6995849609375,5496
2026-08-12T15:34:41.034,992,unlabeled,0.2,1,1.7473120005888632,6.264247000217438,90.7634049999615,0.7458530008079833,99.58048200041958,10.04212853675268,135.795798,72.062,65.2,208.5,276.3203125,1800.0,5165214941000,1786516480899089408,33304,19398,2.0,1.0004260540008545,872.27978515625,5494
2026-08-12T15:34:41.137,993,unlabeled,0.2,1,1.7425529995307443,3.369850000126462,89.04413200070849,0.7343349998336635,94.92148000026646,10.535023263408798,138.543472,70.601,53.8,214.3,276.3203125,1800.0,5165314852000,1786516480999000576,33304,19398,2.0,1.0004260540008545,873.00390625,5493
2026-08-12T15:34:41.252,994,unlabeled,0.2,2,1.6719069999453495,3.225389999897743,93.9103000000614,1.258952999705798,100.09951099982572,9.990058792612293,153.564632,70.601,65.2,216.2,276.32421875,1800.0,5165414765000,1786516481098913536,33304,19398,2.0,1.0004260540008545,867.9271850585938,5492
2026-08-12T15:34:41.356,995,unlabeled,0.2,1,1.769589000105043,3.511161999995238,89.24164500058396,0.807630000053905,95.36430400021345,10.486103898978403,124.404874,72.549,55.0,212.8,276.32421875,1800.0,5165547980000,1786516481232128512,33304,19398,2.0,1.0004260540008545,871.148193359375,5494
2026-08-12T15:34:41.471,996,unlabeled,0.2,1,1.778422999450413,4.749040000206151,95.21173299981456,0.7424280001941952,102.53627099973528,9.752646456224078,139.819758,70.114,65.2,208.0,276.32421875,1800.0,5165647891000,1786516481332039424,33304,19398,2.0,1.0004260540008545,877.8302001953125,5495
2026-08-12T15:34:41.576,997,unlabeled,0.2,2,1.9554740001694881,3.3950339993680245,88.61886399972718,0.9894960003293818,94.98820099997829,10.52762332029247,144.846472,72.062,54.5,219.3,276.32421875,1800.0,5165747805000,1786516481431953408,33304,19398,2.0,1.0004260540008545,881.2867431640625,5496
2026-08-12T15:34:41.694,998,unlabeled,0.2,1,1.7177939998873626,3.492957999696955,95.99658500064834,0.9475339993514353,102.18814899963036,9.785870570995638,129.766834,70.601,62.2,194.7,276.32421875,1800.0,5165881021000,1786516481565169408,33304,19398,2.0,1.0004260540008545,882.652099609375,5498
2026-08-12T15:34:41.797,999,unlabeled,0.2,1,1.7390350003552157,3.3223509999515954,88.57414300018718,0.9449409999433556,94.61263499997585,10.569412848508607,132.350608,70.601,53.7,224.3,276.32421875,1800.0,5165980934000,1786516481665082368,33304,19398,2.0,1.0004260540008545,881.5541381835938,5499
2026-08-12T15:34:41.912,1000,unlabeled,0.2,1,1.7836260003605275,3.3217580003110925,94.44169500056887,0.9838480000325944,100.55996299979597,9.944315512546767,147.738153,71.088,64.4,208.1,276.328125,1800.0,5166080853000,1786516481765001472,33304,19398,2.0,1.0004260540008545,883.0708618164062,5500
2026-08-12T15:34:42.015,1001,unlabeled,0.2,1,2.2334859995680745,3.3124620003945893,88.6899920005817,0.7464090003850288,95.0129980001293,10.524875764878391,150.756952,70.601,54.8,213.6,276.33203125,1800.0,5166180757000,1786516481864905472,33304,19398,2.0,1.0004260540008545,882.9542236328125,5500
2026-08-12T15:34:42.131,1002,unlabeled,0.2,1,1.7866630005300976,3.4119970005122013,94.43536600065272,0.7322990004468011,100.39728700030537,9.960428512345741,133.128472,71.088,64.4,216.3,276.33203125,1800.0,5166313976000,1786516481998124544,33304,19398,2.0,1.0004260540008545,889.2081298828125,5501
2026-08-12T15:34:42.234,1003,unlabeled,0.2,1,1.7613669997444958,3.2883700005186256,88.83808500013401,1.172232000499207,95.09172100024443,10.516162600500516,136.015034,71.575,53.7,214.2,276.3359375,1800.0,5166413887000,1786516482098035456,33304,19398,2.0,1.0004260540008545,895.0606079101562,5501
2026-08-12T15:34:42.351,1004,unlabeled,0.2,1,1.8598649994601146,4.097703999832447,95.06213000076968,0.7778720000715111,101.83762399992702,9.819553527689498,153.045413,71.575,66.7,212.4,276.3359375,1800.0,5166513800000,1786516482197948416,33304,19398,2.0,1.0004260540008545,893.4995727539062,5503
2026-08-12T15:34:42.454,1005,unlabeled,0.2,2,1.7958860007638577,3.553881999323494,88.92384200044035,0.939718999688921,95.24675500051671,10.499045347997157,123.651646,70.114,53.7,213.5,276.3359375,1800.0,5166647015000,1786516482331163392,33304,19398,2.0,1.0004260540008545,895.2910766601562,5505
2026-08-12T15:34:42.571,1006,unlabeled,0.2,1,1.7114049996962422,6.995916000050784,92.36887600036425,0.9484970005360083,102.0595449999746,9.798201628277383,140.747259,71.088,64.6,213.6,276.3359375,1800.0,5166746929000,1786516482431077376,33304,19398,2.0,1.0004260540008545,898.667236328125,5506
2026-08-12T15:34:42.676,1007,unlabeled,0.2,1,1.7726079995554755,4.048001000228396,89.76260200051911,0.9548489997541765,96.57670600063284,10.354463735731962,145.094878,71.088,53.7,211.0,276.3359375,1800.0,5166846841000,1786516482530989568,33304,19398,2.0,1.0004260540008545,900.0009155273438,5507
2026-08-12T15:34:42.798,1008,unlabeled,0.2,1,2.122933999999077,6.175638000058825,93.49710999958916,0.9499779998805025,102.77965899967967,9.729551642150483,134.383808,70.601,63.3,204.1,276.3359375,1800.0,5166980058000,1786516482664206592,33304,19398,2.0,1.0004260540008545,899.5363159179688,5509
2026-08-12T15:34:42.901,1009,unlabeled,0.2,2,1.741516999572923,3.3098139992944198,88.91321299961419,1.1537520003912505,95.14772100010305,10.509973223624735,137.337899,71.088,54.8,213.8,276.3359375,1800.0,5167079970000,1786516482764118528,33304,19398,2.0,1.0004260540008545,898.4754638671875,5509
2026-08-12T15:34:43.018,1010,unlabeled,0.2,2,1.6676850000294507,7.774102000439598,91.28003099976922,1.0102179994646576,101.77079300046898,9.826001847066198,154.266448,70.114,63.6,213.8,276.33984375,1800.0,5167179883000,1786516482864031488,33304,19398,2.0,1.0004260540008545,900.8375244140625,5513
2026-08-12T15:34:43.121,1011,unlabeled,0.2,1,1.712757999484893,3.5237349993622047,88.88755199950538,0.9733120004966622,95.12822499982576,10.51212718414363,124.25157,71.088,52.5,213.4,276.34375,1800.0,5167313098000,1786516482997246464,33304,19398,2.0,1.0004260540008545,903.3514404296875,5517
2026-08-12T15:34:43.236,1012,unlabeled,0.2,2,1.7335540005660732,6.846715999927255,91.11616799964395,0.9972730003937613,100.72730299998511,9.927794850221968,139.686737,71.088,66.0,208.0,276.34375,1800.0,5167413010000,1786516483097158400,33304,19398,2.0,1.0004260540008545,901.094482421875,5520
2026-08-12T15:34:43.340,1013,unlabeled,0.2,1,1.8126819995814003,3.9304669999182806,89.2345429992929,0.7794830007696874,95.79185799975676,10.43930059277626,143.486494,70.601,53.7,221.8,276.34375,1800.0,5167512923000,1786516483197071360,33304,19398,2.0,1.0004260540008545,898.244384765625,5520
2026-08-12T15:34:43.460,1014,unlabeled,0.2,3,1.7245160006496008,4.903277999801503,95.6154739997146,1.2741009995806962,103.55723900011071,9.656495380288488,130.449969,71.088,63.0,208.1,276.34375,1800.0,5167646139000,1786516483330287360,33304,19398,2.0,1.0004260540008545,901.1693115234375,5521
2026-08-12T15:34:43.563,1015,unlabeled,0.2,1,1.7139990004579886,3.2948329999271664,88.68103700024221,0.7283349996214383,94.44877800069662,10.587749478268785,133.04051,71.088,53.7,204.7,276.34375,1800.0,5167746053000,1786516483430201600,33304,19398,2.0,1.0004260540008545,897.16650390625,5521
2026-08-12T15:34:43.680,1016,unlabeled,0.2,1,1.736387000164541,7.868951999626006,92.434823000076,0.779611999860208,102.8567169996677,9.722262475120907,150.718565,71.088,66.7,212.6,276.34375,1800.0,5167845966000,1786516483530114560,33304,19398,2.0,1.0004260540008545,891.9308471679688,5517
2026-08-12T15:34:43.783,1017,unlabeled,0.2,1,1.7273129997192882,4.0484640003342065,88.55683599995245,0.7134099996619625,95.07607900013682,10.51789272881732,120.569722,69.627,52.5,212.6,276.34765625,1800.0,5167979182000,1786516483663330560,33304,19398,2.0,1.0004260540008545,885.5669555664062,5512
2026-08-12T15:34:43.902,1018,unlabeled,0.2,2,1.7626270000619115,6.6401100002622115,93.90693699970143,0.9443130002182443,103.28417100026854,9.682025719094941,139.092159,70.114,63.0,203.5,276.34765625,1800.0,5168079099000,1786516483763247360,33304,19398,2.0,1.0004260540008545,881.0538330078125,5509
2026-08-12T15:34:44.005,1019,unlabeled,0.2,2,1.6986840000754455,3.542549000485451,88.52244799982145,1.1845469998661429,94.98080199955439,10.528443421700015,142.118945,71.088,53.7,213.7,276.34765625,1800.0,5168179007000,1786516483863155456,33304,19398,2.0,1.0004260540008545,879.8555297851562,5503
2026-08-12T15:34:44.126,1020,unlabeled,0.2,2,1.6939429997364641,6.269192000218027,96.94780000063474,0.9391450003022328,105.9156349992918,9.441476699891252,163.227304,70.114,59.1,206.6,276.34765625,1800.0,5168278919000,1786516483963067392,33304,19398,2.0,1.0004260540008545,876.629638671875,5498
2026-08-12T15:34:44.228,1021,unlabeled,0.2,2,1.6976279994196375,3.2741490003900253,88.47275000061927,0.9786079999685171,94.45374500046455,10.587192704694575,132.509196,71.088,53.7,214.6,276.34765625,1800.0,5168412136000,1786516484096284416,33304,19398,2.0,1.0004260540008545,872.9039916992188,5493
2026-08-12T15:34:44.347,1022,unlabeled,0.2,1,1.7552190001879353,6.671256999652542,94.98500999961834,0.768982999943546,104.21476499959681,9.595569303484673,151.55991,71.088,66.0,210.0,276.3515625,1800.0,5168512049000,1786516484196197376,33304,19398,2.0,1.0004260540008545,869.7848510742188,5489
2026-08-12T15:34:44.450,1023,unlabeled,0.2,1,1.7428869996365393,3.407978000723233,88.50374899975577,0.7121139997252612,94.39781999935803,10.593464976275943,120.792679,71.088,52.5,204.1,276.3515625,1800.0,5168645265000,1786516484329413376,33304,19398,2.0,1.0004260540008545,864.9157104492188,5486
2026-08-12T15:34:44.563,1024,unlabeled,0.2,2,1.7317759993602522,3.2770190000519506,94.70773900011409,0.9503669998593978,100.6963830004679,9.93084329548712,134.398533,71.088,64.4,212.3,276.3515625,1800.0,5168745185000,1786516484429333504,33304,19398,2.0,1.0004260540008545,865.301025390625,5483
2026-08-12T15:34:44.670,1025,unlabeled,0.2,1,1.7168309996122844,3.8438949995907024,90.28222699998878,0.511044000631955,96.38992300006066,10.374528466003346,140.871332,71.088,54.8,216.4,276.3515625,1800.0,5168845091000,1786516484529239552,33304,19398,2.0,1.0004260540008545,870.4581909179688,5484
2026-08-12T15:34:44.789,1026,unlabeled,0.2,1,3.298425999673782,4.724431000795448,89.70244500051194,0.727298999663617,98.48556100041606,10.153772693600999,126.859401,70.601,64.6,209.7,276.3515625,1800.0,5168978305000,1786516484662453504,33304,19398,2.0,1.0004260540008545,877.0237426757812,5484
2026-08-12T15:34:44.891,1027,unlabeled,0.2,2,1.7199429994434468,3.2687959992472315,88.45110199945339,0.968533000559546,94.43789400029345,10.58896972010931,128.978417,70.601,55.0,225.3,276.35546875,1800.0,5169078219000,1786516484762367488,33304,19398,2.0,1.0004260540008545,874.3521118164062,5485
2026-08-12T15:34:45.007,1028,unlabeled,0.2,2,1.7545529999551945,7.72499200047605,89.87442199941142,0.9466819992667297,100.35448300004646,9.96467691432915,145.333352,70.601,65.2,206.3,276.35546875,1800.0,5169178130000,1786516484862278400,33304,19398,2.0,1.0004260540008545,876.2646484375,5485
2026-08-12T15:34:45.110,1029,unlabeled,0.2,1,1.9962699998359312,3.4024430005956674,88.51240100011637,0.7291319998330437,94.67165199930605,10.562824022626437,148.133558,71.088,52.5,214.2,276.35546875,1800.0,5169278048000,1786516484962196480,33304,19398,2.0,1.0004260540008545,880.5286865234375,5486
2026-08-12T15:34:45.225,1030,unlabeled,0.2,1,1.7214050003531156,6.084030000238272,90.65551999992749,0.9425710004506982,99.47732199998427,10.052542427711897,130.458133,70.601,63.6,207.9,276.359375,1800.0,5169411260000,1786516485095408384,33304,19398,2.0,1.0004260540008545,884.4259033203125,5486
2026-08-12T15:34:45.327,1031,unlabeled,0.2,1,1.7101289995480329,3.3550360003573587,88.57454799999687,0.7318540001506335,94.402749999972,10.592911753103554,132.573007,71.088,53.7,215.5,276.359375,1800.0,5169511171000,1786516485195319552,33304,19398,2.0,1.0004260540008545,883.8963012695312,5486
2026-08-12T15:34:45.445,1032,unlabeled,0.2,1,1.8047369994746987,8.190001999537344,90.5897990005542,0.9999399999287562,101.62071800004924,9.840513033961397,149.839001,70.601,66.7,213.5,276.359375,1800.0,5169611088000,1786516485295236352,33304,19398,2.0,1.0004260540008545,886.0042724609375,5487
2026-08-12T15:34:45.547,1033,unlabeled,0.2,2,1.7074610004783608,3.255538000303204,88.44021700042504,1.0087919999932637,94.44269399955374,10.588431541403565,118.95213,71.088,56.1,222.7,276.36328125,1800.0,5169744301000,1786516485428449536,33304,19398,2.0,1.0004260540008545,893.3634033203125,5487
2026-08-12T15:34:45.664,1034,unlabeled,0.2,1,1.7437569995308877,3.434051999647636,95.71653500006505,0.7648159999007476,101.69391999988875,9.833429569841481,136.491075,71.088,67.4,206.0,276.36328125,1800.0,5169844213000,1786516485528361472,33304,19398,2.0,1.0004260540008545,896.2291870117188,5484
2026-08-12T15:34:45.767,1035,unlabeled,0.2,1,1.7146469999715919,3.4966990006068954,89.34554900042713,0.5077289997643675,95.09397500005434,10.515913337300587,139.281129,70.601,53.7,214.1,276.36328125,1800.0,5169944144000,1786516485628292352,33304,19398,2.0,1.0004260540008545,900.0484619140625,5482
2026-08-12T15:34:45.883,1036,unlabeled,0.2,1,1.6969440002867486,7.376020000265271,89.87653700023657,0.7127430008040392,99.6943359996294,10.030660116977131,154.860297,72.062,65.2,207.9,276.36328125,1800.0,5170044038000,1786516485728186368,33304,19398,2.0,1.0004260540008545,909.4656982421875,5481
2026-08-12T15:34:45.985,1037,unlabeled,0.2,1,1.7350540001643822,3.3331659997202223,88.53077100047813,0.7210399999166839,94.35001100064255,10.598832892485722,123.701042,71.575,54.8,225.3,276.36328125,1800.0,5170177254000,1786516485861402368,33304,19207,2.0,1.0004693269729614,919.57763671875,5483
2026-08-12T15:34:46.100,1038,unlabeled,0.2,2,1.7149989998870296,4.220942000756622,92.7756800001589,1.2019739997413126,99.95427800004109,10.004574291453428,139.531774,72.062,64.4,207.4,276.36328125,1800.0,5170277166000,1786516485961314560,33304,19017,2.0,1.0005375146865845,917.4156494140625,5485
2026-08-12T15:34:46.203,1039,unlabeled,0.2,2,1.7044980004357058,3.6953059998268145,88.51245999994717,0.7249840000440599,94.66841500034207,10.563185197474645,142.095079,70.114,55.0,214.6,276.3671875,1800.0,5170377084000,1786516486061232384,33304,19017,2.0,1.0005375146865845,913.7984619140625,5487
2026-08-12T15:34:46.320,1040,unlabeled,0.2,2,1.7379979999532225,7.472646999303834,90.9488319994125,0.9855340003923629,101.18034299921419,9.883342656861387,159.378028,71.088,64.4,204.8,276.3671875,1800.0,5170476991000,1786516486161139456,33304,19017,2.0,1.0005375146865845,914.2512817382812,5491
2026-08-12T15:34:46.423,1041,unlabeled,0.2,2,1.7132029997810605,3.3423689992559957,88.54512700054329,1.1515300002429285,94.78348700031347,10.5503609504965,128.803754,71.575,53.8,224.0,276.3671875,1800.0,5170610209000,1786516486294357504,33304,19017,2.0,1.0005375146865845,915.9962768554688,5495
2026-08-12T15:34:46.539,1042,unlabeled,0.2,2,1.752053999553027,7.0696929997211555,90.58508100042673,0.9443680000913446,100.41498999999021,9.958672504972588,145.189611,70.601,66.0,206.3,276.3671875,1800.0,5170710119000,1786516486394267392,33304,19017,2.0,1.0005375146865845,909.3800048828125,5499
2026-08-12T15:34:46.643,1043,unlabeled,0.2,2,2.0415099997990183,3.433904999837978,89.73167400017701,0.7725759996901616,96.01627399933932,10.414901124020714,149.270297,69.627,54.8,221.1,276.3671875,1800.0,5170810033000,1786516486494181376,33304,19017,2.0,1.0005375146865845,907.34228515625,5501
2026-08-12T15:34:46.755,1044,unlabeled,0.2,2,1.746515999911935,3.3751089995348593,89.02191299966944,0.9832189998633112,95.15958900010446,10.508662453333024,127.665242,71.575,57.1,206.2,276.37109375,1800.0,5170943252000,1786516486627400448,33304,19017,2.0,1.0005375146865845,903.3135375976562,5503
2026-08-12T15:34:46.857,1045,unlabeled,0.2,2,1.724849999845901,3.265444999669853,88.38114799982577,0.9447200000067824,94.34414400038804,10.5994920044628,129.976533,71.088,56.1,205.4,276.37109375,1800.0,5171043164000,1786516486727312384,33304,19017,2.0,1.0005375146865845,903.7947998046875,5504
2026-08-12T15:34:46.972,1046,unlabeled,0.2,3,1.72138800007815,3.906190000634524,92.72045900070225,1.4100050002525677,99.8056890002772,10.019468930245274,145.567763,72.062,64.6,216.4,276.37109375,1800.0,5171143074000,1786516486827222528,33304,19017,2.0,1.0005375146865845,900.4332275390625,5504
2026-08-12T15:34:47.075,1047,unlabeled,0.2,2,1.6141490004883963,3.281536999566015,88.34152399958839,0.940461000027426,94.2076690007525,10.614847077810749,114.903674,72.549,55.0,224.0,276.375,1800.0,5171276293000,1786516486960441600,33304,19017,2.0,1.0005375146865845,898.0919799804688,5504
2026-08-12T15:34:47.190,1048,unlabeled,0.2,2,1.732443000037165,6.903512999997474,89.64260700031446,0.7321690000026138,99.04043299957266,10.09688638986781,130.11847,70.601,66.0,208.7,276.375,1800.0,5171376203000,1786516487060351488,33304,19017,2.0,1.0005375146865845,895.2896728515625,5504
2026-08-12T15:34:47.293,1049,unlabeled,0.2,2,1.7333129999315133,3.3454260001235525,88.67083099994488,0.9520150006210315,94.7335849996307,10.555918473938238,133.013766,72.062,52.5,214.0,276.375,1800.0,5171476116000,1786516487160264448,33304,19017,2.0,1.0005375146865845,892.1306762695312,5506
2026-08-12T15:34:47.409,1050,unlabeled,0.2,2,1.7313130001639365,4.732764000436873,92.82962700035569,0.7496309999623918,100.09872399950837,9.990137336864668,148.95648,71.575,68.1,215.7,276.375,1800.0,5171576028000,1786516487260176384,33304,19017,2.0,1.0005375146865845,887.64453125,5509
2026-08-12T15:34:47.511,1051,unlabeled,0.2,2,1.6992219998428482,3.288111000074423,88.44252200015035,0.754465000682103,94.21466999992845,10.614058298996955,118.35774,72.062,53.7,213.6,276.375,1800.0,5171709244000,1786516487393392384,33304,19017,2.0,1.0005375146865845,884.3295288085938,5512
2026-08-12T15:34:47.628,1052,unlabeled,0.2,2,1.7287760001636343,4.012761999547365,92.4840799998492,1.6524820002814522,99.9203210003543,10.007974253770202,135.058064,71.575,64.4,206.6,276.375,1800.0,5171809157000,1786516487493305600,33304,19176,2.0,1.0012753009796143,887.3576049804688,5513
2026-08-12T15:34:47.734,1053,unlabeled,0.2,2,1.7204619998665294,4.586841000673303,90.59891899960348,1.1541780004336033,98.09156499977689,10.194556484059301,141.140609,71.088,55.0,217.0,276.375,1800.0,5171909069000,1786516487593217536,33304,19176,2.0,1.0012753009796143,890.2056274414062,5514
2026-08-12T15:34:47.850,1054,unlabeled,0.2,2,1.733332000185328,7.740363999801048,89.61677399929613,1.405783000336669,100.53647299992008,9.94663896753962,157.414643,72.062,65.2,215.2,276.37890625,1800.0,5172008982000,1786516487693130496,33304,19176,2.0,1.0012753009796143,883.9512329101562,5514
2026-08-12T15:34:47.952,1055,unlabeled,0.2,2,1.707628000076511,3.3577770000192686,88.51377999963006,0.7572609993076185,94.36825900047552,10.59678339509221,126.493757,71.088,52.5,215.1,276.37890625,1800.0,5172142199000,1786516487826347520,33304,19176,2.0,1.0012753009796143,877.3583374023438,5516
2026-08-12T15:34:48.068,1056,unlabeled,0.2,2,1.7141289999926812,4.443159999937052,92.94086899990361,0.9969410002668155,100.13841100044374,9.986178031081089,142.445899,71.088,64.4,207.1,276.37890625,1800.0,5172242111000,1786516487926259456,33304,19176,2.0,1.0012753009796143,878.5536499023438,5518
2026-08-12T15:34:48.171,1057,unlabeled,0.2,2,1.9054210006288486,3.5116619992550113,88.52419100003317,0.7352610000452842,94.70660900024086,10.55892519599616,145.159254,71.088,56.1,214.3,276.37890625,1800.0,5172342025000,1786516488026173440,33304,19176,2.0,1.0012753009796143,881.9255981445312,5519
2026-08-12T15:34:48.287,1058,unlabeled,0.2,2,1.7453679993195692,5.360768999707943,92.88851900055306,0.9456819998376886,100.98057899995183,9.902894298125158,161.150283,71.088,66.7,224.3,276.37890625,1800.0,5172441935000,1786516488126083584,33304,19176,2.0,1.0012753009796143,880.4901123046875,5520
2026-08-12T15:34:48.389,1059,unlabeled,0.2,2,1.7674239998086705,3.378757999598747,88.61891099968489,0.7327989997065743,94.52990899990255,10.578662463337725,130.483739,71.575,54.8,204.9,276.37890625,1800.0,5172575153000,1786516488259301376,33304,19176,2.0,1.0012753009796143,873.9909057617188,5519
2026-08-12T15:34:48.506,1060,unlabeled,0.2,3,1.7067579992726678,6.8809760005024145,91.00000499984162,1.2001770001006662,100.86367500025517,9.91437204719608,147.234263,71.088,66.0,214.3,276.3828125,1800.0,5172675064000,1786516488359212544,33304,19176,2.0,1.0012753009796143,876.464599609375,5518
2026-08-12T15:34:48.609,1061,unlabeled,0.2,2,1.9672339994940558,3.4818109998013824,88.56018999995285,1.1685849995046738,95.208337999793,10.503281760912307,150.672342,70.601,52.5,212.7,276.3828125,1800.0,5172774978000,1786516488459126528,33304,19176,2.0,1.0012753009796143,880.4315795898438,5517
2026-08-12T15:34:48.725,1062,unlabeled,0.2,2,1.7374990002281265,7.131174000278406,89.5221130003847,0.7358169996223296,99.15960199941765,10.084752054630805,133.045749,71.575,68.1,216.4,276.3828125,1800.0,5172908193000,1786516488592341504,33304,19176,2.0,1.0012753009796143,878.54931640625,5514
2026-08-12T15:34:48.828,1063,unlabeled,0.2,3,1.7187950006700703,3.247667999858095,88.55957899959321,1.399523999680241,94.9564909997207,10.531138940285203,135.95192,70.601,53.7,204.3,276.3828125,1800.0,5173008106000,1786516488692254464,33304,19176,2.0,1.0012753009796143,874.2749633789062,5513
2026-08-12T15:34:48.943,1064,unlabeled,0.2,1,1.7240729994227877,3.481181999632099,94.04801099935867,0.9777189998203539,100.26659600043786,9.973411284408549,151.523938,70.601,68.1,224.8,276.3828125,1800.0,5173108019000,1786516488792167424,33304,19366,2.0,1.0009214878082275,876.7715454101562,5511
2026-08-12T15:34:49.046,1065,unlabeled,0.2,2,1.7249610000362736,3.334832999826176,88.54734099986672,0.952255999436602,94.58790999997291,10.572175661776292,121.410559,70.601,53.7,204.1,276.38671875,1800.0,5173241236000,1786516488925384448,33304,19366,2.0,1.0009214878082275,884.8701171875,5510
2026-08-12T15:34:49.161,1066,unlabeled,0.2,2,1.7569600004208041,3.2610749995001242,92.92766999988089,0.9471639996263548,98.9230929999394,10.108863053853488,136.282529,72.549,63.6,217.7,276.390625,1800.0,5173341148000,1786516489025296384,33304,19366,2.0,1.0009214878082275,885.8783569335938,5509
2026-08-12T15:34:49.265,1067,unlabeled,0.2,3,1.7062029992302996,3.5997349996250705,89.04944200003229,1.19276900022669,95.58131499943556,10.462295899631695,139.876328,71.088,54.8,212.6,276.390625,1800.0,5173441060000,1786516489125208576,33304,19366,2.0,1.0009214878082275,885.9193725585938,5508
2026-08-12T15:34:49.380,1068,unlabeled,0.2,3,1.6817220002849353,3.3235740002055536,94.0695710005457,1.1940290005441057,100.29846999987058,9.970241819254973,155.517855,71.088,68.2,216.3,276.390625,1800.0,5173540972000,1786516489225120512,33304,19366,2.0,1.0009214878082275,891.8955688476562,5507
2026-08-12T15:34:49.483,1069,unlabeled,0.2,2,1.7124070000136271,3.2421129999420373,88.76411600067513,0.9324610000476241,94.68113099956099,10.561766525630505,124.927402,71.575,51.3,214.3,276.390625,1800.0,5173674188000,1786516489358336512,33304,19366,2.0,1.0009214878082275,888.8200073242188,5506
2026-08-12T15:34:49.599,1070,unlabeled,0.2,3,1.750313000229653,7.045027999993181,89.62083699952927,1.3724500004173024,99.8223879996658,10.017792802185296,140.769655,71.088,66.0,207.4,276.390625,1800.0,5173774102000,1786516489458250496,33304,19366,2.0,1.0009214878082275,883.3717651367188,5504
2026-08-12T15:34:49.704,1071,unlabeled,0.2,3,1.8591070002003107,3.8322109994624043,90.3875979993245,1.208937000228616,97.31816599924059,10.27557383282175,146.485329,72.062,54.8,217.7,276.390625,1800.0,5173874014000,1786516489558162432,33304,19366,2.0,1.0009214878082275,881.0066528320312,5501
2026-08-12T15:34:49.820,1072,unlabeled,0.2,2,1.69262899999012,3.2650009998178575,93.36336399974243,0.9781080007087439,99.32997299983981,10.067454664480909,128.859889,71.088,65.9,216.3,276.390625,1800.0,5174007229000,1786516489691377408,33304,19366,2.0,1.0009214878082275,882.9584350585938,5497
2026-08-12T15:34:49.922,1073,unlabeled,0.2,2,1.7428680002922192,3.3810169998105266,88.38569799991092,0.729909000256157,94.26975199949084,10.607856484075626,131.006928,72.062,54.8,205.7,276.390625,1800.0,5174107143000,1786516489791291392,33304,19366,2.0,1.0009214878082275,878.1536254882812,5494
2026-08-12T15:34:50.038,1074,unlabeled,0.2,1,1.7394619999322458,7.598848999805341,90.14412299984542,0.7381309997072094,100.25426799984416,9.974637688258364,147.131121,72.062,65.2,215.4,276.39453125,1800.0,5174207054000,1786516489891202560,33304,19366,2.0,1.0009214878082275,873.1837158203125,5492
2026-08-12T15:34:50.140,1075,unlabeled,0.2,1,1.9680679997691186,3.308629999992263,88.46975599954021,0.7903340001575998,94.58323099988775,10.572698663690044,149.647342,71.088,53.7,224.5,276.39453125,1800.0,5174306968000,1786516489991116544,33304,19366,2.0,1.0009214878082275,871.8973388671875,5490
2026-08-12T15:34:50.256,1076,unlabeled,0.2,2,1.720905999718525,4.429067999808467,92.44457499971759,1.4423570000872132,100.07683000003453,9.992322898313775,132.367654,71.575,65.1,207.0,276.40234375,1800.0,5174440184000,1786516490124332544,33304,19366,2.0,1.0009214878082275,874.1346435546875,5488
2026-08-12T15:34:50.359,1077,unlabeled,0.2,1,1.7102399997384055,3.373387999999977,88.78004500002135,0.7289099994522985,94.62130399970192,10.568444501707038,134.982679,72.062,52.5,204.8,276.40234375,1800.0,5174540096000,1786516490224244480,33304,19366,2.0,1.0009214878082275,871.87646484375,5486
2026-08-12T15:34:50.474,1078,unlabeled,0.2,1,1.7371100002492312,6.453189000239945,90.74039000006451,0.7420940000884002,99.73685699969792,10.026383726960924,150.670655,71.575,65.2,216.2,276.40234375,1800.0,5174640008000,1786516490324156416,33304,19366,2.0,1.0009214878082275,866.6448974609375,5485
2026-08-12T15:34:50.577,1079,unlabeled,0.2,1,1.7198879995703464,3.3204439996552537,88.40092299942626,0.7641499996680068,94.23973899993143,10.611234821020966,119.771396,71.088,56.1,213.8,276.40234375,1800.0,5174773228000,1786516490457376512,33304,19366,2.0,1.0009214878082275,870.8438720703125,5484
2026-08-12T15:34:50.698,1080,unlabeled,0.2,3,5.1735329998336965,3.429256999879726,91.00444000068819,1.3787110001430847,101.0175330002312,9.899271644237356,141.081678,72.062,66.7,215.6,276.40234375,1800.0,5174873139000,1786516490557287424,33304,19366,2.0,1.0009214878082275,874.651123046875,5483
2026-08-12T15:34:50.801,1081,unlabeled,0.2,1,1.8521070005590445,3.685547999339178,88.52503300022363,0.7677420007894398,94.86092899987852,10.54174790973511,144.183367,72.062,55.0,203.9,276.40625,1800.0,5174973053000,1786516490657201408,33304,19366,2.0,1.0009214878082275,872.5391235351562,5482
2026-08-12T15:34:50.916,1082,unlabeled,0.2,1,1.699980999546824,4.985055999895849,91.58631500031333,0.7655949993932154,99.07135400044353,10.093735066904639,126.047796,70.601,66.7,217.2,276.40625,1800.0,5175106268000,1786516490790416384,33304,19366,2.0,1.0009214878082275,867.9719848632812,5481
2026-08-12T15:34:51.019,1083,unlabeled,0.2,1,1.8486809995010844,3.646234000370896,89.0607800001817,0.940719999562134,95.52858100050798,10.468071330345444,129.585175,71.088,64.3,212.5,276.40625,1800.0,5175206180000,1786516490890328576,33304,19366,2.0,1.0009214878082275,873.9918823242188,5482
2026-08-12T15:34:51.135,1084,unlabeled,0.2,1,1.7491650005467818,7.61244200020883,90.0759639998796,0.7321880002564285,100.2216100005171,9.977888002346404,145.465255,71.088,65.2,215.9,276.40625,1800.0,5175306090000,1786516490990238464,33304,19366,2.0,1.0009214878082275,880.1012573242188,5482
2026-08-12T15:34:51.240,1085,unlabeled,0.2,1,1.9721050002772245,3.7463979997482966,89.3869799992899,1.518928999757918,96.65868899992347,10.345681390327897,150.032806,72.062,53.7,210.5,276.40625,1800.0,5175406004000,1786516491090152448,33304,19366,2.0,1.0009214878082275,883.3244018554688,5483
2026-08-12T15:34:51.361,1086,unlabeled,0.2,1,1.774868000211427,6.783535000067786,95.85772499940504,0.9746079995238688,105.46927199993661,9.481434554707091,137.809571,71.088,65.3,206.7,276.40625,1800.0,5175539219000,1786516491223367424,33304,19366,2.0,1.0009214878082275,881.5801391601562,5484
2026-08-12T15:34:51.464,1087,unlabeled,0.2,1,1.7331290000583977,3.3589439999559545,89.15324400004465,1.0116069997820887,95.28905200022564,10.494385021247059,140.971732,71.088,55.0,213.4,276.41015625,1800.0,5175639132000,1786516491323280384,33304,19366,2.0,1.0009214878082275,888.0203857421875,5485
2026-08-12T15:34:51.580,1088,unlabeled,0.2,2,1.7085359995689942,3.476996999779658,97.3915249996935,1.0219590003544,103.63260800022545,9.649472490336484,157.109102,71.575,64.4,215.4,276.41015625,1800.0,5175739049000,1786516491423197440,33304,19366,2.0,1.0009214878082275,891.55419921875,5486
2026-08-12T15:34:51.686,1089,unlabeled,0.2,1,1.7194619995279936,3.3483150000392925,90.7277090000207,0.7297239999388694,96.55671000018629,10.356608049280787,130.390406,71.088,60.5,206.6,276.41015625,1800.0,5175872265000,1786516491556413440,33304,19366,2.0,1.0009214878082275,950.5482177734375,5486
2026-08-12T15:34:51.809,1090,unlabeled,0.2,2,2.229820999673393,6.629520000387856,93.23117199983244,1.2055840006723884,103.33157799959736,9.677583748928102,153.193762,70.114,61.7,210.7,276.41015625,1800.0,5175972175000,1786516491656323584,33304,18319,2.0,1.0015802383422852,954.5543212890625,5486
2026-08-12T15:34:51.912,1091,unlabeled,0.2,1,1.6948880002018996,3.4897189998446265,88.508056000137,0.7733350003036321,94.49542200036376,10.582523246429341,123.037819,71.088,53.7,214.9,276.41015625,1800.0,5176105392000,1786516491789540352,33304,18160,2.0,1.0009243488311768,934.0918579101562,5486
2026-08-12T15:34:52.029,1092,unlabeled,0.2,2,1.7429979998269118,3.4046099999613944,96.54830399995262,0.7392990000880673,102.4686170003406,9.759085554913618,140.278997,71.088,63.0,196.3,276.41015625,1800.0,5176205303000,1786516491889451520,33304,18350,2.0,1.000527262687683,918.0687255859375,5488
2026-08-12T15:34:52.132,1093,unlabeled,0.2,2,1.8472550000296906,3.7118620002729585,88.43122799953562,0.9901449993776623,95.01202600040415,10.524983437315043,143.314369,70.601,54.8,223.4,276.41015625,1800.0,5176305216000,1786516491989364480,33304,18509,2.0,1.0013017654418945,915.1884765625,5489
2026-08-12T15:34:52.249,1094,unlabeled,0.2,2,1.6989989999274258,4.354939999757335,93.92514299997856,0.7357240001510945,100.75523199975578,9.925042900029489,127.181544,71.088,64.4,213.5,276.41015625,1800.0,5176438434000,1786516492122582528,33304,18700,2.0,1.0010857582092285,907.8997802734375,5491
2026-08-12T15:34:52.352,1095,unlabeled,0.2,1,1.7133510000348906,3.358518999448279,88.61576000072091,0.7701869999436894,94.48874200006685,10.583271391202272,129.979371,72.062,56.1,214.2,276.41015625,1800.0,5176538346000,1786516492222494464,33304,18700,2.0,1.0010857582092285,899.9524536132812,5492
2026-08-12T15:34:52.466,1096,unlabeled,0.2,1,1.7474619999120478,3.4705899997788947,93.20002999993449,0.7361689995377674,99.18676699999196,10.081990070309288,143.955586,70.601,65.1,210.7,276.41015625,1800.0,5176638257000,1786516492322405376,33304,18890,2.0,1.0002052783966064,888.0475463867188,5493
2026-08-12T15:34:52.569,1097,unlabeled,0.2,3,1.7078320006476133,3.557068999725743,88.4845780001342,1.1955850004596869,94.97745299995586,10.528814665102303,146.778957,70.601,54.8,214.2,276.41015625,1800.0,5176738171000,1786516492422319360,33304,19081,2.0,1.0006474256515503,882.5240478515625,5494
2026-08-12T15:34:52.686,1098,unlabeled,0.2,2,1.7092029993364122,3.3528519998071715,94.53409199977614,1.202751000164426,100.83452700018825,9.917237971455284,130.995857,71.088,67.4,212.9,276.4140625,1800.0,5176871387000,1786516492555535360,33304,19239,2.0,1.0000594854354858,881.8575439453125,5495
