timestamp,frame,scenario,threshold,detections,capture_ms,preprocess_ms,inference_ms,postprocess_ms,total_ms,loop_fps,sensor_to_result_ms,temperature_c,system_cpu_percent,process_cpu_percent,process_rss_mib,cpu_frequency_mhz,sensor_timestamp_ns,frame_wall_clock_ns,frame_duration_us,exposure_us,analogue_gain,digital_gain,lux,colour_temperature
2026-08-12T15:14:11.762,1,unlabeled,0.2,15,2.9319740001483297,11.195947000032902,88.36512099969696,4.36347000004389,106.91970000016227,9.352813373012479,153.728866,55.017,52.3,207.9,186.49609375,1800.0,3935925052000,1786515251609200384,33304,18604,2.0,1.0010809898376465,1163.8592529296875,6225
2026-08-12T15:14:12.427,2,unlabeled,0.2,16,1.9901499999832595,5.274813000141876,111.38152299963622,4.502027000398812,123.2214409997141,8.115470748327965,152.195783,55.017,43.7,93.2,265.95703125,1800.0,3936591157000,1786515252275305216,33304,18604,2.0,1.0010809898376465,1165.225830078125,6225
2026-08-12T15:14:12.608,3,unlabeled,0.2,16,3.6689450002995727,5.922096999711357,99.17230600012772,4.3702480002139055,113.18291199995656,8.835255979280545,133.439356,52.582,72.9,189.8,266.04296875,1800.0,3936790993000,1786515252475141376,33304,18604,2.0,1.0010809898376465,1165.059326171875,6225
2026-08-12T15:14:12.734,4,unlabeled,0.2,15,3.1862920000094164,4.810789999737608,91.81086099988534,4.171394999957556,104.02494799973283,9.613078585750106,126.613625,53.556,63.5,213.6,267.17578125,1800.0,3936924209000,1786515252608357376,33304,18604,2.0,1.0010809898376465,1165.3216552734375,6225
2026-08-12T15:14:12.843,5,unlabeled,0.2,15,2.1535410000979027,3.281643999798689,88.158175999979,4.180690999874059,97.81081100027222,10.2238187146533,134.80707,54.043,52.4,212.7,267.18359375,1800.0,3937024124000,1786515252708272384,33304,18604,2.0,1.0010809898376465,1173.3936767578125,6225
2026-08-12T15:14:12.962,6,unlabeled,0.2,14,1.806704000046011,3.3362750000378583,96.16951599991808,4.803993000223272,106.1579699999129,9.419923911514326,154.343825,55.504,60.9,208.2,267.19140625,1800.0,3937124040000,1786515252808188160,33304,18604,2.0,1.0010809898376465,1270.86767578125,6225
2026-08-12T15:14:13.071,7,unlabeled,0.2,13,1.7256839996662166,3.146717000163335,88.32512199978737,4.9925319999601925,98.22461200019461,10.18074777427493,130.553574,56.478,54.5,211.5,267.1953125,1800.0,3937257262000,1786515252941410304,33304,17430,2.0,1.0001088380813599,1314.08740234375,6238
2026-08-12T15:14:13.190,8,unlabeled,0.2,15,2.17076300032204,3.2315700000253855,95.27756300030887,5.598816000201623,106.35534299990468,9.40244252703784,148.705579,55.991,60.9,211.6,267.20703125,1800.0,3937357178000,1786515253041326336,33304,17049,2.0,1.000766396522522,1283.0302734375,6272
2026-08-12T15:14:13.337,9,unlabeled,0.2,16,1.7742029999681108,3.812260999893624,91.2328740000703,4.668231999858108,101.52886899959412,9.849415342191959,129.949246,55.991,57.9,209.9,268.84765625,1800.0,3937523707000,1786515253207855360,33304,17207,2.0,1.0009737014770508,1239.9971923828125,6318
2026-08-12T15:14:13.472,10,unlabeled,0.2,16,1.9535749997885432,4.827919000035763,91.31920899972101,4.339378000167926,102.48424799965505,9.757597089489947,131.108555,55.504,58.5,193.5,269.765625,1800.0,3937656924000,1786515253341072384,33304,17398,2.0,1.000425934791565,1212.765380859375,6329
2026-08-12T15:14:13.580,11,unlabeled,0.2,15,1.7099249998864252,3.19331000036982,88.58136600019861,4.3093029998999555,97.82921900023211,10.221894953466073,139.796793,55.504,53.5,221.1,269.7734375,1800.0,3937756840000,1786515253440988160,33304,17779,2.0,1.0008022785186768,1204.5263671875,6331
2026-08-12T15:14:13.696,12,unlabeled,0.2,15,1.7842590000327618,3.2770699999673525,93.7314369998603,4.810679000001983,103.648389999762,9.648003215508666,155.955018,55.991,64.6,205.6,269.78515625,1800.0,3937856756000,1786515253540904192,33304,17779,2.0,1.0008022785186768,1199.60205078125,6333
2026-08-12T15:14:13.805,13,unlabeled,0.2,16,1.742777000345086,3.145736000078614,88.42921599989495,4.556434999813064,97.91286799963927,10.213162176024547,131.526526,55.504,53.5,212.7,269.7890625,1800.0,3937989977000,1786515253674125312,33304,17969,2.0,1.000126600265503,1183.2891845703125,6319
2026-08-12T15:14:13.918,14,unlabeled,0.2,17,1.7124240002885927,3.5396469997976965,90.64996100005374,4.631621999578783,100.57174699977622,9.943150336269142,144.674503,56.965,63.0,212.3,269.80078125,1800.0,3938089892000,1786515253774040320,33304,17969,2.0,1.000126600265503,1183.529296875,6306
2026-08-12T15:14:14.027,15,unlabeled,0.2,14,2.201634000357444,3.209828999843012,88.3181220001461,3.900744000020495,97.66908900019189,10.238653910225734,153.451529,56.478,53.5,210.4,269.8046875,1800.0,3938189807000,1786515253873955328,33304,17969,2.0,1.000126600265503,1178.127197265625,6295
2026-08-12T15:14:14.143,16,unlabeled,0.2,15,1.7013510000651877,3.0823839997538016,93.98660599981667,4.165838000062649,102.97221700011505,9.71135738486511,136.782589,55.504,63.0,215.6,269.8125,1800.0,3938323029000,1786515254007177216,33304,18128,2.0,1.0009852647781372,1172.522705078125,6282
2026-08-12T15:14:14.252,17,unlabeled,0.2,15,1.7705000000205473,3.447498000241467,88.35386400005518,4.20122800005629,97.80847899992295,10.224062476227523,145.025245,56.478,53.5,212.6,269.8203125,1800.0,3938422943000,1786515254107091200,33304,18128,2.0,1.0009852647781372,1171.2510986328125,6274
2026-08-12T15:14:14.369,18,unlabeled,0.2,16,1.7645180000727123,3.358903999924223,94.58637199986697,4.608251000263408,104.35519400016346,9.582656709913582,129.097896,55.991,60.9,204.7,269.828125,1800.0,3938556164000,1786515254240312320,33304,18128,2.0,1.0009852647781372,1186.1207275390625,6266
2026-08-12T15:14:14.487,19,unlabeled,0.2,16,1.900000000205182,3.5563510000429233,88.0164719997083,4.3803029998343845,97.89022100039801,10.215525001173857,147.223462,55.504,53.2,211.7,269.83984375,1800.0,3938656079000,1786515254340227328,33304,18128,2.0,1.0009852647781372,1183.5296630859375,6260
2026-08-12T15:14:14.616,20,unlabeled,0.2,14,2.2311519996947027,3.812482999819622,90.8571119998669,4.301950999888504,101.23919899979228,9.877596917791218,143.481447,56.965,62.0,208.6,269.8515625,1800.0,3938789305000,1786515254473453312,33304,18128,2.0,1.0009852647781372,1152.6026611328125,6254
2026-08-12T15:14:14.732,21,unlabeled,0.2,12,1.7147580001619644,3.371127000264096,90.2387539999836,3.427609000027587,98.78710099974342,10.122779086336356,126.205217,56.965,55.3,215.6,269.85546875,1800.0,3938922522000,1786515254606670336,33304,18128,2.0,1.0009852647781372,1054.8094482421875,6241
2026-08-12T15:14:14.844,22,unlabeled,0.2,11,1.6827399999783665,3.106586999820138,90.27608699989287,3.5917589998462063,98.69211700015512,10.132521526500726,137.633889,55.991,62.8,215.5,269.86328125,1800.0,3939022439000,1786515254706587392,33304,18446,2.0,1.0008825063705444,972.9859619140625,6214
2026-08-12T15:14:14.949,23,unlabeled,0.2,10,1.6874980001375661,3.2867739996618184,88.1000839999615,2.9726230000051146,96.09153600013087,10.406743836404468,143.235518,56.965,53.5,208.5,269.875,1800.0,3939122353000,1786515254806501376,33304,19493,2.0,1.0015919208526611,899.8990478515625,6191
2026-08-12T15:14:15.059,24,unlabeled,0.2,9,1.7837219998000364,3.2276439997076523,90.83294600031877,2.944956000192178,98.8258039997163,10.118814717691249,153.535037,56.478,65.1,216.4,269.88671875,1800.0,3939222269000,1786515254906417408,33304,20890,2.0,1.0011876821517944,887.7600708007812,6171
2026-08-12T15:14:15.166,25,unlabeled,0.2,11,1.7051099998752761,3.093457999966631,88.38625399994271,3.1999959996937832,96.41815099985251,10.371491152133062,126.460399,56.478,52.4,208.6,269.890625,1800.0,3939355491000,1786515255039639296,33304,22636,2.0,1.0004968643188477,913.533203125,6123
2026-08-12T15:14:15.280,26,unlabeled,0.2,11,1.7236469998351822,3.172255000208679,93.62404800003787,3.403312000045844,101.95778100023745,9.807981207414382,141.029559,56.478,63.8,209.6,269.90234375,1800.0,3939455406000,1786515255139554304,33304,22859,2.0,1.0009551048278809,968.2847290039062,6093
2026-08-12T15:14:15.387,27,unlabeled,0.2,10,1.9388159998925403,3.2871080002223607,88.28393800013146,3.598072999920987,97.14413899973806,10.293981811941288,147.755288,57.452,52.5,215.6,269.90625,1800.0,3939555321000,1786515255239469312,33304,22287,2.0,1.0000416040420532,986.7672729492188,6067
2026-08-12T15:14:15.499,28,unlabeled,0.2,12,1.7125180002039997,3.1060129999787023,91.63652800043565,4.260969999904773,100.74958399991374,9.925599295783258,126.83652,55.991,63.0,213.7,269.9140625,1800.0,3939688541000,1786515255372689152,33304,21811,2.0,1.0003092288970947,959.2381591796875,6040
2026-08-12T15:14:15.606,29,unlabeled,0.2,13,1.7208700000992394,3.1087360002857167,88.09089900023537,4.5314349999898695,97.48810599967328,10.25766158595133,133.998329,55.504,52.4,205.5,269.921875,1800.0,3939788459000,1786515255472607232,33304,22033,2.0,1.0004111528396606,968.7063598632812,6024
2026-08-12T15:14:15.721,30,unlabeled,0.2,16,1.7274990000260004,3.2752560000517406,92.74226100023952,4.968364999967889,102.75227100009943,9.732144995598514,148.790497,56.478,62.2,209.1,269.9296875,1800.0,3939888373000,1786515255572521216,33304,22033,2.0,1.0004111528396606,971.7379150390625,6010
2026-08-12T15:14:15.830,31,unlabeled,0.2,17,1.6787210001893982,3.130883000267204,88.22951100000864,5.609279000054812,98.68202500001644,10.133557757857456,125.164169,56.478,54.5,218.2,269.9375,1800.0,3940021599000,1786515255705747200,33304,22033,2.0,1.0004111528396606,964.0584716796875,5999
2026-08-12T15:14:15.948,32,unlabeled,0.2,13,1.715868999781378,3.2348290001209534,93.92047700021067,4.079207999893697,102.98592100025417,9.710065126256744,142.518229,56.965,61.7,196.9,269.9453125,1800.0,3940121511000,1786515255805659392,33304,22033,2.0,1.0004111528396606,971.4004516601562,5993
2026-08-12T15:14:16.056,33,unlabeled,0.2,15,1.9821500000034575,3.2815889999255887,88.04971399968053,4.578991000016686,97.92872200023339,10.211508733848449,150.573607,56.478,53.5,222.1,269.94921875,1800.0,3940221425000,1786515255905573376,33304,22033,2.0,1.0004111528396606,1001.1578369140625,5987
2026-08-12T15:14:16.175,34,unlabeled,0.2,14,1.7326289998891298,3.1117170001380146,97.46807000010449,4.1100419998656434,106.45743900022353,9.393425291753452,137.003785,56.965,62.5,209.0,269.96484375,1800.0,3940354645000,1786515256038793216,33304,21525,2.0,1.0001431703567505,1000.2052001953125,5982
2026-08-12T15:14:16.284,35,unlabeled,0.2,16,1.7291469998781395,3.4580540000206383,88.5887009999351,4.780066999956034,98.59415499977331,10.142589081495746,145.657269,56.965,52.4,202.7,269.96875,1800.0,3940454561000,1786515256138709248,33304,21525,2.0,1.0001431703567505,1012.1376953125,5978
2026-08-12T15:14:16.402,36,unlabeled,0.2,16,1.7056849997061363,3.2412370001111412,94.64170699993701,4.842937999910646,104.46901099976458,9.572216587771216,130.750696,56.965,61.7,211.3,269.98046875,1800.0,3940587781000,1786515256271929344,33304,21525,2.0,1.0001431703567505,1013.4912719726562,5974
2026-08-12T15:14:16.509,37,unlabeled,0.2,12,1.719331999993301,3.079383000113012,88.30893899994408,3.6372970002958027,96.78135800004384,10.332568385737542,138.131496,56.478,51.2,214.3,269.984375,1800.0,3940687698000,1786515256371846400,33304,21525,2.0,1.0001431703567505,1017.86669921875,5972
2026-08-12T15:14:16.621,38,unlabeled,0.2,12,1.6907389999687439,3.234755999983463,91.18545000001177,3.6534630003188795,99.80209400009699,10.019829844442224,149.584172,56.478,64.4,206.5,269.9921875,1800.0,3940787614000,1786515256471762176,33304,21525,2.0,1.0001431703567505,1016.0859985351562,5970
2026-08-12T15:14:16.730,39,unlabeled,0.2,13,1.719942999898194,3.225791999739158,88.53073799991762,3.862299000047642,97.37195800016707,10.269897212072948,125.910398,57.939,55.6,210.0,269.99609375,1800.0,3940920834000,1786515256604982272,33304,21525,2.0,1.0001431703567505,1015.1058349609375,5970
2026-08-12T15:14:16.842,40,unlabeled,0.2,12,1.7158330001620925,3.126328999769612,90.57716600000276,3.8815210000393563,99.33631100011553,10.066812326046987,137.267101,56.965,61.4,215.7,270.0078125,1800.0,3941020749000,1786515256704897280,33304,21525,2.0,1.0001431703567505,1018.90478515625,5974
2026-08-12T15:14:16.950,41,unlabeled,0.2,16,1.7622959999243903,3.4729239996522665,88.23582700006227,4.787586000020383,98.29528199998094,10.173428262815237,145.188528,56.965,53.5,213.3,270.015625,1800.0,3941120664000,1786515256804812288,33304,21525,2.0,1.0001431703567505,1019.8317260742188,5977
2026-08-12T15:14:17.064,42,unlabeled,0.2,15,1.6845720001583686,3.2247550002466596,91.70227100003103,4.357284999969124,101.00906899970141,9.900101148372688,126.930036,56.965,63.6,208.8,270.02734375,1800.0,3941253886000,1786515256938034176,33304,21525,2.0,1.0001431703567505,1029.534423828125,5979
2026-08-12T15:14:17.173,43,unlabeled,0.2,17,1.7517770002086763,3.121217000170873,88.38434800009054,5.441110999981902,98.73319400003311,10.12830598795036,135.980568,56.478,53.5,220.2,270.03125,1800.0,3941353801000,1786515257037949184,33304,21081,2.0,1.0002214908599854,1042.018310546875,5977
2026-08-12T15:14:17.289,44,unlabeled,0.2,16,1.7193510002471157,3.119882999726542,92.36183300026823,5.263053999897238,102.50193599995328,9.755913293193368,151.51884,57.452,61.4,207.3,270.04296875,1800.0,3941453718000,1786515257137866240,33304,20890,2.0,1.0002516508102417,1041.5841064453125,5975
2026-08-12T15:14:17.399,45,unlabeled,0.2,16,1.71587000022555,3.2455880000270554,89.0508730003603,5.2274419999776,99.27532900019287,10.072996081413715,128.847337,56.965,53.5,217.6,270.046875,1800.0,3941586938000,1786515257271086336,33304,20890,2.0,1.0002516508102417,1035.9019775390625,5975
2026-08-12T15:14:17.517,46,unlabeled,0.2,16,1.7257770000469463,3.1350869999187125,93.63234600004944,5.025237000154448,103.55426199976137,9.65677298730886,146.15694,57.939,63.0,204.8,270.0546875,1800.0,3941686852000,1786515257371000320,33304,20890,2.0,1.0002516508102417,1040.4447021484375,5978
2026-08-12T15:14:17.625,47,unlabeled,0.2,13,1.7626109997763706,3.2113659999595257,88.27197599975989,4.1551719996277825,97.44192200014368,10.262523352100192,121.191134,56.965,53.5,219.5,270.06640625,1800.0,3941820075000,1786515257504223232,33304,20890,2.0,1.0002516508102417,1022.2093505859375,5982
2026-08-12T15:14:17.740,48,unlabeled,0.2,16,1.7154249999293825,6.864828999823658,88.83498200020767,5.489000000125088,102.96297799959575,9.712228797460833,136.844931,57.939,59.6,200.9,270.07421875,1800.0,3941919991000,1786515257604139264,33304,20890,2.0,1.0002516508102417,1011.8838500976562,5981
2026-08-12T15:14:17.848,49,unlabeled,0.2,12,1.7451109997637104,3.5143509999215894,88.12110400003803,3.637610999703611,97.05978800002413,10.30292792314518,144.584722,56.965,53.5,222.9,270.078125,1800.0,3942019907000,1786515257704055296,33304,20890,2.0,1.0002516508102417,1014.9334716796875,5976
2026-08-12T15:14:17.963,50,unlabeled,0.2,11,1.7102400001931528,3.1692539996583946,92.86989299971538,3.597721999994974,101.38147999987268,9.863734480905741,126.060822,58.913,64.4,209.2,270.0859375,1800.0,3942153126000,1786515257837274368,33304,20890,2.0,1.0002516508102417,1010.6771850585938,5970
2026-08-12T15:14:18.069,51,unlabeled,0.2,11,1.6847020001478086,3.2543849997637153,88.1547529997988,3.4230349997415033,96.55146900013278,10.357170225950936,132.056484,57.939,52.4,207.8,270.08984375,1800.0,3942253042000,1786515257937190400,33304,20890,2.0,1.0002516508102417,1012.2611694335938,5969
2026-08-12T15:14:18.182,52,unlabeled,0.2,12,1.714425000045594,3.3665159999145544,91.60571399979744,3.6411670002962637,100.36422999974093,9.963709182071952,145.059641,57.452,63.0,212.6,270.09765625,1800.0,3942352958000,1786515258037106176,33304,20890,2.0,1.0002516508102417,1016.1435546875,5973
2026-08-12T15:14:18.291,53,unlabeled,0.2,17,1.9190200000593904,3.5691469997800596,88.62983200015151,5.315349999818864,99.46994300025835,10.053288157583468,154.44256,57.939,55.6,218.1,270.10546875,1800.0,3942452874000,1786515258137022208,33304,20890,2.0,1.0002516508102417,1015.4485473632812,5976
2026-08-12T15:14:18.409,54,unlabeled,0.2,13,1.7018319999806408,3.22827399986636,94.24855599991133,4.094985999927303,103.3108159999756,9.67952861779967,139.055595,58.426,62.2,196.4,270.11328125,1800.0,3942586094000,1786515258270242304,33304,20890,2.0,1.0002516508102417,1037.5836181640625,5977
2026-08-12T15:14:18.518,55,unlabeled,0.2,16,1.8243340000481112,3.8602800000262505,88.13825299966993,5.951930999799515,99.81313199978104,10.01872178504722,148.749128,57.939,52.3,218.8,270.12109375,1800.0,3942686010000,1786515258370158336,33304,20890,2.0,1.0002516508102417,1042.1495361328125,5972
2026-08-12T15:14:18.636,56,unlabeled,0.2,15,1.7054979998647468,3.1869770000412245,92.07510899977933,6.037950999598252,103.0524239999977,9.703798913066056,132.979497,57.452,63.8,212.9,270.1328125,1800.0,3942819232000,1786515258503380224,33304,20668,2.0,1.0012935400009155,1037.7911376953125,5967
2026-08-12T15:14:18.745,57,unlabeled,0.2,16,1.7455370002608106,3.2828299999891897,88.21975399996518,5.9118009999110654,99.19621800008827,10.081029500531061,142.492706,57.939,53.5,210.2,270.140625,1800.0,3942919146000,1786515258603294208,33304,20668,2.0,1.0012935400009155,1046.2442626953125,5966
2026-08-12T15:14:18.859,58,unlabeled,0.2,14,1.7370360001223162,3.3037930002137728,91.04946799971003,4.596140000103333,100.72508600023866,9.928013364988644,156.449524,57.939,63.0,209.6,270.1484375,1800.0,3943019062000,1786515258703210240,33304,20668,2.0,1.0012935400009155,1050.391845703125,5970
2026-08-12T15:14:18.969,59,unlabeled,0.2,17,1.7321840000477096,3.1622540000171284,88.44705299998168,5.258034999769734,98.634526999831,10.138437628455534,132.752616,59.887,54.5,220.4,270.15234375,1800.0,3943152283000,1786515258836431360,33304,20668,2.0,1.0012935400009155,1039.8712158203125,5974
2026-08-12T15:14:19.082,60,unlabeled,0.2,15,1.7000729999381292,3.178311000283429,90.75354000015068,4.567973000121128,100.23841500014896,9.97621520650056,145.850043,59.887,62.2,203.5,270.16015625,1800.0,3943252198000,1786515258936346368,33304,20668,2.0,1.0012935400009155,1043.8568115234375,5977
2026-08-12T15:14:19.191,61,unlabeled,0.2,17,1.813518999824737,3.116106000106811,88.3658849998028,5.054495999956998,98.38732200023514,10.163911159179737,155.01004,58.426,54.5,218.7,270.16796875,1800.0,3943352113000,1786515259036261376,33304,20668,2.0,1.0012935400009155,1038.04638671875,5981
2026-08-12T15:14:19.311,62,unlabeled,0.2,14,1.710925000224961,3.1698839998171024,96.57891400001972,4.334008000114409,105.82999100006418,9.4491173111731,141.980869,59.4,59.6,200.8,270.17578125,1800.0,3943485334000,1786515259169482240,33304,20668,2.0,1.0012935400009155,1021.0930786132812,5984
2026-08-12T15:14:19.419,63,unlabeled,0.2,13,2.120854999702715,3.2077550004032673,88.43366500013872,4.128652999952465,97.92757600007462,10.211628234311018,150.455242,58.913,54.5,212.1,270.18359375,1800.0,3943585250000,1786515259269398272,33304,20890,2.0,1.0003114938735962,1016.0094604492188,5987
2026-08-12T15:14:19.536,64,unlabeled,0.2,11,1.7224620000888535,3.1420319996868784,94.12472199983313,3.6139439998805756,102.6419950003401,9.742600969483169,133.624628,57.939,60.0,206.3,270.19140625,1800.0,3943718471000,1786515259402619392,33304,20890,2.0,1.0003114938735962,1007.6399536132812,5989
2026-08-12T15:14:19.643,65,unlabeled,0.2,12,1.6844990000208782,3.150661999825388,89.15889400032029,3.7980950000928715,97.85172400006559,10.219544011297437,140.884216,58.426,55.8,214.6,270.1953125,1800.0,3943818389000,1786515259502537216,33304,20890,2.0,1.0003114938735962,1011.7671508789062,5990
2026-08-12T15:14:19.756,66,unlabeled,0.2,11,3.1328089999078657,3.1768650001140486,90.37138799976674,3.3951089999391115,100.11359899999661,9.988652990090126,153.67265,59.4,56.8,211.8,270.20703125,1800.0,3943918302000,1786515259602450176,33304,20890,2.0,1.0003114938735962,1008.6970825195312,5991
2026-08-12T15:14:19.863,67,unlabeled,0.2,14,1.7120730003625795,3.09738300029494,88.92402099991159,4.1119679999610526,97.8784649996669,10.216751968917812,128.228924,58.913,53.5,205.3,270.21484375,1800.0,3944051524000,1786515259735672320,33304,20890,2.0,1.0003114938735962,1010.736328125,5992
2026-08-12T15:14:19.980,68,unlabeled,0.2,13,1.7099430001508154,3.2620709998809616,94.86187800030166,3.8418350000029022,103.71104300020306,9.642174748913114,145.289835,59.4,60.0,205.2,270.22265625,1800.0,3944151439000,1786515259835587328,33304,20890,2.0,1.0003114938735962,1016.32275390625,5993
2026-08-12T15:14:20.089,69,unlabeled,0.2,14,1.6740539999773318,3.194791999703739,88.17905200021414,4.810845000065456,97.89555800034577,10.214968078495124,120.315944,58.913,52.3,220.4,270.23046875,1800.0,3944284661000,1786515259968809216,33304,20890,2.0,1.0003114938735962,1037.1048583984375,5993
2026-08-12T15:14:20.205,70,unlabeled,0.2,15,1.7132579996541608,3.1938659999468655,93.45664200009196,5.180590000236407,103.57989400017686,9.654383311092136,136.669658,60.861,62.2,198.9,270.23828125,1800.0,3944384577000,1786515260068725248,33304,20890,2.0,1.0003114938735962,1034.44970703125,5993
2026-08-12T15:14:20.316,71,unlabeled,0.2,14,1.7189249997500156,3.7310200000320037,89.83684600025299,4.8138270003619255,100.13784100010525,9.986234873976851,147.460932,58.913,53.3,216.7,270.2421875,1800.0,3944484492000,1786515260168640256,33304,20890,2.0,1.0003114938735962,1026.9593505859375,5993
2026-08-12T15:14:20.434,72,unlabeled,0.2,15,1.7460920003031788,3.411275999951613,94.64357999968342,4.983772999821667,104.82264800020857,9.53992308988426,132.766545,59.887,62.2,202.5,270.25,1800.0,3944617713000,1786515260301861376,33304,20890,2.0,1.0003114938735962,1031.861572265625,5994
2026-08-12T15:14:20.543,73,unlabeled,0.2,16,1.7352770000798046,3.124346999811678,88.68409300021085,5.448795999654976,99.02819999979329,10.098133662957496,142.212681,59.887,53.3,210.4,270.2578125,1800.0,3944717627000,1786515260401775360,33304,20890,2.0,1.0003114938735962,1020.6566772460938,5995
2026-08-12T15:14:20.661,74,unlabeled,0.2,15,1.7302400001426577,3.282458999819937,93.92662899972493,5.022237000048335,103.99773100016318,9.615594401751235,160.150013,59.4,63.8,220.6,270.26953125,1800.0,3944817544000,1786515260501692160,33304,20890,2.0,1.0003114938735962,1014.253173828125,5996
2026-08-12T15:14:20.770,75,unlabeled,0.2,15,1.7379250002704794,3.2289219998347107,88.19419900009962,5.250647000138997,98.44828599989341,10.157617167667933,135.807844,59.887,52.4,211.2,270.2734375,1800.0,3944950768000,1786515260634916352,33304,20890,2.0,1.0003114938735962,1023.6950073242188,5996
2026-08-12T15:14:20.887,76,unlabeled,0.2,15,1.7552579997754947,3.389424000033614,93.75166399968293,5.607408999821928,104.54662600022857,9.565110212144136,152.972789,59.4,64.6,212.3,270.28515625,1800.0,3945050684000,1786515260734832384,33304,20890,2.0,1.0003114938735962,1033.197021484375,5995
2026-08-12T15:14:20.996,77,unlabeled,0.2,15,1.7991299996538146,3.2697560000087833,88.51664800022263,4.304599000079179,97.92496599993683,10.21190040546601,128.708483,59.887,53.5,203.2,270.2890625,1800.0,3945183902000,1786515260868050176,33304,20890,2.0,1.0003114938735962,1015.3176879882812,5995
2026-08-12T15:14:21.110,78,unlabeled,0.2,15,1.7141289999926812,3.206569999747444,91.18928599991705,5.221738999807712,101.36783500001911,9.86506222609777,142.777217,59.887,62.2,219.3,270.296875,1800.0,3945283817000,1786515260967965184,33304,20890,2.0,1.0003114938735962,1010.4814453125,5989
2026-08-12T15:14:21.219,79,unlabeled,0.2,14,1.7206839997925272,3.485128000193072,88.22527499978605,5.1115520000166725,98.58078799970826,10.143964359495273,152.054872,59.887,55.6,209.2,270.3046875,1800.0,3945383734000,1786515261067882240,33304,20890,2.0,1.0003114938735962,1012.1039428710938,5983
2026-08-12T15:14:21.337,80,unlabeled,0.2,12,1.7833330002758885,3.2974409996313625,94.4169120002698,4.151524000008067,103.68782199975612,9.644334124429308,136.498913,59.887,62.2,213.7,270.3125,1800.0,3945516953000,1786515261201101312,33304,20890,2.0,1.0003114938735962,1012.2254028320312,5975
2026-08-12T15:14:21.445,81,unlabeled,0.2,11,1.8059449998872878,3.826613000001089,88.82377999998425,3.416831999857095,97.94320799983325,10.209998430944824,144.338892,59.4,53.5,213.5,270.31640625,1800.0,3945616872000,1786515261301020160,33304,20890,2.0,1.0003114938735962,1012.089599609375,5976
2026-08-12T15:14:21.561,82,unlabeled,0.2,12,1.7228699998668162,3.139383999950951,94.21359499992832,3.6227589998816256,102.73342299979049,9.733930504798222,126.757392,59.4,61.4,207.5,270.32421875,1800.0,3945750088000,1786515261434236160,33304,20890,2.0,1.0003114938735962,1013.3843383789062,5980
2026-08-12T15:14:21.669,83,unlabeled,0.2,14,1.7319990001851693,3.150551000089763,89.42789799993989,4.575750000185508,98.92414300020391,10.108755756397493,135.53164,59.887,54.5,211.6,270.328125,1800.0,3945850004000,1786515261534152192,33304,20890,2.0,1.0003114938735962,1010.4625244140625,5982
2026-08-12T15:14:21.791,84,unlabeled,0.2,16,4.314154999974562,7.059128000037163,90.0791079998271,5.505556999651162,106.99905900037265,9.345876583797969,157.124427,60.374,63.3,204.7,270.33984375,1800.0,3945949920000,1786515261634068224,33304,20890,2.0,1.0003114938735962,1014.476318359375,5979
2026-08-12T15:14:21.900,85,unlabeled,0.2,17,1.7098690000239003,3.117197999927157,88.11497800024881,5.272590999993554,98.25082099996507,10.178031998331653,133.248713,60.374,53.5,211.6,270.34765625,1800.0,3946083143000,1786515261767291392,33304,20890,2.0,1.0003114938735962,1041.67724609375,5972
2026-08-12T15:14:22.018,86,unlabeled,0.2,15,1.7065920001186896,3.155384000365302,94.57054299991796,5.416814999989583,104.88807499996256,9.533972284269275,151.062436,59.887,61.7,203.9,270.35546875,1800.0,3946183057000,1786515261867205376,33304,20890,2.0,1.0003114938735962,1039.2469482421875,5968
2026-08-12T15:14:22.127,87,unlabeled,0.2,16,1.7148510000879469,3.2651080000505317,88.34803600029772,5.675891999999294,99.03884899995319,10.097047876641545,127.28112,59.887,54.5,219.3,270.36328125,1800.0,3946316278000,1786515262000426240,33304,20890,2.0,1.0003114938735962,1037.559326171875,5970
2026-08-12T15:14:22.240,88,unlabeled,0.2,15,1.6960170000857033,3.091476000008697,89.8448279999684,5.634112999814533,100.3024730002835,9.969843913989774,140.455155,60.861,63.0,221.1,270.375,1800.0,3946416194000,1786515262100342272,33304,20890,2.0,1.0003114938735962,1031.3095703125,5974
2026-08-12T15:14:22.351,89,unlabeled,0.2,16,1.9328349999341299,3.3044599999811908,88.3790909997515,6.1696749999100575,99.84198699976332,10.015826307647208,150.958176,60.861,53.5,208.1,270.38671875,1800.0,3946516111000,1786515262200259328,33304,20890,2.0,1.0003114938735962,1019.1021728515625,5976
2026-08-12T15:14:22.468,90,unlabeled,0.2,16,1.6894069999580097,3.2840149997355184,92.09207399999286,6.002080000143906,103.10638999999355,9.698719933847578,135.25929,60.374,63.8,212.9,270.39453125,1800.0,3946649330000,1786515262333478400,33304,20890,2.0,1.0003114938735962,1016.04345703125,5979
2026-08-12T15:14:22.578,91,unlabeled,0.2,15,1.7627219999667432,3.173013999912655,88.40125799997622,5.435648999991827,98.8109390000318,10.120336980095678,144.684852,61.348,54.5,210.4,270.3984375,1800.0,3946749247000,1786515262433395200,33304,20890,2.0,1.0003114938735962,1031.6688232421875,5981
2026-08-12T15:14:22.692,92,unlabeled,0.2,16,1.674664999882225,3.1640879997212323,90.53600200013534,4.988848000266444,100.40027000013652,9.960132577319168,125.758286,60.374,62.8,218.8,270.40625,1800.0,3946882466000,1786515262566614272,33304,20890,2.0,1.0003114938735962,1023.0470581054688,5983
2026-08-12T15:14:22.799,93,unlabeled,0.2,13,1.7357949996039679,3.167995000239898,88.15970100022241,3.8315390002026106,96.93306799999846,10.316396877070021,133.374388,60.374,53.5,204.5,270.41015625,1800.0,3946982383000,1786515262666531328,33304,20890,2.0,1.0003114938735962,1014.218994140625,5974
2026-08-12T15:14:22.911,94,unlabeled,0.2,13,1.7614250000406173,3.2677369999873918,90.45777900018948,3.8699100000485487,99.39346400005888,10.061023730890469,144.700187,60.374,61.0,206.8,270.41796875,1800.0,3947082298000,1786515262766446336,33304,20890,2.0,1.0003114938735962,1017.1836547851562,5965
2026-08-12T15:14:23.017,95,unlabeled,0.2,11,1.8896490000770427,3.2694409997020557,88.17777500007651,3.4454619999451097,96.82106699983706,10.328330713414704,151.4136,59.887,52.4,214.4,270.42578125,1800.0,3947182214000,1786515262866362368,33304,20890,2.0,1.0003114938735962,1015.4214477539062,5958
2026-08-12T15:14:23.130,96,unlabeled,0.2,11,1.7264809998778219,3.2515699999748904,91.14448999980596,3.676223000184109,99.83600600025966,10.016426338183031,130.78841,60.374,62.8,214.4,270.4375,1800.0,3947315435000,1786515262999583232,33304,20890,2.0,1.0003114938735962,1017.9143676757812,5957
2026-08-12T15:14:23.236,97,unlabeled,0.2,13,1.71575899958043,3.156513999783783,88.13579299976482,4.1040239998437755,97.15090500003498,10.29326489546999,137.26497,60.861,52.4,216.2,270.44140625,1800.0,3947415351000,1786515263099499264,33304,20890,2.0,1.0003114938735962,1017.3717041015625,5957
2026-08-12T15:14:23.350,98,unlabeled,0.2,12,1.6813500001262582,3.179476999775943,92.268243000035,3.6598889996639627,100.82588700015549,9.918087802177807,151.083111,60.374,65.2,210.9,270.44921875,1800.0,3947515266000,1786515263199414272,33304,20890,2.0,1.0003114938735962,1017.2078857421875,5957
2026-08-12T15:14:23.458,99,unlabeled,0.2,15,1.7078880000553909,3.2389590001002944,88.30801699969015,4.77236400001857,98.0631539996466,10.197510065845973,126.097921,59.4,52.4,212.7,270.45703125,1800.0,3947648486000,1786515263332634368,33304,20890,2.0,1.0003114938735962,1014.9527587890625,5949
2026-08-12T15:14:23.569,100,unlabeled,0.2,13,1.712368999960745,3.1070879999788303,89.71338400033346,4.2772660003720375,98.84534699995129,10.116814097485973,137.183386,60.861,63.6,207.2,270.46484375,1800.0,3947748401000,1786515263432549376,33304,20890,2.0,1.0003114938735962,1034.8790283203125,5941
2026-08-12T15:14:23.679,101,unlabeled,0.2,15,1.766036999924836,3.3718119998411566,89.29174900004,5.4438709998976265,99.91083999966577,10.008923956633188,147.089739,60.374,55.6,209.4,270.4765625,1800.0,3947848320000,1786515263532468224,33304,20890,2.0,1.0003114938735962,1051.385986328125,5935
2026-08-12T15:14:23.797,102,unlabeled,0.2,16,1.9711310001184756,3.5316650000822847,90.82270999988395,5.470000000059372,101.86356400026852,9.817052935604766,131.617566,61.348,60.9,212.4,270.484375,1800.0,3947981538000,1786515263665686272,33304,20636,2.0,1.0010896921157837,1055.3642578125,5940
2026-08-12T15:14:23.906,103,unlabeled,0.2,17,1.7555370000081894,3.1747180000820663,88.42025900003136,5.415408000317257,98.80284800010486,10.121165738045717,141.035791,60.374,53.5,219.5,270.4921875,1800.0,3948081453000,1786515263765601280,33304,20446,2.0,1.001272201538086,1055.994873046875,5946
2026-08-12T15:14:24.026,104,unlabeled,0.2,16,1.7335910001747834,3.238199999941571,94.61130399995454,5.707336000341456,105.33058099963455,9.493918959807784,160.568855,60.374,63.8,209.2,270.5,1800.0,3948181369000,1786515263865517312,33304,20446,2.0,1.001272201538086,1046.809326171875,5951
2026-08-12T15:14:24.134,105,unlabeled,0.2,15,1.715295999929367,3.2182360000660992,88.10603499978242,5.0108660002479155,98.0886370002736,10.194860797150344,136.163957,61.348,52.3,211.4,270.50390625,1800.0,3948314594000,1786515263998742272,33304,20446,2.0,1.001272201538086,1029.402587890625,5959
2026-08-12T15:14:24.251,106,unlabeled,0.2,15,1.7597030000615632,3.2628119997752947,93.06982599991898,5.844207999871287,103.97936400022445,9.617292908214377,152.844979,60.861,64.6,213.1,270.515625,1800.0,3948414509000,1786515264098657280,33304,20446,2.0,1.001272201538086,1036.6553955078125,5964
2026-08-12T15:14:24.363,107,unlabeled,0.2,15,1.7819070003497472,3.4770170000228973,89.87253399982364,5.455221999909554,100.62286600032166,9.938098960496745,131.412584,60.861,51.2,207.1,270.5234375,1800.0,3948547726000,1786515264231874304,33304,20446,2.0,1.001272201538086,1044.3414306640625,5970
2026-08-12T15:14:24.481,108,unlabeled,0.2,16,1.7634069999985513,3.65970400025617,94.24059699995269,5.723299000237603,105.42897200002699,9.485058812863546,149.435435,60.861,60.0,203.5,270.53515625,1800.0,3948647641000,1786515264331789312,33304,20446,2.0,1.001272201538086,1042.51318359375,5975
2026-08-12T15:14:24.593,109,unlabeled,0.2,16,1.7067029998543148,3.1195510000543436,89.69660599996132,6.094747999668471,100.6537930002196,9.935045368810078,128.007975,60.374,53.5,214.7,272.38671875,1800.0,3948780866000,1786515264465014272,33304,20446,2.0,1.001272201538086,1037.198974609375,5980
2026-08-12T15:14:24.707,110,unlabeled,0.2,16,1.7398320001120737,3.2592739999017795,92.10114899997279,5.014976999973442,102.15445699986958,9.789098090955314,142.811404,61.835,64.6,209.2,272.38671875,1800.0,3948880781000,1786515264564929280,33304,20446,2.0,1.001272201538086,1037.8548583984375,5983
2026-08-12T15:14:24.817,111,unlabeled,0.2,17,1.9432969997978944,3.428331000122853,88.3283510002002,4.928940000354487,98.66960599993035,10.134833212982587,152.183604,61.348,53.5,218.3,272.390625,1800.0,3948980694000,1786515264664842240,33304,20446,2.0,1.001272201538086,1027.7041015625,5984
2026-08-12T15:14:24.931,112,unlabeled,0.2,16,1.7359809999106801,3.079827999954432,91.75688699997409,4.574640000100771,101.18722400011393,9.882670563221243,133.832459,60.861,62.2,210.2,272.390625,1800.0,3949113915000,1786515264798063360,33304,20446,2.0,1.001272201538086,1013.2686767578125,5987
2026-08-12T15:14:25.040,113,unlabeled,0.2,14,1.691628000116907,3.4162019996983872,88.58763199987152,4.313174000344588,98.04589499981375,10.199305131560068,142.450237,61.348,53.5,212.0,272.390625,1800.0,3949213832000,1786515264897980160,33304,20668,2.0,1.0000852346420288,1012.3832397460938,5988
2026-08-12T15:14:25.153,114,unlabeled,0.2,13,1.7192400000567432,3.196347000084643,90.91550799985271,4.134135000185779,100.00349100027961,9.999650912158696,155.931995,60.861,65.2,210.3,272.390625,1800.0,3949313746000,1786515264997894400,33304,20668,2.0,1.0000852346420288,1017.70654296875,5973
2026-08-12T15:14:25.262,115,unlabeled,0.2,15,1.6971469999589317,3.120420999948692,88.33275999995749,4.727845000161324,97.91226500010453,10.213225074498403,131.062715,61.348,51.2,213.7,272.390625,1800.0,3949446969000,1786515265131117312,33304,20668,2.0,1.0000852346420288,1027.3138427734375,5955
2026-08-12T15:14:25.375,116,unlabeled,0.2,16,1.731165999899531,3.2114770001498982,89.73560699996597,6.169007999687892,100.88296200001423,9.912476598376037,144.50384,60.374,63.0,220.5,272.39453125,1800.0,3949546883000,1786515265231031296,33304,20668,2.0,1.0000852346420288,1027.4437255859375,5945
2026-08-12T15:14:25.485,117,unlabeled,0.2,15,1.9326310002725222,3.254293000281905,88.17062800017084,5.9150239999326,99.31163200008086,10.069313934939522,154.678651,61.348,52.4,207.8,272.3984375,1800.0,3949646801000,1786515265330949376,33304,20668,2.0,1.0000852346420288,1034.97314453125,5938
2026-08-12T15:14:25.599,118,unlabeled,0.2,18,1.7083699999602686,3.127179999864893,89.82562700020935,5.978636000236293,100.6756269998732,9.932890708505441,135.056539,60.861,63.6,221.2,272.40234375,1800.0,3949780020000,1786515265464168192,33304,20668,2.0,1.0000852346420288,1037.34033203125,5931
2026-08-12T15:14:25.709,119,unlabeled,0.2,15,1.7272770001000026,3.4068489999299345,88.96437700013848,5.219405999923765,99.35502100006488,10.064916598420798,145.631462,60.861,53.5,199.2,272.40625,1800.0,3949879935000,1786515265564083200,33304,20668,2.0,1.0000852346420288,1042.2021484375,5926
2026-08-12T15:14:25.822,120,unlabeled,0.2,16,1.6831660000207194,3.2349409998460033,90.03694400007589,5.27679500009981,100.26791900008902,9.973279688781734,125.347286,61.835,62.8,221.2,272.40625,1800.0,3950013155000,1786515265697303296,33304,20668,2.0,1.0000852346420288,1029.646728515625,5930
2026-08-12T15:14:25.931,121,unlabeled,0.2,16,1.7205359999934444,3.0979390003267326,87.98858999989534,5.06842200002211,97.91348800035848,10.213097504976421,134.09671,60.861,54.5,211.8,272.41015625,1800.0,3950113076000,1786515265797224192,33304,20668,2.0,1.0000852346420288,1021.878662109375,5933
2026-08-12T15:14:26.043,122,unlabeled,0.2,15,1.7509260001133953,3.2713479999983974,89.87320200003523,5.003737000151887,99.93973099972209,10.006030534570689,146.416394,61.835,62.2,213.8,272.41015625,1800.0,3950212988000,1786515265897136384,33304,20668,2.0,1.0000852346420288,1019.1732177734375,5935
2026-08-12T15:14:26.151,123,unlabeled,0.2,15,1.5418120001413627,3.200996000032319,88.1032199999936,4.777919999924052,97.6603190001697,10.239573352184754,121.452556,60.861,55.8,211.3,272.41015625,1800.0,3950346208000,1786515266030356224,33304,20827,2.0,1.0013787746429443,1029.3323974609375,5931
2026-08-12T15:14:26.268,124,unlabeled,0.2,16,1.7085180002140987,3.114290999747027,92.12950299979639,5.883633999928861,102.87331700010327,9.72069365663592,138.421953,61.835,62.2,215.0,272.41015625,1800.0,3950446123000,1786515266130271232,33304,20827,2.0,1.0013787746429443,1040.78369140625,5928
2026-08-12T15:14:26.380,125,unlabeled,0.2,16,1.9038890000047104,4.088133999630372,89.2766029996892,5.9314129998711,101.24120799991942,9.877400909724386,150.115513,60.374,56.8,206.0,272.41015625,1800.0,3950546039000,1786515266230187264,33304,20827,2.0,1.0013787746429443,1036.54833984375,5926
2026-08-12T15:14:26.497,126,unlabeled,0.2,15,1.6998690002765215,3.1971630000953155,92.51224800027558,5.461463999836269,102.90909500008638,9.717314101335363,133.845077,60.861,62.2,213.9,272.4140625,1800.0,3950679260000,1786515266363408384,33304,20827,2.0,1.0013787746429443,1025.0343017578125,5933
2026-08-12T15:14:26.606,127,unlabeled,0.2,16,1.7436660000385018,3.349441999944247,88.39050100004897,5.232943000009982,98.75699700023688,10.125864803256436,142.975308,61.835,53.5,210.9,272.4140625,1800.0,3950779193000,1786515266463341312,33304,20827,2.0,1.0013787746429443,1028.71484375,5938
2026-08-12T15:14:26.722,128,unlabeled,0.2,15,1.7430369998692186,3.2748670000728453,92.65558300012344,5.437796000023809,103.1505239998296,9.694570237972343,159.319165,60.861,71.7,215.1,272.41796875,1800.0,3950879091000,1786515266563239168,33304,20827,2.0,1.0013787746429443,1026.5130615234375,5942
2026-08-12T15:14:26.830,129,unlabeled,0.2,16,1.7111659999500262,3.174069000124291,87.88012600007278,5.027421999784565,97.83043200013708,10.221768212150987,134.166571,61.835,53.5,212.8,272.41796875,1800.0,3951012314000,1786515266696462336,33304,20827,2.0,1.0013787746429443,1027.3134765625,5949
2026-08-12T15:14:26.943,130,unlabeled,0.2,14,1.7557770001985773,3.19342200009487,90.213871999822,4.752494000058505,99.95626799991442,10.004375113333126,147.008765,62.322,61.9,212.8,272.421875,1800.0,3951112228000,1786515266796376320,33304,20827,2.0,1.0013787746429443,1039.4793701171875,5953
2026-08-12T15:14:27.052,131,unlabeled,0.2,15,1.713980999738851,3.1714950000605313,88.19553600005747,5.293703000006644,98.41149400017457,10.161414681888948,122.522691,61.348,53.3,201.2,272.42578125,1800.0,3951245448000,1786515266929596160,33304,20636,2.0,1.0008776187896729,1056.373046875,5959
2026-08-12T15:14:27.166,132,unlabeled,0.2,14,1.705239999864716,3.19906999993691,91.51870100004089,4.32082299994363,100.77987000022404,9.922616490751347,136.591375,60.861,63.6,220.6,272.42578125,1800.0,3951345363000,1786515267029511168,33304,20414,2.0,1.0010812282562256,1063.90380859375,5962
2026-08-12T15:14:27.273,133,unlabeled,0.2,14,1.7103879999922356,3.1561060000058205,88.469391000217,4.323211000155425,97.69656100024804,10.23577482934595,144.385321,61.348,55.6,204.2,272.42578125,1800.0,3951445279000,1786515267129427200,33304,20223,2.0,1.0011576414108276,1045.6103515625,5966
2026-08-12T15:14:27.389,134,unlabeled,0.2,12,1.701740000044083,3.156605999720341,94.38300800002253,3.8465400002678507,103.12304200033395,9.697153813565368,127.099548,61.835,71.7,215.6,272.42578125,1800.0,3951578499000,1786515267262647296,33304,20223,2.0,1.0011576414108276,983.8494873046875,5962
2026-08-12T15:14:27.495,135,unlabeled,0.2,11,1.7451849998906255,3.1976250002117013,88.16153700036011,3.142903000025399,96.28176799969879,10.38618235596929,132.877986,62.322,53.5,208.0,272.42578125,1800.0,3951678416000,1786515267362564352,33304,21049,2.0,1.0011934041976929,952.6572875976562,5946
2026-08-12T15:14:27.607,136,unlabeled,0.2,10,1.7209990000992548,3.345293999700516,92.3154130000512,2.9268270000102348,100.34592200008774,9.965527049511048,145.038354,61.835,63.6,214.1,272.4296875,1800.0,3951778331000,1786515267462479360,33304,21779,2.0,1.0000240802764893,938.4752197265625,5932
2026-08-12T15:14:27.714,137,unlabeled,0.2,15,1.676665000104549,3.20790300020235,88.48581800020838,4.368118999991566,97.77485799986607,10.227578136716597,118.892258,60.861,55.8,222.7,272.43359375,1800.0,3951911552000,1786515267595700224,33304,22192,2.0,1.0007116794586182,939.607177734375,5913
2026-08-12T15:14:27.829,138,unlabeled,0.2,13,1.7238509999515372,3.278125999713666,93.11730999979773,3.6714269999720273,101.82921399973566,9.82036451742224,133.910686,61.835,62.2,201.4,272.4375,1800.0,3952011468000,1786515267695616256,33304,22192,2.0,1.0007116794586182,940.9605712890625,5894
2026-08-12T15:14:27.936,139,unlabeled,0.2,13,1.7440000001442968,3.298256000107358,88.5346700001719,3.859410000131902,97.47539199997846,10.258999522671537,141.341779,60.861,54.8,223.6,272.4375,1800.0,3952111387000,1786515267795535360,33304,22192,2.0,1.0007116794586182,929.509033203125,5877
2026-08-12T15:14:28.049,140,unlabeled,0.2,10,1.7277769998145232,3.1936440000208677,91.87653799972395,3.0119749999357737,99.84878699970068,10.015144200029168,154.238009,61.348,64.4,202.8,272.4375,1800.0,3952211298000,1786515267895446272,33304,22446,2.0,1.0006719827651978,879.2767333984375,5863
2026-08-12T15:14:28.155,141,unlabeled,0.2,8,1.7411839999113,3.25703299995439,88.16324100007478,2.4687290001566,95.6663000001754,10.453001736224424,126.605949,62.322,53.5,219.0,272.4375,1800.0,3952344520000,1786515268028668160,33304,23652,2.0,1.000907301902771,811.3694458007812,5846
2026-08-12T15:14:28.263,142,unlabeled,0.2,8,1.715536000119755,3.105217000211269,89.77409099998113,2.499692999663239,97.12831500019092,10.295658892034051,134.838536,61.835,65.9,212.7,272.44140625,1800.0,3952444435000,1786515268128583168,33304,25399,2.0,1.000600814819336,782.3556518554688,5835
2026-08-12T15:14:28.368,143,unlabeled,0.2,10,1.7274069996346952,3.2018659999266674,88.35059400007594,3.1656250002924935,96.4790670000184,10.364942687513855,140.204495,61.835,51.2,209.0,272.44140625,1800.0,3952544351000,1786515268228499200,33304,25399,2.0,1.000600814819336,782.0324096679688,5826
2026-08-12T15:14:28.482,144,unlabeled,0.2,10,1.675905999945826,3.205200000138575,93.6812789996111,2.9883089996474155,101.58710099995005,9.843769436835212,154.449477,61.835,63.0,208.9,272.44140625,1800.0,3952644266000,1786515268328414208,33304,25399,2.0,1.000600814819336,799.4053344726562,5806
2026-08-12T15:14:28.588,145,unlabeled,0.2,8,1.6806280000309926,3.113309999662306,88.43963300023461,2.5322669998786296,95.79881999979989,10.438541936133335,126.860588,62.322,53.8,219.2,272.4453125,1800.0,3952777488000,1786515268461636352,33304,24351,2.0,1.0006431341171265,853.927978515625,5782
2026-08-12T15:14:28.699,146,unlabeled,0.2,10,1.7216659998666728,3.1777919998603466,92.0520959998612,3.1631990000278165,100.14677199978905,9.985344310469701,137.661738,62.809,60.5,198.7,272.4453125,1800.0,3952877403000,1786515268561551360,33304,22859,2.0,1.0004266500473022,902.2295532226562,5768
2026-08-12T15:14:28.804,147,unlabeled,0.2,9,1.7176110000036715,3.4668509997572983,88.23805600013657,2.973067999846535,96.43171500010794,10.370032307305545,143.320117,61.835,54.8,227.4,272.4453125,1800.0,3952977320000,1786515268661468160,33304,21811,2.0,1.0001987218856812,917.3363037109375,5739
2026-08-12T15:14:28.915,148,unlabeled,0.2,9,1.693203000286303,3.201126000021759,90.62041400011367,2.942455999800586,98.4922180000467,10.153086409319423,154.494354,61.835,65.9,214.8,272.4453125,1800.0,3953077234000,1786515268761382400,33304,21335,2.0,1.0014474391937256,843.5172729492188,5715
2026-08-12T15:14:29.021,149,unlabeled,0.2,9,1.7081480000342708,3.1791629999133875,88.22022300000754,2.9470489998857374,96.08830400020452,10.40709387479533,127.092192,61.835,52.4,209.2,272.4453125,1800.0,3953210461000,1786515268894609152,33304,22033,2.0,1.0013298988342285,731.8887939453125,5687
2026-08-12T15:14:29.128,150,unlabeled,0.2,1,1.7312770000899036,3.2140889998117927,90.67628599996169,0.5094120001558622,96.16515700008677,10.398776762763438,134.218151,62.322,64.3,205.5,272.4453125,1800.0,3953310371000,1786515268994519296,33304,24986,2.0,1.0001252889633179,519.4138793945312,5557
2026-08-12T15:14:29.230,151,unlabeled,0.2,2,1.745720999679179,3.1463099999200494,88.28650199984622,0.7281379998858029,93.96067099987704,10.642750731327883,135.592099,62.809,52.5,217.2,272.44921875,1800.0,3953410285000,1786515269094433280,33304,29970,2.1875,1.0086091756820679,354.1515197753906,5445
2026-08-12T15:14:29.335,152,unlabeled,0.2,1,1.7146840000350494,3.1247179999809305,90.54174800030523,0.5001909999009513,95.91013599992948,10.426426670907183,141.549009,62.809,64.1,217.1,272.44921875,1800.0,3953510201000,1786515269194349312,33304,29970,2.8125,1.0131360292434692,252.6020965576172,5349
2026-08-12T15:14:29.437,153,unlabeled,0.2,0,1.8182589997195464,3.341959999943356,88.40263299998696,0.23577999991175602,93.83065200017882,10.657498148878837,142.866811,62.322,53.7,207.6,272.44921875,1800.0,3953610118000,1786515269294266368,33304,29970,3.625,1.0073461532592773,193.39198303222656,5136
2026-08-12T15:14:29.540,154,unlabeled,0.2,0,1.7002770000544842,3.138606999982585,89.55816400020922,0.2338910003345518,94.65895599987562,10.564240746552434,146.811082,62.322,63.4,221.4,272.44921875,1800.0,3953710032000,1786515269394180352,33304,33177,4.375,1.0141971111297607,179.3246612548828,4893
2026-08-12T15:14:29.646,155,unlabeled,0.2,0,3.3329420002701227,4.0060970000013185,89.29747499996665,0.2632620003168995,96.93710999999894,10.315966712851363,119.06467,62.322,61.0,206.9,272.453125,1800.0,3953843254000,1786515269527402240,33304,33177,6.125,1.0082941055297852,165.7012176513672,4622
2026-08-12T15:14:29.747,156,unlabeled,0.2,0,1.7107399999076733,3.1621620000805706,88.32550199986144,0.22441000010076095,93.4517410000808,10.700710220038976,120.526949,62.809,53.7,218.5,272.453125,1800.0,3953943172000,1786515269627320320,33304,33177,7.75,1.0004503726959229,156.9603271484375,4434
2026-08-12T15:14:29.855,157,unlabeled,0.2,0,1.7144620001090516,3.1051440000737784,91.82718700003534,0.23272399994311854,96.90862800016475,10.318998634448729,127.75726,63.783,62.5,205.6,272.453125,1800.0,3954043091000,1786515269727239168,33304,33177,7.8125,1.006557822227478,133.5640869140625,4265
2026-08-12T15:14:29.955,158,unlabeled,0.2,0,1.7158330001620925,3.1834399997023866,88.29326099976242,0.23268799986908562,93.45324099967911,10.700538465043001,128.463245,61.835,55.8,218.6,272.45703125,1800.0,3954143001000,1786515269827149312,33304,33177,7.8125,1.006557822227478,128.66163635253906,4120
2026-08-12T15:14:30.062,159,unlabeled,0.2,0,1.7081279997910315,3.260071000113385,91.60285200005092,0.23350199990090914,96.83522000023004,10.326821171032858,135.545068,62.322,62.5,215.0,272.45703125,1800.0,3954242915000,1786515269927063296,33304,33177,7.8125,1.006557822227478,131.7156219482422,3987
2026-08-12T15:14:30.163,160,unlabeled,0.2,0,1.7168140002468135,3.1908849996398203,88.27363199998217,0.22998400027063326,93.44051899961414,10.701995351760937,136.163417,61.835,53.7,218.8,272.45703125,1800.0,3954342835000,1786515270026983168,33304,33177,7.8125,1.006557822227478,131.155029296875,3859
2026-08-12T15:14:30.271,161,unlabeled,0.2,0,1.7054620002454612,3.223681000235956,93.1074790000821,0.2325760001440358,98.297587000161,10.17318970401951,144.761949,62.809,61.0,202.7,272.45703125,1800.0,3954442748000,1786515270126896384,33304,33177,7.8125,1.006557822227478,146.52215576171875,3749
2026-08-12T15:14:30.372,162,unlabeled,0.2,0,1.8412039999020635,3.5257029999229417,88.29733599986866,0.23322400011238642,93.92978300002142,10.646250508209649,146.114884,63.296,53.8,217.3,272.45703125,1800.0,3954542664000,1786515270226812160,33304,33177,7.8125,1.006557822227478,178.03189086914062,3655
2026-08-12T15:14:30.477,163,unlabeled,0.2,0,1.5857940002206306,3.2059219997790933,90.13107700002365,0.2461869999024202,95.19873999988704,10.504340708723525,117.195257,62.322,65.1,210.8,272.45703125,1800.0,3954675883000,1786515270360031232,33304,33177,7.8125,1.006557822227478,238.418701171875,3595
2026-08-12T15:14:30.578,164,unlabeled,0.2,0,1.6738509998504014,3.300182000202767,88.68791500026418,0.2528919999349455,93.94524600020304,10.644498179267513,118.545042,62.809,52.5,207.2,272.45703125,1800.0,3954775800000,1786515270459948288,33304,29970,3.0,2.53208065032959,893.67041015625,3557
2026-08-12T15:14:30.687,165,unlabeled,0.2,0,1.7094250001719047,3.3434970000598696,93.0170330002511,0.23368800020762137,98.33523599991167,10.169294758197339,127.898421,62.322,61.0,219.8,272.4609375,1800.0,3954875718000,1786515270559866368,33304,29970,2.25,2.5657739639282227,956.1633911132812,3525
2026-08-12T15:14:30.788,166,unlabeled,0.2,0,1.8312600000172097,3.1764949999342207,88.31102099975396,0.23300199973164126,93.58081700020193,10.685950732807154,128.798913,61.348,53.8,208.5,272.46484375,1800.0,3954975630000,1786515270659778304,33304,22351,2.0,2.5033504962921143,1042.4305419921875,3773
2026-08-12T15:14:30.893,167,unlabeled,0.2,0,1.6804240003693849,3.1933109999044973,90.43167200024982,0.2402239997536526,95.57465199986837,10.463025279980902,133.314645,62.809,63.6,210.6,272.46484375,1800.0,3955075549000,1786515270759697408,33304,29970,2.4375,1.0165296792984009,975.4517211914062,3987
2026-08-12T15:14:30.993,168,unlabeled,0.2,0,1.7299619998993876,3.2094220000544738,88.2053730001644,0.23422499998559942,93.40914799986422,10.705589563898535,133.857373,62.322,52.6,219.0,272.46484375,1800.0,3955175464000,1786515270859612160,33304,11937,2.0,2.5052144527435303,1197.3577880859375,4169
2026-08-12T15:14:31.097,169,unlabeled,0.2,0,1.7232029999831866,3.131253999981709,89.70137000005707,0.23331700003836886,94.81860799996866,10.546453075965115,137.807529,62.809,62.5,211.8,272.46484375,1800.0,3955275379000,1786515270959527168,33304,23271,2.0,1.0000932216644287,1051.50634765625,4376
2026-08-12T15:14:31.198,170,unlabeled,0.2,0,1.7134069998974155,3.34644099984871,88.32665199997791,0.23135399987950223,93.64691000018865,10.678408929862027,138.615144,63.296,52.5,218.4,272.46484375,1800.0,3955375299000,1786515271059447296,33304,19811,2.0,1.0011965036392212,1080.6346435546875,4577
2026-08-12T15:14:31.303,171,unlabeled,0.2,0,1.6825170000629441,3.2368850002058025,89.73687000025166,0.23544699979538564,94.921887000055,10.53497809203288,143.823309,63.296,62.5,199.7,272.46484375,1800.0,3955475208000,1786515271159356160,33304,16985,2.0,1.0016728639602661,1113.440185546875,4749
2026-08-12T15:14:31.404,172,unlabeled,0.2,0,1.9409269998504897,3.3206080001946248,88.29496599992126,0.2638360001583351,93.84980200002246,10.655323492315526,144.974356,61.348,55.0,217.7,272.46875,1800.0,3955575124000,1786515271259272192,33304,16191,2.0,1.001512885093689,1126.1102294921875,4876
2026-08-12T15:14:31.511,173,unlabeled,0.2,0,1.7405920002602215,3.1709960003354354,91.82742899974983,0.26652099995772005,97.03559299987319,10.30549687063083,152.217348,61.835,63.6,213.0,272.47265625,1800.0,3955675038000,1786515271359186176,33304,16033,2.0,1.0017118453979492,1130.690185546875,4947
2026-08-12T15:14:31.612,174,unlabeled,0.2,0,1.771166000253288,3.242347999730555,88.18639099990833,0.22663199979433557,93.45911199989132,10.699866268803868,120.390596,62.809,53.8,208.6,272.47265625,1800.0,3955808261000,1786515271492409344,33304,16033,2.0,1.0017118453979492,1138.7724609375,5026
2026-08-12T15:14:31.716,175,unlabeled,0.2,0,1.689405999968585,3.271811000104208,89.73707399991326,0.2335770000172488,94.96177500022895,10.530552951412176,124.604514,62.322,66.7,221.1,272.47265625,1800.0,3955908176000,1786515271592324352,33304,16033,2.0,1.0017118453979492,1151.7137451171875,5074
2026-08-12T15:14:31.817,176,unlabeled,0.2,0,1.7247400000997004,3.227107999919099,88.2250020003994,0.23387300007016165,93.44087099998433,10.701955036358424,125.174222,62.322,52.6,218.9,272.47265625,1800.0,3956008092000,1786515271692240384,33304,15842,2.0,1.0013123750686646,1149.6185302734375,5113
2026-08-12T15:14:31.921,177,unlabeled,0.2,0,1.717850999739312,3.162069000154588,90.26778299994476,0.23366899995380663,95.41005800019775,10.48107527612998,129.713866,62.809,63.4,201.0,272.47265625,1800.0,3956108007000,1786515271792155392,33304,15842,2.0,1.0013123750686646,1151.37158203125,5147
2026-08-12T15:14:32.021,178,unlabeled,0.2,0,1.7102399997384055,3.0923279996386555,88.00979600027858,0.23376100034511182,93.07558999989851,10.74395553120953,129.886858,61.835,53.7,219.8,272.4765625,1800.0,3956207924000,1786515271892072192,33304,15842,2.0,1.0013123750686646,1154.149658203125,5176
2026-08-12T15:14:32.127,179,unlabeled,0.2,0,1.7009060002237675,3.1945329997142835,90.5246199999965,0.23228000009112293,95.68224700024075,10.451259573758588,135.992531,62.809,61.5,216.8,272.4765625,1800.0,3956307840000,1786515271991988224,33304,15842,2.0,1.0013123750686646,1146.197265625,5196
2026-08-12T15:14:32.228,180,unlabeled,0.2,0,1.733592000164208,3.1414770000992576,88.40556100039976,0.23372499981633155,93.54442900030335,10.690107478199018,136.797361,63.296,54.8,208.6,272.4765625,1800.0,3956407758000,1786515272091906304,33304,15842,2.0,1.0013123750686646,1143.69140625,5214
2026-08-12T15:14:32.332,181,unlabeled,0.2,0,1.705888000287814,3.136068999992858,89.84955699997954,0.23542799999631825,94.95618400023886,10.53117298813824,141.050019,61.835,63.4,211.2,272.4765625,1800.0,3956507670000,1786515272191818240,33304,15842,2.0,1.0013123750686646,1143.224853515625,5229
2026-08-12T15:14:32.433,182,unlabeled,0.2,0,1.8214080000689137,3.421738999804802,88.13613199981774,0.23200199984785286,93.64044799986004,10.679145832381051,141.965292,63.296,53.8,208.3,272.4765625,1800.0,3956607585000,1786515272291733248,33304,15842,2.0,1.0013123750686646,1142.12255859375,5240
2026-08-12T15:14:32.538,183,unlabeled,0.2,1,1.7259810001633014,3.2151069999599713,89.78490800018335,0.5060420003246691,95.26096399986272,10.497479324284825,146.493005,62.322,61.5,210.6,272.48046875,1800.0,3956707501000,1786515272391649280,33304,15842,2.0,1.0013123750686646,1143.3804931640625,5248
2026-08-12T15:14:32.644,184,unlabeled,0.2,1,2.8087139999115607,4.574232000322809,89.53053499999442,0.6173399997351225,97.56633999995756,10.249436434742094,119.574075,62.809,59.5,224.1,272.484375,1800.0,3956840722000,1786515272524870400,33304,15842,2.0,1.0013123750686646,1116.9071044921875,5258
2026-08-12T15:14:32.746,185,unlabeled,0.2,2,1.6997590000755736,3.223681000235956,88.31996699973388,0.9377879996463889,94.20997300003364,10.61458748109017,121.935325,62.322,53.8,216.8,272.484375,1800.0,3956940640000,1786515272624788224,33304,15842,2.0,1.0013123750686646,1092.726806640625,5254
2026-08-12T15:14:32.852,186,unlabeled,0.2,1,1.7293700002483092,3.2265330000882386,90.83767799984344,0.5310049996296584,96.35347599987654,10.37845277114114,127.950699,62.809,62.8,217.1,272.484375,1800.0,3957040553000,1786515272724701184,33304,16160,2.0,1.0011663436889648,1079.57666015625,5246
2026-08-12T15:14:32.957,187,unlabeled,0.2,1,1.850111999829096,5.354611000257137,88.19716900006824,0.7236550000015995,96.15873400025521,10.399471357405204,132.660067,63.296,59.5,200.7,272.484375,1800.0,3957140468000,1786515272824616192,33304,16572,2.0,1.001139521598816,1084.4501953125,5239
2026-08-12T15:14:33.060,188,unlabeled,0.2,1,1.7016290003084578,3.22579300018333,88.4412280001925,1.1879929998031002,94.58710699982475,10.572265414586079,135.943725,63.783,58.5,222.9,272.484375,1800.0,3957240385000,1786515272924533248,33304,16763,2.0,1.0005404949188232,1107.7432861328125,5236
2026-08-12T15:14:33.163,189,unlabeled,0.2,1,1.6984250000859902,3.4791289999702713,88.63332300006732,0.7287299999916286,94.56977300033031,10.57420323930044,139.163782,62.809,60.5,203.5,272.484375,1800.0,3957340300000,1786515273024448256,33304,16763,2.0,1.0005404949188232,1127.2650146484375,5236
2026-08-12T15:14:33.266,190,unlabeled,0.2,1,1.6987399999379704,3.3098489998337755,88.68871300001047,0.7573970001431007,94.4858650000242,10.58359364122606,142.356648,63.783,57.5,213.5,272.48828125,1800.0,3957440216000,1786515273124364288,33304,16604,2.0,1.0005030632019043,1131.8936767578125,5237
2026-08-12T15:14:33.368,191,unlabeled,0.2,1,1.9388529999559978,3.2557189997532987,88.58760000020993,0.7621750000907923,94.57275399972787,10.57386993301345,144.413746,63.783,53.7,215.7,272.48828125,1800.0,3957540135000,1786515273224283392,33304,16445,2.0,1.000975251197815,1132.1502685546875,5237
2026-08-12T15:14:33.473,192,unlabeled,0.2,1,1.6471829999318288,3.215607000129239,89.68055600007574,0.7512300003327255,95.32446599996547,10.490486251455762,116.399381,62.809,65.0,209.1,272.4921875,1800.0,3957673355000,1786515273357503232,33304,16287,2.0,1.0016047954559326,1136.9918212890625,5244
2026-08-12T15:14:33.575,193,unlabeled,0.2,1,1.6982030001599924,3.221034000034706,88.09144699989702,1.1715860000549583,94.21364000036192,10.614174338197298,118.460993,61.835,54.8,215.5,272.4921875,1800.0,3957773268000,1786515273457416192,33304,16287,2.0,1.0016047954559326,1137.667236328125,5249
2026-08-12T15:14:33.681,194,unlabeled,0.2,1,1.6867949998413678,3.282516000126634,89.79107599998315,0.7312110001294059,95.52135700005238,10.468862999920026,124.371998,63.296,64.3,217.6,272.4921875,1800.0,3957873184000,1786515273557332224,33304,16287,2.0,1.0016047954559326,1121.999267578125,5252
2026-08-12T15:14:33.782,195,unlabeled,0.2,1,1.7125180002039997,3.1659579999541165,88.21496700011267,0.7235260000015842,93.84628399993744,10.655722926660225,125.64293,64.757,53.7,207.6,272.4921875,1800.0,3957973098000,1786515273657246208,33304,16287,2.0,1.0016047954559326,1108.637451171875,5258
2026-08-12T15:14:33.891,196,unlabeled,0.2,1,1.7000359998746717,3.1526989996564225,92.21991499998694,0.7705639995947422,97.87388100039607,10.217230478435338,134.062808,62.809,63.4,212.3,272.49609375,1800.0,3958073015000,1786515273757163264,33304,16636,2.0,1.0018389225006104,1103.1441650390625,5264
2026-08-12T15:14:33.992,197,unlabeled,0.2,1,1.7434809997212142,3.157310000005964,88.02902099978382,0.7579519997307216,93.71726399967883,10.670392597071837,135.184801,62.809,52.5,207.9,272.49609375,1800.0,3958172931000,1786515273857079296,33304,16636,2.0,1.0018389225006104,1115.6846923828125,5268
2026-08-12T15:14:34.098,198,unlabeled,0.2,1,1.7069430000447028,3.459461000147712,90.65951100001257,0.5030610000176239,96.35806999995111,10.377957964501649,141.171757,62.809,62.8,217.2,272.49609375,1800.0,3958272846000,1786515273956994304,33304,16636,2.0,1.0018389225006104,1126.51904296875,5273
2026-08-12T15:14:34.199,199,unlabeled,0.2,1,1.9302790001347603,3.138827999919158,88.22604099987075,0.7281739999598358,94.05269400031102,10.632337655279636,142.568378,63.296,56.1,207.2,272.49609375,1800.0,3958372763000,1786515274056911360,33304,16636,2.0,1.0018389225006104,1129.663330078125,5277
2026-08-12T15:14:34.306,200,unlabeled,0.2,1,1.6837389998727303,3.1927920003909094,90.8274939997682,0.7613970001330017,96.49503499986167,10.363227496642013,149.599227,62.809,61.9,205.7,272.49609375,1800.0,3958472676000,1786515274156824320,33304,16477,2.0,1.0019252300262451,1132.36328125,5280
2026-08-12T15:14:34.408,201,unlabeled,0.2,1,1.821797000047809,3.317867999612645,88.26193100003366,0.798749000296084,94.23162199982471,10.612148860197484,118.408084,63.783,56.1,224.0,272.49609375,1800.0,3958605897000,1786515274290045184,33304,16477,2.0,1.0019252300262451,1131.742431640625,5284
2026-08-12T15:14:34.514,202,unlabeled,0.2,1,1.702442999885534,3.264682000008179,90.17385800007105,0.7273409996741975,95.89708400017116,10.427845751787563,124.674039,62.809,63.4,208.6,272.5,1800.0,3958705813000,1786515274389961216,33304,16477,2.0,1.0019252300262451,1130.9658203125,5287
2026-08-12T15:14:34.615,203,unlabeled,0.2,1,1.7003690004457894,3.1529210000371677,88.24778200005312,0.7245440001497627,93.85432199997013,10.654810334683557,126.064924,63.783,53.7,217.1,272.5,1800.0,3958805729000,1786515274489877248,33304,16477,2.0,1.0019252300262451,1131.6676025390625,5289
2026-08-12T15:14:34.723,204,unlabeled,0.2,1,1.722573000279226,3.1790890002412198,91.67826300017623,0.7353040000452893,97.34474699962448,10.272767980010855,134.072081,62.809,65.1,213.1,272.5,1800.0,3958905645000,1786515274589793280,33304,16350,2.0,1.000580906867981,1134.5811767578125,5291
2026-08-12T15:14:34.825,205,unlabeled,0.2,1,1.7509069998595805,3.085050999743544,88.2165050002186,0.7297490001292317,93.81284000028245,10.65952166032911,135.290563,64.27,54.8,207.7,272.5,1800.0,3959005560000,1786515274689708288,33304,16350,2.0,1.000580906867981,1135.286865234375,5294
2026-08-12T15:14:34.929,206,unlabeled,0.2,1,1.696294999874226,3.3593309999560006,89.54677700012326,0.7232299999486713,95.35455900004308,10.487175552870506,140.141804,63.783,63.4,219.5,272.5,1800.0,3959105475000,1786515274789623296,33304,16350,2.0,1.000580906867981,1135.86865234375,5296
2026-08-12T15:14:35.031,207,unlabeled,0.2,1,1.7169060001833714,3.369516000020667,88.16750400001183,0.7242669998959173,94.01034200027425,10.637127561955714,141.646458,63.783,52.6,216.9,272.5,1800.0,3959205393000,1786515274889541376,33304,16350,2.0,1.000580906867981,1136.0953369140625,5298
2026-08-12T15:14:35.137,208,unlabeled,0.2,1,1.7486670003563631,3.1139019997681316,91.43670499997825,0.7609340000271914,97.08876299964686,10.299853135461591,148.182255,63.296,63.6,206.6,272.50390625,1800.0,3959305308000,1786515274989456384,33304,16350,2.0,1.000580906867981,1135.858642578125,5300
2026-08-12T15:14:35.239,209,unlabeled,0.2,1,1.7108880001615034,3.140328999961639,88.19050500005687,0.9611949999452918,94.03250900004423,10.634619990832421,116.828807,63.783,55.0,215.9,272.50390625,1800.0,3959438527000,1786515275122675200,33304,16350,2.0,1.000580906867981,1136.2705078125,5303
2026-08-12T15:14:35.346,210,unlabeled,0.2,1,1.7170549999718787,3.260662999764463,91.5425950001918,0.7215450000330748,97.27020999980596,10.280639879383369,124.123748,63.296,64.3,205.4,272.50390625,1800.0,3959538444000,1786515275222592256,33304,16350,2.0,1.000580906867981,1136.2469482421875,5304
2026-08-12T15:14:35.448,211,unlabeled,0.2,1,1.7294260001108341,3.181218000008812,88.15811500016935,0.9728250001899141,94.07093600020744,10.63027585903679,125.743703,64.757,54.8,216.7,272.5078125,1800.0,3959638358000,1786515275322506240,33304,16350,2.0,1.000580906867981,1136.700927734375,5306
2026-08-12T15:14:35.554,212,unlabeled,0.2,1,1.7005909999170399,3.2557559998167562,91.46253800008708,0.9367879997626005,97.38504400002057,10.268517206808355,132.530899,64.757,63.4,215.5,272.5078125,1800.0,3959738275000,1786515275422423296,33304,16350,2.0,1.000580906867981,1136.43603515625,5308
2026-08-12T15:14:35.657,213,unlabeled,0.2,1,1.7080550001082884,3.1668470001022797,89.2014780001773,0.7276190003722149,94.83235100015008,10.544924695565307,134.874726,62.809,53.8,215.2,272.5078125,1800.0,3959838190000,1786515275522338304,33304,16350,2.0,1.000580906867981,1137.0179443359375,5310
2026-08-12T15:14:35.762,214,unlabeled,0.2,1,2.1989120000398543,3.1768669996381504,88.6041200001273,0.7625080002071627,94.77531399988948,10.551270766574998,139.785302,63.783,57.1,209.9,272.51171875,1800.0,3959938105000,1786515275622253312,33304,16350,2.0,1.000580906867981,1136.88134765625,5310
2026-08-12T15:14:35.864,215,unlabeled,0.2,1,1.762481000241678,3.211384999758593,88.36948799989841,0.7567860002382076,94.12958500024615,10.623652489250697,142.560771,62.809,57.5,214.2,272.51171875,1800.0,3960038022000,1786515275722170368,33304,16350,2.0,1.000580906867981,1136.1148681640625,5310
2026-08-12T15:14:35.967,216,unlabeled,0.2,1,1.760314999955881,3.326849000131915,88.62202800037267,0.7258959999489889,94.46488399998998,10.585944296508172,145.658045,62.809,60.5,213.5,272.51171875,1800.0,3960137938000,1786515275822086400,33304,16350,2.0,1.000580906867981,1135.3897705078125,5310
2026-08-12T15:14:36.071,217,unlabeled,0.2,1,1.769278000210761,3.152607000174612,88.55321300006835,1.1686789998748282,94.67379399984566,10.562585038069038,115.945541,63.783,57.5,222.2,272.51171875,1800.0,3960271157000,1786515275955305216,33304,16350,2.0,1.000580906867981,1134.7750244140625,5312
2026-08-12T15:14:36.173,218,unlabeled,0.2,1,1.7582039999979315,3.1429580003532465,87.98029899980975,1.210012000228744,94.12114099995961,10.624605581443484,118.10543,63.783,53.7,205.6,272.51171875,1800.0,3960371074000,1786515276055222272,33304,16350,2.0,1.000580906867981,1134.3935546875,5313
2026-08-12T15:14:36.281,219,unlabeled,0.2,1,1.7204250002578192,3.2061819997579732,90.6798460000573,1.1772339998969983,96.81261300011101,10.329232617643047,126.146502,63.296,64.3,213.3,272.51171875,1800.0,3960470989000,1786515276155137280,33304,16350,2.0,1.000580906867981,1133.689453125,5314
2026-08-12T15:14:36.382,220,unlabeled,0.2,1,1.7207959999723244,3.1808480002837314,88.46980399994209,0.4998389999855135,93.8999159998275,10.649636789896991,127.392443,64.27,52.6,207.6,272.515625,1800.0,3960570905000,1786515276255053312,33304,16350,2.0,1.000580906867981,1133.2177734375,5315
2026-08-12T15:14:36.490,221,unlabeled,0.2,1,1.7219989999830432,3.253144999689539,91.47446499991929,0.725934000001871,97.20457999992504,10.287581099581637,135.280847,63.783,62.8,213.3,272.515625,1800.0,3960670820000,1786515276354968320,33304,16350,2.0,1.000580906867981,1133.0987548828125,5314
2026-08-12T15:14:36.591,222,unlabeled,0.2,1,1.7248690000997158,3.189458999713679,88.439322999875,0.7252479999806383,94.10888100001102,10.625989698037987,136.948964,62.809,53.7,216.5,272.515625,1800.0,3960770735000,1786515276454883328,33304,16350,2.0,1.000580906867981,1133.396484375,5314
2026-08-12T15:14:36.699,223,unlabeled,0.2,1,1.6898139997465478,3.179496000029758,92.15975000006438,0.7299149997379573,97.78756800005795,10.226248800864006,145.041859,63.783,65.1,203.7,272.515625,1800.0,3960870652000,1786515276554800384,33304,16350,2.0,1.000580906867981,1132.8914794921875,5314
2026-08-12T15:14:36.802,224,unlabeled,0.2,1,2.0082060000277124,3.34368199992241,88.34222899986344,1.1596969998208806,94.88805599994521,10.538734190113216,147.538726,64.27,52.5,214.9,272.515625,1800.0,3960970567000,1786515276654715392,33304,16350,2.0,1.000580906867981,1132.6402587890625,5313
2026-08-12T15:14:36.912,225,unlabeled,0.2,1,1.7490740001449012,3.3003119997374597,94.02232500042373,0.7568229998469178,99.859182000273,10.014101657644925,124.290018,64.27,62.2,209.2,272.515625,1800.0,3961103788000,1786515276787936256,33304,16350,2.0,1.000580906867981,1162.5130615234375,5313
2026-08-12T15:14:37.014,226,unlabeled,0.2,1,1.8204820003120403,3.203624999969179,88.49443500002963,0.9514910002508259,94.50196000034339,10.581791107786191,126.192688,63.783,53.7,206.2,272.51953125,1800.0,3961203704000,1786515276887852288,33304,15937,2.0,1.0010673999786377,1156.863037109375,5312
2026-08-12T15:14:37.124,227,unlabeled,0.2,1,1.7343519998576085,3.324516000247968,93.67969200002335,0.728692999928171,99.49954900002922,10.050296810890131,136.330005,63.783,58.5,208.9,272.5234375,1800.0,3961303619000,1786515276987767296,33304,15779,2.0,1.001556158065796,1160.030517578125,5312
2026-08-12T15:14:37.226,228,unlabeled,0.2,1,1.7385360001753725,3.5505920000105107,88.53832399972816,0.5042269999648852,94.36673699974563,10.596954306078164,138.356719,63.783,55.0,215.9,272.5234375,1800.0,3961403534000,1786515277087682304,33304,15779,2.0,1.001556158065796,1145.452880859375,5312
2026-08-12T15:14:37.337,229,unlabeled,0.2,1,1.7537399999127956,3.428905999953713,95.58176700011245,0.5397459999585408,101.34193899966704,9.867583054664916,150.25029,64.27,59.5,205.6,272.5234375,1800.0,3961503450000,1786515277187598336,33304,15779,2.0,1.001556158065796,1143.279052734375,5312
2026-08-12T15:14:37.439,230,unlabeled,0.2,1,1.7002399999910267,3.2225509999079804,88.49099099961677,0.7741190001979703,94.21866100001353,10.613608699022548,119.035617,63.783,54.8,224.0,272.5234375,1800.0,3961636670000,1786515277320818176,33304,15779,2.0,1.001556158065796,1139.419189453125,5313
2026-08-12T15:14:37.548,231,unlabeled,0.2,1,1.6888879999896744,3.29525699999067,92.13786200007235,1.2058089996571653,98.35766700007298,10.166975595296075,127.682093,64.27,62.8,194.8,272.5234375,1800.0,3961736587000,1786515277420735232,33304,15779,2.0,1.001556158065796,1139.23876953125,5314
2026-08-12T15:14:37.651,232,unlabeled,0.2,1,1.7117950001193094,3.2486449999851175,89.59529799994925,0.7690259999435511,95.35656199977893,10.486955265882155,130.404721,64.27,55.0,214.4,272.52734375,1800.0,3961836502000,1786515277520650240,33304,15779,2.0,1.001556158065796,1139.6107177734375,5314
2026-08-12T15:14:37.757,233,unlabeled,0.2,1,1.6957399998318579,3.153291999751673,88.83671600005982,0.7296559997485019,94.4450520000828,10.588167181051723,136.505837,63.783,61.9,216.9,272.52734375,1800.0,3961936419000,1786515277620567296,33304,15779,2.0,1.001556158065796,1143.662841796875,5314
2026-08-12T15:14:37.858,234,unlabeled,0.2,1,1.6869250002855551,3.307682000013301,88.16815399995903,0.9399909999956435,94.13280800026769,10.623288747501894,138.113756,64.757,51.3,216.7,272.52734375,1800.0,3962036333000,1786515277720481280,33304,15779,2.0,1.001556158065796,1141.146240234375,5313
2026-08-12T15:14:37.964,235,unlabeled,0.2,1,1.7458699999224336,3.179496000029758,90.4483250001249,0.7735630001661775,96.18183000020508,10.396974147797643,143.613009,63.783,66.7,208.4,272.52734375,1800.0,3962136251000,1786515277820399360,33304,15779,2.0,1.001556158065796,1141.19677734375,5313
2026-08-12T15:14:38.065,236,unlabeled,0.2,1,1.7728329999044945,3.3485899998595414,88.08022699986395,0.938380000206962,94.17217899999741,10.618847419894866,145.545438,64.27,52.5,216.3,272.52734375,1800.0,3962236170000,1786515277920318208,33304,15779,2.0,1.001556158065796,1140.9014892578125,5312
2026-08-12T15:14:38.171,237,unlabeled,0.2,1,1.594238000052428,3.3356829999320325,89.67861400014954,0.7498780000787519,95.39119199962443,10.483148171625082,117.575695,63.296,63.4,208.8,272.52734375,1800.0,3962369386000,1786515278053534208,33304,15779,2.0,1.001556158065796,1140.7567138671875,5311
2026-08-12T15:14:38.274,238,unlabeled,0.2,1,1.856131000295136,3.180737000093359,89.3217029997686,0.7509150000259979,95.13885600017602,10.510952538657286,120.649212,63.783,54.8,213.6,272.53125,1800.0,3962469302000,1786515278153450240,33304,15779,2.0,1.001556158065796,1140.786376953125,5311
2026-08-12T15:14:38.381,239,unlabeled,0.2,1,1.738925999688945,3.2282550000672927,91.11501799998223,0.7329519999075274,96.84461500000907,10.325819355055584,128.277027,63.783,64.3,214.1,272.53515625,1800.0,3962569216000,1786515278253364224,33304,15779,2.0,1.001556158065796,1140.18359375,5310
2026-08-12T15:14:38.483,240,unlabeled,0.2,1,1.7397589999745833,3.215384999748494,87.95724499987045,1.15051200009475,94.09199300034743,10.627896892313755,129.863708,64.27,53.8,216.8,272.53515625,1800.0,3962669133000,1786515278353281280,33304,15779,2.0,1.001556158065796,1140.223388671875,5311
2026-08-12T15:14:38.589,241,unlabeled,0.2,1,1.7237030001524545,3.12977299972772,90.48854899992875,1.1570490000849531,96.52983300020423,10.359491660965416,136.167597,63.296,62.8,207.1,272.5390625,1800.0,3962769048000,1786515278453196288,33304,15779,2.0,1.001556158065796,1139.7730712890625,5311
2026-08-12T15:14:38.691,242,unlabeled,0.2,1,1.7294069998570194,3.130551000140258,88.58788099996673,0.9391950002282101,94.41570099988894,10.591458723599121,138.013132,63.296,53.8,216.2,272.5390625,1800.0,3962868965000,1786515278553113344,33304,15779,2.0,1.001556158065796,1139.2928466796875,5311
2026-08-12T15:14:38.803,243,unlabeled,0.2,1,2.0252799999980198,4.493676000038249,90.44876999996632,0.9586950000084471,97.9558110002472,10.20868481194522,150.595129,64.27,63.8,204.2,272.5390625,1800.0,3962968879000,1786515278653027328,33304,15779,2.0,1.001556158065796,1138.8740234375,5311
2026-08-12T15:14:38.905,244,unlabeled,0.2,1,1.7660560001786507,3.047975999834307,88.02796700001636,1.0291959997630329,93.90260300006048,10.649332053120572,118.855681,63.296,53.8,216.3,272.54296875,1800.0,3963102101000,1786515278786249216,33304,15779,2.0,1.001556158065796,1139.2261962890625,5310
2026-08-12T15:14:39.014,245,unlabeled,0.2,1,1.7065360002561647,3.2207190001827257,92.8943519998029,0.7264890000442392,98.57678099979239,10.144376696598625,128.722787,63.296,59.5,201.0,272.54296875,1800.0,3963202017000,1786515278886165248,33304,15779,2.0,1.001556158065796,1139.5885009765625,5310
2026-08-12T15:14:39.116,246,unlabeled,0.2,1,1.7216279998137907,3.178459000082512,88.07113600005323,0.7307660002879857,93.731619999744,10.668758312325458,129.928124,64.27,53.7,217.5,272.54296875,1800.0,3963301932000,1786515278986080256,33304,15779,2.0,1.001556158065796,1139.74658203125,5310
2026-08-12T15:14:39.226,247,unlabeled,0.2,1,1.7473879997851327,3.1362179997813655,95.7085290001487,0.9428250000382832,101.56483100035985,9.845927868441557,140.794814,63.783,61.4,198.6,272.54296875,1800.0,3963401848000,1786515279085996288,33304,15779,2.0,1.001556158065796,1139.7906494140625,5310
2026-08-12T15:14:39.328,248,unlabeled,0.2,1,1.779796999926475,3.653446000043914,88.23828600043271,0.7679709997319151,94.47303499973714,10.585030956217109,142.707806,64.27,54.8,225.9,272.54296875,1800.0,3963501763000,1786515279185911296,33304,15779,2.0,1.001556158065796,1139.34814453125,5311
2026-08-12T15:14:39.434,249,unlabeled,0.2,1,1.7297770000368473,3.2913860000007844,90.3206399998453,0.7271739996213,96.0980150002797,10.406042205940356,148.525958,63.783,64.3,207.9,272.54296875,1800.0,3963601680000,1786515279285828352,33304,15779,2.0,1.001556158065796,1138.986083984375,5311
2026-08-12T15:14:39.536,250,unlabeled,0.2,1,1.6882400000213238,3.169235999848752,88.32697100024234,0.9878249998109823,94.202236000001,10.615459276359315,117.162952,63.296,54.8,216.1,272.54296875,1800.0,3963734900000,1786515279419048192,33304,15779,2.0,1.001556158065796,1143.4156494140625,5311
2026-08-12T15:14:39.642,251,unlabeled,0.2,1,1.6971469999589317,3.21336600018185,90.8066079996388,0.7241369999064773,96.47059300004912,10.365853146559292,123.328168,64.27,66.7,216.9,272.54296875,1800.0,3963834816000,1786515279518964224,33304,15779,2.0,1.001556158065796,1142.214111328125,5311
2026-08-12T15:14:39.743,252,unlabeled,0.2,1,1.7179430001306173,3.199884999958158,88.32682299998851,0.7193410001491429,93.99249300031443,10.63914753273599,124.78706,64.27,54.8,207.1,272.54296875,1800.0,3963934741000,1786515279618889216,33304,15779,2.0,1.001556158065796,1140.74560546875,5311
2026-08-12T15:14:39.851,253,unlabeled,0.2,1,1.7019810002238955,3.140476999760722,91.76767399958408,0.7301549999283452,97.37010200024088,10.270092969580396,132.555906,64.27,62.8,213.6,272.54296875,1800.0,3964034647000,1786515279718795264,33304,15779,2.0,1.001556158065796,1140.2264404296875,5311
2026-08-12T15:14:39.952,254,unlabeled,0.2,1,1.761628999702225,3.140569000152027,88.14922900000965,0.5416170001808496,93.62054499979422,10.681416135765906,133.638175,63.296,55.0,217.9,272.54296875,1800.0,3964134564000,1786515279818712320,33304,15779,2.0,1.001556158065796,1140.6820068359375,5311
2026-08-12T15:14:40.057,255,unlabeled,0.2,1,1.7117590000452765,3.352034999807074,90.91279500034943,0.5063939997853595,96.51385300003312,10.361206903631304,139.315342,64.27,65.2,198.8,272.54296875,1800.0,3964234478000,1786515279918626304,33304,15779,2.0,1.001556158065796,1140.1024169921875,5312
2026-08-12T15:14:40.159,256,unlabeled,0.2,1,1.7114439997385489,3.063365000343765,88.50019600004089,1.1851790000037,94.52048000002833,10.579717750054806,141.304749,64.27,53.7,215.8,272.546875,1800.0,3964334392000,1786515280018540288,33304,15779,2.0,1.001556158065796,1140.6878662109375,5312
2026-08-12T15:14:40.266,257,unlabeled,0.2,1,1.723461999972642,3.2485709998582024,91.08446399977765,0.9669920000305865,97.05532199996014,10.303402012312223,148.107307,63.783,63.6,205.9,272.546875,1800.0,3964434311000,1786515280118459392,33304,15779,2.0,1.001556158065796,1141.764404296875,5313
2026-08-12T15:14:40.369,258,unlabeled,0.2,1,1.770036999914737,3.3036459999493673,88.9238300001125,0.9863619998213835,95.01693099991826,10.524440112687499,118.149759,64.757,53.7,222.8,272.55078125,1800.0,3964567528000,1786515280251676160,33304,15779,2.0,1.001556158065796,1143.6937255859375,5314
2026-08-12T15:14:40.480,259,unlabeled,0.2,1,1.7084250002881163,3.1693850000920065,93.32643100015048,0.7339710000451305,98.9666750001561,10.104411409178116,128.510728,64.27,61.9,208.8,272.55078125,1800.0,3964667443000,1786515280351591168,33304,15779,2.0,1.001556158065796,1143.5347900390625,5314
2026-08-12T15:14:40.581,260,unlabeled,0.2,1,1.7638700001043617,3.2297740003741637,88.17678500008697,0.7292669997696066,93.9312149998841,10.646088204024975,129.940599,63.783,52.5,207.3,272.55078125,1800.0,3964767359000,1786515280451507200,33304,15779,2.0,1.001556158065796,1144.73095703125,5314
2026-08-12T15:14:40.689,261,unlabeled,0.2,1,1.7174810000142315,3.15618100012216,92.56132999962574,0.9947879998435383,98.46037299985255,10.156370218113002,137.648586,63.783,61.9,204.4,272.5546875,1800.0,3964867276000,1786515280551424256,33304,15779,2.0,1.001556158065796,1144.385986328125,5314
2026-08-12T15:14:40.790,262,unlabeled,0.2,1,1.7391660003340803,3.4816839997802163,88.46047299994098,0.7575629997518263,94.46790599986343,10.585605655337016,139.513654,63.783,51.3,216.1,272.55859375,1800.0,3964967194000,1786515280651342336,33304,15779,2.0,1.001556158065796,1144.906494140625,5313
2026-08-12T15:14:40.900,263,unlabeled,0.2,1,1.666276000378275,3.231977999803348,92.98274200000378,0.7452109998666856,98.65607900019313,10.13622282716144,148.758192,62.809,63.6,210.5,272.55859375,1800.0,3965067108000,1786515280751256320,33304,15779,2.0,1.001556158065796,1144.0089111328125,5312
2026-08-12T15:14:41.001,264,unlabeled,0.2,1,1.749166000081459,3.2787739996820164,88.01120999987688,0.7460080000782909,93.81828799996583,10.658902665121795,117.025173,63.783,52.5,207.0,272.55859375,1800.0,3965200327000,1786515280884475392,33304,15779,2.0,1.001556158065796,1143.907470703125,5311
2026-08-12T15:14:41.108,265,unlabeled,0.2,1,1.7121470000347472,3.0904579998605186,91.8128789999173,0.9812510002120689,97.62588400008099,10.243185096271912,124.055775,63.783,64.3,215.2,272.55859375,1800.0,3965300242000,1786515280984390400,33304,15779,2.0,1.001556158065796,1143.2633056640625,5311
2026-08-12T15:14:41.210,266,unlabeled,0.2,1,1.7383879999215424,3.3010160000230826,88.43702900003336,0.9396579998792731,94.44896200011499,10.587728851893392,125.944019,62.322,52.5,206.3,272.55859375,1800.0,3965400158000,1786515281084306176,33304,15779,2.0,1.001556158065796,1142.9959716796875,5311
2026-08-12T15:14:41.318,267,unlabeled,0.2,1,1.729313999931037,3.2492190002813004,92.05895499962935,1.1516409999785537,98.22153799996158,10.18106639707058,133.86163,63.783,63.6,213.3,272.55859375,1800.0,3965500073000,1786515281184221184,33304,15779,2.0,1.001556158065796,1143.1082763671875,5310
2026-08-12T15:14:41.419,268,unlabeled,0.2,1,1.7330180003227724,3.1124770002861624,88.40841800019916,0.7563960002698877,94.03871699987576,10.6339179425568,135.30015,63.783,55.0,217.0,272.5625,1800.0,3965599989000,1786515281284137216,33304,15779,2.0,1.001556158065796,1143.0137939453125,5310
2026-08-12T15:14:41.526,269,unlabeled,0.2,1,1.7136659998868708,3.1834589999562013,90.20612199992684,0.9395649999532907,96.07216399990648,10.408842253214713,141.962897,61.835,61.9,215.8,272.5625,1800.0,3965699904000,1786515281384052224,33304,15779,2.0,1.001556158065796,1143.220947265625,5311
2026-08-12T15:14:41.627,270,unlabeled,0.2,1,1.8308339999748569,3.3391279998795653,88.41121399973417,0.729525999759062,94.33981299980587,10.59997861138497,143.834009,63.296,54.8,206.3,272.5625,1800.0,3965799821000,1786515281483969280,33304,15779,2.0,1.001556158065796,1142.970703125,5311
2026-08-12T15:14:41.736,271,unlabeled,0.2,1,1.7461290003666363,7.625357000051736,89.67343099993741,0.8077309998952842,99.88564800005406,10.011448291344706,152.899391,63.296,60.5,209.9,272.5625,1800.0,3965899736000,1786515281583884288,33304,15779,2.0,1.001556158065796,1143.69287109375,5311
2026-08-12T15:14:41.838,272,unlabeled,0.2,1,1.7042019999280456,3.236626000216347,88.3221950002735,0.7203770001069643,94.01167999976678,10.636976171497848,121.627321,63.783,52.5,207.3,272.5625,1800.0,3966032958000,1786515281717106176,33304,15779,2.0,1.001556158065796,1143.901611328125,5311
2026-08-12T15:14:41.947,273,unlabeled,0.2,1,1.7042029999174702,3.196885000306793,92.22543899977609,0.9424730001228454,98.09864799990464,10.193820408217778,130.400669,63.296,63.6,220.7,272.56640625,1800.0,3966132872000,1786515281817020160,33304,15779,2.0,1.001556158065796,1143.59521484375,5310
2026-08-12T15:14:42.048,274,unlabeled,0.2,1,1.7246659999727854,3.1136429997786763,87.95885700010331,1.230327000030229,94.05573599997297,10.631993778670632,131.914709,64.27,52.5,207.1,272.5703125,1800.0,3966232788000,1786515281916936192,33304,15779,2.0,1.001556158065796,1144.32568359375,5310
2026-08-12T15:14:42.155,275,unlabeled,0.2,1,1.700424999853567,3.2101440001497394,91.1781320000955,0.9382319999531319,97.05684200025644,10.303240651466465,138.511585,62.809,62.8,215.9,272.5703125,1800.0,3966332703000,1786515282016851200,33304,15779,2.0,1.001556158065796,1143.6348876953125,5309
2026-08-12T15:14:42.257,276,unlabeled,0.2,1,1.742833000207611,3.1495510002059746,88.67634699981863,0.9486199996899813,94.54666700003145,10.576787439790632,140.571334,62.809,55.0,206.0,272.5703125,1800.0,3966432619000,1786515282116767232,33304,15779,2.0,1.001556158065796,1144.8734130859375,5308
2026-08-12T15:14:42.367,277,unlabeled,0.2,1,1.7206659999828844,3.150459000153205,95.30615699986811,0.9598990000085905,101.1683660003655,9.884512714146112,151.116154,62.809,64.4,217.0,272.5703125,1800.0,3966532535000,1786515282216683264,33304,15779,2.0,1.001556158065796,1158.197021484375,5307
2026-08-12T15:14:42.470,278,unlabeled,0.2,1,1.8112779998773476,3.2419039998785593,88.50978899999973,1.1554199995771341,94.74722499999189,10.55439882276326,120.988382,63.296,53.7,213.3,272.57421875,1800.0,3966665756000,1786515282349904384,33304,15779,2.0,1.001556158065796,1151.869140625,5306
2026-08-12T15:14:42.578,279,unlabeled,0.2,1,1.7049989996849035,3.2868309999685152,92.3553110001194,0.9723799998937466,98.3513370001674,10.167629952994924,129.06968,63.783,60.0,213.3,272.578125,1800.0,3966765674000,1786515282449822208,33304,15779,2.0,1.001556158065796,1148.984375,5306
2026-08-12T15:14:42.681,280,unlabeled,0.2,1,1.7255170000680664,3.154014999836363,89.0477389998523,0.9700099999463418,94.92624600034105,10.534494327273904,131.382375,63.783,56.1,215.2,272.578125,1800.0,3966865587000,1786515282549735168,33304,15779,2.0,1.001556158065796,1148.0313720703125,5306
2026-08-12T15:14:42.792,281,unlabeled,0.2,1,3.4079790002579102,5.239721000179998,91.5285250002853,1.1868820001836866,101.39318299980005,9.862595989337587,143.138312,64.757,61.4,197.0,272.578125,1800.0,3966965504000,1786515282649652224,33304,15779,2.0,1.001556158065796,1148.23583984375,5305
2026-08-12T15:14:42.894,282,unlabeled,0.2,1,1.9385199998396274,3.2834420003382547,88.07197100031772,0.9370840002702607,94.25986799988095,10.608968813761367,144.988495,62.809,51.3,206.3,272.578125,1800.0,3967065425000,1786515282749573376,33304,15779,2.0,1.001556158065796,1148.8642578125,5304
2026-08-12T15:14:42.999,283,unlabeled,0.2,1,1.7593699999451928,3.192144999957236,90.36377200027346,0.7427300001836556,96.09236799997234,10.40665373133783,150.480226,64.27,63.6,218.0,272.58203125,1800.0,3967165334000,1786515282849482240,33304,15779,2.0,1.001556158065796,1149.8358154296875,5303
2026-08-12T15:14:43.102,284,unlabeled,0.2,2,1.7360179999741376,3.2824970003275666,88.11241600005815,1.1975679999522981,94.36374000006253,10.597290866166786,119.344463,63.296,53.7,214.4,272.58203125,1800.0,3967298555000,1786515282982703360,33304,15779,2.0,1.001556158065796,1147.8916015625,5303
2026-08-12T15:14:43.211,285,unlabeled,0.2,1,1.7162210001515632,3.23138600015227,92.00777100022606,0.9659920001467981,97.95298100016225,10.208979755280174,128.785846,63.783,63.6,211.5,272.58984375,1800.0,3967398471000,1786515283082619392,33304,15779,2.0,1.001556158065796,1146.0538330078125,5303
2026-08-12T15:14:43.313,286,unlabeled,0.2,1,1.7547590000503988,3.1039589998727024,88.5090870001477,1.2014570002065739,94.60057600017535,10.57076016110247,130.871564,63.296,53.8,206.0,272.58984375,1800.0,3967498386000,1786515283182534400,33304,15779,2.0,1.001556158065796,1143.868896484375,5302
2026-08-12T15:14:43.419,287,unlabeled,0.2,1,1.7289259999415663,3.214441000181978,90.89474099982908,0.9400470003129158,96.807710000121,10.329755760142968,137.120948,64.27,62.8,225.9,272.58984375,1800.0,3967598302000,1786515283282450176,33304,15779,2.0,1.001556158065796,1142.8114013671875,5303
2026-08-12T15:14:43.521,288,unlabeled,0.2,1,1.7020549998960632,3.4867029999077204,88.43169700003273,0.7269889997587597,94.40614799996183,10.592530477998153,138.988613,63.783,53.8,206.4,272.58984375,1800.0,3967698223000,1786515283382371328,33304,15779,2.0,1.001556158065796,1141.8260498046875,5303
2026-08-12T15:14:43.630,289,unlabeled,0.2,1,1.7911109998749453,3.1822740002098726,94.14534899997307,0.8664349998070975,100.02079800005959,9.997920632460904,148.572233,65.244,61.4,200.8,272.58984375,1800.0,3967798133000,1786515283482281216,33304,15779,2.0,1.001556158065796,1141.773681640625,5303
2026-08-12T15:14:43.733,290,unlabeled,0.2,1,1.7385179999109823,3.287052999894513,88.91892400015422,0.7446549998348928,94.71816899986152,10.55763651851697,117.741326,64.757,53.8,214.9,272.58984375,1800.0,3967931354000,1786515283615502336,33304,15779,2.0,1.001556158065796,1142.70703125,5303
2026-08-12T15:14:43.843,291,unlabeled,0.2,1,1.6908319998947263,3.3201269998244243,93.60263999997187,0.7556369996564172,99.3994410000596,10.060418750236236,128.12002,64.27,60.5,208.5,272.59375,1800.0,3968031269000,1786515283715417344,33304,15779,2.0,1.001556158065796,1146.3914794921875,5303
2026-08-12T15:14:43.944,292,unlabeled,0.2,1,1.7616850000194972,3.099033000125928,88.12111999986882,0.9859739998319128,93.99671799974385,10.638669320376964,129.541115,65.244,53.7,217.3,272.59375,1800.0,3968131185000,1786515283815333376,33304,15779,2.0,1.001556158065796,1148.5262451171875,5303
2026-08-12T15:14:44.055,293,unlabeled,0.2,1,1.6994070001601358,3.2008670000323036,94.90796799991585,0.9454169999116857,100.78167700021368,9.922438579761675,139.830642,66.218,60.5,199.6,272.59375,1800.0,3968231100000,1786515283915248384,33304,15779,2.0,1.001556158065796,1150.4462890625,5302
2026-08-12T15:14:44.157,294,unlabeled,0.2,1,1.7466109998167667,3.2475159996465663,88.55680999977267,0.9778059998097888,94.55774299976838,10.575548530197569,141.902927,65.244,53.7,215.7,272.59375,1800.0,3968331016000,1786515284015164160,33304,15779,2.0,1.001556158065796,1148.8416748046875,5301
2026-08-12T15:14:44.264,295,unlabeled,0.2,1,1.752591999775177,3.2693859998289554,92.18430999999327,1.0100110002895235,98.24959599973226,10.178158900548812,149.655794,65.244,62.8,213.6,272.59375,1800.0,3968430935000,1786515284115083264,33304,15779,2.0,1.001556158065796,1147.622802734375,5300
2026-08-12T15:14:44.366,296,unlabeled,0.2,1,1.7217770000570454,3.3322570002383145,88.5164020000957,0.9664740000516758,94.56666900041455,10.574550320637986,118.637031,65.731,51.3,213.6,272.59375,1800.0,3968564153000,1786515284248301312,33304,15779,2.0,1.001556158065796,1146.51123046875,5299
2026-08-12T15:14:44.477,297,unlabeled,0.2,1,1.7201660002683639,3.180847999828984,93.3176190001177,0.7216920002974803,98.9698620001036,10.104086029734518,128.89591,65.244,64.4,210.3,272.59375,1800.0,3968664068000,1786515284348216320,33304,15779,2.0,1.001556158065796,1146.0081787109375,5300
2026-08-12T15:14:44.578,298,unlabeled,0.2,1,1.7145730002994242,3.146144000311324,88.22489900012442,1.1485670002002735,94.26097999994454,10.608843659386826,130.565372,64.757,52.5,206.7,272.59375,1800.0,3968763988000,1786515284448136192,33304,15779,2.0,1.001556158065796,1147.13623046875,5301
2026-08-12T15:14:44.688,299,unlabeled,0.2,1,1.6802400000415219,3.229034000014508,93.04774600013843,0.9384909999425872,98.92432500009818,10.108737158418897,140.091088,64.757,65.1,210.1,272.59375,1800.0,3968863901000,1786515284548049152,33304,15779,2.0,1.001556158065796,1146.7044677734375,5302
2026-08-12T15:14:44.789,300,unlabeled,0.2,1,1.745221999954083,3.406221000204823,88.18508400008795,0.9396020000167482,94.30931399992915,10.603406573403252,141.815304,65.731,54.8,216.5,272.59375,1800.0,3968963816000,1786515284647964160,33304,15779,2.0,1.001556158065796,1145.781982421875,5302
2026-08-12T15:14:44.898,301,unlabeled,0.2,1,1.7049799998858362,3.120625000065047,92.23375600004147,1.1659940000754432,98.25555900033578,10.17754120147627,150.777126,64.27,61.0,201.9,272.59375,1800.0,3969063732000,1786515284747880192,33304,15779,2.0,1.001556158065796,1145.17138671875,5301
2026-08-12T15:14:45.000,302,unlabeled,0.2,1,1.7506479998701252,3.230477999750292,88.3236399999987,0.7908600000519073,94.12816400026713,10.623812868560382,119.510355,65.244,53.7,224.4,272.59375,1800.0,3969196951000,1786515284881099264,33304,15779,2.0,1.001556158065796,1144.6905517578125,5300
2026-08-12T15:14:45.106,303,unlabeled,0.2,1,1.7163699999400706,3.213719000086712,89.95323199997074,0.9627510003156203,95.87585000008403,10.430155247636643,125.477999,64.757,61.0,209.0,272.59765625,1800.0,3969296867000,1786515284981015296,33304,15779,2.0,1.001556158065796,1144.381103515625,5299
2026-08-12T15:14:45.207,304,unlabeled,0.2,1,1.7365180001434055,3.1738099996800884,88.29684499960422,0.4973009999957867,93.73262400004023,10.668644035822263,126.601421,64.757,55.0,217.6,272.59765625,1800.0,3969396784000,1786515285080932352,33304,15779,2.0,1.001556158065796,1144.128173828125,5298
2026-08-12T15:14:45.317,305,unlabeled,0.2,1,1.7134989998339734,3.153365999878588,93.49936199987496,0.7273410001289449,99.12371699965661,10.088402960145897,136.319356,64.757,63.6,200.7,272.59765625,1800.0,3969496698000,1786515285180846336,33304,15779,2.0,1.001556158065796,1144.625244140625,5296
2026-08-12T15:14:45.418,306,unlabeled,0.2,1,1.6862769998624572,3.3027559998117795,88.6350340001627,0.73060099975919,94.3846489999487,10.594943251847486,138.165748,65.731,51.3,216.2,272.59765625,1800.0,3969596615000,1786515285280763392,33304,15779,2.0,1.001556158065796,1145.23876953125,5296
2026-08-12T15:14:45.524,307,unlabeled,0.2,1,1.7108880001615034,3.1063100000210397,90.85881600003631,0.7295810000869096,96.43459600010829,10.369722500821977,144.308275,65.731,61.9,207.4,272.59765625,1800.0,3969696529000,1786515285380677376,33304,15779,2.0,1.001556158065796,1146.0684814453125,5295
2026-08-12T15:14:45.626,308,unlabeled,0.2,1,1.7783889998099767,3.2696449998184107,88.34754899999098,0.7798040001034678,94.21040600000197,10.614538695438581,145.949082,64.757,55.0,216.6,272.59765625,1800.0,3969796447000,1786515285480595200,33304,15779,2.0,1.001556158065796,1146.994873046875,5295
2026-08-12T15:14:45.736,309,unlabeled,0.2,1,1.6959989998213132,8.72236899976997,89.5785990001059,1.0007509999923059,101.02708800013716,9.898335385046854,156.118175,64.757,60.9,218.1,272.6015625,1800.0,3969896360000,1786515285580508160,33304,15779,2.0,1.001556158065796,1149.0858154296875,5295
2026-08-12T15:14:45.837,310,unlabeled,0.2,1,1.7380730000695621,3.1185879997792654,88.12562100001742,0.7309890002034081,93.7432349996925,10.667436428914366,123.902238,64.27,52.5,207.9,272.6015625,1800.0,3970029584000,1786515285713732352,33304,15779,2.0,1.001556158065796,1148.644775390625,5294
2026-08-12T15:14:45.942,311,unlabeled,0.2,1,1.727610000216373,3.162050999890198,90.51625699976285,0.7255260002239083,96.15964900012841,10.399372402021399,129.148909,65.244,62.5,209.2,272.60546875,1800.0,3970129497000,1786515285813645312,33304,15779,2.0,1.001556158065796,1147.71826171875,5294
2026-08-12T15:14:46.044,312,unlabeled,0.2,1,1.7088520003198937,3.2166260002668423,88.22056700000758,0.7268959998327773,93.90205199997581,10.649394541455363,130.579562,65.244,54.8,217.0,272.60546875,1800.0,3970229413000,1786515285913561344,33304,15779,2.0,1.001556158065796,1147.028076171875,5294
2026-08-12T15:14:46.153,313,unlabeled,0.2,1,1.736815000185743,3.090364999934536,93.12709999994695,0.9420839996892028,98.92525300028865,10.108642330154892,140.012224,63.783,64.4,210.4,272.60546875,1800.0,3970329329000,1786515286013477376,33304,15779,2.0,1.001556158065796,1145.4356689453125,5294
2026-08-12T15:14:46.255,314,unlabeled,0.2,1,1.7366479996780981,3.569277999758924,88.45256999984485,0.9857139998530329,94.77400600007968,10.551416387307288,142.111797,65.244,55.0,215.6,272.609375,1800.0,3970429244000,1786515286113392384,33304,15779,2.0,1.001556158065796,1145.6661376953125,5294
2026-08-12T15:14:46.368,315,unlabeled,0.2,1,1.7058509997696092,3.2372559999203077,97.25756899979388,0.7261549999384442,102.95627599998625,9.712861020732078,155.67297,65.244,61.4,211.6,272.609375,1800.0,3970529162000,1786515286213310208,33304,15779,2.0,1.001556158065796,1146.1488037109375,5294
2026-08-12T15:14:46.470,316,unlabeled,0.2,1,1.7169620000458963,3.2319960000677384,88.27321500029939,0.9395470001436479,94.19079500003136,10.616748696087203,123.98051,64.27,52.6,206.9,272.609375,1800.0,3970662381000,1786515286346529280,33304,15779,2.0,1.001556158065796,1144.95556640625,5294
2026-08-12T15:14:46.580,317,unlabeled,0.2,1,1.7255550001209485,3.193366999767022,93.50062099974821,0.7595269999001175,99.20734799970887,10.079898517224093,133.760078,63.783,61.4,200.5,272.61328125,1800.0,3970762298000,1786515286446446336,33304,15779,2.0,1.001556158065796,1144.95556640625,5294
2026-08-12T15:14:46.683,318,unlabeled,0.2,1,1.7670000001999142,3.2776460002423846,89.8777689999406,0.5020609996790881,95.45690200002355,10.4759318503732,136.704758,64.27,53.7,213.9,272.61328125,1800.0,3970862212000,1786515286546360320,33304,15779,2.0,1.001556158065796,1146.62841796875,5294
2026-08-12T15:14:46.803,319,unlabeled,0.2,1,6.552382999871043,4.452786999991076,91.38528500034226,0.7292109999070817,103.15840700013723,9.693829413231146,156.735766,63.783,60.4,208.4,272.6171875,1800.0,3970962129000,1786515286646277376,33304,15779,2.0,1.001556158065796,1145.18359375,5292
2026-08-12T15:14:46.904,320,unlabeled,0.2,1,1.7358690001856303,3.2418480000160343,88.37353199987774,0.5362280003282649,93.91536599969186,10.647884820075994,124.862296,64.27,55.0,207.2,272.6171875,1800.0,3971095349000,1786515286779497216,33304,15779,2.0,1.001556158065796,1145.703369140625,5290
2026-08-12T15:14:47.011,321,unlabeled,0.2,1,1.7093890000978718,3.2497929996679886,92.67155799989268,0.5049500000495755,98.16659599982813,10.186764548724403,132.175492,63.783,61.4,214.4,272.62109375,1800.0,3971195265000,1786515286879413248,33304,15779,2.0,1.001556158065796,1146.503173828125,5289
2026-08-12T15:14:47.112,322,unlabeled,0.2,1,1.7162409999400552,3.076660999795422,88.01689899974008,0.7757299999866518,93.61505000015313,10.68204311164032,133.210395,64.27,55.0,208.1,272.62109375,1800.0,3971295182000,1786515286979330304,33304,15779,2.0,1.001556158065796,1146.9490966796875,5289
2026-08-12T15:14:47.219,323,unlabeled,0.2,1,1.7030179997163941,3.2312370003637625,91.27587700004369,0.9434359999431763,97.18449499996495,10.289707221304804,139.859077,64.757,61.9,206.5,272.62109375,1800.0,3971395096000,1786515287079244288,33304,15779,2.0,1.001556158065796,1146.5357666015625,5288
2026-08-12T15:14:47.322,324,unlabeled,0.2,1,1.8283710001014697,3.3117569996647944,89.21720800026378,0.9728620002533717,95.3628080001181,10.48626839929841,142.863255,63.783,54.8,223.4,272.62109375,1800.0,3971495014000,1786515287179162368,33304,15779,2.0,1.001556158065796,1148.128173828125,5288
2026-08-12T15:14:47.431,325,unlabeled,0.2,1,1.7782029999580118,3.2342000004064175,93.84214400006385,0.9783989999050391,99.8704670000734,10.012970100553,152.444467,65.244,64.3,208.7,272.62109375,1800.0,3971594928000,1786515287279076352,33304,15779,2.0,1.001556158065796,1146.6292724609375,5288
2026-08-12T15:14:47.534,326,unlabeled,0.2,1,1.820203999614023,3.349145999891334,88.70084999989558,0.7478779998564278,94.65059800004383,10.565173608301311,121.983693,65.731,52.5,205.8,272.625,1800.0,3971728149000,1786515287412297216,33304,15779,2.0,1.001556158065796,1144.613037109375,5289
2026-08-12T15:14:47.643,327,unlabeled,0.2,1,1.7043329999069101,3.2114959999489656,92.68826200013791,0.7340450001720455,98.36789600012708,10.165918360180319,130.893578,65.244,64.3,211.3,272.625,1800.0,3971828064000,1786515287512212224,33304,15779,2.0,1.001556158065796,1143.8941650390625,5290
2026-08-12T15:14:47.744,328,unlabeled,0.2,1,1.7419069999959902,3.097883999998885,88.05989900019995,0.7273589999385877,93.65677300002062,10.677284386039863,131.972926,65.244,53.7,217.8,272.625,1800.0,3971927981000,1786515287612129280,33304,15779,2.0,1.001556158065796,1143.7020263671875,5289
2026-08-12T15:14:47.850,329,unlabeled,0.2,1,1.7084259998227935,3.2030330003181007,90.59170399996219,0.9390649997840228,96.47168999981659,10.365735274274776,138.00575,64.27,64.3,207.7,272.625,1800.0,3972027895000,1786515287712043264,33304,15779,2.0,1.001556158065796,1144.4647216796875,5288
2026-08-12T15:14:47.956,330,unlabeled,0.2,1,3.3134420000351383,4.585528999996313,88.58601600013571,0.9365099999740778,97.4546460001875,10.26118344319958,144.075578,65.731,58.5,216.9,272.625,1800.0,3972127815000,1786515287811963392,33304,15779,2.0,1.001556158065796,1145.03662109375,5287
2026-08-12T15:14:48.057,331,unlabeled,0.2,1,2.2131529999569466,3.1937740000103076,88.16639999986364,0.7243410000228323,94.32666800012157,10.601455783413352,146.064501,64.757,52.5,216.0,272.625,1800.0,3972227727000,1786515287911875328,33304,15779,2.0,1.001556158065796,1146.33837890625,5286
2026-08-12T15:14:48.165,332,unlabeled,0.2,1,1.6835549999996147,3.190033000009862,91.28460000010818,0.7325639999180567,96.92023300021901,10.31776306189586,120.708132,66.218,62.8,213.0,272.62890625,1800.0,3972360948000,1786515288045096192,33304,15779,2.0,1.001556158065796,1147.496826171875,5287
2026-08-12T15:14:48.267,333,unlabeled,0.2,1,1.710999000351876,3.1796070002201304,88.4398670000337,1.1449190001258103,94.50578199994197,10.581363159352662,122.724785,65.731,55.0,206.2,272.62890625,1800.0,3972460862000,1786515288145010176,33304,15779,2.0,1.001556158065796,1148.4979248046875,5287
2026-08-12T15:14:48.375,334,unlabeled,0.2,1,1.7321290001746092,3.147772999909648,91.85062400001698,0.7228959998428763,97.48129399986283,10.258378392078045,130.66589,64.757,65.9,213.3,272.62890625,1800.0,3972560779000,1786515288244927232,33304,15779,2.0,1.001556158065796,1149.966064453125,5287
2026-08-12T15:14:48.476,335,unlabeled,0.2,1,1.7210360001627123,3.1594410002071527,88.02769600015381,0.7653970001229027,93.7030700001742,10.672008932024756,131.846251,65.731,53.7,217.7,272.62890625,1800.0,3972660694000,1786515288344842240,33304,15779,2.0,1.001556158065796,1149.2103271484375,5287
2026-08-12T15:14:48.581,336,unlabeled,0.2,1,1.704833000076178,3.2479960000273422,89.66685999985202,0.7299520002561621,95.37941999997201,10.484442031627928,136.787775,65.731,63.4,209.8,272.62890625,1800.0,3972760610000,1786515288444758272,33304,15779,2.0,1.001556158065796,1149.1185302734375,5288
2026-08-12T15:14:48.683,337,unlabeled,0.2,1,1.711870000235649,3.3015720000548754,89.44217299995216,0.7293779999599792,95.21245599989925,10.502827487204597,139.301954,65.244,57.1,224.5,272.62890625,1800.0,3972860527000,1786515288544675328,33304,15779,2.0,1.001556158065796,1149.51318359375,5288
2026-08-12T15:14:48.794,338,unlabeled,0.2,1,2.1535409996431554,3.618445000029169,89.95573399988643,0.74187800009895,96.50104400043347,10.362582191292233,150.035553,65.731,63.6,198.8,272.6328125,1800.0,3972960450000,1786515288644598272,33304,15779,2.0,1.001556158065796,1149.4959716796875,5289
2026-08-12T15:14:48.896,339,unlabeled,0.2,1,1.7542959999445884,3.1538110001747555,88.13882599997669,0.798545000179729,93.87720099994112,10.652213629597107,118.494019,65.244,52.5,216.2,272.63671875,1800.0,3973093660000,1786515288777808384,33304,15779,2.0,1.001556158065796,1149.7109375,5290
2026-08-12T15:14:49.003,340,unlabeled,0.2,1,1.7133510000348906,3.1580699996993644,92.01290400005746,0.7249710001815401,97.63885100028347,10.241824742459299,126.132354,66.218,64.3,214.0,272.63671875,1800.0,3973193578000,1786515288877726208,33304,15779,2.0,1.001556158065796,1149.849609375,5291
2026-08-12T15:14:49.105,341,unlabeled,0.2,1,1.739037000334065,3.1591440001648152,88.25510599990594,0.7251010001709801,93.90762800012453,10.648762207034704,127.468323,64.757,53.7,207.5,272.63671875,1800.0,3973293494000,1786515288977642240,33304,15779,2.0,1.001556158065796,1150.822509765625,5292
2026-08-12T15:14:49.209,342,unlabeled,0.2,1,1.717648000067129,3.2331079996765766,89.4283960001303,0.7295260002138093,95.13766000009127,10.511084674555173,132.19924,64.757,62.5,219.8,272.63671875,1800.0,3973393409000,1786515289077557248,33304,15779,2.0,1.001556158065796,1151.242431640625,5292
2026-08-12T15:14:49.311,343,unlabeled,0.2,1,1.7174260001411312,3.0817910001132987,88.4413300000233,0.7303590000447002,94.00029500011442,10.638264486284674,133.638342,65.731,53.7,217.1,272.63671875,1800.0,3973493328000,1786515289177476352,33304,15779,2.0,1.001556158065796,1151.8330078125,5293
2026-08-12T15:14:49.420,344,unlabeled,0.2,1,1.7219810001734004,3.4178500000052736,92.70020799976919,0.766767000186519,98.63640000003215,10.138245110321078,142.898013,65.731,65.1,210.7,272.63671875,1800.0,3973593239000,1786515289277387264,33304,15779,2.0,1.001556158065796,1151.2188720703125,5293
2026-08-12T15:14:49.522,345,unlabeled,0.2,1,1.7391480000696902,3.9946339998095937,88.14895699970293,0.7236929995997343,94.63539500029583,10.56687088374148,144.943244,65.731,53.7,215.7,272.63671875,1800.0,3973693162000,1786515289377310208,33304,15779,2.0,1.001556158065796,1151.156005859375,5293
2026-08-12T15:14:49.632,346,unlabeled,0.2,1,1.7065729998648749,3.398090999780834,92.99246999989919,0.8817319999252504,99.01701499984483,10.099274352004725,154.80428,65.244,64.3,208.3,272.63671875,1800.0,3973793069000,1786515289477217280,33304,15779,2.0,1.001556158065796,1150.4576416015625,5293
2026-08-12T15:14:49.734,347,unlabeled,0.2,1,1.7335549996460031,3.27768199986167,88.83038900012252,0.7183039997471496,94.58800499987774,10.572165043562263,124.080167,64.757,55.0,216.0,272.640625,1800.0,3973926294000,1786515289610442240,33304,15779,2.0,1.001556158065796,1149.2042236328125,5292
2026-08-12T15:14:49.842,348,unlabeled,0.2,1,1.7006110001602792,3.270996999617637,91.53767699990567,0.9408060000168916,97.48029499996846,10.258483522237222,132.226157,65.244,61.9,203.6,272.640625,1800.0,3974026209000,1786515289710357248,33304,15779,2.0,1.001556158065796,1148.9681396484375,5292
2026-08-12T15:14:49.943,349,unlabeled,0.2,1,1.7182410001623794,3.1587920002493775,87.96852899968144,0.9878810001282545,93.862702000024,10.653859080252605,133.544618,65.244,56.1,227.2,272.64453125,1800.0,3974126123000,1786515289810271232,33304,15779,2.0,1.001556158065796,1148.2579345703125,5291
2026-08-12T15:14:50.052,350,unlabeled,0.2,1,1.7183690001729701,3.22566300019389,92.31185299995559,0.8213599999180587,98.107820000223,10.192867398314702,142.075236,65.244,63.6,212.1,272.64453125,1800.0,3974226039000,1786515289910187264,33304,15779,2.0,1.001556158065796,1148.6851806640625,5290
2026-08-12T15:14:50.154,351,unlabeled,0.2,1,1.764795999861235,3.8600590000896773,88.07669699990583,0.9371579999424284,94.67091399983474,10.562906364268814,144.074459,65.244,53.7,206.1,272.64453125,1800.0,3974325954000,1786515290010102272,33304,15779,2.0,1.001556158065796,1148.50048828125,5289
2026-08-12T15:14:50.262,352,unlabeled,0.2,1,1.743203999922116,3.103753999766923,91.50425200004975,1.1903820000043197,97.57403699995848,10.248627921384717,152.39597,63.783,64.3,212.3,272.64453125,1800.0,3974425869000,1786515290110017280,33304,15779,2.0,1.001556158065796,1148.737548828125,5288
2026-08-12T15:14:50.365,353,unlabeled,0.2,1,1.7543150001984031,3.191274000073463,88.51190500035955,0.940158000048541,94.42604100013341,10.59029891975019,122.090128,64.757,53.7,214.0,272.64453125,1800.0,3974559090000,1786515290243238400,33304,15779,2.0,1.001556158065796,1147.533203125,5287
2026-08-12T15:14:50.470,354,unlabeled,0.2,1,1.734128999942186,3.267719000177749,89.82419699987076,0.7272859998010972,95.58301600009145,10.462109712033394,127.248018,63.296,61.5,218.9,272.64453125,1800.0,3974659007000,1786515290343155200,33304,15779,2.0,1.001556158065796,1145.645751953125,5287
2026-08-12T15:14:50.571,355,unlabeled,0.2,1,1.713443999960873,3.1615510001756775,88.1710869998642,0.978324999778124,94.05375999995158,10.632217149006216,128.865181,63.783,54.8,216.6,272.6484375,1800.0,3974758922000,1786515290443070208,33304,15779,2.0,1.001556158065796,1145.31640625,5287
2026-08-12T15:14:50.681,356,unlabeled,0.2,1,1.72686900032204,3.1551070001114567,92.88159999960044,0.9725479999360687,98.765512999762,10.124991706390567,138.106801,64.27,65.9,201.6,272.6484375,1800.0,3974858839000,1786515290542987264,33304,15779,2.0,1.001556158065796,1144.7933349609375,5287
2026-08-12T15:14:50.782,357,unlabeled,0.2,1,1.6919250001592445,3.429720999974961,88.24077400004171,1.1496970000735018,94.54215400000976,10.577292326128902,140.007936,64.757,53.8,216.1,272.6484375,1800.0,3974958753000,1786515290642901248,33304,15779,2.0,1.001556158065796,1144.28369140625,5286
2026-08-12T15:14:50.888,358,unlabeled,0.2,1,1.6992030000437808,3.078606000144646,90.80131800010349,0.7581010004287236,96.36617300020589,10.377085328457149,146.071005,64.757,63.4,207.6,272.6484375,1800.0,3975058670000,1786515290742818304,33304,15779,2.0,1.001556158065796,1145.66943359375,5285
2026-08-12T15:14:50.991,359,unlabeled,0.2,1,1.7073700000764802,3.334979000101157,88.59662799977741,0.7291930000974389,94.39600399991832,10.593668774378047,115.029189,66.218,52.5,224.9,272.6484375,1800.0,3975191891000,1786515290876039168,33304,15779,2.0,1.001556158065796,1151.4403076171875,5284
2026-08-12T15:14:51.098,360,unlabeled,0.2,1,1.699111000107223,3.2230330002676055,90.91165300014836,0.9403610001754714,96.80393700000423,10.330158369488178,122.799102,65.731,63.6,204.5,272.6484375,1800.0,3975291806000,1786515290975954176,33304,15779,2.0,1.001556158065796,1146.4373779296875,5285
2026-08-12T15:14:51.200,361,unlabeled,0.2,1,1.7397960000380408,3.1056429997988744,88.31553299978623,0.9759909999047522,94.16528000019753,10.619625407558948,124.410966,66.218,54.8,216.7,272.65625,1800.0,3975391725000,1786515291075873280,33304,15779,2.0,1.001556158065796,1144.27197265625,5286
2026-08-12T15:14:51.307,362,unlabeled,0.2,1,1.7080729999179312,3.2209410001087235,91.42791799968109,1.1477899997771601,97.53401799980566,10.252833016701851,131.293405,65.731,65.1,206.0,272.65625,1800.0,3975491637000,1786515291175785216,33304,15779,2.0,1.001556158065796,1144.0848388671875,5286
2026-08-12T15:14:51.409,363,unlabeled,0.2,1,1.7423879999114433,3.2396080000580696,88.33986699983143,1.181253000140714,94.53359899998759,10.578249538559632,133.325438,64.757,53.7,225.6,272.65625,1800.0,3975591553000,1786515291275701248,33304,15779,2.0,1.001556158065796,1144.078857421875,5286
2026-08-12T15:14:51.513,364,unlabeled,0.2,1,1.6950360000009823,3.1578659995830094,89.40017399982025,0.9392690003551252,95.2215319998686,10.501826414653568,138.001498,65.731,63.4,210.3,272.65625,1800.0,3975691469000,1786515291375617280,33304,15779,2.0,1.001556158065796,1144.6171875,5285
2026-08-12T15:14:51.615,365,unlabeled,0.2,1,1.6980360001070949,3.24299699968833,88.29690299990034,0.9375839999847813,94.20514999965235,10.61513091379495,139.525933,65.731,53.8,207.0,272.65625,1800.0,3975791385000,1786515291475533312,33304,15779,2.0,1.001556158065796,1147.7203369140625,5285
2026-08-12T15:14:51.727,366,unlabeled,0.2,1,1.834241999858932,3.3857389998956933,96.92653100000825,1.2173089999123476,103.39569100005974,9.67158292891937,152.168059,64.757,62.2,211.7,272.65625,1800.0,3975891301000,1786515291575449344,33304,15779,2.0,1.001556158065796,1146.887451171875,5285
2026-08-12T15:14:51.830,367,unlabeled,0.2,1,1.7525370003568241,3.1375329999718815,88.40338700019856,1.1448459999883198,94.47015299974737,10.585353873648053,121.570833,64.757,53.7,205.9,272.65625,1800.0,3976024520000,1786515291708668160,33304,15779,2.0,1.001556158065796,1146.1881103515625,5287
2026-08-12T15:14:51.942,368,unlabeled,0.2,1,1.736276999963593,3.274015999977564,96.30850599978658,0.9466579999752867,102.29460599975937,9.775686510805393,133.773541,65.731,61.7,205.4,272.65625,1800.0,3976124437000,1786515291808585216,33304,15779,2.0,1.001556158065796,1145.92529296875,5288
2026-08-12T15:14:52.044,369,unlabeled,0.2,1,1.7196290000356385,3.2369410000683274,88.16317999981038,1.1525859999892418,94.3015769998965,10.604276532948093,135.647602,62.809,56.1,216.1,272.65625,1800.0,3976224351000,1786515291908499200,33304,15779,2.0,1.001556158065796,1145.9281005859375,5288
2026-08-12T15:14:52.154,370,unlabeled,0.2,1,1.723666000088997,3.039643000192882,94.562988999769,1.1588450001909223,100.51330999976926,9.948931141580111,146.363665,65.244,60.5,198.9,272.65625,1800.0,3976324268000,1786515292008416256,33304,15779,2.0,1.001556158065796,1143.5267333984375,5288
2026-08-12T15:14:52.257,371,unlabeled,0.2,1,1.7146099999081343,3.3812390001912718,88.32029400036845,1.1909199997717224,94.6371380000528,10.566676266133937,148.718263,65.244,53.7,215.0,272.65625,1800.0,3976424183000,1786515292108331264,33304,15779,2.0,1.001556158065796,1143.589111328125,5288
2026-08-12T15:14:52.363,372,unlabeled,0.2,1,1.6870919998837053,3.260848999616428,90.25331399971037,0.7509890001529129,95.98503999995955,10.418290183557994,122.321019,64.757,63.4,215.4,272.66015625,1800.0,3976557404000,1786515292241552384,33304,15779,2.0,1.001556158065796,1143.9769287109375,5287
2026-08-12T15:14:52.465,373,unlabeled,0.2,1,1.7501290003565373,3.1269040000552195,88.3481450000545,0.7231370000226889,93.97903800027052,10.640670741885243,123.661384,65.244,57.1,207.5,272.66015625,1800.0,3976657319000,1786515292341467392,33304,15779,2.0,1.001556158065796,1144.6693115234375,5286
2026-08-12T15:14:52.569,374,unlabeled,0.2,1,1.7334070003016677,3.192551999745774,89.38806400010435,0.7250819999171654,95.06764200023099,10.518826163770532,128.260386,65.731,63.4,220.0,272.66015625,1800.0,3976757235000,1786515292441383168,33304,15779,2.0,1.001556158065796,1145.08154296875,5285
2026-08-12T15:14:52.672,375,unlabeled,0.2,1,1.7078880000553909,3.162921999773971,89.17461700002605,0.9409360000063316,95.01562300010846,10.524584993763167,130.739096,66.218,55.0,214.8,272.66015625,1800.0,3976857150000,1786515292541298176,33304,15779,2.0,1.001556158065796,1145.409423828125,5284
2026-08-12T15:14:52.785,376,unlabeled,0.2,1,1.8663710002329026,3.669834999982413,90.92913499989663,0.9465839998483716,97.44120400000611,10.262598971990712,143.982027,65.244,63.0,212.1,272.6640625,1800.0,3976957069000,1786515292641217280,33304,15779,2.0,1.001556158065796,1144.3223876953125,5282
2026-08-12T15:14:52.886,377,unlabeled,0.2,1,1.915317000111827,3.2157559999177465,88.07232800018028,1.1507340000207478,94.38261600007536,10.595171466737069,145.832784,66.218,50.0,206.4,272.6640625,1800.0,3977056981000,1786515292741129216,33304,15779,2.0,1.001556158065796,1140.737060546875,5279
2026-08-12T15:14:52.995,378,unlabeled,0.2,1,1.6590180002822308,3.285571000105847,92.23198200015759,0.7136369999898307,97.9176349997033,10.212664960740016,121.571039,65.731,65.2,220.2,272.66796875,1800.0,3977190203000,1786515292874351360,33304,15779,2.0,1.001556158065796,1141.0166015625,5277
2026-08-12T15:14:53.097,379,unlabeled,0.2,1,1.7690919999040489,3.2939610000539687,88.35844299983364,0.9366579997731606,94.39100600002348,10.594229708704994,123.384803,66.218,53.7,206.5,272.66796875,1800.0,3977290120000,1786515292974268160,33304,15779,2.0,1.001556158065796,1142.6978759765625,5274
2026-08-12T15:14:53.204,380,unlabeled,0.2,1,1.6846280000208935,3.239496999867697,90.41216800005714,0.7610259999637492,96.12695000032545,10.402909901922555,130.018195,65.244,61.5,215.9,272.66796875,1800.0,3977390034000,1786515293074182400,33304,15779,2.0,1.001556158065796,1146.3614501953125,5271
2026-08-12T15:14:53.305,381,unlabeled,0.2,1,1.767352000115352,3.3066089999920223,88.22081200014509,0.9412700001121266,94.26917100017818,10.607921862366965,131.676747,65.244,54.8,216.6,272.66796875,1800.0,3977489949000,1786515293174097152,33304,15779,2.0,1.001556158065796,1145.947021484375,5269
2026-08-12T15:14:53.411,382,unlabeled,0.2,1,1.7246850002266,3.1489769999097916,89.50852899988604,0.9379540001646092,95.3498670000954,10.487691608410943,137.648396,66.218,64.3,207.7,272.66796875,1800.0,3977589865000,1786515293274013184,33304,15779,2.0,1.001556158065796,1141.4315185546875,5269
2026-08-12T15:14:53.513,383,unlabeled,0.2,1,1.7782780000743514,3.223052000066673,88.63944599988827,0.9419920002073923,94.61217499983832,10.56946423651828,139.687023,65.731,53.7,215.9,272.671875,1800.0,3977689781000,1786515293373929216,33304,15779,2.0,1.001556158065796,1141.5712890625,5270
2026-08-12T15:14:53.620,384,unlabeled,0.2,1,1.6837949997352553,3.148624999994354,90.62457799973345,1.010102999771334,96.49813899977744,10.362894148687223,146.869043,65.731,64.3,214.8,272.67578125,1800.0,3977789696000,1786515293473844224,33304,15779,2.0,1.001556158065796,1142.4112548828125,5271
2026-08-12T15:14:53.722,385,unlabeled,0.2,1,1.750036999965232,3.17912599984993,88.38970199985852,1.1758270002246718,94.52521100001832,10.57918823370631,149.204932,65.244,53.8,195.5,272.67578125,1800.0,3977889612000,1786515293573760256,33304,15779,2.0,1.001556158065796,1145.0513916015625,5271
2026-08-12T15:14:53.828,386,unlabeled,0.2,1,1.697165999757999,3.2301640003424836,89.30397100039045,1.1836789999506436,95.44318300004306,10.477437660472292,121.828493,66.218,62.8,217.4,272.67578125,1800.0,3978022833000,1786515293706981376,33304,15779,2.0,1.001556158065796,1151.18359375,5272
2026-08-12T15:14:53.930,387,unlabeled,0.2,1,1.7333509999843955,3.2447190001221315,88.35959099997126,1.1439189997872745,94.51300699993226,10.580554272288857,123.688383,65.731,55.0,216.1,272.67578125,1800.0,3978122748000,1786515293806896384,33304,15779,2.0,1.001556158065796,1153.5166015625,5273
2026-08-12T15:14:54.038,388,unlabeled,0.2,1,1.6988319998745283,3.1296629999815195,91.41423400023996,0.9365099999740778,97.20864700011589,10.287150689370337,131.468191,66.218,61.9,213.6,272.67578125,1800.0,3978222665000,1786515293906813184,33304,15779,2.0,1.001556158065796,1141.72265625,5273
2026-08-12T15:14:54.140,389,unlabeled,0.2,1,1.733147999857465,3.1968849998520454,88.1594600000426,1.1506410000947653,94.26987599999848,10.607842530736077,133.388428,66.705,55.8,216.0,272.67578125,1800.0,3978322581000,1786515294006729216,33304,15779,2.0,1.001556158065796,1140.65234375,5272
2026-08-12T15:14:54.249,390,unlabeled,0.2,1,1.7346109998470638,3.3717759997671237,92.73330400037594,1.1559380000107922,99.02701799956048,10.09825419568262,143.031987,66.705,65.1,210.0,272.67578125,1800.0,3978422497000,1786515294106645248,33304,15779,2.0,1.001556158065796,1140.2041015625,5272
2026-08-12T15:14:54.351,391,unlabeled,0.2,1,1.7125180002039997,3.2019039999795496,88.7177250001514,1.1528820000421547,94.81612199988376,10.546729595218268,145.365766,66.705,54.8,215.1,272.67578125,1800.0,3978522413000,1786515294206561280,33304,15779,2.0,1.001556158065796,1140.2960205078125,5271
2026-08-12T15:14:54.457,392,unlabeled,0.2,1,1.7022579995682463,3.221792999738682,89.6038639998551,1.1674749998746847,95.72624300017196,10.446456150986764,151.155566,66.705,65.1,208.1,272.67578125,1800.0,3978622325000,1786515294306473216,33304,15779,2.0,1.001556158065796,1141.980224609375,5271
2026-08-12T15:14:54.559,393,unlabeled,0.2,1,1.6943880000326317,3.2368669999414124,88.30886899977486,1.1756049998439266,94.4462479997128,10.588033100087163,120.227626,66.705,56.1,223.6,272.67578125,1800.0,3978755549000,1786515294439697152,33304,15779,2.0,1.001556158065796,1144.6290283203125,5271
2026-08-12T15:14:54.667,394,unlabeled,0.2,1,1.6992030000437808,3.136198999982298,91.2160469997616,1.14762300017901,97.22861000000194,10.285038529296882,127.586685,65.731,65.1,206.2,272.67578125,1800.0,3978855464000,1786515294539612160,33304,15779,2.0,1.001556158065796,1144.8797607421875,5271
2026-08-12T15:14:54.768,395,unlabeled,0.2,1,1.7363879996992182,3.203680999831704,88.20325699980458,1.2079760003871343,94.38022899985299,10.595439432569693,129.456455,66.218,53.7,216.2,272.6796875,1800.0,3978955378000,1786515294639526400,33304,15779,2.0,1.001556158065796,1152.8994140625,5272
2026-08-12T15:14:54.874,396,unlabeled,0.2,1,1.6941290000431763,3.29210800009605,89.47997300037969,1.150716000211105,95.6470559999616,10.45510485968749,134.555389,66.705,62.5,219.0,272.6796875,1800.0,3979055294000,1786515294739442176,33304,15779,2.0,1.001556158065796,1145.3895263671875,5272
2026-08-12T15:14:54.975,397,unlabeled,0.2,1,1.6812029998618527,3.1039220002639922,88.16179299992655,0.7240810000439524,93.70138799977212,10.672200501474236,135.661253,65.731,55.0,207.9,272.6796875,1800.0,3979155209000,1786515294839357184,33304,15779,2.0,1.001556158065796,1144.68310546875,5272
2026-08-12T15:14:55.081,398,unlabeled,0.2,1,1.7166659999929834,3.2540529996367695,90.79350699994393,0.9417320002285123,96.73649400019713,10.33736037609511,142.106144,66.218,61.0,216.2,272.6796875,1800.0,3979255126000,1786515294939274240,33304,15779,2.0,1.001556158065796,1142.938720703125,5272
2026-08-12T15:14:55.183,399,unlabeled,0.2,1,1.6622210000605264,3.3234049997190596,88.22131199985961,1.1533820002114226,94.39087700002347,10.594244187388485,143.918946,66.218,53.8,216.2,272.6796875,1800.0,3979355047000,1786515295039195392,33304,15779,2.0,1.001556158065796,1144.7994384765625,5272
2026-08-12T15:14:55.291,400,unlabeled,0.2,1,1.6817210002955107,3.1338109997705033,92.19344700022702,1.4087559998188226,98.45188300005248,10.157246052870995,152.877643,65.731,61.9,209.9,272.6796875,1800.0,3979454957000,1786515295139105280,33304,15779,2.0,1.001556158065796,1142.8187255859375,5272
2026-08-12T15:14:55.394,401,unlabeled,0.2,1,1.765981000062311,3.2711830003790965,88.49251899982846,1.3522369999918737,94.90956799982087,10.536345503141343,122.556661,66.218,53.7,215.3,272.68359375,1800.0,3979588177000,1786515295272325376,33304,15779,2.0,1.001556158065796,1142.7154541015625,5273
2026-08-12T15:14:55.504,402,unlabeled,0.2,1,1.7325919998256722,3.201830000307382,92.99065899995185,0.9826210002756852,98.93762899991998,10.107377851159226,132.0781,64.27,62.8,201.0,272.6875,1800.0,3979688094000,1786515295372242176,33304,15779,2.0,1.001556158065796,1142.0087890625,5275
2026-08-12T15:14:55.605,403,unlabeled,0.2,1,1.7408140001862193,3.180960000008781,88.31785100028355,0.5027280003560008,93.77390800000285,10.66394716107992,133.255275,64.757,53.8,227.5,272.6875,1800.0,3979788023000,1786515295472171264,33304,15779,2.0,1.001556158065796,1139.5950927734375,5277
2026-08-12T15:14:55.711,404,unlabeled,0.2,1,1.6943880000326317,3.2183489997805736,89.94996000001265,0.7272479997482151,95.62127900017003,10.457923282936028,139.492804,65.731,63.4,207.2,272.6875,1800.0,3979887925000,1786515295572073216,33304,15779,2.0,1.001556158065796,1139.7703857421875,5278
2026-08-12T15:14:55.813,405,unlabeled,0.2,1,1.7756299998836766,3.2484229996043723,88.32929600021089,0.7319149999602814,94.11452199992709,10.625352801566317,141.091878,65.731,53.7,216.8,272.69140625,1800.0,3979987840000,1786515295671988224,33304,15779,2.0,1.001556158065796,1140.6363525390625,5279
2026-08-12T15:14:55.923,406,unlabeled,0.2,1,1.6937589998633484,3.1389959999614803,94.87319700019725,1.1625309998635203,100.9001120000903,9.910791773938815,151.446532,64.27,64.3,199.2,272.69140625,1800.0,3980087757000,1786515295771905280,33304,15779,2.0,1.001556158065796,1143.5283203125,5279
2026-08-12T15:14:56.026,407,unlabeled,0.2,1,1.749758999721962,3.2185149998440465,88.53631600004519,1.3438659998428193,94.8790860002191,10.53973053658728,121.426448,65.731,55.0,213.3,272.6953125,1800.0,3980220976000,1786515295905124352,33304,15779,2.0,1.001556158065796,1143.5045166015625,5280
2026-08-12T15:14:56.134,408,unlabeled,0.2,1,1.6908699999476084,3.230145000088669,91.697682999893,0.9395279998898332,97.58874499993908,10.24708330863999,129.732073,64.27,63.6,203.5,272.6953125,1800.0,3980320894000,1786515296005042176,33304,15779,2.0,1.001556158065796,1141.413818359375,5281
2026-08-12T15:14:56.238,409,unlabeled,0.2,1,1.73281399975167,3.1847370000832598,89.96022099972834,1.418144000126631,96.32804600005329,10.38119261756277,133.493361,64.27,59.5,221.7,272.6953125,1800.0,3980420808000,1786515296104956160,33304,15779,2.0,1.001556158065796,1142.6822509765625,5282
2026-08-12T15:14:56.347,410,unlabeled,0.2,1,1.7394809997313132,3.4168130000580277,91.7437569996764,0.7274150002558599,97.6580409997041,10.239812203513585,142.560032,64.757,68.2,211.1,272.6953125,1800.0,3980520723000,1786515296204871168,33304,15779,2.0,1.001556158065796,1143.2249755859375,5282
2026-08-12T15:14:56.449,411,unlabeled,0.2,1,2.0036509999954433,3.1263480000234267,88.24718300002132,1.1586229998101771,94.56623200003378,10.574599186733408,144.627689,67.192,53.8,215.8,272.6953125,1800.0,3980620644000,1786515296304792320,33304,15779,2.0,1.001556158065796,1142.2010498046875,5282
2026-08-12T15:14:56.560,412,unlabeled,0.2,1,1.6185539998332388,3.2121260001076735,94.32524800013198,0.9657690002313757,100.14975400008552,9.985046992717985,122.267197,65.731,59.5,207.5,272.69921875,1800.0,3980753861000,1786515296438009344,33304,15779,2.0,1.001556158065796,1144.7310791015625,5282
2026-08-12T15:14:56.663,413,unlabeled,0.2,1,1.7457409999224183,3.2510339997315896,89.5823279997785,0.9423799997421156,95.55140800011941,10.465570533494915,125.29847,66.218,56.1,213.6,272.69921875,1800.0,3980853779000,1786515296537927168,33304,15779,2.0,1.001556158065796,1146.582763671875,5282
2026-08-12T15:14:56.770,414,unlabeled,0.2,1,1.705740000033984,3.1829589997869334,89.23924999999144,1.144029999977647,95.30205400005798,10.492953278839002,132.202046,66.218,59.1,206.0,272.69921875,1800.0,3980953691000,1786515296637839360,33304,15779,2.0,1.001556158065796,1147.9569091796875,5282
2026-08-12T15:14:56.871,415,unlabeled,0.2,1,1.7106669997701829,3.128606999780459,88.05288600024141,0.9480839999014279,93.87014999992971,10.65301376423441,133.49075,66.218,53.7,217.3,272.69921875,1800.0,3981053608000,1786515296737756160,33304,15779,2.0,1.001556158065796,1148.8111572265625,5283
2026-08-12T15:14:56.984,416,unlabeled,0.2,1,1.6873330000635178,3.242181999667082,96.61062299983314,0.9410470001967042,102.50992600003883,9.755152881484094,146.420248,67.192,67.4,203.8,272.69921875,1800.0,3981153522000,1786515296837670400,33304,15779,2.0,1.001556158065796,1149.4163818359375,5283
2026-08-12T15:14:57.086,417,unlabeled,0.2,1,1.9731689999389346,3.3686460001263185,88.20325800024875,0.9415659997102921,94.51525000031324,10.580303178552517,148.554841,65.731,53.8,215.5,272.69921875,1800.0,3981253441000,1786515296937589248,33304,15779,2.0,1.001556158065796,1149.6666259765625,5284
2026-08-12T15:14:57.195,418,unlabeled,0.2,1,1.711129000341316,3.1987380002647114,91.88446300004216,1.1873459998241742,98.01115699974616,10.202920061463919,124.250238,66.218,61.9,202.2,272.703125,1800.0,3981386661000,1786515297070809344,33304,15779,2.0,1.001556158065796,1147.535888671875,5285
2026-08-12T15:14:57.296,419,unlabeled,0.2,1,1.756667000336165,3.1997380001485,88.43431600007534,0.7513789996664855,94.16974599980676,10.61912177189107,126.013241,65.731,53.7,216.4,272.703125,1800.0,3981486576000,1786515297170724352,33304,15779,2.0,1.001556158065796,1147.0849609375,5285
2026-08-12T15:14:57.401,420,unlabeled,0.2,1,1.708537000013166,3.2721449997552554,89.51653099984469,0.7297480001398071,95.25631399992562,10.4979917656774,130.778867,66.705,63.4,210.2,272.703125,1800.0,3981586491000,1786515297270639360,33304,15779,2.0,1.001556158065796,1146.4039306640625,5286
2026-08-12T15:14:57.502,421,unlabeled,0.2,1,1.7142410001724784,3.1393290000778507,88.00605199985512,0.7275819998540101,93.61613000010038,10.68191987853939,131.898728,66.218,55.0,217.7,272.703125,1800.0,3981686407000,1786515297370555392,33304,15779,2.0,1.001556158065796,1144.9798583984375,5286
2026-08-12T15:14:57.608,422,unlabeled,0.2,1,1.6910180002014386,3.2304780002050393,90.41872600028,0.7684520001021156,96.13795299992489,10.401719287707127,137.874812,66.218,62.5,217.2,272.703125,1800.0,3981786322000,1786515297470470400,33304,15779,2.0,1.001556158065796,1142.705078125,5287
2026-08-12T15:14:57.710,423,unlabeled,0.2,1,1.7502959999546874,3.4263509996890207,88.56178099995304,0.7279329997800232,94.50002799985668,10.582007446617016,139.788229,65.731,55.0,206.2,272.703125,1800.0,3981886236000,1786515297570384384,33304,15779,2.0,1.001556158065796,1142.0631103515625,5287
2026-08-12T15:14:57.822,424,unlabeled,0.2,1,2.7887699998245807,3.187976999925013,95.41329700005008,0.7751570001346408,102.19664500027648,9.785057033890835,152.508252,66.218,61.4,211.6,272.703125,1800.0,3981986154000,1786515297670302208,33304,15779,2.0,1.001556158065796,1143.0274658203125,5287
2026-08-12T15:14:57.924,425,unlabeled,0.2,1,1.767222000125912,3.1260890000339714,88.26957300016147,0.7503409997298149,93.94111400024485,10.644966377526602,121.325474,66.705,53.7,217.3,272.70703125,1800.0,3982119376000,1786515297803524352,33304,15779,2.0,1.001556158065796,1145.8172607421875,5287
2026-08-12T15:14:58.033,426,unlabeled,0.2,1,1.7770929998732754,3.2613119997222384,92.42887700020219,1.1952529998779937,98.69251600002826,10.132480562150363,129.55718,66.705,61.0,203.4,272.7109375,1800.0,3982219290000,1786515297903438336,33304,15779,2.0,1.001556158065796,1147.09912109375,5287
2026-08-12T15:14:58.134,427,unlabeled,0.2,1,1.7192400000567432,3.164496999943367,87.91438500020377,0.9383990000060294,93.76689100008662,10.664745192405668,130.733103,66.705,50.0,207.7,272.7109375,1800.0,3982319205000,1786515298003353344,33304,15779,2.0,1.001556158065796,1147.40380859375,5287
2026-08-12T15:14:58.242,428,unlabeled,0.2,1,1.7216100000041479,3.2146270000339427,91.67596099996445,1.1923649999516783,97.83480400028566,10.221311426116623,139.101157,65.244,62.8,212.4,272.7109375,1800.0,3982419120000,1786515298103268352,33304,15779,2.0,1.001556158065796,1147.9866943359375,5286
2026-08-12T15:14:58.346,429,unlabeled,0.2,1,1.7448700000386452,4.195729000002757,89.45066100022814,0.7571560004180355,96.1812129999089,10.397040844150585,142.924686,64.757,58.1,212.1,272.7109375,1800.0,3982519037000,1786515298203185152,33304,15779,2.0,1.001556158065796,1147.982666015625,5286
2026-08-12T15:14:58.454,430,unlabeled,0.2,1,1.764184999956342,3.307108999706543,91.48607099996298,0.778805000209104,97.36766900005023,10.270349596224637,151.129905,66.218,62.8,212.7,272.71484375,1800.0,3982618952000,1786515298303100160,33304,15779,2.0,1.001556158065796,1147.8558349609375,5287
2026-08-12T15:14:58.556,431,unlabeled,0.2,1,1.7182030001094972,3.2001820000004955,88.56476199980534,0.9886579996418732,94.50180599969826,10.5818083519292,120.130511,65.731,53.7,214.0,272.71484375,1800.0,3982752172000,1786515298436320256,33304,15779,2.0,1.001556158065796,1148.0718994140625,5287
2026-08-12T15:14:58.664,432,unlabeled,0.2,1,1.728406999973231,3.2467930000166234,91.84051900001577,1.190049999877374,98.03693599997132,10.200237184078178,128.31757,64.757,64.3,204.7,272.71484375,1800.0,3982852089000,1786515298536237312,33304,15779,2.0,1.001556158065796,1147.7447509765625,5288
2026-08-12T15:14:58.766,433,unlabeled,0.2,1,1.704777000213653,3.119865999906324,88.29490799962514,1.1521609999363136,94.30567399977008,10.603815842538149,129.943974,65.731,53.7,216.6,272.71484375,1800.0,3982952005000,1786515298636153344,33304,15779,2.0,1.001556158065796,1146.9901123046875,5288
2026-08-12T15:14:58.873,434,unlabeled,0.2,1,1.733518000037293,3.223644999707176,91.12864100006846,0.7344890000240412,96.84892299992498,10.325360045570921,137.407906,65.731,64.3,214.2,272.71484375,1800.0,3983051923000,1786515298736071168,33304,15779,2.0,1.001556158065796,1146.07373046875,5288
2026-08-12T15:14:58.975,435,unlabeled,0.2,1,1.7124999999396096,3.525925999838364,88.41498299989325,0.7266010002240364,94.4094720002795,10.592157532636552,139.287819,64.27,52.5,216.0,272.71875,1800.0,3983151835000,1786515298835983360,33304,15779,2.0,1.001556158065796,1145.1494140625,5288
2026-08-12T15:14:59.081,436,unlabeled,0.2,1,1.7740919997777382,3.1414770000992576,91.02039999970657,0.7610450002175639,96.7254040001535,10.338545600682247,145.301751,66.218,65.1,217.2,272.72265625,1800.0,3983251751000,1786515298935899392,33304,15779,2.0,1.001556158065796,1144.791015625,5288
2026-08-12T15:14:59.183,437,unlabeled,0.2,1,1.7279069998039631,3.67803900007857,88.14985199978764,0.9433620002710086,94.52938100002939,10.57872155113011,147.347452,65.731,50.0,206.0,272.72265625,1800.0,3983351667000,1786515299035815168,33304,15779,2.0,1.001556158065796,1146.2235107421875,5286
2026-08-12T15:14:59.292,438,unlabeled,0.2,1,1.679405999766459,3.1687740001871134,91.90490900027726,1.1495670000840619,97.9320460000963,10.211162135824432,122.975882,65.244,66.7,220.4,272.72265625,1800.0,3983484888000,1786515299169036288,33304,15779,2.0,1.001556158065796,1146.1292724609375,5285
2026-08-12T15:14:59.393,439,unlabeled,0.2,1,1.7667219999566441,3.1351249999715947,88.49020600018775,0.7345439998971415,94.15778499987937,10.620470734324105,124.523897,64.757,51.3,207.0,272.72265625,1800.0,3983584804000,1786515299268952320,33304,15779,2.0,1.001556158065796,1146.741943359375,5284
2026-08-12T15:14:59.500,440,unlabeled,0.2,1,1.6961479996098205,3.2133299996530695,90.36474499998803,0.9682509999038302,96.27395500001512,10.387025234393278,131.343324,65.244,62.8,215.5,272.72265625,1800.0,3983684719000,1786515299368867328,33304,15779,2.0,1.001556158065796,1146.542724609375,5283
2026-08-12T15:14:59.601,441,unlabeled,0.2,1,1.7641479998928844,3.2831640000949847,88.04190499995457,0.9305840003435151,94.05257999969763,10.632350542677457,132.865784,65.244,53.7,207.0,272.72265625,1800.0,3983784641000,1786515299468789248,33304,15779,2.0,1.001556158065796,1146.32958984375,5281
2026-08-12T15:14:59.709,442,unlabeled,0.2,1,1.7587040001671994,3.1194220000543282,92.39596999987043,1.150216000041837,98.45434899989414,10.156991642909297,140.757318,65.731,64.3,213.4,272.7265625,1800.0,3983884552000,1786515299568700160,33304,15779,2.0,1.001556158065796,1146.3446044921875,5281
2026-08-12T15:14:59.810,443,unlabeled,0.2,1,1.7200550000779913,3.235811000195099,88.1155359998047,0.7270259998222173,93.82820700011507,10.657775864764991,141.961631,66.218,53.8,217.6,272.7265625,1800.0,3983984467000,1786515299668615168,33304,15779,2.0,1.001556158065796,1146.1583251953125,5280
2026-08-12T15:14:59.920,444,unlabeled,0.2,1,1.6716290001568268,3.5110359999634966,93.12421800041193,1.013565999983257,99.35850600004414,10.064563571432481,152.03382,65.731,63.6,216.7,272.7265625,1800.0,3984084381000,1786515299768529152,33304,15779,2.0,1.001556158065796,1145.9810791015625,5279
2026-08-12T15:15:00.022,445,unlabeled,0.2,1,1.7038510000020324,3.145235999909346,88.2438160001584,0.7139519998418109,93.83378199981962,10.657142648283347,120.692986,65.244,52.5,207.5,272.7265625,1800.0,3984217603000,1786515299901751296,33304,15779,2.0,1.001556158065796,1145.4234619140625,5278
2026-08-12T15:15:00.130,446,unlabeled,0.2,1,1.7107769999711309,3.247589000238804,91.29164400019363,0.7240439999804948,97.00300099984815,10.30895941045747,128.387677,65.244,63.4,204.7,272.7265625,1800.0,3984317519000,1786515300001667328,33304,15779,2.0,1.001556158065796,1144.5989990234375,5278
2026-08-12T15:15:00.231,447,unlabeled,0.2,1,1.7213329997503024,3.1917379997139506,88.1150179998258,0.7303039997168526,93.7882999996873,10.662310757347496,129.686214,64.757,52.5,227.2,272.7265625,1800.0,3984417434000,1786515300101582336,33304,15779,2.0,1.001556158065796,1144.027099609375,5277
2026-08-12T15:15:00.339,448,unlabeled,0.2,1,1.7248139997718681,3.1089209996935097,92.21113600005992,0.7256369999595336,97.79963799974212,10.224986722370453,137.964207,65.731,65.9,212.6,272.73046875,1800.0,3984517350000,1786515300201498368,33304,15779,2.0,1.001556158065796,1145.0125732421875,5276
2026-08-12T15:15:00.441,449,unlabeled,0.2,1,1.7539450000185752,3.1965520001904224,88.45581800005675,0.728488999811816,94.16508200001772,10.61964773736205,139.711716,65.244,54.8,206.7,272.73046875,1800.0,3984617267000,1786515300301415168,33304,15779,2.0,1.001556158065796,1146.2969970703125,5275
2026-08-12T15:15:00.545,450,unlabeled,0.2,1,1.7310550001639058,3.3591649998925277,89.36299399965719,0.7343600000240258,95.21961099972032,10.502038282879955,144.517369,65.731,62.5,210.1,272.73046875,1800.0,3984717181000,1786515300401329152,33304,15779,2.0,1.001556158065796,1147.32958984375,5274
2026-08-12T15:15:00.652,451,unlabeled,0.2,1,2.522267000131251,4.914291999739362,89.48199500036935,0.8075639998423867,97.7577119997477,10.229371980418087,151.213253,64.757,60.5,215.5,272.73046875,1800.0,3984817097000,1786515300501245184,33304,15779,2.0,1.001556158065796,1148.595703125,5274
2026-08-12T15:15:00.754,452,unlabeled,0.2,1,1.7023319996951614,3.1736070000079053,88.15061099994637,0.9615839999241871,94.01769099986268,10.636296098799752,120.017376,65.244,53.8,214.5,272.73046875,1800.0,3984950317000,1786515300634465280,33304,15779,2.0,1.001556158065796,1148.961669921875,5274
2026-08-12T15:15:00.863,453,unlabeled,0.2,1,1.7083510001612012,3.216273999896657,91.85457600005975,1.1889200000041455,97.99852900005135,10.204234800294564,129.169003,66.218,63.6,221.3,272.734375,1800.0,3985050234000,1786515300734382336,33304,15779,2.0,1.001556158065796,1150.140625,5274
2026-08-12T15:15:00.964,454,unlabeled,0.2,1,1.762943999892741,3.1487000001106935,87.97834999995757,0.9808629997678509,93.90028300003905,10.64959516681738,130.523305,65.244,52.5,197.6,272.73828125,1800.0,3985150148000,1786515300834296320,33304,15779,2.0,1.001556158065796,1150.778076171875,5274
2026-08-12T15:15:01.069,455,unlabeled,0.2,1,1.695573999768385,3.267367000262311,89.45581000034508,0.72771199984345,95.17533400003231,10.506923989356954,135.216039,65.731,63.4,219.9,272.73828125,1800.0,3985250064000,1786515300934212352,33304,15779,2.0,1.001556158065796,1150.5750732421875,5275
2026-08-12T15:15:01.170,456,unlabeled,0.2,1,1.7132590000983328,3.224145000331191,88.0916480000451,0.7262849999278842,93.7849299998561,10.662693889109203,136.375186,65.244,55.0,207.8,272.73828125,1800.0,3985349979000,1786515301034127360,33304,15779,2.0,1.001556158065796,1150.922607421875,5277
2026-08-12T15:15:01.281,457,unlabeled,0.2,1,1.7577409998921212,3.295052999874315,94.57240199981243,0.7575270001325407,100.41768500013859,9.958405235080054,147.340973,66.218,60.5,207.4,272.73828125,1800.0,3985449894000,1786515301134042368,33304,15779,2.0,1.001556158065796,1150.291015625,5279
2026-08-12T15:15:01.384,458,unlabeled,0.2,1,1.705443999981071,3.261404999648221,88.95861999963017,1.0116029998243903,94.96701699981713,10.529971684821117,117.16871,65.731,53.7,213.4,272.73828125,1800.0,3985583115000,1786515301267263232,33304,15779,2.0,1.001556158065796,1149.7584228515625,5280
2026-08-12T15:15:01.492,459,unlabeled,0.2,1,1.7528889998175146,3.343794000102207,92.52765700011878,0.9811209997678816,98.63707400018029,10.138175834353847,125.769133,65.731,65.1,212.1,272.73828125,1800.0,3985683031000,1786515301367179264,33304,15779,2.0,1.001556158065796,1150.3963623046875,5281
2026-08-12T15:15:01.594,460,unlabeled,0.2,1,1.8729459998212405,3.2181629999286088,88.47672599995349,0.9342139996988408,94.53114099960658,10.578524594389078,127.708714,65.731,51.3,216.0,272.73828125,1800.0,3985782946000,1786515301467094272,33304,15779,2.0,1.001556158065796,1150.6961669921875,5282
2026-08-12T15:15:01.702,461,unlabeled,0.2,1,1.7245359999833454,3.2326269997611234,91.73553800019363,0.9407499996996194,97.66200800004299,10.239396265532037,135.950227,66.218,61.9,212.6,272.73828125,1800.0,3985882862000,1786515301567010304,33304,15779,2.0,1.001556158065796,1150.8419189453125,5283
2026-08-12T15:15:01.804,462,unlabeled,0.2,1,1.7105000001720327,3.215218999685021,88.583467999797,0.978658999883919,94.51769699990109,10.5800292616212,137.977438,65.731,55.0,215.8,272.73828125,1800.0,3985982777000,1786515301666925312,33304,15779,2.0,1.001556158065796,1150.0458984375,5283
2026-08-12T15:15:01.910,463,unlabeled,0.2,1,1.7252590000680357,3.2692939998923976,90.14676200013128,0.942140000006475,96.1152879999645,10.404172122965177,143.507218,65.244,61.9,199.1,272.7421875,1800.0,3986082693000,1786515301766841344,33304,15779,2.0,1.001556158065796,1149.6212158203125,5284
2026-08-12T15:15:02.012,464,unlabeled,0.2,1,1.936538999871118,3.7999470000613655,88.15064899999925,1.2025130004076345,95.11944499990932,10.513097505993157,146.177728,65.731,52.5,214.5,272.7421875,1800.0,3986182615000,1786515301866763264,33304,15779,2.0,1.001556158065796,1148.5020751953125,5284
2026-08-12T15:15:02.119,465,unlabeled,0.2,1,1.6724990000511752,3.2388679996984138,90.42311800021707,1.2426979997144372,96.61057199991774,10.350834068147858,119.42202,65.731,61.9,224.0,272.74609375,1800.0,3986315830000,1786515301999978240,33304,15779,2.0,1.001556158065796,1148.4896240234375,5285
2026-08-12T15:15:02.221,466,unlabeled,0.2,1,1.7399630000909383,3.1910709999465325,88.59641300023213,0.7137489997148805,94.27291700012574,10.607500349211282,121.707624,66.218,55.0,216.7,272.74609375,1800.0,3986415745000,1786515302099893248,33304,15779,2.0,1.001556158065796,1147.65966796875,5285
2026-08-12T15:15:02.329,467,unlabeled,0.2,1,1.727351999761595,3.3446099996581324,91.48229500033267,0.9720650000417663,97.5562489998083,10.250496613517448,129.737996,65.731,61.9,194.5,272.74609375,1800.0,3986515666000,1786515302199814400,33304,15779,2.0,1.001556158065796,1146.6353759765625,5286
2026-08-12T15:15:02.431,468,unlabeled,0.2,1,1.7411849999007245,3.3259230003750417,88.3028920002289,0.935491000291222,94.33693599976323,10.600301879663654,131.624136,65.731,54.8,225.9,272.74609375,1800.0,3986615577000,1786515302299725312,33304,15779,2.0,1.001556158065796,1146.86328125,5287
2026-08-12T15:15:02.536,469,unlabeled,0.2,1,1.7193509997923684,3.1568660001539683,90.05968799965558,0.9732689995871624,95.94041599984848,10.42313595973546,137.208454,65.731,64.3,208.6,272.74609375,1800.0,3986715493000,1786515302399641344,33304,15779,2.0,1.001556158065796,1146.5157470703125,5288
2026-08-12T15:15:02.639,470,unlabeled,0.2,1,1.739574000112043,3.387887999906525,88.61289499964187,1.1304189997645153,94.90851700002167,10.536462180731068,139.572923,65.244,52.5,213.2,272.74609375,1800.0,3986815409000,1786515302499557376,33304,15779,2.0,1.001556158065796,1146.5992431640625,5289
2026-08-12T15:15:02.746,471,unlabeled,0.2,1,1.717111000289151,3.72426199965048,89.98811299989029,0.7222849999379832,96.17952999997215,10.397222777032592,146.856654,65.731,59.5,207.0,272.75,1800.0,3986915324000,1786515302599472384,33304,15779,2.0,1.001556158065796,1146.51904296875,5290
2026-08-12T15:15:02.847,472,unlabeled,0.2,1,1.7540560002089478,3.1832189997658134,88.09781499985547,0.7295630002772668,93.79315300020608,10.661759073157535,115.189247,66.705,53.7,226.2,272.75,1800.0,3987048545000,1786515302732693248,33304,15779,2.0,1.001556158065796,1145.9210205078125,5290
2026-08-12T15:15:02.957,473,unlabeled,0.2,1,1.6190359997381165,3.210681999917142,94.33864100037681,0.7339150001826056,99.93012499990073,10.00699238593961,125.137,65.731,63.6,209.6,272.75,1800.0,3987148461000,1786515302832609280,33304,15779,2.0,1.001556158065796,1146.7681884765625,5291
2026-08-12T15:15:03.059,474,unlabeled,0.2,1,1.7509079998490051,3.2031450000431505,88.55709799991018,0.723507999737194,94.26504699968064,10.608385948223077,126.888844,65.244,53.7,206.5,272.75,1800.0,3987248375000,1786515302932523264,33304,15779,2.0,1.001556158065796,1145.8795166015625,5291
2026-08-12T15:15:03.166,475,unlabeled,0.2,1,1.7248139997718681,3.2040520000009565,92.08869199983383,0.7326369996007998,97.77923299998292,10.227120517504721,134.344696,65.731,62.8,205.0,272.75,1800.0,3987348292000,1786515303032440320,33304,15779,2.0,1.001556158065796,1146.1297607421875,5291
2026-08-12T15:15:03.268,476,unlabeled,0.2,1,1.716332999876613,3.212163000171131,88.52870900000198,0.7577679998576059,94.24521399978403,10.610618381133833,136.079183,66.218,55.0,216.4,272.75,1800.0,3987448207000,1786515303132355328,33304,15779,2.0,1.001556158065796,1145.8111572265625,5291
2026-08-12T15:15:03.378,477,unlabeled,0.2,1,1.7057770000974415,3.225534000193875,94.21317699980136,0.9693249999145337,100.14438700000028,9.985582117547908,145.871158,66.218,63.6,209.6,272.75390625,1800.0,3987548123000,1786515303232271360,33304,15779,2.0,1.001556158065796,1145.7115478515625,5291
2026-08-12T15:15:03.480,478,unlabeled,0.2,1,1.9531869997990725,3.3702570003697474,88.43385699992723,0.9876770000118995,94.77468199975192,10.551341127186452,148.351542,65.731,54.8,214.6,272.75390625,1800.0,3987648038000,1786515303332186368,33304,15779,2.0,1.001556158065796,1146.96728515625,5290
2026-08-12T15:15:03.587,479,unlabeled,0.2,1,1.641849999941769,3.1581810003444843,90.65541699965252,0.925195000036183,96.40818099978787,10.37256371429931,121.785591,66.705,62.8,215.9,272.75390625,1800.0,3987781260000,1786515303465408256,33304,15779,2.0,1.001556158065796,1146.3878173828125,5289
2026-08-12T15:15:03.689,480,unlabeled,0.2,1,1.7669820003902714,3.2090149998111883,88.76678599972365,0.9356209998259146,94.70823699984976,10.558743691972499,123.982324,65.731,56.1,215.5,272.75390625,1800.0,3987881175000,1786515303565323264,33304,15779,2.0,1.001556158065796,1145.8829345703125,5289
2026-08-12T15:15:03.802,481,unlabeled,0.2,1,3.340905000186467,6.081712000195694,90.72758399997838,0.9473430000070948,101.12724900000103,9.888531626129668,137.109691,67.192,62.2,203.4,272.75390625,1800.0,3987981090000,1786515303665238272,33304,15779,2.0,1.001556158065796,1145.78515625,5289
2026-08-12T15:15:03.904,482,unlabeled,0.2,1,1.7161480000140727,3.4424800001033873,88.59743199991499,0.7703050000600342,94.55708700033938,10.575621899143433,139.108578,66.705,53.7,215.9,272.75390625,1800.0,3988081007000,1786515303765155328,33304,15779,2.0,1.001556158065796,1145.8619384765625,5289
2026-08-12T15:15:04.012,483,unlabeled,0.2,1,1.827074999710021,3.355701999680605,93.10403500012399,0.7636370000909665,99.08020900002157,10.092832969294426,147.734817,67.192,63.6,211.8,272.7578125,1800.0,3988180923000,1786515303865071360,33304,15779,2.0,1.001556158065796,1145.9501953125,5290
2026-08-12T15:15:04.114,484,unlabeled,0.2,1,1.7225370002051932,3.155792000143265,88.00564800003485,0.756212000396772,93.6704490000011,10.675725489476283,115.901576,68.166,51.4,207.1,272.7578125,1800.0,3988314144000,1786515303998292224,33304,15779,2.0,1.001556158065796,1146.8931884765625,5290
2026-08-12T15:15:04.221,485,unlabeled,0.2,1,1.7265179999412794,3.241923000132374,91.80313300021226,0.7217849997687154,97.52067499994155,10.254235832561653,123.369064,68.166,64.3,223.5,272.7578125,1800.0,3988414060000,1786515304098208256,33304,15779,2.0,1.001556158065796,1147.9678955078125,5291
2026-08-12T15:15:04.323,486,unlabeled,0.2,1,1.695758000096248,3.1386249997922278,88.51300599962997,0.7232289999592467,94.09974999971382,10.627020794455259,124.91663,65.731,52.5,207.0,272.7578125,1800.0,3988513974000,1786515304198122240,33304,15779,2.0,1.001556158065796,1147.69921875,5292
2026-08-12T15:15:04.431,487,unlabeled,0.2,1,1.7046480002136377,3.167477999795665,91.74379900014173,0.9402499999850988,97.58563900004447,10.24740945744634,133.054458,67.192,64.3,222.1,272.7578125,1800.0,3988613890000,1786515304298038272,33304,15779,2.0,1.001556158065796,1148.1627197265625,5291
2026-08-12T15:15:04.532,488,unlabeled,0.2,1,1.7478149998169101,3.1704399998488952,88.22372499980702,0.998140000319836,94.17071300003954,10.619012728507006,134.6956,67.192,54.8,206.8,272.76171875,1800.0,3988713807000,1786515304397955328,33304,15779,2.0,1.001556158065796,1147.97314453125,5291
2026-08-12T15:15:04.641,489,unlabeled,0.2,1,1.7151659999399271,3.539907999766001,93.10838800001875,0.9393800000907504,99.33230500018908,10.06721831329794,143.594294,67.679,64.3,211.4,272.76171875,1800.0,3988813722000,1786515304497870336,33304,15779,2.0,1.001556158065796,1147.86181640625,5290
2026-08-12T15:15:04.743,490,unlabeled,0.2,1,2.1255040001051384,3.2094410003082885,88.20589199967799,1.147289000073215,94.71679299986135,10.557789894781001,145.943481,67.192,56.1,215.0,272.76171875,1800.0,3988913639000,1786515304597787392,33304,15779,2.0,1.001556158065796,1148.2991943359375,5291
2026-08-12T15:15:04.851,491,unlabeled,0.2,1,1.5787020001880592,3.2062189998214308,91.6318350000438,0.9306199999628006,97.37828400011495,10.269230047212782,120.757228,67.192,63.6,212.7,272.76171875,1800.0,3989046858000,1786515304731006208,33304,15779,2.0,1.001556158065796,1147.83447265625,5292
2026-08-12T15:15:04.953,492,unlabeled,0.2,1,1.7428149999432208,3.154423000069073,88.27663300007771,1.1492160001580487,94.35256699998718,10.598545771416436,122.589979,66.705,52.5,216.5,272.76171875,1800.0,3989146776000,1786515304830924288,33304,15779,2.0,1.001556158065796,1148.1776123046875,5293
2026-08-12T15:15:05.057,493,unlabeled,0.2,1,1.7063139998754195,3.1015690001368057,89.6308329997737,0.9389550000378222,95.40587599985884,10.481534701295333,127.08765,66.705,61.5,210.7,272.765625,1800.0,3989246690000,1786515304930838272,33304,15779,2.0,1.001556158065796,1148.8580322265625,5293
2026-08-12T15:15:05.162,494,unlabeled,0.2,1,2.8103070003453468,4.574678000153654,88.28115200003595,0.7613230000060867,96.4605340000162,10.366934107993142,132.19718,67.192,59.5,209.5,272.76953125,1800.0,3989346604000,1786515305030752256,33304,15779,2.0,1.001556158065796,1149.2216796875,5292
2026-08-12T15:15:05.265,495,unlabeled,0.2,1,1.7360370002279524,3.28386799992586,88.4776719999536,0.7290260000445414,94.25758499992298,10.60922577213088,135.17656,66.705,58.5,213.8,272.76953125,1800.0,3989446521000,1786515305130669312,33304,15779,2.0,1.001556158065796,1149.8568115234375,5292
2026-08-12T15:15:05.368,496,unlabeled,0.2,1,1.7053890001079708,3.2035890003498935,88.82208400018499,0.7561190000160423,94.51564400023926,10.58025907327541,138.279045,66.218,59.0,223.3,272.76953125,1800.0,3989546436000,1786515305230584320,33304,15779,2.0,1.001556158065796,1149.582275390625,5291
2026-08-12T15:15:05.472,497,unlabeled,0.2,1,1.705239999864716,3.687704999720154,88.58115499970154,0.7279149999703804,94.73190600010639,10.556105563830595,141.642606,66.218,57.5,203.3,272.76953125,1800.0,3989646351000,1786515305330499328,33304,15779,2.0,1.001556158065796,1150.0374755859375,5291
2026-08-12T15:15:05.574,498,unlabeled,0.2,1,1.8128709998563863,3.912097000011272,88.06894700001067,0.724859000001743,94.54697800038048,10.576752648783506,143.679152,67.192,52.5,215.9,272.76953125,1800.0,3989746269000,1786515305430417152,33304,15779,2.0,1.001556158065796,1150.2081298828125,5291
2026-08-12T15:15:05.681,499,unlabeled,0.2,1,1.754499999606196,3.187682000316272,92.3692689998461,0.751804000174161,98.0954409997139,10.194153671248763,151.516344,67.679,66.7,212.8,272.7734375,1800.0,3989846183000,1786515305530331392,33304,15779,2.0,1.001556158065796,1150.0947265625,5291
2026-08-12T15:15:05.784,500,unlabeled,0.2,1,1.7163509996862558,3.2159040001715766,88.32998599973507,0.7626000001437205,94.0533980001419,10.632258071085229,120.684934,67.679,53.7,215.3,272.77734375,1800.0,3989979403000,1786515305663551232,33304,15779,2.0,1.001556158065796,1151.3519287109375,5290
2026-08-12T15:15:05.891,501,unlabeled,0.2,1,1.6959250001491455,3.2404230000793177,91.66794699967795,0.9489179997217434,97.5836759998856,10.247615595062973,127.539863,65.731,63.6,206.3,272.77734375,1800.0,3990079322000,1786515305763470336,33304,15779,2.0,1.001556158065796,1148.7069091796875,5289
2026-08-12T15:15:05.992,502,unlabeled,0.2,1,1.7059619999599818,3.1707920002190804,88.32328200014672,0.9890659998745832,94.21903000020393,10.613567131797426,129.081892,65.244,53.7,216.9,272.77734375,1800.0,3990179236000,1786515305863384320,33304,15779,2.0,1.001556158065796,1138.9827880859375,5288
2026-08-12T15:15:06.100,503,unlabeled,0.2,1,1.7191850001836428,3.212274999896181,92.76164400034759,0.7703410001340671,98.49416800034305,10.152885397199528,137.190713,66.218,61.9,203.7,272.78125,1800.0,3990279150000,1786515305963298304,33304,15937,2.0,1.000619649887085,1123.75439453125,5288
2026-08-12T15:15:06.202,504,unlabeled,0.2,1,1.8087230000674026,3.62548200018864,88.48033999993277,0.7246559998748126,94.67275799988784,10.562700623987153,139.301812,67.192,53.7,215.6,272.78125,1800.0,3990379066000,1786515306063214336,33304,16255,2.0,1.000001072883606,1111.1065673828125,5288
2026-08-12T15:15:06.310,505,unlabeled,0.2,1,1.6720369999347895,3.192219000084151,92.31864000003043,0.7550820000687963,97.96686599975146,10.20753282035721,147.045976,66.705,64.3,213.6,272.78125,1800.0,3990478981000,1786515306163129344,33304,16572,2.0,1.0007208585739136,1103.6298828125,5288
2026-08-12T15:15:06.412,506,unlabeled,0.2,1,1.579626999955508,3.2498300001861935,88.4493769999608,0.7531740002377774,94.06314000034399,10.63115690159124,115.73489,65.244,54.8,206.0,272.78125,1800.0,3990612202000,1786515306296350208,33304,16890,2.0,1.000571846961975,1090.0611572265625,5283
2026-08-12T15:15:06.517,507,unlabeled,0.2,1,1.6927949995988456,3.247164000185876,90.78421599997455,0.7132850000743929,96.46838699973159,10.366090188724543,121.635129,66.218,65.1,217.5,272.78125,1800.0,3990712120000,1786515306396268288,33304,17049,2.0,1.000990390777588,1083.5511474609375,5278
2026-08-12T15:15:06.619,508,unlabeled,0.2,1,1.7223879999619385,3.2074050000119314,88.44513600024584,0.7216560002234473,94.12995499997123,10.623610730508748,123.145659,66.218,53.7,216.9,272.78125,1800.0,3990812034000,1786515306496182272,33304,17207,2.0,1.0012389421463013,1086.6182861328125,5275
2026-08-12T15:15:06.726,509,unlabeled,0.2,1,1.7307029997937207,3.1733109999549924,91.85733800040907,0.7331930000873399,97.52312099999472,10.2539786436906,130.641764,67.192,64.3,204.9,272.78125,1800.0,3990911949000,1786515306596097280,33304,17207,2.0,1.0012389421463013,1093.3310546875,5270
2026-08-12T15:15:06.828,510,unlabeled,0.2,1,1.703257999906782,3.2262380000247504,87.976296999841,0.9430840000277385,93.87813800003642,10.652107309580556,132.071284,67.192,53.7,217.0,272.78125,1800.0,3991011868000,1786515306696016384,33304,17207,2.0,1.0012389421463013,1092.4046630859375,5265
2026-08-12T15:15:06.932,511,unlabeled,0.2,1,1.7341290003969334,3.2246640002995264,89.47116500030461,0.9796770000320976,95.43939500008491,10.477853511111531,136.951585,68.166,65.1,210.0,272.78125,1800.0,3991111783000,1786515306795931392,33304,17207,2.0,1.0012389421463013,1086.3106689453125,5261
2026-08-12T15:15:07.034,512,unlabeled,0.2,1,1.7062770002667094,3.4728330001598806,88.20181900000534,0.9312869997302187,94.34221699984846,10.599708505913172,138.737779,68.166,53.8,216.3,272.78125,1800.0,3991211698000,1786515306895846400,33304,17207,2.0,1.0012389421463013,1079.2017822265625,5259
2026-08-12T15:15:07.141,513,unlabeled,0.2,1,1.6598879997218319,3.26605300006122,90.4362129999754,0.9412140002496017,96.33351599995876,10.38060315373964,145.696524,68.166,64.4,215.2,272.78125,1800.0,3991311613000,1786515306995761152,33304,17398,2.0,1.0001537799835205,1070.6015625,5258
2026-08-12T15:15:07.243,514,unlabeled,0.2,1,1.7135560001406702,3.1172180001703964,88.20902299976296,1.1497340001369594,94.21890100020391,10.61358166338446,147.58732,66.705,52.5,216.0,272.78125,1800.0,3991411530000,1786515307095678208,33304,17557,2.0,1.001069188117981,1065.7314453125,5257
2026-08-12T15:15:07.350,515,unlabeled,0.2,1,1.7088889999286039,3.1586820000484295,90.3026190003402,1.1385490001885046,96.33631199994852,10.380301874131682,121.70843,67.679,65.9,205.1,272.78125,1800.0,3991544750000,1786515307228898304,33304,17557,2.0,1.001069188117981,1063.677978515625,5255
2026-08-12T15:15:07.452,516,unlabeled,0.2,1,1.6757210000832856,3.4079070001098444,88.35915400004524,0.9854919999270351,94.4582930001161,10.586682950101277,123.574119,67.679,55.0,216.1,272.78515625,1800.0,3991644669000,1786515307328817152,33304,17715,2.0,1.0010021924972534,1063.3797607421875,5254
2026-08-12T15:15:07.559,517,unlabeled,0.2,1,1.7121480000241718,3.1793670000297425,92.27387999999337,0.9774180002750654,98.1712200000402,10.186284738028014,130.876391,66.218,63.6,214.4,272.7890625,1800.0,3991744581000,1786515307428729344,33304,17715,2.0,1.0010021924972534,1067.7120361328125,5253
2026-08-12T15:15:07.661,518,unlabeled,0.2,1,1.7028320003191766,3.120940999906452,89.15575499986517,0.9414360001755995,94.95014899994203,10.531842346035818,133.31805,67.192,53.8,205.2,272.7890625,1800.0,3991844503000,1786515307528651264,33304,17715,2.0,1.0010021924972534,1074.6348876953125,5252
2026-08-12T15:15:07.770,519,unlabeled,0.2,1,1.6812769999887678,3.5114819997943414,90.67178999976022,0.9383990000060294,96.83157699964795,10.327209687018065,141.757083,65.244,59.5,212.3,272.7890625,1800.0,3991944413000,1786515307628561152,33304,17715,2.0,1.0010021924972534,1083.3311767578125,5253
2026-08-12T15:15:07.872,520,unlabeled,0.2,1,1.7715180001687258,3.817595000327856,88.06374300002062,0.7296930002667068,94.41251399994144,10.59181625012782,143.591926,66.705,54.8,216.2,272.7890625,1800.0,3992044328000,1786515307728476160,33304,17715,2.0,1.0010021924972534,1090.1871337890625,5254
2026-08-12T15:15:07.984,521,unlabeled,0.2,1,1.7212210000252526,3.1219590000546305,96.33058999997957,0.7592120000481373,101.96268599975156,9.807509386349793,156.191558,66.705,66.7,204.5,272.7890625,1800.0,3992144242000,1786515307828390400,33304,17557,2.0,1.0000509023666382,1098.0823974609375,5255
2026-08-12T15:15:08.086,522,unlabeled,0.2,1,1.7221110001628404,3.478944000107731,88.58632400006172,0.4986720000488276,94.31632899986653,10.602617919972428,124.691455,66.705,52.5,216.3,272.7890625,1800.0,3992277466000,1786515307961614336,33304,17366,2.0,1.0006847381591797,1117.238525390625,5259
2026-08-12T15:15:08.193,523,unlabeled,0.2,1,1.7118890000347164,3.2142380000550475,91.4105759998165,0.7567679999738175,97.12272899969321,10.296251045449504,132.433668,66.218,61.9,204.3,272.79296875,1800.0,3992377379000,1786515308061527296,33304,16985,2.0,1.000725269317627,1131.367431640625,5262
2026-08-12T15:15:08.296,524,unlabeled,0.2,1,1.7478149998169101,3.2163300002139295,88.809011000194,1.2180499998066807,95.02254000017274,10.523818874955165,135.055304,67.679,54.8,224.4,272.796875,1800.0,3992477299000,1786515308161447168,33304,16604,2.0,1.001701831817627,1144.2523193359375,5264
2026-08-12T15:15:08.404,525,unlabeled,0.2,1,1.7706120002003445,3.4812779999811028,91.16946199992526,1.186696999866399,97.64197499998772,10.241497061075687,143.483816,67.192,62.8,203.1,272.796875,1800.0,3992577210000,1786515308261358336,33304,16287,2.0,1.000563621520996,1151.2904052734375,5270
2026-08-12T15:15:08.506,526,unlabeled,0.2,1,1.9291309999971418,3.3084609999605163,88.33552500027508,0.9390279997205653,94.54095999990386,10.577425911488701,145.463804,66.218,54.8,215.9,272.796875,1800.0,3992677126000,1786515308361274368,33304,16128,2.0,1.001092791557312,1149.17041015625,5275
2026-08-12T15:15:08.616,527,unlabeled,0.2,1,1.710314999854745,3.25453400000697,92.7086260003307,0.7194710001385829,98.42070600006991,10.160463591871508,154.81182,67.192,64.3,219.6,272.796875,1800.0,3992777041000,1786515308461189376,33304,16128,2.0,1.001092791557312,1145.8193359375,5280
2026-08-12T15:15:08.717,528,unlabeled,0.2,1,1.8251299998155446,3.419869000026665,88.52167500026553,0.7241190000968345,94.52281299991228,10.579456622825308,123.548606,68.166,55.0,206.0,272.796875,1800.0,3992910262000,1786515308594410240,33304,16128,2.0,1.001092791557312,1146.7640380859375,5286
2026-08-12T15:15:08.824,529,unlabeled,0.2,1,1.751852000325016,3.182514999934938,91.36550099992746,0.7996570002433145,97.13119100024414,10.295354043352424,130.317781,67.192,64.3,215.6,272.80078125,1800.0,3993010180000,1786515308694328320,33304,16128,2.0,1.001092791557312,1145.243408203125,5291
2026-08-12T15:15:08.925,530,unlabeled,0.2,1,1.8234630001643382,3.221979000045394,87.99002100022335,0.730785000087053,93.79447100036487,10.66160925409036,131.523648,67.192,53.7,207.7,272.80078125,1800.0,3993110093000,1786515308794241280,33304,16128,2.0,1.001092791557312,1144.4757080078125,5294
2026-08-12T15:15:09.030,531,unlabeled,0.2,1,1.7161470000246482,3.246515999762778,89.33722099982333,0.7252479999806383,95.05491099980645,10.520234982935666,135.883618,67.679,63.4,220.6,272.80078125,1800.0,3993210010000,1786515308894158336,33304,16128,2.0,1.001092791557312,1143.8804931640625,5297
2026-08-12T15:15:09.131,532,unlabeled,0.2,1,1.7172220000247762,3.1179590000647295,88.1290600000284,0.7225070003187284,93.7143040000592,10.670729625216747,136.950503,66.705,52.5,207.9,272.80078125,1800.0,3993309929000,1786515308994077184,33304,16128,2.0,1.001092791557312,1142.9248046875,5299
2026-08-12T15:15:09.240,533,unlabeled,0.2,1,1.7132590000983328,3.2328489996871212,92.70551600002364,1.1961229997723422,98.87658199977523,10.113618207416122,146.387572,68.166,65.9,210.4,272.80078125,1800.0,3993409842000,1786515309093990400,33304,16128,2.0,1.001092791557312,1141.7410888671875,5300
2026-08-12T15:15:09.342,534,unlabeled,0.2,1,1.6186839998226787,3.1982559999050864,88.3747670000048,0.9655660001044453,94.1907540000102,10.616753317421068,115.051876,67.679,51.3,215.7,272.8046875,1800.0,3993543063000,1786515309227211264,33304,16128,2.0,1.001092791557312,1139.991455078125,5302
2026-08-12T15:15:09.450,535,unlabeled,0.2,1,1.7164620003313757,3.185680999649776,91.70767199975671,0.7226560001072357,97.36073199974271,10.271081363712863,123.418498,67.679,65.1,212.6,272.8046875,1800.0,3993642977000,1786515309327125248,33304,16128,2.0,1.001092791557312,1139.29443359375,5302
2026-08-12T15:15:09.552,536,unlabeled,0.2,1,1.6941290000431763,3.228607999972155,88.58456500001921,0.7222849999379832,94.25731000010273,10.609256725010612,125.099319,67.679,53.7,216.5,272.8046875,1800.0,3993742896000,1786515309427044352,33304,16128,2.0,1.001092791557312,1138.955810546875,5301
2026-08-12T15:15:09.660,537,unlabeled,0.2,1,1.7182030001094972,3.12421800026641,92.74453500029267,0.7359710002674547,98.35355700033688,10.167400453006238,134.013503,67.679,64.3,211.4,272.8046875,1800.0,3993842810000,1786515309526958336,33304,16128,2.0,1.001092791557312,1139.163330078125,5301
2026-08-12T15:15:09.762,538,unlabeled,0.2,1,1.7171479998978612,3.165441000419378,88.18969000003563,1.1449010003161675,94.24614299996392,10.61051379047292,135.599302,67.679,52.6,206.9,272.8046875,1800.0,3993942726000,1786515309626874368,33304,16128,2.0,1.001092791557312,1140.08984375,5298
2026-08-12T15:15:09.870,539,unlabeled,0.2,1,1.7106299997067254,3.2093489999169833,91.37652100025662,0.9392689999003778,97.26574999967852,10.28111128535281,143.686546,67.679,62.8,222.2,272.8046875,1800.0,3994042641000,1786515309726789376,33304,16128,2.0,1.001092791557312,1140.851318359375,5295
2026-08-12T15:15:09.972,540,unlabeled,0.2,1,1.7213330002050498,3.5630929996841587,88.36678500028938,0.794897999639943,94.47523900007582,10.584784019431774,145.785671,67.679,53.7,205.8,272.80859375,1800.0,3994142562000,1786515309826710272,33304,16128,2.0,1.001092791557312,1139.7978515625,5293
2026-08-12T15:15:10.077,541,unlabeled,0.2,1,1.5864430001784058,3.1409040002472466,89.73955900000874,0.741673999982595,95.23767299970132,10.500046551989318,117.563119,67.192,62.5,218.9,272.80859375,1800.0,3994275777000,1786515309959925248,33304,16128,2.0,1.001092791557312,1139.584716796875,5287
2026-08-12T15:15:10.178,542,unlabeled,0.2,1,1.7111849997490935,3.180218999659701,88.01611500030049,0.755027000195696,93.69243399987681,10.673220422486994,118.819667,67.679,56.1,206.1,272.80859375,1800.0,3994375691000,1786515310059839232,33304,16128,2.0,1.001092791557312,1138.3900146484375,5284
2026-08-12T15:15:10.287,543,unlabeled,0.2,1,1.7068689999177877,3.166497000165691,91.92032300006758,0.7268220001606096,97.55030799988162,10.25112088832373,127.67707,68.653,63.6,212.9,272.80859375,1800.0,3994475609000,1786515310159757312,33304,16128,2.0,1.001092791557312,1137.2579345703125,5281
2026-08-12T15:15:10.389,544,unlabeled,0.2,1,1.7556299999341718,3.097643999808497,88.75365999983842,0.7326009999815142,94.36818200038033,10.596792041579965,129.537846,68.166,55.0,216.3,272.80859375,1800.0,3994575523000,1786515310259671296,33304,16128,2.0,1.001092791557312,1136.3702392578125,5278
2026-08-12T15:15:10.493,545,unlabeled,0.2,0,1.7364809996252006,3.1864779998613812,89.33975899981306,0.2378170001975377,94.5295729998179,10.578700064602284,133.600154,66.705,64.1,211.6,272.80859375,1800.0,3994675439000,1786515310359587328,33304,16128,2.0,1.001092791557312,1135.9254150390625,5276
2026-08-12T15:15:10.594,546,unlabeled,0.2,1,1.7098879998229677,3.278237999893463,88.25967300026605,0.7474150002053648,94.0264189998743,10.635308784878184,134.817592,67.679,51.3,217.6,272.8125,1800.0,3994775356000,1786515310459504384,33304,16128,2.0,1.001092791557312,1137.215087890625,5275
2026-08-12T15:15:10.701,547,unlabeled,0.2,1,1.748981999753596,3.1690149999121786,91.72382099995957,0.5032270000810968,97.17387899991081,10.290831345745886,142.552925,67.192,64.3,213.6,272.81640625,1800.0,3994875271000,1786515310559419392,33304,16128,2.0,1.001092791557312,1137.8299560546875,5273
2026-08-12T15:15:10.803,548,unlabeled,0.2,1,1.8979460000991821,3.397183999823028,88.05815300001996,0.49800499982666224,93.87962200025868,10.651938926610129,143.87867,67.679,52.5,217.2,272.81640625,1800.0,3994975196000,1786515310659344384,33304,16128,2.0,1.001092791557312,1138.3294677734375,5271
2026-08-12T15:15:10.911,549,unlabeled,0.2,1,1.7227029998139187,3.232812000078411,92.0456390003892,0.7601199999953678,97.79394099996352,10.225582380409161,152.217892,67.679,65.2,210.9,272.81640625,1800.0,3995075102000,1786515310759250176,33304,16128,2.0,1.001092791557312,1140.9237060546875,5269
2026-08-12T15:15:11.013,550,unlabeled,0.2,1,1.7745189998095157,3.2000520000110555,88.1901350003318,0.7147850001274492,93.91030699998737,10.648458427466695,121.029609,68.166,55.0,207.4,272.81640625,1800.0,3995208323000,1786515310892471296,33304,16128,2.0,1.001092791557312,1138.731201171875,5268
2026-08-12T15:15:11.120,551,unlabeled,0.2,1,1.6904999997677805,3.2197559999076475,90.4454009996698,0.7636929999534914,96.14890500006368,10.40053446265808,127.863459,67.679,61.9,206.3,272.81640625,1800.0,3995308243000,1786515310992391168,33304,16128,2.0,1.001092791557312,1137.587158203125,5269
2026-08-12T15:15:11.221,552,unlabeled,0.2,1,1.7510180000499531,3.3854809998956625,88.01328200024727,0.7593229997837625,93.94116000021313,10.644961165028526,129.232634,67.679,54.8,227.1,272.8203125,1800.0,3995408155000,1786515311092303360,33304,16128,2.0,1.001092791557312,1137.53662109375,5270
2026-08-12T15:15:11.327,553,unlabeled,0.2,1,1.7046480002136377,3.1582739998157194,89.97443199996269,0.725934000001871,95.59613999999783,10.460673412127546,135.354506,68.166,64.3,207.4,272.8203125,1800.0,3995508070000,1786515311192218368,33304,16128,2.0,1.001092791557312,1137.3072509765625,5270
2026-08-12T15:15:11.428,554,unlabeled,0.2,1,1.7378510001435643,3.193386000020837,88.30834100035645,0.7307860000764776,93.99977199973364,10.638323675964168,136.81862,67.679,55.0,207.2,272.8203125,1800.0,3995607986000,1786515311292134400,33304,16128,2.0,1.001092791557312,1136.9052734375,5270
2026-08-12T15:15:11.533,555,unlabeled,0.2,1,1.6967960000329185,3.2598869997855218,89.36698099978457,0.7211180000012973,95.07468999981938,10.518046390705031,141.369652,68.166,63.4,220.2,272.8203125,1800.0,3995707902000,1786515311392050176,33304,16128,2.0,1.001092791557312,1137.2420654296875,5270
2026-08-12T15:15:11.635,556,unlabeled,0.2,1,1.7890560002342681,3.3156089998556126,88.52178799998,0.9416759999112401,94.59746299990002,10.57110802222103,143.367827,67.679,55.0,215.8,272.8203125,1800.0,3995807818000,1786515311491966208,33304,16128,2.0,1.001092791557312,1136.7958984375,5270
2026-08-12T15:15:11.743,557,unlabeled,0.2,1,1.8038329999399139,3.156533000037598,89.8859869998887,0.9418060003554274,95.85438400017665,10.43249101677141,117.846218,67.679,58.5,204.3,272.8203125,1800.0,3995941042000,1786515311625190400,33304,16128,2.0,1.001092791557312,1133.82080078125,5269
2026-08-12T15:15:11.845,558,unlabeled,0.2,1,1.7404619998160342,3.1595890000062354,88.2484700000532,0.9676949998720374,94.14797600038582,10.621577249795598,120.06509,69.14,54.8,223.9,272.82421875,1800.0,3996040953000,1786515311725101312,33304,16128,2.0,1.001092791557312,1132.5126953125,5268
2026-08-12T15:15:11.951,559,unlabeled,0.2,1,1.667905999966024,3.1573109999953886,89.41739000010784,0.9408800001438067,95.21241399988867,10.502832120201987,126.405213,66.705,61.9,208.2,272.82421875,1800.0,3996140870000,1786515311825018368,33304,16128,2.0,1.001092791557312,1131.0374755859375,5268
2026-08-12T15:15:12.052,560,unlabeled,0.2,1,1.7464079996898363,3.175756000018737,88.22106199977497,0.7629340002495155,93.93427099985274,10.645741850719933,127.820504,68.166,55.0,217.2,272.82421875,1800.0,3996240784000,1786515311924932352,33304,16128,2.0,1.001092791557312,1129.9371337890625,5266
2026-08-12T15:15:12.157,561,unlabeled,0.2,1,1.6957959996943828,3.194793000147911,89.68111600006523,0.727507999727095,95.32871199962756,10.490018998724192,132.632608,69.14,65.1,210.0,272.828125,1800.0,3996340701000,1786515312024849152,33304,16128,2.0,1.001092791557312,1129.7095947265625,5264
2026-08-12T15:15:12.258,562,unlabeled,0.2,1,1.7123880002145597,3.1378290000247944,88.20250700000543,0.9419349999006954,94.0235869998105,10.635629121467312,134.08418,67.192,53.7,217.1,272.828125,1800.0,3996440618000,1786515312124766208,33304,16128,2.0,1.001092791557312,1133.11962890625,5263
2026-08-12T15:15:12.365,563,unlabeled,0.2,1,1.711962000172207,3.4067579999828013,90.17128699997556,0.9631400002945156,96.2824820003334,10.386105335304268,140.939288,68.653,65.9,206.0,272.83203125,1800.0,3996540532000,1786515312224680192,33304,16128,2.0,1.001092791557312,1135.4014892578125,5262
2026-08-12T15:15:12.468,564,unlabeled,0.2,1,1.805222000257345,3.3713689999785856,89.24864699974933,0.9839180002018111,95.44013899994752,10.477771831415186,143.872839,66.705,53.7,204.2,272.83203125,1800.0,3996640449000,1786515312324597248,33304,16128,2.0,1.001092791557312,1131.708740234375,5261
2026-08-12T15:15:12.573,565,unlabeled,0.2,1,1.6909259998101334,3.169201000218891,89.68467100021371,0.9652879998611752,95.54160300012882,10.466644567379214,149.322408,67.679,63.4,227.7,272.83203125,1800.0,3996740364000,1786515312424512256,33304,16128,2.0,1.001092791557312,1129.607421875,5260
2026-08-12T15:15:12.677,566,unlabeled,0.2,1,1.713313999971433,3.2566270001552766,89.38581599977624,0.9880659999907948,95.37639800009856,10.484774231031105,119.492443,66.705,56.1,201.9,272.83203125,1800.0,3996873584000,1786515312557732352,33304,16128,2.0,1.001092791557312,1134.487060546875,5259
2026-08-12T15:15:12.787,567,unlabeled,0.2,1,2.0163549997960217,5.501299000115978,90.34402999986924,0.7300819997908548,98.62513600000966,10.139403001684094,129.994682,66.218,61.4,218.5,272.83203125,1800.0,3996973501000,1786515312657649152,33304,16128,2.0,1.001092791557312,1134.3841552734375,5260
2026-08-12T15:15:12.889,568,unlabeled,0.2,1,1.8298899999535934,3.13855100012006,88.10813600030087,1.1507340000207478,94.25618199975361,10.609383690107606,131.840917,66.218,52.5,206.5,272.8359375,1800.0,3997073416000,1786515312757564160,33304,16128,2.0,1.001092791557312,1134.7269287109375,5260
2026-08-12T15:15:12.999,569,unlabeled,0.2,1,1.706276999811962,3.215682000245579,93.80486300005941,0.9809180000956985,99.7398329996031,10.026084563466027,142.180138,67.192,62.8,208.6,272.83984375,1800.0,3997173333000,1786515312857481216,33304,16128,2.0,1.001092791557312,1135.257568359375,5261
2026-08-12T15:15:13.101,570,unlabeled,0.2,1,1.769778000380029,3.7580210000669467,88.22489699969083,1.148419999935868,94.93426399967575,10.533604600372902,144.583147,66.705,53.7,215.0,272.83984375,1800.0,3997273250000,1786515312957398272,33304,16128,2.0,1.001092791557312,1135.837890625,5262
2026-08-12T15:15:13.212,571,unlabeled,0.2,1,1.7270180001105473,3.3647019999989425,93.0174850000185,0.9296029998040467,99.06838200004131,10.094037873754544,154.693158,68.166,62.2,208.8,272.83984375,1800.0,3997373161000,1786515313057309184,33304,16128,2.0,1.001092791557312,1134.013671875,5262
2026-08-12T15:15:13.314,572,unlabeled,0.2,1,1.7559070001880173,3.322905000004539,88.47193699966738,0.9344179998151958,94.51711200017598,10.580094745151948,123.496868,67.679,55.0,206.1,272.83984375,1800.0,3997506390000,1786515313190538240,33304,16128,2.0,1.001092791557312,1133.3505859375,5263
2026-08-12T15:15:13.421,573,unlabeled,0.2,1,1.7305740002484526,3.2844049997038383,90.9973899997567,1.1548640000000887,97.19680699981836,10.288403815589012,131.237128,68.653,61.0,213.6,272.83984375,1800.0,3997606299000,1786515313290447360,33304,16128,2.0,1.001092791557312,1132.5791015625,5262
2026-08-12T15:15:13.522,574,unlabeled,0.2,1,1.718148000236397,3.12434800025585,88.00572800009832,0.7225819999803207,93.59837900001367,10.683945712348864,132.176867,69.627,53.8,218.1,272.83984375,1800.0,3997706215000,1786515313390363392,33304,16128,2.0,1.001092791557312,1131.5858154296875,5260
2026-08-12T15:15:13.630,575,unlabeled,0.2,1,1.6935550002017408,3.2500900001650734,91.92364000000453,0.6301739999798883,97.53390299965758,10.25284510559893,140.317891,67.192,65.1,203.5,272.83984375,1800.0,3997806130000,1786515313490278400,33304,16128,2.0,1.001092791557312,1131.5465087890625,5259
2026-08-12T15:15:13.732,576,unlabeled,0.2,1,1.7396110001755005,3.779391999614745,88.22663699993427,0.9840289999374363,94.75842900019416,10.553150896981956,142.556493,67.679,53.7,225.2,272.83984375,1800.0,3997906046000,1786515313590194176,33304,16128,2.0,1.001092791557312,1131.1405029296875,5258
2026-08-12T15:15:13.837,577,unlabeled,0.2,1,1.6982590000225173,3.278942000179086,89.54050400006963,0.7261559999278688,95.27180499981114,10.496284813770268,147.40345,68.166,65.9,219.5,272.83984375,1800.0,3998005967000,1786515313690115328,33304,16128,2.0,1.001092791557312,1129.552490234375,5258
2026-08-12T15:15:13.939,578,unlabeled,0.2,1,1.6250359999503416,3.2442199999422883,88.13985799997681,0.7597489998261153,93.799104000027,10.661082647438851,115.956935,68.653,55.0,216.0,272.83984375,1800.0,3998139183000,1786515313823331328,33304,16128,2.0,1.001092791557312,1134.00830078125,5257
2026-08-12T15:15:14.044,579,unlabeled,0.2,1,1.6910180002014386,3.1856450000304903,89.59957800016127,0.9692139997241611,95.47432499994102,10.47402010960138,121.360467,67.679,65.1,199.6,272.83984375,1800.0,3998239098000,1786515313923246336,33304,16128,2.0,1.001092791557312,1130.419921875,5258
2026-08-12T15:15:14.145,580,unlabeled,0.2,1,1.7245740000362275,3.274219999639172,88.41077000033692,0.7232670000121288,94.16444100043009,10.619720027812118,122.80834,68.166,53.7,217.0,272.83984375,1800.0,3998339024000,1786515314023172352,33304,16128,2.0,1.001092791557312,1128.41455078125,5259
2026-08-12T15:15:14.252,581,unlabeled,0.2,1,1.7209080001521215,3.2174779998968006,90.53069900028277,0.7934709997243772,96.29227899995385,10.385048628877911,129.636983,67.679,65.1,215.5,272.84375,1800.0,3998438929000,1786515314123077376,33304,16128,2.0,1.001092791557312,1126.0194091796875,5260
2026-08-12T15:15:14.354,582,unlabeled,0.2,1,1.7182780002258369,3.289553000286105,88.21010099973137,0.7245629999488301,93.97134700020615,10.641541617976449,131.19568,68.166,51.3,207.0,272.84375,1800.0,3998538844000,1786515314222992384,33304,16128,2.0,1.001092791557312,1128.245361328125,5261
2026-08-12T15:15:14.461,583,unlabeled,0.2,1,1.731425999878411,3.153478000058385,91.24746699990283,0.7327300004362769,96.89504499965551,10.320445178631738,138.702708,67.679,64.3,214.1,272.84375,1800.0,3998638760000,1786515314322908160,33304,16128,2.0,1.001092791557312,1134.263671875,5260
2026-08-12T15:15:14.562,584,unlabeled,0.2,1,1.6998890000650135,3.1777190001776034,88.38921400001709,0.7213779999801773,94.01816299987331,10.636242701331524,140.094725,68.166,52.5,217.2,272.84375,1800.0,3998738677000,1786515314422825216,33304,16128,2.0,1.001092791557312,1134.979736328125,5260
2026-08-12T15:15:14.674,585,unlabeled,0.2,1,1.6473689997837937,3.2907390000218584,95.80494100009673,0.7575080003334733,101.53168599981655,9.849142069814608,152.145421,68.653,63.6,212.8,272.84375,1800.0,3998838592000,1786515314522740224,33304,16128,2.0,1.001092791557312,1137.656982421875,5260
2026-08-12T15:15:14.778,586,unlabeled,0.2,1,1.7410740001650993,3.1631449996893934,89.21666800006278,0.9361209999951825,95.08563700001105,10.516835471164628,122.175199,67.192,52.5,205.0,272.84375,1800.0,3998971815000,1786515314655963392,33304,16128,2.0,1.001092791557312,1138.001953125,5259
2026-08-12T15:15:14.886,587,unlabeled,0.2,1,1.7341850002594583,3.2765160003691562,91.80080600026486,0.725191999663366,97.56521899998916,10.249554198203677,130.36523,66.705,61.9,212.8,272.84765625,1800.0,3999071729000,1786515314755877376,33304,16128,2.0,1.001092791557312,1135.98193359375,5258
2026-08-12T15:15:14.987,588,unlabeled,0.2,1,1.7032030000336817,3.1754410001667566,87.92309799991926,0.500653000017337,93.33076599978085,10.71458044180574,131.239221,67.679,55.0,218.3,272.84765625,1800.0,3999171643000,1786515314855791360,33304,16128,2.0,1.001092791557312,1131.40771484375,5258
2026-08-12T15:15:15.098,589,unlabeled,0.2,1,1.7012220000651723,3.1308299999182054,95.15417500006151,0.7361190000665374,100.75080800015712,9.925478711778078,142.401235,67.192,60.5,198.0,272.84765625,1800.0,3999271562000,1786515314955710208,33304,16128,2.0,1.001092791557312,1128.6705322265625,5256
2026-08-12T15:15:15.199,590,unlabeled,0.2,1,1.942669000072783,3.2634419999340025,88.34041800037085,0.7294520000868943,94.30440699998144,10.603958307061905,144.137397,66.218,52.5,216.4,272.8515625,1800.0,3999371477000,1786515315055625216,33304,16128,2.0,1.001092791557312,1124.0018310546875,5254
2026-08-12T15:15:15.307,591,unlabeled,0.2,1,1.707517999875563,3.1549039999845263,92.2890520000692,0.7862679999561806,97.96974199980468,10.207233167991742,152.425898,68.166,67.4,211.4,272.8515625,1800.0,3999471390000,1786515315155538176,33304,16128,2.0,1.001092791557312,1122.966064453125,5252
2026-08-12T15:15:15.410,592,unlabeled,0.2,1,1.7255740003747633,3.1827369998609356,88.47199299998465,0.7128410002223973,94.12201499981165,10.624506923295268,121.3998,67.679,52.5,206.8,272.8515625,1800.0,3999604612000,1786515315288760320,33304,16128,2.0,1.001092791557312,1134.46435546875,5251
2026-08-12T15:15:15.517,593,unlabeled,0.2,1,1.6835549999996147,3.2442749998153886,91.41785800011348,0.7285080000656308,97.10351000012452,10.298288908389797,129.222341,68.653,64.3,213.5,272.85546875,1800.0,3999704527000,1786515315388675328,33304,16128,2.0,1.001092791557312,1136.91943359375,5250
2026-08-12T15:15:15.619,594,unlabeled,0.2,1,1.7309820000264153,3.1998119998206676,88.13672999986011,0.7278039997800079,93.8241429998925,10.658237507174947,130.467437,67.679,52.5,217.5,272.85546875,1800.0,3999804443000,1786515315488591360,33304,16128,2.0,1.001092791557312,1136.9251708984375,5249
2026-08-12T15:15:15.724,595,unlabeled,0.2,1,1.706036999621574,3.101773999787838,90.5603669998527,0.7273409996741975,96.12507400015602,10.403112927625699,136.42799,68.166,66.7,217.3,272.85546875,1800.0,3999904359000,1786515315588507392,33304,16128,2.0,1.001092791557312,1136.407958984375,5250
2026-08-12T15:15:15.826,596,unlabeled,0.2,1,1.723295999909169,3.272922999713046,88.4736600000906,0.7265819999702217,94.22646100028942,10.612730111947306,138.075336,67.192,50.0,206.7,272.85546875,1800.0,4000004274000,1786515315688422400,33304,16128,2.0,1.001092791557312,1137.69873046875,5252
2026-08-12T15:15:15.934,597,unlabeled,0.2,1,1.7117959996539867,3.252015999805735,91.92239999993035,0.9352510001008341,97.85175899969545,10.21954035596961,146.549843,69.14,62.8,212.2,272.85546875,1800.0,4000104189000,1786515315788337152,33304,16128,2.0,1.001092791557312,1140.53857421875,5254
2026-08-12T15:15:16.036,598,unlabeled,0.2,1,1.5502569999625848,3.166885000155162,88.20647199991072,1.021121999656316,93.97501400007968,10.641126374284468,114.95716,68.166,55.0,226.1,272.859375,1800.0,4000237412000,1786515315921560320,33304,16128,2.0,1.001092791557312,1141.744384765625,5257
2026-08-12T15:15:16.141,599,unlabeled,0.2,1,1.7130920000454353,3.1903860003694717,89.21048299998802,0.7463419997293386,94.89076499994553,10.538433323838985,119.921166,67.679,62.8,208.7,272.859375,1800.0,4000337328000,1786515316021476352,33304,16128,2.0,1.001092791557312,1143.6834716796875,5260
2026-08-12T15:15:16.243,600,unlabeled,0.2,1,1.7044620003616728,3.2790350001050683,88.49299400026212,0.7319710002775537,94.23936900020635,10.611276482526218,122.280885,65.731,56.1,206.5,272.859375,1800.0,4000437244000,1786515316121392384,33304,16128,2.0,1.001092791557312,1144.3204345703125,5262
2026-08-12T15:15:16.353,601,unlabeled,0.2,1,1.7472600002292893,3.1362179997813655,93.3571010000378,0.7262850003826316,98.99519800001144,10.101500074780237,131.801487,68.166,62.8,210.3,272.859375,1800.0,4000537158000,1786515316221306368,33304,16128,2.0,1.001092791557312,1142.597900390625,5264
2026-08-12T15:15:16.454,602,unlabeled,0.2,1,1.7070730000341428,3.225719000056415,88.25541699980022,0.7313780001823034,93.94851500019286,10.644127796995484,133.388636,69.14,52.6,216.7,272.859375,1800.0,4000637078000,1786515316321226240,33304,16128,2.0,1.001092791557312,1140.880126953125,5266
2026-08-12T15:15:16.561,603,unlabeled,0.2,1,1.7112960003942135,3.357201999733661,89.95560199991814,0.9457699998165481,95.99955499970747,10.41671495251251,140.063132,68.653,62.8,206.4,272.859375,1800.0,4000736989000,1786515316421137152,33304,16128,2.0,1.001092791557312,1141.19873046875,5267
2026-08-12T15:15:16.663,604,unlabeled,0.2,1,1.7152410000562668,3.242497999963234,89.49935700002243,0.7585640000797866,95.24460300008286,10.499282568264052,142.591303,67.679,55.0,224.4,272.86328125,1800.0,4000836904000,1786515316521052160,33304,16128,2.0,1.001092791557312,1138.8194580078125,5268
2026-08-12T15:15:16.772,605,unlabeled,0.2,1,1.9669289999910688,3.303184000287729,91.22281899999507,0.7987869998942188,97.32442099993932,10.274913425897735,151.921423,66.218,55.8,200.3,272.86328125,1800.0,4000936821000,1786515316620969216,33304,16128,2.0,1.001092791557312,1137.8602294921875,5269
2026-08-12T15:15:16.875,606,unlabeled,0.2,1,1.7109069999605708,3.235108000353648,88.29491799997413,0.9409170002072642,94.2111469998963,10.614455208799239,120.981375,67.679,55.0,216.1,272.86328125,1800.0,4001070041000,1786515316754189312,33304,16128,2.0,1.001092791557312,1136.1258544921875,5269
2026-08-12T15:15:16.980,607,unlabeled,0.2,1,1.7395549998582283,3.1290339998122363,90.42484800011152,0.7696190000388015,96.09309200004645,10.406575323848633,126.555849,67.679,61.9,208.9,272.86328125,1800.0,4001169960000,1786515316854108160,33304,16128,2.0,1.001092791557312,1135.4461669921875,5269
2026-08-12T15:15:17.082,608,unlabeled,0.2,1,1.7505739997432102,3.328424000301311,88.24975100014854,0.7306549996428657,94.08844300014607,10.628297887748525,128.051375,68.166,53.7,207.1,272.86328125,1800.0,4001269873000,1786515316954021376,33304,16128,2.0,1.001092791557312,1136.2039794921875,5268
2026-08-12T15:15:17.187,609,unlabeled,0.2,1,1.7044440000972827,3.334887000164599,89.83621200013658,0.7333419998758473,95.64282900009857,10.455566930156044,133.361058,68.166,63.4,218.5,272.86328125,1800.0,4001369788000,1786515317053936384,33304,16128,2.0,1.001092791557312,1135.41064453125,5267
2026-08-12T15:15:17.288,610,unlabeled,0.2,1,1.7509630001768528,3.137495999908424,88.33632599998964,0.7874519997130847,94.04055300001346,10.633710331327558,134.836245,67.679,56.1,217.0,272.8671875,1800.0,4001469711000,1786515317153859328,33304,16128,2.0,1.001092791557312,1134.510009765625,5267
2026-08-12T15:15:17.394,611,unlabeled,0.2,1,1.6954810002971499,3.4450550001565716,89.94265799992718,0.733729999865318,95.84542399989004,10.433466286310624,140.239356,68.653,64.3,199.4,272.8671875,1800.0,4001569619000,1786515317253767168,33304,16128,2.0,1.001092791557312,1133.9927978515625,5265
2026-08-12T15:15:17.495,612,unlabeled,0.2,1,1.7325560002063867,3.3498509997116344,88.32325200000923,0.7235999996737519,94.15986900012285,10.62023567597248,141.941417,67.679,53.7,216.4,272.8671875,1800.0,4001669539000,1786515317353687296,33304,16128,2.0,1.001092791557312,1135.001220703125,5262
2026-08-12T15:15:17.601,613,unlabeled,0.2,1,1.7164819996651204,3.5733899999286223,89.5989880000343,0.7269519996953022,95.64597700000377,10.455222805659256,148.064113,68.653,65.1,216.8,272.8671875,1800.0,4001769453000,1786515317453601280,33304,16128,2.0,1.001092791557312,1134.48876953125,5260
2026-08-12T15:15:17.704,614,unlabeled,0.2,1,1.6787210001893982,3.1755150002936716,89.58963599980052,0.9328429996457999,95.40788300000713,10.48131421173998,118.085933,68.166,53.7,213.2,272.8671875,1800.0,4001902672000,1786515317586820352,33304,16128,2.0,1.001092791557312,1134.107421875,5257
2026-08-12T15:15:17.809,615,unlabeled,0.2,1,1.7162399999506306,3.2189049998123664,89.54789399967922,0.498690999847895,95.01156399983302,10.525034615804845,122.891337,67.679,62.5,219.7,272.87109375,1800.0,4002002589000,1786515317686737152,33304,16128,2.0,1.001092791557312,1135.7607421875,5254
2026-08-12T15:15:17.910,616,unlabeled,0.2,1,1.7582780001248466,3.0753480000385025,88.2670290002352,0.7599710002068605,93.88993999982631,10.650768335796677,124.148324,68.166,53.7,207.6,272.87890625,1800.0,4002102502000,1786515317786650368,33304,16128,2.0,1.001092791557312,1135.0660400390625,5251
2026-08-12T15:15:18.016,617,unlabeled,0.2,1,1.710646999981691,3.2278680000672466,90.31017999996038,0.7648969999536348,96.04218599997694,10.412091203341,129.983973,66.705,62.5,208.0,272.87890625,1800.0,4002202420000,1786515317886568192,33304,16128,2.0,1.001092791557312,1135.3934326171875,5249
2026-08-12T15:15:18.117,618,unlabeled,0.2,1,1.742593000017223,3.258163999817043,88.0548049999561,0.934972999857564,94.02203499985262,10.635804681334195,131.277879,69.14,54.8,217.3,272.87890625,1800.0,4002302334000,1786515317986482176,33304,16128,2.0,1.001092791557312,1135.8594970703125,5247
2026-08-12T15:15:18.221,619,unlabeled,0.2,1,1.7152030000033847,3.1128849996093777,89.37383800002863,0.7267669998327619,94.95898999966812,10.530861796271159,135.310241,68.653,64.1,211.7,272.87890625,1800.0,4002402251000,1786515318086399232,33304,16128,2.0,1.001092791557312,1135.8204345703125,5246
2026-08-12T15:15:18.323,620,unlabeled,0.2,1,1.6936849997364334,3.1800900001144328,88.49423499987097,0.7201739999800338,94.11716600016007,10.625054307290759,136.825778,68.653,53.7,216.9,272.87890625,1800.0,4002502165000,1786515318186313216,33304,16128,2.0,1.001092791557312,1135.9453125,5245
2026-08-12T15:15:18.429,621,unlabeled,0.2,1,1.72440699998333,3.270738999617606,90.45899700004156,0.7279329997800232,96.21302100003959,10.39360358510714,143.555613,68.653,64.3,215.7,272.87890625,1800.0,4002602082000,1786515318286230272,33304,16128,2.0,1.001092791557312,1136.0986328125,5244
2026-08-12T15:15:18.531,622,unlabeled,0.2,1,1.734463000047981,3.3834810001280857,88.24021400005222,0.7229889997688588,94.11155499992674,10.625687780855161,145.041097,68.653,52.5,216.9,272.8828125,1800.0,4002701999000,1786515318386147328,33304,16128,2.0,1.001092791557312,1135.59130859375,5244
2026-08-12T15:15:18.640,623,unlabeled,0.2,1,1.735648000249057,3.1894590001684264,92.805485000099,0.770526999986032,98.52967599999829,10.149226513238686,154.279055,68.653,66.7,210.5,272.8828125,1800.0,4002801912000,1786515318486060288,33304,16128,2.0,1.001092791557312,1137.0311279296875,5244
2026-08-12T15:15:18.742,624,unlabeled,0.2,1,1.7597229998500552,3.4994819998246385,88.27951099965503,0.7271559998116572,94.294907999938,10.605026519572588,122.99214,66.705,55.0,206.2,272.8828125,1800.0,4002935137000,1786515318619285248,33304,16128,2.0,1.001092791557312,1136.8553466796875,5244
2026-08-12T15:15:18.848,625,unlabeled,0.2,1,1.7352780000692292,3.1926080000630463,91.59436100026142,0.9866399996099062,97.5425719998384,10.251933894070957,129.70591,68.166,61.0,215.7,272.8828125,1800.0,4003035049000,1786515318719197184,33304,16128,2.0,1.001092791557312,1136.9884033203125,5244
2026-08-12T15:15:18.949,626,unlabeled,0.2,1,1.7309439999735332,3.232127000046603,87.90973000031954,0.7210439998743823,93.62219799959348,10.681227543967106,130.830061,68.166,53.8,207.8,272.8828125,1800.0,4003134965000,1786515318819113216,33304,16128,2.0,1.001092791557312,1137.0906982421875,5244
2026-08-12T15:15:19.056,627,unlabeled,0.2,1,1.710350999928778,3.2232749999820953,90.32436600000437,0.7885449999776029,96.07542699995975,10.408488738753345,137.478198,68.166,61.9,225.2,272.88671875,1800.0,4003234881000,1786515318919029248,33304,16128,2.0,1.001092791557312,1137.2542724609375,5244
2026-08-12T15:15:19.157,628,unlabeled,0.2,1,1.752314999976079,3.291887000159477,88.13778800004002,0.7258959999489889,93.940793999991,10.645002638577823,138.839495,69.14,55.0,207.3,272.88671875,1800.0,4003334798000,1786515319018946304,33304,16128,2.0,1.001092791557312,1136.639892578125,5243
2026-08-12T15:15:19.264,629,unlabeled,0.2,1,1.6887960000531166,3.130458999748953,90.84079800004474,0.7624340000802476,96.45200600016324,10.367850721511251,145.894711,68.166,61.9,215.0,272.88671875,1800.0,4003434714000,1786515319118862336,33304,16128,2.0,1.001092791557312,1136.365966796875,5243
2026-08-12T15:15:19.366,630,unlabeled,0.2,1,1.7189260001941875,3.184236999913992,88.45936499983509,0.7318040002246562,94.1245189997062,10.624224278937579,114.394642,67.679,55.0,206.4,272.88671875,1800.0,4003567933000,1786515319252081152,33304,16128,2.0,1.001092791557312,1138.9571533203125,5243
2026-08-12T15:15:19.474,631,unlabeled,0.2,1,1.699555000413966,3.0876069999976608,91.84810600027049,0.7266560000971367,97.39099700027509,10.267889546270641,122.87152,68.653,65.1,212.2,272.88671875,1800.0,4003667849000,1786515319351997184,33304,16128,2.0,1.001092791557312,1140.4034423828125,5243
2026-08-12T15:15:19.576,632,unlabeled,0.2,1,1.720945000215579,3.132940999876155,88.25943800002278,0.726138000118226,93.89801499992245,10.649852395717055,124.265826,67.679,53.7,217.2,272.88671875,1800.0,4003767768000,1786515319451916288,33304,16128,2.0,1.001092791557312,1141.0030517578125,5244
2026-08-12T15:15:19.684,633,unlabeled,0.2,1,1.724332999856415,3.196885000306793,91.81419700007609,0.7608229998368188,97.52512899967769,10.253767518762317,132.219017,68.166,65.9,213.1,272.890625,1800.0,4003867680000,1786515319551828224,33304,16128,2.0,1.001092791557312,1140.3231201171875,5244
2026-08-12T15:15:19.786,634,unlabeled,0.2,1,1.8311310000171943,3.3464430002823065,88.65440499994293,0.7275819998540101,94.59065299961367,10.571869083133238,134.308648,68.166,52.5,215.8,272.890625,1800.0,4003967595000,1786515319651743232,33304,16128,2.0,1.001092791557312,1142.8331298828125,5244
2026-08-12T15:15:19.893,635,unlabeled,0.2,1,1.7210740002155944,3.3296649999101646,91.1429309999221,0.7298780001292471,96.95286299984218,10.314290564081928,141.840355,68.653,64.3,204.8,272.890625,1800.0,4004067510000,1786515319751658240,33304,16128,2.0,1.001092791557312,1141.16845703125,5244
2026-08-12T15:15:19.994,636,unlabeled,0.2,1,1.6663880001033249,3.1644040000173845,88.12602899979538,0.7283969998752582,93.714087999615,10.670754220049693,143.022195,68.166,51.3,217.6,272.890625,1800.0,4004167429000,1786515319851577344,33304,16128,2.0,1.001092791557312,1141.007080078125,5244
2026-08-12T15:15:20.103,637,unlabeled,0.2,1,1.730554999994638,3.189034000115498,92.24947999973665,0.972140000158106,98.16972899989196,10.186439447144654,151.78207,68.166,65.1,219.5,272.890625,1800.0,4004267343000,1786515319951491328,33304,16128,2.0,1.001092791557312,1141.597412109375,5244
2026-08-12T15:15:20.205,638,unlabeled,0.2,1,1.7390369998793176,3.2638860002407455,88.25862300000153,0.9275100001104875,94.21990800001367,10.613468227965738,120.890634,68.166,52.5,205.7,272.890625,1800.0,4004400566000,1786515320084714240,33304,16128,2.0,1.001092791557312,1142.5133056640625,5244
2026-08-12T15:15:20.314,639,unlabeled,0.2,1,1.6955549999693176,3.2774800001789117,92.15981299985287,1.185789999908593,98.34865599987097,10.167907124234743,130.325707,67.679,61.9,211.2,272.89453125,1800.0,4004500479000,1786515320184627200,33304,16128,2.0,1.001092791557312,1142.8421630859375,5244
2026-08-12T15:15:20.416,640,unlabeled,0.2,1,1.7335369998363603,3.1599230001120304,88.25817899969479,1.1871229999087518,94.36846599965065,10.59676015082943,132.153169,67.679,53.7,206.4,272.89453125,1800.0,4004600394000,1786515320284542208,33304,16128,2.0,1.001092791557312,1143.54833984375,5244
2026-08-12T15:15:20.521,641,unlabeled,0.2,1,1.699777999874641,3.2482200003869366,89.5825259999583,1.153475000137405,95.71331399956762,10.447867263320518,137.378939,67.679,64.3,218.7,272.89453125,1800.0,4004700310000,1786515320384458240,33304,16128,2.0,1.001092791557312,1141.908203125,5243
2026-08-12T15:15:20.623,642,unlabeled,0.2,1,1.7447770001126628,3.453055999671051,88.42266200008453,0.723045000086131,94.37611400016976,10.595901416307534,139.060191,66.218,55.0,216.5,272.8984375,1800.0,4004800226000,1786515320484374272,33304,16128,2.0,1.001092791557312,1143.1741943359375,5243
2026-08-12T15:15:20.730,643,unlabeled,0.2,1,1.7319809999207791,3.210181999747874,92.08427400017172,0.938140000016574,97.99346699992384,10.204761915411945,146.155833,67.679,59.5,215.0,272.8984375,1800.0,4004900142000,1786515320584290304,33304,16128,2.0,1.001092791557312,1144.7437744140625,5243
2026-08-12T15:15:20.832,644,unlabeled,0.2,1,1.7865010004243231,3.2218860001194116,88.31762399995569,0.7341000000451459,94.1197040001498,10.624767795682915,147.978104,69.14,53.7,206.3,272.8984375,1800.0,4005000058000,1786515320684206336,33304,16128,2.0,1.001092791557312,1145.7379150390625,5243
2026-08-12T15:15:20.940,645,unlabeled,0.2,1,1.6849429998728738,3.2328490001418686,92.55976099984764,0.8662680002089473,98.37332300003254,10.165357532953006,123.030169,68.653,62.8,212.6,272.90625,1800.0,4005133279000,1786515320817427200,33304,16128,2.0,1.001092791557312,1146.133544921875,5244
2026-08-12T15:15:21.041,646,unlabeled,0.2,1,1.755278000018734,3.1497919999310398,88.1911599999512,0.7267669998327619,93.85435000012876,10.654807155966964,124.198026,68.166,54.8,217.6,272.90625,1800.0,4005233195000,1786515320917343232,33304,16128,2.0,1.001092791557312,1146.2615966796875,5243
2026-08-12T15:15:21.146,647,unlabeled,0.2,1,1.730777000375383,3.167070000017702,89.55263699999705,0.9420840001439501,95.4208110001673,10.479894160596126,128.834963,68.166,63.4,210.4,272.90625,1800.0,4005333110000,1786515321017258240,33304,16128,2.0,1.001092791557312,1150.9056396484375,5241
2026-08-12T15:15:21.247,648,unlabeled,0.2,1,1.6991289999168657,3.28064599989375,88.01389800009929,1.148772000306053,94.17151999969064,10.618921729237089,130.538464,68.166,56.1,206.6,272.90625,1800.0,4005433028000,1786515321117176320,33304,16128,2.0,1.001092791557312,1151.903564453125,5240
2026-08-12T15:15:21.354,649,unlabeled,0.2,1,1.7175919997498568,3.211904999716353,90.7517249997909,0.7276010001078248,96.4387290000559,10.369278093652815,137.462164,69.14,65.1,215.4,272.90625,1800.0,4005532940000,1786515321217088256,33304,16128,2.0,1.001092791557312,1150.2877197265625,5239
2026-08-12T15:15:21.456,650,unlabeled,0.2,1,1.7355929999212094,3.385183999853325,88.34603199966296,0.7654710002498177,94.26152100013496,10.608782771482844,139.285603,68.653,53.7,216.3,272.90625,1800.0,4005632856000,1786515321317004288,33304,16128,2.0,1.001092791557312,1145.029541015625,5239
2026-08-12T15:15:21.561,651,unlabeled,0.2,1,1.8904829998973582,3.4413519997542608,90.23288600019441,0.740230000246811,96.33519199996954,10.380422556279498,144.841877,68.653,63.6,208.5,272.91015625,1800.0,4005732772000,1786515321416920320,33304,16128,2.0,1.001092791557312,1140.89111328125,5239
2026-08-12T15:15:21.665,652,unlabeled,0.2,1,1.969966000160639,3.2344229998670926,89.73104699998657,0.7273599999280123,95.69166599976597,10.450230848760075,148.233931,68.653,55.0,222.5,272.91015625,1800.0,4005832687000,1786515321516835328,33304,16128,2.0,1.001092791557312,1126.7802734375,5239
2026-08-12T15:15:21.778,653,unlabeled,0.2,1,2.4787480001577933,6.584365999970032,91.76092100005917,0.9459539996896638,101.79999000001771,9.823183676146,128.867902,69.14,61.7,193.4,272.91015625,1800.0,4005965909000,1786515321650057216,33304,16604,2.0,1.000986933708191,1122.0067138671875,5235
2026-08-12T15:15:21.880,654,unlabeled,0.2,1,1.673387999744591,3.2516639998902974,88.04727000006096,0.991251000414195,93.99312899995493,10.639075543495094,130.304984,67.679,55.0,217.1,272.91015625,1800.0,4006065825000,1786515321749973248,33304,16604,2.0,1.000986933708191,1125.0927734375,5233
2026-08-12T15:15:21.985,655,unlabeled,0.2,1,1.6889620001165895,3.1732369998280774,90.64011200007371,0.7377859997177438,96.2695610000992,10.387499325970433,135.813658,68.166,61.9,208.7,272.91015625,1800.0,4006165739000,1786515321849887232,33304,16604,2.0,1.000986933708191,1134.4166259765625,5231
2026-08-12T15:15:22.087,656,unlabeled,0.2,1,1.718222000363312,3.2139039999492525,88.27240199980224,0.752805000047374,93.98644400016565,10.63983227196294,137.202976,68.166,52.5,217.2,272.9140625,1800.0,4006265656000,1786515321949804288,33304,16604,2.0,1.000986933708191,1148.9886474609375,5230
2026-08-12T15:15:22.194,657,unlabeled,0.2,1,1.730759000110993,3.286552999725245,91.92479300008927,0.9428989997104509,97.91757899984077,10.212670801446452,144.744982,67.192,62.8,204.7,272.9140625,1800.0,4006365571000,1786515322049719296,33304,16287,2.0,1.0008314847946167,1162.8934326171875,5228
2026-08-12T15:15:22.296,658,unlabeled,0.2,1,1.7290000000684813,3.417796000121598,88.3606439997493,0.7663970000066911,94.30485499979113,10.603907932441174,146.7933,67.679,55.0,215.8,272.9140625,1800.0,4006465486000,1786515322149634304,33304,16096,2.0,1.0005476474761963,1165.2598876953125,5227
2026-08-12T15:15:22.404,659,unlabeled,0.2,1,1.7207220003001567,3.198831000190694,92.28755599997385,0.7446929998877749,97.98156100032429,10.206001923123987,121.68108,68.653,62.8,212.5,272.91796875,1800.0,4006598708000,1786515322282856192,33304,15937,2.0,1.0009592771530151,1165.4127197265625,5231
2026-08-12T15:15:22.506,660,unlabeled,0.2,1,1.737796000270464,3.22346099983406,88.21788300019762,0.9365470000375353,94.14427999990949,10.621994241189814,123.440649,68.166,53.7,216.7,272.91796875,1800.0,4006698624000,1786515322382772224,33304,15937,2.0,1.0009592771530151,1165.318603515625,5235
2026-08-12T15:15:22.613,661,unlabeled,0.2,1,1.7069629998331948,3.1941819997882703,91.13095100019564,1.1811609997494088,97.24533100006738,10.283270052310348,130.448464,69.627,61.0,205.8,272.91796875,1800.0,4006798539000,1786515322482687232,33304,15937,2.0,1.0009592771530151,1165.2257080078125,5238
2026-08-12T15:15:22.714,662,unlabeled,0.2,1,1.7024250000758911,3.381257999990339,88.27143899998191,0.7711929997640254,94.1558360000272,10.62069057514089,132.016715,67.679,53.8,216.8,272.921875,1800.0,4006898455000,1786515322582603264,33304,15937,2.0,1.0009592771530151,1163.6361083984375,5241
2026-08-12T15:15:22.820,663,unlabeled,0.2,1,1.6882400000213238,3.2415900000160036,90.2698119998604,0.9959359999811568,96.22539399970265,10.392267138995452,138.02699,69.627,63.4,207.7,272.921875,1800.0,4006998372000,1786515322682520320,33304,15937,2.0,1.0009592771530151,1163.633544921875,5244
2026-08-12T15:15:22.921,664,unlabeled,0.2,1,1.7497220001132519,3.199237999979232,88.12149300001693,0.9409909998794319,94.04024100012975,10.633745611079625,139.502338,68.166,56.1,207.1,272.921875,1800.0,4007098287000,1786515322782435328,33304,15937,2.0,1.0009592771530151,1155.2587890625,5247
2026-08-12T15:15:23.028,665,unlabeled,0.2,1,1.7796299998735776,3.4605929999997898,91.28208299989637,0.7807860001776135,97.339276999719,10.273345260237415,146.189385,67.192,61.0,215.8,272.921875,1800.0,4007198203000,1786515322882351360,33304,15937,2.0,1.0009592771530151,1149.8643798828125,5249
2026-08-12T15:15:23.130,666,unlabeled,0.2,1,1.5709620001871372,3.3049050002773583,88.20912400005909,0.7287670000550861,93.84770299993761,10.655561809548656,114.482607,68.166,53.7,216.6,272.921875,1800.0,4007331423000,1786515323015571200,33304,15937,2.0,1.0009592771530151,1146.9888916015625,5250
2026-08-12T15:15:23.238,667,unlabeled,0.2,1,1.6505359999428038,3.1523299999207666,93.00950900023963,0.7573409998258285,98.6011420000068,10.141870364949028,123.146681,66.705,62.8,202.7,272.921875,1800.0,4007431338000,1786515323115486208,33304,15937,2.0,1.0009592771530151,1144.1943359375,5251
2026-08-12T15:15:23.340,668,unlabeled,0.2,1,1.7684640001789376,3.275126999596978,88.80385200018281,0.9707700000944897,94.87360200000694,10.54033976700839,125.505693,67.679,54.8,215.1,272.921875,1800.0,4007531252000,1786515323215400192,33304,15937,2.0,1.0009592771530151,1144.3773193359375,5251
2026-08-12T15:15:23.449,669,unlabeled,0.2,1,1.7572589999872434,3.3535170000504877,93.42714299964427,0.7268780000231345,99.29722400011087,10.070774989629957,134.483691,68.166,64.3,211.2,272.921875,1800.0,4007631168000,1786515323315316224,33304,15937,2.0,1.0009592771530151,1145.1826171875,5251
2026-08-12T15:15:23.551,670,unlabeled,0.2,1,1.7318149998573062,3.1488859999626584,88.402404000135,0.9421949998795753,94.25365200013403,10.609668472035207,136.037326,67.679,51.3,206.9,272.921875,1800.0,4007731085000,1786515323415233280,33304,15937,2.0,1.0009592771530151,1144.299072265625,5250
2026-08-12T15:15:23.661,671,unlabeled,0.2,1,1.7241849996025849,3.201384999556467,94.55430300022272,0.7467860000360815,100.25534599981256,9.974530435532781,145.975167,67.679,62.8,209.4,272.921875,1800.0,4007831001000,1786515323515149312,33304,15937,2.0,1.0009592771530151,1142.8349609375,5250
2026-08-12T15:15:23.763,672,unlabeled,0.2,1,1.7534070002511726,3.211644999737473,88.60299799971472,0.9442690002288145,94.54117299992504,10.577402080687035,114.916196,67.679,54.8,215.0,272.921875,1800.0,4007964221000,1786515323648369408,33304,15937,2.0,1.0009592771530151,1140.809814453125,5250
2026-08-12T15:15:23.871,673,unlabeled,0.2,1,1.7067589997168398,3.125976999854174,92.74322800001755,0.7316559999708261,98.3356020001338,10.16925690858779,123.376259,68.166,65.1,212.4,272.9296875,1800.0,4008064137000,1786515323748285184,33304,15937,2.0,1.0009592771530151,1140.8372802734375,5249
2026-08-12T15:15:23.973,674,unlabeled,0.2,1,1.754166999944573,3.2034230002864206,88.39627399993333,0.7553219998044369,94.13650199985568,10.622871880256747,125.090914,68.653,52.5,206.8,272.93359375,1800.0,4008164054000,1786515323848202240,33304,15937,2.0,1.0009592771530151,1139.2818603515625,5249
2026-08-12T15:15:24.077,675,unlabeled,0.2,1,1.7192780001096253,3.227164000236371,89.45234100019661,0.7225639997159305,95.15103200010344,10.509607504823625,129.760274,67.679,63.4,219.9,272.93359375,1800.0,4008263970000,1786515323948118272,33304,15937,2.0,1.0009592771530151,1141.5460205078125,5250
2026-08-12T15:15:24.182,676,unlabeled,0.2,1,3.271348999987822,3.9727090002088516,88.46907199995258,0.7263970001076814,96.4706939998905,10.365842294045642,134.906298,68.166,61.4,209.4,272.93359375,1800.0,4008363884000,1786515324048032256,33304,15937,2.0,1.0009592771530151,1143.116943359375,5250
2026-08-12T15:15:24.284,677,unlabeled,0.2,1,1.715926000088075,3.183052000167663,88.42470099989441,0.7661750000806933,94.11959499993827,10.624780100261331,136.541972,68.166,52.5,216.6,272.93359375,1800.0,4008463801000,1786515324147949312,33304,15937,2.0,1.0009592771530151,1140.7947998046875,5251
2026-08-12T15:15:24.391,678,unlabeled,0.2,1,1.716536999992968,3.3546099998602585,91.2785279997479,0.7276740002453153,97.10675699989224,10.297944560141264,143.187326,68.653,65.9,206.5,272.93359375,1800.0,4008563715000,1786515324247863296,33304,15937,2.0,1.0009592771530151,1139.39501953125,5251
2026-08-12T15:15:24.492,679,unlabeled,0.2,1,1.9462430000203312,3.1801259997337183,88.31899599999815,0.7595259999106929,94.23465200006831,10.611807639500544,145.010798,67.679,52.5,216.2,272.93359375,1800.0,4008663632000,1786515324347780352,33304,15937,2.0,1.0009592771530151,1138.7578125,5252
2026-08-12T15:15:24.598,680,unlabeled,0.2,1,1.5925910001897137,3.2398680000369495,89.79195600022649,0.7513410000683507,95.40653499971086,10.481462302378246,117.331286,68.166,63.4,217.8,272.9375,1800.0,4008796852000,1786515324481000192,33304,15937,2.0,1.0009592771530151,1138.624755859375,5252
2026-08-12T15:15:24.703,681,unlabeled,0.2,1,1.6990180001812405,3.2692199997654825,90.35911000000851,1.6564249999646563,97.02438500016797,10.30668733430538,122.256223,68.653,61.9,207.5,272.9375,1800.0,4008896768000,1786515324580916224,33304,15937,2.0,1.0009592771530151,1138.4918212890625,5252
2026-08-12T15:15:24.815,682,unlabeled,0.2,1,1.6806110002107744,3.1742379997012904,91.57442000014271,0.7316189999073686,97.18927600033567,10.289201043091897,134.61758,68.166,65.9,216.1,272.9375,1800.0,4008996686000,1786515324680834304,33304,15937,2.0,1.0009592771530151,1139.0369873046875,5252
2026-08-12T15:15:24.916,683,unlabeled,0.2,1,1.7420550002498203,3.1440709999515093,88.30181100029222,0.7696010002291587,93.9872980002292,10.639735594883911,136.077681,69.14,54.8,207.2,272.9375,1800.0,4009096599000,1786515324780747264,33304,15937,2.0,1.0009592771530151,1139.9427490234375,5252
2026-08-12T15:15:25.022,684,unlabeled,0.2,1,1.7237590000149794,3.101755999978195,89.89232799967795,0.7303600000341248,95.47770200015293,10.47364964856819,141.464085,68.166,63.4,208.9,272.9375,1800.0,4009196515000,1786515324880663296,33304,15937,2.0,1.0009592771530151,1140.1776123046875,5252
2026-08-12T15:15:25.123,685,unlabeled,0.2,1,1.8037039999398985,3.361035999660089,88.2266809999237,0.7540259998677357,94.1749480002727,10.618535196824364,143.138384,69.14,53.7,216.4,272.94140625,1800.0,4009296433000,1786515324980581376,33304,15937,2.0,1.0009592771530151,1141.2486572265625,5252
2026-08-12T15:15:25.231,686,unlabeled,0.2,1,1.6749810001783771,3.267034999680618,92.83719299992299,0.7639709997420141,98.57521700041616,10.144537647792125,151.211983,69.14,63.4,212.9,272.94140625,1800.0,4009396346000,1786515325080494336,33304,15937,2.0,1.0009592771530151,1143.3927001953125,5252
2026-08-12T15:15:25.333,687,unlabeled,0.2,1,1.7210549999617797,3.3260909999626165,88.57303600007072,0.723303999620839,94.3746729999475,10.596063204378533,120.200017,68.166,56.1,214.5,272.94140625,1800.0,4009529568000,1786515325213716224,33304,15937,2.0,1.0009592771530151,1142.9713134765625,5251
2026-08-12T15:15:25.443,688,unlabeled,0.2,1,1.7411110002285568,3.117960000054154,93.55881200008298,1.1538270000528428,99.60332100035885,10.039825880869948,129.988964,68.653,68.9,210.4,272.94140625,1800.0,4009629485000,1786515325313633280,33304,15937,2.0,1.0009592771530151,1143.0555419921875,5251
2026-08-12T15:15:25.545,689,unlabeled,0.2,1,1.76499999997759,3.299368999705621,88.26223699998081,0.9377510000376788,94.29791200000182,10.604688680699322,131.955338,68.166,55.0,216.1,272.94140625,1800.0,4009729400000,1786515325413548288,33304,15937,2.0,1.0009592771530151,1153.7060546875,5251
2026-08-12T15:15:25.652,690,unlabeled,0.2,1,1.7440179999539396,3.216867999981332,91.8270530000882,0.764212000376574,97.58244800013927,10.247744553391126,139.251469,68.653,63.4,214.5,272.94140625,1800.0,4009829319000,1786515325513467392,33304,15937,2.0,1.0009592771530151,1155.99853515625,5251
2026-08-12T15:15:25.754,691,unlabeled,0.2,1,1.7218510001839604,3.224701000362984,88.40794199977609,0.7338969999182154,94.11855899998045,10.62489705139034,140.926351,70.114,56.1,206.7,272.94140625,1800.0,4009929232000,1786515325613380352,33304,15937,2.0,1.0009592771530151,1148.0885009765625,5251
2026-08-12T15:15:25.860,692,unlabeled,0.2,1,1.6949630003182392,3.195367999978771,90.81504100004167,0.769656000102259,96.50874999988446,10.361754763181548,147.097776,68.653,63.4,216.8,272.94140625,1800.0,4010029146000,1786515325713294336,33304,15937,2.0,1.0009592771530151,1146.0384521484375,5251
2026-08-12T15:15:25.961,693,unlabeled,0.2,1,1.5939800000523974,3.2130889999280043,88.20725500027038,0.7333789999393048,93.7761660002252,10.663690387998999,115.473389,68.653,52.5,206.6,272.94140625,1800.0,4010162366000,1786515325846514176,33304,15937,2.0,1.0009592771530151,1149.3231201171875,5250
2026-08-12T15:15:26.070,694,unlabeled,0.2,1,1.714146999802324,3.1741080001665978,91.5070129999549,0.9331400001428847,97.35655699978452,10.271521824690383,123.752381,69.14,64.3,212.7,272.94140625,1800.0,4010262282000,1786515325946430208,33304,15937,2.0,1.0009592771530151,1145.7198486328125,5249
2026-08-12T15:15:26.171,695,unlabeled,0.2,1,1.7061110002032365,3.1804780001039035,88.2966630001647,0.4985239997949975,93.71011100029136,10.67120708027857,124.931712,68.166,52.5,217.5,272.94140625,1800.0,4010362200000,1786515326046348288,33304,15937,2.0,1.0009592771530151,1148.870849609375,5249
2026-08-12T15:15:26.277,696,unlabeled,0.2,1,1.6991659999803232,3.2158299995899142,90.24720300021727,0.7282480000867508,95.92041199994128,10.425309682787978,131.342547,68.166,65.1,216.4,272.94140625,1800.0,4010462114000,1786515326146262272,33304,15937,2.0,1.0009592771530151,1149.967041015625,5248
2026-08-12T15:15:26.378,697,unlabeled,0.2,1,1.6945180000220716,3.0983850001575775,88.22410699985994,0.7586370002172771,93.80461199998535,10.660456652175654,132.638576,68.166,52.5,207.5,272.9453125,1800.0,4010562030000,1786515326246178304,33304,15937,2.0,1.0009592771530151,1150.4969482421875,5248
2026-08-12T15:15:26.507,698,unlabeled,0.2,1,1.9522610000421992,3.9989130000321893,92.09101899978123,0.7293229996321315,98.80731300017942,10.120708373055182,127.863424,67.192,60.0,202.4,275.37109375,1800.0,4010695250000,1786515326379398400,33304,15937,2.0,1.0009592771530151,1149.9530029296875,5248
2026-08-12T15:15:26.618,699,unlabeled,0.2,1,1.882428000044456,3.1592189998264075,91.27647299965247,0.7291560000339814,97.07638700001553,10.301166235202388,139.060684,68.653,62.2,207.1,275.484375,1800.0,4010795166000,1786515326479314176,33304,15937,2.0,1.0009592771530151,1150.4874267578125,5249
2026-08-12T15:15:26.725,700,unlabeled,0.2,1,1.6493500002070505,3.3676469997772074,91.21102900007827,0.7401749999189633,96.99831199986875,10.309457756350989,146.114187,68.653,59.5,215.0,275.484375,1800.0,4010895081000,1786515326579229184,33304,15937,2.0,1.0009592771530151,1145.036376953125,5249
2026-08-12T15:15:26.832,701,unlabeled,0.2,1,1.7041480000443698,3.3438689997637994,88.67259299995567,1.0161779996451514,94.76891800022713,10.551982876892225,120.005172,67.679,54.5,213.5,275.484375,1800.0,4011028302000,1786515326712450304,33304,16096,2.0,1.001132607460022,1134.2164306640625,5249
2026-08-12T15:15:26.948,702,unlabeled,0.2,1,1.7113149997385335,3.539630999966903,94.75717700024688,1.214106000134052,101.25594999999521,9.875962844653053,136.334732,68.166,65.2,216.2,275.48828125,1800.0,4011128218000,1786515326812366336,33304,16255,2.0,1.001567006111145,1130.265869140625,5250
2026-08-12T15:15:27.054,703,unlabeled,0.2,1,1.7187399998874753,3.5181489997739845,91.6040330002943,0.7465819999197265,97.61915199987925,10.243891485568703,141.774144,67.192,58.5,208.8,275.48828125,1800.0,4011228133000,1786515326912281344,33304,16414,2.0,1.0019032955169678,1127.4478759765625,5248
2026-08-12T15:15:27.171,704,unlabeled,0.2,1,1.6769989997555967,3.26966500006165,93.0816599998252,0.9379170001011516,98.99685299978955,10.101331200923385,125.726252,67.679,60.0,213.3,275.4921875,1800.0,4011361354000,1786515327045502208,33304,16414,2.0,1.0019032955169678,1130.8905029296875,5246
2026-08-12T15:15:27.278,705,unlabeled,0.2,1,1.7224630000782781,3.2530159996895236,89.50999299986506,0.7714719999967201,95.29084999985571,10.494187007477782,133.248719,68.166,58.1,204.8,275.62890625,1800.0,4011461270000,1786515327145418240,33304,16414,2.0,1.0019032955169678,1135.1180419921875,5245
2026-08-12T15:15:27.391,706,unlabeled,0.2,1,1.9753359997594089,3.24033100014276,94.58484299966585,0.7652310000594298,100.59516600040297,9.940835526788575,145.759632,68.166,62.2,204.6,275.62890625,1800.0,4011561185000,1786515327245333248,33304,16414,2.0,1.0019032955169678,1141.2144775390625,5244
2026-08-12T15:15:27.495,707,unlabeled,0.2,1,1.6892779999579943,3.212867999991431,88.5494449998987,0.7378960003734392,94.21980100023575,10.613480281045147,116.977127,67.192,55.8,220.0,275.6328125,1800.0,4011694406000,1786515327378554368,33304,16414,2.0,1.0019032955169678,1155.6834716796875,5243
2026-08-12T15:15:27.610,708,unlabeled,0.2,1,1.711017999696196,7.365318999745796,91.11773099994025,0.9756770000421966,101.20245000007344,9.881183706513768,132.40551,68.653,64.4,208.3,275.63671875,1800.0,4011794322000,1786515327478470400,33304,16287,2.0,1.0002132654190063,1161.131591796875,5242
2026-08-12T15:15:27.712,709,unlabeled,0.2,1,1.734629000111454,3.1540150002911105,88.40129500003968,0.7625820003340777,94.08204100009243,10.629021111468209,134.196488,69.627,55.0,216.3,275.63671875,1800.0,4011894241000,1786515327578389248,33304,16128,2.0,1.000158667564392,1162.408203125,5244
2026-08-12T15:15:27.825,710,unlabeled,0.2,1,1.726555000004737,3.2586090001132106,92.3069669997858,1.3770150003438175,98.69947900006082,10.131765741128014,147.363328,69.14,63.6,212.2,275.63671875,1800.0,4011994154000,1786515327678302208,33304,16128,2.0,1.000158667564392,1159.16748046875,5246
2026-08-12T15:15:27.927,711,unlabeled,0.2,1,1.5735910001239972,3.1433489998562436,88.21677500009173,0.9629539999878034,93.92816900026446,10.646433446362447,116.031745,68.166,54.8,215.8,275.63671875,1800.0,4012127374000,1786515327811522304,33304,16128,2.0,1.000158667564392,1156.18408203125,5248
2026-08-12T15:15:28.040,712,unlabeled,0.2,1,1.691573999778484,3.182663999723445,92.21237300016583,0.7574900000690832,97.87467400019523,10.217147696430695,128.775693,70.114,63.6,213.1,275.63671875,1800.0,4012227290000,1786515327911438336,33304,16128,2.0,1.000158667564392,1153.0361328125,5248
2026-08-12T15:15:28.141,713,unlabeled,0.2,1,1.70664699999179,3.2700900001145783,87.95080900017638,0.723303999620839,93.68405599980179,10.674174909785245,129.984875,68.653,55.0,207.7,275.63671875,1800.0,4012327205000,1786515328011353344,33304,16128,2.0,1.000158667564392,1149.780517578125,5248
2026-08-12T15:15:28.255,714,unlabeled,0.2,1,1.6855180001584813,4.658382999878086,91.34551199986163,0.9839180002018111,98.71718400017926,10.129948601432798,144.098277,68.653,62.2,219.2,275.64453125,1800.0,4012427122000,1786515328111270400,33304,16128,2.0,1.000158667564392,1145.798583984375,5249
2026-08-12T15:15:28.357,715,unlabeled,0.2,1,1.749221999943984,3.638594999756606,88.49764800015691,0.7264159999067488,94.64371400008531,10.565942076185838,146.497363,68.166,53.8,215.1,275.64453125,1800.0,4012527043000,1786515328211191296,33304,16128,2.0,1.000158667564392,1141.14599609375,5248
2026-08-12T15:15:28.470,716,unlabeled,0.2,1,1.6837590001159697,4.688254000029701,91.18978799961042,0.7243230002131895,98.32082799994168,10.170784973460487,126.214883,68.653,65.9,203.7,275.64453125,1800.0,4012660259000,1786515328344407296,33304,16128,2.0,1.000158667564392,1138.587646484375,5247
2026-08-12T15:15:28.572,717,unlabeled,0.2,1,1.7039439999280148,3.1898119996185414,88.53705600040485,0.7670089999010088,94.2255979998663,10.612827312610094,128.086549,69.14,53.7,216.1,275.64453125,1800.0,4012760175000,1786515328444323328,33304,16128,2.0,1.000158667564392,1138.2666015625,5246
2026-08-12T15:15:28.685,718,unlabeled,0.2,1,1.721073999760847,3.160460000344756,92.8562129997772,0.7261739997375116,98.49247799957084,10.153059607296685,140.979189,68.653,64.4,212.8,275.64453125,1800.0,4012860090000,1786515328544238336,33304,16128,2.0,1.000158667564392,1142.6072998046875,5245
2026-08-12T15:15:28.787,719,unlabeled,0.2,1,2.026484999987588,3.941190000205097,88.04801399992357,0.7239339997795469,94.76825199999439,10.552057032771472,143.387095,68.166,56.1,214.8,275.64453125,1800.0,4012960068000,1786515328644216320,33304,16128,2.0,1.000158667564392,1138.779296875,5244
2026-08-12T15:15:28.903,720,unlabeled,0.2,1,1.7182589999720221,6.638644999839016,91.4021240000693,0.7596929999635904,100.5516099999113,9.945141604404764,159.309936,67.192,61.4,215.9,275.6484375,1800.0,4013059922000,1786515328744070400,33304,16128,2.0,1.000158667564392,1138.4073486328125,5243
2026-08-12T15:15:29.009,721,unlabeled,0.2,1,1.752389000102994,3.1623299996681453,92.52550599967435,0.743119000162551,98.21362299999237,10.181886885489172,131.720711,68.166,61.9,207.0,275.6484375,1800.0,4013193141000,1786515328877289216,33304,16128,2.0,1.000158667564392,1137.4447021484375,5242
2026-08-12T15:15:29.131,722,unlabeled,0.2,1,3.154681000069104,3.9130230002228927,97.32181800018225,0.8035450000534183,105.23199399995065,9.502813374423647,154.056227,67.679,69.4,207.1,275.6484375,1800.0,4013293060000,1786515328977208320,33304,16128,2.0,1.000158667564392,1138.0244140625,5239
2026-08-12T15:15:29.251,723,unlabeled,0.2,1,1.870520000011311,3.8089660001787706,94.24578500011194,0.9083989998543984,100.90502299999571,9.910309420374865,140.649509,67.679,73.9,215.6,275.6484375,1800.0,4013426279000,1786515329110427392,33304,16128,2.0,1.000158667564392,1136.2679443359375,5236
2026-08-12T15:15:29.371,724,unlabeled,0.2,1,1.6406279996772355,3.343017000133841,95.67631799973242,0.9623439996175875,101.65269700019053,9.837417299396648,127.414927,67.192,63.8,208.6,275.6484375,1800.0,4013559500000,1786515329243648256,33304,16128,2.0,1.000158667564392,1135.1895751953125,5234
2026-08-12T15:15:29.479,725,unlabeled,0.2,1,5.917026000133774,4.038005999973393,90.02742400025454,0.9465660000387288,100.96396800008733,9.904523562298333,136.239419,66.705,57.8,202.3,275.6484375,1800.0,4013659414000,1786515329343562240,33304,16128,2.0,1.000158667564392,1135.6279296875,5233
2026-08-12T15:15:29.591,726,unlabeled,0.2,1,1.7435750000913686,3.1963860001269495,94.1500429998996,0.7560079998256697,99.87528900001053,10.012486672252779,148.393857,67.679,62.8,213.9,275.65234375,1800.0,4013759331000,1786515329443479296,33304,16128,2.0,1.000158667564392,1132.5201416015625,5231
2026-08-12T15:15:29.699,727,unlabeled,0.2,1,1.71011099973839,3.14195999999356,91.36308699999063,1.0134180001841742,97.25979799986817,10.281740457669422,122.584704,67.679,60.5,223.7,275.65234375,1800.0,4013892551000,1786515329576699392,33304,16128,2.0,1.000158667564392,1131.4644775390625,5230
2026-08-12T15:15:29.815,728,unlabeled,0.2,1,4.652215999612963,3.40501700020468,90.55128199997853,0.7511750000048778,99.39489499993215,10.060878881160674,138.989688,67.679,64.6,206.3,275.65625,1800.0,4013992474000,1786515329676622336,33304,16128,2.0,1.000158667564392,1131.3172607421875,5230
2026-08-12T15:15:29.917,729,unlabeled,0.2,1,1.7738149999786401,3.345591000197601,88.34987000000183,0.7281379998858029,94.22932099960235,10.612407999885939,140.834601,67.192,53.7,206.4,275.65625,1800.0,4014092382000,1786515329776530176,33304,16128,2.0,1.000158667564392,1130.927001953125,5229
2026-08-12T15:15:30.033,730,unlabeled,0.2,1,1.70718500021394,4.513363000114623,93.26973699990049,0.7408050000776711,100.2880340001866,9.97127932528959,156.547947,67.679,63.0,216.2,275.65625,1800.0,4014192299000,1786515329876447232,33304,16128,2.0,1.000158667564392,1130.817626953125,5229
2026-08-12T15:15:30.135,731,unlabeled,0.2,1,1.699147999715933,3.2563310001023638,88.9957660001528,0.7254150000335358,94.706159999987,10.558975255676478,125.488171,67.192,52.6,215.3,275.65625,1800.0,4014325518000,1786515330009666304,33304,16128,2.0,1.000158667564392,1131.005859375,5228
2026-08-12T15:15:30.392,732,unlabeled,0.2,1,1.8737790001068788,3.16479299999628,88.85154199970202,0.8049349999055266,94.72599399987303,10.556764387200207,150.117369,66.705,34.0,112.5,275.66015625,1800.0,4014558654000,1786515330242802176,33304,16128,2.0,1.000158667564392,1131.1888427734375,5229
2026-08-12T15:15:30.506,733,unlabeled,0.2,1,1.6682949999449193,4.617160000179865,91.12760300013178,0.7295820000763342,98.17325299991353,10.186073797522843,130.330228,67.679,60.9,202.8,275.66015625,1800.0,4014691877000,1786515330376025344,33304,16128,2.0,1.000158667564392,1132.047119140625,5232
2026-08-12T15:15:30.613,734,unlabeled,0.2,1,1.7038510000020324,3.5039260001212824,90.98021299996617,0.7335640002565924,96.95231400019111,10.314348969515352,137.193059,67.192,57.1,215.4,275.66015625,1800.0,4014791793000,1786515330475941376,33304,16128,2.0,1.000158667564392,1131.51806640625,5234
2026-08-12T15:15:30.743,735,unlabeled,0.2,1,1.6996850004034059,4.610993999904167,89.6630689999256,0.7333230000767799,96.75347800020972,10.33554576712821,134.028289,67.192,55.1,199.9,275.7109375,1800.0,4014925014000,1786515330609162240,33304,16128,2.0,1.000158667564392,1131.994384765625,5236
2026-08-12T15:15:30.846,736,unlabeled,0.2,1,1.6885740001271188,3.220793999844318,88.57033599997521,0.729267000224354,94.23934000005829,10.611279747920364,137.808463,66.705,53.7,212.2,275.7109375,1800.0,4015024929000,1786515330709077248,33304,16128,2.0,1.000158667564392,1131.4239501953125,5238
2026-08-12T15:15:30.957,737,unlabeled,0.2,1,1.6564249999646563,3.290701999958401,93.96068900014143,0.7503410001845623,99.6893619999355,10.031160596660724,148.903797,68.166,63.6,207.1,275.7109375,1800.0,4015124846000,1786515330808994304,33304,16128,2.0,1.000158667564392,1132.0443115234375,5240
2026-08-12T15:15:31.061,738,unlabeled,0.2,1,1.661943999806681,3.199146000042674,88.31951799993476,0.7645820001016546,93.9798009999322,10.64058435280919,119.52671,68.166,54.8,220.2,275.7109375,1800.0,4015258067000,1786515330942215168,33304,16128,2.0,1.000158667564392,1133.187255859375,5243
2026-08-12T15:15:31.174,739,unlabeled,0.2,1,1.6982409997581271,3.202034999958414,92.92627199965864,0.7254890001604508,98.580702000163,10.143973208857313,132.537497,68.166,62.8,204.8,275.7109375,1800.0,4015357983000,1786515331042131200,33304,16128,2.0,1.000158667564392,1133.5797119140625,5244
2026-08-12T15:15:31.276,740,unlabeled,0.2,1,1.7137029999503284,3.2821089998833486,88.46133500037467,0.9832690002440359,94.471343999885,10.585220424102545,134.667556,69.627,55.8,215.6,275.7109375,1800.0,4015457899000,1786515331142047232,33304,16128,2.0,1.000158667564392,1135.3001708984375,5246
2026-08-12T15:15:31.389,741,unlabeled,0.2,1,1.691813999968872,3.6726500002259854,92.7316580000479,0.7318970001506386,98.88659500029462,10.112594128628057,147.899108,68.653,65.9,212.0,275.7109375,1800.0,4015557811000,1786515331241959168,33304,16128,2.0,1.000158667564392,1135.8927001953125,5248
2026-08-12T15:15:31.491,742,unlabeled,0.2,1,1.7213510000146925,3.1759599996803445,88.26568500035137,0.7455640002262953,93.93924500000139,10.645178168080712,116.668604,68.653,54.8,215.5,275.7109375,1800.0,4015691034000,1786515331375182336,33304,16128,2.0,1.000158667564392,1137.44091796875,5250
2026-08-12T15:15:31.603,743,unlabeled,0.2,1,1.717778000056569,3.2510910000382864,91.26171700017949,0.7549529996140336,97.01481499996589,10.307704034691522,128.547644,68.653,64.4,214.9,275.71484375,1800.0,4015790949000,1786515331475097344,33304,16128,2.0,1.000158667564392,1137.5115966796875,5251
2026-08-12T15:15:31.705,744,unlabeled,0.2,1,1.7620190001252922,3.1436080003004463,88.97419200002332,0.7291750002877961,94.64206799975727,10.566125837429553,130.92678,69.14,55.0,215.1,275.71484375,1800.0,4015890865000,1786515331575013376,33304,16128,2.0,1.000158667564392,1138.514892578125,5252
2026-08-12T15:15:31.818,745,unlabeled,0.2,1,1.6868879997673503,3.3860179996736406,91.89174199991612,0.9438250003768189,97.94801100042605,10.209497771176284,144.021596,69.627,62.8,212.4,275.71484375,1800.0,4015990782000,1786515331674930176,33304,16128,2.0,1.000158667564392,1138.8907470703125,5253
2026-08-12T15:15:31.921,746,unlabeled,0.2,1,1.7371489998367906,3.676871999687137,88.32918500002052,1.1551610000424262,94.9286260001827,10.534230212055059,146.576374,69.627,54.8,214.7,275.71484375,1800.0,4016090696000,1786515331774844160,33304,16128,2.0,1.000158667564392,1143.7008056640625,5254
2026-08-12T15:15:32.033,747,unlabeled,0.2,1,1.6889440003069467,3.143626000110089,92.19609800038597,0.7267669998327619,97.7847499998461,10.226543505010483,125.855581,69.627,64.3,204.4,275.71484375,1800.0,4016223918000,1786515331908066304,33304,16128,2.0,1.000158667564392,1143.2999267578125,5255
2026-08-12T15:15:32.135,748,unlabeled,0.2,1,1.7102589999922202,3.1759230000716343,88.28624099987792,0.7201369999165763,93.92217100003108,10.647113342382909,127.412439,69.14,53.7,226.6,275.71484375,1800.0,4016323836000,1786515332007984384,33304,16128,2.0,1.000158667564392,1144.1982421875,5257
2026-08-12T15:15:32.250,749,unlabeled,0.2,1,1.7238519999409618,6.903074000092602,89.80853499997465,0.768619000155013,99.24422799986132,10.076152741108503,142.186984,69.627,62.2,209.4,275.71875,1800.0,4016423749000,1786515332107897344,33304,16128,2.0,1.000158667564392,1145.488037109375,5258
2026-08-12T15:15:32.352,750,unlabeled,0.2,1,1.9200019996787887,3.3081649999076035,88.48942800022996,0.7625079997524153,94.50973299999532,10.58092080315209,144.410112,69.14,56.1,215.4,275.71875,1800.0,4016523669000,1786515332207817216,33304,16128,2.0,1.000158667564392,1149.873046875,5259
2026-08-12T15:15:32.465,751,unlabeled,0.2,1,1.7149809996226395,3.148533000057796,92.63639800019519,0.7277849999809405,98.25801400029377,10.177286913177486,124.455233,68.653,63.6,211.9,275.71875,1800.0,4016656888000,1786515332341036288,33304,16128,2.0,1.000158667564392,1146.552490234375,5258
2026-08-12T15:15:32.567,752,unlabeled,0.2,1,1.7029619998538692,3.2195899998441746,88.53607699984423,0.7247300000017276,94.21365599973797,10.61417253569675,126.298627,69.627,53.7,206.3,275.71875,1800.0,4016756800000,1786515332440948224,33304,16128,2.0,1.000158667564392,1145.1619873046875,5258
2026-08-12T15:15:32.682,753,unlabeled,0.2,1,1.709648000087327,6.621755999731249,90.2211319998969,0.9434540002075664,99.54267600005551,10.045942506101024,141.295875,69.14,65.2,217.6,275.71875,1800.0,4016856717000,1786515332540865280,33304,16128,2.0,1.000158667564392,1144.990966796875,5257
2026-08-12T15:15:32.784,754,unlabeled,0.2,1,1.833370999975159,3.7399469997581036,88.43011299995851,0.7676000000174099,94.79914399980771,10.548618455901124,143.71185,68.166,53.7,215.0,275.71875,1800.0,4016956632000,1786515332640780288,33304,16128,2.0,1.000158667564392,1150.6900634765625,5255
2026-08-12T15:15:32.902,755,unlabeled,0.2,1,1.6779799998403178,8.053437999933521,92.02976200003832,0.7765629998175427,102.56717199990817,9.749708220490815,161.832814,68.166,63.8,203.3,275.72265625,1800.0,4017056546000,1786515332740694272,33304,16128,2.0,1.000158667564392,1156.30126953125,5253
2026-08-12T15:15:33.004,756,unlabeled,0.2,1,1.7310190000898729,3.158440999868617,88.1904059997396,0.7283410000127333,93.83843000023262,10.656614779227668,130.123013,68.166,53.7,216.7,275.72265625,1800.0,4017189768000,1786515332873916160,33304,16128,2.0,1.000158667564392,1156.3485107421875,5252
2026-08-12T15:15:33.120,757,unlabeled,0.2,1,1.789112000096793,7.5849150002795795,91.20756899983462,0.7959719996506465,101.416214999972,9.86035615705315,146.79071,68.653,63.8,214.5,275.7265625,1800.0,4017289684000,1786515332973832192,33304,16128,2.0,1.000158667564392,1153.220458984375,5252
2026-08-12T15:15:33.222,758,unlabeled,0.2,1,1.7721479998726863,3.2791459998406935,88.36229700000331,0.7709159999649273,94.21543400003429,10.613972228792536,148.879461,68.166,53.7,205.8,275.7265625,1800.0,4017389599000,1786515333073747200,33304,16128,2.0,1.000158667564392,1152.0257568359375,5253
2026-08-12T15:15:33.338,759,unlabeled,0.2,1,1.7458890001762484,4.893830000128219,92.172300999664,0.7639519999429467,99.66469699975278,10.033643106369757,131.190059,68.653,63.0,216.5,275.7265625,1800.0,4017522820000,1786515333206968320,33304,16128,2.0,1.000158667564392,1148.931396484375,5253
2026-08-12T15:15:33.440,760,unlabeled,0.2,1,1.7284630002905033,3.30448000022443,88.56041099988943,0.7821379999768396,94.40791899987744,10.592331772521097,133.299934,67.679,56.1,205.9,275.7265625,1800.0,4017622736000,1786515333306884352,33304,16128,2.0,1.000158667564392,1144.716552734375,5252
2026-08-12T15:15:33.559,761,unlabeled,0.2,1,1.7815559999689867,6.92744500020126,94.58971599997312,0.7300449997273972,104.0706149997277,9.608860291664621,152.512072,67.679,61.2,218.2,275.73046875,1800.0,4017722651000,1786515333406799360,33304,16128,2.0,1.000158667564392,1140.07421875,5252
2026-08-12T15:15:33.662,762,unlabeled,0.2,1,1.7632409999350784,3.1818859997656546,89.80859100029193,0.7189339999058575,95.50483700013501,10.470673857059055,122.615194,68.653,57.1,203.3,275.73046875,1800.0,4017855877000,1786515333540025344,33304,16128,2.0,1.000158667564392,1138.859619140625,5251
2026-08-12T15:15:33.771,763,unlabeled,0.2,1,1.71574000023611,3.2453499998155166,90.06213099974048,0.7286740001291037,95.78574799979833,10.439966496916696,131.306629,67.679,58.1,211.7,275.73046875,1800.0,4017955801000,1786515333639949312,33304,16128,2.0,1.000158667564392,1139.5906982421875,5250
2026-08-12T15:15:33.886,764,unlabeled,0.2,1,1.681387999724393,6.535865999921953,91.68607500032522,0.7361560001299949,100.71874499999467,9.928638407875843,146.839849,67.679,63.0,216.6,275.73046875,1800.0,4018055708000,1786515333739856384,33304,16128,2.0,1.000158667564392,1138.8450927734375,5249
2026-08-12T15:15:33.988,765,unlabeled,0.2,1,2.0031330000165326,3.184293000231264,88.43205699986356,0.8049349999055266,94.4583440000315,10.586677234143195,149.12066,68.166,53.7,205.5,275.73046875,1800.0,4018155619000,1786515333839767296,33304,16128,2.0,1.000158667564392,1138.703857421875,5248
2026-08-12T15:15:34.103,766,unlabeled,0.2,1,1.7042959998434526,7.103742999788665,90.2300960001412,1.160253999842098,100.2330740002435,9.976746797145728,130.86393,68.166,63.8,217.4,275.73046875,1800.0,4018288841000,1786515333972989184,33304,16128,2.0,1.000158667564392,1137.2371826171875,5246
2026-08-12T15:15:34.205,767,unlabeled,0.2,1,1.7724819999784813,3.346184000292851,88.19485200001509,0.9411030000592291,94.28604699996868,10.606023179658091,132.747507,69.14,52.5,206.3,275.73046875,1800.0,4018388757000,1786515334072905216,33304,16128,2.0,1.000158667564392,1136.1666259765625,5245
2026-08-12T15:15:34.321,768,unlabeled,0.2,1,1.7252220000045781,7.029612000224006,91.87639099991429,0.7818230001248594,101.45966099980797,9.856133857986109,148.740443,67.192,63.0,215.7,275.73046875,1800.0,4018488679000,1786515334172827392,33304,16128,2.0,1.000158667564392,1133.8748779296875,5244
2026-08-12T15:15:34.424,769,unlabeled,0.2,1,1.7826120001700474,3.2426650000161317,88.7066909999703,0.8286199999929522,94.59336500003701,10.571565986680024,118.200133,68.653,54.8,214.1,275.734375,1800.0,4018621892000,1786515334306040320,33304,16128,2.0,1.000158667564392,1134.2786865234375,5243
2026-08-12T15:15:34.538,770,unlabeled,0.2,1,1.7158509999717353,6.998797000051127,89.94577800012848,0.8193429998755164,99.51469499992527,10.048767169519547,132.908527,68.653,61.9,209.5,275.734375,1800.0,4018721809000,1786515334405957376,33304,16128,2.0,1.000158667564392,1135.3818359375,5242
2026-08-12T15:15:34.641,771,unlabeled,0.2,1,1.746258999901329,3.1493849996877543,89.4188839997696,0.8992499997475534,95.28546499996082,10.494780080051152,135.964424,68.653,54.8,213.4,275.734375,1800.0,4018821723000,1786515334505871360,33304,16128,2.0,1.000158667564392,1134.860595703125,5242
2026-08-12T15:15:34.752,772,unlabeled,0.2,1,2.1583379998446617,3.5417229996710375,89.1515100001925,0.8008049999261857,95.68482099984976,10.450978426364722,146.857755,68.166,59.1,216.8,275.73828125,1800.0,4018921640000,1786515334605788160,33304,16128,2.0,1.000158667564392,1133.939453125,5241
2026-08-12T15:15:34.855,773,unlabeled,0.2,1,1.616758000182017,3.351702000145451,88.54789299994081,1.0298259999217407,94.57866100001411,10.573209531903299,116.243154,67.679,52.5,204.5,275.73828125,1800.0,4019054862000,1786515334739010304,33304,16128,2.0,1.000158667564392,1132.7852783203125,5241
2026-08-12T15:15:34.971,774,unlabeled,0.2,1,1.7846480000116571,7.1183730001394,90.8950289999666,0.9520469998278713,100.78665399987585,9.921948594515618,132.416686,67.679,63.8,215.4,275.73828125,1800.0,4019154777000,1786515334838925312,33304,16128,2.0,1.000158667564392,1131.672607421875,5241
2026-08-12T15:15:35.073,775,unlabeled,0.2,1,1.7984080000132963,3.2812570002533903,88.52441199996974,0.7377680003628484,94.37777099992672,10.595715383029933,134.635589,68.166,55.0,215.5,275.73828125,1800.0,4019254695000,1786515334938843392,33304,16128,2.0,1.000158667564392,1131.7569580078125,5240
2026-08-12T15:15:35.189,776,unlabeled,0.2,1,1.6983699997581425,3.707688000304188,94.91936899985376,0.7438220000040019,101.10649100033697,9.890561823539768,150.373456,67.679,61.4,216.2,275.73828125,1800.0,4019354609000,1786515335038757376,33304,16128,2.0,1.000158667564392,1132.398193359375,5239
2026-08-12T15:15:35.292,777,unlabeled,0.2,1,2.3706359997959225,3.252812000027916,88.85774899999888,0.779638000039995,95.2903359998345,10.49424361355738,153.531127,67.679,52.5,212.3,275.73828125,1800.0,4019454524000,1786515335138672384,33304,16128,2.0,1.000158667564392,1132.044189453125,5238
2026-08-12T15:15:35.407,778,unlabeled,0.2,1,1.7702780000945495,6.954538000172761,90.2445780002381,0.7686379999540804,99.7710689998712,10.022945629672375,135.243093,69.14,65.2,209.8,275.7421875,1800.0,4019587744000,1786515335271892224,33304,16128,2.0,1.000158667564392,1131.90478515625,5239
2026-08-12T15:15:35.510,779,unlabeled,0.2,1,1.7994089998865093,3.324795000025915,88.92984199974308,0.9459919997425459,95.03099999983533,10.522882006942291,138.218682,68.653,55.0,213.8,275.7421875,1800.0,4019687660000,1786515335371808256,33304,16128,2.0,1.000158667564392,1131.482666015625,5240
2026-08-12T15:15:35.624,780,unlabeled,0.2,1,1.692352000191022,6.562569999914558,90.28283799989367,0.7874339999034419,99.41189899973324,10.05915800886857,152.410836,69.14,65.2,208.6,275.7421875,1800.0,4019787576000,1786515335471724288,33304,16128,2.0,1.000158667564392,1131.609619140625,5240
2026-08-12T15:15:35.733,781,unlabeled,0.2,1,1.7814999996517145,3.2439599999634083,95.08524099965143,0.7353410001087468,100.8765440001298,9.913107253146116,128.819437,68.166,55.8,211.7,275.7421875,1800.0,4019920798000,1786515335604946176,33304,16128,2.0,1.000158667564392,1131.9697265625,5240
2026-08-12T15:15:35.851,782,unlabeled,0.2,1,1.6789619999144634,4.466492000119615,95.52909800004272,0.733933999981673,102.4541169999793,9.76046672678075,146.733427,70.114,61.7,203.4,275.7421875,1800.0,4020020714000,1786515335704862208,33304,16128,2.0,1.000158667564392,1132.4969482421875,5239
2026-08-12T15:15:35.953,783,unlabeled,0.2,1,1.952557000095112,3.252793999763526,88.26185299994904,0.7856560000618629,94.28760299988426,10.605848151651788,149.073886,68.166,53.7,215.4,275.7421875,1800.0,4020120629000,1786515335804777216,33304,16128,2.0,1.000158667564392,1133.665771484375,5239
2026-08-12T15:15:36.065,784,unlabeled,0.2,1,1.8296299999747134,3.1368480003948207,92.18135899982371,0.7256369999595336,97.90143800000806,10.214354563412211,127.939251,68.653,66.7,205.3,275.7421875,1800.0,4020253849000,1786515335937997312,33304,16128,2.0,1.000158667564392,1134.068359375,5238
2026-08-12T15:15:36.169,785,unlabeled,0.2,1,1.7220370000359253,3.3901100000548468,88.0252400002064,0.7281929997589032,93.89843300004941,10.649804986622874,131.347233,69.627,53.7,212.9,275.7421875,1800.0,4020353768000,1786515336037916160,33304,16128,2.0,1.000158667564392,1134.8677978515625,5238
2026-08-12T15:15:36.282,786,unlabeled,0.2,1,1.7095369998969545,3.1160149997049302,92.45656599978247,0.9481580000283429,98.26381299990317,10.17668630466218,144.415955,69.627,61.9,221.3,275.7421875,1800.0,4020453683000,1786515336137831168,33304,16128,2.0,1.000158667564392,1137.38720703125,5237
2026-08-12T15:15:36.384,787,unlabeled,0.2,1,1.9674469999699795,3.2890359998418717,88.44715199984421,0.980751000042801,94.71444200016776,10.558051959998124,146.789725,68.653,54.8,215.1,275.7421875,1800.0,4020553596000,1786515336237744384,33304,16128,2.0,1.000158667564392,1139.6822509765625,5238
2026-08-12T15:15:36.497,788,unlabeled,0.2,1,1.7046110001501802,3.423498999836738,92.19058100006805,0.7282669998858182,98.08040300003995,10.195716671347615,126.494146,70.114,64.4,212.5,275.7421875,1800.0,4020686817000,1786515336370965248,33304,16128,2.0,1.000158667564392,1139.276123046875,5239
2026-08-12T15:15:36.598,789,unlabeled,0.2,1,1.6974069999378116,3.09853299995666,88.22887199994511,0.4976720001650392,93.55033700012427,10.689432364083002,127.626914,69.14,53.8,207.8,275.7421875,1800.0,4020786734000,1786515336470882304,33304,16128,2.0,1.000158667564392,1139.601318359375,5240
2026-08-12T15:15:36.712,790,unlabeled,0.2,1,1.6753509999034577,5.669523000051413,91.07792100030565,0.7957299999361567,99.28176800030997,10.07234278902928,142.066743,69.627,64.4,218.6,275.74609375,1800.0,4020886649000,1786515336570797312,33304,16128,2.0,1.000158667564392,1140.0511474609375,5241
2026-08-12T15:15:36.814,791,unlabeled,0.2,1,1.8163160002586665,3.952061000290996,88.08799999997063,0.7246740001392027,94.61019900027168,10.569684987103013,144.101724,69.627,51.3,206.0,275.74609375,1800.0,4020986569000,1786515336670717184,33304,16128,2.0,1.000158667564392,1142.122802734375,5242
2026-08-12T15:15:36.927,792,unlabeled,0.2,1,1.6897589998734475,3.165257000091515,92.52069600006507,1.1514020002323377,98.55651899988516,10.146462254832329,157.350388,69.14,65.2,220.9,275.74609375,1800.0,4021086482000,1786515336770630400,33304,16128,2.0,1.000158667564392,1142.8521728515625,5243
2026-08-12T15:15:37.029,793,unlabeled,0.2,1,1.783370000339346,3.275238999776775,88.15942699993684,0.933065000026545,94.18306499992468,10.617620057287366,125.769497,69.14,57.1,216.5,275.74609375,1800.0,4021219704000,1786515336903852288,33304,16128,2.0,1.000158667564392,1144.001708984375,5246
2026-08-12T15:15:37.142,794,unlabeled,0.2,1,1.7146480004157638,3.2739059997766162,92.29987900016567,0.9420470000804926,98.26381399989259,10.176686201098331,138.428665,68.166,62.8,204.3,275.74609375,1800.0,4021319618000,1786515337003766272,33304,16128,2.0,1.000158667564392,1145.5755615234375,5248
2026-08-12T15:15:37.243,795,unlabeled,0.2,1,1.6933700003392005,3.15340399993147,88.46457899971938,0.7243039999593748,94.06580499990014,10.630855707885152,140.044326,70.114,52.5,216.6,275.74609375,1800.0,4021419532000,1786515337103680256,33304,16128,2.0,1.000158667564392,1145.75439453125,5250
2026-08-12T15:15:37.358,796,unlabeled,0.2,1,1.7423710000912251,6.647053000051528,90.23613499994099,0.9246399999938149,99.59173500010365,10.040993863586765,155.069281,69.627,65.2,217.6,275.75,1800.0,4021519449000,1786515337203597312,33304,16128,2.0,1.000158667564392,1146.8878173828125,5251
2026-08-12T15:15:37.460,797,unlabeled,0.2,1,1.7192039999827102,3.2441460002701206,88.19716900006824,1.1934750000364147,94.38388300031875,10.59502923816583,123.805998,69.627,56.1,215.8,275.75,1800.0,4021652669000,1786515337336817152,33304,16128,2.0,1.000158667564392,1149.00439453125,5253
2026-08-12T15:15:37.573,798,unlabeled,0.2,1,1.7179999999825668,3.141533999951207,92.51501099970483,0.7283780000761908,98.13253400034228,10.190300395142268,136.358784,68.653,62.2,204.5,275.75,1800.0,4021752585000,1786515337436733184,33304,16128,2.0,1.000158667564392,1149.651123046875,5254
2026-08-12T15:15:37.675,799,unlabeled,0.2,1,1.7101110001931374,3.249312000207283,89.33716199999253,0.934732999667176,95.2616700001272,10.497401525699317,139.130637,69.627,55.0,214.2,275.75390625,1800.0,4021852500000,1786515337536648192,33304,16128,2.0,1.000158667564392,1149.72900390625,5255
2026-08-12T15:15:37.792,800,unlabeled,0.2,1,1.8529459998717357,5.606486000033328,88.91897300009077,0.7932489997983794,97.20337699991433,10.287708419851313,122.639022,69.14,64.6,214.2,275.75390625,1800.0,4021985725000,1786515337669873152,33304,16128,2.0,1.000158667564392,1149.7279052734375,5257
2026-08-12T15:15:37.894,801,unlabeled,0.2,1,1.7651490002208448,3.2066829999166657,88.55178300018451,0.7642860000487417,94.31791899987729,10.602439182328663,124.656571,69.14,52.5,215.9,275.7578125,1800.0,4022085640000,1786515337769788160,33304,16128,2.0,1.000158667564392,1149.71484375,5258
2026-08-12T15:15:38.009,802,unlabeled,0.2,1,1.7283699999097735,7.094243000210554,90.23896899998363,0.738470999749552,99.8335340000267,10.01667435713267,139.961128,69.14,63.6,208.3,275.7578125,1800.0,4022185553000,1786515337869701376,33304,16128,2.0,1.000158667564392,1150.0609130859375,5258
2026-08-12T15:15:38.112,803,unlabeled,0.2,1,1.7682409998087678,3.8037640001675754,88.28161399969758,0.7295630002772668,94.61568200003967,10.5690724715125,142.389126,68.166,54.8,214.9,275.7578125,1800.0,4022285468000,1786515337969616384,33304,16128,2.0,1.000158667564392,1150.5865478515625,5257
2026-08-12T15:15:38.223,804,unlabeled,0.2,1,1.744815000165545,3.241163999973651,92.83632999995461,0.722562999726506,98.57403999967573,10.144658776319703,153.599717,69.14,63.6,214.9,275.76171875,1800.0,4022385386000,1786515338069534208,33304,16128,2.0,1.000158667564392,1151.92822265625,5256
2026-08-12T15:15:38.328,805,unlabeled,0.2,1,1.7960939999284165,3.3542390001457534,88.68063799991432,0.7365630003732804,94.5983670003443,10.571007002651118,125.243204,67.679,52.5,220.4,275.765625,1800.0,4022518607000,1786515338202755328,33304,16128,2.0,1.000158667564392,1153.6749267578125,5255
2026-08-12T15:15:38.447,806,unlabeled,0.2,1,1.7706670000734448,6.786905999888404,94.58625600018422,0.9558249998917745,104.13239599984081,9.60315942410015,144.479629,68.166,60.0,201.4,275.765625,1800.0,4022618521000,1786515338302669312,33304,16128,2.0,1.000158667564392,1155.10498046875,5256
2026-08-12T15:15:38.550,807,unlabeled,0.2,1,2.17696799973055,3.337923999879422,88.53426500036221,0.9617509999770846,95.04285299999538,10.521569675523615,147.428688,68.653,54.8,204.2,275.765625,1800.0,4022718436000,1786515338402584320,33304,16128,2.0,1.000158667564392,1156.29443359375,5256
2026-08-12T15:15:38.668,808,unlabeled,0.2,1,1.7373890000271786,5.680006000147841,94.56570000020292,0.775303999944299,102.82093699970574,9.725645663031274,133.100225,69.627,64.6,210.3,276.42578125,1800.0,4022851658000,1786515338535806208,33304,16128,2.0,1.000158667564392,1155.5284423828125,5257
2026-08-12T15:15:38.771,809,unlabeled,0.2,1,1.7403520000698336,3.296998000223539,89.32423700025538,0.7384900000033667,95.12948500014318,10.511987949882151,136.058643,68.653,52.5,213.8,276.42578125,1800.0,4022951575000,1786515338635723264,33304,16128,2.0,1.000158667564392,1155.45166015625,5255
2026-08-12T15:15:38.889,810,unlabeled,0.2,1,1.71296300004542,7.340763999764022,92.62766100027875,0.7323969998651592,102.48598899988792,9.757431330453313,154.282922,68.653,63.8,211.4,276.42578125,1800.0,4023051490000,1786515338735638272,33304,16128,2.0,1.000158667564392,1156.641845703125,5254
2026-08-12T15:15:38.992,811,unlabeled,0.2,1,1.7502040000181296,3.407369999877119,88.44139300026654,0.9888439999485854,94.61959000009301,10.568635945252108,123.577792,67.679,53.7,205.2,276.42578125,1800.0,4023184717000,1786515338868865280,33304,16128,2.0,1.000158667564392,1158.2017822265625,5253
2026-08-12T15:15:39.105,812,unlabeled,0.2,1,1.7551119999552611,3.2674610001777182,92.59288400016885,0.9468809998907091,98.59257800007981,10.142751313381728,136.823702,68.166,64.4,220.9,276.42578125,1800.0,4023284626000,1786515338968774400,33304,16128,2.0,1.000158667564392,1159.084716796875,5252
2026-08-12T15:15:39.208,813,unlabeled,0.2,1,1.7635190001783485,3.5041119999732473,88.69265600014842,0.7307119999495626,94.72081400008392,10.557341705267799,139.414634,68.653,54.8,214.6,276.4296875,1800.0,4023384540000,1786515339068688384,33304,16128,2.0,1.000158667564392,1158.6729736328125,5252
2026-08-12T15:15:39.323,814,unlabeled,0.2,1,1.7648520001785073,7.459932000074332,89.94557799996983,0.9355100000902894,100.13746499998888,9.986272370686747,155.096766,68.653,65.2,207.6,276.4296875,1800.0,4023484456000,1786515339168604160,33304,16128,2.0,1.000158667564392,1158.07421875,5251
2026-08-12T15:15:39.426,815,unlabeled,0.2,1,1.7988900003729213,3.37355400006345,88.93486300030418,0.9467509999012691,95.08626200022263,10.516766344202894,124.636491,67.192,55.0,214.2,276.4296875,1800.0,4023617677000,1786515339301825280,33304,16128,2.0,1.000158667564392,1157.108154296875,5250
2026-08-12T15:15:39.541,816,unlabeled,0.2,1,1.7331849999209226,7.215410000299016,89.46766500002923,0.9456030002183979,99.39590099975248,10.060777053597917,139.677447,67.679,63.6,217.5,276.4296875,1800.0,4023717594000,1786515339401742336,33304,16128,2.0,1.000158667564392,1156.379150390625,5250
2026-08-12T15:15:39.644,817,unlabeled,0.2,1,1.748927000335243,3.5067969997726323,88.99028900032135,0.733729999865318,95.01090899993869,10.525107174805003,142.465196,68.653,53.7,214.2,276.4296875,1800.0,4023817508000,1786515339501656320,33304,16128,2.0,1.000158667564392,1154.5029296875,5250
2026-08-12T15:15:39.753,818,unlabeled,0.2,1,3.140867000183789,3.2378679998146254,89.2987180000091,0.7762680002088018,96.48420299981808,10.364390945965377,118.856911,69.627,58.1,208.4,276.4296875,1800.0,4023950730000,1786515339634878208,33304,16128,2.0,1.000158667564392,1152.026611328125,5249
2026-08-12T15:15:39.858,819,unlabeled,0.2,1,1.7299259998253547,3.3606659999350086,88.72104600004604,0.7361190000665374,94.57664499996099,10.573434910917092,124.002434,68.653,52.5,210.9,276.43359375,1800.0,4024050646000,1786515339734794240,33304,16128,2.0,1.000158667564392,1145.8590087890625,5249
2026-08-12T15:15:39.973,820,unlabeled,0.2,1,1.7526300002828066,4.14484100019763,93.39474399985193,0.7373969997388485,100.07146299994929,9.992858803318452,138.334579,68.166,63.8,210.1,276.43359375,1800.0,4024150561000,1786515339834709248,33304,16128,2.0,1.000158667564392,1134.85986328125,5248
2026-08-12T15:15:40.075,821,unlabeled,0.2,1,1.752056000441371,3.8533930000994587,88.62945200007744,0.7372489999397658,95.00133600022309,10.526167758289754,141.004014,69.627,53.7,224.1,276.43359375,1800.0,4024250478000,1786515339934626304,33304,16128,2.0,1.000158667564392,1120.470703125,5249
2026-08-12T15:15:40.194,822,unlabeled,0.2,1,1.7191300003105425,7.672268000078475,93.42326299974957,0.7362309997915872,103.58239099969069,9.65415057857649,159.762043,69.14,62.2,202.3,276.43359375,1800.0,4024350396000,1786515340034544384,33304,16287,2.0,1.0000216960906982,1105.348876953125,5249
2026-08-12T15:15:40.296,823,unlabeled,0.2,1,1.7526669998915168,3.2692950003365695,88.68163900024228,0.7742120001239527,94.50775699997394,10.58114203260877,128.706552,68.653,53.7,215.4,276.43359375,1800.0,4024483614000,1786515340167762176,33304,16763,2.0,1.0004420280456543,1095.109375,5249
2026-08-12T15:15:40.410,824,unlabeled,0.2,1,1.7912969997269101,3.431109999837645,93.40796700007559,0.9793439999157272,99.64509000019461,10.03561740972934,143.234237,69.627,63.6,209.7,276.4375,1800.0,4024583529000,1786515340267677184,33304,16763,2.0,1.0004420280456543,1095.392822265625,5247
2026-08-12T15:15:40.513,825,unlabeled,0.2,1,1.774575000126788,3.690557999561861,88.30441200007044,0.7347670002673112,94.53432999998768,10.578167740757568,145.595362,70.114,54.8,215.1,276.4375,1800.0,4024683448000,1786515340367596288,33304,16890,2.0,1.0018459558486938,1094.5411376953125,5244
2026-08-12T15:15:40.627,826,unlabeled,0.2,1,1.7185560000143596,3.2903870001064206,93.1833340000594,1.0320480000700627,99.26180700040277,10.07436828140699,126.920521,69.14,64.3,225.3,276.4375,1800.0,4024816667000,1786515340500815360,33304,16890,2.0,1.0018459558486938,1098.435791015625,5241
2026-08-12T15:15:40.730,827,unlabeled,0.2,1,1.748389000113093,3.329831999963062,88.35039400037203,0.7330449998335098,94.19203099969309,10.616609381777302,130.096435,68.653,53.7,205.5,276.4375,1800.0,4024916582000,1786515340600730368,33304,16890,2.0,1.0018459558486938,1102.4937744140625,5241
2026-08-12T15:15:40.846,828,unlabeled,0.2,1,1.750038000409404,5.729134999910457,91.80687600019155,0.7384900000033667,100.11761299983846,9.988252516583806,146.027593,69.627,62.2,215.8,276.4375,1800.0,4025016498000,1786515340700646400,33304,16890,2.0,1.0018459558486938,1109.752685546875,5241
2026-08-12T15:15:40.948,829,unlabeled,0.2,1,1.8397969997749897,3.283016999830579,88.38170900025943,0.7356750002145418,94.26921700014645,10.607916686084774,115.122019,69.14,53.7,205.1,276.4375,1800.0,4025149718000,1786515340833866240,33304,16890,2.0,1.0018459558486938,1123.1004638671875,5240
2026-08-12T15:15:41.063,830,unlabeled,0.2,1,2.0161880001978716,6.542478000028495,89.20753299980788,0.7800819998919906,98.5795220003638,10.144094632517184,129.631402,69.627,64.4,218.6,276.44140625,1800.0,4025249634000,1786515340933782272,33304,16763,2.0,1.0001146793365479,1131.60986328125,5242
2026-08-12T15:15:41.165,831,unlabeled,0.2,1,1.7883340001390025,3.293849999863596,88.20596700024907,0.7373409998763236,94.05817800006844,10.631717743876267,131.495279,68.653,53.7,216.3,276.44140625,1800.0,4025349550000,1786515341033698304,33304,16572,2.0,1.0015753507614136,1137.459228515625,5243
2026-08-12T15:15:41.279,832,unlabeled,0.2,1,1.7528700000184472,3.3118689998445916,94.14753100008966,0.7377850001830666,99.9851680003303,10.001483419987817,146.20366,69.627,64.4,200.6,276.4453125,1800.0,4025449467000,1786515341133615360,33304,16445,2.0,1.0002766847610474,1141.631591796875,5244
2026-08-12T15:15:41.382,833,unlabeled,0.2,1,1.9446319997769024,3.3612580000408343,88.72588000031101,0.9808439999687835,95.0438180002493,10.52146284777172,149.263992,70.114,55.0,223.4,276.4453125,1800.0,4025549380000,1786515341233528320,33304,16445,2.0,1.0002766847610474,1143.3173828125,5245
2026-08-12T15:15:41.496,834,unlabeled,0.2,1,1.7277770002692705,3.4008149996225256,92.73122000013245,0.7715449996794632,98.65974600006666,10.135846082548442,130.126373,69.627,65.2,210.4,276.4453125,1800.0,4025682601000,1786515341366749184,33304,16287,2.0,1.0004706382751465,1148.5753173828125,5247
2026-08-12T15:15:41.598,835,unlabeled,0.2,1,1.7784080000637914,3.3577770000192686,88.22885600011432,0.7289340001079836,94.12392000012915,10.624291890930891,132.018547,68.166,51.3,206.3,276.4453125,1800.0,4025782517000,1786515341466665216,33304,16287,2.0,1.0004706382751465,1150.614990234375,5248
2026-08-12T15:15:41.713,836,unlabeled,0.2,1,1.727666000078898,6.584571000075812,90.33863800004838,0.7767119996060501,99.50314399975468,10.049933698602182,147.03674,70.114,64.4,217.5,276.44921875,1800.0,4025882435000,1786515341566583296,33304,16287,2.0,1.0004706382751465,1150.3040771484375,5249
2026-08-12T15:15:41.815,837,unlabeled,0.2,1,1.5878500003054796,3.3083690000239585,88.39135700009138,0.7671190001019568,94.08562300041012,10.62861644648557,115.92076,70.114,53.7,225.2,276.44921875,1800.0,4026015655000,1786515341699803392,33304,16287,2.0,1.0004706382751465,1145.763427734375,5249
2026-08-12T15:15:41.927,838,unlabeled,0.2,1,1.7298699999628298,3.3814260000326612,92.86546100020132,0.7303789998331922,98.73643199989601,10.127973836456366,127.318838,68.166,65.1,206.7,276.44921875,1800.0,4026115570000,1786515341799718400,33304,16287,2.0,1.0004706382751465,1143.8670654296875,5250
2026-08-12T15:15:42.030,839,unlabeled,0.2,1,1.7287780001424835,3.2134050002241565,88.35494999993898,0.7383779998235696,94.06347499998446,10.631119039565199,131.262649,68.653,53.7,211.8,276.44921875,1800.0,4026215488000,1786515341899636224,33304,16287,2.0,1.0004706382751465,1149.0350341796875,5249
2026-08-12T15:15:42.144,840,unlabeled,0.2,1,1.725686000099813,3.2434419999844977,93.03122299979805,0.9833069998421706,99.01332500021454,10.099650728806788,145.264372,70.114,63.8,219.5,276.44921875,1800.0,4026315402000,1786515341999550208,33304,16287,2.0,1.0004706382751465,1154.4764404296875,5247
2026-08-12T15:15:42.247,841,unlabeled,0.2,1,1.7856479998954455,3.670429000067088,88.57050799997523,0.5127829999764799,94.56970299970635,10.57421106634019,147.703341,69.627,53.8,205.1,276.44921875,1800.0,4026415316000,1786515342099464192,33304,16128,2.0,1.000986933708191,1149.775634765625,5246
2026-08-12T15:15:42.362,842,unlabeled,0.2,1,1.7540740000185906,6.922537999798806,90.00698600038959,0.7703040000706096,99.48525499976313,10.051740833376574,130.168664,69.14,66.0,216.2,276.453125,1800.0,4026548538000,1786515342232686336,33304,16128,2.0,1.000986933708191,1153.1815185546875,5244
2026-08-12T15:15:42.464,843,unlabeled,0.2,1,1.7867040000965062,3.2856839998203213,88.3440799998425,0.9776770002645208,94.42382999986876,10.59054689903375,132.337818,69.627,53.7,215.5,276.453125,1800.0,4026648455000,1786515342332603392,33304,16128,2.0,1.000986933708191,1150.150146484375,5242
2026-08-12T15:15:42.578,844,unlabeled,0.2,1,1.7540930002724053,3.4030740002890525,93.1763730000057,0.7387860000562796,99.1057890000775,10.090227928049876,146.052389,69.627,61.0,211.2,276.453125,1800.0,4026748369000,1786515342432517376,33304,16128,2.0,1.000986933708191,1141.3807373046875,5241
2026-08-12T15:15:42.682,845,unlabeled,0.2,1,1.8146490001527127,3.2995360002132657,89.93019000035929,0.7574340002065583,95.83217899989904,10.43490829944557,149.937146,69.14,54.8,211.9,276.453125,1800.0,4026848284000,1786515342532432384,33304,16128,2.0,1.000986933708191,1131.7958984375,5239
2026-08-12T15:15:42.797,846,unlabeled,0.2,1,1.8443900003148883,3.656983999917429,90.32426800013127,0.7413969997287495,96.59701999999015,10.352286229948936,131.367018,69.14,64.4,209.4,276.453125,1800.0,4026981508000,1786515342665656320,33304,16287,2.0,1.0011247396469116,1117.3095703125,5236
2026-08-12T15:15:42.898,847,unlabeled,0.2,1,1.7311850001533458,3.334442999857856,88.4079509996809,0.7294520000868943,94.23299500031135,10.611994238288785,133.38113,69.627,52.5,215.9,276.453125,1800.0,4027081422000,1786515342765570304,33304,16445,2.0,1.0006568431854248,1109.2763671875,5234
2026-08-12T15:15:43.013,848,unlabeled,0.2,1,1.7225920000782935,4.286897999918438,91.95041500015577,0.7338969999182154,98.7445249998018,10.127143758117295,147.538566,69.14,65.2,210.4,276.4609375,1800.0,4027181338000,1786515342865486336,33304,16604,2.0,1.000810980796814,1103.8572998046875,5232
2026-08-12T15:15:43.115,849,unlabeled,0.2,1,2.110726000410068,3.205089999937627,88.35113600025579,0.7469339998351643,94.44333099963842,10.588360124695608,149.84009,68.166,53.7,215.1,276.4609375,1800.0,4027281252000,1786515342965400320,33304,16763,2.0,1.0004260540008545,1099.108154296875,5229
2026-08-12T15:15:43.232,850,unlabeled,0.2,1,1.6902590000427153,6.905462999839074,92.46642099969904,0.6158399996820663,101.71646499975395,9.83125003412593,133.752315,68.653,63.8,213.5,276.4609375,1800.0,4027414474000,1786515343098622208,33304,16763,2.0,1.0004260540008545,1097.3265380859375,5225
2026-08-12T15:15:43.334,851,unlabeled,0.2,1,1.7801300000428455,3.3243870002479525,89.03003200020976,0.7594529997732025,94.92504099989674,10.534628054583488,136.340484,68.166,53.7,204.9,276.4609375,1800.0,4027514389000,1786515343198537216,33304,16922,2.0,1.0000076293945312,1096.8017578125,5223
2026-08-12T15:15:43.446,852,unlabeled,0.2,1,1.78809299995919,3.1488480003645236,93.57550699996864,0.7304529999601073,99.27273600033004,10.073259187665336,147.770804,68.653,64.3,224.5,276.4609375,1800.0,4027614304000,1786515343298452224,33304,16922,2.0,1.0000076293945312,1105.8482666015625,5221
2026-08-12T15:15:43.549,853,unlabeled,0.2,1,1.572425000176736,3.215831000034086,88.1032629999936,0.9733810002217069,93.89867799973217,10.649777199236524,118.23661,70.114,52.5,212.0,276.4609375,1800.0,4027747526000,1786515343431674368,33304,16922,2.0,1.0000076293945312,1113.896728515625,5219
2026-08-12T15:15:43.663,854,unlabeled,0.2,1,1.7128700001194375,3.2063860003290756,93.18754000014451,0.497894000091037,98.63400700032798,10.138491078403362,131.526084,70.114,64.4,203.4,276.4609375,1800.0,4027847443000,1786515343531591168,33304,16922,2.0,1.0000076293945312,1115.1903076171875,5217
2026-08-12T15:15:43.764,855,unlabeled,0.2,1,1.7416290002074675,3.1635709997317463,88.10655900015263,0.7591379999212222,93.80100999987917,10.66086601840735,132.987006,69.14,52.6,217.0,276.4609375,1800.0,4027947357000,1786515343631505152,33304,16922,2.0,1.0000076293945312,1114.221435546875,5215
2026-08-12T15:15:43.874,856,unlabeled,0.2,1,1.6806290000204172,3.258663999986311,92.48079200006032,0.9398610000062035,98.38922500011904,10.16371457340771,143.48326,70.114,63.6,208.3,276.46484375,1800.0,4028047272000,1786515343731420160,33304,16922,2.0,1.0000076293945312,1115.306396484375,5213
2026-08-12T15:15:43.978,857,unlabeled,0.2,1,1.7447409995838825,3.577335000045423,88.44045200021355,0.7286009999916132,94.52122200036683,10.579634698291555,147.551824,68.653,53.7,221.2,276.46484375,1800.0,4028147189000,1786515343831337216,33304,16922,2.0,1.0000076293945312,1118.2940673828125,5212
2026-08-12T15:15:44.088,858,unlabeled,0.2,1,1.763722000305279,3.398905999802082,91.68980200001897,0.7659709999643383,97.65023699992526,10.24063054758142,124.359351,69.627,65.9,209.1,276.46484375,1800.0,4028280410000,1786515343964558336,33304,16922,2.0,1.0000076293945312,1122.129150390625,5210
2026-08-12T15:15:44.193,859,unlabeled,0.2,1,1.7647969998506596,3.283461000137322,88.46219299994118,1.0090480000144453,94.55038899977808,10.576371081903716,128.560131,69.627,53.7,220.9,276.46875,1800.0,4028380325000,1786515344064473344,33304,16922,2.0,1.0000076293945312,1119.7454833984375,5209
2026-08-12T15:15:44.307,860,unlabeled,0.2,1,1.767556000231707,3.321721000247635,93.93441900010657,0.7394710000880877,99.79518599993753,10.020523434874162,142.62697,69.14,63.6,210.6,276.46875,1800.0,4028480242000,1786515344164390400,33304,16922,2.0,1.0000076293945312,1111.6976318359375,5208
2026-08-12T15:15:44.409,861,unlabeled,0.2,1,2.1119670000189217,3.649650000170368,88.60106600013751,0.7310080000024755,95.12848700023824,10.51209823191549,145.607846,69.627,54.8,213.8,276.46875,1800.0,4028580160000,1786515344264308224,33304,16922,2.0,1.0000076293945312,1103.77685546875,5210
2026-08-12T15:15:44.524,862,unlabeled,0.2,1,1.6991669999697478,4.739755000173318,91.5410789998532,0.7730080001238093,98.80047100023148,10.121409239007141,127.089626,69.14,64.4,209.2,276.46875,1800.0,4028713378000,1786515344397526272,33304,16922,2.0,1.0000076293945312,1100.0616455078125,5212
2026-08-12T15:15:44.626,863,unlabeled,0.2,1,1.7472409999754746,3.327239000100235,88.45521200009898,0.7879529998717771,94.34929400003966,10.598913437546015,129.12284,70.114,53.8,225.5,276.47265625,1800.0,4028813294000,1786515344497442304,33304,16922,2.0,1.0000076293945312,1100.7191162109375,5213
2026-08-12T15:15:44.738,864,unlabeled,0.2,1,1.8403709996164253,3.494111000236444,88.98106900005587,0.7371380002041406,95.08698700028617,10.516686158085863,141.400776,69.14,58.1,214.0,276.47265625,1800.0,4028913210000,1786515344597358336,33304,16922,2.0,1.0000076293945312,1107.03759765625,5213
2026-08-12T15:15:44.841,865,unlabeled,0.2,1,1.8834280003829917,3.777985000397166,88.25617299999067,0.7670459999644663,94.71681700006229,10.55778721955302,144.101701,70.114,53.7,204.7,276.4765625,1800.0,4029013126000,1786515344697274368,33304,16922,2.0,1.0000076293945312,1113.2742919921875,5213
2026-08-12T15:15:44.956,866,unlabeled,0.2,1,1.717573999940214,4.42325099993468,91.74508100022649,0.7787489998918318,98.70504400032587,10.131194511160935,125.709888,69.627,64.4,217.7,276.4765625,1800.0,4029146347000,1786515344830495232,33304,16731,2.0,1.0012699365615845,1130.5933837890625,5213
2026-08-12T15:15:45.058,867,unlabeled,0.2,1,1.7759450001904042,3.3384990001650294,88.52613900035067,0.7345819999500236,94.40420200007793,10.592748826997918,127.887258,70.114,52.5,205.7,276.4765625,1800.0,4029246262000,1786515344930410240,33304,16572,2.0,1.0010417699813843,1138.729736328125,5216
2026-08-12T15:15:45.173,868,unlabeled,0.2,1,1.7271300002903445,6.4052719999381225,90.39739999980156,0.7441749999088643,99.34429299983094,10.066003489518032,142.722333,69.627,63.0,217.8,276.4765625,1800.0,4029346178000,1786515345030326272,33304,16414,2.0,1.000738501548767,1136.0545654296875,5219
2026-08-12T15:15:45.275,869,unlabeled,0.2,1,2.0157250000920612,3.3788139999160194,88.56913999989047,0.735119000182749,94.7275210000953,10.556594212984779,145.389515,69.14,53.8,204.6,276.4765625,1800.0,4029446104000,1786515345130252288,33304,16255,2.0,1.0012372732162476,1136.6082763671875,5222
2026-08-12T15:15:45.390,870,unlabeled,0.2,1,1.7583339999873715,7.523377999859804,90.18995399992491,0.7387119999293645,100.24041399992711,9.976016260275292,160.516371,68.653,64.4,217.4,276.4765625,1800.0,4029546007000,1786515345230155264,33304,16255,2.0,1.0012372732162476,1135.94482421875,5224
2026-08-12T15:15:45.492,871,unlabeled,0.2,1,1.7586120002306416,3.282109999872773,88.2932660001643,0.7960819998515944,94.1604780000489,10.620166987676939,129.268725,70.114,53.7,215.8,276.48046875,1800.0,4029679230000,1786515345363378176,33304,16255,2.0,1.0012372732162476,1136.73681640625,5227
2026-08-12T15:15:45.606,872,unlabeled,0.2,1,1.796056999864959,3.4673710001698055,93.56680500013681,0.7352860002356465,99.59583299996666,10.040580713857123,143.53878,69.627,63.6,218.9,276.48046875,1800.0,4029779145000,1786515345463293184,33304,16255,2.0,1.0012372732162476,1136.96533203125,5229
2026-08-12T15:15:45.709,873,unlabeled,0.2,1,2.016781000293122,3.325517000121181,88.6898270000529,0.7346740003413288,94.79540999973324,10.549033966969647,146.243147,70.601,56.1,214.4,276.48046875,1800.0,4029879065000,1786515345563213312,33304,16255,2.0,1.0012372732162476,1135.26025390625,5231
2026-08-12T15:15:45.824,874,unlabeled,0.2,1,1.7095370003517019,4.618086999926163,92.04125099995508,1.2060130002282676,99.61864699971557,10.038281286864448,128.436922,69.14,66.0,208.0,276.48046875,1800.0,4030012282000,1786515345696430336,33304,16255,2.0,1.0012372732162476,1133.0352783203125,5234
2026-08-12T15:15:45.926,875,unlabeled,0.2,1,1.7534270000396646,3.24610899997424,88.26619100000244,0.943381000070076,94.23671900003683,10.611574878785936,130.454674,69.627,51.3,215.8,276.48046875,1800.0,4030112198000,1786515345796346368,33304,16255,2.0,1.0012372732162476,1132.24072265625,5236
2026-08-12T15:15:46.039,876,unlabeled,0.2,1,1.7643699998188822,3.3126839998658397,90.7885520000491,0.7399149999400834,96.63506000015332,10.348211094383482,142.786676,70.114,63.6,204.9,276.48046875,1800.0,4030212115000,1786515345896263168,33304,16255,2.0,1.0012372732162476,1129.6578369140625,5237
2026-08-12T15:15:46.141,877,unlabeled,0.2,1,2.0146140000179003,3.267442999913328,88.51045499977772,0.7381929999610293,94.5630380001603,10.574956358723425,145.173414,70.114,53.7,215.1,276.48046875,1800.0,4030312031000,1786515345996179200,33304,16255,2.0,1.0012372732162476,1134.431884765625,5238
2026-08-12T15:15:46.254,878,unlabeled,0.2,1,1.7224440002792107,3.23788700006844,92.71531400008826,0.7387299997390073,98.4437090000938,10.158089431586198,125.556456,70.114,62.8,211.2,276.48046875,1800.0,4030445250000,1786515346129398272,33304,16255,2.0,1.0012372732162476,1130.885986328125,5239
2026-08-12T15:15:46.356,879,unlabeled,0.2,1,1.7741120000209776,3.255943000112893,88.62286299972766,0.7343600000240258,94.41640699969867,10.59137952584016,127.671098,70.114,53.7,225.4,276.48046875,1800.0,4030545166000,1786515346229314304,33304,16255,2.0,1.0012372732162476,1132.56201171875,5239
2026-08-12T15:15:46.471,880,unlabeled,0.2,1,1.7348149999634188,4.564122999909159,92.2326980003163,0.7412859999931243,99.31336700037718,10.069138024453466,142.620185,69.627,63.6,208.9,276.48046875,1800.0,4030645080000,1786515346329228288,33304,16255,2.0,1.0012372732162476,1133.554443359375,5238
2026-08-12T15:15:46.574,881,unlabeled,0.2,1,1.8578529998194426,3.7420779999592924,88.3797860001323,0.9494920000179263,94.95680200006973,10.531104448939484,145.430763,70.601,55.0,214.2,276.48046875,1800.0,4030744999000,1786515346429147392,33304,16255,2.0,1.0012372732162476,1136.05810546875,5237
2026-08-12T15:15:46.690,882,unlabeled,0.2,1,1.729019000322296,7.621527000083006,90.911184000106,0.9895289999803936,101.28735100033737,9.872901108813371,161.477786,68.653,64.4,215.6,276.484375,1800.0,4030844910000,1786515346529058304,33304,16255,2.0,1.0012372732162476,1136.285888671875,5236
2026-08-12T15:15:46.792,883,unlabeled,0.2,1,1.7642050001995813,3.328035999857093,88.33143300034862,0.7766010003251722,94.22979400005715,10.612354729326835,130.134679,70.114,53.7,215.9,276.48828125,1800.0,4030978136000,1786515346662284288,33304,16255,2.0,1.0012372732162476,1135.47509765625,5234
2026-08-12T15:15:46.906,884,unlabeled,0.2,1,1.7787229999157717,3.429555999900913,93.28735700000834,0.7405080000353337,99.26579200009655,10.073963848482943,143.950773,70.114,63.6,211.0,276.48828125,1800.0,4031078050000,1786515346762198272,33304,16255,2.0,1.0012372732162476,1134.6900634765625,5233
2026-08-12T15:15:47.008,885,unlabeled,0.2,1,1.7640370001572592,3.79413399969053,88.45930500001487,0.5426540001280955,94.58942699984618,10.572006108057153,146.342062,69.627,56.1,224.8,276.48828125,1800.0,4031177970000,1786515346862118400,33304,16255,2.0,1.0012372732162476,1137.017578125,5231
2026-08-12T15:15:47.123,886,unlabeled,0.2,2,1.7312969998783956,3.816188999735459,92.24681000023338,0.9531210002933221,98.79521400034719,10.12194781010835,127.734077,69.14,63.0,209.4,276.48828125,1800.0,4031311186000,1786515346995334400,33304,16255,2.0,1.0012372732162476,1137.242431640625,5227
2026-08-12T15:15:47.225,887,unlabeled,0.2,2,1.8048710003313317,3.261738999754016,88.3026559999962,0.9438440001758863,94.34357300006013,10.599556156298666,130.097258,70.114,55.0,215.1,276.48828125,1800.0,4031411105000,1786515347095253248,33304,16255,2.0,1.0012372732162476,1137.0887451171875,5224
2026-08-12T15:15:47.340,888,unlabeled,0.2,2,1.732536999952572,3.4036479996757407,93.79130800016355,1.0228810001535749,99.9823010001819,10.001770213291858,145.029518,69.627,63.6,209.0,276.4921875,1800.0,4031511018000,1786515347195166208,33304,16255,2.0,1.0012372732162476,1136.7081298828125,5222
2026-08-12T15:15:47.443,889,unlabeled,0.2,2,1.8732610001279681,3.6920770003234793,88.55436299973007,0.9545660000185308,95.10604399974909,10.51457886317549,148.540057,69.14,54.8,222.1,276.4921875,1800.0,4031610932000,1786515347295080192,33304,16255,2.0,1.0012372732162476,1136.7899169921875,5220
2026-08-12T15:15:47.558,890,unlabeled,0.2,2,1.7599640000298677,3.353535999849555,92.84407599989208,1.1604199999055709,99.15045900015684,10.085682003735537,130.103879,70.601,62.8,200.6,276.4921875,1800.0,4031744153000,1786515347428301312,33304,16255,2.0,1.0012372732162476,1138.1583251953125,5218
2026-08-12T15:15:47.661,891,unlabeled,0.2,2,1.7511490000288177,3.3317769998575386,89.35590800001592,0.9522509999442264,95.41925100029403,10.480065495346622,133.535388,68.653,56.1,212.9,276.4921875,1800.0,4031844069000,1786515347528217344,33304,16255,2.0,1.0012372732162476,1136.830078125,5218
2026-08-12T15:15:47.776,892,unlabeled,0.2,2,2.026947999638651,3.269479000209685,91.31180000031236,1.429571000244323,98.0692610000915,10.196875043231609,148.393724,69.627,60.0,217.6,276.4921875,1800.0,4031943991000,1786515347628139264,33304,16255,2.0,1.0012372732162476,1134.4210205078125,5218
2026-08-12T15:15:47.879,893,unlabeled,0.2,2,1.6534440001123585,3.2031270002335077,88.5605849998683,0.9579920001669961,94.40368500008844,10.59280683798586,117.926727,70.114,53.7,214.2,276.49609375,1800.0,4032077206000,1786515347761354240,33304,16255,2.0,1.0012372732162476,1135.014404296875,5219
2026-08-12T15:15:47.993,894,unlabeled,0.2,2,1.767612000094232,4.656347000036476,91.73974900022586,1.1619940000855422,99.37349799974982,10.063045179334612,132.272996,69.14,66.0,210.2,276.5,1800.0,4032177123000,1786515347861271296,33304,16255,2.0,1.0012372732162476,1135.90771484375,5219
2026-08-12T15:15:48.096,895,unlabeled,0.2,2,1.7547600000398234,3.2850160000634787,88.33232400002089,1.1585870001908916,94.56277999970553,10.574985210916113,134.887843,70.114,54.8,224.3,276.5,1800.0,4032277040000,1786515347961188352,33304,16255,2.0,1.0012372732162476,1134.791748046875,5219
2026-08-12T15:15:48.210,896,unlabeled,0.2,1,1.7271110000365297,4.953905000093073,92.4153490000208,0.9689729999990959,100.10722800006988,9.98928868552131,149.840869,70.601,64.4,209.0,276.5,1800.0,4032376952000,1786515348061100288,33304,16255,2.0,1.0012372732162476,1134.7218017578125,5220
2026-08-12T15:15:48.313,897,unlabeled,0.2,1,1.758296999923914,3.276425000422023,88.65315999992163,0.5509500001608103,94.27131399979771,10.607680720374237,119.046946,70.601,54.8,213.4,276.5,1800.0,4032510176000,1786515348194324224,33304,16255,2.0,1.0012372732162476,1133.2327880859375,5220
2026-08-12T15:15:48.426,898,unlabeled,0.2,1,1.7273150001528847,4.382196000278782,91.70387799986202,0.5094869998174545,98.36304300006304,10.166419922565419,132.60289,69.14,65.1,212.7,276.5,1800.0,4032610090000,1786515348294238208,33304,16255,2.0,1.0012372732162476,1133.4493408203125,5219
2026-08-12T15:15:48.528,899,unlabeled,0.2,1,1.7777789998945082,3.2539059998271114,88.33993400003237,0.7715820001976681,94.17344299981778,10.618704893288598,134.568875,69.627,53.7,216.0,276.5,1800.0,4032710011000,1786515348394159360,33304,16255,2.0,1.0012372732162476,1133.351318359375,5218
2026-08-12T15:15:48.643,900,unlabeled,0.2,1,1.72177800004647,3.6817800000790157,93.97849600009067,0.5663209999511309,100.0127090001115,9.998729261487009,149.317553,70.601,65.9,217.9,276.5,1800.0,4032809922000,1786515348494070272,33304,16255,2.0,1.0012372732162476,1134.059326171875,5217
2026-08-12T15:15:48.746,901,unlabeled,0.2,1,1.8018710002252192,3.350036000028922,88.65584600016518,0.7665640000595886,94.60800199985897,10.569930437823755,118.79588,69.627,52.5,203.0,276.5,1800.0,4032943161000,1786515348627309312,33304,16255,2.0,1.0012372732162476,1134.2645263671875,5218
2026-08-12T15:15:48.860,902,unlabeled,0.2,1,1.7271120000259543,4.522085000189691,91.92299200003617,0.9985850001612562,99.21007100001589,10.079621856130311,133.450131,70.114,64.4,219.8,276.5,1800.0,4033043059000,1786515348727207168,33304,16255,2.0,1.0012372732162476,1135.0672607421875,5219
2026-08-12T15:15:48.962,903,unlabeled,0.2,1,1.762777999829268,3.316387999802828,88.3603239999502,0.7304710002244974,94.19883100008519,10.615842992776583,135.413019,70.114,52.5,206.1,276.5,1800.0,4033142974000,1786515348827122176,33304,16255,2.0,1.0012372732162476,1134.8758544921875,5219
2026-08-12T15:15:49.076,904,unlabeled,0.2,1,1.6974810000647267,4.7308470002462855,92.42259100028605,0.5738029999520222,99.4720740000048,10.053072785030619,149.613293,70.114,64.4,219.1,276.5,1800.0,4033242890000,1786515348927038208,33304,16255,2.0,1.0012372732162476,1134.8338623046875,5220
2026-08-12T15:15:49.178,905,unlabeled,0.2,1,1.5957020000314515,3.26044199982789,88.40028799977517,0.5626920001304825,93.85012500024459,10.655286820314771,118.190296,69.14,52.6,215.9,276.50390625,1800.0,4033376110000,1786515349060258304,33304,16255,2.0,1.0012372732162476,1131.302978515625,5221
2026-08-12T15:15:49.292,906,unlabeled,0.2,1,1.7273339999519521,4.457456000181992,92.00295600021491,0.7796559998496377,99.01025399994978,10.099963989593514,132.371861,70.114,66.7,210.5,276.50390625,1800.0,4033476027000,1786515349160175360,33304,16255,2.0,1.0012372732162476,1128.728515625,5222
2026-08-12T15:15:49.394,907,unlabeled,0.2,1,1.7738530000315222,3.3182389997818973,88.69495799990545,0.732822999907512,94.55059499987328,10.576348038860466,134.558623,69.627,53.7,205.7,276.50390625,1800.0,4033575942000,1786515349260090368,33304,16255,2.0,1.0012372732162476,1127.97998046875,5223
2026-08-12T15:15:49.509,908,unlabeled,0.2,1,1.7006110001602792,4.619938999894657,92.89792899971872,0.7732680001026893,100.03745099993466,9.996256302058848,149.227815,70.114,67.4,226.9,276.50390625,1800.0,4033675857000,1786515349360005376,33304,16255,2.0,1.0012372732162476,1127.90234375,5223
2026-08-12T15:15:49.611,909,unlabeled,0.2,1,1.8134269998881791,3.2577020001554047,88.5712889999013,0.7509889996981656,94.42340900022828,10.590594118430763,118.463483,70.601,54.8,213.9,276.5078125,1800.0,4033809078000,1786515349493226240,33304,16255,2.0,1.0012372732162476,1127.984130859375,5224
2026-08-12T15:15:49.725,910,unlabeled,0.2,1,1.7742589998306357,3.4920939997391542,92.58366600033696,0.7333969997489476,98.63721300007455,10.138161547602163,132.582344,70.114,63.6,202.3,276.5078125,1800.0,4033908995000,1786515349593143296,33304,16255,2.0,1.0012372732162476,1128.880859375,5223
2026-08-12T15:15:49.827,911,unlabeled,0.2,1,1.7739640002218948,3.2619240000713035,88.27626800029975,0.7355080001616443,94.07708999970055,10.629580485569686,134.406751,69.14,55.0,226.0,276.51171875,1800.0,4034008913000,1786515349693061376,33304,16255,2.0,1.0012372732162476,1129.518798828125,5222
2026-08-12T15:15:49.942,912,unlabeled,0.2,1,1.7390739999427751,7.38285800025551,89.89510099991094,0.7571559999632882,99.80781900003421,10.019255104649238,149.955464,69.627,63.8,207.9,276.51171875,1800.0,4034108826000,1786515349792974336,33304,16255,2.0,1.0012372732162476,1130.5897216796875,5221
2026-08-12T15:15:50.044,913,unlabeled,0.2,1,1.6192950001823192,3.254719999858935,88.43262199980018,0.7982869997249509,94.13681299974996,10.622836785463049,118.727263,71.088,53.7,214.1,276.51171875,1800.0,4034242046000,1786515349926194176,33304,16255,2.0,1.0012372732162476,1131.655029296875,5219
2026-08-12T15:15:50.159,914,unlabeled,0.2,1,1.7288709996137186,4.378546999760147,91.94206800020766,0.7445080000252347,98.83469799979139,10.117904139314623,133.821386,70.114,64.4,210.1,276.51171875,1800.0,4034341961000,1786515350026109184,33304,16255,2.0,1.0012372732162476,1132.220458984375,5218
2026-08-12T15:15:50.262,915,unlabeled,0.2,1,1.819500999772572,3.3624439997765876,88.61219900018114,0.733137000224815,94.55950300025506,10.575351691487873,136.052551,69.627,56.1,215.4,276.51171875,1800.0,4034441877000,1786515350126025216,33304,16255,2.0,1.0012372732162476,1133.0655517578125,5217
2026-08-12T15:15:50.376,916,unlabeled,0.2,1,1.7040359998645727,4.331306000040058,92.46164699970905,0.7759530003568216,99.32420299992373,10.0680395089681,150.114472,70.601,65.2,219.3,276.515625,1800.0,4034541793000,1786515350225941248,33304,16255,2.0,1.0012372732162476,1133.373779296875,5217
2026-08-12T15:15:50.478,917,unlabeled,0.2,1,1.6966480002338358,3.338702999826637,88.49445600026229,0.7783050000398362,94.3417970001974,10.599755694688618,119.140012,70.114,52.5,213.9,276.515625,1800.0,4034675014000,1786515350359162368,33304,16255,2.0,1.0012372732162476,1133.8759765625,5217
2026-08-12T15:15:50.592,918,unlabeled,0.2,1,1.7243699999198725,4.308101999868086,92.07171699972605,0.7732120002401643,98.91897599982258,10.10928378395055,133.265087,70.114,65.2,211.6,276.515625,1800.0,4034774932000,1786515350459080192,33304,16255,2.0,1.0012372732162476,1134.5035400390625,5217
2026-08-12T15:15:50.694,919,unlabeled,0.2,1,1.7879090000860742,3.3016279999174003,88.72175499982404,0.7316930000342836,94.57446600026742,10.573678523304297,135.454244,68.653,53.8,205.7,276.515625,1800.0,4034874846000,1786515350558994176,33304,16255,2.0,1.0012372732162476,1134.88037109375,5217
2026-08-12T15:15:50.813,920,unlabeled,0.2,1,2.181116999963706,5.065129000286106,92.41851700016923,0.7319149999602814,100.44790099982492,9.955409620771896,154.707888,68.166,60.9,218.2,276.515625,1800.0,4034974762000,1786515350658910208,33304,16255,2.0,1.0012372732162476,1135.71337890625,5218
2026-08-12T15:15:50.915,921,unlabeled,0.2,1,1.7484079999121604,3.2887759998629917,88.55553100011093,0.7329339996431372,94.35381499997675,10.59840558646459,123.463945,69.14,53.7,205.8,276.515625,1800.0,4035107989000,1786515350792137216,33304,16255,2.0,1.0012372732162476,1135.670166015625,5218
2026-08-12T15:15:51.036,922,unlabeled,0.2,1,1.7701299998407194,7.148465999762266,95.83992400030183,0.547283999821957,105.33924999981537,9.493137648139253,144.026862,68.653,61.2,207.5,276.515625,1800.0,4035207899000,1786515350892047360,33304,16255,2.0,1.0012372732162476,1131.942626953125,5220
2026-08-12T15:15:51.138,923,unlabeled,0.2,1,2.1010780001233798,3.3547220000400557,88.44612299981236,0.7343040001615009,94.6663009999611,10.56342108476818,146.771215,69.14,52.5,204.7,276.51953125,1800.0,4035307812000,1786515350991960320,33304,16255,2.0,1.0012372732162476,1132.881103515625,5221
2026-08-12T15:15:51.255,924,unlabeled,0.2,1,1.7422599999008526,3.462593000222114,94.67194899980313,0.7731749997219595,100.67908800010628,9.932549249939019,129.963758,67.192,62.8,214.5,276.51953125,1800.0,4035441033000,1786515351125181184,33304,16255,2.0,1.0012372732162476,1128.008056640625,5223
2026-08-12T15:15:51.358,925,unlabeled,0.2,1,1.822612000069057,3.449908000220603,89.11466700010351,0.7574710002700158,95.17886200001158,10.506534528642277,133.289188,68.166,54.8,213.3,276.51953125,1800.0,4035540950000,1786515351225098240,33304,16255,2.0,1.0012372732162476,1129.7181396484375,5223
2026-08-12T15:15:51.479,926,unlabeled,0.2,1,1.8010009998761234,10.601688999940961,92.39827600003991,0.7386369998130249,105.57499300011841,9.471940007600837,154.501638,70.601,62.0,206.3,276.51953125,1800.0,4035640865000,1786515351325013248,33304,16255,2.0,1.0012372732162476,1128.4571533203125,5222
2026-08-12T15:15:51.582,927,unlabeled,0.2,1,1.8426870001349016,3.363443999660376,88.5293639998963,0.7350079999923764,94.50465100007932,10.581489793546359,123.915006,67.679,52.5,214.5,276.51953125,1800.0,4035774094000,1786515351458242304,33304,16255,2.0,1.0012372732162476,1129.7613525390625,5221
2026-08-12T15:15:51.698,928,unlabeled,0.2,1,1.7379820001224289,7.003205000273738,92.2178860000713,0.7672120000279392,101.76352600001337,9.826703528333606,140.281714,69.14,61.4,206.4,276.5234375,1800.0,4035874003000,1786515351558151168,33304,16255,2.0,1.0012372732162476,1135.34814453125,5221
2026-08-12T15:15:51.801,929,unlabeled,0.2,1,1.8661310000425146,3.8606160001108947,88.512068,0.7342490002884006,95.00524899976881,10.52573421498462,143.199416,68.166,54.8,213.9,276.5234375,1800.0,4035973917000,1786515351658065152,33304,16255,2.0,1.0012372732162476,1139.87451171875,5221
2026-08-12T15:15:51.918,930,unlabeled,0.2,1,1.7523340002298937,3.7996709997969447,94.93189700015137,0.5132280002726475,101.02753599994685,9.898291491544702,160.299984,69.627,61.4,205.1,276.5234375,1800.0,4036073836000,1786515351757984256,33304,16255,2.0,1.0012372732162476,1137.2359619140625,5221
2026-08-12T15:15:52.020,931,unlabeled,0.2,1,1.7222229998878902,3.2947390000117593,88.44808599997123,0.7825269999557349,94.27687100014737,10.607055467490397,129.33011,69.14,53.7,224.9,276.5234375,1800.0,4036207055000,1786515351891203328,33304,16255,2.0,1.0012372732162476,1135.9208984375,5219
2026-08-12T15:15:52.135,932,unlabeled,0.2,1,1.7713339998408628,3.3402029998796934,96.38939399974333,0.7389339998553623,102.27003199997853,9.778035465953604,144.150726,68.166,63.0,200.4,276.5234375,1800.0,4036306971000,1786515351991119360,33304,16255,2.0,1.0012372732162476,1135.51171875,5218
2026-08-12T15:15:52.239,933,unlabeled,0.2,1,1.9564279996302503,3.448166999987734,88.42208500027482,0.741305000246939,94.59704099981536,10.571155180233934,148.629735,69.14,54.5,210.5,276.5234375,1800.0,4036406889000,1786515352091037184,33304,16255,2.0,1.0012372732162476,1132.8350830078125,5216
2026-08-12T15:15:52.356,934,unlabeled,0.2,1,1.7396670000380254,7.046095000077912,91.88986399976784,1.033492000260594,101.74245199959842,9.828738941773755,132.612331,68.653,62.2,213.5,276.52734375,1800.0,4036540106000,1786515352224254208,33304,16255,2.0,1.0012372732162476,1131.423583984375,5215
2026-08-12T15:15:52.459,935,unlabeled,0.2,1,1.7603709998184058,3.2734799997342634,88.49332799991316,0.9433249997528037,94.49974400013161,10.582039248684179,134.861988,68.653,55.0,205.6,276.52734375,1800.0,4036640027000,1786515352324175360,33304,16255,2.0,1.0012372732162476,1130.5250244140625,5213
2026-08-12T15:15:52.574,936,unlabeled,0.2,1,1.7647220001890673,7.685712999773386,89.76189700024406,0.7528230003117642,100.00410100019508,9.999589916798005,150.752439,68.653,63.8,215.8,276.52734375,1800.0,4036739938000,1786515352424086272,33304,16255,2.0,1.0012372732162476,1140.187255859375,5212
2026-08-12T15:15:52.678,937,unlabeled,0.2,1,1.7758159997356415,3.3107579997704306,89.8628429999917,0.719952000054036,95.69773900011569,10.449567674726266,121.32047,69.627,56.1,212.1,276.53125,1800.0,4036873160000,1786515352557308160,33304,16255,2.0,1.0012372732162476,1134.379638671875,5210
2026-08-12T15:15:52.791,938,unlabeled,0.2,1,2.038133000041853,3.768707999824983,90.04754799980219,0.5125239999870246,96.39633899996625,10.373837952500978,134.667097,70.114,60.0,211.8,276.53125,1800.0,4036973078000,1786515352657226240,33304,16255,2.0,1.0012372732162476,1133.630126953125,5208
2026-08-12T15:15:52.902,939,unlabeled,0.2,1,1.7909450002662197,3.343573000165634,93.31525000015972,0.7368780002252606,99.21875800000635,10.07873934483171,145.82551,69.14,65.9,216.2,276.53125,1800.0,4037072990000,1786515352757138176,33304,16255,2.0,1.0012372732162476,1132.6451416015625,5205
2026-08-12T15:15:53.007,940,unlabeled,0.2,1,2.0897260001220275,3.2589240004199382,88.44784600023559,0.7481009997718502,94.57544899987624,10.573568622458335,150.310665,70.601,54.8,210.5,276.53515625,1800.0,4037172909000,1786515352857057280,33304,16255,2.0,1.0012372732162476,1130.3343505859375,5203
2026-08-12T15:15:53.121,941,unlabeled,0.2,1,1.7044820001501648,3.2011650000640657,93.15380399993956,0.7860639998398256,98.87973600007172,10.11329560992431,130.829472,70.114,66.7,210.9,276.53515625,1800.0,4037306128000,1786515352990276352,33304,16255,2.0,1.0012372732162476,1128.55859375,5201
2026-08-12T15:15:53.230,942,unlabeled,0.2,1,5.446799999845098,5.339112999990903,89.51083900001322,0.7354340000347293,101.07903800007989,9.893248093627578,140.453148,70.114,58.1,210.2,276.53515625,1800.0,4037406046000,1786515353090194176,33304,16255,2.0,1.0012372732162476,1128.4251708984375,5199
2026-08-12T15:15:53.349,943,unlabeled,0.2,1,1.7506300000604824,6.41484700008732,94.20516700038206,0.7675270003346668,103.20926499980487,9.689052625284083,159.012372,68.166,64.6,211.0,276.53515625,1800.0,4037505960000,1786515353190108160,33304,16255,2.0,1.0012372732162476,1130.2093505859375,5197
2026-08-12T15:15:53.451,944,unlabeled,0.2,1,1.7427790003239352,3.5602060002020153,88.84273900002881,0.7370260000243434,94.91499099976863,10.53574350549575,128.417527,68.653,54.8,214.4,276.53515625,1800.0,4037639178000,1786515353323326208,33304,16255,2.0,1.0012372732162476,1130.071533203125,5196
2026-08-12T15:15:53.573,945,unlabeled,0.2,1,1.7563709998285049,6.440458999804832,97.22257000021273,0.741433999792207,106.25163099985002,9.41162023198883,150.490519,69.14,60.9,196.7,276.5390625,1800.0,4037739094000,1786515353423242240,33304,16255,2.0,1.0012372732162476,1128.8375244140625,5196
2026-08-12T15:15:53.677,946,unlabeled,0.2,1,1.6335729997081216,3.331073000026663,90.07115900021745,0.9426589999748103,96.00802099976136,10.415796405203329,121.46666,70.601,58.1,221.0,276.5390625,1800.0,4037872317000,1786515353556465152,33304,16255,2.0,1.0012372732162476,1130.6767578125,5194
2026-08-12T15:15:53.794,947,unlabeled,0.2,1,1.9612620003499615,3.6668169996119104,90.61925900005008,0.7434340000145312,97.02212399997734,10.306927520987209,138.518597,68.653,63.0,205.1,276.5390625,1800.0,4037972240000,1786515353656388352,33304,16255,2.0,1.0012372732162476,1129.268310546875,5193
2026-08-12T15:15:53.900,948,unlabeled,0.2,1,1.7836480001278687,3.392166000139696,91.52173099982974,0.7428779999827384,97.4709619999885,10.259465788386473,143.751172,69.627,57.1,218.7,276.5390625,1800.0,4038072148000,1786515353756296192,33304,16255,2.0,1.0012372732162476,1126.998779296875,5192
2026-08-12T15:15:54.022,949,unlabeled,0.2,1,1.750018999700842,3.32412799980375,101.01050100001885,0.9592139999767824,107.07452899987402,9.339289272065596,165.920499,69.14,59.6,196.6,276.5390625,1800.0,4038172064000,1786515353856212224,33304,16255,2.0,1.0012372732162476,1124.5184326171875,5191
2026-08-12T15:15:54.124,950,unlabeled,0.2,1,1.754501000050368,3.3482959997854778,88.27871599987702,0.9852319999481551,94.39761500016175,10.59348798164325,134.856461,68.653,54.8,215.4,276.5390625,1800.0,4038305286000,1786515353989434368,33304,16255,2.0,1.0012372732162476,1128.0927734375,5190
2026-08-12T15:15:54.239,951,unlabeled,0.2,1,1.7241660002582648,3.31586900028924,94.90004600002067,1.004789000035089,100.97581499985608,9.903361512867464,150.559043,68.653,63.6,216.0,276.54296875,1800.0,4038405200000,1786515354089348352,33304,16255,2.0,1.0012372732162476,1130.23193359375,5190
2026-08-12T15:15:54.342,952,unlabeled,0.2,1,1.7330929999843647,3.3430919997954334,88.49012500013487,0.7788230000187468,94.38039199994819,10.595421133666715,119.655639,69.14,52.5,204.1,276.54296875,1800.0,4038538421000,1786515354222569216,33304,16255,2.0,1.0012372732162476,1137.8583984375,5190
2026-08-12T15:15:54.459,953,unlabeled,0.2,1,1.780371000222658,3.48418599969591,94.8117490002005,0.7368790002146852,100.84838800003126,9.915874907189295,137.379169,69.627,62.2,213.7,276.54296875,1800.0,4038638335000,1786515354322483200,33304,16255,2.0,1.0012372732162476,1145.007568359375,5191
2026-08-12T15:15:54.562,954,unlabeled,0.2,1,1.7802040001697605,3.4582039997985703,88.7768870002219,0.9429179999642656,94.99145399968256,10.527262799907682,140.342524,69.14,54.8,213.9,276.54296875,1800.0,4038738252000,1786515354422400256,33304,16255,2.0,1.0012372732162476,1147.757568359375,5192
2026-08-12T15:15:54.674,955,unlabeled,0.2,1,1.7073700000764802,3.310147000320285,93.91853499982972,0.7874900002207141,99.75652499997523,10.024406924762548,152.531255,70.601,63.6,212.6,276.54296875,1800.0,4038838169000,1786515354522317312,33304,16096,2.0,1.001676082611084,1149.0391845703125,5194
2026-08-12T15:15:54.779,956,unlabeled,0.2,1,1.7247589998987678,3.324314000110462,88.62320099979115,0.734008000108588,94.43561500029318,10.589225262067657,124.1056,68.653,54.8,211.4,276.54296875,1800.0,4038971390000,1786515354655538176,33304,16096,2.0,1.001676082611084,1147.9320068359375,5198
2026-08-12T15:15:54.899,957,unlabeled,0.2,1,1.7524999998386193,5.966657000044506,95.79568599974664,0.76800800025012,104.35538899992025,9.582638803644,143.710108,69.14,59.1,209.1,276.546875,1800.0,4039071305000,1786515354755453184,33304,16096,2.0,1.001676082611084,1146.4771728515625,5200
2026-08-12T15:15:55.002,958,unlabeled,0.2,1,1.8659460001799744,4.155619000357547,88.89827800021521,0.7380639999610139,95.68842500038954,10.450584801619726,147.425037,69.627,52.4,202.7,276.546875,1800.0,4039171220000,1786515354855368192,33304,16096,2.0,1.001676082611084,1145.6387939453125,5202
2026-08-12T15:15:55.118,959,unlabeled,0.2,1,1.7395929999111104,6.998483000188571,90.4552390002209,0.7281749999492604,99.95921300014743,10.004080364243414,130.365435,68.653,63.0,215.2,276.546875,1800.0,4039304441000,1786515354988589312,33304,16096,2.0,1.001676082611084,1145.1851806640625,5206
2026-08-12T15:15:55.220,960,unlabeled,0.2,1,1.7712039998514229,3.342981000059808,88.33056799994665,0.7341929999711283,94.20961300020281,10.614628042234367,132.452828,68.653,55.0,205.8,276.546875,1800.0,4039404356000,1786515355088504320,33304,16096,2.0,1.001676082611084,1145.193359375,5209
2026-08-12T15:15:55.338,961,unlabeled,0.2,1,1.8441860001985333,5.032536000271648,94.26552199965954,0.7798599999659928,101.96888300015416,9.806913350207907,150.26848,68.653,67.4,212.3,276.546875,1800.0,4039504278000,1786515355188426240,33304,16096,2.0,1.001676082611084,1144.9456787109375,5211
2026-08-12T15:15:55.442,962,unlabeled,0.2,1,1.6541109998797765,3.3917589998964104,89.45998699982738,0.9554549997119466,95.49196000034499,10.472085817448791,120.583236,69.14,53.7,221.3,276.55078125,1800.0,4039637493000,1786515355321641216,33304,16096,2.0,1.001676082611084,1144.34228515625,5214
2026-08-12T15:15:55.556,963,unlabeled,0.2,1,1.734074999603763,3.739300000233925,92.09501700024703,1.2038649997521134,98.82323700003326,10.119077560671924,135.420444,69.627,63.8,210.0,276.5546875,1800.0,4039737413000,1786515355421561344,33304,16096,2.0,1.001676082611084,1142.9793701171875,5216
2026-08-12T15:15:55.660,964,unlabeled,0.2,1,1.755704999595764,3.341146999900957,90.12127300002248,0.9921030000441533,96.24141299991607,10.390537387484867,139.370041,70.601,56.1,211.8,276.5546875,1800.0,4039837325000,1786515355521473280,33304,16096,2.0,1.001676082611084,1142.0924072265625,5217
2026-08-12T15:15:55.771,965,unlabeled,0.2,1,1.6030910001063603,3.315516999919055,88.9458530000411,0.7742669999970531,94.67115500001455,10.562879474744406,116.367614,69.627,59.5,226.7,276.5546875,1800.0,4039970549000,1786515355654697216,33304,16096,2.0,1.001676082611084,1140.703369140625,5219
2026-08-12T15:15:55.873,966,unlabeled,0.2,1,1.7726490000313788,3.4634079997886147,88.38092099995265,0.7780269997965661,94.42896799964728,10.589970653960078,119.15989,69.627,52.5,203.0,276.5546875,1800.0,4040070463000,1786515355754611200,33304,16096,2.0,1.001676082611084,1141.3153076171875,5219
2026-08-12T15:15:55.990,967,unlabeled,0.2,1,1.7159069998342602,4.673717000059696,93.85635000035109,0.7340269999076554,101.0207790000095,9.898953560830352,135.543933,70.114,63.8,216.4,276.5546875,1800.0,4040170379000,1786515355854527232,33304,16096,2.0,1.001676082611084,1140.968994140625,5220
2026-08-12T15:15:56.092,968,unlabeled,0.2,1,1.7379269997945812,3.3156649997181376,88.70683200029816,0.7780090004416707,94.56928399958997,10.574257916601502,137.945886,70.114,54.8,205.3,276.5546875,1800.0,4040270294000,1786515355954442240,33304,16096,2.0,1.001676082611084,1139.6090087890625,5218
2026-08-12T15:15:56.206,969,unlabeled,0.2,1,1.7366120000588126,3.2726090003052377,93.48280999984127,0.7658229997105082,99.28731699983473,10.071779862896935,151.993187,69.14,64.4,218.6,276.55859375,1800.0,4040370209000,1786515356054357248,33304,16096,2.0,1.001676082611084,1139.10498046875,5217
2026-08-12T15:15:56.309,970,unlabeled,0.2,1,1.7940380002983147,3.2908690000112983,88.64712700005839,0.725934000001871,94.48632000021462,10.583542675783422,121.794215,71.088,54.8,214.4,276.55859375,1800.0,4040503431000,1786515356187579392,33304,16096,2.0,1.001676082611084,1140.0068359375,5216
2026-08-12T15:15:56.422,971,unlabeled,0.2,1,1.7483530000390601,4.805590000160009,90.8585040001526,1.1619199999586272,98.62388400006239,10.139531718294196,135.071916,71.088,65.9,212.0,276.55859375,1800.0,4040603346000,1786515356287494400,33304,16096,2.0,1.001676082611084,1140.02197265625,5214
2026-08-12T15:15:56.524,972,unlabeled,0.2,1,1.7499999999017746,3.3004990000335965,88.7920000000122,0.7766560001982725,94.64819200002239,10.565442179812198,137.487902,70.601,54.8,215.0,276.55859375,1800.0,4040703261000,1786515356387409152,33304,16096,2.0,1.001676082611084,1139.638916015625,5213
2026-08-12T15:15:56.641,973,unlabeled,0.2,1,1.7121109999607143,3.2968509999591333,94.81608299984146,0.9851959998741222,100.8422969998719,9.916473838366358,153.808341,70.114,63.6,213.8,276.55859375,1800.0,4040803179000,1786515356487327232,33304,16096,2.0,1.001676082611084,1138.4102783203125,5211
2026-08-12T15:15:56.744,974,unlabeled,0.2,1,1.7345369997201487,3.391981999811833,88.59623799980909,1.0204740001427126,94.77360099981524,10.551461477146463,123.708943,69.627,53.7,214.7,276.5625,1800.0,4040936398000,1786515356620546304,33304,16096,2.0,1.001676082611084,1136.858642578125,5208
2026-08-12T15:15:56.852,975,unlabeled,0.2,1,1.7442779999328195,3.321091000088927,90.35066400019787,0.9518430001662637,96.3995080001041,10.373496926964815,131.683154,70.601,63.4,213.1,276.5625,1800.0,4041036314000,1786515356720462336,33304,16096,2.0,1.001676082611084,1136.512939453125,5206
2026-08-12T15:15:56.956,976,unlabeled,0.2,1,1.7104260000451177,3.340444000059506,88.48227399994357,0.988621000033163,94.55252400039171,10.576132266927715,135.957418,70.114,54.8,211.2,276.56640625,1800.0,4041136230000,1786515356820378368,33304,16096,2.0,1.001676082611084,1136.6146240234375,5205
2026-08-12T15:15:57.068,977,unlabeled,0.2,1,1.7098150001402246,3.2939620000433933,91.77184600002875,0.9846769999057869,97.79050499992081,10.225941669907623,147.931049,70.114,63.6,214.4,276.56640625,1800.0,4041236145000,1786515356920293376,33304,16096,2.0,1.001676082611084,1137.443115234375,5204
2026-08-12T15:15:57.170,978,unlabeled,0.2,1,1.7495189999863214,3.3194620000358555,88.28954999989946,0.9601770002518606,94.34769000017695,10.599093629087522,117.063017,69.627,53.7,214.9,276.56640625,1800.0,4041369366000,1786515357053514240,33304,16096,2.0,1.001676082611084,1138.37158203125,5203
2026-08-12T15:15:57.283,979,unlabeled,0.2,1,1.7426479998903233,3.281850999883318,91.06683900017742,0.9538619997329079,97.076996999931,10.301101506062356,130.141279,69.627,64.4,212.4,276.56640625,1800.0,4041469283000,1786515357153431296,33304,16096,2.0,1.001676082611084,1138.72265625,5203
2026-08-12T15:15:57.385,980,unlabeled,0.2,1,1.8074459999297687,3.3160920002046623,88.48029199998564,0.7705640000494896,94.4082270002582,10.592297215763464,132.282081,71.088,53.7,215.6,276.5703125,1800.0,4041569198000,1786515357253346304,33304,16096,2.0,1.001676082611084,1138.97119140625,5203
2026-08-12T15:15:57.499,981,unlabeled,0.2,1,1.7177779996018216,3.3609619999879214,92.96017499991649,0.7408230003420613,98.8111079996088,10.120319670982326,146.531189,69.627,64.4,210.1,276.5703125,1800.0,4041669115000,1786515357353263360,33304,16096,2.0,1.001676082611084,1138.9093017578125,5203
2026-08-12T15:15:57.602,982,unlabeled,0.2,1,1.6970550000223739,3.3731849998730468,88.32495699971332,0.9716220001791953,94.40089400004581,10.593120018540446,115.728323,69.627,53.7,214.8,276.5703125,1800.0,4041802333000,1786515357486481152,33304,16096,2.0,1.001676082611084,1136.818115234375,5204
2026-08-12T15:15:57.716,983,unlabeled,0.2,1,1.7167400001198985,6.257086000005074,89.92808600032731,0.7814350001353887,98.76221900003657,10.125329403540738,130.378917,69.627,65.2,209.5,276.5703125,1800.0,4041902250000,1786515357586398208,33304,16096,2.0,1.001676082611084,1135.329345703125,5205
2026-08-12T15:15:57.818,984,unlabeled,0.2,1,1.7258890002267435,3.3120729999609466,88.2486980003705,0.7356750002145418,94.05196499983504,10.632420066946544,132.170323,70.601,52.5,216.3,276.5703125,1800.0,4042002169000,1786515357686317312,33304,16096,2.0,1.001676082611084,1134.869873046875,5205
2026-08-12T15:15:57.933,985,unlabeled,0.2,1,1.7149260002042865,6.488366999747086,90.6205559999762,0.7377680003628484,99.63861799997176,10.03626927061838,147.399797,69.627,65.2,208.4,276.5703125,1800.0,4042102082000,1786515357786230272,33304,16096,2.0,1.001676082611084,1134.0638427734375,5206
2026-08-12T15:15:58.035,986,unlabeled,0.2,1,1.5771650000715454,3.307925000171963,88.42688499998985,0.7991749998836895,94.14209500027937,10.622240773344087,116.422286,70.601,54.8,224.9,276.57421875,1800.0,4042235303000,1786515357919451392,33304,16096,2.0,1.001676082611084,1133.9483642578125,5207
2026-08-12T15:15:58.149,987,unlabeled,0.2,1,1.7355190002490417,3.348592000293138,92.82682200000636,0.7359709998127073,98.67625600008978,10.13415020528434,130.131483,71.088,62.8,211.3,276.57421875,1800.0,4042335219000,1786515358019367168,33304,16096,2.0,1.001676082611084,1135.502685546875,5209
2026-08-12T15:15:58.251,988,unlabeled,0.2,1,1.7491300000074261,3.3020169998962956,88.39769999985947,0.7326750001084292,94.2114849999598,10.614417127597838,132.045919,70.601,54.8,216.0,276.57421875,1800.0,4042435133000,1786515358119281152,33304,16096,2.0,1.001676082611084,1135.64697265625,5210
2026-08-12T15:15:58.366,989,unlabeled,0.2,1,1.7632050003157929,7.434544000261667,89.70154700000421,0.7318409998333664,99.66637699972125,10.033473976913967,147.518782,70.114,64.4,208.0,276.57421875,1800.0,4042535050000,1786515358219198208,33304,16096,2.0,1.001676082611084,1136.0078125,5210
2026-08-12T15:15:58.469,990,unlabeled,0.2,1,2.002059000005829,3.814004000105342,88.47634899984769,0.7464899999831687,95.07329100006245,10.518201163346108,150.487001,70.601,55.0,213.7,276.57421875,1800.0,4042634965000,1786515358319113216,33304,16096,2.0,1.001676082611084,1137.5916748046875,5210
2026-08-12T15:15:58.583,991,unlabeled,0.2,1,1.7129259999819624,3.561130999969464,92.32142800010479,0.9736219999467721,98.60484799992264,10.141489189261613,131.59114,70.601,63.8,218.7,276.578125,1800.0,4042768186000,1786515358452334336,33304,16096,2.0,1.001676082611084,1138.977783203125,5210
2026-08-12T15:15:58.686,992,unlabeled,0.2,1,1.8004270000346878,3.3426290001443704,88.62033200011865,0.9563070002513996,94.75312099993971,10.553742076745275,134.083169,70.601,53.8,205.1,276.578125,1800.0,4042868101000,1786515358552249344,33304,16096,2.0,1.001676082611084,1140.177490234375,5210
2026-08-12T15:15:58.805,993,unlabeled,0.2,1,1.954058000137593,5.064796000169736,89.93795700007468,1.0369000001446693,98.02787799981161,10.20117970932638,153.100006,69.14,61.7,209.0,276.578125,1800.0,4042968019000,1786515358652167168,33304,16096,2.0,1.001676082611084,1142.13037109375,5211
2026-08-12T15:15:58.908,994,unlabeled,0.2,1,1.7346120002912357,3.329481000037049,88.80812999996124,0.7743790001768502,94.67617599966616,10.562319289316525,122.88352,69.14,54.8,205.2,276.578125,1800.0,4043101237000,1786515358785385216,33304,16096,2.0,1.001676082611084,1143.15673828125,5211
2026-08-12T15:15:59.022,995,unlabeled,0.2,1,1.7142219999186636,3.3304990001852275,96.18667299992012,0.7388409999293799,102.0006070002637,9.80386322600428,137.226068,70.114,60.5,210.0,276.578125,1800.0,4043201155000,1786515358885303296,33304,16096,2.0,1.001676082611084,1142.8555908203125,5212
2026-08-12T15:15:59.127,996,unlabeled,0.2,1,1.7510560001028352,3.613798000060342,88.34347799984243,0.946139999996376,94.6861950001221,10.561201661960443,141.904566,69.627,52.4,219.9,276.578125,1800.0,4043301070000,1786515358985218304,33304,16096,2.0,1.001676082611084,1142.9102783203125,5213
2026-08-12T15:15:59.242,997,unlabeled,0.2,1,1.6666669998812722,4.830275000131223,92.89462000015192,0.7579900002383511,100.20321799993326,9.979719413808308,157.185118,69.627,68.8,208.3,276.58203125,1800.0,4043400986000,1786515359085134336,33304,16096,2.0,1.001676082611084,1142.024658203125,5213
2026-08-12T15:15:59.344,998,unlabeled,0.2,1,1.9106319996353704,3.382536999652075,88.75881500034666,0.762693000069703,94.84556699999303,10.543455341461279,126.447335,69.627,52.5,214.7,276.58203125,1800.0,4043534206000,1786515359218354176,33304,16096,2.0,1.001676082611084,1141.72314453125,5214
2026-08-12T15:15:59.459,999,unlabeled,0.2,1,1.718685000014375,4.026210000120045,92.39046599986978,0.7400079998660658,98.91675900007613,10.109510361123238,140.931249,70.114,64.3,218.5,276.58203125,1800.0,4043634122000,1786515359318270208,33304,16096,2.0,1.001676082611084,1141.41162109375,5214
2026-08-12T15:15:59.561,1000,unlabeled,0.2,1,1.867797999693721,3.849227000046085,88.36151500008782,0.7329889999709849,94.84364099989762,10.543669448551427,143.477255,69.627,53.7,214.8,276.58203125,1800.0,4043734038000,1786515359418186240,33304,16096,2.0,1.001676082611084,1145.65576171875,5213
2026-08-12T15:15:59.677,1001,unlabeled,0.2,1,1.7141110001830384,8.220478000112053,89.89828999983729,0.5096360000607092,100.37918199986962,9.962225035877449,159.749897,70.114,66.0,215.1,276.58203125,1800.0,4043833953000,1786515359518101248,33304,16096,2.0,1.001676082611084,1139.8214111328125,5213
2026-08-12T15:15:59.779,1002,unlabeled,0.2,1,1.7385739997735072,3.3009430003403395,88.59540699995705,0.5062830000497343,94.17118900000787,10.618959053388574,128.428346,70.601,54.8,206.1,276.58203125,1800.0,4043967174000,1786515359651322368,33304,16096,2.0,1.001676082611084,1141.8189697265625,5213
2026-08-12T15:15:59.890,1003,unlabeled,0.2,1,1.7402779999429185,3.3439990002079867,93.04604699991614,0.7695449999118864,98.93129600004613,10.108024866059914,139.626437,69.627,64.4,216.0,276.5859375,1800.0,4044067091000,1786515359751239168,33304,16096,2.0,1.001676082611084,1140.7958984375,5213
2026-08-12T15:15:59.995,1004,unlabeled,0.2,1,1.8400760000076843,3.6928370000168798,88.3119780000925,0.7345080002778559,94.60884200007058,10.569836590952608,143.932765,69.627,52.5,220.7,276.5859375,1800.0,4044167006000,1786515359851154176,33304,16096,2.0,1.001676082611084,1145.1685791015625,5213
2026-08-12T15:16:00.109,1005,unlabeled,0.2,1,1.730797000163875,5.334595000022091,91.30404699999417,0.7367680000243126,99.15518800016798,10.085200988155112,158.356967,70.114,66.0,209.9,276.5859375,1800.0,4044266920000,1786515359951068160,33304,16096,2.0,1.001676082611084,1147.13134765625,5214
2026-08-12T15:16:00.211,1006,unlabeled,0.2,1,1.7552599997543439,3.2716279997657693,88.51279500004239,0.943659000313346,94.51361900028132,10.580485760438647,127.255778,70.601,52.5,215.4,276.5859375,1800.0,4044400143000,1786515360084291328,33304,16096,2.0,1.001676082611084,1144.859619140625,5216
2026-08-12T15:16:00.329,1007,unlabeled,0.2,1,1.7390739999427751,3.2032009999056754,97.29574199991475,0.754953000068781,103.02334200014229,9.706538155194178,145.563493,68.166,63.8,203.0,276.5859375,1800.0,4044500059000,1786515360184207360,33304,16096,2.0,1.001676082611084,1143.46484375,5216
2026-08-12T15:16:00.433,1008,unlabeled,0.2,1,1.7673709999144194,3.39420299997073,89.06556000010823,0.7709530000283848,95.0316059997931,10.522814904361157,115.731856,68.653,53.7,212.8,276.5859375,1800.0,4044633278000,1786515360317426176,33304,16096,2.0,1.001676082611084,1141.9281005859375,5217
2026-08-12T15:16:00.546,1009,unlabeled,0.2,1,1.7264080001950788,4.148285999690415,93.36258800021824,1.1852350003209722,100.46873999999661,9.953344692090631,128.949732,69.627,64.4,212.2,276.58984375,1800.0,4044733195000,1786515360417343232,33304,16096,2.0,1.001676082611084,1141.2574462890625,5217
2026-08-12T15:16:00.652,1010,unlabeled,0.2,1,1.7238149998775043,3.3082589998230105,90.26938800025164,0.9295099998780643,96.26082300019334,10.388442242988006,135.232671,68.653,54.8,216.5,276.58984375,1800.0,4044833114000,1786515360517262336,33304,16096,2.0,1.001676082611084,1140.759521484375,5218
2026-08-12T15:16:00.767,1011,unlabeled,0.2,1,1.7430190000595758,3.6739850002049934,92.25770500006547,0.7514890003221808,98.45527300012691,10.156896319801083,150.293502,69.14,60.9,208.6,276.59375,1800.0,4044933026000,1786515360617174272,33304,16096,2.0,1.001676082611084,1139.404296875,5218
2026-08-12T15:16:00.869,1012,unlabeled,0.2,1,1.8683910002437187,3.3670739999251964,88.47762699997475,0.8064349999585829,94.554879000043,10.575868856006311,152.779236,69.14,52.5,213.7,276.59375,1800.0,4045032941000,1786515360717089280,33304,16096,2.0,1.001676082611084,1138.909423828125,5218
2026-08-12T15:16:00.986,1013,unlabeled,0.2,1,1.7217219997291977,7.264598000347178,90.55161300011605,0.9761960000105319,100.55081499967855,9.945220235193489,136.225141,69.627,63.0,206.9,276.59375,1800.0,4045166165000,1786515360850313216,33304,16096,2.0,1.001676082611084,1138.57373046875,5217
2026-08-12T15:16:01.089,1014,unlabeled,0.2,1,1.8484459997125668,3.5259269998277887,89.05305999996926,0.9551220000503235,95.41524099995513,10.480505939302404,139.570988,68.166,53.7,222.7,276.59765625,1800.0,4045266078000,1786515360950226176,33304,16096,2.0,1.001676082611084,1137.724853515625,5216
2026-08-12T15:16:01.207,1015,unlabeled,0.2,1,1.7280010001741175,8.027606000268861,90.84678299996085,1.0273449997839634,101.66688300023452,9.836044643934773,157.004268,68.166,62.2,221.4,276.59765625,1800.0,4045365994000,1786515361050142208,33304,16096,2.0,1.001676082611084,1139.7508544921875,5216
2026-08-12T15:16:01.310,1016,unlabeled,0.2,1,1.7754079999576788,3.2930170000327053,89.23533999995925,0.9669920000305865,95.30096200023763,10.493073511655702,126.772477,69.14,54.8,204.0,276.59765625,1800.0,4045499214000,1786515361183362304,33304,16096,2.0,1.001676082611084,1139.662109375,5215
2026-08-12T15:16:01.427,1017,unlabeled,0.2,1,1.7706120002003445,8.793966000212095,91.17474999993647,0.9530290003567643,102.72826500022347,9.734419246716808,144.521279,69.14,63.0,212.4,276.59765625,1800.0,4045599130000,1786515361283278336,33304,16096,2.0,1.001676082611084,1140.32958984375,5215
2026-08-12T15:16:01.530,1018,unlabeled,0.2,1,2.174374999867723,3.37946199988437,88.59572200026378,0.949677000335214,95.13016300024901,10.511913030122553,147.623292,69.627,53.7,203.9,276.59765625,1800.0,4045699046000,1786515361383194368,33304,16096,2.0,1.001676082611084,1138.2471923828125,5215
2026-08-12T15:16:01.653,1019,unlabeled,0.2,1,1.6913330000534188,8.360386999811453,95.7901890001267,0.9615100002520194,106.87458799975502,9.356761216261177,136.744517,69.14,62.0,204.4,276.59765625,1800.0,4045832267000,1786515361516415232,33304,16096,2.0,1.001676082611084,1137.56201171875,5215
2026-08-12T15:16:01.755,1020,unlabeled,0.2,1,1.7575010001564806,3.469074000349792,88.9427249999244,0.7326009999815142,94.93175399984466,10.533883109350706,139.485743,69.627,55.0,224.0,276.59765625,1800.0,4045932184000,1786515361616332288,33304,16096,2.0,1.001676082611084,1138.653564453125,5215
2026-08-12T15:16:01.870,1021,unlabeled,0.2,1,1.6804070000944193,3.3717030000843806,96.73979199988025,0.7220450002023426,102.54150300033871,9.752148844519052,154.573151,71.088,60.5,200.1,276.6015625,1800.0,4046032099000,1786515361716247296,33304,16096,2.0,1.001676082611084,1137.9141845703125,5216
2026-08-12T15:16:01.974,1022,unlabeled,0.2,1,1.6952589999164047,3.2847209999999905,88.58864800004085,0.7328599999709695,94.33102499997403,10.600966119050177,125.23863,69.627,53.7,211.7,276.6015625,1800.0,4046165325000,1786515361849473280,33304,16096,2.0,1.001676082611084,1136.3839111328125,5216
2026-08-12T15:16:02.086,1023,unlabeled,0.2,1,1.7692970000098285,3.35359199971208,94.18791300004159,0.739860000066983,100.08453200043732,9.991553939580099,137.212156,69.627,60.5,214.5,276.6015625,1800.0,4046265236000,1786515361949384192,33304,16096,2.0,1.001676082611084,1135.6243896484375,5217
2026-08-12T15:16:02.191,1024,unlabeled,0.2,1,1.7289819998040912,3.635187999861955,88.55729599963524,0.7538969998677203,94.706954999765,10.5588866203383,141.703704,68.166,54.8,220.3,276.6015625,1800.0,4046365152000,1786515362049300224,33304,16096,2.0,1.001676082611084,1135.01806640625,5218
2026-08-12T15:16:02.306,1025,unlabeled,0.2,1,1.7388339997523872,3.4040739997180935,94.93786599978193,0.73060099975919,100.84291099974507,9.916413460164076,157.732266,69.14,63.0,207.0,276.6015625,1800.0,4046465068000,1786515362149216256,33304,16096,2.0,1.001676082611084,1134.9559326171875,5218
2026-08-12T15:16:02.410,1026,unlabeled,0.2,1,1.8359269997745287,3.5873720003110066,89.19850700021925,0.7632490001014958,95.41779600021982,10.480225303021003,127.951911,68.166,55.0,212.7,276.60546875,1800.0,4046598287000,1786515362282435328,33304,16096,2.0,1.001676082611084,1135.14892578125,5218
2026-08-12T15:16:02.527,1027,unlabeled,0.2,1,1.7043519997059775,9.859107000011136,90.28361200034851,0.970584999777202,102.85332200010089,9.722583389178418,145.558384,69.627,62.5,212.5,276.60546875,1800.0,4046698202000,1786515362382350336,33304,16096,2.0,1.001676082611084,1135.989990234375,5218
2026-08-12T15:16:02.630,1028,unlabeled,0.2,1,1.7707970000628848,3.2836280001902196,88.59446299993579,0.740692999897874,94.41763800032277,10.591241437289307,148.243764,68.653,52.5,204.8,276.60546875,1800.0,4046798118000,1786515362482266368,33304,16096,2.0,1.001676082611084,1135.284912109375,5218
2026-08-12T15:16:02.745,1029,unlabeled,0.2,1,1.707592000002478,3.31342500021492,91.94575900028212,0.7386190000033821,97.73830300036934,10.231403342415522,129.950578,69.14,60.9,217.7,276.60546875,1800.0,4046931342000,1786515362615490304,33304,16096,2.0,1.001676082611084,1134.7762451171875,5218
2026-08-12T15:16:02.846,1030,unlabeled,0.2,1,1.7120180000347318,3.243960999952833,88.0778470000223,0.9478069996475824,94.0118739999889,10.63695422133717,131.550229,69.627,52.5,206.9,276.60546875,1800.0,4047031257000,1786515362715405312,33304,16096,2.0,1.001676082611084,1134.249267578125,5218
2026-08-12T15:16:02.960,1031,unlabeled,0.2,1,1.7000749999169784,7.446155000252475,89.41667599992797,0.7806010003150732,99.38198800000464,10.062185513937932,145.51352,70.114,63.8,210.8,276.60546875,1800.0,4047131171000,1786515362815319296,33304,16096,2.0,1.001676082611084,1133.8035888671875,5218
2026-08-12T15:16:03.063,1032,unlabeled,0.2,1,2.010874000006879,3.3362949998263502,88.43451699976868,0.7670459999644663,94.57797300001403,10.573286445881555,147.806507,69.14,51.3,215.2,276.609375,1800.0,4047231087000,1786515362915235328,33304,16096,2.0,1.001676082611084,1134.0557861328125,5217
2026-08-12T15:16:03.177,1033,unlabeled,0.2,1,1.6964070000540232,6.547849000071437,89.94044100018073,0.9537330001876398,99.2105420000371,10.079574003331482,128.769607,69.627,65.2,219.0,276.609375,1800.0,4047364308000,1786515363048456192,33304,16096,2.0,1.001676082611084,1133.6907958984375,5217
2026-08-12T15:16:03.279,1034,unlabeled,0.2,1,1.7247589998987678,3.268775999913487,88.54188899977089,0.7322490000660764,94.29623000005449,10.604877840815291,130.723017,68.166,52.5,206.1,276.61328125,1800.0,4047464224000,1786515363148372224,33304,16096,2.0,1.001676082611084,1135.1297607421875,5216
2026-08-12T15:16:03.392,1035,unlabeled,0.2,1,1.7285740000261285,6.120215000009921,90.08790500001851,0.7820640003046719,98.75411099983467,10.126160722581709,144.091315,68.653,65.9,211.9,276.61328125,1800.0,4047564139000,1786515363248287232,33304,16096,2.0,1.001676082611084,1135.6131591796875,5216
2026-08-12T15:16:03.494,1036,unlabeled,0.2,1,1.9394099999772152,3.7555970002358663,88.34814600004393,0.7343779998336686,94.80823500007318,10.547606966833927,146.536445,69.14,53.7,214.9,276.61328125,1800.0,4047664072000,1786515363348220160,33304,16096,2.0,1.001676082611084,1136.9134521484375,5216
2026-08-12T15:16:03.609,1037,unlabeled,0.2,1,1.6967960000329185,7.122817999970721,89.53562199985754,0.9785100000954117,99.37054400006673,10.063344324645424,127.656224,69.14,66.0,209.9,276.61328125,1800.0,4047797276000,1786515363481424384,33304,16096,2.0,1.001676082611084,1135.742431640625,5215
2026-08-12T15:16:03.711,1038,unlabeled,0.2,1,1.753129999997327,3.3029239998541016,88.89844800023639,0.506894999944052,94.49045400015166,10.583079641022731,129.850202,69.14,55.0,215.4,276.62109375,1800.0,4047897193000,1786515363581341184,33304,16096,2.0,1.001676082611084,1134.7740478515625,5214
2026-08-12T15:16:03.825,1039,unlabeled,0.2,1,1.7094810000344296,6.289179999839689,90.29820399973687,1.2024939996990724,99.57612000016525,10.04256843908299,144.095041,69.14,65.2,210.3,276.625,1800.0,4047997109000,1786515363681257216,33304,16096,2.0,1.001676082611084,1134.3341064453125,5214
2026-08-12T15:16:03.928,1040,unlabeled,0.2,1,2.3040429996399325,3.392536999854201,88.33468300008462,0.9486210001341533,95.00927399994907,10.525288299756253,146.952447,68.653,54.8,214.0,276.625,1800.0,4048097024000,1786515363781172224,33304,16096,2.0,1.001676082611084,1135.2440185546875,5214
2026-08-12T15:16:04.042,1041,unlabeled,0.2,1,1.750018999700842,6.874148999941099,89.76694000011776,0.7361749999290623,99.19026400029907,10.08163462491626,127.932372,70.601,66.7,210.2,276.625,1800.0,4048230244000,1786515363914392320,33304,16096,2.0,1.001676082611084,1137.9884033203125,5210
2026-08-12T15:16:04.144,1042,unlabeled,0.2,1,1.7484640002294327,3.3173879996866162,88.39848100024028,0.7789709998178296,94.27293299995654,10.607498548925607,130.00445,69.14,53.7,215.7,276.625,1800.0,4048330160000,1786515364014308352,33304,16096,2.0,1.001676082611084,1137.7764892578125,5207
2026-08-12T15:16:04.258,1043,unlabeled,0.2,1,1.7253700002584083,4.131211000185431,92.80469500026811,0.7468420003533538,99.45411999979115,10.054887620564136,144.036385,69.627,63.6,201.8,276.625,1800.0,4048430075000,1786515364114223360,33304,16096,2.0,1.001676082611084,1138.0328369140625,5205
2026-08-12T15:16:04.361,1044,unlabeled,0.2,1,1.9872990001204016,3.5038340001847246,88.71872500003519,0.7741200001873949,95.01508999983344,10.52464403287681,147.058184,68.653,57.1,223.4,276.62890625,1800.0,4048529996000,1786515364214144256,33304,16096,2.0,1.001676082611084,1138.5244140625,5203
2026-08-12T15:16:04.476,1045,unlabeled,0.2,1,1.697333000265644,7.059983999624819,91.01769500011869,0.7806569997228507,100.589705999937,9.941375114473706,129.444225,69.627,65.9,207.6,276.62890625,1800.0,4048663211000,1786515364347359232,33304,16096,2.0,1.001676082611084,1138.9697265625,5201
2026-08-12T15:16:04.578,1046,unlabeled,0.2,1,1.7071120000764495,3.287498999725358,88.23914499998864,0.7360449999396224,93.99852299975464,10.63846503207939,131.101336,70.114,53.7,206.8,276.62890625,1800.0,4048763127000,1786515364447275264,33304,16096,2.0,1.001676082611084,1138.25439453125,5200
2026-08-12T15:16:04.692,1047,unlabeled,0.2,1,1.7118890000347164,6.234308000330202,91.16371499976594,0.7772130002194899,99.92551400000593,10.007454152299289,145.630099,69.627,65.2,227.2,276.62890625,1800.0,4048863044000,1786515364547192320,33304,16096,2.0,1.001676082611084,1138.59228515625,5199
2026-08-12T15:16:04.795,1048,unlabeled,0.2,1,1.7823339999267773,3.275517000020045,88.5099080001055,0.7368789997599379,94.33426800023881,10.600601681644134,114.762238,68.166,51.3,204.9,276.62890625,1800.0,4048996265000,1786515364680413184,33304,16096,2.0,1.001676082611084,1140.639404296875,5199
2026-08-12T15:16:04.910,1049,unlabeled,0.2,1,1.6982590000225173,7.133188999887352,89.63788200026102,1.2034199999106932,99.70664000002216,10.029422313296063,129.713499,69.14,65.2,209.1,276.6328125,1800.0,4049096180000,1786515364780328192,33304,16096,2.0,1.001676082611084,1140.912841796875,5199
2026-08-12T15:16:05.011,1050,unlabeled,0.2,1,1.7282600001635728,3.3022769998751755,88.33760900006382,0.7340259999182308,94.13196800005608,10.623383545953319,131.569945,69.14,53.7,216.1,276.6328125,1800.0,4049196096000,1786515364880244224,33304,16096,2.0,1.001676082611084,1140.8096923828125,5200
2026-08-12T15:16:05.126,1051,unlabeled,0.2,1,1.7315189998043934,6.535885999710445,90.9603060003974,0.7363049999185023,99.99727400008851,10.000272607422428,146.277211,70.114,63.0,209.4,276.6328125,1800.0,4049296013000,1786515364980161280,33304,16096,2.0,1.001676082611084,1141.404541015625,5200
2026-08-12T15:16:05.228,1052,unlabeled,0.2,1,1.9469280000521394,3.4893890001512773,88.43814800002292,0.7908229999884497,94.69840199972168,10.559840281179602,148.805906,69.14,56.1,214.6,276.6328125,1800.0,4049395929000,1786515365080077312,33304,16096,2.0,1.001676082611084,1140.6710205078125,5201
2026-08-12T15:16:05.343,1053,unlabeled,0.2,1,1.7310739999629732,7.144781000079092,89.62319799957186,0.7401930001833534,99.27421099973799,10.073109520886943,129.800207,71.088,62.8,219.0,276.6328125,1800.0,4049529148000,1786515365213296384,33304,16096,2.0,1.001676082611084,1142.2572021484375,5199
2026-08-12T15:16:05.444,1054,unlabeled,0.2,1,1.7565009998179448,3.301664999980858,88.26668299980156,0.7725460000074236,94.12700699976995,10.623943455489284,131.707715,69.627,54.8,206.3,276.6328125,1800.0,4049629063000,1786515365313211392,33304,16096,2.0,1.001676082611084,1148.7252197265625,5197
2026-08-12T15:16:05.559,1055,unlabeled,0.2,1,1.7631850000725535,7.233745999656094,90.12775899964254,0.5135060000611702,99.68193800023073,10.031907686201741,145.987931,68.653,64.4,218.9,276.63671875,1800.0,4049728981000,1786515365413129216,33304,16096,2.0,1.001676082611084,1149.6468505859375,5195
2026-08-12T15:16:05.662,1056,unlabeled,0.2,1,2.022893000230397,3.3456840001235832,89.91873799959649,0.753175000227202,96.07458299979044,10.408580175697264,149.921895,68.653,52.5,202.1,276.640625,1800.0,4049828898000,1786515365513046272,33304,16096,2.0,1.001676082611084,1136.4263916015625,5193
2026-08-12T15:16:05.777,1057,unlabeled,0.2,2,1.7314640003860404,3.4000189998550923,91.42992100032643,0.9523800003989891,97.54771000007167,10.251393907650577,130.89637,69.627,60.9,210.2,276.640625,1800.0,4049962119000,1786515365646267392,33304,16096,2.0,1.001676082611084,1132.7799072265625,5191
2026-08-12T15:16:05.879,1058,unlabeled,0.2,2,1.76209299979746,3.2464429996252875,88.16960800004381,0.9492139997746563,94.15746900003796,10.6205063774558,132.993701,69.14,52.5,225.3,276.640625,1800.0,4050062033000,1786515365746181376,33304,16096,2.0,1.001676082611084,1131.387451171875,5189
2026-08-12T15:16:05.993,1059,unlabeled,0.2,1,1.721982000162825,4.987924000033672,92.31406099979722,0.5117280002195912,99.5907139999872,10.041096803464312,147.531315,69.14,64.4,209.8,276.640625,1800.0,4050161947000,1786515365846095360,33304,16096,2.0,1.001676082611084,1134.3641357421875,5189
2026-08-12T15:16:06.095,1060,unlabeled,0.2,1,1.9317810001666658,3.4398339998915617,88.44737100025668,0.7563049998680071,94.60591900005966,10.570163162828845,149.945426,69.627,54.8,214.9,276.640625,1800.0,4050261864000,1786515365946012160,33304,16096,2.0,1.001676082611084,1133.18896484375,5189
2026-08-12T15:16:06.209,1061,unlabeled,0.2,1,1.7427220000172383,5.942880000020523,90.54130100003022,0.741027000003669,99.04274599966811,10.096650591688471,130.659881,70.114,64.4,210.7,276.640625,1800.0,4050395085000,1786515366079233280,33304,16096,2.0,1.001676082611084,1135.7783203125,5189
2026-08-12T15:16:06.311,1062,unlabeled,0.2,0,1.7534080002405972,3.2834059998094745,88.49320399986027,0.23946500004967675,93.79844800014325,10.66115720804328,132.221015,68.166,53.7,216.7,276.640625,1800.0,4050495000000,1786515366179148288,33304,16096,2.0,1.001676082611084,1137.394287109375,5190
2026-08-12T15:16:06.425,1063,unlabeled,0.2,0,1.7110560002038255,7.776658999773645,89.91918299989266,0.23918700026115403,99.68277100006162,10.031823854489176,146.30396,69.14,63.6,210.6,276.640625,1800.0,4050594917000,1786515366279065344,33304,16096,2.0,1.001676082611084,1139.4952392578125,5192
2026-08-12T15:16:06.527,1064,unlabeled,0.2,0,1.954669000042486,3.5257969998383487,88.56492799986881,0.24146499981725356,94.31760199959172,10.602474816994699,148.146048,69.627,51.3,216.0,276.640625,1800.0,4050694831000,1786515366378979328,33304,16096,2.0,1.001676082611084,1140.0672607421875,5193
2026-08-12T15:16:06.641,1065,unlabeled,0.2,0,1.7200560000674159,6.904057000156172,90.57711699961146,0.24111399989124038,99.47284300005776,10.052995067200596,129.223818,69.14,67.4,210.2,276.640625,1800.0,4050828052000,1786515366512200192,33304,16096,2.0,1.001676082611084,1144.6878662109375,5195
2026-08-12T15:16:06.742,1066,unlabeled,0.2,0,1.7476860002716421,3.298592000192002,88.37412899993069,0.23889100020824117,93.68879799967544,10.673634643102842,130.378673,68.653,52.5,207.8,276.640625,1800.0,4050927970000,1786515366612118272,33304,16096,2.0,1.001676082611084,1149.21484375,5199
2026-08-12T15:16:06.856,1067,unlabeled,0.2,0,1.7131859999608423,6.618812000397156,90.7088769999973,0.2416880001874233,99.32082300019829,10.068382135717941,144.009352,69.14,64.4,211.3,276.640625,1800.0,4051027884000,1786515366712032256,33304,15969,2.0,1.0003726482391357,1155.0010986328125,5202
2026-08-12T15:16:06.957,1068,unlabeled,0.2,0,1.9718919998013007,3.3541109996804153,88.35220300034052,0.2365209998060891,93.9490610003304,10.644065936928131,145.548314,69.14,52.5,207.1,276.64453125,1800.0,4051127800000,1786515366811948288,33304,15969,2.0,1.0003726482391357,1153.35693359375,5204
2026-08-12T15:16:07.071,1069,unlabeled,0.2,0,1.722927000173513,7.902770999862696,89.49188299993693,0.24129900020852801,99.38882400001603,10.06149343310309,159.244075,69.627,64.4,228.9,276.64453125,1800.0,4051227716000,1786515366911864320,33304,15969,2.0,1.0003726482391357,1151.302001953125,5207
2026-08-12T15:16:07.172,1070,unlabeled,0.2,0,1.7579820000719337,3.311516999929154,88.39077799984807,0.26861400010602665,93.7595769996733,10.665577128227492,127.149912,70.114,53.7,197.8,276.64453125,1800.0,4051360936000,1786515367045084160,33304,15969,2.0,1.0003726482391357,1149.26513671875,5210
2026-08-12T15:16:07.287,1071,unlabeled,0.2,0,1.7518340000606258,6.987484000092081,92.05242899997756,0.24042799987000762,101.06304600003568,9.89481358002654,142.500475,68.653,62.2,216.8,276.64453125,1800.0,4051460851000,1786515367144999168,33304,15969,2.0,1.0003726482391357,1147.5494384765625,5212
2026-08-12T15:16:07.389,1072,unlabeled,0.2,0,2.0557450002343103,3.482686000097601,88.63052100014102,0.2400029998170794,94.44202900021992,10.58850609825072,144.427362,69.627,53.7,216.1,276.6484375,1800.0,4051560768000,1786515367244916224,33304,15969,2.0,1.0003726482391357,1157.142333984375,5213
2026-08-12T15:16:07.503,1073,unlabeled,0.2,0,1.709573999960412,4.297806000067794,91.70135199974538,0.23722499963696464,97.98767900019811,10.20536469690213,124.968271,69.627,64.4,211.0,276.6484375,1800.0,4051693987000,1786515367378135296,33304,15969,2.0,1.0003726482391357,1155.5721435546875,5215
2026-08-12T15:16:07.604,1074,unlabeled,0.2,0,1.770445000147447,3.2790730001579504,88.46392700024808,0.26792899961947114,93.81072599990148,10.659761869885221,126.301898,68.653,53.8,207.4,276.65234375,1800.0,4051793903000,1786515367478051328,33304,15969,2.0,1.0003726482391357,1153.3568115234375,5216
2026-08-12T15:16:07.718,1075,unlabeled,0.2,0,1.7370560003655555,6.528867000270111,90.37318899981983,0.23911400012366357,98.92313399996056,10.10885886409946,140.479734,69.14,65.2,210.3,276.65625,1800.0,4051893820000,1786515367577968384,33304,15969,2.0,1.0003726482391357,1151.1182861328125,5220
2026-08-12T15:16:07.820,1076,unlabeled,0.2,0,1.7845749998741667,3.7303369999790448,88.50709399985135,0.2706880000005185,94.32389899984628,10.601767002884706,142.327266,69.627,53.7,216.2,276.65625,1800.0,4051993737000,1786515367677885184,33304,15969,2.0,1.0003726482391357,1148.967529296875,5223
2026-08-12T15:16:07.934,1077,unlabeled,0.2,0,1.7341490001854254,7.548120000137715,89.73058899982789,0.23863200021878583,99.28550799986624,10.071963372553295,156.974549,69.627,66.0,209.5,276.65625,1800.0,4052093651000,1786515367777799168,33304,15969,2.0,1.0003726482391357,1147.7850341796875,5226
2026-08-12T15:16:08.035,1078,unlabeled,0.2,0,1.739629999974568,3.3098880003308295,88.3776669998042,0.23933500006023678,93.69752200018411,10.672640841003618,124.887772,69.627,52.5,217.5,276.65625,1800.0,4052226872000,1786515367911020288,33304,15969,2.0,1.0003726482391357,1153.8184814453125,5230
2026-08-12T15:16:08.150,1079,unlabeled,0.2,0,1.7358519999106647,4.253786999925069,92.50239799985138,0.24065100024017738,98.77922600026068,10.123586107035917,139.137676,70.114,66.0,210.3,276.65625,1800.0,4052326787000,1786515368010935296,33304,15969,2.0,1.0003726482391357,1157.0498046875,5234
2026-08-12T15:16:08.254,1080,unlabeled,0.2,0,1.7517419996693206,3.452166999977635,91.4531819998956,0.23811399978512782,96.92592700002933,10.317156935725746,143.75794,69.627,61.0,210.4,276.65625,1800.0,4052426705000,1786515368110853376,33304,15810,2.0,1.0010236501693726,1153.077392578125,5236
2026-08-12T15:16:08.372,1081,unlabeled,0.2,0,1.792539000234683,4.770958999870345,91.9697070003167,0.2747809999164019,98.83941099997173,10.117421683141009,128.23325,69.14,67.4,212.4,276.66015625,1800.0,4052559929000,1786515368244077312,33304,15810,2.0,1.0010236501693726,1165.183837890625,5239
2026-08-12T15:16:08.492,1082,unlabeled,0.2,0,3.049736999855668,3.8885799999661685,89.96762900005706,0.2412440003354277,97.17709699998522,10.290490566930108,148.081126,70.114,57.1,208.5,276.66015625,1800.0,4052659840000,1786515368343988224,33304,15810,2.0,1.0010236501693726,1160.479248046875,5240
2026-08-12T15:16:08.602,1083,unlabeled,0.2,0,1.7888709999169805,3.344722000292677,93.53709500010154,0.23804000011296012,98.9415240001108,10.106979957160151,125.062461,70.114,59.5,199.9,276.66015625,1800.0,4052793062000,1786515368477210368,33304,15810,2.0,1.0010236501693726,1156.3260498046875,5242
2026-08-12T15:16:08.709,1084,unlabeled,0.2,0,1.7966129998967517,3.364277999935439,92.73784499964677,0.24028000007092487,98.17214499980764,10.186188760589467,132.259727,70.601,60.5,214.7,276.66015625,1800.0,4052892978000,1786515368577126400,33304,15810,2.0,1.0010236501693726,1153.640869140625,5241
2026-08-12T15:16:08.816,1085,unlabeled,0.2,0,1.7816119998315116,3.9402099996550533,89.9406110002019,0.23802099985914538,95.93093500006944,10.424166094068365,139.086927,71.088,57.1,215.4,276.66015625,1800.0,4052992898000,1786515368677046272,33304,15810,2.0,1.0010236501693726,1153.30810546875,5240
2026-08-12T15:16:08.929,1086,unlabeled,0.2,0,1.7692970000098285,5.669173000114824,90.09966800022084,0.277613999969617,97.84791899983247,10.219941417473704,152.094667,70.114,62.2,219.7,276.66015625,1800.0,4053092810000,1786515368776958208,33304,15810,2.0,1.0010236501693726,1152.682861328125,5239
2026-08-12T15:16:09.035,1087,unlabeled,0.2,0,1.7921300000125484,3.486556000098062,90.7030820003456,0.236114000017551,96.2528090003616,10.389307183712875,125.010765,70.114,58.5,209.0,276.66015625,1800.0,4053226030000,1786515368910178304,33304,15810,2.0,1.0010236501693726,1152.8380126953125,5237
2026-08-12T15:16:09.149,1088,unlabeled,0.2,0,1.7844459998741513,3.2566649997534114,93.85026500012827,0.23739200014460948,99.1604340001686,10.084667439014028,139.255146,69.627,60.0,210.3,276.66015625,1800.0,4053325946000,1786515369010094336,33304,15810,2.0,1.0010236501693726,1152.889892578125,5236
2026-08-12T15:16:09.252,1089,unlabeled,0.2,0,1.8227230002594297,3.786115999901085,88.49111400013498,0.24268800007121172,94.37349199970413,10.596195804677176,142.513276,69.14,57.1,213.2,276.66015625,1800.0,4053425862000,1786515369110010368,33304,15810,2.0,1.0010236501693726,1154.8155517578125,5234
2026-08-12T15:16:09.363,1090,unlabeled,0.2,0,1.731093000216788,3.3227210001314234,93.37105600025097,0.2289839999320975,98.68485500010138,10.13326715633288,153.885302,71.088,60.5,206.3,276.66015625,1800.0,4053525779000,1786515369209927168,33304,15810,2.0,1.0010236501693726,1154.2276611328125,5233
2026-08-12T15:16:09.472,1091,unlabeled,0.2,0,1.7349449999528588,3.331128999889188,92.49571299960735,0.271836000138137,97.86617899999328,10.218034567386846,129.067468,70.601,60.5,212.5,276.66015625,1800.0,4053658998000,1786515369343146240,33304,15810,2.0,1.0010236501693726,1154.558349609375,5231
2026-08-12T15:16:09.594,1092,unlabeled,0.2,0,3.615892000198073,6.2696049999431125,95.0520559999859,0.2631689999361697,105.23322200015173,9.502702483048159,151.32689,69.14,57.4,204.4,276.6640625,1800.0,4053758919000,1786515369443067392,33304,15810,2.0,1.0010236501693726,1154.7833251953125,5230
2026-08-12T15:16:09.698,1093,unlabeled,0.2,0,1.7801490002966602,3.3222769998246804,89.072675999887,0.23594699996465351,94.44584599987138,10.588078167052068,121.997862,69.627,54.8,221.7,276.6640625,1800.0,4053892134000,1786515369576282368,33304,15810,2.0,1.0010236501693726,1156.57470703125,5229
2026-08-12T15:16:09.815,1094,unlabeled,0.2,0,1.7765379998309072,4.495160999795189,93.6884480001936,0.24002100008146954,100.23366700033876,9.97668777294779,139.15134,69.627,66.0,213.5,276.66796875,1800.0,4053992051000,1786515369676199168,33304,15810,2.0,1.0010236501693726,1155.85546875,5228
2026-08-12T15:16:09.918,1095,unlabeled,0.2,0,1.8746689997897192,3.8095040004009206,88.60641100000066,0.23772499980623252,94.55851299981077,10.57546241237953,142.740869,69.627,52.5,212.6,276.66796875,1800.0,4054091966000,1786515369776114176,33304,15810,2.0,1.0010236501693726,1153.7681884765625,5228
2026-08-12T15:16:10.036,1096,unlabeled,0.2,0,1.8927989999610872,8.308737999868754,90.71765699991374,0.2397809998910816,101.19421499985037,9.881987819179965,160.825928,69.627,60.9,211.9,276.66796875,1800.0,4054191884000,1786515369876032256,33304,15810,2.0,1.0010236501693726,1154.498291015625,5229
2026-08-12T15:16:10.140,1097,unlabeled,0.2,0,1.7675750000307744,3.3235920000151964,89.42893900029958,0.23889200019766577,94.7877570001765,10.549885677726692,131.196061,70.601,55.8,212.4,276.66796875,1800.0,4054325103000,1786515370009251328,33304,15810,2.0,1.0010236501693726,1155.3836669921875,5230
2026-08-12T15:16:10.254,1098,unlabeled,0.2,0,1.7282779999732156,6.229160000202683,91.8206689998442,0.23746500028209994,100.07142599988583,9.992862498043555,144.892029,71.575,64.4,211.2,276.671875,1800.0,4054425019000,1786515370109167360,33304,15810,2.0,1.0010236501693726,1154.2772216796875,5231
2026-08-12T15:16:10.360,1099,unlabeled,0.2,0,2.4084149999907822,3.4703900000749854,89.11221400012437,0.26457700005266815,95.2915769998981,10.494106945056323,118.081221,69.627,59.5,215.9,276.671875,1800.0,4054558239000,1786515370242387200,33304,15810,2.0,1.0010236501693726,1154.060302734375,5229
